{"type": "FeatureCollection", "features": [{"type": "Feature", "properties": {"name": "District Luxembourg"}, "geometry": {"type": "Polygon", "coordinates": [[[5.808291, 49.5426], [5.808302, 49.54259], [5.808317, 49.542583], [5.808344, 49.542576], [5.808359, 49.542576], [5.809263, 49.542828], [5.810518, 49.54318], [5.810503, 49.5432], [5.810495, 49.54325], [5.810515, 49.543312], [5.810587, 49.543423], [5.810579, 49.543434], [5.81056, 49.543476], [5.814165, 49.54447], [5.815226, 49.54483], [5.815882, 49.54505], [5.815916, 49.545063], [5.81724, 49.54551], [5.817263, 49.545513], [5.817949, 49.545746], [5.818064, 49.54583], [5.818575, 49.546381], [5.818609, 49.546604], [5.81864, 49.54665], [5.818708, 49.5467], [5.818796, 49.546745], [5.81885, 49.546783], [5.818892, 49.546856], [5.818956, 49.546986], [5.819017, 49.547092], [5.81909, 49.54715], [5.819189, 49.547203], [5.819326, 49.547253], [5.819551, 49.54731], [5.819685, 49.547363], [5.819841, 49.54744], [5.819994, 49.54753], [5.820101, 49.547604], [5.82015, 49.547672], [5.820162, 49.547726], [5.82012, 49.547825], [5.820059, 49.547935], [5.81999, 49.54799], [5.819906, 49.54804], [5.819826, 49.548084], [5.819807, 49.548126], [5.819838, 49.54817], [5.819857, 49.548203], [5.819849, 49.54824], [5.81986, 49.54829], [5.81991, 49.54833], [5.820002, 49.548378], [5.82007, 49.548435], [5.820135, 49.548515], [5.820166, 49.54859], [5.820158, 49.548645], [5.82007, 49.548817], [5.820059, 49.548878], [5.820047, 49.548954], [5.820017, 49.549015], [5.81999, 49.549076], [5.819998, 49.549126], [5.820032, 49.54919], [5.820086, 49.549232], [5.820162, 49.54927], [5.820917, 49.549587], [5.82118, 49.54969], [5.821196, 49.549717], [5.821176, 49.54974], [5.821165, 49.54979], [5.821203, 49.549828], [5.821268, 49.54987], [5.821352, 49.549892], [5.821447, 49.5499], [5.821596, 49.549892], [5.821695, 49.549873], [5.821825, 49.54983], [5.821917, 49.54979], [5.821989, 49.54977], [5.822138, 49.54977], [5.822203, 49.549755], [5.822294, 49.549717], [5.822401, 49.54966], [5.822462, 49.549633], [5.822515, 49.54963], [5.822584, 49.549644], [5.82266, 49.54968], [5.822725, 49.54972], [5.822798, 49.549793], [5.822889, 49.549946], [5.822927, 49.550053], [5.822981, 49.55015], [5.823057, 49.550243], [5.823183, 49.550404], [5.823248, 49.550507], [5.823313, 49.550564], [5.823484, 49.550682], [5.823584, 49.550777], [5.82366, 49.550888], [5.82374, 49.550957], [5.824007, 49.551147], [5.824045, 49.551205], [5.824079, 49.55126], [5.824129, 49.551315], [5.824301, 49.55142], [5.824614, 49.551586], [5.824839, 49.55172], [5.824987, 49.551792], [5.825003, 49.5518], [5.825075, 49.551834], [5.825132, 49.55186], [5.82522, 49.55192], [5.82527, 49.551987], [5.825319, 49.552032], [5.82538, 49.552063], [5.825468, 49.552082], [5.82572, 49.552124], [5.825926, 49.55217], [5.826017, 49.55221], [5.82604, 49.552235], [5.82625, 49.552143], [5.826296, 49.552116], [5.82633, 49.552094], [5.826368, 49.55206], [5.826399, 49.552013], [5.826422, 49.551964], [5.826441, 49.55191], [5.826448, 49.55187], [5.826452, 49.551834], [5.826475, 49.55179], [5.82651, 49.551727], [5.826597, 49.55163], [5.826727, 49.55147], [5.826742, 49.551445], [5.826769, 49.55141], [5.826826, 49.551334], [5.82691, 49.551235], [5.827406, 49.550594], [5.827974, 49.550007], [5.828737, 49.55025], [5.829279, 49.55047], [5.829779, 49.550663], [5.829802, 49.550644], [5.829947, 49.550694], [5.830126, 49.550743], [5.83024, 49.55077], [5.83029, 49.55078], [5.830336, 49.550785], [5.83037, 49.550785], [5.83074, 49.55079], [5.830908, 49.55079], [5.830988, 49.550797], [5.831053, 49.5508], [5.831106, 49.550816], [5.831205, 49.550854], [5.831743, 49.551067], [5.831964, 49.55115], [5.832113, 49.5512], [5.83235, 49.551273], [5.8328, 49.551414], [5.832956, 49.551464], [5.833143, 49.551525], [5.83349, 49.55164], [5.833723, 49.551712], [5.834005, 49.551804], [5.834303, 49.5519], [5.834646, 49.552006], [5.834871, 49.552082], [5.83494, 49.55211], [5.835585, 49.552433], [5.835653, 49.552464], [5.836512, 49.55263], [5.837492, 49.552814], [5.837641, 49.552837], [5.837751, 49.552853], [5.837923, 49.552868], [5.838209, 49.55289], [5.838491, 49.552906], [5.838614, 49.552914], [5.838755, 49.55292], [5.839022, 49.552937], [5.839407, 49.55296], [5.839842, 49.55298], [5.840448, 49.553005], [5.841539, 49.553085], [5.84181, 49.55311], [5.841895, 49.553311], [5.841917, 49.553364], [5.842047, 49.553635], [5.842062, 49.553753], [5.842068, 49.553849], [5.842073, 49.553923], [5.842146, 49.553926], [5.842089, 49.554212], [5.842032, 49.554495], [5.842104, 49.554497], [5.842165, 49.55449], [5.842234, 49.554478], [5.842325, 49.554447], [5.842402, 49.554413], [5.842569, 49.55434], [5.842627, 49.55433], [5.842669, 49.55432], [5.842733, 49.55432], [5.842855, 49.55433], [5.843058, 49.554344], [5.843294, 49.55437], [5.843416, 49.55439], [5.843477, 49.554398], [5.843645, 49.554424], [5.843672, 49.554688], [5.843683, 49.554806], [5.843679, 49.554874], [5.843668, 49.554947], [5.843542, 49.55521], [5.843866, 49.55531], [5.844336, 49.555477], [5.844473, 49.55558], [5.844625, 49.5557], [5.84479, 49.55583], [5.844934, 49.556126], [5.844992, 49.556133], [5.84606, 49.55628], [5.845972, 49.556637], [5.846025, 49.556652], [5.846087, 49.556686], [5.846144, 49.556747], [5.84617, 49.55683], [5.846174, 49.556946], [5.846136, 49.55705], [5.84609, 49.55711], [5.845976, 49.557224], [5.845877, 49.55734], [5.845854, 49.557392], [5.845861, 49.55743], [5.845934, 49.557495], [5.846018, 49.557545], [5.846094, 49.557594], [5.846296, 49.5577], [5.845671, 49.558277], [5.845335, 49.55859], [5.8458, 49.558754], [5.84585, 49.55877], [5.845236, 49.55926], [5.844187, 49.559826], [5.843706, 49.560104], [5.843397, 49.560318], [5.843119, 49.560535], [5.84289, 49.560745], [5.842421, 49.561023], [5.843637, 49.560654], [5.844267, 49.560802], [5.84479, 49.560936], [5.845148, 49.56105], [5.845358, 49.56114], [5.845636, 49.561283], [5.845865, 49.561428], [5.846029, 49.561565], [5.846273, 49.56181], [5.846518, 49.562107], [5.846579, 49.56209], [5.846727, 49.562065], [5.846796, 49.56206], [5.846884, 49.56206], [5.846998, 49.562073], [5.847219, 49.56211], [5.847597, 49.562183], [5.848104, 49.56241], [5.848223, 49.56246], [5.848463, 49.56257], [5.848482, 49.562576], [5.848692, 49.562668], [5.848814, 49.56272], [5.849001, 49.562798], [5.849089, 49.562836], [5.849192, 49.562878], [5.849375, 49.562954], [5.84952, 49.563007], [5.849646, 49.563046], [5.849684, 49.56306], [5.849749, 49.56308], [5.849802, 49.563095], [5.849913, 49.56313], [5.849962, 49.563145], [5.849993, 49.563152], [5.850073, 49.56318], [5.85013, 49.563194], [5.850206, 49.563217], [5.850359, 49.563103], [5.850523, 49.563065], [5.85071, 49.563023], [5.850779, 49.563004], [5.850859, 49.56298], [5.85087, 49.562977], [5.850912, 49.562958], [5.850931, 49.562954], [5.850946, 49.562943], [5.850962, 49.56294], [5.850988, 49.562923], [5.851004, 49.562916], [5.851019, 49.56291], [5.851046, 49.56287], [5.851065, 49.562847], [5.851095, 49.562794], [5.851099, 49.562862], [5.851099, 49.562946], [5.85103, 49.562977], [5.851026, 49.56299], [5.851026, 49.56303], [5.850996, 49.563065], [5.850985, 49.56309], [5.850985, 49.56312], [5.850996, 49.56316], [5.850996, 49.563183], [5.850985, 49.563225], [5.850969, 49.56326], [5.85095, 49.56329], [5.850939, 49.563313], [5.850935, 49.56334], [5.850943, 49.56338], [5.850943, 49.56343], [5.850935, 49.5635], [5.850935, 49.563545], [5.850943, 49.563576], [5.850962, 49.563633], [5.850988, 49.563705], [5.851015, 49.563812], [5.851034, 49.56385], [5.851065, 49.563896], [5.851126, 49.56397], [5.851202, 49.56406], [5.851248, 49.56414], [5.851511, 49.564617], [5.851538, 49.56465], [5.85166, 49.564846], [5.851782, 49.56497], [5.851957, 49.565136], [5.852056, 49.56522], [5.852098, 49.56524], [5.852179, 49.56526], [5.852243, 49.56528], [5.852285, 49.565285], [5.852381, 49.56528], [5.852476, 49.565285], [5.852598, 49.56529], [5.852804, 49.5653], [5.852869, 49.565304], [5.852976, 49.5653], [5.853174, 49.565296], [5.853311, 49.565292], [5.853384, 49.56528], [5.853479, 49.565254], [5.853563, 49.56523], [5.853659, 49.565197], [5.853723, 49.565178], [5.853762, 49.56516], [5.854196, 49.565327], [5.854948, 49.56562], [5.855394, 49.56601], [5.856604, 49.566265], [5.858007, 49.56622], [5.8589, 49.56637], [5.858954, 49.56638], [5.859854, 49.56654], [5.860346, 49.56673], [5.860685, 49.566868], [5.861059, 49.567024], [5.861132, 49.567524], [5.86104, 49.568165], [5.861017, 49.568268], [5.860964, 49.568413], [5.860636, 49.56922], [5.860518, 49.569508], [5.860407, 49.56979], [5.86043, 49.56994], [5.860453, 49.570034], [5.860475, 49.570087], [5.860498, 49.570126], [5.860632, 49.570267], [5.860762, 49.57039], [5.861231, 49.570827], [5.861807, 49.57067], [5.861917, 49.570637], [5.861948, 49.570663], [5.861994, 49.570698], [5.862028, 49.57069], [5.862253, 49.57062], [5.862375, 49.570732], [5.862425, 49.57073], [5.862482, 49.57072], [5.862616, 49.570698], [5.862837, 49.570652], [5.862936, 49.57062], [5.86302, 49.570595], [5.863096, 49.570568], [5.863245, 49.570507], [5.863382, 49.570602], [5.863466, 49.570652], [5.863855, 49.570854], [5.863966, 49.57091], [5.864187, 49.57103], [5.864267, 49.57107], [5.864344, 49.57111], [5.864706, 49.571323], [5.865019, 49.571514], [5.865347, 49.571716], [5.866384, 49.57235], [5.867456, 49.573055], [5.867495, 49.573082], [5.867456, 49.573254], [5.867659, 49.573395], [5.867693, 49.573418], [5.867735, 49.57345], [5.868006, 49.573643], [5.868448, 49.57343], [5.868776, 49.57328], [5.868891, 49.57333], [5.868902, 49.573334], [5.869261, 49.57348], [5.869436, 49.57355], [5.869841, 49.573708], [5.870012, 49.573772], [5.870165, 49.57383], [5.870279, 49.573868], [5.870398, 49.5739], [5.870516, 49.57392], [5.870649, 49.573948], [5.870798, 49.573967], [5.871218, 49.57401], [5.871874, 49.57408], [5.872259, 49.574173], [5.872801, 49.574295], [5.872404, 49.57518], [5.872324, 49.575245], [5.872248, 49.575306], [5.872168, 49.57536], [5.872091, 49.57541], [5.87195, 49.575485], [5.87137, 49.575783], [5.871023, 49.575993], [5.87068, 49.576208], [5.870592, 49.576258], [5.869745, 49.57678], [5.870375, 49.577212], [5.871141, 49.577738], [5.871355, 49.578135], [5.871622, 49.578665], [5.871759, 49.57894], [5.87182, 49.579042], [5.87192, 49.5791], [5.87192, 49.579268], [5.871923, 49.57939], [5.871923, 49.57963], [5.871714, 49.579672], [5.87145, 49.579729], [5.871157, 49.579805], [5.87084, 49.579767], [5.870577, 49.579742], [5.870466, 49.579742], [5.870359, 49.579744], [5.870291, 49.579748], [5.870138, 49.579748], [5.868967, 49.579682], [5.868403, 49.579847], [5.868105, 49.579982], [5.867937, 49.580042], [5.867064, 49.580362], [5.866884, 49.580402], [5.866869, 49.580372], [5.866434, 49.580465], [5.866007, 49.580557], [5.866037, 49.58058], [5.866392, 49.580822], [5.866625, 49.580984], [5.866991, 49.581122], [5.86735, 49.581262], [5.867433, 49.581302], [5.867712, 49.581472], [5.867857, 49.581572], [5.867975, 49.581659], [5.868071, 49.58174], [5.868116, 49.581789], [5.868189, 49.581896], [5.868284, 49.582068], [5.868376, 49.582228], [5.869177, 49.582579], [5.869299, 49.582628], [5.869856, 49.582842], [5.870203, 49.582862], [5.870691, 49.582892], [5.870974, 49.582914], [5.871279, 49.582968], [5.872061, 49.583112], [5.872393, 49.583162], [5.872538, 49.583159], [5.872637, 49.583162], [5.87269, 49.583166], [5.872717, 49.583182], [5.872797, 49.583252], [5.873255, 49.583609], [5.873255, 49.583628], [5.87324, 49.583689], [5.873209, 49.583788], [5.873178, 49.583882], [5.873144, 49.583972], [5.873117, 49.584025], [5.873098, 49.584059], [5.873068, 49.584116], [5.872911, 49.584362], [5.872751, 49.584585], [5.872622, 49.584776], [5.872549, 49.584872], [5.872415, 49.585052], [5.872236, 49.585264], [5.872023, 49.585512], [5.871843, 49.585712], [5.871721, 49.585878], [5.87163, 49.586008], [5.871553, 49.586142], [5.871534, 49.586207], [5.871469, 49.586502], [5.871462, 49.586584], [5.871469, 49.586729], [5.871473, 49.586842], [5.871481, 49.586966], [5.871496, 49.587065], [5.871523, 49.587229], [5.871523, 49.587446], [5.871512, 49.587522], [5.871496, 49.587637], [5.871481, 49.587736], [5.871462, 49.587778], [5.87145, 49.587792], [5.871405, 49.587852], [5.871351, 49.587916], [5.871294, 49.587988], [5.871244, 49.588049], [5.871206, 49.588092], [5.871046, 49.588289], [5.870928, 49.588415], [5.870806, 49.588522], [5.870646, 49.588648], [5.870466, 49.588759], [5.869772, 49.589209], [5.869513, 49.589018], [5.869318, 49.588877], [5.869089, 49.588712], [5.868517, 49.589102], [5.868162, 49.589339], [5.867957, 49.589502], [5.867781, 49.589647], [5.867189, 49.589388], [5.867025, 49.58927], [5.866155, 49.588632], [5.865999, 49.588514], [5.865873, 49.588427], [5.866301, 49.588156], [5.865995, 49.587995], [5.865911, 49.587946], [5.865858, 49.587912], [5.865553, 49.587725], [5.865213, 49.587507], [5.865245, 49.587488], [5.865427, 49.587366], [5.865175, 49.587217], [5.864965, 49.587088], [5.864843, 49.587], [5.864721, 49.586908], [5.864606, 49.586809], [5.864519, 49.586718], [5.864302, 49.586477], [5.864084, 49.586588], [5.864004, 49.586622], [5.863924, 49.586649], [5.863882, 49.586661], [5.863821, 49.586672], [5.863764, 49.586672], [5.863672, 49.586668], [5.863607, 49.586656], [5.863535, 49.586641], [5.86347, 49.586622], [5.863317, 49.586622], [5.863287, 49.586607], [5.863275, 49.586599], [5.863188, 49.586538], [5.862921, 49.586279], [5.86289, 49.586294], [5.86204, 49.586836], [5.861269, 49.586482], [5.861063, 49.586599], [5.861002, 49.58663], [5.860887, 49.586588], [5.860823, 49.586569], [5.860739, 49.586557], [5.860712, 49.586546], [5.860666, 49.586516], [5.860628, 49.586492], [5.860594, 49.586477], [5.860498, 49.586439], [5.86046, 49.586422], [5.860426, 49.586397], [5.860392, 49.586374], [5.860354, 49.586359], [5.860296, 49.58634], [5.860201, 49.58631], [5.860159, 49.586294], [5.860136, 49.586282], [5.860106, 49.586256], [5.860079, 49.586237], [5.860041, 49.586229], [5.859968, 49.586222], [5.859919, 49.586207], [5.859861, 49.586192], [5.859804, 49.586172], [5.859762, 49.586165], [5.85972, 49.586157], [5.859671, 49.586142], [5.859652, 49.586122], [5.859613, 49.5861], [5.859579, 49.586077], [5.859537, 49.586052], [5.85951, 49.586035], [5.859476, 49.586027], [5.859449, 49.586027], [5.859426, 49.586035], [5.859388, 49.586046], [5.859354, 49.586054], [5.859327, 49.586058], [5.859289, 49.586054], [5.85911, 49.586027], [5.859041, 49.586022], [5.858938, 49.586022], [5.858694, 49.586027], [5.858637, 49.586035], [5.858526, 49.586062], [5.858446, 49.586084], [5.858335, 49.586107], [5.858259, 49.586122], [5.858221, 49.586126], [5.858152, 49.586126], [5.858065, 49.586119], [5.857981, 49.586115], [5.857939, 49.586119], [5.857893, 49.586122], [5.857843, 49.586134], [5.857779, 49.586138], [5.857683, 49.586138], [5.857504, 49.586134], [5.85737, 49.586123], [5.857226, 49.586111], [5.857054, 49.586104], [5.856901, 49.586096], [5.856814, 49.586092], [5.85668, 49.586092], [5.856637, 49.5861], [5.856504, 49.586138], [5.856375, 49.586172], [5.856302, 49.586199], [5.856135, 49.586256], [5.856012, 49.586294], [5.855943, 49.586313], [5.855818, 49.586344], [5.855707, 49.586382], [5.855581, 49.586428], [5.855508, 49.586451], [5.855448, 49.58647], [5.855346, 49.586492], [5.855261, 49.586512], [5.855211, 49.586531], [5.855177, 49.58655], [5.855146, 49.586565], [5.855093, 49.58658], [5.855005, 49.586592], [5.854891, 49.586615], [5.854784, 49.586638], [5.8547, 49.586657], [5.854635, 49.586661], [5.854574, 49.586668], [5.854525, 49.58668], [5.85446, 49.586691], [5.854383, 49.58671], [5.854326, 49.586718], [5.854196, 49.586741], [5.85396, 49.586782], [5.853811, 49.586817], [5.853677, 49.586851], [5.853479, 49.586905], [5.853331, 49.586935], [5.853285, 49.586954], [5.853247, 49.586962], [5.853209, 49.586966], [5.853163, 49.586962], [5.853129, 49.586951], [5.853068, 49.586928], [5.853021, 49.586908], [5.852976, 49.586889], [5.852919, 49.586878], [5.852857, 49.58687], [5.852812, 49.586874], [5.852675, 49.586889], [5.85264, 49.586893], [5.852606, 49.586897], [5.852552, 49.586893], [5.852468, 49.586885], [5.852377, 49.586882], [5.852308, 49.586882], [5.852258, 49.586886], [5.852213, 49.586897], [5.852155, 49.586912], [5.852087, 49.586923], [5.852025, 49.586931], [5.851934, 49.586939], [5.85182, 49.586943], [5.851706, 49.586954], [5.851637, 49.586966], [5.851507, 49.586985], [5.851397, 49.587004], [5.851336, 49.587008], [5.851301, 49.587004], [5.851248, 49.586992], [5.851202, 49.586988], [5.851129, 49.586996], [5.851034, 49.587008], [5.850958, 49.587015], [5.850893, 49.587019], [5.850832, 49.587019], [5.850763, 49.587011], [5.850714, 49.587], [5.850672, 49.586992], [5.850622, 49.586988], [5.850557, 49.586988], [5.8505, 49.586992], [5.850451, 49.586996], [5.850404, 49.586996], [5.850332, 49.586988], [5.850246, 49.586977], [5.850206, 49.586973], [5.850176, 49.586969], [5.850111, 49.586954], [5.850078, 49.586948], [5.850069, 49.586947], [5.850054, 49.587034], [5.850023, 49.587236], [5.850008, 49.587435], [5.850008, 49.587555], [5.850008, 49.587614], [5.850031, 49.587786], [5.85005, 49.587828], [5.850084, 49.587885], [5.850134, 49.587957], [5.850187, 49.588045], [5.850224, 49.588112], [5.850241, 49.588156], [5.850244, 49.588209], [5.850241, 49.588247], [5.849966, 49.588625], [5.849806, 49.588778], [5.849691, 49.588892], [5.849615, 49.588972], [5.849546, 49.589068], [5.84942, 49.589327], [5.849241, 49.589739], [5.849184, 49.589869], [5.849131, 49.589968], [5.848965, 49.59019], [5.848799, 49.590429], [5.848783, 49.590494], [5.848761, 49.59091], [5.848726, 49.591282], [5.848677, 49.591932], [5.848638, 49.592226], [5.848589, 49.592572], [5.848558, 49.592726], [5.848475, 49.593084], [5.848406, 49.593458], [5.848398, 49.593582], [5.848408, 49.593658], [5.84841, 49.593672], [5.848432, 49.593756], [5.848467, 49.593832], [5.848497, 49.593857], [5.848551, 49.593895], [5.8486, 49.593925], [5.848623, 49.593952], [5.848658, 49.594097], [5.848669, 49.59422], [5.848669, 49.59432], [5.84865, 49.594402], [5.848616, 49.594486], [5.848475, 49.59472], [5.848276, 49.595024], [5.84791, 49.595566], [5.847837, 49.595676], [5.847796, 49.595753], [5.847776, 49.5958], [5.847769, 49.595844], [5.847769, 49.595894], [5.84778, 49.595936], [5.847803, 49.595978], [5.847837, 49.596016], [5.847891, 49.59607], [5.847979, 49.59614], [5.848196, 49.59631], [5.848776, 49.596733], [5.848574, 49.597233], [5.848814, 49.597504], [5.849031, 49.597725], [5.849066, 49.597706], [5.849176, 49.59775], [5.849245, 49.597786], [5.849569, 49.59793], [5.849695, 49.597992], [5.849737, 49.598007], [5.849924, 49.598095], [5.849997, 49.598125], [5.85008, 49.598164], [5.850168, 49.598206], [5.850344, 49.59828], [5.850504, 49.598354], [5.850664, 49.598427], [5.850885, 49.598515], [5.851026, 49.59857], [5.851137, 49.598618], [5.85132, 49.59869], [5.851381, 49.598717], [5.851477, 49.59875], [5.851526, 49.59877], [5.851629, 49.598804], [5.851671, 49.598816], [5.851725, 49.598835], [5.85182, 49.598866], [5.851919, 49.5989], [5.851996, 49.598927], [5.85214, 49.598976], [5.852285, 49.59903], [5.852404, 49.59907], [5.852438, 49.599083], [5.85261, 49.599144], [5.852781, 49.5992], [5.852922, 49.59924], [5.852972, 49.599255], [5.85306, 49.599277], [5.853132, 49.599293], [5.853216, 49.59931], [5.853353, 49.599342], [5.853479, 49.59937], [5.853502, 49.599377], [5.853601, 49.599403], [5.853731, 49.599434], [5.853834, 49.599472], [5.853861, 49.59948], [5.853964, 49.599518], [5.854029, 49.59954], [5.854132, 49.59958], [5.854177, 49.599594], [5.854368, 49.599667], [5.854582, 49.59974], [5.854719, 49.599766], [5.854879, 49.599747], [5.854975, 49.599735], [5.855131, 49.599724], [5.855192, 49.599728], [5.855246, 49.59974], [5.855352, 49.59977], [5.8556, 49.599842], [5.855677, 49.599846], [5.855703, 49.599854], [5.855749, 49.59987], [5.85581, 49.5999], [5.85602, 49.600025], [5.856092, 49.600063], [5.856203, 49.60012], [5.856329, 49.6002], [5.856398, 49.600246], [5.856508, 49.600304], [5.856604, 49.600353], [5.856672, 49.600384], [5.856718, 49.600403], [5.856752, 49.600418], [5.856878, 49.60046], [5.856924, 49.60048], [5.857019, 49.600513], [5.857126, 49.600555], [5.857149, 49.600563], [5.857344, 49.600643], [5.857519, 49.60071], [5.857676, 49.600777], [5.857706, 49.600796], [5.857893, 49.600887], [5.858057, 49.60096], [5.85821, 49.601025], [5.858385, 49.601093], [5.858431, 49.601116], [5.858564, 49.60117], [5.858782, 49.60126], [5.859053, 49.60138], [5.859686, 49.601665], [5.860426, 49.60205], [5.860563, 49.60211], [5.860887, 49.602245], [5.861174, 49.60237], [5.86136, 49.602448], [5.861624, 49.602577], [5.863222, 49.603394], [5.863352, 49.603294], [5.863378, 49.603275], [5.863588, 49.603394], [5.863794, 49.603504], [5.864004, 49.603634], [5.864252, 49.6038], [5.864775, 49.604187], [5.864958, 49.604332], [5.865217, 49.604565], [5.865427, 49.60476], [5.865839, 49.605175], [5.866011, 49.605167], [5.866114, 49.605213], [5.866236, 49.605244], [5.866362, 49.605263], [5.866518, 49.605263], [5.866732, 49.605247], [5.866812, 49.60525], [5.866888, 49.605263], [5.86698, 49.6053], [5.866964, 49.60535], [5.866964, 49.605423], [5.867331, 49.60542], [5.867525, 49.60544], [5.8678, 49.605476], [5.868101, 49.60552], [5.868136, 49.605522], [5.86849, 49.60558], [5.868559, 49.605595], [5.868635, 49.605606], [5.868757, 49.60562], [5.869078, 49.60564], [5.869223, 49.60565], [5.869375, 49.605663], [5.869513, 49.605682], [5.869581, 49.60569], [5.869757, 49.605717], [5.869936, 49.605755], [5.870069, 49.605785], [5.870169, 49.605816], [5.870317, 49.60587], [5.870379, 49.605896], [5.870439, 49.605923], [5.870745, 49.60605], [5.870798, 49.60607], [5.871058, 49.60618], [5.871218, 49.60624], [5.871332, 49.606274], [5.871466, 49.6063], [5.871675, 49.606342], [5.871901, 49.606388], [5.871958, 49.606403], [5.872236, 49.60647], [5.872419, 49.606518], [5.872507, 49.606544], [5.872599, 49.606583], [5.87269, 49.606625], [5.872892, 49.606728], [5.872923, 49.60678], [5.872957, 49.606846], [5.872992, 49.606884], [5.87303, 49.606907], [5.87306, 49.606926], [5.873182, 49.60694], [5.87327, 49.606964], [5.873365, 49.607037], [5.873533, 49.60714], [5.873701, 49.60724], [5.874064, 49.60745], [5.874224, 49.607304], [5.874803, 49.60753], [5.875151, 49.607655], [5.875555, 49.607796], [5.875643, 49.60783], [5.875811, 49.60793], [5.875742, 49.60806], [5.875914, 49.608112], [5.876097, 49.60818], [5.876249, 49.608242], [5.876596, 49.608406], [5.876532, 49.60848], [5.876497, 49.60851], [5.876471, 49.608524], [5.876432, 49.608547], [5.876394, 49.608562], [5.876383, 49.608574], [5.876387, 49.608593], [5.876409, 49.60861], [5.876455, 49.608616], [5.876528, 49.608624], [5.876555, 49.60863], [5.876566, 49.608643], [5.87657, 49.608654], [5.876558, 49.608665], [5.876551, 49.60868], [5.876547, 49.608692], [5.876558, 49.608704], [5.876585, 49.608723], [5.876627, 49.608757], [5.876642, 49.608776], [5.876646, 49.608795], [5.876635, 49.60883], [5.876615, 49.608845], [5.876574, 49.608856], [5.876547, 49.608868], [5.876539, 49.608883], [5.876547, 49.608902], [5.876562, 49.608917], [5.876593, 49.608944], [5.876619, 49.60897], [5.876627, 49.608994], [5.876623, 49.609024], [5.876612, 49.60905], [5.876581, 49.609074], [5.876551, 49.609085], [5.876512, 49.60908], [5.876482, 49.609066], [5.876448, 49.609047], [5.876406, 49.609028], [5.876375, 49.60902], [5.876356, 49.609024], [5.876337, 49.60903], [5.876322, 49.60905], [5.876284, 49.60914], [5.876276, 49.609184], [5.876276, 49.609222], [5.876288, 49.609253], [5.876299, 49.60928], [5.876303, 49.609303], [5.876288, 49.609417], [5.876288, 49.60946], [5.876291, 49.609497], [5.876314, 49.60956], [5.876322, 49.609585], [5.876318, 49.60961], [5.876303, 49.60964], [5.876272, 49.60968], [5.87623, 49.609726], [5.876203, 49.60974], [5.876089, 49.609783], [5.876024, 49.609806], [5.875997, 49.60982], [5.875979, 49.609833], [5.875959, 49.609856], [5.875952, 49.609875], [5.875956, 49.6099], [5.875975, 49.609924], [5.876001, 49.60995], [5.87602, 49.60997], [5.876032, 49.60999], [5.87604, 49.610035], [5.876043, 49.610077], [5.876051, 49.6101], [5.87607, 49.61013], [5.876089, 49.610153], [5.876158, 49.61021], [5.876196, 49.610233], [5.876265, 49.61027], [5.876291, 49.61029], [5.87631, 49.610306], [5.876314, 49.61032], [5.876306, 49.61035], [5.876291, 49.61037], [5.876219, 49.61045], [5.876093, 49.610603], [5.876055, 49.610664], [5.87602, 49.610718], [5.875982, 49.610783], [5.875883, 49.610916], [5.875845, 49.61098], [5.875818, 49.611034], [5.875791, 49.611095], [5.875776, 49.611153], [5.875757, 49.611233], [5.87575, 49.61132], [5.87575, 49.611362], [5.875769, 49.611374], [5.875803, 49.61141], [5.876043, 49.61163], [5.876097, 49.61167], [5.876162, 49.61171], [5.876242, 49.611755], [5.876417, 49.611855], [5.876749, 49.61205], [5.876806, 49.612103], [5.87689, 49.61217], [5.877043, 49.612278], [5.877092, 49.612293], [5.87718, 49.61231], [5.877119, 49.612564], [5.877111, 49.61259], [5.877039, 49.612896], [5.876963, 49.612926], [5.876932, 49.612934], [5.876883, 49.612934], [5.876852, 49.612926], [5.876833, 49.61292], [5.877027, 49.61331], [5.876894, 49.613373], [5.876451, 49.613556], [5.876249, 49.61367], [5.876116, 49.613743], [5.876009, 49.613815], [5.875769, 49.61401], [5.87565, 49.614124], [5.875582, 49.614216], [5.875494, 49.61436], [5.875456, 49.614452], [5.875437, 49.614567], [5.875456, 49.6147], [5.875483, 49.61476], [5.875509, 49.61483], [5.875544, 49.61489], [5.875662, 49.61511], [5.875689, 49.615154], [5.875715, 49.615204], [5.875769, 49.6153], [5.875784, 49.615326], [5.875803, 49.615356], [5.875845, 49.615448], [5.875879, 49.615532], [5.875891, 49.615574], [5.875902, 49.61571], [5.87557, 49.61571], [5.875605, 49.615795], [5.875628, 49.615856], [5.875643, 49.615917], [5.875673, 49.616085], [5.875681, 49.616158], [5.875692, 49.61625], [5.8757, 49.616318], [5.875704, 49.616444], [5.875696, 49.616714], [5.875696, 49.616814], [5.875692, 49.61695], [5.875696, 49.617123], [5.875692, 49.61723], [5.875689, 49.6173], [5.875624, 49.61769], [5.875616, 49.61777], [5.875616, 49.617855], [5.87562, 49.61796], [5.875624, 49.618015], [5.87562, 49.618187], [5.875628, 49.618412], [5.875624, 49.61881], [5.875628, 49.61889], [5.875643, 49.618942], [5.875669, 49.61901], [5.8757, 49.619083], [5.875738, 49.619152], [5.875784, 49.61923], [5.875841, 49.619312], [5.875883, 49.619392], [5.875917, 49.619465], [5.875952, 49.61956], [5.875979, 49.619644], [5.876009, 49.619755], [5.876024, 49.619823], [5.876043, 49.619884], [5.876074, 49.61995], [5.876116, 49.620014], [5.876154, 49.620056], [5.876188, 49.62009], [5.876272, 49.620167], [5.876364, 49.62025], [5.876497, 49.62038], [5.876543, 49.62043], [5.87657, 49.620472], [5.876612, 49.62062], [5.876631, 49.620663], [5.876654, 49.6207], [5.876696, 49.620747], [5.87676, 49.62081], [5.876883, 49.620922], [5.877069, 49.621075], [5.877169, 49.621147], [5.877302, 49.621235], [5.877588, 49.62142], [5.877661, 49.621468], [5.877779, 49.621563], [5.878057, 49.621788], [5.878229, 49.62193], [5.878378, 49.62206], [5.878546, 49.622223], [5.878668, 49.62232], [5.878824, 49.622448], [5.878954, 49.622562], [5.879106, 49.62271], [5.87919, 49.622765], [5.879545, 49.622986], [5.879793, 49.623127], [5.880087, 49.623302], [5.880213, 49.62338], [5.880217, 49.623394], [5.880213, 49.623432], [5.880194, 49.623505], [5.880186, 49.62354], [5.880198, 49.623558], [5.88022, 49.62359], [5.880259, 49.623615], [5.880278, 49.623634], [5.880281, 49.623646], [5.880278, 49.623657], [5.880251, 49.623684], [5.880198, 49.623726], [5.880167, 49.623753], [5.880144, 49.62378], [5.880121, 49.62383], [5.88011, 49.623875], [5.88011, 49.62391], [5.880117, 49.623936], [5.88014, 49.62396], [5.880175, 49.623974], [5.88024, 49.62398], [5.8804, 49.62398], [5.88051, 49.623985], [5.880575, 49.623993], [5.880648, 49.624012], [5.880716, 49.624035], [5.880758, 49.62406], [5.8808, 49.624104], [5.880815, 49.62414], [5.880831, 49.62419], [5.880854, 49.624393], [5.880861, 49.624416], [5.880888, 49.624435], [5.880918, 49.624447], [5.880949, 49.62445], [5.880979, 49.62444], [5.881208, 49.624313], [5.881243, 49.6243], [5.881277, 49.624294], [5.881304, 49.6243], [5.881338, 49.624313], [5.881373, 49.624332], [5.881414, 49.624367], [5.881475, 49.62443], [5.881544, 49.624496], [5.881578, 49.62452], [5.881628, 49.62455], [5.881666, 49.624577], [5.881678, 49.624588], [5.881674, 49.624607], [5.881659, 49.624622], [5.881628, 49.62464], [5.881582, 49.624657], [5.881544, 49.624672], [5.881537, 49.624683], [5.88154, 49.6247], [5.881624, 49.62475], [5.88172, 49.624775], [5.881838, 49.6248], [5.881937, 49.624825], [5.882021, 49.624847], [5.882162, 49.624886], [5.882315, 49.62494], [5.882364, 49.624958], [5.88241, 49.624977], [5.882448, 49.625004], [5.882479, 49.625023], [5.882498, 49.625046], [5.882505, 49.625076], [5.882494, 49.625126], [5.882479, 49.62517], [5.882475, 49.6252], [5.882483, 49.62522], [5.882505, 49.625248], [5.882528, 49.62527], [5.882563, 49.62529], [5.882601, 49.625305], [5.882635, 49.625305], [5.882685, 49.625298], [5.882746, 49.62528], [5.882791, 49.62526], [5.882872, 49.62522], [5.882887, 49.625217], [5.882902, 49.62522], [5.882917, 49.625225], [5.882929, 49.625237], [5.88294, 49.62525], [5.882936, 49.62531], [5.88294, 49.62533], [5.882952, 49.62535], [5.882971, 49.625366], [5.883001, 49.625385], [5.88312, 49.625416], [5.883158, 49.625435], [5.883173, 49.625446], [5.883181, 49.62546], [5.883181, 49.625507], [5.883184, 49.625534], [5.883196, 49.625553], [5.883219, 49.625576], [5.883249, 49.625587], [5.883276, 49.625584], [5.883322, 49.625572], [5.883413, 49.625553], [5.88347, 49.625553], [5.883509, 49.62556], [5.883593, 49.625587], [5.883699, 49.625633], [5.883757, 49.625668], [5.883779, 49.62569], [5.883875, 49.625847], [5.883894, 49.62587], [5.883928, 49.62589], [5.883959, 49.625893], [5.884028, 49.625896], [5.884081, 49.6259], [5.884108, 49.625908], [5.884142, 49.625923], [5.884191, 49.625957], [5.884222, 49.625988], [5.884333, 49.62617], [5.884355, 49.626198], [5.884386, 49.626213], [5.884417, 49.626217], [5.884481, 49.626217], [5.884642, 49.626205], [5.884672, 49.62621], [5.884714, 49.626213], [5.884752, 49.626232], [5.884867, 49.626324], [5.884901, 49.626343], [5.885038, 49.62638], [5.885069, 49.626396], [5.885115, 49.62645], [5.885134, 49.626465], [5.885157, 49.62647], [5.885195, 49.62646], [5.885229, 49.626453], [5.88526, 49.626453], [5.885298, 49.62647], [5.885355, 49.626484], [5.885481, 49.62652], [5.885542, 49.626556], [5.885572, 49.626614], [5.885584, 49.626682], [5.885614, 49.62676], [5.885683, 49.626823], [5.886038, 49.62698], [5.88616, 49.627075], [5.886335, 49.62725], [5.886377, 49.627262], [5.88661, 49.62724], [5.886675, 49.62725], [5.886702, 49.62727], [5.886778, 49.627316], [5.886759, 49.62733], [5.886743, 49.627346], [5.886091, 49.62796], [5.886099, 49.627995], [5.885881, 49.628197], [5.885893, 49.628296], [5.885492, 49.628887], [5.885824, 49.62902], [5.885659, 49.629144], [5.885172, 49.62951], [5.884779, 49.62978], [5.884386, 49.629944], [5.884138, 49.63006], [5.883833, 49.630272], [5.883371, 49.630608], [5.882704, 49.630943], [5.883173, 49.631752], [5.883295, 49.631977], [5.883482, 49.63231], [5.883509, 49.632355], [5.883852, 49.632965], [5.883863, 49.63298], [5.884249, 49.63322], [5.884546, 49.63336], [5.88487, 49.633297], [5.885294, 49.63337], [5.885622, 49.633472], [5.885923, 49.633614], [5.88619, 49.63375], [5.88645, 49.63395], [5.886652, 49.634266], [5.886743, 49.63462], [5.886824, 49.634724], [5.886908, 49.634953], [5.88772, 49.635056], [5.887793, 49.635053], [5.887861, 49.635075], [5.887876, 49.635075], [5.888452, 49.63518], [5.889189, 49.635303], [5.889662, 49.63539], [5.889914, 49.635456], [5.890367, 49.635593], [5.890745, 49.635727], [5.891211, 49.635902], [5.891653, 49.636063], [5.891958, 49.636154], [5.892283, 49.636234], [5.89237, 49.636242], [5.892973, 49.63627], [5.893793, 49.636284], [5.893839, 49.636288], [5.894228, 49.63629], [5.89435, 49.63629], [5.895315, 49.636265], [5.895842, 49.636185], [5.896276, 49.636105], [5.897623, 49.63582], [5.898416, 49.63505], [5.898924, 49.634407], [5.898943, 49.634393], [5.898966, 49.634377], [5.899244, 49.63452], [5.901033, 49.63524], [5.903192, 49.636163], [5.90365, 49.63658], [5.903929, 49.636814], [5.904234, 49.637047], [5.904737, 49.637363], [5.905027, 49.63758], [5.905424, 49.637897], [5.905836, 49.638192], [5.905889, 49.63823], [5.906122, 49.638373], [5.906172, 49.638394], [5.906311, 49.638452], [5.906421, 49.638498], [5.906486, 49.638525], [5.906534, 49.638546], [5.90678, 49.638647], [5.906794, 49.638653], [5.907717, 49.639072], [5.907606, 49.639137], [5.907309, 49.639313], [5.906813, 49.639626], [5.906469, 49.63978], [5.905889, 49.63994], [5.905676, 49.640026], [5.905481, 49.64016], [5.905424, 49.64029], [5.905432, 49.6405], [5.905367, 49.64076], [5.90526, 49.640865], [5.904894, 49.641087], [5.904373, 49.641477], [5.904209, 49.641899], [5.904169, 49.64198], [5.904211, 49.642242], [5.904219, 49.642273], [5.904207, 49.643646], [5.904207, 49.643784], [5.904203, 49.643913], [5.904173, 49.644047], [5.904169, 49.644485], [5.904165, 49.644596], [5.904161, 49.64465], [5.904154, 49.64488], [5.904142, 49.645073], [5.90412, 49.645607], [5.903967, 49.64556], [5.903639, 49.645554], [5.903479, 49.6455], [5.903097, 49.645515], [5.903006, 49.645523], [5.90291, 49.645535], [5.90275, 49.64567], [5.902662, 49.6457], [5.902494, 49.64567], [5.902388, 49.645706], [5.90225, 49.64586], [5.902216, 49.645947], [5.902243, 49.646046], [5.902254, 49.646046], [5.902308, 49.646202], [5.902315, 49.64622], [5.902329, 49.64625], [5.902346, 49.646286], [5.902407, 49.646423], [5.902544, 49.646915], [5.902693, 49.646915], [5.902689, 49.64693], [5.902506, 49.64786], [5.90243, 49.64809], [5.902414, 49.64817], [5.90238, 49.648342], [5.902357, 49.648445], [5.902327, 49.64854], [5.902254, 49.64879], [5.902235, 49.64887], [5.902231, 49.648895], [5.902224, 49.649048], [5.90222, 49.64908], [5.902208, 49.649254], [5.902212, 49.649418], [5.902288, 49.650024], [5.90233, 49.650265], [5.902395, 49.65048], [5.90251, 49.65072], [5.90254, 49.65078], [5.902838, 49.65135], [5.90259, 49.651367], [5.902559, 49.65137], [5.902239, 49.651398], [5.901735, 49.65144], [5.901876, 49.651787], [5.90188, 49.65181], [5.902224, 49.65179], [5.902227, 49.651817], [5.902368, 49.65246], [5.902468, 49.652813], [5.902502, 49.65291], [5.902613, 49.653236], [5.902544, 49.653248], [5.902964, 49.653828], [5.903196, 49.65397], [5.90418, 49.654354], [5.904528, 49.65449], [5.905386, 49.654747], [5.905413, 49.65476], [5.905062, 49.65508], [5.904577, 49.655437], [5.904428, 49.65559], [5.904284, 49.655857], [5.904173, 49.656017], [5.903921, 49.656364], [5.903765, 49.656624], [5.903646, 49.656765], [5.903479, 49.65693], [5.903025, 49.657494], [5.902952, 49.65758], [5.903242, 49.658005], [5.903433, 49.658268], [5.903562, 49.65842], [5.903876, 49.658775], [5.903933, 49.658817], [5.904047, 49.65905], [5.904146, 49.659233], [5.904276, 49.659405], [5.904345, 49.65957], [5.90447, 49.659897], [5.904535, 49.66003], [5.904608, 49.660137], [5.90481, 49.66041], [5.904978, 49.66062], [5.905085, 49.660713], [5.905073, 49.66074], [5.904879, 49.661083], [5.905336, 49.661243], [5.905523, 49.66131], [5.905809, 49.661423], [5.906321, 49.66164], [5.906382, 49.661663], [5.906527, 49.661724], [5.906801, 49.66183], [5.907057, 49.66192], [5.907389, 49.66202], [5.907637, 49.662094], [5.907797, 49.66213], [5.907892, 49.66214], [5.908014, 49.662148], [5.908369, 49.662148], [5.908506, 49.66215], [5.90864, 49.66216], [5.90877, 49.662167], [5.908853, 49.662178], [5.909002, 49.66221], [5.909647, 49.662323], [5.910212, 49.66242], [5.910337, 49.66244], [5.910643, 49.662495], [5.910456, 49.662746], [5.910303, 49.66296], [5.910192, 49.66309], [5.910086, 49.663208], [5.910006, 49.663326], [5.90996, 49.66345], [5.909933, 49.66353], [5.909864, 49.663704], [5.909845, 49.663746], [5.90983, 49.663776], [5.909693, 49.66402], [5.909605, 49.66416], [5.909533, 49.66429], [5.909529, 49.664425], [5.909533, 49.66458], [5.909536, 49.664616], [5.909311, 49.664635], [5.909235, 49.66465], [5.909185, 49.6647], [5.909166, 49.664764], [5.90914, 49.66484], [5.909082, 49.664917], [5.909037, 49.66498], [5.909014, 49.665047], [5.90896, 49.665096], [5.90888, 49.665127], [5.908819, 49.66524], [5.908758, 49.665337], [5.908651, 49.665497], [5.908548, 49.665585], [5.908388, 49.665672], [5.90803, 49.665726], [5.907805, 49.665764], [5.907595, 49.665745], [5.907267, 49.66574], [5.906908, 49.66573], [5.906714, 49.66571], [5.906599, 49.665684], [5.906481, 49.66563], [5.906317, 49.6656], [5.906168, 49.6656], [5.906012, 49.665596], [5.905847, 49.665565], [5.905672, 49.665497], [5.905485, 49.665386], [5.905352, 49.66527], [5.905195, 49.665115], [5.905016, 49.664948], [5.904863, 49.664856], [5.90465, 49.664806], [5.904497, 49.664795], [5.904303, 49.664776], [5.904158, 49.664772], [5.904051, 49.664753], [5.903975, 49.664684], [5.903639, 49.66435], [5.903486, 49.664196], [5.903452, 49.66418], [5.903303, 49.66417], [5.90317, 49.664158], [5.903036, 49.664135], [5.902803, 49.664066], [5.902601, 49.66402], [5.902514, 49.664017], [5.902395, 49.664036], [5.902136, 49.664135], [5.901869, 49.664257], [5.901754, 49.664314], [5.901667, 49.66441], [5.90164, 49.664505], [5.901598, 49.664837], [5.901533, 49.664978], [5.901499, 49.665066], [5.901495, 49.665127], [5.901514, 49.66522], [5.901529, 49.665337], [5.901522, 49.66542], [5.901529, 49.665466], [5.901567, 49.66554], [5.901564, 49.665596], [5.901533, 49.665634], [5.901422, 49.665672], [5.901358, 49.665714], [5.901304, 49.665768], [5.901285, 49.66581], [5.901323, 49.66606], [5.901373, 49.66619], [5.901461, 49.666317], [5.901533, 49.666378], [5.901621, 49.666424], [5.90201, 49.666576], [5.902349, 49.666737], [5.902655, 49.666893], [5.903009, 49.66702], [5.903067, 49.667057], [5.903097, 49.6671], [5.903112, 49.667156], [5.903082, 49.667244], [5.903028, 49.667366], [5.902945, 49.667435], [5.902864, 49.66749], [5.902727, 49.667526], [5.902647, 49.667553], [5.902613, 49.6676], [5.902597, 49.667675], [5.902597, 49.66778], [5.902575, 49.667908], [5.902536, 49.66802], [5.90246, 49.668095], [5.902384, 49.668144], [5.902273, 49.66818], [5.902163, 49.66819], [5.901804, 49.668167], [5.901701, 49.668148], [5.901609, 49.66811], [5.901434, 49.66799], [5.901323, 49.667915], [5.901289, 49.667854], [5.901239, 49.667706], [5.901209, 49.66765], [5.901129, 49.6676], [5.900991, 49.667526], [5.900774, 49.667427], [5.900705, 49.667385], [5.900675, 49.667355], [5.900679, 49.66731], [5.900698, 49.667118], [5.900724, 49.667084], [5.90082, 49.66701], [5.900869, 49.666973], [5.900881, 49.666946], [5.900843, 49.666885], [5.900847, 49.66685], [5.900866, 49.66682], [5.900892, 49.66679], [5.900896, 49.666763], [5.900877, 49.666733], [5.900839, 49.666714], [5.900743, 49.66668], [5.900698, 49.666656], [5.900656, 49.666622], [5.900629, 49.66659], [5.900595, 49.66657], [5.900545, 49.666534], [5.900503, 49.6665], [5.900476, 49.666466], [5.900446, 49.666393], [5.900389, 49.666313], [5.900267, 49.666176], [5.900141, 49.666046], [5.900076, 49.665997], [5.899988, 49.66595], [5.899874, 49.665928], [5.899744, 49.66592], [5.89953, 49.665913], [5.899324, 49.665928], [5.899172, 49.66596], [5.899073, 49.66597], [5.898951, 49.666008], [5.898798, 49.666073], [5.898367, 49.66626], [5.898249, 49.666306], [5.898092, 49.66635], [5.897989, 49.66642], [5.897829, 49.666576], [5.897661, 49.666718], [5.897543, 49.66682], [5.897474, 49.6669], [5.897429, 49.66699], [5.897398, 49.667103], [5.897379, 49.66725], [5.897352, 49.667305], [5.89731, 49.667362], [5.897154, 49.66751], [5.896879, 49.66778], [5.896746, 49.667892], [5.896707, 49.66792], [5.896624, 49.66795], [5.896536, 49.667976], [5.896494, 49.668007], [5.89636, 49.66818], [5.896326, 49.66822], [5.896315, 49.66826], [5.896316, 49.668288], [5.896318, 49.668343], [5.896341, 49.66845], [5.896337, 49.66851], [5.896315, 49.66854], [5.896288, 49.668556], [5.896223, 49.668575], [5.896158, 49.6686], [5.896109, 49.66863], [5.896044, 49.668674], [5.895994, 49.66871], [5.895948, 49.668724], [5.895872, 49.66874], [5.895811, 49.668747], [5.895761, 49.668736], [5.89554, 49.668663], [5.895132, 49.6685], [5.895056, 49.668457], [5.894812, 49.66829], [5.894636, 49.66814], [5.894526, 49.66804], [5.894186, 49.667797], [5.894136, 49.66775], [5.89411, 49.6677], [5.894083, 49.66762], [5.894087, 49.667553], [5.894113, 49.667458], [5.894102, 49.667366], [5.894072, 49.667286], [5.894003, 49.667164], [5.893949, 49.66706], [5.89393, 49.666965], [5.893965, 49.666862], [5.893995, 49.666737], [5.893953, 49.66655], [5.8939, 49.666416], [5.893839, 49.666348], [5.89374, 49.66629], [5.893537, 49.666256], [5.893248, 49.666203], [5.893099, 49.66619], [5.892931, 49.666203], [5.892755, 49.666237], [5.892652, 49.666267], [5.892534, 49.666313], [5.892355, 49.666412], [5.892153, 49.66653], [5.892008, 49.666733], [5.891954, 49.666805], [5.891909, 49.66688], [5.891886, 49.66693], [5.891882, 49.666977], [5.891893, 49.66703], [5.891935, 49.66712], [5.891973, 49.667194], [5.892019, 49.667236], [5.892179, 49.667366], [5.892206, 49.667408], [5.89221, 49.66745], [5.892187, 49.667492], [5.892118, 49.667553], [5.891989, 49.66764], [5.891806, 49.667778], [5.891684, 49.667873], [5.891607, 49.667942], [5.891508, 49.668056], [5.891439, 49.66816], [5.891409, 49.668243], [5.891401, 49.66832], [5.891439, 49.668407], [5.891466, 49.66847], [5.891474, 49.668518], [5.891458, 49.66856], [5.891401, 49.66863], [5.891298, 49.6687], [5.891176, 49.66876], [5.891123, 49.668797], [5.891054, 49.66883], [5.890966, 49.66886], [5.89086, 49.6689], [5.89076, 49.66897], [5.890676, 49.669044], [5.890531, 49.66916], [5.890375, 49.66931], [5.890287, 49.669403], [5.89023, 49.669518], [5.890165, 49.669632], [5.890108, 49.66976], [5.890089, 49.669857], [5.890085, 49.669945], [5.8901, 49.67], [5.890123, 49.67006], [5.890116, 49.670116], [5.890116, 49.670334], [5.890154, 49.670425], [5.890154, 49.670467], [5.890097, 49.670486], [5.889997, 49.670506], [5.889814, 49.670517], [5.889688, 49.6705], [5.889467, 49.67043], [5.889246, 49.670387], [5.889135, 49.670345], [5.889067, 49.67026], [5.888971, 49.670193], [5.888834, 49.67015], [5.888479, 49.670048], [5.888338, 49.670017], [5.88809, 49.669968], [5.887915, 49.669914], [5.887804, 49.66985], [5.887693, 49.669807], [5.887579, 49.669773], [5.887476, 49.66972], [5.887381, 49.66957], [5.887346, 49.669495], [5.887358, 49.66944], [5.887396, 49.669403], [5.887449, 49.669365], [5.887415, 49.669277], [5.887194, 49.66903], [5.887079, 49.668877], [5.887045, 49.668804], [5.887026, 49.668743], [5.887045, 49.668686], [5.887297, 49.66845], [5.887331, 49.668392], [5.887327, 49.668346], [5.887301, 49.668297], [5.887266, 49.668266], [5.887205, 49.668205], [5.88722, 49.668064], [5.887167, 49.667957], [5.887106, 49.667896], [5.88703, 49.66789], [5.886889, 49.667915], [5.886774, 49.667896], [5.886644, 49.667908], [5.886572, 49.66789], [5.886499, 49.66789], [5.886427, 49.667976], [5.88632, 49.668087], [5.886221, 49.668137], [5.886084, 49.668163], [5.885893, 49.66822], [5.885797, 49.668266], [5.885702, 49.668335], [5.885592, 49.668427], [5.8855, 49.668484], [5.885366, 49.668552], [5.885233, 49.668606], [5.885092, 49.668667], [5.884974, 49.668747], [5.884829, 49.66888], [5.884726, 49.669033], [5.884687, 49.66916], [5.884653, 49.66923], [5.884642, 49.6693], [5.884626, 49.669426], [5.884703, 49.66951], [5.884767, 49.66955], [5.884821, 49.669594], [5.884844, 49.669674], [5.884893, 49.669735], [5.885008, 49.669846], [5.885042, 49.66991], [5.885069, 49.670006], [5.885122, 49.67013], [5.885141, 49.670235], [5.885149, 49.67034], [5.88513, 49.670414], [5.885065, 49.670483], [5.884939, 49.670525], [5.88471, 49.670567], [5.884539, 49.670574], [5.884317, 49.67054], [5.8841, 49.670456], [5.883932, 49.67041], [5.883772, 49.670403], [5.883734, 49.670403], [5.883612, 49.67039], [5.883451, 49.670288], [5.883326, 49.670216], [5.883238, 49.670197], [5.883169, 49.6702], [5.882986, 49.67026], [5.882922, 49.670276], [5.882723, 49.67029], [5.882509, 49.670296], [5.882395, 49.6703], [5.882288, 49.670334], [5.882242, 49.670403], [5.882238, 49.670456], [5.882257, 49.6706], [5.882273, 49.670662], [5.882372, 49.67079], [5.882437, 49.670887], [5.882437, 49.67096], [5.882391, 49.671062], [5.88233, 49.671177], [5.88233, 49.67125], [5.882379, 49.6714], [5.882402, 49.671482], [5.882406, 49.671562], [5.882406, 49.671616], [5.882418, 49.67169], [5.882341, 49.671738], [5.882177, 49.671806], [5.882074, 49.67181], [5.881903, 49.67181], [5.881788, 49.671875], [5.881678, 49.67194], [5.881468, 49.671993], [5.881243, 49.672], [5.881033, 49.672012], [5.880888, 49.67204], [5.880621, 49.672153], [5.880358, 49.672245], [5.880209, 49.672314], [5.880056, 49.672405], [5.8799, 49.672558], [5.87982, 49.672604], [5.879663, 49.672653], [5.879557, 49.672676], [5.87945, 49.67271], [5.879366, 49.672794], [5.879293, 49.67283], [5.879171, 49.672882], [5.879046, 49.672886], [5.878965, 49.67286], [5.878893, 49.672813], [5.878836, 49.672806], [5.878779, 49.672855], [5.878641, 49.67288], [5.878534, 49.672894], [5.878466, 49.672924], [5.878412, 49.672977], [5.878382, 49.67307], [5.878336, 49.67312], [5.87826, 49.67315], [5.878119, 49.673195], [5.87808, 49.673218], [5.878027, 49.67329], [5.878008, 49.673306], [5.877874, 49.67329], [5.877852, 49.67332], [5.877794, 49.673298], [5.877615, 49.673233], [5.876944, 49.673428], [5.876154, 49.673386], [5.874956, 49.67332], [5.873911, 49.673264], [5.87351, 49.67349], [5.872982, 49.673714], [5.872492, 49.67408], [5.871897, 49.674458], [5.871633, 49.67462], [5.871324, 49.674797], [5.871073, 49.67494], [5.870771, 49.67509], [5.870531, 49.675213], [5.870413, 49.67527], [5.870306, 49.675312], [5.870199, 49.67535], [5.869844, 49.6753], [5.869093, 49.67519], [5.868918, 49.67518], [5.868685, 49.675205], [5.868467, 49.67523], [5.868177, 49.675205], [5.867994, 49.675194], [5.867865, 49.67518], [5.867498, 49.675144], [5.86735, 49.675194], [5.867189, 49.67524], [5.866945, 49.675316], [5.866907, 49.67533], [5.866732, 49.67541], [5.866613, 49.675472], [5.866526, 49.675514], [5.866346, 49.675602], [5.866152, 49.6757], [5.866056, 49.67576], [5.865969, 49.6758], [5.865896, 49.675835], [5.865744, 49.67591], [5.865679, 49.675945], [5.865564, 49.676003], [5.865389, 49.67609], [5.865309, 49.676186], [5.865217, 49.6763], [5.865042, 49.676506], [5.864771, 49.676846], [5.864344, 49.677376], [5.863893, 49.67792], [5.863504, 49.6784], [5.863401, 49.678524], [5.863394, 49.678535], [5.863199, 49.67876], [5.863157, 49.67882], [5.862898, 49.679134], [5.862455, 49.67966], [5.862429, 49.67979], [5.862379, 49.67985], [5.862345, 49.679893], [5.862303, 49.679962], [5.862246, 49.680077], [5.862112, 49.680325], [5.862047, 49.68045], [5.86212, 49.68067], [5.861975, 49.68086], [5.861814, 49.681065], [5.86194, 49.68117], [5.862001, 49.68122], [5.862101, 49.68131], [5.86223, 49.681442], [5.862349, 49.681576], [5.862261, 49.68188], [5.862326, 49.681957], [5.862398, 49.68204], [5.862474, 49.682102], [5.862349, 49.682182], [5.862467, 49.68237], [5.862574, 49.682537], [5.862642, 49.682648], [5.862734, 49.6828], [5.862768, 49.682858], [5.862844, 49.683002], [5.862871, 49.683056], [5.862802, 49.683235], [5.862749, 49.68338], [5.862673, 49.68358], [5.862513, 49.68398], [5.862543, 49.684135], [5.862581, 49.68431], [5.862646, 49.684555], [5.862993, 49.68516], [5.863176, 49.685444], [5.863356, 49.685696], [5.863413, 49.685772], [5.863577, 49.685997], [5.863649, 49.686104], [5.863752, 49.686268], [5.863833, 49.686398], [5.863882, 49.68646], [5.864267, 49.686584], [5.864252, 49.686623], [5.864241, 49.686687], [5.864183, 49.68687], [5.864176, 49.686886], [5.864084, 49.687157], [5.864546, 49.687355], [5.864496, 49.687454], [5.864367, 49.687725], [5.864283, 49.687897], [5.864248, 49.687977], [5.86426, 49.688038], [5.864305, 49.688255], [5.864157, 49.68828], [5.864092, 49.68829], [5.864046, 49.688293], [5.863943, 49.688316], [5.863863, 49.68834], [5.863829, 49.688347], [5.863771, 49.688366], [5.863672, 49.688396], [5.863596, 49.688423], [5.863554, 49.68844], [5.863485, 49.688465], [5.863405, 49.6885], [5.863943, 49.688908], [5.864229, 49.68912], [5.864473, 49.689312], [5.864569, 49.68939], [5.864683, 49.689487], [5.864878, 49.689667], [5.865053, 49.68983], [5.865152, 49.68993], [5.865252, 49.690037], [5.865278, 49.690098], [5.865316, 49.690243], [5.865328, 49.69027], [5.865335, 49.690285], [5.865362, 49.69033], [5.865404, 49.690395], [5.865438, 49.69045], [5.865484, 49.690514], [5.865545, 49.690605], [5.865576, 49.690643], [5.865648, 49.69074], [5.865686, 49.690777], [5.865717, 49.6908], [5.86574, 49.690815], [5.865767, 49.690838], [5.865801, 49.690865], [5.865927, 49.690952], [5.86598, 49.690994], [5.866095, 49.691074], [5.866148, 49.691116], [5.866213, 49.691162], [5.866274, 49.691204], [5.866304, 49.691227], [5.866442, 49.691334], [5.866632, 49.69149], [5.86669, 49.691536], [5.866747, 49.69158], [5.866842, 49.691658], [5.866884, 49.69169], [5.866899, 49.691723], [5.866911, 49.691757], [5.86693, 49.69183], [5.866957, 49.69198], [5.86698, 49.692146], [5.866919, 49.692226], [5.866781, 49.69243], [5.866754, 49.692463], [5.866701, 49.69251], [5.86664, 49.692566], [5.866484, 49.69268], [5.866056, 49.692863], [5.865728, 49.693], [5.865778, 49.693066], [5.865812, 49.693115], [5.865938, 49.69329], [5.866053, 49.693455], [5.866075, 49.693485], [5.866091, 49.693504], [5.866243, 49.693707], [5.866339, 49.693832], [5.866388, 49.693817], [5.866499, 49.694004], [5.866705, 49.694363], [5.866915, 49.694332], [5.867102, 49.69431], [5.867369, 49.69442], [5.867468, 49.694458], [5.868158, 49.694397], [5.86873, 49.694405], [5.868856, 49.694542], [5.869123, 49.694744], [5.869253, 49.694866], [5.86978, 49.695663], [5.869978, 49.69593], [5.870264, 49.696224], [5.870382, 49.69666], [5.870428, 49.6968], [5.870531, 49.697], [5.870619, 49.69715], [5.870771, 49.697357], [5.870939, 49.697517], [5.871267, 49.697773], [5.871386, 49.697884], [5.871473, 49.697987], [5.871553, 49.698093], [5.871626, 49.69821], [5.871679, 49.69832], [5.87179, 49.69844], [5.871988, 49.698433], [5.872126, 49.698406], [5.872244, 49.698376], [5.872431, 49.698368], [5.872587, 49.69838], [5.872721, 49.698414], [5.873186, 49.698566], [5.873297, 49.698627], [5.873472, 49.69872], [5.873926, 49.69895], [5.874197, 49.699085], [5.874514, 49.699238], [5.87459, 49.699272], [5.87472, 49.69935], [5.875223, 49.699688], [5.875433, 49.699814], [5.875746, 49.700005], [5.875952, 49.700123], [5.876139, 49.70022], [5.876669, 49.700493], [5.877085, 49.70071], [5.877264, 49.70081], [5.877512, 49.700954], [5.877584, 49.701], [5.877878, 49.70117], [5.877909, 49.701202], [5.877989, 49.701283], [5.878225, 49.70152], [5.878488, 49.70176], [5.878511, 49.701782], [5.878591, 49.701878], [5.878717, 49.702003], [5.87895, 49.702194], [5.879187, 49.702385], [5.879347, 49.702545], [5.879549, 49.70274], [5.879683, 49.702873], [5.87985, 49.70306], [5.879995, 49.703236], [5.880045, 49.703312], [5.880136, 49.70343], [5.880205, 49.70356], [5.880255, 49.703625], [5.880472, 49.70386], [5.880548, 49.70397], [5.880621, 49.704037], [5.880705, 49.70412], [5.880758, 49.704197], [5.880903, 49.704346], [5.881071, 49.704487], [5.881155, 49.704548], [5.8813, 49.704685], [5.881407, 49.704807], [5.881563, 49.704994], [5.881731, 49.705204], [5.881907, 49.705414], [5.882071, 49.70557], [5.882242, 49.705727], [5.882578, 49.70602], [5.882731, 49.70615], [5.882887, 49.706264], [5.88315, 49.70645], [5.883421, 49.706635], [5.883589, 49.70674], [5.883944, 49.706963], [5.884298, 49.707188], [5.884489, 49.707325], [5.884764, 49.70752], [5.88489, 49.70761], [5.884993, 49.707695], [5.88521, 49.70787], [5.885366, 49.708008], [5.885504, 49.708134], [5.885725, 49.708317], [5.88595, 49.70853], [5.886061, 49.70864], [5.886343, 49.708908], [5.886431, 49.708992], [5.886686, 49.70914], [5.886904, 49.709267], [5.886934, 49.709282], [5.886946, 49.70929], [5.887289, 49.70949], [5.88764, 49.70969], [5.887873, 49.709827], [5.887918, 49.70986], [5.888288, 49.71005], [5.888529, 49.710167], [5.888655, 49.710224], [5.888796, 49.71027], [5.888993, 49.710324], [5.889364, 49.710426], [5.889578, 49.71045], [5.889803, 49.71047], [5.890078, 49.71047], [5.89031, 49.710457], [5.890486, 49.71045], [5.890715, 49.710426], [5.89102, 49.71039], [5.891294, 49.710365], [5.89147, 49.71035], [5.891668, 49.710342], [5.891729, 49.710342], [5.891897, 49.710335], [5.89213, 49.710342], [5.892447, 49.710354], [5.892771, 49.71044], [5.893217, 49.710556], [5.893522, 49.710712], [5.893923, 49.710938], [5.89427, 49.711143], [5.894598, 49.71133], [5.894693, 49.7114], [5.894892, 49.711555], [5.895063, 49.711693], [5.89517, 49.711773], [5.895304, 49.711853], [5.895422, 49.711918], [5.895571, 49.711998], [5.895777, 49.712097], [5.895929, 49.71216], [5.896135, 49.712234], [5.896357, 49.71231], [5.896532, 49.712364], [5.896898, 49.712456], [5.897627, 49.71269], [5.898279, 49.712822], [5.898645, 49.712883], [5.898985, 49.712765], [5.899298, 49.712616], [5.899553, 49.71248], [5.900141, 49.71215], [5.900335, 49.71197], [5.900358, 49.711945], [5.900282, 49.71174], [5.900202, 49.711514], [5.900125, 49.71128], [5.900053, 49.7111], [5.899992, 49.710934], [5.899946, 49.710823], [5.899973, 49.710827], [5.900435, 49.710827], [5.900442, 49.71086], [5.900969, 49.71086], [5.90119, 49.710865], [5.901499, 49.710865], [5.901758, 49.71087], [5.902208, 49.71087], [5.902357, 49.710865], [5.902548, 49.710857], [5.903028, 49.710842], [5.903349, 49.710823], [5.90399, 49.710808], [5.904402, 49.7109], [5.90489, 49.711006], [5.905237, 49.711136], [5.905611, 49.71128], [5.905916, 49.7114], [5.906538, 49.711586], [5.906862, 49.71168], [5.907232, 49.71179], [5.907789, 49.71186], [5.908239, 49.711914], [5.90827, 49.71189], [5.908441, 49.711796], [5.908705, 49.711647], [5.908865, 49.711555], [5.909037, 49.711433], [5.909338, 49.711224], [5.909525, 49.71109], [5.909697, 49.710964], [5.909822, 49.710854], [5.910063, 49.71065], [5.910395, 49.710365], [5.910395, 49.710217], [5.910437, 49.71021], [5.910376, 49.71001], [5.910219, 49.709568], [5.910089, 49.709167], [5.910044, 49.709175], [5.909983, 49.70908], [5.909918, 49.708973], [5.909861, 49.708874], [5.909822, 49.708797], [5.909792, 49.708717], [5.909777, 49.708656], [5.909761, 49.708565], [5.909754, 49.708454], [5.90975, 49.708378], [5.909754, 49.7083], [5.909811, 49.708294], [5.909738, 49.707966], [5.909716, 49.70765], [5.909723, 49.707562], [5.909754, 49.707397], [5.9098, 49.707146], [5.909868, 49.70694], [5.909941, 49.706806], [5.91012, 49.70659], [5.910917, 49.705746], [5.911264, 49.705418], [5.911741, 49.704933], [5.911978, 49.70494], [5.912069, 49.70487], [5.912184, 49.70479], [5.912222, 49.704758], [5.912302, 49.704697], [5.912344, 49.704662], [5.912359, 49.704647], [5.912481, 49.704544], [5.912611, 49.70442], [5.912687, 49.704346], [5.912836, 49.7042], [5.912924, 49.70412], [5.912981, 49.704067], [5.913153, 49.703896], [5.913446, 49.70361], [5.913732, 49.70333], [5.913927, 49.70329], [5.914526, 49.703182], [5.914648, 49.703217], [5.915133, 49.703335], [5.91527, 49.703377], [5.915483, 49.70344], [5.915918, 49.703625], [5.916178, 49.703754], [5.91646, 49.703976], [5.916594, 49.704094], [5.916616, 49.70413], [5.916723, 49.70437], [5.916929, 49.704353], [5.917231, 49.704315], [5.917646, 49.70426], [5.918005, 49.704197], [5.918058, 49.704193], [5.918448, 49.70421], [5.918844, 49.704243], [5.919268, 49.704338], [5.919393, 49.70437], [5.919645, 49.704384], [5.920191, 49.704403], [5.920656, 49.70442], [5.921194, 49.70435], [5.921648, 49.704636], [5.921736, 49.704685], [5.921808, 49.70475], [5.922163, 49.705048], [5.922426, 49.705204], [5.922483, 49.70524], [5.922556, 49.705284], [5.922598, 49.705303], [5.922648, 49.705265], [5.922689, 49.705235], [5.922762, 49.70518], [5.922815, 49.705036], [5.92285, 49.704918], [5.922789, 49.704845], [5.922667, 49.704685], [5.922655, 49.70434], [5.922594, 49.704044], [5.922579, 49.703964], [5.922659, 49.703773], [5.922758, 49.70356], [5.922762, 49.703545], [5.922861, 49.70348], [5.9233, 49.703194], [5.923445, 49.70309], [5.923723, 49.702885], [5.924135, 49.702732], [5.924486, 49.702663], [5.924623, 49.702637], [5.925035, 49.70271], [5.925478, 49.702835], [5.925779, 49.702934], [5.926054, 49.70302], [5.926573, 49.703205], [5.927175, 49.703415], [5.927206, 49.703426], [5.927469, 49.703518], [5.927519, 49.703533], [5.92779, 49.70357], [5.92787, 49.70341], [5.927992, 49.70317], [5.928099, 49.702988], [5.92816, 49.70288], [5.928217, 49.7028], [5.928637, 49.70238], [5.928965, 49.70207], [5.928976, 49.702057], [5.929064, 49.701977], [5.929155, 49.701885], [5.929167, 49.701874], [5.929327, 49.701912], [5.929789, 49.70204], [5.929831, 49.702057], [5.929979, 49.70211], [5.930544, 49.702175], [5.931078, 49.702263], [5.931616, 49.702366], [5.932203, 49.7025], [5.932424, 49.702557], [5.932646, 49.702618], [5.934046, 49.703014], [5.934557, 49.70316], [5.935625, 49.70346], [5.936094, 49.703594], [5.936659, 49.70376], [5.937021, 49.703873], [5.93759, 49.70413], [5.938047, 49.704376], [5.938681, 49.704746], [5.939619, 49.705288], [5.940309, 49.70569], [5.941286, 49.70626], [5.942167, 49.706776], [5.942873, 49.707184], [5.943281, 49.707413], [5.943945, 49.70772], [5.944502, 49.707973], [5.945112, 49.708244], [5.946253, 49.708714], [5.946535, 49.708702], [5.946867, 49.708702], [5.947317, 49.70869], [5.94792, 49.708652], [5.948378, 49.708626], [5.949038, 49.708603], [5.94935, 49.70859], [5.949637, 49.7086], [5.949839, 49.708626], [5.950029, 49.708683], [5.95009, 49.70872], [5.950197, 49.70883], [5.950197, 49.708874], [5.950316, 49.709034], [5.950544, 49.709286], [5.950853, 49.709644], [5.95104, 49.70991], [5.951216, 49.710144], [5.951368, 49.71032], [5.951521, 49.71047], [5.952131, 49.71088], [5.952719, 49.71129], [5.953505, 49.71188], [5.95421, 49.712425], [5.954313, 49.712486], [5.954405, 49.71253], [5.954569, 49.712585], [5.955278, 49.712803], [5.955576, 49.7129], [5.95616, 49.713062], [5.956778, 49.71327], [5.957174, 49.713413], [5.957643, 49.713608], [5.959616, 49.7145], [5.960051, 49.714733], [5.96097, 49.71526], [5.96129, 49.715443], [5.961279, 49.71552], [5.961458, 49.71564], [5.961801, 49.71592], [5.962439, 49.716194], [5.962568, 49.71619], [5.962908, 49.716393], [5.963381, 49.716644], [5.963755, 49.716816], [5.964212, 49.71699], [5.964285, 49.71707], [5.964567, 49.71732], [5.96464, 49.717377], [5.964685, 49.717422], [5.964708, 49.717457], [5.964754, 49.71753], [5.96493, 49.71785], [5.965124, 49.71821], [5.965147, 49.718227], [5.96517, 49.718243], [5.9652, 49.71826], [5.966165, 49.718597], [5.966772, 49.71902], [5.967295, 49.719425], [5.968512, 49.719826], [5.968805, 49.72007], [5.969133, 49.72039], [5.969397, 49.720634], [5.969534, 49.720726], [5.969923, 49.72093], [5.970175, 49.721054], [5.970259, 49.721077], [5.970175, 49.72095], [5.970285, 49.72095], [5.970572, 49.720943], [5.970865, 49.720932], [5.971033, 49.720398], [5.971335, 49.720203], [5.971491, 49.72021], [5.971682, 49.720222], [5.972147, 49.720177], [5.972158, 49.720177], [5.97262, 49.720127], [5.972868, 49.72014], [5.973146, 49.720146], [5.973379, 49.72016], [5.973875, 49.7202], [5.974096, 49.720222], [5.974325, 49.720238], [5.97444, 49.720245], [5.974756, 49.72026], [5.974878, 49.72028], [5.974993, 49.7203], [5.975244, 49.720337], [5.975466, 49.720364], [5.975664, 49.72039], [5.975859, 49.720406], [5.976248, 49.720455], [5.976442, 49.720474], [5.976778, 49.72051], [5.977041, 49.72053], [5.977346, 49.720554], [5.977583, 49.72058], [5.978128, 49.72065], [5.978353, 49.720673], [5.978468, 49.720703], [5.978746, 49.720795], [5.978868, 49.720833], [5.978926, 49.720848], [5.978998, 49.72086], [5.979132, 49.720886], [5.979223, 49.72093], [5.979326, 49.720978], [5.979422, 49.72102], [5.979544, 49.72107], [5.97965, 49.721104], [5.979849, 49.721165], [5.980051, 49.721245], [5.980226, 49.72131], [5.980322, 49.721344], [5.980421, 49.72138], [5.980528, 49.721443], [5.980784, 49.72162], [5.981192, 49.721878], [5.981321, 49.72194], [5.981741, 49.72207], [5.981893, 49.722115], [5.982046, 49.722164], [5.98234, 49.722248], [5.982649, 49.72234], [5.982798, 49.72238], [5.983068, 49.722458], [5.983221, 49.722504], [5.98353, 49.722576], [5.98382, 49.722637], [5.984217, 49.722713], [5.985167, 49.722904], [5.985098, 49.72303], [5.985067, 49.723083], [5.985208, 49.723114], [5.985453, 49.723183], [5.98564, 49.72324], [5.985819, 49.723305], [5.986059, 49.723377], [5.986265, 49.72343], [5.986513, 49.723484], [5.986845, 49.723568], [5.987131, 49.723633], [5.987333, 49.72368], [5.987482, 49.72371], [5.987604, 49.723724], [5.987707, 49.72373], [5.987833, 49.72372], [5.988119, 49.723682], [5.988123, 49.723637], [5.988489, 49.723595], [5.988722, 49.723595], [5.988882, 49.723606], [5.989119, 49.723644], [5.98942, 49.723717], [5.989458, 49.723724], [5.989744, 49.72339], [5.989836, 49.72326], [5.989992, 49.72302], [5.99008, 49.722862], [5.990175, 49.72268], [5.990313, 49.722343], [5.990332, 49.722294], [5.990339, 49.722244], [5.990335, 49.72222], [5.990332, 49.722164], [5.990271, 49.72171], [5.990252, 49.72155], [5.990225, 49.72143], [5.990152, 49.72121], [5.990026, 49.720913], [5.989916, 49.7207], [5.989908, 49.720676], [5.989912, 49.720646], [5.989958, 49.720497], [5.990278, 49.719807], [5.990343, 49.71965], [5.990397, 49.7195], [5.990423, 49.719345], [5.990419, 49.719166], [5.990404, 49.719044], [5.990389, 49.719], [5.990622, 49.71895], [5.991045, 49.71901], [5.991884, 49.71915], [5.992426, 49.719223], [5.992792, 49.71925], [5.993074, 49.7193], [5.994326, 49.719597], [5.995844, 49.719986], [5.997679, 49.720474], [5.999498, 49.720875], [6.000727, 49.721127], [6.001539, 49.721344], [6.002436, 49.721573], [6.002852, 49.721664], [6.003061, 49.721695], [6.00342, 49.72172], [6.00358, 49.721737], [6.003569, 49.72176], [6.003279, 49.722168], [6.002909, 49.722687], [6.003057, 49.722736], [6.002585, 49.723274], [6.002153, 49.723747], [6.001852, 49.72406], [6.002073, 49.724133], [6.002542, 49.72428], [6.002688, 49.724327], [6.003469, 49.724575], [6.003382, 49.72474], [6.00345, 49.72476], [6.003859, 49.724884], [6.00395, 49.72491], [6.004175, 49.72498], [6.004404, 49.725048], [6.004599, 49.725105], [6.004747, 49.72515], [6.004896, 49.725193], [6.005213, 49.72529], [6.005056, 49.725525], [6.004934, 49.72569], [6.004717, 49.72599], [6.004465, 49.726322], [6.004129, 49.726727], [6.004099, 49.72677], [6.00416, 49.726784], [6.004347, 49.72684], [6.004587, 49.726917], [6.004686, 49.726948], [6.004782, 49.72698], [6.004885, 49.72701], [6.00498, 49.727036], [6.005011, 49.727047], [6.00524, 49.72722], [6.004976, 49.72738], [6.004793, 49.72749], [6.004538, 49.72767], [6.0044, 49.727722], [6.003824, 49.727955], [6.003813, 49.728447], [6.003809, 49.728516], [6.003946, 49.72882], [6.003973, 49.72888], [6.003984, 49.728912], [6.004015, 49.728977], [6.004126, 49.729244], [6.00419, 49.72941], [6.004217, 49.72947], [6.004259, 49.729576], [6.004274, 49.729607], [6.004332, 49.729748], [6.004351, 49.72979], [6.004423, 49.729965], [6.004446, 49.730015], [6.004595, 49.73035], [6.004644, 49.730488], [6.004656, 49.730515], [6.00469, 49.730618], [6.004705, 49.730656], [6.004755, 49.730793], [6.004877, 49.73115], [6.003321, 49.731358], [6.003328, 49.731415], [6.003317, 49.731503], [6.003294, 49.73171], [6.003248, 49.731842], [6.003168, 49.732006], [6.003084, 49.73212], [6.002863, 49.732414], [6.002798, 49.73248], [6.002688, 49.732582], [6.002008, 49.733128], [6.001863, 49.73309], [6.001718, 49.73305], [6.001516, 49.73333], [6.001261, 49.73368], [6.00123, 49.733715], [6.001226, 49.733727], [6.001169, 49.7338], [6.001085, 49.733913], [6.001017, 49.73401], [6.001006, 49.734031], [6.001631, 49.734207], [6.003164, 49.73462], [6.003668, 49.73476], [6.004011, 49.73487], [6.004164, 49.73493], [6.004335, 49.734993], [6.004618, 49.735104], [6.004904, 49.7352], [6.005209, 49.735283], [6.005552, 49.73536], [6.005785, 49.735405], [6.006605, 49.73556], [6.006617, 49.735577], [6.006575, 49.735706], [6.006617, 49.735813], [6.00664, 49.735878], [6.0068, 49.7363], [6.007044, 49.736275], [6.006998, 49.736404], [6.006983, 49.73644], [6.006964, 49.736504], [6.006918, 49.736626], [6.006864, 49.736782], [6.006845, 49.736816], [6.00635, 49.736828], [6.005922, 49.736847], [6.00577, 49.73686], [6.005598, 49.736874], [6.005461, 49.736897], [6.005262, 49.736935], [6.005144, 49.73697], [6.005033, 49.737007], [6.004992, 49.737026], [6.004896, 49.737103], [6.004801, 49.73721], [6.004713, 49.737293], [6.004664, 49.737324], [6.004114, 49.73749], [6.003672, 49.737625], [6.003427, 49.7377], [6.003191, 49.737762], [6.003012, 49.7378], [6.00255, 49.737877], [6.002218, 49.73792], [6.002005, 49.737934], [6.001993, 49.73796], [6.001566, 49.738552], [6.000956, 49.73934], [6.000906, 49.739403], [6.000612, 49.739727], [6.000238, 49.740124], [6.000162, 49.740173], [6.000036, 49.74026], [5.999823, 49.74042], [5.999594, 49.74062], [5.999426, 49.740788], [5.999155, 49.741116], [5.998938, 49.741383], [5.998712, 49.74165], [5.998587, 49.74181], [5.998514, 49.741894], [5.998365, 49.742043], [5.998171, 49.74222], [5.997759, 49.742577], [5.99774, 49.74259], [5.997576, 49.742523], [5.997465, 49.74248], [5.997454, 49.742474], [5.997374, 49.742443], [5.997259, 49.742393], [5.997366, 49.742287], [5.997507, 49.742115], [5.997747, 49.74177], [5.997637, 49.741737], [5.997415, 49.741665], [5.997206, 49.741596], [5.997103, 49.74156], [5.996992, 49.741524], [5.996836, 49.741474], [5.996676, 49.74142], [5.996477, 49.741356], [5.996286, 49.74129], [5.996107, 49.741234], [5.995771, 49.741123], [5.995607, 49.741066], [5.995459, 49.74102], [5.995432, 49.74101], [5.995165, 49.740925], [5.994867, 49.741222], [5.99449, 49.741608], [5.99399, 49.742077], [5.993708, 49.742344], [5.993463, 49.742214], [5.993261, 49.742107], [5.993227, 49.742092], [5.993097, 49.742023], [5.993002, 49.742115], [5.992933, 49.742184], [5.992918, 49.742203], [5.992842, 49.74228], [5.992815, 49.742306], [5.9928, 49.74232], [5.99264, 49.74229], [5.992273, 49.74222], [5.991907, 49.742146], [5.99164, 49.742073], [5.99135, 49.741978], [5.99066, 49.741703], [5.990637, 49.74174], [5.990541, 49.74187], [5.990534, 49.741882], [5.989721, 49.74152], [5.989611, 49.74147], [5.98892, 49.741165], [5.988874, 49.74126], [5.988829, 49.74135], [5.988596, 49.74182], [5.988871, 49.74194], [5.988638, 49.7421], [5.988317, 49.742313], [5.988157, 49.742397], [5.988115, 49.742424], [5.987959, 49.742508], [5.987028, 49.742996], [5.987013, 49.743008], [5.987635, 49.74329], [5.988226, 49.74356], [5.988642, 49.743744], [5.989729, 49.744236], [5.990232, 49.74447], [5.990999, 49.74481], [5.990988, 49.74482], [5.990858, 49.744957], [5.990103, 49.744667], [5.989935, 49.744896], [5.989916, 49.74492], [5.989843, 49.74502], [5.989782, 49.745102], [5.989763, 49.74513], [5.98966, 49.745266], [5.989607, 49.745342], [5.989573, 49.745384], [5.989534, 49.745438], [5.989363, 49.745655], [5.989252, 49.745792], [5.989141, 49.74593], [5.988897, 49.74624], [5.988798, 49.746365], [5.988646, 49.74657], [5.988546, 49.74669], [5.988481, 49.746765], [5.988394, 49.746838], [5.988165, 49.74701], [5.98797, 49.74718], [5.987848, 49.74729], [5.987825, 49.74731], [5.987635, 49.747444], [5.98744, 49.747578], [5.98704, 49.747852], [5.986914, 49.74794], [5.986532, 49.748203], [5.986376, 49.74831], [5.986143, 49.748466], [5.985933, 49.74861], [5.986486, 49.748943], [5.986815, 49.749123], [5.987017, 49.74922], [5.987028, 49.74923], [5.987421, 49.74937], [5.987665, 49.749447], [5.988401, 49.749645], [5.989057, 49.749794], [5.98916, 49.749817], [5.989069, 49.749958], [5.988985, 49.75008], [5.988932, 49.75019], [5.988886, 49.750275], [5.989412, 49.75033], [5.989244, 49.750824], [5.989164, 49.751057], [5.989073, 49.75136], [5.988913, 49.751762], [5.988867, 49.751804], [5.988691, 49.751938], [5.988375, 49.752174], [5.989004, 49.752472], [5.988993, 49.75264], [5.98897, 49.7528], [5.988974, 49.75296], [5.988996, 49.753117], [5.989023, 49.753235], [5.989054, 49.75333], [5.989065, 49.75336], [5.989088, 49.75341], [5.989134, 49.75348], [5.989233, 49.7536], [5.989687, 49.754017], [5.989042, 49.75414], [5.988954, 49.754158], [5.987955, 49.75435], [5.987966, 49.754627], [5.988077, 49.754684], [5.988428, 49.75472], [5.988779, 49.754772], [5.989206, 49.754845], [5.989592, 49.754917], [5.989744, 49.754948], [5.989809, 49.75498], [5.990225, 49.755295], [5.990591, 49.75558], [5.990828, 49.75573], [5.991125, 49.7559], [5.991472, 49.756096], [5.991968, 49.756348], [5.992521, 49.75662], [5.99283, 49.75677], [5.992983, 49.756878], [5.993082, 49.75697], [5.993174, 49.75711], [5.993334, 49.757362], [5.993483, 49.757614], [5.993551, 49.75774], [5.993586, 49.757915], [5.993578, 49.758125], [5.993593, 49.758183], [5.99365, 49.758236], [5.994394, 49.758728], [5.995462, 49.759407], [5.996111, 49.759804], [5.996164, 49.759842], [5.996088, 49.759865], [5.995863, 49.76011], [5.995733, 49.760246], [5.995462, 49.760536], [5.995794, 49.76071], [5.996, 49.760803], [5.996504, 49.760983], [5.996897, 49.7611], [5.997385, 49.761242], [5.997995, 49.761417], [5.998091, 49.761448], [5.998659, 49.761612], [5.999227, 49.761765], [5.999308, 49.761784], [5.999815, 49.76189], [5.999109, 49.763298], [5.998678, 49.764244], [5.99864, 49.76433], [5.998613, 49.764378], [5.998503, 49.76439], [5.998289, 49.764412], [5.998114, 49.764435], [5.998014, 49.76459], [5.997923, 49.764755], [5.997728, 49.765152], [5.997652, 49.765316], [5.997564, 49.765526], [5.997515, 49.765663], [5.99737, 49.766155], [5.997312, 49.76639], [5.997175, 49.76701], [5.99711, 49.767292], [5.996984, 49.767715], [5.996908, 49.767937], [5.996885, 49.76801], [5.996836, 49.768192], [5.996836, 49.768234], [5.996855, 49.768272], [5.996874, 49.768295], [5.996927, 49.768337], [5.997042, 49.768406], [5.997225, 49.768486], [5.997316, 49.768528], [5.997213, 49.76861], [5.997045, 49.768738], [5.996881, 49.768867], [5.996859, 49.768887], [5.996916, 49.768925], [5.997175, 49.769127], [5.997004, 49.7693], [5.996084, 49.77025], [5.996016, 49.770317], [5.99645, 49.770275], [5.996664, 49.770256], [5.996828, 49.770267], [5.996969, 49.770294], [5.99711, 49.77037], [5.99729, 49.770527], [5.997423, 49.770634], [5.997446, 49.770714], [5.997461, 49.77095], [5.99748, 49.7711], [5.997534, 49.771286], [5.997663, 49.771503], [5.997835, 49.77173], [5.997919, 49.771793], [5.998014, 49.771835], [5.99811, 49.77186], [5.998213, 49.771828], [5.998495, 49.771687], [5.998617, 49.771633], [5.998758, 49.77161], [5.9989, 49.771626], [5.999064, 49.771667], [5.999136, 49.771717], [5.999186, 49.771797], [5.999224, 49.771828], [5.999342, 49.771862], [5.999502, 49.77192], [5.99967, 49.772003], [5.999723, 49.77205], [5.999769, 49.77213], [5.999796, 49.77224], [5.999849, 49.772346], [6.000013, 49.772446], [6.000193, 49.7725], [6.000311, 49.772503], [6.000475, 49.772488], [6.00062, 49.77249], [6.000677, 49.7725], [6.000784, 49.77253], [6.001032, 49.772617], [6.001307, 49.77271], [6.001585, 49.772736], [6.001844, 49.772766], [6.002066, 49.77281], [6.002245, 49.772873], [6.002386, 49.772957], [6.002501, 49.773003], [6.002577, 49.77302], [6.002668, 49.77303], [6.002752, 49.77302], [6.002775, 49.77305], [6.002829, 49.773064], [6.002947, 49.773205], [6.003088, 49.773384], [6.002794, 49.773476], [6.00239, 49.77359], [6.002062, 49.773666], [6.001391, 49.773785], [6.001493, 49.77404], [6.001581, 49.774254], [6.001619, 49.774353], [6.001654, 49.774433], [6.001589, 49.774437], [6.001585, 49.774464], [6.000006, 49.774445], [6.000006, 49.774487], [5.999975, 49.774864], [5.999952, 49.775127], [5.999212, 49.775078], [5.998964, 49.775063], [5.998743, 49.775047], [5.998873, 49.77516], [5.999289, 49.775524], [5.999613, 49.77581], [5.999807, 49.775986], [6.000074, 49.776226], [6.000387, 49.776424], [6.000822, 49.776703], [6.000734, 49.77716], [6.000608, 49.77744], [6.00041, 49.777924], [6.000349, 49.77816], [6.000345, 49.778297], [6.000299, 49.778423], [6.000193, 49.77854], [5.999716, 49.778942], [5.99954, 49.779125], [5.999403, 49.779266], [5.999144, 49.779545], [5.999132, 49.779556], [5.999079, 49.779613], [5.999029, 49.779663], [5.99917, 49.77972], [5.999243, 49.77975], [5.999277, 49.779766], [5.999258, 49.779785], [5.998636, 49.780365], [5.998255, 49.78069], [5.998503, 49.78081], [5.998781, 49.78095], [5.999048, 49.781082], [5.999067, 49.781094], [5.998442, 49.78145], [5.997969, 49.781715], [5.997694, 49.78187], [5.997721, 49.78189], [5.997915, 49.782017], [5.998068, 49.782112], [5.998293, 49.782257], [5.998587, 49.782448], [5.999006, 49.78271], [5.99851, 49.783573], [5.998865, 49.78373], [5.998907, 49.78375], [5.99925, 49.7839], [5.999521, 49.78402], [5.999613, 49.784065], [5.999784, 49.784164], [5.999941, 49.78426], [6.00057, 49.78465], [6.00107, 49.78495], [6.00152, 49.785225], [6.001791, 49.78539], [6.001825, 49.785408], [6.001585, 49.78572], [6.001436, 49.785942], [6.001486, 49.785965], [6.002134, 49.786213], [6.002531, 49.78636], [6.003138, 49.7866], [6.004, 49.786808], [6.005217, 49.787086], [6.005358, 49.78712], [6.005613, 49.787186], [6.005674, 49.7872], [6.005949, 49.78727], [6.006025, 49.787285], [6.006395, 49.78738], [6.006445, 49.78739], [6.007448, 49.78731], [6.007563, 49.787304], [6.007677, 49.787296], [6.00773, 49.78727], [6.007765, 49.78725], [6.00794, 49.787163], [6.008024, 49.78713], [6.008104, 49.7871], [6.008154, 49.78709], [6.008444, 49.78705], [6.008589, 49.787025], [6.008711, 49.786995], [6.008955, 49.786922], [6.009138, 49.786877], [6.009279, 49.78685], [6.009638, 49.786804], [6.009878, 49.786777], [6.01008, 49.786774], [6.010279, 49.78678], [6.01037, 49.78679], [6.010481, 49.78681], [6.010965, 49.786736], [6.011076, 49.786793], [6.011141, 49.786835], [6.01148, 49.786858], [6.011686, 49.78687], [6.011824, 49.78688], [6.012056, 49.786907], [6.012304, 49.786926], [6.012739, 49.786987], [6.012835, 49.786995], [6.012968, 49.786995], [6.013143, 49.786983], [6.013262, 49.78697], [6.013536, 49.786926], [6.013594, 49.78696], [6.013609, 49.78697], [6.013605, 49.786983], [6.013605, 49.787003], [6.013598, 49.787037], [6.013586, 49.78706], [6.013563, 49.787075], [6.01354, 49.78708], [6.013517, 49.78708], [6.013483, 49.787075], [6.01346, 49.787075], [6.013433, 49.78708], [6.013407, 49.78709], [6.013376, 49.78711], [6.013334, 49.78713], [6.013311, 49.78714], [6.0133, 49.787148], [6.013281, 49.787163], [6.013201, 49.78727], [6.01317, 49.787308], [6.013159, 49.78733], [6.013151, 49.78736], [6.013155, 49.78738], [6.013159, 49.787445], [6.013159, 49.787476], [6.013151, 49.787502], [6.01314, 49.78753], [6.013117, 49.787598], [6.013124, 49.78762], [6.013155, 49.787655], [6.013201, 49.78768], [6.01325, 49.787724], [6.013258, 49.787766], [6.013262, 49.787827], [6.013266, 49.787914], [6.013262, 49.78798], [6.013285, 49.787983], [6.013567, 49.787983], [6.013578, 49.78816], [6.013582, 49.788334], [6.013582, 49.78851], [6.013575, 49.788696], [6.01354, 49.788868], [6.013502, 49.788994], [6.013445, 49.789154], [6.013304, 49.789417], [6.01314, 49.789627], [6.013029, 49.789753], [6.012609, 49.79024], [6.013239, 49.79047], [6.013994, 49.790752], [6.01454, 49.79095], [6.014536, 49.79114], [6.014536, 49.7913], [6.014532, 49.791435], [6.014689, 49.791668], [6.014811, 49.791843], [6.014864, 49.791924], [6.01515, 49.79235], [6.015234, 49.79248], [6.015337, 49.792664], [6.015467, 49.79308], [6.015535, 49.793365], [6.015593, 49.793625], [6.015589, 49.793743], [6.015551, 49.794083], [6.015543, 49.794132], [6.015448, 49.794636], [6.01536, 49.79499], [6.015345, 49.79505], [6.015268, 49.7953], [6.015257, 49.79533], [6.015226, 49.79544], [6.015345, 49.795475], [6.015425, 49.795498], [6.015501, 49.79551], [6.015631, 49.795525], [6.01568, 49.795532], [6.015791, 49.795563], [6.015886, 49.795586], [6.015917, 49.795597], [6.015986, 49.79563], [6.016096, 49.79566], [6.016153, 49.79568], [6.016253, 49.795734], [6.016317, 49.795757], [6.01642, 49.795776], [6.016546, 49.7958], [6.016687, 49.795807], [6.016768, 49.79582], [6.016981, 49.79585], [6.017279, 49.795925], [6.017504, 49.795956], [6.017588, 49.795967], [6.017668, 49.795986], [6.017775, 49.796013], [6.017851, 49.796024], [6.0179, 49.796036], [6.018026, 49.79607], [6.018099, 49.79608], [6.018171, 49.796093], [6.018232, 49.796112], [6.018286, 49.79613], [6.018347, 49.79614], [6.0184, 49.79615], [6.018446, 49.79616], [6.018545, 49.796192], [6.018614, 49.796207], [6.018686, 49.79621], [6.018744, 49.79622], [6.018843, 49.79624], [6.018988, 49.796265], [6.019083, 49.796288], [6.019186, 49.796314], [6.019323, 49.796356], [6.019606, 49.79644], [6.019671, 49.796467], [6.019705, 49.796486], [6.019781, 49.796513], [6.019873, 49.796535], [6.020021, 49.796577], [6.020136, 49.79662], [6.020239, 49.796665], [6.020285, 49.796688], [6.020323, 49.796703], [6.020361, 49.79671], [6.020449, 49.796734], [6.020502, 49.796745], [6.020563, 49.796764], [6.020632, 49.79679], [6.0207, 49.796818], [6.020578, 49.796967], [6.020361, 49.797207], [6.019941, 49.797653], [6.01972, 49.797897], [6.019503, 49.798466], [6.019983, 49.798576], [6.020414, 49.79867], [6.021028, 49.79883], [6.02112, 49.798855], [6.021315, 49.7989], [6.021761, 49.799015], [6.021917, 49.79905], [6.022333, 49.799168], [6.022661, 49.79927], [6.022844, 49.799328], [6.023371, 49.79949], [6.023828, 49.799606], [6.024126, 49.79968], [6.024286, 49.799713], [6.024569, 49.799778], [6.024988, 49.799877], [6.025476, 49.800003], [6.025526, 49.80002], [6.025847, 49.799934], [6.025854, 49.79996], [6.025915, 49.800156], [6.026339, 49.800446], [6.026354, 49.800453], [6.026396, 49.80048], [6.026575, 49.800446], [6.026625, 49.800488], [6.026636, 49.800495], [6.026716, 49.800507], [6.026819, 49.80055], [6.027002, 49.800507], [6.027082, 49.800533], [6.027124, 49.800545], [6.02717, 49.80055], [6.027204, 49.80055], [6.02725, 49.800556], [6.027277, 49.80056], [6.027304, 49.80057], [6.02733, 49.800583], [6.027357, 49.800594], [6.027391, 49.8006], [6.027437, 49.8006], [6.027494, 49.800602], [6.02759, 49.80061], [6.02767, 49.800625], [6.027777, 49.800636], [6.027983, 49.800674], [6.028017, 49.80068], [6.028063, 49.800674], [6.028143, 49.800674], [6.028208, 49.800682], [6.028284, 49.8007], [6.028376, 49.80072], [6.028452, 49.80074], [6.02849, 49.800747], [6.02854, 49.800747], [6.028597, 49.80076], [6.02865, 49.80077], [6.028677, 49.80078], [6.028708, 49.80079], [6.028746, 49.800793], [6.028795, 49.800877], [6.029108, 49.80128], [6.029844, 49.801582], [6.030188, 49.80172], [6.030336, 49.801773], [6.030691, 49.801895], [6.030989, 49.802002], [6.031107, 49.80204], [6.031282, 49.802105], [6.03171, 49.802258], [6.031828, 49.80229], [6.031969, 49.80234], [6.032457, 49.80249], [6.032549, 49.802517], [6.032801, 49.802597], [6.033045, 49.802685], [6.033304, 49.80279], [6.033457, 49.802864], [6.033716, 49.802994], [6.034594, 49.803284], [6.035063, 49.80344], [6.035105, 49.80344], [6.035933, 49.803513], [6.036806, 49.803585], [6.037382, 49.803635], [6.037542, 49.803654], [6.038168, 49.803722], [6.038572, 49.80377], [6.037905, 49.80416], [6.037893, 49.80417], [6.037062, 49.804676], [6.036917, 49.804756], [6.036901, 49.804768], [6.036741, 49.80484], [6.035837, 49.805264], [6.035582, 49.80538], [6.034731, 49.805782], [6.034479, 49.8059], [6.034143, 49.806053], [6.033567, 49.806324], [6.033247, 49.80647], [6.033125, 49.806522], [6.032469, 49.80682], [6.031664, 49.8072], [6.031568, 49.80724], [6.031447, 49.8073], [6.031393, 49.807327], [6.031069, 49.807484], [6.030996, 49.807514], [6.030603, 49.807697], [6.030508, 49.807774], [6.030436, 49.807835], [6.030138, 49.808067], [6.030008, 49.808167], [6.029947, 49.808197], [6.030592, 49.80887], [6.030146, 49.809074], [6.030043, 49.80912], [6.029223, 49.809315], [6.028646, 49.80953], [6.028345, 49.80964], [6.02833, 49.809666], [6.028009, 49.810173], [6.027918, 49.810364], [6.028204, 49.81076], [6.02841, 49.811047], [6.028772, 49.811455], [6.028872, 49.81157], [6.028768, 49.811947], [6.028665, 49.812157], [6.028593, 49.81227], [6.028547, 49.812355], [6.028597, 49.8127], [6.028933, 49.81304], [6.029036, 49.813137], [6.029238, 49.813343], [6.029379, 49.813507], [6.029516, 49.81364], [6.029776, 49.81391], [6.030062, 49.81436], [6.030214, 49.814606], [6.030477, 49.815056], [6.030554, 49.815193], [6.030626, 49.815315], [6.030939, 49.815834], [6.031256, 49.816345], [6.031599, 49.816902], [6.031755, 49.817326], [6.031748, 49.81742], [6.031885, 49.818207], [6.031927, 49.818222], [6.031988, 49.81858], [6.032026, 49.81881], [6.032049, 49.818924], [6.032061, 49.818962], [6.03211, 49.819168], [6.032145, 49.81929], [6.032263, 49.81974], [6.032778, 49.82004], [6.033079, 49.820213], [6.033724, 49.820526], [6.03454, 49.82094], [6.034784, 49.8211], [6.035021, 49.821274], [6.035181, 49.82137], [6.035284, 49.821438], [6.03541, 49.821526], [6.03591, 49.821796], [6.036478, 49.82203], [6.036863, 49.82212], [6.037119, 49.822178], [6.037287, 49.82222], [6.037645, 49.822304], [6.038027, 49.822388], [6.038851, 49.822544], [6.038954, 49.822567], [6.039103, 49.822594], [6.040007, 49.822723], [6.040766, 49.822823], [6.040972, 49.823544], [6.040983, 49.823586], [6.04104, 49.823772], [6.041101, 49.823997], [6.041124, 49.824066], [6.041159, 49.824158], [6.040998, 49.8247], [6.040777, 49.825466], [6.04035, 49.82609], [6.041555, 49.826477], [6.041689, 49.826523], [6.041815, 49.82656], [6.041834, 49.82657], [6.041895, 49.826588], [6.043829, 49.826748], [6.045088, 49.8267], [6.045275, 49.826603], [6.046812, 49.825798], [6.047075, 49.825634], [6.047354, 49.825455], [6.047449, 49.82539], [6.048101, 49.82497], [6.048971, 49.824398], [6.049421, 49.824562], [6.049616, 49.824635], [6.0497, 49.824665], [6.050074, 49.824802], [6.050135, 49.82482], [6.050955, 49.825123], [6.051027, 49.82515], [6.051474, 49.82532], [6.051153, 49.825653], [6.051024, 49.825794], [6.05094, 49.825893], [6.050814, 49.826035], [6.050734, 49.82612], [6.050631, 49.826218], [6.050482, 49.826332], [6.050348, 49.82643], [6.050192, 49.826553], [6.050169, 49.826572], [6.050432, 49.826626], [6.050703, 49.82668], [6.050928, 49.826736], [6.051188, 49.826817], [6.051462, 49.826916], [6.05179, 49.82705], [6.052229, 49.827267], [6.052885, 49.827595], [6.053019, 49.827652], [6.053247, 49.82773], [6.053598, 49.82784], [6.054632, 49.828136], [6.055376, 49.828354], [6.055815, 49.828495], [6.056135, 49.828606], [6.056448, 49.82872], [6.056539, 49.828762], [6.056646, 49.828846], [6.056673, 49.828976], [6.057127, 49.829224], [6.057348, 49.829334], [6.058149, 49.82969], [6.058798, 49.829975], [6.059004, 49.83006], [6.059286, 49.83015], [6.059545, 49.830208], [6.059828, 49.830254], [6.060236, 49.830296], [6.061129, 49.83038], [6.061583, 49.830452], [6.061777, 49.830505], [6.061895, 49.830555], [6.061979, 49.830624], [6.062147, 49.830864], [6.06238, 49.8312], [6.063456, 49.832798], [6.063459, 49.832882], [6.064253, 49.834167], [6.064573, 49.834442], [6.064875, 49.83431], [6.064959, 49.834274], [6.065039, 49.834244], [6.065069, 49.834236], [6.065119, 49.834236], [6.06518, 49.834244], [6.065245, 49.834255], [6.065321, 49.834175], [6.065439, 49.834152], [6.065111, 49.833775], [6.064867, 49.833492], [6.064665, 49.83321], [6.064573, 49.83308], [6.064398, 49.832836], [6.064238, 49.832882], [6.064188, 49.832794], [6.064108, 49.83264], [6.064028, 49.83248], [6.063997, 49.83242], [6.063948, 49.83225], [6.063925, 49.832146], [6.063898, 49.832043], [6.063894, 49.832], [6.063891, 49.831944], [6.063887, 49.831814], [6.063879, 49.8316], [6.06391, 49.831226], [6.063932, 49.83097], [6.063932, 49.830956], [6.06394, 49.83093], [6.064016, 49.830936], [6.064062, 49.83091], [6.064371, 49.83036], [6.065939, 49.830204], [6.066145, 49.830196], [6.066301, 49.830193], [6.066324, 49.830193], [6.066374, 49.83019], [6.066904, 49.830177], [6.067091, 49.83017], [6.067881, 49.83016], [6.068663, 49.83012], [6.069429, 49.83008], [6.070311, 49.83004], [6.070391, 49.830036], [6.07107, 49.829994], [6.071119, 49.829994], [6.072069, 49.830013], [6.072496, 49.830006], [6.072405, 49.829758], [6.07329, 49.829525], [6.074076, 49.829315], [6.074568, 49.829556], [6.075048, 49.829453], [6.075064, 49.829197], [6.074743, 49.829], [6.074873, 49.828854], [6.074701, 49.82876], [6.074591, 49.82883], [6.074469, 49.828735], [6.074022, 49.828316], [6.07353, 49.82777], [6.073683, 49.827057], [6.073793, 49.826447], [6.073332, 49.825993], [6.072916, 49.825577], [6.072779, 49.82545], [6.072844, 49.82544], [6.072992, 49.825413], [6.074854, 49.825058], [6.076136, 49.824936], [6.077059, 49.82474], [6.07942, 49.824043], [6.080271, 49.823696], [6.081282, 49.82339], [6.082132, 49.823147], [6.082575, 49.823074], [6.08259, 49.82307], [6.083078, 49.823013], [6.083571, 49.822952], [6.084215, 49.8227], [6.084745, 49.822517], [6.085314, 49.822487], [6.085768, 49.822487], [6.086344, 49.82252], [6.086718, 49.822548], [6.087461, 49.822605], [6.08769, 49.82262], [6.087927, 49.82264], [6.089025, 49.822716], [6.08946, 49.822754], [6.089766, 49.822777], [6.089838, 49.822758], [6.090258, 49.822796], [6.090918, 49.822857], [6.09099, 49.822872], [6.091074, 49.822845], [6.091169, 49.822834], [6.091196, 49.82275], [6.091291, 49.82264], [6.091524, 49.822544], [6.091974, 49.822456], [6.092684, 49.822285], [6.093199, 49.82206], [6.093763, 49.82174], [6.094202, 49.821476], [6.09445, 49.821236], [6.09474, 49.820984], [6.09506, 49.82064], [6.095304, 49.820335], [6.095598, 49.819916], [6.095968, 49.81932], [6.096247, 49.818924], [6.096392, 49.81861], [6.096495, 49.818367], [6.096544, 49.8182], [6.09654, 49.818123], [6.096457, 49.81803], [6.096266, 49.81792], [6.095766, 49.817726], [6.095038, 49.817368], [6.094801, 49.81724], [6.094599, 49.817093], [6.094503, 49.816944], [6.094496, 49.816734], [6.094545, 49.81658], [6.094656, 49.81637], [6.094957, 49.816036], [6.095617, 49.815514], [6.095758, 49.81543], [6.095869, 49.815357], [6.096254, 49.815097], [6.096522, 49.814978], [6.096777, 49.814896], [6.097067, 49.814842], [6.097303, 49.81482], [6.097639, 49.814857], [6.097959, 49.81492], [6.097982, 49.81492], [6.098127, 49.81495], [6.098146, 49.81495], [6.098356, 49.814995], [6.098444, 49.814987], [6.098589, 49.81494], [6.098726, 49.814884], [6.098841, 49.814857], [6.098997, 49.814827], [6.099222, 49.8148], [6.099302, 49.814796], [6.099474, 49.814774], [6.099798, 49.814766], [6.099875, 49.81476], [6.100824, 49.81463], [6.100988, 49.81462], [6.101839, 49.814644], [6.101847, 49.81466], [6.101885, 49.81475], [6.1028, 49.814926], [6.102785, 49.814995], [6.102991, 49.814953], [6.103186, 49.814987], [6.103418, 49.815002], [6.103605, 49.815002], [6.103777, 49.814995], [6.103834, 49.814987], [6.104227, 49.814873], [6.104963, 49.81462], [6.105017, 49.814606], [6.105196, 49.814537], [6.105574, 49.814354], [6.106043, 49.813965], [6.106131, 49.813843], [6.106493, 49.81371], [6.106836, 49.813545], [6.10739, 49.813232], [6.107855, 49.812973], [6.108065, 49.81281], [6.10813, 49.812645], [6.108168, 49.81237], [6.108133, 49.81207], [6.108152, 49.811882], [6.108229, 49.811653], [6.108381, 49.811417], [6.10853, 49.811142], [6.108751, 49.810852], [6.108976, 49.81064], [6.109228, 49.810467], [6.109338, 49.81038], [6.109472, 49.810413], [6.109564, 49.810436], [6.109992, 49.810547], [6.110194, 49.810596], [6.110464, 49.810665], [6.110647, 49.81072], [6.110666, 49.810726], [6.110799, 49.810764], [6.110813, 49.81077], [6.111095, 49.810852], [6.111256, 49.81085], [6.111323, 49.810863], [6.111566, 49.8109], [6.111705, 49.810917], [6.111868, 49.810905], [6.112146, 49.810898], [6.112161, 49.8109], [6.112239, 49.81094], [6.112682, 49.811146], [6.112806, 49.811226], [6.112926, 49.811283], [6.113109, 49.811386], [6.113156, 49.811398], [6.113207, 49.811405], [6.113231, 49.81141], [6.11325, 49.811424], [6.113264, 49.811443], [6.113269, 49.811466], [6.113286, 49.811485], [6.113631, 49.81161], [6.114662, 49.811928], [6.114847, 49.812], [6.115094, 49.812103], [6.115336, 49.812176], [6.115422, 49.812206], [6.11547, 49.81223], [6.1156, 49.81231], [6.116038, 49.81249], [6.116226, 49.812584], [6.116334, 49.812653], [6.116704, 49.812923], [6.117021, 49.81315], [6.117234, 49.81324], [6.117285, 49.813267], [6.117407, 49.813354], [6.117481, 49.81339], [6.117608, 49.813435], [6.11796, 49.81353], [6.118311, 49.813633], [6.11857, 49.81372], [6.118834, 49.813812], [6.119138, 49.813885], [6.119457, 49.81399], [6.119736, 49.814087], [6.120017, 49.814224], [6.120278, 49.81433], [6.120597, 49.814472], [6.120922, 49.81462], [6.121499, 49.81486], [6.12178, 49.814983], [6.121965, 49.815083], [6.122081, 49.815147], [6.122266, 49.8152], [6.122313, 49.81522], [6.12246, 49.815285], [6.122774, 49.81544], [6.122933, 49.815514], [6.123107, 49.815563], [6.123172, 49.815586], [6.123256, 49.815613], [6.123427, 49.815655], [6.123639, 49.815704], [6.123713, 49.815727], [6.1238, 49.815758], [6.123932, 49.815777], [6.12399, 49.81579], [6.124034, 49.81581], [6.124064, 49.81583], [6.124092, 49.815857], [6.124129, 49.815914], [6.124149, 49.81594], [6.124205, 49.81597], [6.124487, 49.816113], [6.124717, 49.81622], [6.124923, 49.81632], [6.125094, 49.816387], [6.125262, 49.81646], [6.125322, 49.816498], [6.125359, 49.816536], [6.125396, 49.816578], [6.125419, 49.81659], [6.125501, 49.81663], [6.125588, 49.81668], [6.125661, 49.816734], [6.125685, 49.81673], [6.125694, 49.8167], [6.125707, 49.81668], [6.125739, 49.816666], [6.125776, 49.816677], [6.125798, 49.816708], [6.125802, 49.816757], [6.125828, 49.81679], [6.125873, 49.81682], [6.125896, 49.81683], [6.12593, 49.816833], [6.125971, 49.816822], [6.125995, 49.81682], [6.126016, 49.816833], [6.126027, 49.816845], [6.12603, 49.8169], [6.126041, 49.816933], [6.126067, 49.816963], [6.126103, 49.816986], [6.12612, 49.816994], [6.126191, 49.817047], [6.126241, 49.817078], [6.126295, 49.817093], [6.126337, 49.817097], [6.126401, 49.817093], [6.126456, 49.817085], [6.126501, 49.817085], [6.126538, 49.8171], [6.126596, 49.81714], [6.126668, 49.817184], [6.126742, 49.817207], [6.126867, 49.817234], [6.12713, 49.817295], [6.127236, 49.81733], [6.127355, 49.81737], [6.127544, 49.817444], [6.127729, 49.817516], [6.127832, 49.81757], [6.127963, 49.817654], [6.128066, 49.81774], [6.128137, 49.81782], [6.1282, 49.817894], [6.128237, 49.81796], [6.128254, 49.818], [6.12825, 49.81808], [6.128264, 49.818104], [6.128287, 49.818115], [6.128328, 49.818134], [6.128412, 49.818157], [6.128563, 49.81818], [6.128704, 49.818222], [6.128767, 49.818237], [6.128984, 49.818264], [6.129042, 49.81828], [6.129155, 49.81832], [6.129249, 49.818367], [6.12932, 49.81839], [6.129395, 49.818447], [6.129497, 49.818493], [6.129583, 49.818577], [6.129654, 49.818645], [6.129747, 49.818707], [6.12985, 49.818764], [6.129911, 49.81881], [6.129956, 49.81885], [6.13006, 49.818935], [6.130083, 49.818954], [6.130161, 49.818985], [6.130227, 49.81901], [6.130391, 49.81905], [6.13058, 49.819088], [6.130685, 49.819103], [6.130729, 49.819054], [6.130775, 49.819084], [6.131688, 49.819496], [6.131862, 49.819637], [6.132075, 49.81982], [6.132439, 49.820084], [6.132708, 49.820274], [6.1329, 49.820404], [6.133092, 49.820507], [6.133266, 49.820595], [6.133816, 49.82087], [6.133977, 49.820942], [6.134393, 49.821125], [6.134617, 49.82123], [6.134924, 49.821423], [6.135144, 49.821552], [6.135467, 49.821747], [6.136001, 49.82206], [6.13662, 49.82236], [6.137062, 49.822655], [6.137209, 49.82275], [6.137354, 49.82285], [6.137832, 49.82316], [6.138582, 49.823605], [6.138689, 49.823666], [6.139043, 49.82387], [6.139307, 49.824005], [6.139661, 49.82417], [6.139879, 49.824272], [6.140352, 49.82446], [6.140979, 49.824703], [6.141514, 49.824917], [6.14208, 49.825146], [6.142178, 49.825176], [6.142198, 49.825184], [6.14233, 49.82523], [6.142557, 49.825287], [6.14275, 49.82532], [6.142889, 49.82534], [6.142972, 49.82536], [6.143032, 49.82537], [6.143158, 49.82541], [6.143257, 49.825447], [6.143568, 49.825596], [6.14413, 49.825897], [6.14466, 49.82619], [6.145264, 49.826496], [6.145716, 49.826736], [6.145959, 49.826466], [6.145981, 49.826443], [6.1462, 49.8262], [6.146414, 49.825962], [6.146715, 49.82604], [6.147032, 49.82612], [6.147459, 49.826252], [6.147581, 49.82629], [6.147814, 49.826366], [6.147913, 49.8264], [6.149134, 49.82566], [6.149477, 49.825157], [6.149763, 49.82463], [6.150091, 49.824017], [6.150103, 49.823994], [6.150553, 49.82325], [6.150774, 49.822876], [6.150755, 49.82283], [6.150732, 49.822758], [6.150629, 49.82247], [6.150614, 49.822433], [6.150568, 49.822277], [6.150522, 49.822136], [6.15048, 49.821888], [6.150446, 49.821697], [6.150679, 49.82147], [6.150705, 49.82144], [6.151167, 49.821], [6.150999, 49.820698], [6.150984, 49.820667], [6.150927, 49.820576], [6.150907, 49.820545], [6.150873, 49.820503], [6.150774, 49.82036], [6.150526, 49.82005], [6.150553, 49.81977], [6.150572, 49.819645], [6.150637, 49.81946], [6.150682, 49.819332], [6.150499, 49.819275], [6.150587, 49.81907], [6.150698, 49.818874], [6.150846, 49.818703], [6.151079, 49.81859], [6.151217, 49.818523], [6.151297, 49.818485], [6.151663, 49.818344], [6.151957, 49.81845], [6.152075, 49.818493], [6.152208, 49.81854], [6.152525, 49.818653], [6.152651, 49.818428], [6.153612, 49.818787], [6.153913, 49.818874], [6.154203, 49.81895], [6.154398, 49.819008], [6.155477, 49.81935], [6.156298, 49.81963], [6.156988, 49.819885], [6.157869, 49.820198], [6.158621, 49.820473], [6.159746, 49.82095], [6.160002, 49.82106], [6.160749, 49.821423], [6.16155, 49.821808], [6.162645, 49.822693], [6.164144, 49.82212], [6.164415, 49.82215], [6.164465, 49.82216], [6.164511, 49.822163], [6.164866, 49.8222], [6.164915, 49.82221], [6.165827, 49.822308], [6.166864, 49.82244], [6.167543, 49.82223], [6.167917, 49.822117], [6.168688, 49.821793], [6.170996, 49.82126], [6.172743, 49.82104], [6.175001, 49.820885], [6.175779, 49.82113], [6.175795, 49.821133], [6.176851, 49.82143], [6.177759, 49.821697], [6.178427, 49.82189], [6.178484, 49.821903], [6.178846, 49.82196], [6.179769, 49.822124], [6.180761, 49.82234], [6.181864, 49.822598], [6.181929, 49.8226], [6.182775, 49.82266], [6.183775, 49.822754], [6.183798, 49.822758], [6.183855, 49.822765], [6.184233, 49.82282], [6.18503, 49.822952], [6.185526, 49.823032], [6.187346, 49.82272], [6.188204, 49.822506], [6.189138, 49.822273], [6.188929, 49.8218], [6.188726, 49.821342], [6.188631, 49.82103], [6.18862, 49.82099], [6.1886, 49.82085], [6.188551, 49.820698], [6.188444, 49.82038], [6.188345, 49.820084], [6.188185, 49.819576], [6.188055, 49.81918], [6.187891, 49.81864], [6.187765, 49.81824], [6.187746, 49.818176], [6.187697, 49.818016], [6.187986, 49.81787], [6.188143, 49.817795], [6.188333, 49.817703], [6.18857, 49.81746], [6.189005, 49.817024], [6.189394, 49.816772], [6.189505, 49.816696], [6.189772, 49.816402], [6.190042, 49.81608], [6.190287, 49.8157], [6.190516, 49.81531], [6.190695, 49.81501], [6.190851, 49.814754], [6.190966, 49.814507], [6.19108, 49.814247], [6.191126, 49.8141], [6.191126, 49.813934], [6.191126, 49.81367], [6.191145, 49.81355], [6.191236, 49.81326], [6.191378, 49.812897], [6.191462, 49.812748], [6.191606, 49.812466], [6.191629, 49.81226], [6.191645, 49.812103], [6.191637, 49.812042], [6.191549, 49.811817], [6.191542, 49.811802], [6.191523, 49.811756], [6.191507, 49.81171], [6.191198, 49.81097], [6.191057, 49.810627], [6.190943, 49.810352], [6.191099, 49.810093], [6.191198, 49.809902], [6.191229, 49.80974], [6.191236, 49.80964], [6.191221, 49.809525], [6.191202, 49.80946], [6.191134, 49.8093], [6.190966, 49.808975], [6.190882, 49.808975], [6.190752, 49.808975], [6.190523, 49.808968], [6.190447, 49.808964], [6.19018, 49.808952], [6.190031, 49.80867], [6.19, 49.808613], [6.190016, 49.8086], [6.189909, 49.808456], [6.189627, 49.808], [6.189432, 49.80767], [6.189165, 49.80723], [6.188868, 49.806767], [6.188684, 49.806458], [6.188658, 49.806404], [6.188742, 49.806416], [6.188761, 49.806385], [6.188906, 49.806206], [6.189299, 49.805676], [6.189413, 49.80552], [6.189485, 49.80542], [6.189676, 49.80517], [6.190309, 49.804314], [6.190416, 49.804333], [6.190474, 49.804344], [6.190622, 49.80439], [6.190741, 49.80442], [6.190874, 49.80446], [6.190977, 49.804485], [6.191095, 49.804512], [6.191198, 49.804535], [6.191454, 49.80459], [6.191664, 49.80462], [6.191908, 49.804626], [6.192079, 49.804626], [6.192125, 49.80459], [6.192121, 49.804543], [6.192121, 49.804417], [6.192121, 49.80435], [6.192015, 49.804207], [6.191904, 49.804077], [6.191694, 49.80391], [6.191549, 49.803818], [6.191271, 49.803642], [6.190866, 49.803463], [6.190878, 49.80343], [6.190718, 49.80332], [6.190828, 49.80316], [6.190962, 49.80296], [6.19105, 49.802856], [6.191187, 49.802734], [6.191614, 49.80291], [6.19166, 49.802925], [6.191828, 49.802986], [6.192125, 49.803093], [6.19245, 49.803192], [6.192541, 49.803215], [6.192789, 49.80329], [6.193014, 49.803345], [6.193144, 49.803375], [6.193277, 49.803406], [6.193418, 49.803436], [6.193499, 49.80346], [6.193522, 49.803467], [6.19375, 49.803276], [6.193991, 49.803078], [6.194086, 49.803], [6.194101, 49.802986], [6.194151, 49.802948], [6.194193, 49.80291], [6.194284, 49.802834], [6.194304, 49.802822], [6.194727, 49.80259], [6.19504, 49.802437], [6.195067, 49.80242], [6.195295, 49.802315], [6.195265, 49.80224], [6.195528, 49.8022], [6.195906, 49.802017], [6.19602, 49.80198], [6.196676, 49.8018], [6.196733, 49.801796], [6.196779, 49.80179], [6.197119, 49.801754], [6.197435, 49.801723], [6.19795, 49.80167], [6.198034, 49.801662], [6.198133, 49.80137], [6.198194, 49.801147], [6.198244, 49.800972], [6.198256, 49.800804], [6.198248, 49.80065], [6.198214, 49.800495], [6.198133, 49.800293], [6.197962, 49.799877], [6.197901, 49.799725], [6.197973, 49.79971], [6.199331, 49.799477], [6.200758, 49.799236], [6.201487, 49.79913], [6.201521, 49.79911], [6.202009, 49.79893], [6.202204, 49.79886], [6.202337, 49.798805], [6.202475, 49.79875], [6.202513, 49.798737], [6.202612, 49.798725], [6.202509, 49.798534], [6.202501, 49.798523], [6.202898, 49.798435], [6.203268, 49.798367], [6.203764, 49.79829], [6.204218, 49.798233], [6.204435, 49.7982], [6.20455, 49.798176], [6.204763, 49.79812], [6.204992, 49.798023], [6.205336, 49.797863], [6.205446, 49.797985], [6.205637, 49.797836], [6.205805, 49.79771], [6.205954, 49.797623], [6.206167, 49.797478], [6.206343, 49.79736], [6.20648, 49.797283], [6.206617, 49.79722], [6.206816, 49.797123], [6.206976, 49.797047], [6.207083, 49.796986], [6.207171, 49.79693], [6.207212, 49.796898], [6.207338, 49.796776], [6.207502, 49.796623], [6.207628, 49.79652], [6.207727, 49.796444], [6.207853, 49.796368], [6.207979, 49.796295], [6.208067, 49.79624], [6.208124, 49.79619], [6.20817, 49.796124], [6.20817, 49.796055], [6.208151, 49.795982], [6.208151, 49.795937], [6.208158, 49.795887], [6.208231, 49.795647], [6.208261, 49.795517], [6.208281, 49.795403], [6.208273, 49.79527], [6.20825, 49.79515], [6.208227, 49.79509], [6.208128, 49.794914], [6.208029, 49.794926], [6.2078, 49.79494], [6.207632, 49.794956], [6.207579, 49.794567], [6.207827, 49.79425], [6.208082, 49.79405], [6.208128, 49.794067], [6.208178, 49.794075], [6.208227, 49.79407], [6.208338, 49.794056], [6.208494, 49.794033], [6.208647, 49.794], [6.208769, 49.79396], [6.209066, 49.793854], [6.209284, 49.793755], [6.209433, 49.793674], [6.209513, 49.79362], [6.209555, 49.793575], [6.209711, 49.793392], [6.209814, 49.793297], [6.209929, 49.7932], [6.210447, 49.792828], [6.211019, 49.792404], [6.21121, 49.79228], [6.211363, 49.792194], [6.211634, 49.792133], [6.211813, 49.792095], [6.212381, 49.791893], [6.212946, 49.791687], [6.213438, 49.791515], [6.213648, 49.79143], [6.214205, 49.791172], [6.214556, 49.791016], [6.214743, 49.790947], [6.215059, 49.790833], [6.215479, 49.790695], [6.216005, 49.79054], [6.216806, 49.790356], [6.217253, 49.790264], [6.217482, 49.790226], [6.217352, 49.79001], [6.217283, 49.789894], [6.21726, 49.789852], [6.217245, 49.78983], [6.217596, 49.789574], [6.217939, 49.78941], [6.217958, 49.789402], [6.218042, 49.789364], [6.218077, 49.789345], [6.218103, 49.789486], [6.218203, 49.7897], [6.21837, 49.790035], [6.21842, 49.790176], [6.218492, 49.7904], [6.218569, 49.79052], [6.218676, 49.790604], [6.218882, 49.7908], [6.219042, 49.790985], [6.219088, 49.791058], [6.219114, 49.79119], [6.219137, 49.79133], [6.219152, 49.791523], [6.219389, 49.791523], [6.220026, 49.791435], [6.220224, 49.791367], [6.220682, 49.791298], [6.2209, 49.791264], [6.221228, 49.791214], [6.221338, 49.791496], [6.221323, 49.79189], [6.221487, 49.792625], [6.221727, 49.793335], [6.221731, 49.793434], [6.222208, 49.793846], [6.222338, 49.79393], [6.222864, 49.794243], [6.223558, 49.794525], [6.223696, 49.79457], [6.22452, 49.794853], [6.224443, 49.794968], [6.224375, 49.795074], [6.224749, 49.79509], [6.225161, 49.795135], [6.225378, 49.79517], [6.225409, 49.795185], [6.22545, 49.795223], [6.225512, 49.79526], [6.225557, 49.79528], [6.225607, 49.795288], [6.225664, 49.795284], [6.225752, 49.79528], [6.225809, 49.79528], [6.225866, 49.79529], [6.225908, 49.795307], [6.225962, 49.79535], [6.226019, 49.795383], [6.226072, 49.795406], [6.226198, 49.795444], [6.226305, 49.79547], [6.226385, 49.79548], [6.226446, 49.795475], [6.22661, 49.79545], [6.226664, 49.795452], [6.226698, 49.79546], [6.226748, 49.795486], [6.226816, 49.795506], [6.226889, 49.795513], [6.226999, 49.795517], [6.227106, 49.795506], [6.227198, 49.795506], [6.227243, 49.795513], [6.227308, 49.79553], [6.227446, 49.795563], [6.227552, 49.795578], [6.227606, 49.795578], [6.227739, 49.79556], [6.227861, 49.795547], [6.227953, 49.795544], [6.228083, 49.79556], [6.228258, 49.79559], [6.228422, 49.795612], [6.228483, 49.795635], [6.228579, 49.795677], [6.228685, 49.79572], [6.228785, 49.795765], [6.228838, 49.795776], [6.22962, 49.795994], [6.229937, 49.7961], [6.23004, 49.796127], [6.230299, 49.79618], [6.231134, 49.796417], [6.231615, 49.79655], [6.232126, 49.7963], [6.232443, 49.796143], [6.232382, 49.796036], [6.232317, 49.795883], [6.232275, 49.795753], [6.232237, 49.79558], [6.232222, 49.79544], [6.232229, 49.795288], [6.232245, 49.795147], [6.232294, 49.79497], [6.232359, 49.79482], [6.23242, 49.794712], [6.232492, 49.79461], [6.232576, 49.794506], [6.23266, 49.794415], [6.232775, 49.794304], [6.232939, 49.794167], [6.233087, 49.79405], [6.233335, 49.793877], [6.23353, 49.79375], [6.233664, 49.7938], [6.233847, 49.793865], [6.23414, 49.793533], [6.234858, 49.79272], [6.235578, 49.79184], [6.235659, 49.791626], [6.235674, 49.79158], [6.235979, 49.790745], [6.236055, 49.790543], [6.236128, 49.790337], [6.236204, 49.790134], [6.23628, 49.789925], [6.236372, 49.78968], [6.236681, 49.78884], [6.236914, 49.7882], [6.237078, 49.78777], [6.237383, 49.78696], [6.23757, 49.786484], [6.237696, 49.78615], [6.237825, 49.786182], [6.238344, 49.786293], [6.238817, 49.786404], [6.239183, 49.786503], [6.239534, 49.786606], [6.239763, 49.78668], [6.23987, 49.786705], [6.24095, 49.787067], [6.241186, 49.786907], [6.241217, 49.78689], [6.241457, 49.786728], [6.24185, 49.786465], [6.242037, 49.786343], [6.242163, 49.786465], [6.242498, 49.786785], [6.243204, 49.787464], [6.243654, 49.787895], [6.243547, 49.787968], [6.244562, 49.78873], [6.244783, 49.78887], [6.245073, 49.78904], [6.245188, 49.78896], [6.245295, 49.788876], [6.245417, 49.788788], [6.245524, 49.788708], [6.245981, 49.788372], [6.246138, 49.788258], [6.246363, 49.78809], [6.246584, 49.787933], [6.246798, 49.787777], [6.246485, 49.787613], [6.24766, 49.78635], [6.248575, 49.785378], [6.245157, 49.78405], [6.244238, 49.78387], [6.24365, 49.783764], [6.243513, 49.783726], [6.243338, 49.783672], [6.243246, 49.78363], [6.242468, 49.78359], [6.242449, 49.78362], [6.242388, 49.783726], [6.242353, 49.783752], [6.242292, 49.78376], [6.242209, 49.783752], [6.242178, 49.783737], [6.242163, 49.78373], [6.242128, 49.78371], [6.242086, 49.783695], [6.241919, 49.78367], [6.241804, 49.78365], [6.241747, 49.783638], [6.241713, 49.783638], [6.241674, 49.78364], [6.241617, 49.78365], [6.241526, 49.78366], [6.24148, 49.783657], [6.241266, 49.783615], [6.241213, 49.7836], [6.241171, 49.783573], [6.241129, 49.78355], [6.241083, 49.78353], [6.241018, 49.783504], [6.240965, 49.783478], [6.240889, 49.783455], [6.240805, 49.783455], [6.240736, 49.783463], [6.240683, 49.783463], [6.240622, 49.783455], [6.240427, 49.783424], [6.24021, 49.78339], [6.239878, 49.783348], [6.239588, 49.783318], [6.239424, 49.783295], [6.239344, 49.78329], [6.239313, 49.783283], [6.239309, 49.783264], [6.239306, 49.783253], [6.239294, 49.783245], [6.239271, 49.783245], [6.239248, 49.783257], [6.239214, 49.783264], [6.23918, 49.783264], [6.239149, 49.78326], [6.239092, 49.78324], [6.239039, 49.783226], [6.238985, 49.783222], [6.23892, 49.78322], [6.238874, 49.78321], [6.238836, 49.7832], [6.238771, 49.783176], [6.238676, 49.78316], [6.238592, 49.783157], [6.238523, 49.78315], [6.238512, 49.783146], [6.238432, 49.783134], [6.238321, 49.783108], [6.238207, 49.783077], [6.238092, 49.783047], [6.237993, 49.78302], [6.237795, 49.782997], [6.237715, 49.782993], [6.237669, 49.782993], [6.237577, 49.78301], [6.237474, 49.783016], [6.237417, 49.783016], [6.237349, 49.78301], [6.237303, 49.782986], [6.237246, 49.782948], [6.237211, 49.78293], [6.237158, 49.782913], [6.237055, 49.782894], [6.236944, 49.78288], [6.236845, 49.78287], [6.236765, 49.782864], [6.236654, 49.782864], [6.236708, 49.78272], [6.236723, 49.782677], [6.23683, 49.78242], [6.236849, 49.782368], [6.236891, 49.78227], [6.237432, 49.781082], [6.240007, 49.781414], [6.240099, 49.78135], [6.241156, 49.78162], [6.241762, 49.781773], [6.242575, 49.781982], [6.242651, 49.78185], [6.242731, 49.78171], [6.242773, 49.78164], [6.242842, 49.78152], [6.24296, 49.781322], [6.242983, 49.78129], [6.242804, 49.78123], [6.243029, 49.78101], [6.243093, 49.780945], [6.243158, 49.780884], [6.2432, 49.78084], [6.243299, 49.780743], [6.24336, 49.78068], [6.243395, 49.780647], [6.243429, 49.780617], [6.243483, 49.780563], [6.24357, 49.780476], [6.243589, 49.78046], [6.243631, 49.780422], [6.243761, 49.780308], [6.243788, 49.78029], [6.243937, 49.78016], [6.244013, 49.780094], [6.245935, 49.78086], [6.245954, 49.780838], [6.245989, 49.7808], [6.246061, 49.780716], [6.24613, 49.78064], [6.246161, 49.780598], [6.246286, 49.780457], [6.247942, 49.780865], [6.247969, 49.780834], [6.247988, 49.78084], [6.248079, 49.780727], [6.248175, 49.780613], [6.248266, 49.7805], [6.247732, 49.78037], [6.248053, 49.77999], [6.248812, 49.779224], [6.249281, 49.778755], [6.250204, 49.77786], [6.250464, 49.777607], [6.250513, 49.777557], [6.250944, 49.777134], [6.251223, 49.77685], [6.252092, 49.77722], [6.252714, 49.777504], [6.252897, 49.777615], [6.253096, 49.777763], [6.253389, 49.777977], [6.253572, 49.77812], [6.253653, 49.778202], [6.253725, 49.77835], [6.253916, 49.778763], [6.254454, 49.77869], [6.254728, 49.77865], [6.254969, 49.778625], [6.255098, 49.77861], [6.25522, 49.778553], [6.255289, 49.77851], [6.255335, 49.77847], [6.255465, 49.77825], [6.255499, 49.778206], [6.25569, 49.778023], [6.255838, 49.777893], [6.255938, 49.77781], [6.256151, 49.777634], [6.256311, 49.7775], [6.256388, 49.777435], [6.256445, 49.77739], [6.256475, 49.777367], [6.256681, 49.777203], [6.256693, 49.77719], [6.25675, 49.77714], [6.256773, 49.777122], [6.257147, 49.77729], [6.258482, 49.77788], [6.258841, 49.778027], [6.259363, 49.7782], [6.259993, 49.778282], [6.260603, 49.77837], [6.260931, 49.77842], [6.261175, 49.778458], [6.261431, 49.7785], [6.261526, 49.778515], [6.26169, 49.778545], [6.261908, 49.778572], [6.262159, 49.778614], [6.262316, 49.778645], [6.262468, 49.778683], [6.262819, 49.77879], [6.262869, 49.778687], [6.262926, 49.778576], [6.262968, 49.778496], [6.262999, 49.77844], [6.263056, 49.778316], [6.263124, 49.77816], [6.263197, 49.778008], [6.263239, 49.777927], [6.263277, 49.777847], [6.263323, 49.777756], [6.263365, 49.77766], [6.263388, 49.77761], [6.263403, 49.777573], [6.263441, 49.77749], [6.26346, 49.777447], [6.263479, 49.7774], [6.263536, 49.77727], [6.263586, 49.777164], [6.263594, 49.77715], [6.26367, 49.776974], [6.263269, 49.776936], [6.263357, 49.776665], [6.262186, 49.776516], [6.262094, 49.776505], [6.261923, 49.77648], [6.261721, 49.776455], [6.261686, 49.77645], [6.261579, 49.77644], [6.261332, 49.776405], [6.261496, 49.776104], [6.261671, 49.775776], [6.26177, 49.775597], [6.261789, 49.775555], [6.261904, 49.77538], [6.261972, 49.77527], [6.262026, 49.775177], [6.26206, 49.775124], [6.26211, 49.77505], [6.262247, 49.77483], [6.262339, 49.774685], [6.262468, 49.77449], [6.262575, 49.774326], [6.262625, 49.774254], [6.262766, 49.774025], [6.262934, 49.774063], [6.263121, 49.77377], [6.263216, 49.77361], [6.263273, 49.77352], [6.2633, 49.77352], [6.263422, 49.7732], [6.263502, 49.77301], [6.263659, 49.772694], [6.263803, 49.772366], [6.264086, 49.77174], [6.264215, 49.771446], [6.264292, 49.771282], [6.264326, 49.7712], [6.264372, 49.771114], [6.264467, 49.770924], [6.264509, 49.770844], [6.264589, 49.770657], [6.264669, 49.77049], [6.264517, 49.77044], [6.264528, 49.770393], [6.264616, 49.769962], [6.263937, 49.77002], [6.263197, 49.770073], [6.263185, 49.769875], [6.263174, 49.769722], [6.263166, 49.76961], [6.263163, 49.76958], [6.263151, 49.76944], [6.26314, 49.76929], [6.263132, 49.769154], [6.263128, 49.769123], [6.263121, 49.76902], [6.263121, 49.769005], [6.263102, 49.76871], [6.264749, 49.768417], [6.264868, 49.76874], [6.264887, 49.768795], [6.265177, 49.768837], [6.265406, 49.76889], [6.265509, 49.768925], [6.265749, 49.769016], [6.265982, 49.7691], [6.266458, 49.76926], [6.266741, 49.76937], [6.266951, 49.769466], [6.267111, 49.769554], [6.267267, 49.76965], [6.267313, 49.769608], [6.267447, 49.769463], [6.267469, 49.769432], [6.267054, 49.769287], [6.266508, 49.7691], [6.266569, 49.769016], [6.266604, 49.768982], [6.266645, 49.768997], [6.266684, 49.769], [6.26689, 49.76898], [6.266924, 49.76897], [6.266958, 49.768974], [6.266993, 49.768986], [6.267035, 49.769016], [6.267065, 49.769043], [6.267126, 49.76907], [6.267168, 49.769077], [6.267275, 49.769096], [6.267355, 49.769104], [6.267435, 49.7691], [6.267485, 49.76909], [6.267527, 49.76907], [6.267553, 49.769047], [6.267588, 49.76902], [6.267603, 49.769005], [6.267603, 49.76898], [6.267645, 49.768898], [6.268045, 49.768806], [6.26827, 49.768753], [6.268724, 49.768997], [6.269358, 49.76915], [6.2694, 49.769157], [6.270285, 49.769344], [6.270674, 49.76943], [6.270906, 49.76949], [6.271212, 49.769577], [6.271463, 49.769653], [6.271593, 49.769695], [6.271799, 49.769753], [6.271998, 49.76979], [6.272341, 49.769848], [6.272539, 49.76988], [6.272924, 49.769936], [6.272997, 49.769943], [6.273134, 49.769962], [6.273195, 49.769978], [6.27376, 49.770084], [6.273931, 49.770115], [6.274336, 49.77019], [6.274386, 49.770203], [6.274561, 49.77023], [6.274748, 49.770252], [6.274904, 49.77026], [6.275228, 49.770245], [6.275251, 49.770226], [6.275381, 49.769978], [6.275427, 49.769894], [6.27548, 49.769794], [6.275495, 49.769768], [6.275576, 49.76961], [6.27564, 49.76948], [6.275709, 49.769352], [6.275763, 49.76925], [6.275801, 49.76917], [6.276003, 49.76918], [6.276213, 49.769196], [6.276705, 49.769222], [6.276968, 49.76866], [6.276999, 49.768593], [6.277025, 49.76854], [6.277044, 49.768494], [6.27706, 49.768467], [6.277094, 49.768387], [6.277121, 49.768337], [6.277155, 49.76826], [6.277327, 49.76789], [6.278685, 49.76821], [6.279142, 49.767746], [6.279268, 49.767548], [6.279383, 49.76735], [6.279474, 49.767128], [6.279539, 49.766968], [6.279493, 49.766834], [6.279444, 49.766697], [6.278601, 49.766376], [6.277971, 49.76604], [6.277609, 49.765766], [6.27717, 49.76544], [6.276689, 49.765125], [6.275991, 49.76469], [6.275797, 49.764565], [6.275694, 49.76451], [6.275625, 49.764477], [6.275538, 49.76443], [6.275366, 49.76435], [6.275042, 49.764194], [6.275236, 49.763893], [6.275343, 49.763718], [6.275469, 49.763515], [6.275522, 49.763424], [6.275553, 49.763374], [6.275587, 49.76333], [6.275656, 49.763214], [6.276094, 49.763203], [6.276274, 49.763195], [6.276297, 49.76319], [6.276525, 49.763172], [6.276732, 49.76314], [6.276922, 49.763107], [6.27709, 49.763065], [6.277136, 49.763058], [6.277174, 49.76306], [6.277204, 49.763084], [6.277224, 49.763107], [6.277273, 49.76314], [6.277323, 49.76316], [6.277365, 49.763184], [6.277395, 49.76321], [6.277445, 49.763245], [6.277487, 49.76325], [6.277544, 49.763237], [6.277609, 49.763218], [6.277639, 49.763214], [6.277765, 49.763214], [6.277823, 49.763203], [6.277872, 49.763176], [6.277895, 49.76316], [6.277945, 49.763145], [6.277994, 49.76314], [6.278044, 49.763157], [6.278074, 49.763145], [6.278131, 49.763138], [6.278204, 49.76312], [6.278307, 49.763084], [6.278364, 49.76307], [6.278414, 49.763046], [6.278463, 49.763027], [6.278532, 49.763016], [6.278589, 49.763004], [6.278681, 49.76297], [6.278757, 49.76296], [6.27881, 49.762947], [6.278841, 49.762928], [6.278864, 49.762897], [6.278913, 49.76276], [6.278982, 49.762646], [6.278986, 49.76263], [6.27902, 49.762554], [6.279024, 49.76254], [6.278929, 49.76237], [6.278887, 49.762295], [6.278879, 49.76224], [6.278894, 49.762173], [6.278879, 49.762142], [6.278841, 49.762108], [6.278776, 49.762085], [6.278696, 49.762085], [6.278479, 49.762104], [6.278383, 49.7621], [6.278326, 49.762085], [6.278295, 49.76205], [6.278204, 49.761875], [6.278151, 49.76175], [6.278112, 49.76157], [6.278086, 49.76145], [6.278078, 49.761402], [6.277986, 49.76135], [6.277838, 49.76127], [6.277708, 49.76121], [6.277491, 49.761024], [6.277403, 49.76092], [6.277296, 49.760757], [6.277212, 49.7606], [6.277197, 49.76056], [6.277224, 49.760445], [6.277227, 49.7604], [6.277208, 49.76031], [6.277182, 49.76025], [6.277182, 49.760185], [6.277197, 49.760113], [6.277185, 49.76006], [6.277136, 49.760006], [6.277067, 49.75997], [6.276999, 49.75994], [6.27688, 49.75988], [6.27677, 49.75976], [6.276655, 49.759567], [6.27656, 49.75939], [6.276567, 49.75935], [6.276564, 49.759308], [6.276537, 49.75925], [6.276434, 49.759132], [6.276255, 49.758945], [6.276117, 49.75883], [6.275984, 49.758755], [6.275869, 49.758648], [6.27582, 49.75858], [6.275782, 49.758476], [6.275724, 49.758392], [6.275682, 49.758316], [6.275652, 49.758244], [6.275633, 49.758217], [6.27553, 49.758152], [6.275309, 49.758076], [6.275186, 49.75806], [6.274935, 49.75801], [6.27479, 49.757996], [6.274706, 49.757977], [6.274492, 49.757885], [6.274359, 49.757854], [6.27426, 49.757847], [6.274076, 49.757812], [6.273642, 49.757717], [6.273367, 49.75765], [6.273325, 49.757626], [6.273268, 49.75758], [6.273153, 49.75753], [6.272974, 49.757492], [6.272871, 49.757484], [6.272783, 49.7575], [6.272722, 49.75751], [6.272646, 49.7575], [6.272489, 49.75747], [6.272409, 49.757416], [6.272379, 49.757347], [6.272383, 49.75728], [6.272398, 49.7571], [6.272409, 49.756844], [6.272383, 49.756737], [6.272387, 49.756676], [6.272364, 49.75656], [6.272375, 49.75644], [6.272379, 49.756405], [6.272364, 49.7563], [6.272364, 49.75624], [6.272356, 49.7561], [6.27236, 49.75602], [6.272375, 49.755947], [6.272417, 49.755848], [6.27247, 49.755733], [6.272478, 49.755634], [6.272425, 49.75556], [6.27231, 49.75545], [6.272261, 49.755333], [6.272207, 49.755226], [6.272119, 49.755146], [6.271948, 49.75506], [6.271818, 49.754997], [6.271692, 49.75492], [6.27157, 49.75483], [6.27149, 49.754757], [6.271452, 49.75467], [6.27146, 49.754597], [6.271483, 49.754524], [6.27162, 49.75431], [6.271807, 49.754074], [6.271868, 49.753944], [6.271921, 49.75372], [6.271994, 49.753437], [6.272005, 49.753277], [6.27199, 49.753174], [6.271952, 49.753082], [6.271898, 49.752995], [6.271696, 49.752743], [6.271494, 49.752506], [6.271238, 49.75225], [6.270899, 49.75194], [6.270819, 49.751854], [6.270666, 49.75168], [6.270334, 49.751366], [6.270212, 49.75126], [6.270029, 49.751095], [6.269896, 49.75098], [6.269777, 49.750877], [6.269697, 49.750805], [6.269671, 49.750774], [6.269628, 49.75072], [6.269583, 49.750652], [6.269526, 49.75058], [6.269464, 49.750526], [6.269068, 49.75023], [6.268736, 49.749977], [6.268545, 49.749844], [6.268393, 49.749756], [6.26829, 49.74969], [6.268194, 49.749615], [6.268126, 49.749554], [6.268061, 49.749493], [6.267981, 49.749424], [6.267878, 49.749344], [6.267775, 49.74927], [6.267668, 49.74921], [6.267454, 49.749115], [6.267351, 49.749065], [6.267221, 49.749023], [6.267153, 49.749004], [6.267012, 49.748913], [6.266913, 49.74884], [6.266874, 49.748802], [6.266855, 49.74878], [6.266836, 49.748737], [6.266809, 49.748688], [6.266768, 49.748646], [6.266714, 49.748608], [6.26668, 49.74859], [6.266592, 49.74856], [6.266523, 49.748535], [6.266489, 49.74851], [6.266462, 49.74848], [6.266428, 49.74844], [6.26639, 49.7484], [6.266321, 49.748352], [6.266245, 49.748302], [6.266176, 49.748238], [6.266062, 49.748127], [6.266024, 49.74808], [6.266005, 49.748047], [6.265963, 49.747913], [6.265936, 49.74787], [6.265822, 49.74775], [6.265753, 49.747684], [6.26568, 49.747616], [6.265634, 49.74756], [6.265585, 49.747463], [6.265547, 49.747353], [6.265516, 49.74727], [6.265497, 49.747177], [6.26549, 49.74712], [6.265497, 49.747074], [6.265531, 49.747044], [6.265619, 49.74698], [6.265665, 49.74692], [6.265715, 49.746857], [6.265741, 49.7468], [6.265738, 49.746754], [6.265707, 49.746708], [6.265661, 49.746674], [6.2656, 49.74664], [6.265505, 49.74661], [6.265409, 49.7466], [6.265249, 49.746593], [6.265215, 49.746593], [6.26515, 49.74658], [6.26512, 49.746544], [6.2651, 49.746506], [6.265116, 49.746452], [6.265161, 49.746403], [6.2652, 49.746357], [6.2652, 49.746326], [6.265181, 49.746296], [6.265154, 49.746265], [6.265165, 49.74623], [6.265192, 49.74618], [6.265184, 49.746124], [6.265173, 49.746063], [6.265104, 49.745953], [6.26499, 49.74579], [6.264936, 49.745686], [6.264914, 49.74561], [6.264894, 49.74558], [6.264814, 49.745533], [6.264772, 49.745476], [6.264788, 49.745415], [6.264837, 49.745354], [6.264875, 49.745315], [6.264963, 49.745224], [6.2651, 49.74506], [6.265177, 49.74495], [6.265234, 49.744858], [6.265257, 49.744774], [6.265264, 49.744705], [6.265245, 49.744656], [6.265196, 49.74462], [6.265024, 49.744545], [6.264952, 49.7445], [6.264925, 49.744442], [6.264929, 49.74437], [6.264933, 49.74432], [6.26486, 49.744255], [6.26483, 49.74426], [6.26441, 49.74432], [6.264337, 49.74425], [6.264299, 49.744263], [6.263964, 49.744476], [6.263632, 49.74468], [6.263357, 49.74485], [6.263205, 49.744915], [6.262987, 49.744984], [6.262609, 49.7451], [6.262137, 49.745247], [6.262007, 49.74529], [6.26156, 49.745426], [6.261045, 49.74539], [6.260721, 49.745365], [6.260488, 49.74535], [6.260298, 49.74534], [6.260118, 49.745335], [6.25952, 49.74532], [6.259298, 49.745316], [6.259069, 49.745308], [6.258959, 49.7453], [6.258875, 49.745296], [6.258745, 49.745285], [6.258661, 49.745277], [6.258455, 49.745266], [6.258108, 49.745235], [6.258047, 49.745235], [6.257765, 49.74523], [6.257303, 49.745228], [6.257196, 49.745228], [6.257166, 49.745224], [6.257074, 49.745224], [6.256945, 49.74522], [6.256369, 49.745174], [6.256254, 49.745163], [6.255598, 49.745113], [6.255339, 49.74509], [6.255076, 49.745068], [6.255022, 49.745064], [6.255018, 49.74519], [6.254988, 49.74519], [6.254717, 49.745174], [6.254328, 49.745155], [6.253782, 49.745125], [6.253519, 49.745113], [6.25313, 49.745094], [6.252955, 49.74509], [6.252878, 49.745087], [6.252661, 49.745083], [6.252417, 49.745075], [6.251753, 49.745075], [6.251207, 49.745083], [6.250879, 49.745102], [6.250822, 49.745106], [6.250643, 49.74512], [6.25049, 49.74514], [6.250376, 49.74516], [6.250269, 49.74518], [6.250166, 49.7452], [6.249842, 49.745304], [6.249605, 49.745396], [6.249411, 49.745464], [6.249235, 49.745537], [6.249083, 49.745605], [6.248434, 49.745728], [6.247892, 49.7458], [6.247553, 49.74584], [6.247236, 49.745853], [6.247145, 49.745853], [6.247088, 49.745857], [6.246824, 49.745865], [6.246729, 49.745865], [6.246328, 49.745884], [6.245611, 49.745914], [6.245504, 49.745914], [6.245443, 49.74592], [6.245287, 49.745926], [6.245142, 49.74593], [6.244833, 49.745945], [6.244379, 49.745956], [6.243978, 49.74597], [6.243452, 49.74599], [6.243231, 49.746], [6.242975, 49.746006], [6.242666, 49.74602], [6.242521, 49.746033], [6.242132, 49.746063], [6.241621, 49.746105], [6.241365, 49.74613], [6.241243, 49.746147], [6.240934, 49.746197], [6.24032, 49.74631], [6.239477, 49.746464], [6.23921, 49.746517], [6.238989, 49.746563], [6.23889, 49.746586], [6.23868, 49.746643], [6.238569, 49.746677], [6.238317, 49.746746], [6.238119, 49.746803], [6.237753, 49.746914], [6.237623, 49.746952], [6.23749, 49.746986], [6.23736, 49.74702], [6.237249, 49.747044], [6.23712, 49.747066], [6.236864, 49.747105], [6.23641, 49.747166], [6.235838, 49.74725], [6.235365, 49.74732], [6.23506, 49.747337], [6.23472, 49.74736], [6.234388, 49.74738], [6.234259, 49.74739], [6.234091, 49.747402], [6.233793, 49.747417], [6.233007, 49.74746], [6.232386, 49.747498], [6.232115, 49.74752], [6.231363, 49.74759], [6.230932, 49.747627], [6.230741, 49.747536], [6.230681, 49.747543], [6.230284, 49.747765], [6.230146, 49.74784], [6.229864, 49.74799], [6.229498, 49.748188], [6.22938, 49.748253], [6.229219, 49.74835], [6.229067, 49.748447], [6.228487, 49.748894], [6.228231, 49.749073], [6.228193, 49.749332], [6.227869, 49.74955], [6.227587, 49.74972], [6.227533, 49.74944], [6.227522, 49.74936], [6.227503, 49.74926], [6.227484, 49.74914], [6.227426, 49.748856], [6.2274, 49.748653], [6.227263, 49.7485], [6.227095, 49.748318], [6.226908, 49.74811], [6.226698, 49.747875], [6.226561, 49.74772], [6.226492, 49.747646], [6.226263, 49.747387], [6.226152, 49.74726], [6.226099, 49.747192], [6.226057, 49.747128], [6.226015, 49.747055], [6.225977, 49.74694], [6.225946, 49.746845], [6.226034, 49.746807], [6.226088, 49.746777], [6.226118, 49.746746], [6.226172, 49.74668], [6.226206, 49.74662], [6.22624, 49.746544], [6.226252, 49.746513], [6.226259, 49.746487], [6.226255, 49.746456], [6.226233, 49.746407], [6.226202, 49.746357], [6.226145, 49.746254], [6.22603, 49.74605], [6.225855, 49.74575], [6.225824, 49.745686], [6.225809, 49.745636], [6.225794, 49.745575], [6.225779, 49.74549], [6.225729, 49.745132], [6.225691, 49.74482], [6.22566, 49.744625], [6.225649, 49.744545], [6.225637, 49.74449], [6.225614, 49.74437], [6.22558, 49.744205], [6.225534, 49.744026], [6.22542, 49.74355], [6.225405, 49.743492], [6.225374, 49.743362], [6.225363, 49.743313], [6.225344, 49.7432], [6.225325, 49.743], [6.225321, 49.742935], [6.225313, 49.74285], [6.225306, 49.74271], [6.225302, 49.742603], [6.225302, 49.742287], [6.225096, 49.74205], [6.224909, 49.741833], [6.224661, 49.741543], [6.224474, 49.74133], [6.224295, 49.741127], [6.223127, 49.73946], [6.223028, 49.73932], [6.223036, 49.739292], [6.222803, 49.738914], [6.222719, 49.73859], [6.222609, 49.73804], [6.222567, 49.73779], [6.222567, 49.737534], [6.222166, 49.73676], [6.222055, 49.73652], [6.221987, 49.73643], [6.221827, 49.736107], [6.221422, 49.735313], [6.220854, 49.735348], [6.220758, 49.735172], [6.220735, 49.73512], [6.220728, 49.73509], [6.220735, 49.73505], [6.220747, 49.73498], [6.220762, 49.734814], [6.220762, 49.73475], [6.220594, 49.73445], [6.220537, 49.734356], [6.220499, 49.734306], [6.220331, 49.734108], [6.220179, 49.733917], [6.220114, 49.73385], [6.219896, 49.733685], [6.218794, 49.732807], [6.218248, 49.732594], [6.217771, 49.732407], [6.217402, 49.732254], [6.217302, 49.732174], [6.216997, 49.73191], [6.216707, 49.731667], [6.216429, 49.731445], [6.216204, 49.731262], [6.215094, 49.73061], [6.214125, 49.730015], [6.213949, 49.72991], [6.214029, 49.72937], [6.213614, 49.728825], [6.212976, 49.728622], [6.21266, 49.728527], [6.21208, 49.7284], [6.211893, 49.728397], [6.211431, 49.72838], [6.211348, 49.728374], [6.211302, 49.728374], [6.211237, 49.72837], [6.2111, 49.728355], [6.210993, 49.728348], [6.210531, 49.72829], [6.210241, 49.728245], [6.209833, 49.728172], [6.209547, 49.728115], [6.209513, 49.728107], [6.208425, 49.727882], [6.20743, 49.727448], [6.207327, 49.727398], [6.207251, 49.72736], [6.205675, 49.726498], [6.205744, 49.726376], [6.206247, 49.725403], [6.205999, 49.7253], [6.205908, 49.725266], [6.205851, 49.72524], [6.205782, 49.725212], [6.205687, 49.72517], [6.205542, 49.725086], [6.205454, 49.725033], [6.205389, 49.72499], [6.205118, 49.72479], [6.205011, 49.72471], [6.204947, 49.72466], [6.204863, 49.724598], [6.204809, 49.724564], [6.20476, 49.724537], [6.204695, 49.724506], [6.204657, 49.724487], [6.204599, 49.724464], [6.204222, 49.72433], [6.204199, 49.72432], [6.204413, 49.72387], [6.204428, 49.723835], [6.204447, 49.7238], [6.202997, 49.723553], [6.20289, 49.72353], [6.202604, 49.723454], [6.202383, 49.723392], [6.201963, 49.723267], [6.201948, 49.723263], [6.201944, 49.723045], [6.201914, 49.722767], [6.201902, 49.72265], [6.201902, 49.72262], [6.201925, 49.722572], [6.202249, 49.722248], [6.202581, 49.721912], [6.202803, 49.721485], [6.202978, 49.721172], [6.203058, 49.721035], [6.203066, 49.72102], [6.203051, 49.72102], [6.203001, 49.721024], [6.202898, 49.72102], [6.202661, 49.72102], [6.202543, 49.721], [6.202394, 49.72097], [6.202265, 49.72094], [6.202169, 49.72092], [6.201895, 49.720882], [6.201796, 49.72086], [6.201662, 49.72081], [6.201601, 49.720783], [6.201551, 49.720768], [6.20138, 49.720722], [6.201189, 49.720673], [6.200979, 49.720608], [6.20072, 49.720524], [6.200506, 49.720448], [6.20038, 49.7204], [6.200235, 49.720356], [6.200132, 49.720318], [6.200022, 49.72027], [6.199835, 49.720184], [6.199655, 49.720116], [6.19945, 49.72004], [6.199305, 49.719994], [6.199072, 49.719925], [6.198969, 49.7199], [6.19882, 49.71987], [6.198732, 49.71986], [6.198576, 49.719852], [6.198275, 49.71984], [6.198072, 49.71983], [6.197905, 49.719814], [6.197752, 49.7198], [6.197416, 49.719776], [6.197058, 49.71976], [6.196711, 49.719746], [6.196436, 49.719734], [6.196207, 49.719723], [6.195948, 49.7197], [6.195379, 49.719456], [6.195085, 49.719326], [6.194857, 49.719227], [6.19441, 49.719032], [6.193582, 49.718662], [6.193514, 49.718628], [6.193502, 49.718624], [6.193136, 49.718464], [6.193094, 49.71844], [6.192423, 49.718143], [6.192392, 49.718132], [6.192373, 49.718124], [6.19235, 49.718113], [6.191919, 49.717922], [6.191381, 49.717686], [6.19084, 49.717453], [6.1905, 49.717304], [6.189737, 49.716972], [6.189451, 49.71684], [6.189394, 49.716812], [6.189184, 49.716705], [6.189055, 49.71664], [6.189001, 49.716618], [6.188951, 49.71659], [6.188478, 49.71636], [6.188059, 49.716152], [6.18791, 49.71608], [6.187319, 49.71579], [6.186564, 49.715424], [6.186266, 49.715275], [6.185709, 49.714993], [6.18516, 49.71471], [6.184893, 49.71458], [6.185015, 49.714508], [6.185206, 49.714397], [6.185472, 49.714237], [6.185541, 49.714195], [6.185953, 49.713913], [6.186365, 49.713627], [6.186514, 49.713528], [6.1868, 49.712894], [6.186804, 49.712337], [6.186815, 49.71167], [6.186838, 49.711605], [6.186911, 49.711422], [6.18696, 49.711304], [6.18701, 49.71118], [6.187067, 49.711056], [6.187021, 49.71091], [6.18688, 49.710472], [6.186819, 49.710278], [6.186789, 49.71019], [6.186777, 49.710102], [6.186777, 49.70996], [6.186785, 49.709763], [6.186785, 49.709682], [6.186789, 49.709534], [6.186789, 49.709476], [6.186796, 49.70933], [6.186781, 49.709312], [6.186472, 49.70898], [6.186113, 49.708565], [6.186022, 49.70846], [6.185987, 49.708305], [6.185957, 49.70818], [6.185926, 49.708042], [6.186136, 49.707226], [6.18614, 49.707207], [6.186209, 49.70714], [6.186369, 49.70699], [6.186449, 49.706917], [6.186735, 49.70664], [6.186792, 49.706585], [6.187029, 49.706367], [6.187075, 49.706326], [6.187231, 49.706184], [6.186995, 49.706036], [6.186899, 49.705975], [6.186674, 49.705822], [6.186491, 49.705685], [6.186247, 49.70549], [6.186052, 49.705307], [6.185846, 49.705086], [6.185736, 49.70494], [6.185625, 49.70478], [6.185579, 49.704643], [6.185526, 49.704487], [6.185453, 49.704155], [6.18545, 49.70412], [6.185225, 49.70322], [6.185133, 49.702976], [6.18511, 49.70291], [6.185076, 49.702827], [6.185053, 49.702763], [6.184961, 49.702526], [6.184889, 49.702335], [6.184294, 49.701927], [6.184149, 49.701824], [6.183748, 49.701546], [6.183779, 49.701515], [6.183817, 49.70148], [6.184362, 49.700836], [6.184511, 49.700645], [6.184549, 49.7006], [6.184588, 49.700542], [6.184652, 49.700455], [6.184797, 49.700253], [6.184915, 49.700096], [6.185068, 49.699886], [6.185255, 49.69963], [6.185263, 49.69961], [6.185255, 49.699577], [6.185179, 49.699406], [6.185015, 49.699226], [6.184961, 49.69916], [6.184942, 49.699127], [6.184946, 49.699116], [6.184984, 49.699104], [6.185022, 49.6991], [6.185053, 49.698997], [6.185045, 49.69896], [6.184973, 49.69876], [6.184915, 49.698734], [6.184693, 49.698739], [6.184561, 49.698742], [6.184488, 49.698673], [6.18437, 49.69857], [6.18424, 49.69848], [6.184133, 49.69842], [6.184019, 49.698368], [6.183851, 49.698307], [6.183836, 49.698166], [6.183596, 49.69796], [6.18354, 49.697941], [6.183461, 49.697914], [6.183317, 49.697865], [6.18321, 49.697845], [6.183146, 49.697838], [6.183104, 49.69782], [6.183081, 49.697803], [6.183035, 49.697735], [6.182962, 49.697662], [6.18289, 49.697613], [6.182836, 49.697582], [6.182753, 49.6975], [6.182657, 49.697426], [6.182585, 49.697388], [6.182501, 49.69737], [6.182356, 49.69736], [6.182253, 49.697346], [6.182165, 49.697315], [6.182108, 49.697285], [6.182043, 49.69727], [6.181978, 49.697258], [6.181902, 49.697254], [6.181833, 49.697258], [6.181749, 49.697266], [6.181688, 49.697277], [6.181555, 49.69729], [6.181482, 49.69729], [6.181368, 49.69728], [6.181265, 49.69726], [6.181154, 49.697235], [6.181017, 49.69719], [6.181078, 49.69712], [6.180502, 49.69685], [6.17959, 49.69642], [6.179075, 49.696167], [6.179304, 49.69598], [6.179823, 49.69556], [6.179857, 49.695496], [6.179911, 49.6954], [6.179964, 49.69532], [6.180071, 49.695187], [6.180101, 49.695145], [6.180166, 49.695076], [6.180254, 49.69499], [6.180342, 49.69491], [6.180441, 49.69483], [6.180551, 49.694748], [6.181067, 49.694405], [6.181131, 49.69436], [6.181437, 49.694115], [6.181589, 49.693985], [6.181726, 49.693874], [6.181784, 49.693832], [6.181833, 49.693794], [6.182066, 49.69363], [6.182234, 49.693527], [6.182459, 49.6934], [6.18265, 49.693302], [6.182924, 49.693153], [6.182077, 49.692554], [6.181936, 49.692455], [6.18162, 49.69223], [6.181498, 49.692142], [6.181166, 49.691906], [6.181055, 49.69183], [6.18099, 49.69177], [6.181108, 49.691605], [6.18112, 49.69159], [6.181158, 49.691536], [6.181189, 49.691475], [6.181219, 49.691395], [6.181234, 49.691326], [6.181238, 49.69126], [6.181234, 49.691208], [6.181227, 49.691135], [6.1812, 49.69104], [6.181139, 49.690926], [6.181074, 49.69083], [6.180983, 49.690723], [6.180899, 49.690643], [6.180746, 49.69053], [6.180597, 49.69043], [6.180426, 49.69032], [6.180231, 49.690216], [6.179861, 49.690025], [6.179836, 49.690043], [6.179777, 49.690086], [6.179647, 49.690174], [6.179487, 49.69029], [6.179354, 49.69038], [6.179079, 49.690575], [6.178896, 49.690475], [6.178663, 49.690353], [6.178602, 49.69032], [6.178419, 49.690224], [6.178205, 49.69011], [6.178156, 49.690083], [6.178026, 49.69001], [6.177896, 49.689934], [6.177675, 49.68972], [6.177618, 49.68967], [6.177572, 49.689625], [6.177504, 49.68956], [6.177347, 49.689415], [6.177317, 49.68939], [6.177153, 49.689236], [6.177065, 49.689266], [6.177027, 49.68928], [6.176931, 49.689312], [6.176802, 49.68935], [6.176668, 49.68938], [6.176554, 49.689407], [6.176428, 49.689434], [6.176325, 49.689453], [6.176092, 49.689495], [6.175695, 49.689552], [6.175604, 49.68955], [6.175455, 49.68954], [6.175398, 49.68954], [6.175226, 49.689545], [6.174978, 49.68954], [6.174704, 49.689537], [6.174421, 49.68952], [6.174154, 49.689495], [6.173807, 49.689438], [6.173468, 49.689354], [6.173193, 49.689255], [6.172968, 49.68917], [6.172316, 49.688873], [6.171846, 49.688663], [6.171503, 49.688507], [6.171297, 49.688427], [6.170992, 49.688305], [6.170813, 49.688244], [6.170603, 49.688175], [6.170435, 49.688126], [6.169882, 49.688007], [6.169626, 49.687946], [6.168959, 49.687748], [6.168119, 49.687492], [6.168001, 49.687447], [6.167795, 49.687347], [6.167208, 49.687054], [6.167017, 49.686943], [6.166998, 49.686916], [6.167501, 49.68672], [6.167818, 49.686592], [6.168096, 49.686455], [6.168737, 49.68613], [6.169031, 49.68595], [6.169081, 49.685963], [6.169298, 49.68602], [6.169664, 49.685974], [6.17013, 49.685913], [6.170626, 49.685852], [6.171514, 49.68574], [6.17227, 49.68565], [6.172674, 49.685596], [6.173017, 49.68556], [6.17322, 49.685535], [6.173368, 49.685654], [6.173414, 49.6857], [6.173494, 49.685772], [6.173563, 49.685825], [6.173605, 49.685852], [6.173662, 49.685886], [6.173769, 49.685947], [6.174036, 49.686123], [6.174105, 49.68617], [6.174433, 49.686375], [6.174734, 49.686565], [6.174932, 49.686687], [6.175253, 49.68669], [6.175684, 49.68669], [6.175634, 49.68678], [6.175592, 49.68685], [6.175673, 49.686844], [6.175863, 49.68682], [6.17605, 49.686802], [6.176222, 49.686787], [6.176401, 49.686775], [6.176619, 49.686764], [6.176718, 49.686764], [6.177027, 49.686756], [6.177336, 49.68675], [6.177694, 49.686745], [6.177992, 49.686737], [6.178114, 49.686733], [6.178236, 49.686733], [6.178389, 49.68672], [6.178476, 49.686714], [6.178553, 49.686707], [6.178652, 49.68669], [6.17877, 49.686672], [6.178835, 49.686665], [6.179068, 49.686626], [6.179171, 49.68661], [6.179281, 49.686596], [6.179399, 49.68658], [6.179483, 49.68657], [6.179602, 49.686554], [6.179674, 49.686546], [6.179827, 49.686528], [6.179869, 49.686523], [6.179831, 49.686447], [6.179754, 49.6863], [6.179602, 49.68599], [6.179136, 49.685074], [6.178987, 49.684765], [6.178965, 49.684723], [6.17898, 49.684708], [6.179049, 49.684654], [6.179163, 49.68461], [6.179323, 49.684555], [6.17943, 49.684532], [6.179617, 49.68452], [6.179808, 49.684517], [6.179827, 49.684475], [6.179853, 49.68445], [6.179888, 49.68443], [6.179933, 49.68441], [6.179953, 49.684395], [6.179964, 49.684364], [6.17996, 49.68434], [6.179945, 49.684303], [6.179914, 49.684277], [6.179869, 49.684254], [6.179827, 49.684246], [6.179796, 49.684227], [6.179777, 49.684208], [6.179766, 49.68419], [6.179754, 49.684162], [6.179754, 49.68413], [6.17975, 49.68409], [6.179735, 49.684055], [6.179709, 49.684025], [6.179693, 49.684], [6.179689, 49.683968], [6.179693, 49.683933], [6.179712, 49.683884], [6.179705, 49.683697], [6.179686, 49.683613], [6.179709, 49.683613], [6.180334, 49.683662], [6.180593, 49.683937], [6.180819, 49.684177], [6.180895, 49.684265], [6.180986, 49.684254], [6.181051, 49.684376], [6.181467, 49.68439], [6.18199, 49.6844], [6.18252, 49.684383], [6.182913, 49.684387], [6.183924, 49.684418], [6.185053, 49.684464], [6.18619, 49.68447], [6.187765, 49.684486], [6.187765, 49.68446], [6.188021, 49.684437], [6.188253, 49.684418], [6.188536, 49.6844], [6.188745, 49.68438], [6.189444, 49.684322], [6.189997, 49.684273], [6.190229, 49.684258], [6.190565, 49.684235], [6.190851, 49.6841], [6.191355, 49.683865], [6.191931, 49.683598], [6.192457, 49.68336], [6.192541, 49.683315], [6.192621, 49.683273], [6.192694, 49.683243], [6.192812, 49.683193], [6.193003, 49.683098], [6.193159, 49.683018], [6.193296, 49.682945], [6.193396, 49.682888], [6.19372, 49.68271], [6.194658, 49.68311], [6.195375, 49.683403], [6.196341, 49.68381], [6.19731, 49.68421], [6.197668, 49.684357], [6.198603, 49.684753], [6.19808, 49.685673], [6.197023, 49.6862], [6.196692, 49.68637], [6.196573, 49.68682], [6.196466, 49.687202], [6.196348, 49.68765], [6.196283, 49.68789], [6.196276, 49.68791], [6.197378, 49.688175], [6.197741, 49.688263], [6.198149, 49.688274], [6.199133, 49.688293], [6.199999, 49.688305], [6.20019, 49.688305], [6.20035, 49.688297], [6.200884, 49.68828], [6.201185, 49.688267], [6.201296, 49.688263], [6.202089, 49.688225], [6.2031, 49.688175], [6.203524, 49.688156], [6.204328, 49.688114], [6.204382, 49.688118], [6.20471, 49.68816], [6.205893, 49.68832], [6.206751, 49.68843], [6.207601, 49.688534], [6.207739, 49.68855], [6.209234, 49.688732], [6.210329, 49.688866], [6.210497, 49.688885], [6.211058, 49.688953], [6.211725, 49.689026], [6.212015, 49.68906], [6.212393, 49.688835], [6.212873, 49.688689], [6.212992, 49.688496], [6.213099, 49.688435], [6.213179, 49.688316], [6.213316, 49.688118], [6.213388, 49.688015], [6.213763, 49.687644], [6.214008, 49.687486], [6.214251, 49.687076], [6.214479, 49.686623], [6.214434, 49.686493], [6.214373, 49.6863], [6.214289, 49.686012], [6.214201, 49.685722], [6.214483, 49.685364], [6.21475, 49.685024], [6.214773, 49.684998], [6.214723, 49.684896], [6.214853, 49.684902], [6.214952, 49.684784], [6.215288, 49.684814], [6.215456, 49.68483], [6.216227, 49.6849], [6.217161, 49.684975], [6.217283, 49.684986], [6.217558, 49.685043], [6.21784, 49.685085], [6.218142, 49.685112], [6.218561, 49.68513], [6.218954, 49.685143], [6.219076, 49.685146], [6.219568, 49.685173], [6.219847, 49.685192], [6.22035, 49.685234], [6.220949, 49.685307], [6.222238, 49.685463], [6.222437, 49.685486], [6.222662, 49.68551], [6.223345, 49.685574], [6.223104, 49.684914], [6.222967, 49.684525], [6.223005, 49.684517], [6.223337, 49.684467], [6.223825, 49.684387], [6.223539, 49.683807], [6.223574, 49.683514], [6.223867, 49.68348], [6.223925, 49.68347], [6.22407, 49.683456], [6.224123, 49.68345], [6.224184, 49.68344], [6.224245, 49.683434], [6.224298, 49.68343], [6.22455, 49.683964], [6.224646, 49.68415], [6.22468, 49.68421], [6.224749, 49.684353], [6.22492, 49.684624], [6.2251, 49.68484], [6.225287, 49.685024], [6.225382, 49.685055], [6.225634, 49.685116], [6.225729, 49.68514], [6.225969, 49.685184], [6.226007, 49.685192], [6.226271, 49.68523], [6.226442, 49.68525], [6.226633, 49.68526], [6.226786, 49.685253], [6.227018, 49.6852], [6.22735, 49.68516], [6.227419, 49.685154], [6.227739, 49.68525], [6.227778, 49.68525], [6.228304, 49.68522], [6.22846, 49.685207], [6.228575, 49.6852], [6.229151, 49.685158], [6.229334, 49.685143], [6.229868, 49.685097], [6.230257, 49.685062], [6.230448, 49.68504], [6.230631, 49.685017], [6.230719, 49.685005], [6.230902, 49.684982], [6.231008, 49.684967], [6.231184, 49.684944], [6.231276, 49.684933], [6.2316, 49.684883], [6.23176, 49.684868], [6.231752, 49.68485], [6.231806, 49.684868], [6.231985, 49.684925], [6.232348, 49.685017], [6.232538, 49.685062], [6.232817, 49.685123], [6.233038, 49.685158], [6.233267, 49.685184], [6.233492, 49.685207], [6.233728, 49.68522], [6.234022, 49.685234], [6.234274, 49.685238], [6.234316, 49.685177], [6.23501, 49.684284], [6.235258, 49.683968], [6.235361, 49.683838], [6.235453, 49.68372], [6.235842, 49.68365], [6.236219, 49.683567], [6.236643, 49.68347], [6.23707, 49.683395], [6.237158, 49.683388], [6.237299, 49.683384], [6.237471, 49.683384], [6.237715, 49.683395], [6.237825, 49.68341], [6.238169, 49.68347], [6.238317, 49.683506], [6.238485, 49.68355], [6.238634, 49.683598], [6.238832, 49.683655], [6.239077, 49.683716], [6.239485, 49.683823], [6.239988, 49.683933], [6.241163, 49.684174], [6.241198, 49.68418], [6.241198, 49.684067], [6.241137, 49.683964], [6.241621, 49.68408], [6.242342, 49.68425], [6.242556, 49.6843], [6.242811, 49.684357], [6.2437, 49.68457], [6.244371, 49.68473], [6.244635, 49.68479], [6.244703, 49.684807], [6.245298, 49.684944], [6.245604, 49.68501], [6.245874, 49.685055], [6.246817, 49.685184], [6.247148, 49.68524], [6.247278, 49.68526], [6.247408, 49.685284], [6.247465, 49.6853], [6.247534, 49.685314], [6.24769, 49.685356], [6.24785, 49.685394], [6.247892, 49.68541], [6.247938, 49.68542], [6.248423, 49.685585], [6.248453, 49.685593], [6.248705, 49.68576], [6.24888, 49.685604], [6.249041, 49.685455], [6.249124, 49.68538], [6.249201, 49.685287], [6.249258, 49.685207], [6.249357, 49.685036], [6.249407, 49.684902], [6.249437, 49.68478], [6.249441, 49.684673], [6.249445, 49.684616], [6.249517, 49.68462], [6.249548, 49.684624], [6.249903, 49.684654], [6.250082, 49.68469], [6.250421, 49.68473], [6.250826, 49.684723], [6.251036, 49.684715], [6.251203, 49.684708], [6.251478, 49.684704], [6.251711, 49.6847], [6.252047, 49.68469], [6.252165, 49.68469], [6.252218, 49.684723], [6.252268, 49.684757], [6.252749, 49.685104], [6.252783, 49.685127], [6.252878, 49.685127], [6.252962, 49.685123], [6.253038, 49.685123], [6.25329, 49.684868], [6.253401, 49.684902], [6.25358, 49.68495], [6.25395, 49.685047], [6.254431, 49.685165], [6.254656, 49.685234], [6.25503, 49.68536], [6.255537, 49.685535], [6.256044, 49.685272], [6.25635, 49.685375], [6.256525, 49.685432], [6.256708, 49.685513], [6.256811, 49.68557], [6.256872, 49.685608], [6.256937, 49.685654], [6.256998, 49.68571], [6.257036, 49.685753], [6.257124, 49.68584], [6.257219, 49.685936], [6.257544, 49.686287], [6.257856, 49.686108], [6.257902, 49.686092], [6.257982, 49.68607], [6.258085, 49.68603], [6.25828, 49.685963], [6.258478, 49.685898], [6.258654, 49.68583], [6.25878, 49.685772], [6.258856, 49.685726], [6.259001, 49.685642], [6.259134, 49.68556], [6.259298, 49.685455], [6.259489, 49.685318], [6.259985, 49.684944], [6.260805, 49.684742], [6.260885, 49.684673], [6.260965, 49.684605], [6.261038, 49.68454], [6.261126, 49.684464], [6.261145, 49.68445], [6.261332, 49.684383], [6.26156, 49.684307], [6.261889, 49.6842], [6.262178, 49.684097], [6.262716, 49.68422], [6.262991, 49.68428], [6.263174, 49.684326], [6.263285, 49.684345], [6.263708, 49.684383], [6.263865, 49.68439], [6.263838, 49.684147], [6.263834, 49.68412], [6.263899, 49.68411], [6.263956, 49.6841], [6.26401, 49.68409], [6.264082, 49.684067], [6.264177, 49.68402], [6.264307, 49.683937], [6.26446, 49.683838], [6.26454, 49.683765], [6.264795, 49.68349], [6.264997, 49.68327], [6.265188, 49.683064], [6.265406, 49.6828], [6.265703, 49.682438], [6.265886, 49.682213], [6.265955, 49.682133], [6.266184, 49.68192], [6.266417, 49.681725], [6.266596, 49.681587], [6.266939, 49.68134], [6.267233, 49.681133], [6.267332, 49.68106], [6.267389, 49.68101], [6.267401, 49.68098], [6.267408, 49.68091], [6.267416, 49.680717], [6.267416, 49.680634], [6.267447, 49.6803], [6.267466, 49.6801], [6.267485, 49.67996], [6.267519, 49.679817], [6.267561, 49.679676], [6.267633, 49.67941], [6.267691, 49.679207], [6.267733, 49.679024], [6.267748, 49.678917], [6.267759, 49.678616], [6.267767, 49.67824], [6.267763, 49.678017], [6.267778, 49.677948], [6.267805, 49.67791], [6.267988, 49.677685], [6.268011, 49.677647], [6.268068, 49.677536], [6.268129, 49.67739], [6.268206, 49.677193], [6.26829, 49.676964], [6.268305, 49.676895], [6.26832, 49.67681], [6.268339, 49.676647], [6.268351, 49.67657], [6.268362, 49.67652], [6.268377, 49.67649], [6.268412, 49.67643], [6.268553, 49.676258], [6.268705, 49.676105], [6.26874, 49.676147], [6.268805, 49.67623], [6.269026, 49.67651], [6.269094, 49.676598], [6.269438, 49.67709], [6.269598, 49.67731], [6.269705, 49.677464], [6.269865, 49.677685], [6.270025, 49.677902], [6.270353, 49.677727], [6.27075, 49.6775], [6.27117, 49.67723], [6.271341, 49.677124], [6.271208, 49.676964], [6.271387, 49.676632], [6.271483, 49.676468], [6.271578, 49.676292], [6.271707, 49.676083], [6.271856, 49.675865], [6.271868, 49.67585], [6.272009, 49.675648], [6.272097, 49.67553], [6.272417, 49.675053], [6.272482, 49.67507], [6.273169, 49.675278], [6.273645, 49.67542], [6.273642, 49.675434], [6.274305, 49.675583], [6.274103, 49.676], [6.274672, 49.676315], [6.275038, 49.676502], [6.275389, 49.67668], [6.275545, 49.676765], [6.275869, 49.676933], [6.276144, 49.677067], [6.276342, 49.677162], [6.276426, 49.677197], [6.276556, 49.677254], [6.277121, 49.677452], [6.277376, 49.67759], [6.277933, 49.6779], [6.278009, 49.677757], [6.278048, 49.677593], [6.278101, 49.677376], [6.278162, 49.67714], [6.278219, 49.676907], [6.278273, 49.67668], [6.278391, 49.67623], [6.278452, 49.67601], [6.278463, 49.67591], [6.278467, 49.67581], [6.278456, 49.67556], [6.278448, 49.675076], [6.278444, 49.67492], [6.278437, 49.674747], [6.278425, 49.674515], [6.278437, 49.67424], [6.27846, 49.673576], [6.278463, 49.673542], [6.278479, 49.673462], [6.278509, 49.673336], [6.278524, 49.67329], [6.278635, 49.672947], [6.278665, 49.672836], [6.278681, 49.672737], [6.278715, 49.67262], [6.278772, 49.672386], [6.278795, 49.672268], [6.27886, 49.67186], [6.278883, 49.671684], [6.278837, 49.6713], [6.278772, 49.670803], [6.278727, 49.67029], [6.278711, 49.670105], [6.278635, 49.669243], [6.278582, 49.669243], [6.278566, 49.66924], [6.278555, 49.66923], [6.278547, 49.66922], [6.278547, 49.66921], [6.278551, 49.669197], [6.278547, 49.66918], [6.278547, 49.66915], [6.278524, 49.669144], [6.278509, 49.66915], [6.27846, 49.669186], [6.278433, 49.66919], [6.278406, 49.669197], [6.278383, 49.66919], [6.278368, 49.669186], [6.27836, 49.66917], [6.27836, 49.669136], [6.278345, 49.669125], [6.278326, 49.66912], [6.278307, 49.669125], [6.278261, 49.66914], [6.278246, 49.669144], [6.278231, 49.66914], [6.278219, 49.66913], [6.2782, 49.669125], [6.278173, 49.669132], [6.278147, 49.669132], [6.278128, 49.66913], [6.278105, 49.669117], [6.27807, 49.669117], [6.278051, 49.66912], [6.278028, 49.66914], [6.278006, 49.669144], [6.277986, 49.669144], [6.277964, 49.669132], [6.277945, 49.669106], [6.277929, 49.669098], [6.27791, 49.669094], [6.277891, 49.6691], [6.27788, 49.66911], [6.277861, 49.669136], [6.277838, 49.669147], [6.277811, 49.669147], [6.277792, 49.669144], [6.27778, 49.669132], [6.277773, 49.669106], [6.277758, 49.669083], [6.277735, 49.669067], [6.277723, 49.66906], [6.277697, 49.669056], [6.27767, 49.669056], [6.277655, 49.66905], [6.277659, 49.669025], [6.277662, 49.66901], [6.277647, 49.669003], [6.277624, 49.669], [6.277601, 49.669006], [6.277582, 49.669025], [6.277556, 49.66904], [6.277525, 49.669044], [6.277479, 49.669044], [6.27746, 49.66904], [6.277433, 49.66903], [6.277414, 49.66902], [6.277391, 49.669018], [6.277372, 49.669014], [6.277334, 49.669014], [6.277403, 49.668888], [6.277651, 49.668427], [6.278158, 49.66747], [6.278437, 49.667015], [6.27881, 49.666378], [6.278959, 49.666107], [6.279142, 49.66578], [6.279451, 49.665215], [6.279722, 49.664715], [6.279764, 49.66464], [6.279779, 49.664627], [6.27984, 49.664608], [6.279863, 49.664604], [6.279882, 49.66461], [6.279921, 49.664635], [6.27994, 49.664642], [6.279962, 49.66464], [6.279978, 49.66463], [6.279985, 49.664616], [6.279997, 49.664604], [6.280016, 49.6646], [6.280039, 49.664604], [6.28005, 49.66461], [6.280073, 49.66463], [6.2801, 49.664642], [6.280119, 49.664646], [6.280138, 49.664635], [6.280138, 49.664616], [6.280146, 49.664604], [6.280165, 49.664593], [6.280191, 49.66459], [6.280249, 49.664597], [6.280271, 49.664608], [6.280302, 49.66463], [6.280321, 49.66464], [6.280336, 49.664635], [6.28034, 49.664616], [6.28034, 49.6646], [6.280352, 49.66459], [6.280374, 49.664593], [6.28039, 49.6646], [6.280405, 49.664616], [6.280458, 49.66463], [6.280447, 49.664646], [6.280413, 49.664665], [6.280401, 49.66468], [6.280409, 49.664692], [6.28042, 49.6647], [6.280447, 49.664707], [6.280477, 49.664707], [6.280565, 49.6647], [6.280588, 49.664703], [6.280615, 49.664715], [6.280638, 49.66472], [6.280672, 49.664726], [6.280691, 49.664738], [6.280699, 49.66475], [6.28071, 49.664772], [6.280729, 49.66478], [6.280741, 49.664776], [6.280752, 49.66477], [6.28079, 49.6647], [6.280806, 49.664684], [6.280829, 49.664677], [6.280848, 49.66468], [6.280874, 49.664692], [6.280882, 49.664703], [6.280882, 49.664757], [6.280886, 49.66477], [6.280901, 49.664776], [6.28092, 49.664772], [6.280939, 49.66477], [6.280977, 49.664757], [6.280996, 49.664757], [6.281008, 49.664764], [6.281008, 49.66479], [6.281019, 49.6648], [6.281031, 49.6648], [6.28105, 49.664795], [6.281057, 49.664783], [6.281069, 49.66476], [6.281088, 49.664745], [6.281118, 49.664734], [6.281156, 49.66473], [6.281202, 49.66474], [6.281237, 49.664757], [6.281252, 49.664772], [6.281263, 49.664795], [6.281271, 49.66485], [6.281279, 49.664864], [6.281298, 49.664867], [6.281321, 49.664864], [6.281332, 49.664864], [6.281336, 49.66485], [6.281347, 49.664837], [6.28137, 49.66483], [6.281424, 49.664825], [6.281439, 49.664814], [6.281466, 49.664814], [6.281508, 49.664825], [6.28153, 49.66483], [6.281553, 49.664825], [6.281584, 49.664814], [6.281614, 49.66481], [6.281645, 49.664814], [6.281679, 49.66482], [6.281702, 49.66482], [6.281736, 49.66481], [6.28174, 49.664772], [6.281767, 49.66476], [6.281786, 49.66476], [6.281801, 49.664764], [6.281813, 49.66478], [6.281828, 49.66478], [6.281916, 49.664745], [6.281942, 49.664745], [6.281969, 49.664757], [6.281973, 49.664776], [6.281984, 49.664787], [6.282003, 49.664795], [6.282023, 49.66479], [6.282034, 49.664783], [6.282045, 49.664772], [6.282064, 49.66478], [6.282083, 49.664795], [6.282103, 49.6648], [6.282133, 49.664783], [6.282133, 49.664745], [6.282148, 49.664734], [6.282171, 49.664726], [6.28219, 49.66473], [6.282221, 49.664745], [6.282247, 49.66475], [6.282293, 49.664757], [6.282324, 49.664772], [6.282362, 49.664795], [6.282381, 49.6648], [6.282404, 49.664795], [6.282427, 49.664783], [6.282434, 49.664764], [6.282453, 49.66476], [6.282473, 49.66476], [6.282488, 49.66477], [6.282492, 49.664787], [6.282484, 49.66483], [6.282499, 49.66484], [6.282515, 49.664845], [6.282545, 49.66484], [6.282579, 49.66484], [6.282602, 49.66485], [6.282618, 49.66486], [6.282625, 49.664894], [6.282641, 49.664906], [6.282663, 49.664913], [6.282698, 49.664917], [6.282732, 49.664917], [6.282759, 49.66491], [6.282805, 49.664886], [6.28282, 49.664875], [6.282839, 49.66488], [6.282827, 49.664917], [6.282824, 49.664936], [6.282831, 49.664948], [6.282846, 49.66495], [6.282869, 49.66495], [6.282888, 49.664936], [6.282908, 49.66492], [6.282927, 49.664917], [6.282953, 49.66492], [6.283026, 49.66494], [6.283045, 49.66495], [6.283064, 49.66495], [6.283098, 49.664948], [6.283159, 49.66494], [6.283182, 49.66494], [6.283197, 49.664944], [6.283201, 49.66496], [6.283201, 49.664974], [6.283216, 49.664986], [6.283232, 49.66499], [6.283243, 49.66498], [6.28327, 49.664932], [6.283281, 49.664925], [6.283312, 49.664925], [6.283327, 49.664932], [6.283331, 49.664944], [6.283331, 49.664963], [6.283354, 49.665005], [6.283365, 49.665012], [6.283388, 49.66501], [6.283411, 49.665005], [6.283438, 49.66499], [6.283449, 49.66497], [6.283445, 49.664944], [6.283461, 49.664883], [6.28348, 49.66487], [6.283506, 49.66487], [6.283525, 49.66488], [6.283537, 49.664894], [6.283548, 49.664936], [6.283567, 49.664948], [6.28359, 49.66495], [6.283602, 49.664948], [6.283609, 49.664936], [6.28359, 49.66492], [6.283587, 49.664906], [6.283606, 49.66489], [6.283613, 49.664875], [6.283617, 49.66484], [6.283621, 49.664818], [6.28364, 49.664795], [6.283667, 49.664783], [6.28369, 49.664787], [6.283701, 49.6648], [6.283705, 49.664814], [6.283728, 49.664818], [6.283728, 49.6648], [6.283735, 49.664787], [6.283758, 49.664776], [6.283777, 49.664776], [6.283804, 49.664783], [6.283861, 49.664757], [6.283884, 49.66475], [6.283918, 49.664745], [6.283953, 49.664753], [6.283979, 49.66476], [6.283999, 49.664764], [6.28409, 49.664753], [6.284098, 49.66474], [6.28409, 49.664715], [6.284109, 49.6647], [6.28414, 49.664684], [6.284185, 49.664684], [6.284208, 49.66469], [6.284235, 49.66469], [6.284269, 49.6647], [6.284304, 49.664707], [6.284346, 49.66471], [6.284384, 49.664703], [6.28441, 49.664692], [6.284452, 49.664665], [6.284487, 49.66464], [6.284525, 49.66463], [6.284582, 49.66463], [6.284597, 49.66464], [6.284609, 49.66468], [6.284628, 49.664696], [6.284693, 49.664715], [6.284719, 49.664715], [6.284742, 49.664707], [6.284769, 49.664692], [6.284815, 49.66468], [6.284845, 49.66468], [6.284872, 49.66469], [6.284899, 49.664707], [6.284925, 49.664722], [6.284971, 49.664726], [6.285006, 49.664726], [6.285051, 49.66472], [6.285097, 49.664722], [6.285139, 49.664726], [6.285177, 49.66474], [6.285208, 49.664757], [6.285257, 49.66477], [6.28528, 49.66477], [6.285311, 49.66476], [6.285372, 49.664753], [6.285395, 49.664757], [6.285425, 49.664772], [6.285459, 49.664783], [6.285524, 49.664787], [6.285559, 49.664795], [6.285585, 49.664787], [6.285604, 49.664776], [6.285604, 49.66474], [6.285612, 49.664726], [6.285627, 49.66472], [6.28565, 49.66472], [6.285669, 49.664722], [6.285696, 49.66474], [6.285708, 49.66475], [6.28573, 49.66478], [6.285753, 49.66479], [6.285768, 49.66479], [6.285784, 49.664783], [6.285795, 49.66477], [6.285807, 49.66476], [6.285822, 49.664757], [6.285845, 49.664757], [6.285856, 49.66476], [6.285883, 49.66479], [6.285906, 49.6648], [6.285948, 49.664806], [6.28599, 49.664803], [6.286062, 49.664776], [6.28607, 49.664753], [6.286093, 49.664738], [6.286119, 49.664734], [6.286142, 49.664738], [6.28615, 49.66475], [6.286154, 49.664764], [6.286173, 49.664776], [6.2862, 49.66478], [6.286223, 49.664772], [6.286245, 49.66476], [6.286283, 49.664757], [6.286318, 49.66476], [6.286371, 49.66477], [6.286402, 49.66478], [6.286192, 49.6644], [6.285643, 49.6634], [6.285665, 49.66039], [6.285509, 49.65953], [6.285486, 49.65941], [6.282865, 49.659115], [6.282808, 49.659107], [6.282774, 49.659103], [6.28026, 49.65872], [6.280333, 49.6586], [6.280371, 49.658535], [6.280417, 49.658463], [6.280481, 49.65835], [6.280508, 49.658306], [6.280531, 49.658264], [6.280573, 49.658195], [6.280622, 49.658108], [6.280687, 49.658005], [6.280706, 49.65797], [6.280767, 49.65787], [6.280802, 49.65781], [6.280809, 49.657795], [6.280851, 49.657726], [6.280912, 49.657623], [6.280943, 49.657574], [6.28097, 49.657513], [6.280989, 49.657475], [6.281, 49.657448], [6.281176, 49.657135], [6.281248, 49.657116], [6.282053, 49.65724], [6.281984, 49.656834], [6.281942, 49.656578], [6.281881, 49.656143], [6.281858, 49.656], [6.281706, 49.65512], [6.281668, 49.654884], [6.28166, 49.654846], [6.281748, 49.65485], [6.281752, 49.654808], [6.281771, 49.654644], [6.281775, 49.65458], [6.281782, 49.654522], [6.28179, 49.654453], [6.28179, 49.654438], [6.281824, 49.65403], [6.281748, 49.65402], [6.281744, 49.65391], [6.281744, 49.653873], [6.28174, 49.653736], [6.281736, 49.653717], [6.281736, 49.653667], [6.281729, 49.653522], [6.281729, 49.653465], [6.281725, 49.653408], [6.281721, 49.65328], [6.281714, 49.65316], [6.281733, 49.653107], [6.282076, 49.652756], [6.282126, 49.652714], [6.282572, 49.652363], [6.28306, 49.65201], [6.283224, 49.6519], [6.283667, 49.65161], [6.284044, 49.65134], [6.284666, 49.65108], [6.285582, 49.650864], [6.286955, 49.65055], [6.288828, 49.649925], [6.289183, 49.649734], [6.289328, 49.649197], [6.289446, 49.649002], [6.289385, 49.64898], [6.289022, 49.64884], [6.289137, 49.64865], [6.289167, 49.648598], [6.289175, 49.648586], [6.289267, 49.64858], [6.289602, 49.648197], [6.289274, 49.64812], [6.289209, 49.648106], [6.289144, 49.64809], [6.288588, 49.64792], [6.289515, 49.64728], [6.289843, 49.647167], [6.290014, 49.64725], [6.29006, 49.647274], [6.289988, 49.64716], [6.2899, 49.647057], [6.28977, 49.646908], [6.289484, 49.646698], [6.28937, 49.64662], [6.289267, 49.64657], [6.289087, 49.646503], [6.289373, 49.646114], [6.28961, 49.645775], [6.289717, 49.645626], [6.289763, 49.645546], [6.289785, 49.64543], [6.289801, 49.645344], [6.289812, 49.64522], [6.289835, 49.64511], [6.289877, 49.644997], [6.289934, 49.644875], [6.290041, 49.64462], [6.290075, 49.644516], [6.290129, 49.64436], [6.290186, 49.64417], [6.290213, 49.644073], [6.290228, 49.643932], [6.290232, 49.64382], [6.290228, 49.643803], [6.290216, 49.64374], [6.29019, 49.643517], [6.290186, 49.643433], [6.290194, 49.64333], [6.290197, 49.64326], [6.290201, 49.64325], [6.290205, 49.64318], [6.290205, 49.643166], [6.290209, 49.643147], [6.290209, 49.6431], [6.290194, 49.64302], [6.290152, 49.642834], [6.290129, 49.64274], [6.290102, 49.642624], [6.290098, 49.64261], [6.290102, 49.64258], [6.290102, 49.642513], [6.29011, 49.64239], [6.29011, 49.642345], [6.290121, 49.64211], [6.290125, 49.64205], [6.290129, 49.642002], [6.290136, 49.641937], [6.29014, 49.64188], [6.290171, 49.641514], [6.290178, 49.641453], [6.290197, 49.641228], [6.290209, 49.64116], [6.290247, 49.640926], [6.290285, 49.640686], [6.290297, 49.640633], [6.290373, 49.640545], [6.290461, 49.64044], [6.290529, 49.640385], [6.290712, 49.64022], [6.29085, 49.640095], [6.290972, 49.639988], [6.291037, 49.63993], [6.291235, 49.639755], [6.291327, 49.639675], [6.291437, 49.639576], [6.291559, 49.63947], [6.291674, 49.639366], [6.291693, 49.639347], [6.291773, 49.63928], [6.291807, 49.639248], [6.291842, 49.639217], [6.291868, 49.6392], [6.291895, 49.639175], [6.291975, 49.639107], [6.292135, 49.638966], [6.292192, 49.63892], [6.292242, 49.638878], [6.29233, 49.638805], [6.292463, 49.638687], [6.292555, 49.638607], [6.292669, 49.638504], [6.292784, 49.638535], [6.292917, 49.638573], [6.293123, 49.63862], [6.293192, 49.638638], [6.293299, 49.63866], [6.293432, 49.638695], [6.293653, 49.638424], [6.293741, 49.638298], [6.293787, 49.638233], [6.293821, 49.638187], [6.29384, 49.638165], [6.29392, 49.638046], [6.294809, 49.63819], [6.295012, 49.63822], [6.295469, 49.638294], [6.295481, 49.638256], [6.295519, 49.63815], [6.295572, 49.637955], [6.295622, 49.637783], [6.295645, 49.637688], [6.295679, 49.637512], [6.295702, 49.63737], [6.295717, 49.637234], [6.295725, 49.637074], [6.295713, 49.636963], [6.295664, 49.636726], [6.295637, 49.636623], [6.295565, 49.636356], [6.296015, 49.63643], [6.296225, 49.636467], [6.29656, 49.63652], [6.296778, 49.63656], [6.296862, 49.636574], [6.296995, 49.636597], [6.297228, 49.636635], [6.29756, 49.63669], [6.297613, 49.6367], [6.297648, 49.636707], [6.297693, 49.636715], [6.297785, 49.63673], [6.297998, 49.63677], [6.298109, 49.636787], [6.29822, 49.636806], [6.298544, 49.636864], [6.298613, 49.636875], [6.298857, 49.636917], [6.29896, 49.636932], [6.299059, 49.636948], [6.299147, 49.636963], [6.299292, 49.63699], [6.299467, 49.63702], [6.299543, 49.63703], [6.299662, 49.637054], [6.299746, 49.637066], [6.299932, 49.6371], [6.300379, 49.637177], [6.30044, 49.637188], [6.300554, 49.637207], [6.300661, 49.637226], [6.300688, 49.63723], [6.300703, 49.637238], [6.300844, 49.637287], [6.300932, 49.63732], [6.301104, 49.637386], [6.301199, 49.637424], [6.30126, 49.63745], [6.30131, 49.637466], [6.301424, 49.637512], [6.301542, 49.637558], [6.301603, 49.6375], [6.301737, 49.637356], [6.301844, 49.637222], [6.301966, 49.637062], [6.302031, 49.636982], [6.302134, 49.637028], [6.302248, 49.637085], [6.302393, 49.637154], [6.302526, 49.63722], [6.302664, 49.637287], [6.302694, 49.637203], [6.302706, 49.637157], [6.30271, 49.63711], [6.302702, 49.63701], [6.302675, 49.636883], [6.302641, 49.636787], [6.302622, 49.636753], [6.302603, 49.63671], [6.30295, 49.636665], [6.303038, 49.636654], [6.303175, 49.636635], [6.303248, 49.636456], [6.30327, 49.636395], [6.303358, 49.636177], [6.303793, 49.63518], [6.303827, 49.6351], [6.303888, 49.63495], [6.303999, 49.634705], [6.304754, 49.63431], [6.304796, 49.634235], [6.304956, 49.63415], [6.307077, 49.63314], [6.307424, 49.632973], [6.307474, 49.63292], [6.307879, 49.632248], [6.308603, 49.63102], [6.308718, 49.63067], [6.308866, 49.630177], [6.309214, 49.628906], [6.30924, 49.62882], [6.309282, 49.62875], [6.309687, 49.628384], [6.309034, 49.6281], [6.307718, 49.62757], [6.307173, 49.627354], [6.307035, 49.627308], [6.306784, 49.627235], [6.30652, 49.627132], [6.305998, 49.626904], [6.305605, 49.6267], [6.304953, 49.626354], [6.30472, 49.62622], [6.304468, 49.62605], [6.304293, 49.625893], [6.303991, 49.62566], [6.303915, 49.625603], [6.303793, 49.62551], [6.303659, 49.625412], [6.30345, 49.625263], [6.303171, 49.62507], [6.302641, 49.62469], [6.302423, 49.62453], [6.301855, 49.62412], [6.301348, 49.62375], [6.300825, 49.623363], [6.300562, 49.62317], [6.300264, 49.62295], [6.299852, 49.62265], [6.299665, 49.622513], [6.299643, 49.622498], [6.299589, 49.622444], [6.299547, 49.622437], [6.299032, 49.621925], [6.298868, 49.62177], [6.298788, 49.62171], [6.298487, 49.621536], [6.2983, 49.62141], [6.297884, 49.621086], [6.297304, 49.620655], [6.296934, 49.620384], [6.296698, 49.620213], [6.296434, 49.61999], [6.295923, 49.619537], [6.295385, 49.61907], [6.294542, 49.61842], [6.29384, 49.617886], [6.293058, 49.61728], [6.292879, 49.61717], [6.292559, 49.617], [6.292387, 49.616875], [6.292223, 49.616707], [6.292181, 49.616642], [6.292231, 49.616634], [6.291819, 49.616276], [6.291029, 49.615654], [6.290373, 49.61514], [6.289682, 49.61462], [6.289045, 49.614132], [6.288168, 49.61348], [6.287233, 49.61279], [6.286894, 49.612545], [6.286577, 49.61239], [6.286116, 49.61207], [6.285887, 49.611885], [6.285753, 49.611736], [6.285616, 49.61162], [6.284456, 49.610775], [6.283556, 49.610126], [6.282732, 49.60953], [6.281858, 49.60891], [6.281298, 49.60851], [6.280466, 49.607895], [6.279921, 49.607487], [6.279718, 49.607307], [6.279528, 49.607132], [6.27923, 49.6068], [6.279097, 49.606686], [6.278784, 49.606434], [6.278612, 49.606277], [6.278479, 49.60611], [6.278357, 49.606003], [6.278116, 49.605896], [6.277609, 49.605675], [6.277388, 49.60552], [6.277021, 49.60525], [6.276869, 49.605133], [6.276682, 49.60496], [6.27627, 49.604557], [6.276064, 49.60434], [6.275934, 49.60418], [6.275736, 49.603916], [6.275499, 49.603592], [6.275488, 49.60355], [6.275476, 49.6035], [6.274939, 49.602913], [6.274771, 49.60272], [6.274672, 49.602592], [6.274653, 49.60255], [6.274633, 49.602474], [6.274607, 49.60239], [6.274534, 49.60229], [6.274439, 49.602173], [6.274267, 49.601948], [6.273958, 49.601513], [6.273786, 49.6013], [6.273821, 49.601288], [6.273912, 49.601254], [6.274168, 49.601154], [6.274427, 49.601055], [6.274595, 49.600994], [6.274893, 49.60088], [6.275175, 49.600777], [6.275412, 49.60069], [6.275488, 49.60077], [6.275583, 49.600853], [6.275679, 49.60094], [6.275763, 49.60101], [6.275923, 49.60113], [6.276079, 49.601242], [6.276163, 49.6013], [6.276289, 49.601364], [6.276426, 49.601433], [6.276495, 49.60146], [6.276689, 49.601524], [6.276758, 49.60154], [6.27696, 49.601578], [6.277109, 49.6016], [6.277449, 49.60164], [6.277475, 49.6018], [6.277491, 49.601883], [6.277502, 49.60195], [6.277514, 49.601997], [6.27754, 49.602116], [6.278109, 49.6021], [6.278349, 49.602097], [6.278662, 49.602097], [6.279089, 49.602108], [6.279432, 49.602135], [6.279833, 49.602165], [6.279974, 49.602306], [6.280649, 49.60247], [6.280729, 49.602493], [6.280935, 49.60253], [6.281412, 49.60262], [6.281965, 49.602715], [6.282087, 49.602734], [6.282137, 49.60274], [6.28219, 49.60275], [6.282331, 49.602737], [6.282721, 49.60271], [6.283033, 49.60269], [6.283297, 49.602676], [6.283483, 49.602665], [6.284391, 49.60263], [6.284937, 49.602608], [6.285311, 49.6024], [6.285795, 49.602123], [6.286337, 49.601818], [6.286852, 49.60183], [6.287199, 49.601833], [6.28763, 49.60183], [6.288107, 49.601826], [6.288515, 49.601818], [6.28861, 49.60168], [6.288774, 49.601448], [6.288973, 49.601173], [6.289125, 49.600952], [6.289183, 49.60081], [6.289308, 49.60045], [6.289339, 49.60035], [6.289431, 49.6001], [6.289553, 49.59976], [6.289763, 49.59962], [6.289823, 49.59958], [6.290011, 49.59945], [6.290129, 49.599354], [6.290319, 49.599216], [6.290369, 49.599155], [6.290556, 49.599113], [6.290846, 49.599045], [6.291044, 49.599], [6.291166, 49.598965], [6.291265, 49.59893], [6.291391, 49.598877], [6.291582, 49.5988], [6.29178, 49.598717], [6.291868, 49.598682], [6.291918, 49.598663], [6.291979, 49.59865], [6.292067, 49.598637], [6.29217, 49.59864], [6.292242, 49.598648], [6.292402, 49.598648], [6.292479, 49.59865], [6.292559, 49.59866], [6.29265, 49.59866], [6.292791, 49.59865], [6.292875, 49.59864], [6.293047, 49.598625], [6.293314, 49.59859], [6.293478, 49.598568], [6.293558, 49.598553], [6.293715, 49.598526], [6.294062, 49.598454], [6.294168, 49.59843], [6.294409, 49.598377], [6.294718, 49.598312], [6.295179, 49.598217], [6.295324, 49.597965], [6.295431, 49.597775], [6.2955, 49.59764], [6.295584, 49.597466], [6.295843, 49.596912], [6.295984, 49.596615], [6.296041, 49.596504], [6.296087, 49.596424], [6.296148, 49.59633], [6.296206, 49.596237], [6.296324, 49.59605], [6.296385, 49.59595], [6.296557, 49.595695], [6.296637, 49.595566], [6.296652, 49.595543], [6.296923, 49.595318], [6.296942, 49.595303], [6.297228, 49.595066], [6.297491, 49.5949], [6.297586, 49.594833], [6.297731, 49.594734], [6.297876, 49.594585], [6.298075, 49.594387], [6.298185, 49.594273], [6.298254, 49.594215], [6.298418, 49.59408], [6.298677, 49.593876], [6.298925, 49.593685], [6.299337, 49.59336], [6.299524, 49.593212], [6.299612, 49.593136], [6.299627, 49.59289], [6.299654, 49.592537], [6.299673, 49.592194], [6.299684, 49.59207], [6.2997, 49.59179], [6.29973, 49.591164], [6.299948, 49.591087], [6.300299, 49.59097], [6.300741, 49.59082], [6.301203, 49.590664], [6.301256, 49.59065], [6.301306, 49.59063], [6.301763, 49.590473], [6.301558, 49.590206], [6.301325, 49.589912], [6.301516, 49.589615], [6.301741, 49.589256], [6.302004, 49.588844], [6.302031, 49.5886], [6.302076, 49.58824], [6.302126, 49.587856], [6.302175, 49.587486], [6.302229, 49.587048], [6.302248, 49.586906], [6.302271, 49.586697], [6.302317, 49.586575], [6.302378, 49.58647], [6.302469, 49.58632], [6.302534, 49.586113], [6.302633, 49.585804], [6.302671, 49.58568], [6.302744, 49.585423], [6.302816, 49.58517], [6.302854, 49.585014], [6.302813, 49.584885], [6.302694, 49.58457], [6.30261, 49.584362], [6.302549, 49.584194], [6.302412, 49.58381], [6.302362, 49.583748], [6.302301, 49.58369], [6.302187, 49.583588], [6.30187, 49.583336], [6.301558, 49.58313], [6.301184, 49.582886], [6.301149, 49.582867], [6.301065, 49.582817], [6.300833, 49.582676], [6.300821, 49.58267], [6.300764, 49.58263], [6.300711, 49.582664], [6.299994, 49.58316], [6.299272, 49.583664], [6.298796, 49.58399], [6.298384, 49.58428], [6.297941, 49.584583], [6.297449, 49.584904], [6.297266, 49.585], [6.29706, 49.585075], [6.296866, 49.585136], [6.296297, 49.585297], [6.295336, 49.58557], [6.294275, 49.585876], [6.293188, 49.586193], [6.29191, 49.58656], [6.291769, 49.586437], [6.291658, 49.586376], [6.291575, 49.58634], [6.291456, 49.586315], [6.291315, 49.586296], [6.291182, 49.586292], [6.29072, 49.5863], [6.290331, 49.586308], [6.289946, 49.586323], [6.289144, 49.586376], [6.28834, 49.58643], [6.287813, 49.586456], [6.287153, 49.58648], [6.285646, 49.586533], [6.284857, 49.58656], [6.284609, 49.58656], [6.28443, 49.58654], [6.283468, 49.58632], [6.282762, 49.586174], [6.282049, 49.586033], [6.281446, 49.585926], [6.280676, 49.58579], [6.27976, 49.585636], [6.278978, 49.585503], [6.278009, 49.58533], [6.277349, 49.5852], [6.276651, 49.585064], [6.276049, 49.58494], [6.274813, 49.584732], [6.274172, 49.584698], [6.273165, 49.58468], [6.272062, 49.58464], [6.271055, 49.584595], [6.269876, 49.58436], [6.26948, 49.58423], [6.268679, 49.583954], [6.268648, 49.583786], [6.268644, 49.583645], [6.268778, 49.583256], [6.268755, 49.58314], [6.268629, 49.582916], [6.268229, 49.582363], [6.267946, 49.581924], [6.267733, 49.581493], [6.267557, 49.581097], [6.267248, 49.5805], [6.26745, 49.57996], [6.267412, 49.579956], [6.267225, 49.579712], [6.267145, 49.57961], [6.267126, 49.579582], [6.267069, 49.57951], [6.267019, 49.57945], [6.266958, 49.579365], [6.266672, 49.579136], [6.266611, 49.579086], [6.266451, 49.578957], [6.266233, 49.57885], [6.265974, 49.578728], [6.265772, 49.578648], [6.265829, 49.578903], [6.265833, 49.579086], [6.265818, 49.5792], [6.265745, 49.57941], [6.26568, 49.579605], [6.265642, 49.579693], [6.265596, 49.5798], [6.265551, 49.5799], [6.265417, 49.579838], [6.265524, 49.579567], [6.265654, 49.57912], [6.265661, 49.57902], [6.265528, 49.579014], [6.265512, 49.578655], [6.265524, 49.57855], [6.265589, 49.578457], [6.265688, 49.578354], [6.265806, 49.57825], [6.265665, 49.57825], [6.265501, 49.578255], [6.265406, 49.578255], [6.265314, 49.57825], [6.263922, 49.578487], [6.263815, 49.578506], [6.263189, 49.578583], [6.262548, 49.578636], [6.262449, 49.57864], [6.262007, 49.578655], [6.261931, 49.57866], [6.261786, 49.578667], [6.261675, 49.57867], [6.261267, 49.57869], [6.261232, 49.57869], [6.260694, 49.578716], [6.260588, 49.57872], [6.260405, 49.578728], [6.260134, 49.578743], [6.259455, 49.578777], [6.259355, 49.578674], [6.259287, 49.578617], [6.259131, 49.5785], [6.259024, 49.578415], [6.258932, 49.578346], [6.258692, 49.578175], [6.258577, 49.578102], [6.258383, 49.577976], [6.258211, 49.577877], [6.258108, 49.577766], [6.25783, 49.577473], [6.257791, 49.57743], [6.257738, 49.577362], [6.25762, 49.577217], [6.257585, 49.577168], [6.257505, 49.577072], [6.257429, 49.576977], [6.257353, 49.576874], [6.257132, 49.5766], [6.257059, 49.576504], [6.256975, 49.576397], [6.256929, 49.57634], [6.256876, 49.576256], [6.256864, 49.576225], [6.256834, 49.576157], [6.256807, 49.576084], [6.256796, 49.576046], [6.256727, 49.575756], [6.256704, 49.575695], [6.256689, 49.575645], [6.256678, 49.575634], [6.256647, 49.57559], [6.256628, 49.575558], [6.256559, 49.57548], [6.256529, 49.575447], [6.256487, 49.57541], [6.256411, 49.575336], [6.256327, 49.575283], [6.256296, 49.57526], [6.256052, 49.5751], [6.256025, 49.575077], [6.255938, 49.575012], [6.255842, 49.574936], [6.255812, 49.57491], [6.255739, 49.574844], [6.255606, 49.574726], [6.255568, 49.574677], [6.255487, 49.574566], [6.255442, 49.574486], [6.255446, 49.57446], [6.255484, 49.57425], [6.255533, 49.574062], [6.255636, 49.57364], [6.255659, 49.57355], [6.25567, 49.573467], [6.255667, 49.57344], [6.255655, 49.573406], [6.255568, 49.57322], [6.255446, 49.57293], [6.255381, 49.572784], [6.255373, 49.572674], [6.255388, 49.57257], [6.255419, 49.57246], [6.25551, 49.572224], [6.255526, 49.572193], [6.255541, 49.572155], [6.25572, 49.571877], [6.256033, 49.57144], [6.256166, 49.571255], [6.256384, 49.570984], [6.256895, 49.570576], [6.257189, 49.570347], [6.257486, 49.570126], [6.257505, 49.57011], [6.2572, 49.570004], [6.256258, 49.569695], [6.255793, 49.56954], [6.255732, 49.56954], [6.255526, 49.56951], [6.255083, 49.56939], [6.254805, 49.569317], [6.254644, 49.569225], [6.254213, 49.56899], [6.253969, 49.56881], [6.253839, 49.568707], [6.253775, 49.568645], [6.25345, 49.568596], [6.25297, 49.56842], [6.2525, 49.568363], [6.252081, 49.568214], [6.251707, 49.56814], [6.251111, 49.56798], [6.250673, 49.567863], [6.250269, 49.56789], [6.249365, 49.567646], [6.248819, 49.567566], [6.248041, 49.567677], [6.247458, 49.567623], [6.246908, 49.567627], [6.245954, 49.567654], [6.245592, 49.567608], [6.24468, 49.56769], [6.243681, 49.567707], [6.24299, 49.56758], [6.242502, 49.567665], [6.242311, 49.56766], [6.24188, 49.567657], [6.241777, 49.567654], [6.241625, 49.56766], [6.240965, 49.568027], [6.240385, 49.568546], [6.239901, 49.569252], [6.239576, 49.569576], [6.239481, 49.56965], [6.238653, 49.569843], [6.238039, 49.569996], [6.237852, 49.570034], [6.23752, 49.570087], [6.23694, 49.570164], [6.236567, 49.57021], [6.236353, 49.570213], [6.23612, 49.570206], [6.235346, 49.570168], [6.234545, 49.57013], [6.234087, 49.570103], [6.233744, 49.570072], [6.233572, 49.570053], [6.233442, 49.57004], [6.233198, 49.57001], [6.232969, 49.569992], [6.23276, 49.569984], [6.23234, 49.570007], [6.23197, 49.570004], [6.231802, 49.569996], [6.23171, 49.569996], [6.231554, 49.57], [6.231443, 49.57001], [6.231302, 49.57003], [6.231237, 49.57004], [6.231207, 49.56998], [6.231127, 49.56981], [6.231008, 49.569546], [6.230982, 49.56949], [6.230887, 49.569202], [6.230825, 49.569004], [6.231134, 49.568787], [6.231375, 49.568615], [6.231516, 49.568516], [6.231806, 49.568382], [6.232061, 49.568172], [6.232248, 49.56802], [6.232401, 49.567894], [6.232038, 49.56761], [6.232252, 49.56737], [6.232553, 49.567043], [6.232904, 49.56672], [6.233049, 49.566574], [6.233339, 49.566284], [6.23353, 49.566086], [6.233595, 49.56561], [6.233599, 49.565594], [6.233606, 49.565525], [6.233652, 49.565434], [6.233679, 49.565384], [6.233889, 49.564976], [6.233847, 49.56494], [6.23382, 49.564915], [6.233713, 49.564827], [6.23361, 49.564735], [6.233526, 49.564667], [6.233511, 49.56465], [6.23345, 49.56459], [6.233381, 49.564526], [6.233343, 49.56448], [6.233236, 49.564365], [6.233183, 49.56431], [6.233126, 49.564247], [6.23311, 49.564228], [6.23308, 49.564198], [6.233019, 49.564133], [6.232946, 49.564053], [6.232782, 49.563877], [6.232687, 49.56377], [6.232401, 49.56353], [6.232267, 49.56342], [6.232122, 49.563297], [6.232092, 49.56327], [6.232054, 49.563213], [6.231993, 49.563133], [6.231878, 49.562973], [6.231829, 49.5629], [6.231714, 49.56274], [6.231676, 49.562687], [6.231642, 49.562645], [6.231741, 49.562546], [6.231806, 49.56249], [6.231939, 49.562363], [6.231978, 49.56233], [6.232367, 49.561974], [6.232439, 49.56185], [6.232515, 49.561672], [6.232855, 49.560806], [6.232935, 49.560673], [6.233072, 49.56044], [6.232962, 49.56043], [6.232843, 49.56041], [6.232744, 49.5604], [6.232698, 49.56039], [6.232199, 49.560272], [6.232054, 49.560226], [6.23197, 49.5602], [6.231813, 49.560135], [6.231684, 49.560062], [6.231607, 49.560017], [6.231566, 49.55998], [6.231302, 49.559704], [6.231199, 49.55956], [6.231169, 49.559464], [6.231108, 49.559284], [6.231081, 49.559177], [6.231051, 49.55904], [6.231024, 49.558887], [6.231024, 49.558853], [6.231001, 49.558586], [6.231012, 49.55832], [6.231054, 49.55811], [6.231108, 49.557945], [6.231165, 49.557804], [6.231218, 49.55768], [6.231463, 49.557465], [6.231531, 49.557404], [6.231585, 49.557358], [6.231646, 49.5573], [6.231707, 49.55725], [6.231821, 49.557148], [6.231928, 49.55705], [6.232023, 49.55696], [6.232084, 49.556904], [6.232229, 49.556763], [6.232332, 49.556664], [6.232443, 49.55656], [6.232626, 49.556385], [6.232664, 49.556328], [6.23276, 49.55619], [6.232847, 49.55606], [6.232904, 49.555977], [6.232965, 49.55589], [6.233068, 49.555927], [6.233335, 49.555565], [6.233484, 49.555412], [6.233713, 49.555202], [6.233896, 49.555065], [6.234098, 49.55491], [6.23448, 49.554676], [6.234865, 49.554474], [6.235334, 49.55425], [6.235475, 49.554195], [6.235308, 49.553905], [6.235258, 49.55383], [6.235251, 49.55381], [6.23522, 49.553764], [6.235193, 49.553715], [6.235163, 49.553665], [6.235102, 49.553555], [6.235044, 49.553463], [6.235022, 49.553417], [6.234953, 49.553307], [6.234545, 49.55343], [6.234057, 49.55363], [6.233519, 49.55388], [6.233412, 49.553932], [6.233267, 49.553997], [6.232561, 49.553658], [6.232145, 49.553474], [6.23179, 49.55334], [6.231386, 49.55323], [6.231176, 49.553177], [6.230921, 49.553127], [6.230326, 49.553032], [6.23028, 49.553024], [6.229734, 49.553463], [6.22912, 49.553978], [6.228296, 49.554615], [6.227991, 49.554867], [6.227358, 49.555492], [6.227137, 49.55575], [6.226603, 49.55681], [6.226507, 49.55684], [6.22624, 49.556835], [6.226122, 49.556805], [6.225828, 49.55672], [6.225706, 49.556686], [6.225542, 49.556637], [6.22547, 49.556614], [6.225203, 49.55652], [6.225042, 49.556454], [6.224478, 49.5562], [6.224188, 49.55604], [6.223822, 49.555836], [6.223516, 49.556183], [6.222967, 49.555977], [6.222658, 49.55586], [6.222444, 49.55579], [6.221853, 49.555603], [6.221777, 49.55558], [6.221731, 49.55557], [6.221544, 49.555515], [6.22106, 49.555397], [6.220575, 49.55528], [6.220472, 49.555256], [6.220266, 49.555202], [6.220091, 49.555164], [6.220038, 49.55515], [6.219774, 49.5551], [6.219316, 49.555008], [6.219217, 49.55499], [6.219259, 49.55492], [6.219431, 49.55465], [6.219511, 49.554523], [6.219564, 49.554245], [6.219591, 49.5541], [6.21961, 49.55405], [6.219644, 49.553986], [6.219797, 49.55379], [6.219889, 49.553646], [6.220079, 49.553314], [6.220224, 49.553013], [6.220293, 49.552845], [6.220385, 49.55263], [6.220453, 49.552464], [6.220621, 49.552044], [6.220766, 49.551918], [6.220999, 49.551723], [6.221205, 49.55154], [6.221224, 49.55152], [6.221411, 49.551357], [6.221491, 49.551285], [6.221537, 49.551247], [6.2218, 49.55102], [6.221827, 49.551006], [6.221945, 49.550938], [6.222052, 49.550873], [6.222082, 49.550846], [6.222174, 49.550724], [6.222246, 49.55067], [6.222311, 49.550632], [6.222372, 49.550602], [6.222494, 49.550533], [6.222639, 49.550453], [6.222689, 49.550423], [6.222708, 49.55041], [6.222902, 49.55029], [6.222933, 49.55027], [6.223181, 49.550095], [6.223379, 49.54998], [6.223425, 49.549957], [6.223715, 49.54984], [6.223738, 49.549828], [6.223822, 49.549686], [6.223825, 49.549675], [6.223841, 49.549644], [6.22389, 49.549522], [6.223913, 49.54946], [6.223944, 49.549385], [6.223959, 49.54932], [6.223967, 49.549294], [6.223974, 49.54928], [6.223993, 49.54923], [6.22402, 49.549168], [6.224039, 49.549118], [6.224066, 49.54907], [6.2241, 49.549004], [6.224123, 49.548965], [6.224142, 49.54893], [6.224234, 49.548794], [6.224268, 49.54875], [6.224302, 49.54871], [6.224337, 49.548664], [6.22436, 49.548637], [6.224413, 49.54858], [6.224516, 49.548477], [6.224722, 49.548267], [6.224798, 49.548195], [6.22476, 49.54811], [6.224897, 49.548008], [6.22502, 49.547935], [6.225138, 49.547863], [6.225183, 49.547844], [6.22537, 49.547756], [6.225515, 49.547703], [6.225676, 49.54765], [6.22579, 49.547615], [6.226168, 49.547504], [6.226458, 49.547417], [6.226309, 49.54735], [6.225908, 49.547203], [6.225504, 49.547066], [6.22526, 49.546986], [6.225359, 49.54688], [6.225466, 49.546764], [6.225573, 49.546646], [6.225668, 49.546543], [6.225779, 49.54642], [6.226011, 49.54617], [6.226046, 49.546135], [6.226091, 49.546085], [6.226236, 49.545933], [6.226442, 49.545727], [6.226538, 49.545628], [6.22666, 49.545506], [6.226927, 49.545242], [6.227476, 49.54469], [6.227503, 49.54466], [6.227632, 49.544716], [6.228018, 49.544888], [6.228449, 49.54507], [6.228697, 49.545177], [6.229002, 49.545288], [6.229265, 49.545383], [6.229372, 49.545303], [6.229521, 49.545193], [6.229643, 49.5451], [6.229765, 49.545013], [6.229963, 49.54487], [6.230169, 49.544716], [6.23036, 49.54458], [6.230135, 49.54444], [6.229876, 49.544292], [6.229494, 49.54407], [6.229376, 49.544003], [6.229231, 49.543915], [6.228846, 49.543694], [6.228464, 49.543476], [6.228254, 49.54336], [6.228151, 49.5433], [6.228235, 49.543217], [6.228281, 49.543175], [6.228338, 49.54312], [6.228399, 49.543064], [6.22859, 49.542892], [6.228647, 49.542847], [6.228697, 49.54281], [6.228819, 49.542713], [6.22888, 49.542667], [6.229044, 49.54255], [6.229196, 49.542454], [6.229383, 49.54235], [6.229418, 49.54233], [6.2292, 49.542046], [6.228857, 49.541553], [6.228754, 49.54143], [6.228617, 49.541256], [6.22838, 49.540966], [6.228693, 49.540806], [6.229395, 49.540535], [6.229891, 49.540367], [6.230116, 49.540287], [6.230062, 49.540253], [6.229986, 49.540207], [6.229818, 49.5401], [6.22978, 49.540077], [6.22957, 49.539936], [6.229284, 49.539738], [6.229147, 49.539616], [6.229078, 49.53953], [6.229032, 49.539455], [6.229013, 49.53942], [6.228968, 49.53932], [6.228918, 49.539177], [6.228838, 49.5388], [6.228781, 49.53854], [6.228979, 49.538483], [6.229166, 49.538433], [6.229105, 49.538307], [6.229021, 49.53813], [6.228929, 49.537933], [6.228914, 49.537888], [6.228865, 49.537766], [6.228823, 49.537643], [6.228804, 49.53756], [6.229368, 49.53756], [6.229708, 49.537567], [6.229944, 49.53758], [6.230372, 49.537617], [6.230623, 49.537647], [6.230719, 49.537655], [6.230848, 49.53767], [6.231108, 49.537163], [6.231386, 49.536625], [6.231356, 49.536617], [6.23139, 49.536552], [6.231451, 49.536434], [6.231516, 49.536316], [6.231611, 49.536148], [6.231703, 49.535995], [6.231798, 49.53582], [6.231821, 49.535786], [6.231867, 49.535698], [6.231928, 49.53561], [6.231878, 49.5356], [6.232103, 49.53531], [6.232248, 49.5351], [6.23239, 49.534924], [6.232531, 49.534767], [6.232824, 49.534473], [6.233427, 49.533916], [6.233644, 49.533726], [6.233694, 49.533684], [6.233728, 49.533653], [6.233801, 49.533638], [6.233877, 49.533623], [6.234064, 49.53358], [6.234262, 49.53354], [6.23461, 49.533447], [6.234865, 49.53337], [6.235437, 49.533184], [6.235804, 49.533592], [6.236036, 49.533512], [6.236155, 49.533466], [6.236292, 49.533417], [6.23636, 49.533394], [6.236525, 49.533333], [6.236631, 49.533295], [6.236753, 49.533253], [6.236776, 49.53323], [6.236807, 49.533207], [6.237074, 49.53298], [6.237276, 49.53281], [6.237379, 49.532722], [6.237478, 49.532642], [6.237501, 49.532623], [6.237394, 49.532547], [6.237417, 49.532528], [6.23773, 49.532253], [6.237947, 49.532063], [6.238081, 49.531933], [6.238329, 49.531693], [6.238718, 49.53132], [6.238932, 49.531113], [6.238981, 49.531067], [6.239023, 49.531025], [6.239153, 49.5309], [6.239405, 49.53066], [6.239531, 49.530537], [6.239546, 49.530525], [6.23971, 49.530365], [6.239573, 49.530296], [6.239473, 49.530247], [6.23934, 49.53018], [6.239256, 49.530144], [6.239195, 49.530113], [6.239153, 49.530094], [6.239023, 49.53003], [6.23897, 49.53], [6.238893, 49.52996], [6.23871, 49.52986], [6.238668, 49.52984], [6.238592, 49.5298], [6.238577, 49.529793], [6.238501, 49.52975], [6.23842, 49.52971], [6.238253, 49.52962], [6.238173, 49.52958], [6.238062, 49.529522], [6.238016, 49.529495], [6.237905, 49.529438], [6.23786, 49.52941], [6.237822, 49.529392], [6.237738, 49.529346], [6.237669, 49.529312], [6.237478, 49.529198], [6.237287, 49.529083], [6.236948, 49.528877], [6.236799, 49.528793], [6.236681, 49.52873], [6.236513, 49.528637], [6.236422, 49.528587], [6.235983, 49.52836], [6.235796, 49.52826], [6.235666, 49.528187], [6.235434, 49.52806], [6.235315, 49.527992], [6.235899, 49.527573], [6.236063, 49.527454], [6.236135, 49.52741], [6.236204, 49.52736], [6.236219, 49.52735], [6.236414, 49.52721], [6.236269, 49.52711], [6.236223, 49.527077], [6.236048, 49.526962], [6.236402, 49.526737], [6.236753, 49.526505], [6.237116, 49.52624], [6.237528, 49.52591], [6.237555, 49.525887], [6.237818, 49.525997], [6.237841, 49.52598], [6.238203, 49.52564], [6.238348, 49.52551], [6.238405, 49.52546], [6.23868, 49.525246], [6.23871, 49.525223], [6.23918, 49.52489], [6.239492, 49.52467], [6.239355, 49.524536], [6.239344, 49.52453], [6.239252, 49.52444], [6.239141, 49.524326], [6.239107, 49.52428], [6.239084, 49.524246], [6.238936, 49.52396], [6.238661, 49.523464], [6.238771, 49.523438], [6.238874, 49.52341], [6.238707, 49.523163], [6.238508, 49.522907], [6.238375, 49.522717], [6.238298, 49.5226], [6.238253, 49.5225], [6.238154, 49.522293], [6.238031, 49.521965], [6.23802, 49.52193], [6.237993, 49.521896], [6.237871, 49.521793], [6.237608, 49.521576], [6.23749, 49.52147], [6.237391, 49.521385], [6.237299, 49.521286], [6.2372, 49.521183], [6.23733, 49.52114], [6.237162, 49.520714], [6.237108, 49.520596], [6.23707, 49.520515], [6.236994, 49.520405], [6.236761, 49.520138], [6.236673, 49.520046], [6.236578, 49.51994], [6.236528, 49.519867], [6.236483, 49.51979], [6.236452, 49.519714], [6.236402, 49.519527], [6.23638, 49.519398], [6.236349, 49.519264], [6.236303, 49.51914], [6.236265, 49.51907], [6.236235, 49.51902], [6.236132, 49.518867], [6.23591, 49.51859], [6.235857, 49.51852], [6.2358, 49.518448], [6.23572, 49.518337], [6.235704, 49.518303], [6.235689, 49.518276], [6.235624, 49.51811], [6.235567, 49.51796], [6.235533, 49.517883], [6.235487, 49.51781], [6.23543, 49.51775], [6.235334, 49.51769], [6.235102, 49.5176], [6.234976, 49.517555], [6.2348, 49.517517], [6.234755, 49.517506], [6.234659, 49.517487], [6.234739, 49.517326], [6.234841, 49.517098], [6.234865, 49.517067], [6.234987, 49.51693], [6.235121, 49.51664], [6.235132, 49.516613], [6.235472, 49.516663], [6.23612, 49.516796], [6.236815, 49.516922], [6.237063, 49.516983], [6.237253, 49.51701], [6.237555, 49.51702], [6.237802, 49.517006], [6.238085, 49.516945], [6.238333, 49.51686], [6.23842, 49.516808], [6.238485, 49.516724], [6.238588, 49.516567], [6.239004, 49.516285], [6.239683, 49.5158], [6.239824, 49.515717], [6.24, 49.515587], [6.240122, 49.51538], [6.240183, 49.51534], [6.24021, 49.51532], [6.24048, 49.515095], [6.240534, 49.51507], [6.240648, 49.515022], [6.240583, 49.515015], [6.240651, 49.514937], [6.240639, 49.514793], [6.240673, 49.514625], [6.240651, 49.514451], [6.240463, 49.514251], [6.24037, 49.514198], [6.24014, 49.514113], [6.239554, 49.513959], [6.239357, 49.513861], [6.239193, 49.513756], [6.239064, 49.513645], [6.238959, 49.513503], [6.238915, 49.513354], [6.238879, 49.513091], [6.238921, 49.51264], [6.238871, 49.512405], [6.238835, 49.512267], [6.23875, 49.512044], [6.238029, 49.51096], [6.237959, 49.510813], [6.23673, 49.508991], [6.236233, 49.508255], [6.236164, 49.508152], [6.234274, 49.50879], [6.233835, 49.509], [6.233118, 49.50921], [6.232305, 49.509377], [6.232122, 49.509403], [6.231878, 49.50943], [6.22986, 49.50957], [6.229231, 49.509598], [6.229063, 49.509598], [6.228678, 49.509563], [6.228273, 49.50951], [6.228258, 49.50953], [6.227575, 49.510357], [6.224573, 49.50953], [6.222803, 49.509182], [6.220003, 49.50877], [6.21987, 49.509544], [6.21837, 49.509403], [6.218103, 49.509964], [6.217131, 49.509758], [6.216372, 49.509014], [6.216814, 49.508774], [6.217306, 49.507885], [6.217035, 49.50786], [6.21723, 49.506898], [6.216768, 49.506752], [6.215895, 49.5066], [6.214502, 49.506348], [6.213781, 49.506287], [6.21303, 49.50626], [6.212423, 49.506264], [6.211592, 49.506298], [6.211256, 49.50629], [6.210337, 49.50624], [6.209372, 49.506195], [6.209166, 49.506195], [6.208601, 49.50619], [6.208059, 49.506207], [6.207659, 49.50623], [6.207403, 49.506252], [6.205481, 49.50658], [6.205347, 49.506588], [6.204054, 49.506786], [6.202902, 49.50699], [6.202501, 49.50701], [6.202124, 49.50694], [6.201334, 49.506763], [6.200728, 49.50662], [6.199354, 49.506252], [6.19816, 49.505947], [6.196791, 49.50561], [6.195761, 49.50536], [6.195746, 49.50539], [6.195246, 49.506424], [6.194029, 49.50624], [6.194002, 49.506306], [6.193163, 49.506237], [6.193048, 49.506204], [6.192968, 49.506182], [6.192888, 49.50616], [6.192186, 49.506054], [6.191755, 49.50599], [6.191565, 49.50598], [6.191359, 49.505978], [6.190756, 49.506073], [6.190008, 49.50619], [6.18836, 49.50637], [6.188192, 49.506428], [6.187487, 49.506702], [6.18717, 49.50682], [6.186384, 49.506966], [6.185465, 49.507164], [6.184641, 49.507347], [6.183596, 49.507584], [6.18273, 49.50776], [6.182119, 49.50786], [6.181612, 49.507915], [6.181215, 49.50795], [6.180841, 49.50801], [6.180788, 49.507965], [6.180471, 49.507595], [6.180269, 49.507305], [6.180258, 49.507286], [6.178308, 49.506958], [6.178145, 49.507202], [6.177465, 49.50784], [6.177141, 49.50811], [6.176603, 49.50861], [6.176836, 49.508785], [6.176905, 49.50887], [6.176737, 49.50971], [6.176859, 49.509975], [6.17639, 49.510197], [6.176207, 49.510246], [6.175325, 49.510338], [6.175142, 49.510345], [6.174974, 49.510307], [6.174753, 49.510197], [6.174444, 49.510025], [6.173876, 49.50963], [6.173533, 49.50941], [6.173227, 49.509167], [6.172754, 49.50872], [6.172436, 49.508502], [6.17222, 49.50827], [6.171991, 49.508144], [6.171244, 49.50781], [6.170832, 49.507645], [6.170637, 49.507584], [6.17034, 49.50749], [6.169813, 49.507248], [6.169632, 49.507199], [6.169256, 49.507098], [6.16926, 49.507065], [6.168604, 49.50678], [6.168219, 49.506565], [6.167955, 49.50644], [6.167555, 49.506298], [6.167047, 49.506104], [6.166578, 49.50595], [6.166006, 49.505745], [6.165438, 49.50554], [6.165323, 49.505497], [6.165121, 49.505398], [6.164431, 49.504936], [6.164045, 49.504723], [6.163629, 49.504543], [6.163412, 49.50447], [6.162619, 49.504284], [6.161997, 49.504158], [6.161936, 49.504147], [6.161749, 49.5046], [6.161653, 49.50492], [6.161615, 49.50491], [6.159914, 49.504425], [6.158541, 49.504], [6.158319, 49.504288], [6.15735, 49.503967], [6.157114, 49.504234], [6.156546, 49.504013], [6.155958, 49.503666], [6.156061, 49.50354], [6.155542, 49.50283], [6.154688, 49.50215], [6.154799, 49.502052], [6.153929, 49.50165], [6.153891, 49.501633], [6.1541, 49.5013], [6.154478, 49.500797], [6.154592, 49.50054], [6.154875, 49.50008], [6.15521, 49.499573], [6.155466, 49.499245], [6.156256, 49.498016], [6.15637, 49.497849], [6.156549, 49.497623], [6.156569, 49.497596], [6.156758, 49.497389], [6.156851, 49.497284], [6.156931, 49.49723], [6.157083, 49.497063], [6.157259, 49.496929], [6.157473, 49.49673], [6.157711, 49.496589], [6.158041, 49.496384], [6.158119, 49.496321], [6.15814, 49.496304], [6.158285, 49.496227], [6.15843, 49.49618], [6.158628, 49.496166], [6.158976, 49.49612], [6.159372, 49.495995], [6.159624, 49.495888], [6.159597, 49.495846], [6.160124, 49.49549], [6.16036, 49.49531], [6.160494, 49.49516], [6.160822, 49.494713], [6.161116, 49.49439], [6.161264, 49.494457], [6.161814, 49.494083], [6.16205, 49.493954], [6.162226, 49.493885], [6.162294, 49.493835], [6.162432, 49.493496], [6.162493, 49.493484], [6.161833, 49.49267], [6.161776, 49.492687], [6.16094, 49.49234], [6.159437, 49.49177], [6.158701, 49.49163], [6.157335, 49.491478], [6.156794, 49.492275], [6.156336, 49.4928], [6.155855, 49.493393], [6.155321, 49.49325], [6.155031, 49.493313], [6.154001, 49.49301], [6.153501, 49.49288], [6.152807, 49.49274], [6.153135, 49.49171], [6.153026, 49.491678], [6.152815, 49.491615], [6.152159, 49.491413], [6.152058, 49.491383], [6.151438, 49.491196], [6.150755, 49.490993], [6.150377, 49.49087], [6.149797, 49.49059], [6.148626, 49.490078], [6.148086, 49.489749], [6.147354, 49.489303], [6.14675, 49.48895], [6.146592, 49.488868], [6.146563, 49.488853], [6.146158, 49.48863], [6.145617, 49.488358], [6.144697, 49.487892], [6.144316, 49.48775], [6.143511, 49.487457], [6.142672, 49.487213], [6.142237, 49.4869], [6.140768, 49.48667], [6.140779, 49.487072], [6.140799, 49.487465], [6.140833, 49.4883], [6.141031, 49.488945], [6.141287, 49.489662], [6.141645, 49.490623], [6.141756, 49.49168], [6.141604, 49.49166], [6.141237, 49.491615], [6.140856, 49.491566], [6.140657, 49.49154], [6.140539, 49.491524], [6.140451, 49.491516], [6.13949, 49.491394], [6.138941, 49.491295], [6.138887, 49.491276], [6.138456, 49.491127], [6.13822, 49.491055], [6.138052, 49.490997], [6.137888, 49.490944], [6.137697, 49.490875], [6.13735, 49.490753], [6.137224, 49.490707], [6.137159, 49.490704], [6.136919, 49.490685], [6.136499, 49.490658], [6.136019, 49.490532], [6.135767, 49.490463], [6.134863, 49.490253], [6.134413, 49.490147], [6.13426, 49.49011], [6.13373, 49.489975], [6.132795, 49.489994], [6.132097, 49.490414], [6.13175, 49.490627], [6.131483, 49.491], [6.131243, 49.491344], [6.130892, 49.491837], [6.130575, 49.49217], [6.130217, 49.492558], [6.129667, 49.492874], [6.129019, 49.49327], [6.128618, 49.49356], [6.128252, 49.49382], [6.128103, 49.493904], [6.128073, 49.49391], [6.128038, 49.49392], [6.128031, 49.493786], [6.127939, 49.49322], [6.127871, 49.492874], [6.127832, 49.49271], [6.127829, 49.4927], [6.127714, 49.4922], [6.127535, 49.491413], [6.127211, 49.49085], [6.127134, 49.49072], [6.126963, 49.490406], [6.126749, 49.490025], [6.12676, 49.49002], [6.126776, 49.489853], [6.126818, 49.489372], [6.126829, 49.48923], [6.126852, 49.488976], [6.126871, 49.488834], [6.126917, 49.48834], [6.126944, 49.487984], [6.126963, 49.487907], [6.127054, 49.487274], [6.127108, 49.486748], [6.127119, 49.486645], [6.127119, 49.486538], [6.12715, 49.486202], [6.127161, 49.486023], [6.127192, 49.48576], [6.127222, 49.485474], [6.127264, 49.4851], [6.127283, 49.48489], [6.127153, 49.484867], [6.127176, 49.484745], [6.127199, 49.48463], [6.127207, 49.484577], [6.127222, 49.484493], [6.127233, 49.484447], [6.127249, 49.48435], [6.127256, 49.484314], [6.127264, 49.484272], [6.127272, 49.484222], [6.127287, 49.484142], [6.127317, 49.48397], [6.127337, 49.48387], [6.127352, 49.483776], [6.127367, 49.48367], [6.127378, 49.483597], [6.127428, 49.48312], [6.127436, 49.483063], [6.127443, 49.482967], [6.127447, 49.482876], [6.127451, 49.482826], [6.127466, 49.482594], [6.12747, 49.482555], [6.12747, 49.482502], [6.127474, 49.482475], [6.127478, 49.482388], [6.127478, 49.482327], [6.127455, 49.48226], [6.12742, 49.48221], [6.127207, 49.481846], [6.126852, 49.481274], [6.126619, 49.48094], [6.126375, 49.48066], [6.1262, 49.48045], [6.126146, 49.48039], [6.126013, 49.480225], [6.125925, 49.480114], [6.12586, 49.480034], [6.125784, 49.479946], [6.125647, 49.47979], [6.125536, 49.479656], [6.125425, 49.47951], [6.125296, 49.47926], [6.125231, 49.479137], [6.125166, 49.47902], [6.125097, 49.47889], [6.125071, 49.478844], [6.125021, 49.47875], [6.124991, 49.478687], [6.12496, 49.478626], [6.124849, 49.478424], [6.1248, 49.478317], [6.124735, 49.478188], [6.124613, 49.477974], [6.124369, 49.477528], [6.124273, 49.477455], [6.123941, 49.47721], [6.123529, 49.476913], [6.122999, 49.476517], [6.122988, 49.476475], [6.122953, 49.476368], [6.122675, 49.475548], [6.122614, 49.47537], [6.122564, 49.475216], [6.122557, 49.475197], [6.122564, 49.47515], [6.122576, 49.475113], [6.122671, 49.47494], [6.122824, 49.47466], [6.12295, 49.47441], [6.123064, 49.47418], [6.123198, 49.47394], [6.123385, 49.47359], [6.123449, 49.473465], [6.123075, 49.473263], [6.122465, 49.472927], [6.122118, 49.472744], [6.12184, 49.47264], [6.121645, 49.472572], [6.121483, 49.472513], [6.12131, 49.47245], [6.121115, 49.472397], [6.120752, 49.472298], [6.120268, 49.472164], [6.119955, 49.472065], [6.119886, 49.47205], [6.119848, 49.472046], [6.119821, 49.47205], [6.119806, 49.47205], [6.11976, 49.472065], [6.119657, 49.47209], [6.119597, 49.472103], [6.119558, 49.472103], [6.119505, 49.4721], [6.119379, 49.472073], [6.119207, 49.472042], [6.119188, 49.472034], [6.119177, 49.47202], [6.119207, 49.472008], [6.119211, 49.471996], [6.119204, 49.471985], [6.119146, 49.47197], [6.11907, 49.471947], [6.118929, 49.47189], [6.118906, 49.47188], [6.11886, 49.471886], [6.118803, 49.47188], [6.118757, 49.471878], [6.118708, 49.47187], [6.118654, 49.471844], [6.118551, 49.471783], [6.118395, 49.471695], [6.118319, 49.471638], [6.118238, 49.471577], [6.118185, 49.471546], [6.118086, 49.471516], [6.117991, 49.471485], [6.117979, 49.47145], [6.117903, 49.471416], [6.11783, 49.47139], [6.117796, 49.471386], [6.117792, 49.471363], [6.11764, 49.471344], [6.117472, 49.47132], [6.1173, 49.471287], [6.117159, 49.471256], [6.117113, 49.47124], [6.117067, 49.47122], [6.117033, 49.471195], [6.117014, 49.471188], [6.116922, 49.471188], [6.116808, 49.4712], [6.116667, 49.47121], [6.116587, 49.47122], [6.116457, 49.471214], [6.116354, 49.471203], [6.116198, 49.471172], [6.114969, 49.470886], [6.114801, 49.470844], [6.114328, 49.470554], [6.114256, 49.470516], [6.114218, 49.470497], [6.114191, 49.470486], [6.114168, 49.470486], [6.114077, 49.470493], [6.113958, 49.470524], [6.113836, 49.47056], [6.113794, 49.470585], [6.113733, 49.47063], [6.113691, 49.470676], [6.113672, 49.470715], [6.113649, 49.470757], [6.113546, 49.470867], [6.113432, 49.470966], [6.11334, 49.47104], [6.113226, 49.47113], [6.113173, 49.47113], [6.112997, 49.471153], [6.112837, 49.471184], [6.112799, 49.4712], [6.112772, 49.47122], [6.112738, 49.471264], [6.112715, 49.47131], [6.112707, 49.47135], [6.112696, 49.471485], [6.112669, 49.47155], [6.112608, 49.47168], [6.112581, 49.471714], [6.112253, 49.47199], [6.112146, 49.472065], [6.111917, 49.472206], [6.111643, 49.47237], [6.111387, 49.472515], [6.111284, 49.47253], [6.111181, 49.472546], [6.111078, 49.472553], [6.110926, 49.472557], [6.110727, 49.472553], [6.110426, 49.472538], [6.110251, 49.472523], [6.110048, 49.472492], [6.109831, 49.472458], [6.109728, 49.47244], [6.109648, 49.472435], [6.109602, 49.472443], [6.109552, 49.472466], [6.10951, 49.472492], [6.10948, 49.47252], [6.108458, 49.47223], [6.108065, 49.47211], [6.107573, 49.471966], [6.107527, 49.47195], [6.107348, 49.47189], [6.106909, 49.47172], [6.106028, 49.471397], [6.105772, 49.471344], [6.105627, 49.471325], [6.105417, 49.471313], [6.105291, 49.471313], [6.105101, 49.471336], [6.105013, 49.471344], [6.104925, 49.471344], [6.104834, 49.47134], [6.104731, 49.47132], [6.104063, 49.471157], [6.10356, 49.471016], [6.103422, 49.47097], [6.103037, 49.470795], [6.102808, 49.47069], [6.102671, 49.470634], [6.102426, 49.47054], [6.102201, 49.470463], [6.10198, 49.470383], [6.102079, 49.470104], [6.102144, 49.46997], [6.102217, 49.469852], [6.102293, 49.46975], [6.102461, 49.46956], [6.102602, 49.469402], [6.102526, 49.469364], [6.102369, 49.469276], [6.102278, 49.46924], [6.102087, 49.46917], [6.101793, 49.469074], [6.101564, 49.469], [6.101538, 49.468952], [6.1015, 49.468903], [6.101454, 49.468853], [6.101423, 49.468826], [6.101305, 49.468754], [6.101107, 49.468643], [6.10092, 49.468536], [6.100779, 49.46845], [6.10066, 49.46837], [6.10055, 49.46828], [6.10047, 49.468216], [6.10037, 49.468117], [6.100286, 49.468018], [6.100161, 49.467873], [6.09981, 49.467464], [6.099764, 49.467278], [6.099707, 49.467075], [6.099772, 49.466747], [6.099794, 49.4666], [6.099802, 49.46654], [6.099806, 49.46646], [6.099806, 49.466377], [6.099798, 49.46629], [6.099783, 49.466175], [6.099775, 49.46614], [6.099752, 49.46606], [6.099718, 49.465977], [6.099665, 49.46587], [6.099432, 49.465595], [6.099241, 49.465397], [6.099131, 49.4653], [6.0991, 49.465275], [6.099009, 49.465187], [6.098948, 49.465122], [6.098696, 49.464836], [6.098535, 49.46464], [6.098455, 49.464554], [6.098387, 49.464474], [6.098276, 49.464355], [6.098207, 49.464268], [6.098181, 49.464104], [6.098166, 49.46395], [6.098131, 49.46377], [6.098112, 49.46359], [6.098093, 49.463493], [6.098093, 49.463474], [6.098097, 49.463463], [6.098177, 49.463306], [6.098307, 49.463047], [6.098581, 49.462795], [6.098967, 49.46247], [6.098993, 49.46244], [6.09905, 49.462345], [6.099127, 49.462223], [6.099062, 49.461983], [6.099028, 49.461906], [6.098993, 49.461838], [6.098902, 49.46163], [6.098856, 49.46154], [6.098806, 49.461452], [6.098749, 49.461353], [6.098734, 49.46106], [6.098719, 49.460846], [6.098783, 49.46063], [6.09886, 49.460552], [6.09902, 49.460423], [6.099138, 49.46033], [6.099207, 49.460285], [6.099432, 49.46015], [6.099508, 49.460106], [6.099718, 49.45988], [6.099794, 49.459785], [6.09981, 49.459763], [6.099813, 49.459705], [6.099802, 49.459545], [6.099772, 49.459366], [6.099825, 49.459236], [6.099878, 49.459118], [6.09992, 49.459034], [6.099935, 49.45901], [6.099966, 49.45898], [6.100069, 49.458893], [6.100191, 49.458805], [6.100286, 49.458733], [6.100405, 49.458637], [6.100504, 49.45855], [6.100588, 49.458466], [6.100664, 49.45838], [6.100706, 49.45832], [6.100779, 49.458214], [6.100828, 49.458145], [6.100905, 49.458046], [6.101023, 49.457863], [6.100905, 49.457428], [6.100836, 49.4571], [6.100832, 49.457027], [6.100828, 49.456985], [6.10084, 49.45691], [6.100862, 49.456722], [6.100862, 49.45664], [6.100885, 49.456528], [6.100924, 49.456318], [6.10095, 49.456177], [6.100985, 49.456028], [6.101065, 49.455723], [6.101103, 49.45555], [6.101122, 49.45551], [6.101248, 49.45527], [6.101332, 49.455086], [6.101389, 49.454952], [6.101408, 49.454887], [6.101419, 49.454838], [6.101446, 49.454716], [6.101465, 49.454613], [6.101477, 49.45457], [6.101576, 49.454433], [6.101606, 49.454376], [6.101625, 49.454327], [6.101629, 49.4543], [6.101622, 49.4542], [6.101614, 49.45416], [6.101587, 49.454105], [6.101549, 49.45405], [6.101511, 49.45401], [6.101419, 49.453945], [6.10137, 49.45392], [6.101297, 49.453888], [6.101244, 49.45387], [6.101221, 49.453854], [6.101175, 49.45383], [6.101141, 49.4538], [6.101118, 49.453773], [6.101053, 49.453705], [6.100966, 49.453606], [6.100882, 49.453503], [6.100862, 49.453465], [6.100847, 49.453335], [6.100824, 49.45311], [6.100805, 49.453014], [6.100775, 49.45289], [6.100679, 49.4529], [6.100134, 49.452957], [6.099791, 49.452995], [6.099798, 49.453094], [6.099413, 49.453117], [6.09905, 49.453133], [6.098299, 49.453175], [6.0977, 49.453197], [6.096952, 49.453228], [6.096182, 49.45325], [6.096182, 49.453304], [6.096243, 49.453316], [6.096224, 49.453506], [6.095697, 49.45342], [6.095419, 49.453373], [6.095324, 49.45336], [6.095213, 49.453354], [6.094831, 49.45333], [6.094271, 49.45332], [6.093935, 49.45331], [6.093668, 49.453293], [6.093332, 49.453278], [6.093233, 49.453266], [6.092718, 49.453186], [6.092535, 49.45316], [6.092321, 49.45314], [6.092268, 49.45331], [6.092222, 49.453423], [6.092176, 49.45356], [6.092169, 49.45362], [6.092165, 49.45369], [6.092169, 49.453796], [6.092161, 49.453857], [6.092127, 49.454], [6.092108, 49.454086], [6.092081, 49.454285], [6.091661, 49.454266], [6.0912, 49.45424], [6.091066, 49.454235], [6.09096, 49.45424], [6.090868, 49.454247], [6.090792, 49.45426], [6.090727, 49.454273], [6.090696, 49.45428], [6.09038, 49.45425], [6.090349, 49.454323], [6.090322, 49.454426], [6.08972, 49.45448], [6.089205, 49.454517], [6.088793, 49.454548], [6.088606, 49.454575], [6.088415, 49.454605], [6.088232, 49.45464], [6.088034, 49.454685], [6.08779, 49.45475], [6.087568, 49.454823], [6.087328, 49.454906], [6.086935, 49.455044], [6.086638, 49.455162], [6.086443, 49.45525], [6.086229, 49.455357], [6.086004, 49.45548], [6.08581, 49.45559], [6.085573, 49.45573], [6.085646, 49.455795], [6.085676, 49.45582], [6.085733, 49.45587], [6.085901, 49.456028], [6.086, 49.45612], [6.085764, 49.45622], [6.085585, 49.456303], [6.08544, 49.456367], [6.085287, 49.45644], [6.085058, 49.456554], [6.084738, 49.456738], [6.084593, 49.456657], [6.084207, 49.456875], [6.084043, 49.456963], [6.084013, 49.456978], [6.083761, 49.457123], [6.083292, 49.4574], [6.082991, 49.457584], [6.083017, 49.45761], [6.082609, 49.457794], [6.082155, 49.45798], [6.081438, 49.458187], [6.081102, 49.458282], [6.0809, 49.45832], [6.08095, 49.45845], [6.080778, 49.45846], [6.080706, 49.458466], [6.08069, 49.458534], [6.08061, 49.45897], [6.080572, 49.459145], [6.080481, 49.459606], [6.080366, 49.459896], [6.080225, 49.460133], [6.080065, 49.4604], [6.080019, 49.460472], [6.080023, 49.460526], [6.080027, 49.46082], [6.080027, 49.460957], [6.08003, 49.461407], [6.079927, 49.46159], [6.079683, 49.46204], [6.07947, 49.462425], [6.079351, 49.46264], [6.079306, 49.46303], [6.079256, 49.46346], [6.079233, 49.46368], [6.079218, 49.463813], [6.079206, 49.463917], [6.079168, 49.463913], [6.079096, 49.463913], [6.078943, 49.463905], [6.078878, 49.463905], [6.078711, 49.463898], [6.078543, 49.463894], [6.077814, 49.463856], [6.077025, 49.463844], [6.076597, 49.463844], [6.076441, 49.46384], [6.076021, 49.463837], [6.075892, 49.46383], [6.075647, 49.46382], [6.075422, 49.46381], [6.074846, 49.46377], [6.074514, 49.46375], [6.074247, 49.463726], [6.074114, 49.463715], [6.073973, 49.463696], [6.073671, 49.463646], [6.073607, 49.463844], [6.073549, 49.464012], [6.07342, 49.464382], [6.073351, 49.464573], [6.073221, 49.464756], [6.073076, 49.464954], [6.07292, 49.46513], [6.072786, 49.46527], [6.072645, 49.46542], [6.072382, 49.46554], [6.072233, 49.46561], [6.071993, 49.465633], [6.071848, 49.46562], [6.071703, 49.465595], [6.071493, 49.46555], [6.071325, 49.465508], [6.070646, 49.46532], [6.070337, 49.46524], [6.07015, 49.46519], [6.070036, 49.465157], [6.069883, 49.465103], [6.069582, 49.464985], [6.069544, 49.464977], [6.069288, 49.46495], [6.069048, 49.464928], [6.068777, 49.46491], [6.06782, 49.46483], [6.067427, 49.464817], [6.06719, 49.46481], [6.066649, 49.464817], [6.066309, 49.46482], [6.066248, 49.464825], [6.066194, 49.464832], [6.066141, 49.46484], [6.065992, 49.464874], [6.06584, 49.464905], [6.065718, 49.464928], [6.065592, 49.464943], [6.065435, 49.46496], [6.065321, 49.46497], [6.064886, 49.464977], [6.064718, 49.464985], [6.064352, 49.46498], [6.063848, 49.46499], [6.063723, 49.464985], [6.063658, 49.46499], [6.063398, 49.465034], [6.062971, 49.465115], [6.062716, 49.46516], [6.062521, 49.46518], [6.062079, 49.465233], [6.06185, 49.465263], [6.061403, 49.46534], [6.061136, 49.46539], [6.060755, 49.465515], [6.060499, 49.465603], [6.060152, 49.465714], [6.059599, 49.465885], [6.058989, 49.466103], [6.058588, 49.46625], [6.058451, 49.466297], [6.058218, 49.466393], [6.058107, 49.46644], [6.05805, 49.466366], [6.057844, 49.466164], [6.057783, 49.46609], [6.057638, 49.465935], [6.057505, 49.46579], [6.057417, 49.465706], [6.057169, 49.46545], [6.056623, 49.465176], [6.056467, 49.465103], [6.056059, 49.464916], [6.055975, 49.464878], [6.055235, 49.46472], [6.055056, 49.46469], [6.054491, 49.464577], [6.054125, 49.464413], [6.053682, 49.46421], [6.053095, 49.4639], [6.052607, 49.463326], [6.052465, 49.463154], [6.052126, 49.46271], [6.051947, 49.462467], [6.05187, 49.462357], [6.05163, 49.462044], [6.051271, 49.46158], [6.051142, 49.4614], [6.05096, 49.461221], [6.050947, 49.461132], [6.050859, 49.46101], [6.050798, 49.46093], [6.050673, 49.46075], [6.050421, 49.460403], [6.050261, 49.460205], [6.050131, 49.460033], [6.050066, 49.45995], [6.05002, 49.459873], [6.049959, 49.459763], [6.049906, 49.45967], [6.049787, 49.45942], [6.049746, 49.459282], [6.049696, 49.45911], [6.04962, 49.458946], [6.049547, 49.458824], [6.049482, 49.45872], [6.049417, 49.458633], [6.049299, 49.458492], [6.049074, 49.45819], [6.04891, 49.457977], [6.048555, 49.45754], [6.048513, 49.457485], [6.048273, 49.457184], [6.048166, 49.457027], [6.047922, 49.45669], [6.04785, 49.4566], [6.04738, 49.45606], [6.046934, 49.45555], [6.046923, 49.455086], [6.046728, 49.454826], [6.046587, 49.45463], [6.046492, 49.4545], [6.046347, 49.45429], [6.046309, 49.454227], [6.046156, 49.453987], [6.045828, 49.453484], [6.045713, 49.45332], [6.045389, 49.453014], [6.04513, 49.45276], [6.044722, 49.452377], [6.04431, 49.451725], [6.044168, 49.451496], [6.044084, 49.451374], [6.044008, 49.451275], [6.043982, 49.45123], [6.043814, 49.450962], [6.043634, 49.4507], [6.043371, 49.45032], [6.043127, 49.449978], [6.043016, 49.449696], [6.042852, 49.449387], [6.042707, 49.449112], [6.042627, 49.44899], [6.042414, 49.448685], [6.042208, 49.448383], [6.041774, 49.447854], [6.04163, 49.44789], [6.041342, 49.44795], [6.039892, 49.448246], [6.038817, 49.448463], [6.038237, 49.44859], [6.037657, 49.448635], [6.037546, 49.448643], [6.037024, 49.448677], [6.036142, 49.448742], [6.035708, 49.448853], [6.035356, 49.448975], [6.034849, 49.44914], [6.034624, 49.44921], [6.034334, 49.449306], [6.034048, 49.44934], [6.033358, 49.4494], [6.032976, 49.449436], [6.032583, 49.449535], [6.030832, 49.44944], [6.029322, 49.449337], [6.028704, 49.44916], [6.027792, 49.44866], [6.027254, 49.44826], [6.026842, 49.448593], [6.026758, 49.448967], [6.026629, 49.449562], [6.026606, 49.44962], [6.026499, 49.449852], [6.026358, 49.450172], [6.026316, 49.450233], [6.025976, 49.450714], [6.025881, 49.450726], [6.025885, 49.450966], [6.025923, 49.451588], [6.025923, 49.45185], [6.025972, 49.45204], [6.026041, 49.452175], [6.026255, 49.45248], [6.026842, 49.453293], [6.027105, 49.453636], [6.02725, 49.453773], [6.02738, 49.45388], [6.027559, 49.454002], [6.027723, 49.45411], [6.028021, 49.45428], [6.028234, 49.45441], [6.029081, 49.454887], [6.029283, 49.455048], [6.029215, 49.455086], [6.028856, 49.455296], [6.028273, 49.45563], [6.028158, 49.4557], [6.028097, 49.45573], [6.028074, 49.45575], [6.027899, 49.45549], [6.027754, 49.455257], [6.027678, 49.45514], [6.027479, 49.45491], [6.026697, 49.454193], [6.026678, 49.4542], [6.02664, 49.45422], [6.026247, 49.4544], [6.025824, 49.454514], [6.025213, 49.454674], [6.02466, 49.45482], [6.023714, 49.45502], [6.023657, 49.45503], [6.02326, 49.45507], [6.022585, 49.45505], [6.02175, 49.454975], [6.020895, 49.454678], [6.020365, 49.454464], [6.019777, 49.45426], [6.01914, 49.454136], [6.018026, 49.45395], [6.016848, 49.453957], [6.016787, 49.453957], [6.015593, 49.45395], [6.015524, 49.453632], [6.015268, 49.453465], [6.01494, 49.45327], [6.014635, 49.45308], [6.014467, 49.45298], [6.014368, 49.452923], [6.01404, 49.452686], [6.013819, 49.45253], [6.011499, 49.453518], [6.010889, 49.453167], [6.010775, 49.453102], [6.009516, 49.452454], [6.008654, 49.45203], [6.007849, 49.451637], [6.007383, 49.45202], [6.006952, 49.45234], [6.006533, 49.452686], [6.006109, 49.453037], [6.00567, 49.453377], [6.005209, 49.453705], [6.004618, 49.45414], [6.004557, 49.45418], [6.004446, 49.45426], [6.004297, 49.454372], [6.004175, 49.454468], [6.004118, 49.454506], [6.004011, 49.45459], [6.003954, 49.45463], [6.003389, 49.455013], [6.003279, 49.455086], [6.003069, 49.455227], [6.002523, 49.455578], [6.002428, 49.45564], [6.002108, 49.45585], [6.002035, 49.455894], [6.001814, 49.456062], [6.001638, 49.4562], [6.001505, 49.4563], [6.001352, 49.456413], [6.001234, 49.456505], [6.000982, 49.45651], [6.000464, 49.456516], [6.000273, 49.45652], [5.99996, 49.456524], [5.998358, 49.456493], [5.997934, 49.456497], [5.995909, 49.45579], [5.995188, 49.45553], [5.991899, 49.454407], [5.991102, 49.45414], [5.989695, 49.45366], [5.986891, 49.452705], [5.985838, 49.452343], [5.981974, 49.451065], [5.980314, 49.45187], [5.97909, 49.452682], [5.978983, 49.453133], [5.978754, 49.45399], [5.979299, 49.455242], [5.980841, 49.4562], [5.982359, 49.457035], [5.982546, 49.456947], [5.983023, 49.45678], [5.983999, 49.456333], [5.985723, 49.455738], [5.985777, 49.455887], [5.98596, 49.456425], [5.986181, 49.457005], [5.986292, 49.457306], [5.986574, 49.458122], [5.986734, 49.4587], [5.987261, 49.459373], [5.987783, 49.460278], [5.988069, 49.461292], [5.987692, 49.462337], [5.987318, 49.46264], [5.986013, 49.462883], [5.984835, 49.463043], [5.98361, 49.46329], [5.98258, 49.463516], [5.981989, 49.46278], [5.981859, 49.462486], [5.981562, 49.46182], [5.98144, 49.46122], [5.980818, 49.46117], [5.980421, 49.46114], [5.980368, 49.461132], [5.980146, 49.46108], [5.979574, 49.46094], [5.979418, 49.460907], [5.979311, 49.460907], [5.97872, 49.46118], [5.978396, 49.461643], [5.978281, 49.4618], [5.978159, 49.461964], [5.978052, 49.462097], [5.977964, 49.462193], [5.977846, 49.462322], [5.977774, 49.462364], [5.977644, 49.462444], [5.97748, 49.462532], [5.977297, 49.462627], [5.977087, 49.462673], [5.976862, 49.46271], [5.976698, 49.462734], [5.976522, 49.462753], [5.976366, 49.462765], [5.975779, 49.462788], [5.975725, 49.463043], [5.975759, 49.46343], [5.975565, 49.46372], [5.975489, 49.463802], [5.975405, 49.46389], [5.975134, 49.464188], [5.974699, 49.464504], [5.974527, 49.4647], [5.974436, 49.464806], [5.974344, 49.46493], [5.974283, 49.46502], [5.974005, 49.465485], [5.973967, 49.4666], [5.973959, 49.466793], [5.97394, 49.466908], [5.973738, 49.468002], [5.973627, 49.46859], [5.972868, 49.469143], [5.972246, 49.469353], [5.971941, 49.469566], [5.971964, 49.46976], [5.971983, 49.46983], [5.972002, 49.469875], [5.972017, 49.469917], [5.972052, 49.469982], [5.972082, 49.470028], [5.9722, 49.470165], [5.972345, 49.47031], [5.972521, 49.470497], [5.972685, 49.47067], [5.972715, 49.470715], [5.972753, 49.470776], [5.972776, 49.47084], [5.972788, 49.470905], [5.972796, 49.471016], [5.972799, 49.471104], [5.972788, 49.471188], [5.972761, 49.4713], [5.972738, 49.47137], [5.972689, 49.471478], [5.972486, 49.471817], [5.972349, 49.472057], [5.97228, 49.472206], [5.972254, 49.47228], [5.97223, 49.472369], [5.972223, 49.472393], [5.972216, 49.472458], [5.972216, 49.472507], [5.972235, 49.47262], [5.972246, 49.47267], [5.972269, 49.47274], [5.972319, 49.472874], [5.972425, 49.47314], [5.972444, 49.47321], [5.972464, 49.473312], [5.972471, 49.473434], [5.972471, 49.473667], [5.972464, 49.473766], [5.972441, 49.473927], [5.972418, 49.474064], [5.972391, 49.474155], [5.972311, 49.474377], [5.971594, 49.474644], [5.971216, 49.47451], [5.970678, 49.474796], [5.969835, 49.475243], [5.969648, 49.475506], [5.969957, 49.475483], [5.970038, 49.47548], [5.970133, 49.475475], [5.970209, 49.475475], [5.970327, 49.47548], [5.970518, 49.47549], [5.971006, 49.475513], [5.971319, 49.47553], [5.971376, 49.47553], [5.97159, 49.475533], [5.971689, 49.475533], [5.972414, 49.47553], [5.97241, 49.47554], [5.972403, 49.47555], [5.97291, 49.475945], [5.972967, 49.475986], [5.973021, 49.476017], [5.9732, 49.476112], [5.973459, 49.47626], [5.973631, 49.476368], [5.973795, 49.476486], [5.97397, 49.47663], [5.9741, 49.476753], [5.974287, 49.476948], [5.974581, 49.4773], [5.974718, 49.477478], [5.97484, 49.47768], [5.974939, 49.477886], [5.974985, 49.477993], [5.975012, 49.47808], [5.975058, 49.478233], [5.975084, 49.478424], [5.975107, 49.478634], [5.975096, 49.47884], [5.975058, 49.478973], [5.974993, 49.479107], [5.97489, 49.479256], [5.974802, 49.47942], [5.974756, 49.479527], [5.974729, 49.479603], [5.974714, 49.4797], [5.974699, 49.47983], [5.974703, 49.47994], [5.974718, 49.480072], [5.974737, 49.480167], [5.974764, 49.480274], [5.974791, 49.48034], [5.974813, 49.480385], [5.974852, 49.480427], [5.975073, 49.480644], [5.97513, 49.48103], [5.975153, 49.481293], [5.975161, 49.481464], [5.975138, 49.481556], [5.975088, 49.48168], [5.975004, 49.48185], [5.97492, 49.48203], [5.974447, 49.482265], [5.973284, 49.48283], [5.973104, 49.483463], [5.972811, 49.48341], [5.972448, 49.483334], [5.972166, 49.48327], [5.971926, 49.483204], [5.971746, 49.48315], [5.971579, 49.483093], [5.971205, 49.48336], [5.971037, 49.483494], [5.970945, 49.483578], [5.970675, 49.48387], [5.97051, 49.48406], [5.970201, 49.484413], [5.969896, 49.48476], [5.969583, 49.485073], [5.969145, 49.4855], [5.968871, 49.485765], [5.968821, 49.485813], [5.968744, 49.48591], [5.968676, 49.485996], [5.96829, 49.486343], [5.968191, 49.486435], [5.968168, 49.48645], [5.968542, 49.486626], [5.968672, 49.486683], [5.968756, 49.486725], [5.968882, 49.486835], [5.968962, 49.48689], [5.969068, 49.486942], [5.969122, 49.48698], [5.969156, 49.487034], [5.969179, 49.487076], [5.96921, 49.487103], [5.969248, 49.48712], [5.969305, 49.487133], [5.969377, 49.48716], [5.969461, 49.487217], [5.969614, 49.487328], [5.96966, 49.487385], [5.969702, 49.487427], [5.969736, 49.48745], [5.969786, 49.48747], [5.969847, 49.487484], [5.969923, 49.487507], [5.969984, 49.487537], [5.970079, 49.4876], [5.970144, 49.48765], [5.970182, 49.4877], [5.970201, 49.48776], [5.970217, 49.48783], [5.97024, 49.48796], [5.970251, 49.487988], [5.97027, 49.488003], [5.970308, 49.48801], [5.970488, 49.48801], [5.970549, 49.488014], [5.970606, 49.488026], [5.970636, 49.48805], [5.970655, 49.488075], [5.970686, 49.48814], [5.970728, 49.48821], [5.9708, 49.488297], [5.9709, 49.4884], [5.970953, 49.48841], [5.971521, 49.488542], [5.971922, 49.488636], [5.973104, 49.488922], [5.973726, 49.48909], [5.973799, 49.48911], [5.973646, 49.489353], [5.97333, 49.48985], [5.97299, 49.49053], [5.972546, 49.490977], [5.972113, 49.491413], [5.970831, 49.49139], [5.969629, 49.49122], [5.969091, 49.4915], [5.967939, 49.491776], [5.967947, 49.491516], [5.966131, 49.491344], [5.966021, 49.492146], [5.965494, 49.49204], [5.965315, 49.492306], [5.965235, 49.49276], [5.964598, 49.493004], [5.963404, 49.492897], [5.960894, 49.49306], [5.959017, 49.493374], [5.958464, 49.4932], [5.956968, 49.493557], [5.955652, 49.493214], [5.955431, 49.493156], [5.955202, 49.493095], [5.95511, 49.49322], [5.954855, 49.493603], [5.954496, 49.494137], [5.954485, 49.494156], [5.954069, 49.494095], [5.953787, 49.494053], [5.953688, 49.494053], [5.952661, 49.494106], [5.952074, 49.49414], [5.952055, 49.494164], [5.951197, 49.49516], [5.95114, 49.4952], [5.95109, 49.49523], [5.951036, 49.49526], [5.950979, 49.495285], [5.950914, 49.49531], [5.950563, 49.49542], [5.948912, 49.495857], [5.948946, 49.495945], [5.948988, 49.496044], [5.949011, 49.496105], [5.949087, 49.49629], [5.949118, 49.49636], [5.949148, 49.496437], [5.949167, 49.49649], [5.949111, 49.496505], [5.947548, 49.496783], [5.946287, 49.497002], [5.946208, 49.497604], [5.945184, 49.497645], [5.943629, 49.497443], [5.943418, 49.497402], [5.943499, 49.497098], [5.94362, 49.4968], [5.943782, 49.49651], [5.943982, 49.49623], [5.944274, 49.495836], [5.944515, 49.495584], [5.943822, 49.495179], [5.943463, 49.495476], [5.943031, 49.495921], [5.942667, 49.496491], [5.942521, 49.496817], [5.942449, 49.497076], [5.942367, 49.497463], [5.942317, 49.497521], [5.942153, 49.497663], [5.942036, 49.497824], [5.941968, 49.497996], [5.941954, 49.498174], [5.941993, 49.49835], [5.942072, 49.498397], [5.942082, 49.498515], [5.942213, 49.498661], [5.942405, 49.498981], [5.942737, 49.499169], [5.942642, 49.499377], [5.943154, 49.500232], [5.942464, 49.500397], [5.941449, 49.500643], [5.940118, 49.500962], [5.936119, 49.500864], [5.935975, 49.50086], [5.935911, 49.500824], [5.93545, 49.500569], [5.935114, 49.500373], [5.934926, 49.500232], [5.934141, 49.500618], [5.93241, 49.499574], [5.932197, 49.499749], [5.932121, 49.499913], [5.931999, 49.499823], [5.931795, 49.499988], [5.931627, 49.500096], [5.931112, 49.500366], [5.930557, 49.500644], [5.927595, 49.498425], [5.927538, 49.498383], [5.927481, 49.498398], [5.92565, 49.49897], [5.925568, 49.498915], [5.924464, 49.499201], [5.924196, 49.499265], [5.924046, 49.49931], [5.923902, 49.499366], [5.92386, 49.499386], [5.923644, 49.499497], [5.923449, 49.499622], [5.923288, 49.499761], [5.923151, 49.4999], [5.922879, 49.500197], [5.922648, 49.500362], [5.922361, 49.50053], [5.921945, 49.500728], [5.920643, 49.500972], [5.920565, 49.500984], [5.920515, 49.500896], [5.920446, 49.500767], [5.92037, 49.500618], [5.920295, 49.500475], [5.920141, 49.500343], [5.920015, 49.500209], [5.919955, 49.500243], [5.919916, 49.50025], [5.919855, 49.500267], [5.919832, 49.50027], [5.919794, 49.500282], [5.919714, 49.500298], [5.919634, 49.500313], [5.919588, 49.50032], [5.919516, 49.500336], [5.919401, 49.50036], [5.919168, 49.5004], [5.919043, 49.500423], [5.918936, 49.500443], [5.918833, 49.50046], [5.918745, 49.500477], [5.918558, 49.50051], [5.918421, 49.500538], [5.918356, 49.500553], [5.91828, 49.500565], [5.918165, 49.50059], [5.918051, 49.500618], [5.917971, 49.500637], [5.917894, 49.500656], [5.917868, 49.500664], [5.917791, 49.500683], [5.917688, 49.500713], [5.917593, 49.50074], [5.917494, 49.50077], [5.917475, 49.50078], [5.917379, 49.500813], [5.917265, 49.500854], [5.917246, 49.500862], [5.917173, 49.50089], [5.917082, 49.500923], [5.916994, 49.500957], [5.916929, 49.500984], [5.916906, 49.500996], [5.916735, 49.501064], [5.916666, 49.501095], [5.916506, 49.50116], [5.916422, 49.50119], [5.916128, 49.501305], [5.91601, 49.50135], [5.915972, 49.50136], [5.91596, 49.50137], [5.915865, 49.5014], [5.915758, 49.50144], [5.915712, 49.501442], [5.915552, 49.501465], [5.915472, 49.501476], [5.915453, 49.50148], [5.915388, 49.501488], [5.9153, 49.501503], [5.915216, 49.501514], [5.915136, 49.50153], [5.914816, 49.50159], [5.914717, 49.50161], [5.91469, 49.501617], [5.914621, 49.50163], [5.914545, 49.501648], [5.914465, 49.501663], [5.914423, 49.501675], [5.914373, 49.501686], [5.914282, 49.50171], [5.914194, 49.501728], [5.914019, 49.501774], [5.913946, 49.50179], [5.913923, 49.501797], [5.913824, 49.50182], [5.913774, 49.501835], [5.913725, 49.501846], [5.91361, 49.501873], [5.913561, 49.50189], [5.9135, 49.501904], [5.913458, 49.50191], [5.913408, 49.501926], [5.913317, 49.501945], [5.913275, 49.501957], [5.913229, 49.501965], [5.913176, 49.501972], [5.913122, 49.50198], [5.913099, 49.501984], [5.913073, 49.501984], [5.912958, 49.50199], [5.912943, 49.50199], [5.912886, 49.501995], [5.912809, 49.501995], [5.912729, 49.502], [5.912272, 49.502], [5.912184, 49.501995], [5.912161, 49.50199], [5.91205, 49.501987], [5.911974, 49.501984], [5.911917, 49.50198], [5.911894, 49.501976], [5.911596, 49.501953], [5.91152, 49.501945], [5.911146, 49.501915], [5.911097, 49.501915], [5.910971, 49.501904], [5.910795, 49.501892], [5.910658, 49.501884], [5.910555, 49.501877], [5.910517, 49.501873], [5.910353, 49.50186], [5.910185, 49.501846], [5.910067, 49.50184], [5.909948, 49.501827], [5.909906, 49.501823], [5.909841, 49.501816], [5.909731, 49.50181], [5.909586, 49.501793], [5.909437, 49.50178], [5.909246, 49.50176], [5.90922, 49.501755], [5.909197, 49.50175], [5.909143, 49.501743], [5.909109, 49.501736], [5.909098, 49.501736], [5.909052, 49.501728], [5.90901, 49.501717], [5.908983, 49.501713], [5.908968, 49.50171], [5.908949, 49.5017], [5.908922, 49.501698], [5.908876, 49.501686], [5.908838, 49.501675], [5.908812, 49.501663], [5.9088, 49.501663], [5.908716, 49.501633], [5.908659, 49.50161], [5.908598, 49.50159], [5.908571, 49.5016], [5.908544, 49.501606], [5.908533, 49.50161], [5.908495, 49.50162], [5.908419, 49.501648], [5.908392, 49.50166], [5.908335, 49.501682], [5.908289, 49.501705], [5.908262, 49.501713], [5.908239, 49.501724], [5.908171, 49.50176], [5.908106, 49.501793], [5.908064, 49.501816], [5.908049, 49.501823], [5.907984, 49.501865], [5.907949, 49.501892], [5.9079, 49.501926], [5.907858, 49.501965], [5.907839, 49.501976], [5.907789, 49.50202], [5.907755, 49.502052], [5.907724, 49.502083], [5.907698, 49.502106], [5.90769, 49.502117], [5.907675, 49.50213], [5.907598, 49.50205], [5.907572, 49.502018], [5.907526, 49.501965], [5.907507, 49.50194], [5.90748, 49.5019], [5.907434, 49.501812], [5.907423, 49.501778], [5.907415, 49.501766], [5.907396, 49.501717], [5.907389, 49.501686], [5.907385, 49.501667], [5.907385, 49.501656], [5.907373, 49.50162], [5.907373, 49.501507], [5.907385, 49.501465], [5.907389, 49.501442], [5.907396, 49.501423], [5.9074, 49.501404], [5.907408, 49.50137], [5.907419, 49.501312], [5.907427, 49.501247], [5.907434, 49.501198], [5.907434, 49.50118], [5.90745, 49.501026], [5.90745, 49.50097], [5.907453, 49.500916], [5.907453, 49.500824], [5.90745, 49.500786], [5.90745, 49.500744], [5.907446, 49.500732], [5.907442, 49.500694], [5.907434, 49.50065], [5.907415, 49.50056], [5.907415, 49.500546], [5.907373, 49.500393], [5.907366, 49.500355], [5.907278, 49.500095], [5.90727, 49.500088], [5.907011, 49.499966], [5.906977, 49.49995], [5.906927, 49.499928], [5.905847, 49.499466], [5.905085, 49.499146], [5.904512, 49.498913], [5.904116, 49.498737], [5.904036, 49.498665], [5.903898, 49.498516], [5.903818, 49.498436], [5.903627, 49.498257], [5.903543, 49.498196], [5.903475, 49.498154], [5.90341, 49.498123], [5.903326, 49.4981], [5.903257, 49.49809], [5.903166, 49.49808], [5.902937, 49.498066], [5.90262, 49.498066], [5.902506, 49.49806], [5.902426, 49.498047], [5.902349, 49.49803], [5.902224, 49.497997], [5.902075, 49.497948], [5.90193, 49.497894], [5.901774, 49.49783], [5.901697, 49.497807], [5.901609, 49.497787], [5.901514, 49.497776], [5.901007, 49.49771], [5.900774, 49.497673], [5.900614, 49.49764], [5.900476, 49.4976], [5.900347, 49.49756], [5.900137, 49.497482], [5.899874, 49.49738], [5.89979, 49.497356], [5.899675, 49.49733], [5.8995, 49.497288], [5.899092, 49.497177], [5.898714, 49.497086], [5.898497, 49.497032], [5.897989, 49.49687], [5.897787, 49.49682], [5.897524, 49.49676], [5.897196, 49.496704], [5.896288, 49.496563], [5.896143, 49.496548], [5.896006, 49.49654], [5.895739, 49.496532], [5.895536, 49.496532], [5.895086, 49.496555], [5.894823, 49.496574], [5.894644, 49.496597], [5.893984, 49.496708], [5.893771, 49.49676], [5.893477, 49.496807], [5.893347, 49.496826], [5.893152, 49.496834], [5.892965, 49.496826], [5.891901, 49.496784], [5.891157, 49.49676], [5.891005, 49.49675], [5.890638, 49.49671], [5.89031, 49.496685], [5.890161, 49.49668], [5.890051, 49.49668], [5.889849, 49.496696], [5.889612, 49.49672], [5.889357, 49.496754], [5.889208, 49.4968], [5.888979, 49.496883], [5.888765, 49.49698], [5.888632, 49.49705], [5.888517, 49.497116], [5.888418, 49.497185], [5.888296, 49.49728], [5.888136, 49.497414], [5.887613, 49.4979], [5.887434, 49.498043], [5.887339, 49.49811], [5.887266, 49.498154], [5.887144, 49.498207], [5.88698, 49.49827], [5.886671, 49.498367], [5.886263, 49.49849], [5.885763, 49.498634], [5.885077, 49.498833], [5.884359, 49.498764], [5.884241, 49.4988], [5.882811, 49.499016], [5.88183, 49.49917], [5.8813, 49.499077], [5.880949, 49.499027], [5.880304, 49.498943], [5.879759, 49.498867], [5.878942, 49.49877], [5.878843, 49.49894], [5.87871, 49.498947], [5.878672, 49.498943], [5.878614, 49.49893], [5.878385, 49.498867], [5.878252, 49.49882], [5.878038, 49.49875], [5.87768, 49.498623], [5.877451, 49.498543], [5.877367, 49.498516], [5.87731, 49.4985], [5.877249, 49.498486], [5.877005, 49.498444], [5.876902, 49.498432], [5.876261, 49.498367], [5.876177, 49.498356], [5.875631, 49.498257], [5.875532, 49.498386], [5.875051, 49.498386], [5.874838, 49.498394], [5.874632, 49.498405], [5.874357, 49.498432], [5.874159, 49.498447], [5.873873, 49.498447], [5.873774, 49.49845], [5.873655, 49.498463], [5.873579, 49.498474], [5.873503, 49.49848], [5.873438, 49.498497], [5.873385, 49.498505], [5.873316, 49.49852], [5.873262, 49.49854], [5.873064, 49.49863], [5.872984, 49.498676], [5.872877, 49.498745], [5.872698, 49.49888], [5.87261, 49.49895], [5.872553, 49.498997], [5.872503, 49.499054], [5.872465, 49.49911], [5.872415, 49.499214], [5.872385, 49.49932], [5.872374, 49.499386], [5.872377, 49.49944], [5.872396, 49.499485], [5.872419, 49.499535], [5.872477, 49.499628], [5.872249, 49.499891], [5.87213, 49.500027], [5.872105, 49.500058], [5.872069, 49.5001], [5.871924, 49.500265], [5.871313, 49.499992], [5.870691, 49.49971], [5.869997, 49.499393], [5.869806, 49.499317], [5.869753, 49.4993], [5.869688, 49.49928], [5.869535, 49.49929], [5.869333, 49.499325], [5.869322, 49.49933], [5.868769, 49.499477], [5.867804, 49.49975], [5.867159, 49.49994], [5.867086, 49.499958], [5.867018, 49.49997], [5.866953, 49.499973], [5.866613, 49.499973], [5.866533, 49.499958], [5.866487, 49.49995], [5.866262, 49.499912], [5.865492, 49.500336], [5.864958, 49.50067], [5.864386, 49.500984], [5.864229, 49.50088], [5.864111, 49.50094], [5.864008, 49.501003], [5.863905, 49.50106], [5.863798, 49.50112], [5.863657, 49.50121], [5.863501, 49.501305], [5.863317, 49.501415], [5.863257, 49.501446], [5.863192, 49.501465], [5.863134, 49.501484], [5.863089, 49.501503], [5.863039, 49.50153], [5.862997, 49.501556], [5.862955, 49.50159], [5.862898, 49.50164], [5.862795, 49.501713], [5.862692, 49.501774], [5.862642, 49.501797], [5.862577, 49.501823], [5.862497, 49.50185], [5.862459, 49.50187], [5.862421, 49.501907], [5.862349, 49.501976], [5.862326, 49.501995], [5.862265, 49.50203], [5.862234, 49.502052], [5.862227, 49.50207], [5.862227, 49.502083], [5.862242, 49.5021], [5.862303, 49.50215], [5.862307, 49.502167], [5.86231, 49.50219], [5.862303, 49.502213], [5.862287, 49.502228], [5.862268, 49.50224], [5.862234, 49.502247], [5.862192, 49.502254], [5.862177, 49.502262], [5.862165, 49.502274], [5.862154, 49.50229], [5.86215, 49.502308], [5.86215, 49.50233], [5.862169, 49.50242], [5.862173, 49.50245], [5.862165, 49.502483], [5.86215, 49.502514], [5.862127, 49.50254], [5.862104, 49.50256], [5.862093, 49.50258], [5.862093, 49.5026], [5.862101, 49.502636], [5.862116, 49.50269], [5.86212, 49.502712], [5.862112, 49.502735], [5.862101, 49.502754], [5.86207, 49.50279], [5.862051, 49.50282], [5.86204, 49.502842], [5.862043, 49.502865], [5.862063, 49.50292], [5.862093, 49.502983], [5.862097, 49.50302], [5.862093, 49.50305], [5.862082, 49.50309], [5.862063, 49.503124], [5.862032, 49.503162], [5.862005, 49.503193], [5.861975, 49.503216], [5.861929, 49.503242], [5.861879, 49.503258], [5.861826, 49.50327], [5.861708, 49.503277], [5.861647, 49.503273], [5.86157, 49.503265], [5.86154, 49.503265], [5.861509, 49.50327], [5.861452, 49.503284], [5.861418, 49.503296], [5.861353, 49.503304], [5.861319, 49.503315], [5.86128, 49.503326], [5.861246, 49.50335], [5.861158, 49.50342], [5.861132, 49.503445], [5.86112, 49.503468], [5.86112, 49.50349], [5.861132, 49.503525], [5.861139, 49.503555], [5.861139, 49.50357], [5.861124, 49.503582], [5.861109, 49.50359], [5.861093, 49.503597], [5.861067, 49.503597], [5.860903, 49.503593], [5.86088, 49.503597], [5.860853, 49.503605], [5.860834, 49.503613], [5.860788, 49.50364], [5.860766, 49.503647], [5.860731, 49.50365], [5.86064, 49.50365], [5.860598, 49.50366], [5.860563, 49.50367], [5.860521, 49.503696], [5.860388, 49.503826], [5.860292, 49.503914], [5.860197, 49.503994], [5.860178, 49.504005], [5.860151, 49.504013], [5.860125, 49.504017], [5.86009, 49.504025], [5.860071, 49.504032], [5.859999, 49.504078], [5.859961, 49.504105], [5.859957, 49.50412], [5.859957, 49.50415], [5.859964, 49.504185], [5.859961, 49.504204], [5.859953, 49.504215], [5.859938, 49.504227], [5.859919, 49.50423], [5.8599, 49.504234], [5.859877, 49.50423], [5.859796, 49.504208], [5.859777, 49.504204], [5.859758, 49.504204], [5.859747, 49.504208], [5.859736, 49.504215], [5.859724, 49.504223], [5.859709, 49.50423], [5.859659, 49.50435], [5.859655, 49.50438], [5.859659, 49.504417], [5.859663, 49.504448], [5.859659, 49.504467], [5.859644, 49.504486], [5.859621, 49.5045], [5.859568, 49.504524], [5.859484, 49.50456], [5.859449, 49.50458], [5.85943, 49.5046], [5.859423, 49.50462], [5.859423, 49.504646], [5.859453, 49.50483], [5.859449, 49.504868], [5.859442, 49.504898], [5.859415, 49.50496], [5.859396, 49.505], [5.859369, 49.505028], [5.85935, 49.505047], [5.859323, 49.505062], [5.85927, 49.505085], [5.859205, 49.50511], [5.859175, 49.50513], [5.859152, 49.50515], [5.859121, 49.50519], [5.859117, 49.505222], [5.859125, 49.50525], [5.85914, 49.50528], [5.859182, 49.505337], [5.859194, 49.505367], [5.859194, 49.505394], [5.85919, 49.50541], [5.859178, 49.505424], [5.859163, 49.505444], [5.85914, 49.50545], [5.85911, 49.505455], [5.859064, 49.505455], [5.859003, 49.50545], [5.858973, 49.505455], [5.858957, 49.505463], [5.858946, 49.505474], [5.858942, 49.50554], [5.858934, 49.50556], [5.858915, 49.505585], [5.85887, 49.505623], [5.858854, 49.505646], [5.858847, 49.50567], [5.858847, 49.505695], [5.858858, 49.505726], [5.858904, 49.505795], [5.858919, 49.50583], [5.858923, 49.50586], [5.858919, 49.505886], [5.8589, 49.505905], [5.858881, 49.50592], [5.85882, 49.50594], [5.858736, 49.505943], [5.858633, 49.505955], [5.858568, 49.505962], [5.858522, 49.505966], [5.858461, 49.505985], [5.858381, 49.506012], [5.858259, 49.506073], [5.858217, 49.506084], [5.858183, 49.506092], [5.858068, 49.506092], [5.858007, 49.50609], [5.857939, 49.506084], [5.857904, 49.506084], [5.85787, 49.50609], [5.857847, 49.506096], [5.857828, 49.50611], [5.857717, 49.506207], [5.857664, 49.50624], [5.857588, 49.506275], [5.857512, 49.5063], [5.857389, 49.506336], [5.857344, 49.506344], [5.857317, 49.506344], [5.857302, 49.50634], [5.857283, 49.506313], [5.857264, 49.50625], [5.857248, 49.506237], [5.857233, 49.506226], [5.85721, 49.50622], [5.857161, 49.506233], [5.857119, 49.506252], [5.857058, 49.506294], [5.856993, 49.506348], [5.856947, 49.50638], [5.856916, 49.50639], [5.856897, 49.506393], [5.856886, 49.506397], [5.856867, 49.506393], [5.856848, 49.506386], [5.856775, 49.506348], [5.856714, 49.50632], [5.856661, 49.50631], [5.856611, 49.506298], [5.856546, 49.506294], [5.856501, 49.506294], [5.85644, 49.5063], [5.856375, 49.506313], [5.856337, 49.506332], [5.856321, 49.506348], [5.856314, 49.506367], [5.856306, 49.506393], [5.856314, 49.506443], [5.856321, 49.506485], [5.856321, 49.506508], [5.856314, 49.506527], [5.856291, 49.506546], [5.856272, 49.506554], [5.856245, 49.50656], [5.856214, 49.506565], [5.856184, 49.50656], [5.856157, 49.506554], [5.856142, 49.506542], [5.856115, 49.506523], [5.856092, 49.506508], [5.856066, 49.506496], [5.85602, 49.506485], [5.855989, 49.50647], [5.855967, 49.50646], [5.855932, 49.506435], [5.855913, 49.50643], [5.855883, 49.50643], [5.855864, 49.50644], [5.855852, 49.50645], [5.855837, 49.506466], [5.855761, 49.506588], [5.855741, 49.506607], [5.855703, 49.50662], [5.855665, 49.50662], [5.855639, 49.506603], [5.855551, 49.506557], [5.855516, 49.50655], [5.85549, 49.506546], [5.855455, 49.506546], [5.855425, 49.50655], [5.855391, 49.50656], [5.855352, 49.506573], [5.855329, 49.506588], [5.855314, 49.5066], [5.855303, 49.506626], [5.855291, 49.506664], [5.855276, 49.506695], [5.855238, 49.506725], [5.855215, 49.506737], [5.855181, 49.50675], [5.855146, 49.506752], [5.855124, 49.506756], [5.855108, 49.506752], [5.855089, 49.506737], [5.855074, 49.50672], [5.85507, 49.506706], [5.855062, 49.50662], [5.855043, 49.506603], [5.855024, 49.506596], [5.854971, 49.506603], [5.85494, 49.506615], [5.854883, 49.506645], [5.854822, 49.506687], [5.854792, 49.506714], [5.854769, 49.50675], [5.854734, 49.506824], [5.854711, 49.506855], [5.854681, 49.506878], [5.854662, 49.50689], [5.854635, 49.506897], [5.854597, 49.5069], [5.854567, 49.5069], [5.85454, 49.506897], [5.854502, 49.50689], [5.854418, 49.50686], [5.854364, 49.50685], [5.854319, 49.506844], [5.854292, 49.506844], [5.854261, 49.50685], [5.854246, 49.506855], [5.854223, 49.506866], [5.8542, 49.50689], [5.854181, 49.50692], [5.854151, 49.506973], [5.854128, 49.506985], [5.854101, 49.506985], [5.854078, 49.50698], [5.853972, 49.506954], [5.853945, 49.50695], [5.853922, 49.506954], [5.853907, 49.506966], [5.853891, 49.50698], [5.853781, 49.507107], [5.853731, 49.507145], [5.853705, 49.507168], [5.853682, 49.50718], [5.853647, 49.507183], [5.853613, 49.507183], [5.853487, 49.50718], [5.853369, 49.50718], [5.853357, 49.507175], [5.853338, 49.507168], [5.853327, 49.507156], [5.853311, 49.507137], [5.85327, 49.50707], [5.853254, 49.507057], [5.853239, 49.507057], [5.853224, 49.507053], [5.853197, 49.507065], [5.853159, 49.507103], [5.85314, 49.507114], [5.853117, 49.507122], [5.852949, 49.507164], [5.852915, 49.507175], [5.852892, 49.50719], [5.852865, 49.507206], [5.852774, 49.507282], [5.852675, 49.507355], [5.852571, 49.507423], [5.852453, 49.507492], [5.852343, 49.507553], [5.852255, 49.507587], [5.852194, 49.50761], [5.852076, 49.50765], [5.85203, 49.507664], [5.851999, 49.50768], [5.851973, 49.50769], [5.851946, 49.507706], [5.851911, 49.507732], [5.851854, 49.50778], [5.851648, 49.507915], [5.851408, 49.508076], [5.85137, 49.5081], [5.851343, 49.508106], [5.851301, 49.508118], [5.851217, 49.508118], [5.851156, 49.508114], [5.851114, 49.508106], [5.851065, 49.50809], [5.851038, 49.508083], [5.851004, 49.50807], [5.85095, 49.50806], [5.850935, 49.508064], [5.850912, 49.508068], [5.850874, 49.50808], [5.850802, 49.50811], [5.850634, 49.508183], [5.85058, 49.50821], [5.850538, 49.50824], [5.850481, 49.508286], [5.850412, 49.508354], [5.850306, 49.508446], [5.850172, 49.50855], [5.850004, 49.508675], [5.849928, 49.508743], [5.84981, 49.50886], [5.849768, 49.50891], [5.849749, 49.50894], [5.849733, 49.508972], [5.849726, 49.50904], [5.849726, 49.50912], [5.849733, 49.50916], [5.849752, 49.509243], [5.849554, 49.509598], [5.849405, 49.509903], [5.84936, 49.509987], [5.849318, 49.51005], [5.849199, 49.51019], [5.849123, 49.510258], [5.849039, 49.51033], [5.848917, 49.51041], [5.848913, 49.510426], [5.848913, 49.51044], [5.848921, 49.510464], [5.848959, 49.51054], [5.84897, 49.51056], [5.84897, 49.5106], [5.848967, 49.510624], [5.848944, 49.510693], [5.848936, 49.51074], [5.848936, 49.510784], [5.848948, 49.51084], [5.849009, 49.510986], [5.849028, 49.511047], [5.849039, 49.51109], [5.849043, 49.511124], [5.849043, 49.51116], [5.849039, 49.5112], [5.849031, 49.511234], [5.849024, 49.511257], [5.849005, 49.51129], [5.848982, 49.511333], [5.848974, 49.511356], [5.848967, 49.511383], [5.848967, 49.511402], [5.848974, 49.511436], [5.848993, 49.511494], [5.848997, 49.51152], [5.848993, 49.51155], [5.848993, 49.511585], [5.848997, 49.51162], [5.849009, 49.511646], [5.849047, 49.511738], [5.849054, 49.51176], [5.849058, 49.51179], [5.849058, 49.511833], [5.849047, 49.51193], [5.849028, 49.51208], [5.849031, 49.512127], [5.849039, 49.512165], [5.849058, 49.512215], [5.849085, 49.512276], [5.849093, 49.5123], [5.849093, 49.51233], [5.849077, 49.512375], [5.849054, 49.512417], [5.849031, 49.512466], [5.849028, 49.512493], [5.849028, 49.512516], [5.849031, 49.512543], [5.849047, 49.512566], [5.849058, 49.51258], [5.849153, 49.512672], [5.849161, 49.512688], [5.849165, 49.512707], [5.849165, 49.51273], [5.849161, 49.51275], [5.849153, 49.51277], [5.849134, 49.51281], [5.849043, 49.512974], [5.849031, 49.51301], [5.849024, 49.513054], [5.849005, 49.513157], [5.848993, 49.5132], [5.848974, 49.513237], [5.848936, 49.513283], [5.848921, 49.513306], [5.848913, 49.51333], [5.848898, 49.513405], [5.848894, 49.513435], [5.848875, 49.51347], [5.848852, 49.513504], [5.848803, 49.513565], [5.848795, 49.513584], [5.848791, 49.513603], [5.848795, 49.513615], [5.848806, 49.513626], [5.848841, 49.51364], [5.848852, 49.513653], [5.848852, 49.513664], [5.848848, 49.51368], [5.848837, 49.5137], [5.848787, 49.51375], [5.848764, 49.513775], [5.848757, 49.513794], [5.848753, 49.513813], [5.848757, 49.513836], [5.848776, 49.51389], [5.84878, 49.513912], [5.848776, 49.51393], [5.848761, 49.513947], [5.848745, 49.513966], [5.848661, 49.514015], [5.848597, 49.514057], [5.848562, 49.514084], [5.848539, 49.514107], [5.848524, 49.514126], [5.84852, 49.514145], [5.84852, 49.514248], [5.848516, 49.514282], [5.848509, 49.514317], [5.848494, 49.514362], [5.848444, 49.514477], [5.848425, 49.51451], [5.848379, 49.51455], [5.848349, 49.51456], [5.848234, 49.514595], [5.84807, 49.514637], [5.847998, 49.51466], [5.847959, 49.514675], [5.847906, 49.514713], [5.847876, 49.514744], [5.847853, 49.514782], [5.847845, 49.51481], [5.847837, 49.51483], [5.847837, 49.514862], [5.847853, 49.514904], [5.847853, 49.51492], [5.847845, 49.514935], [5.847826, 49.51495], [5.847796, 49.514965], [5.847753, 49.514973], [5.847712, 49.51498], [5.847589, 49.514984], [5.847509, 49.514988], [5.847444, 49.514996], [5.847384, 49.51501], [5.847341, 49.515026], [5.847319, 49.51504], [5.847246, 49.515087], [5.847216, 49.515102], [5.847197, 49.51511], [5.847174, 49.515114], [5.847147, 49.51511], [5.847033, 49.5151], [5.846964, 49.5151], [5.846937, 49.515106], [5.846907, 49.515114], [5.846861, 49.515133], [5.846792, 49.515163], [5.846754, 49.515175], [5.846712, 49.51518], [5.846643, 49.515186], [5.846594, 49.515194], [5.846559, 49.515205], [5.846533, 49.515217], [5.846506, 49.515236], [5.846487, 49.515255], [5.846464, 49.515285], [5.846422, 49.515343], [5.846399, 49.51536], [5.846369, 49.515385], [5.84627, 49.515434], [5.846159, 49.51547], [5.845987, 49.515522], [5.8458, 49.515575], [5.84561, 49.515617], [5.845434, 49.51566], [5.845388, 49.515667], [5.845327, 49.515667], [5.845289, 49.51566], [5.845262, 49.515648], [5.845232, 49.51563], [5.84511, 49.515545], [5.845079, 49.51553], [5.845053, 49.515522], [5.844995, 49.515522], [5.844976, 49.51553], [5.844961, 49.51554], [5.844938, 49.515564], [5.844912, 49.515594], [5.844889, 49.515614], [5.844816, 49.515633], [5.844732, 49.515648], [5.844664, 49.51567], [5.844599, 49.515705], [5.844542, 49.51574], [5.844507, 49.51575], [5.844446, 49.51576], [5.844091, 49.515797], [5.844053, 49.515804], [5.844015, 49.515816], [5.843988, 49.515827], [5.843966, 49.515842], [5.843947, 49.51586], [5.843931, 49.515884], [5.843878, 49.51598], [5.843863, 49.51599], [5.843836, 49.516006], [5.843817, 49.516014], [5.843611, 49.516045], [5.843573, 49.516052], [5.84355, 49.516064], [5.843531, 49.516075], [5.843515, 49.516087], [5.843508, 49.516098], [5.8435, 49.516113], [5.8435, 49.51613], [5.843512, 49.516155], [5.843531, 49.516182], [5.843553, 49.516205], [5.843588, 49.51625], [5.843592, 49.51627], [5.843592, 49.516285], [5.843576, 49.516308], [5.843443, 49.51635], [5.843401, 49.516365], [5.843336, 49.516396], [5.843294, 49.51642], [5.843199, 49.51647], [5.843164, 49.51649], [5.843119, 49.5165], [5.8431, 49.5165], [5.84305, 49.516487], [5.842947, 49.51644], [5.84292, 49.516434], [5.842897, 49.516434], [5.842867, 49.51643], [5.84284, 49.516434], [5.842814, 49.516445], [5.842791, 49.516453], [5.842764, 49.51647], [5.842691, 49.516525], [5.842653, 49.516552], [5.842627, 49.516563], [5.842581, 49.51658], [5.842459, 49.516605], [5.842417, 49.516617], [5.842386, 49.516636], [5.842363, 49.516655], [5.842329, 49.516685], [5.842253, 49.516766], [5.842222, 49.51679], [5.842165, 49.516815], [5.842115, 49.51683], [5.842077, 49.516838], [5.841906, 49.51685], [5.841803, 49.51685], [5.841776, 49.51684], [5.841719, 49.51682], [5.841692, 49.516815], [5.841505, 49.516838], [5.841413, 49.51685], [5.841368, 49.516857], [5.84131, 49.516872], [5.841265, 49.51689], [5.84123, 49.51691], [5.8412, 49.51693], [5.841127, 49.517006], [5.841097, 49.517033], [5.841043, 49.517075], [5.840803, 49.517242], [5.840773, 49.51726], [5.840631, 49.517315], [5.84054, 49.517353], [5.84049, 49.51738], [5.840467, 49.517395], [5.840441, 49.51742], [5.840376, 49.517506], [5.840353, 49.51752], [5.84033, 49.51753], [5.840311, 49.51753], [5.840284, 49.517525], [5.840231, 49.517513], [5.840212, 49.517513], [5.840193, 49.517517], [5.840162, 49.517525], [5.840132, 49.517544], [5.840109, 49.517567], [5.840086, 49.517593], [5.840067, 49.517624], [5.840059, 49.51765], [5.840056, 49.51768], [5.840063, 49.51771], [5.840082, 49.517754], [5.840105, 49.51781], [5.840109, 49.517826], [5.840101, 49.51784], [5.840082, 49.517853], [5.840048, 49.517868], [5.839994, 49.51788], [5.839899, 49.517887], [5.839823, 49.51789], [5.839792, 49.517895], [5.839769, 49.517895], [5.839754, 49.517902], [5.839743, 49.51791], [5.839735, 49.517925], [5.839735, 49.517967], [5.839739, 49.518005], [5.83975, 49.518047], [5.839766, 49.51807], [5.839838, 49.518124], [5.839849, 49.518135], [5.839853, 49.51815], [5.839857, 49.51817], [5.839849, 49.518276], [5.839819, 49.518417], [5.839808, 49.51845], [5.839796, 49.518475], [5.839769, 49.51851], [5.839704, 49.518574], [5.839674, 49.518593], [5.839598, 49.518635], [5.839525, 49.51866], [5.839479, 49.518677], [5.83938, 49.518703], [5.839342, 49.518723], [5.839304, 49.518745], [5.839201, 49.51882], [5.839121, 49.518898], [5.839075, 49.51893], [5.839029, 49.518955], [5.838976, 49.518986], [5.838949, 49.519005], [5.83885, 49.519096], [5.838736, 49.51916], [5.838678, 49.5192], [5.838518, 49.51931], [5.83835, 49.519413], [5.838221, 49.51949], [5.838163, 49.519516], [5.838137, 49.519524], [5.838114, 49.519524], [5.838095, 49.519512], [5.837957, 49.519455], [5.8379, 49.519436], [5.837828, 49.51942], [5.837732, 49.51941], [5.837664, 49.519413], [5.837553, 49.519424], [5.837461, 49.51944], [5.837374, 49.519466], [5.837213, 49.51954], [5.837095, 49.51959], [5.837004, 49.51961], [5.836912, 49.519627], [5.836725, 49.51964], [5.83658, 49.51966], [5.836493, 49.519684], [5.836382, 49.519726], [5.836275, 49.519787], [5.836145, 49.51987], [5.836084, 49.519928], [5.836058, 49.519962], [5.836031, 49.520008], [5.836008, 49.520096], [5.835993, 49.52017], [5.835966, 49.520214], [5.835943, 49.52025], [5.835936, 49.520275], [5.835939, 49.520298], [5.836004, 49.520363], [5.836012, 49.52038], [5.836012, 49.5204], [5.836, 49.520435], [5.835951, 49.52054], [5.835936, 49.5206], [5.835936, 49.52068], [5.835947, 49.52077], [5.835943, 49.52081], [5.835936, 49.52082], [5.835916, 49.52083], [5.835878, 49.52084], [5.83584, 49.520855], [5.835833, 49.52087], [5.835829, 49.520912], [5.835833, 49.52095], [5.83584, 49.520996], [5.835852, 49.52103], [5.835871, 49.521053], [5.835897, 49.521072], [5.835966, 49.521107], [5.835981, 49.521114], [5.836, 49.521133], [5.836019, 49.52116], [5.836046, 49.521183], [5.836081, 49.521202], [5.836134, 49.521225], [5.836157, 49.52124], [5.83618, 49.521263], [5.836191, 49.52129], [5.836195, 49.521324], [5.836187, 49.52137], [5.836176, 49.521408], [5.836157, 49.52145], [5.836123, 49.5215], [5.836084, 49.52157], [5.836065, 49.521614], [5.836058, 49.521656], [5.836058, 49.521748], [5.836054, 49.521782], [5.836046, 49.52181], [5.836027, 49.521835], [5.836004, 49.52186], [5.835978, 49.52188], [5.835932, 49.52191], [5.835852, 49.52197], [5.83581, 49.522], [5.835787, 49.52203], [5.835768, 49.522057], [5.835756, 49.522087], [5.835745, 49.522114], [5.835745, 49.522152], [5.835749, 49.522205], [5.83576, 49.522293], [5.835768, 49.52238], [5.835775, 49.522644], [5.835768, 49.52268], [5.835752, 49.522705], [5.835726, 49.522728], [5.835669, 49.522766], [5.835344, 49.522953], [5.835245, 49.52294], [5.834715, 49.522873], [5.834662, 49.523483], [5.834662, 49.52351], [5.834639, 49.523777], [5.834429, 49.523743], [5.834303, 49.52372], [5.834295, 49.52408], [5.834295, 49.52445], [5.834436, 49.52445], [5.834463, 49.524452], [5.834429, 49.525066], [5.834429, 49.525482], [5.834421, 49.52561], [5.834398, 49.525734], [5.834368, 49.525867], [5.834299, 49.526066], [5.834246, 49.526173], [5.834116, 49.526382], [5.834333, 49.526615], [5.834471, 49.52676], [5.834494, 49.52678], [5.834509, 49.5268], [5.834627, 49.526917], [5.834722, 49.527008], [5.834761, 49.52704], [5.834822, 49.527084], [5.834871, 49.527115], [5.834921, 49.527134], [5.834997, 49.527157], [5.83507, 49.527172], [5.835699, 49.527283], [5.835932, 49.52733], [5.836191, 49.527378], [5.836676, 49.52748], [5.837203, 49.527556], [5.837652, 49.52768], [5.837648, 49.5277], [5.837759, 49.527718], [5.83782, 49.52773], [5.83806, 49.52774], [5.838152, 49.52775], [5.838202, 49.527752], [5.838236, 49.52776], [5.838263, 49.527767], [5.838442, 49.527832], [5.838774, 49.527954], [5.839167, 49.528095], [5.839277, 49.528137], [5.839342, 49.528175], [5.839422, 49.528217], [5.839514, 49.52825], [5.839621, 49.5283], [5.83972, 49.52835], [5.839811, 49.52841], [5.839899, 49.528465], [5.839968, 49.528496], [5.840036, 49.528526], [5.840147, 49.52856], [5.840307, 49.52861], [5.84038, 49.528637], [5.840433, 49.52866], [5.840555, 49.528717], [5.840681, 49.52877], [5.840765, 49.5288], [5.840868, 49.52883], [5.841078, 49.52889], [5.84144, 49.528988], [5.841612, 49.529045], [5.841772, 49.529095], [5.842043, 49.529186], [5.842295, 49.529274], [5.842745, 49.529415], [5.843027, 49.5295], [5.843222, 49.529545], [5.843378, 49.529583], [5.843393, 49.52956], [5.843416, 49.52953], [5.843676, 49.5296], [5.843927, 49.529655], [5.844606, 49.529778], [5.844889, 49.529816], [5.845232, 49.52985], [5.845758, 49.529896], [5.845808, 49.529903], [5.845087, 49.530727], [5.844973, 49.530876], [5.844366, 49.531704], [5.84416, 49.531982], [5.843947, 49.532276], [5.843699, 49.532616], [5.843508, 49.532867], [5.843447, 49.532936], [5.843206, 49.533157], [5.842981, 49.533363], [5.842722, 49.53362], [5.842512, 49.533825], [5.842222, 49.534122], [5.842104, 49.53424], [5.842054, 49.534294], [5.842009, 49.53434], [5.841917, 49.534435], [5.841894, 49.53446], [5.841841, 49.534515], [5.841772, 49.53459], [5.841722, 49.53464], [5.841577, 49.534794], [5.841528, 49.534843], [5.841452, 49.534927], [5.841375, 49.535007], [5.841295, 49.53509], [5.841139, 49.535255], [5.840902, 49.535503], [5.840578, 49.53584], [5.840296, 49.536137], [5.839991, 49.53645], [5.839743, 49.536705], [5.839159, 49.537315], [5.839079, 49.53751], [5.838938, 49.53786], [5.838678, 49.53851], [5.838453, 49.539085], [5.838392, 49.539246], [5.838316, 49.539436], [5.838205, 49.539715], [5.838003, 49.540237], [5.837927, 49.54043], [5.837843, 49.54063], [5.837736, 49.540913], [5.837606, 49.54125], [5.837385, 49.541836], [5.83729, 49.542118], [5.837076, 49.542583], [5.836966, 49.542652], [5.836924, 49.542667], [5.836782, 49.542675], [5.836687, 49.54267], [5.836531, 49.54266], [5.836382, 49.54264], [5.83629, 49.54262], [5.836142, 49.54259], [5.835878, 49.542526], [5.835611, 49.54246], [5.835401, 49.54241], [5.835074, 49.54234], [5.8347, 49.542202], [5.834539, 49.54214], [5.834475, 49.542114], [5.834391, 49.542076], [5.834269, 49.542015], [5.83407, 49.541924], [5.833921, 49.54184], [5.833883, 49.541824], [5.833849, 49.541813], [5.833673, 49.541782], [5.833628, 49.541767], [5.833597, 49.54175], [5.833571, 49.541733], [5.833536, 49.54172], [5.833441, 49.541737], [5.832922, 49.54159], [5.832193, 49.54137], [5.831858, 49.541275], [5.831804, 49.541256], [5.83153, 49.541176], [5.830641, 49.541042], [5.829878, 49.540936], [5.829393, 49.54083], [5.828974, 49.54072], [5.828562, 49.540558], [5.828012, 49.540333], [5.828024, 49.540222], [5.82802, 49.540104], [5.82786, 49.540062], [5.827677, 49.540012], [5.827162, 49.539883], [5.826837, 49.53979], [5.826704, 49.539757], [5.825563, 49.539455], [5.825464, 49.539433], [5.825308, 49.539394], [5.825087, 49.539337], [5.824484, 49.53918], [5.824438, 49.53917], [5.824053, 49.538853], [5.823832, 49.538673], [5.823732, 49.5386], [5.823679, 49.53856], [5.82345, 49.538425], [5.822973, 49.538155], [5.822744, 49.538036], [5.822718, 49.538025], [5.82263, 49.538208], [5.822577, 49.538296], [5.822527, 49.53838], [5.822508, 49.538437], [5.8225, 49.538483], [5.822496, 49.538548], [5.822474, 49.538536], [5.822088, 49.538303], [5.821939, 49.538216], [5.821779, 49.538143], [5.821699, 49.538105], [5.821573, 49.538063], [5.821215, 49.537968], [5.820746, 49.53784], [5.820394, 49.53775], [5.820334, 49.537735], [5.820021, 49.53765], [5.819605, 49.53754], [5.81904, 49.537395], [5.818579, 49.537292], [5.818273, 49.537228], [5.817907, 49.537155], [5.817465, 49.53707], [5.81716, 49.537018], [5.817179, 49.537716], [5.816401, 49.53755], [5.816008, 49.537495], [5.815729, 49.538002], [5.815481, 49.53845], [5.815458, 49.53849], [5.815451, 49.538506], [5.815412, 49.538597], [5.815397, 49.53863], [5.815352, 49.538765], [5.815352, 49.538837], [5.815367, 49.538918], [5.815405, 49.539078], [5.815405, 49.53912], [5.81539, 49.53915], [5.815363, 49.539185], [5.815271, 49.53928], [5.815119, 49.539433], [5.815001, 49.539543], [5.814856, 49.539658], [5.814714, 49.53976], [5.81465, 49.539803], [5.814569, 49.53986], [5.814402, 49.539978], [5.814341, 49.54002], [5.814302, 49.540062], [5.81426, 49.54011], [5.814218, 49.54019], [5.814188, 49.54027], [5.81415, 49.54039], [5.814123, 49.54048], [5.814089, 49.54056], [5.814066, 49.540592], [5.814051, 49.540623], [5.813974, 49.540714], [5.813944, 49.540752], [5.81391, 49.5408], [5.813852, 49.54087], [5.813456, 49.5414], [5.813376, 49.541508], [5.813341, 49.54155], [5.813044, 49.541557], [5.812941, 49.541687], [5.81288, 49.541744], [5.812807, 49.541794], [5.812635, 49.541893], [5.812406, 49.541904], [5.812151, 49.54184], [5.811956, 49.541996], [5.811937, 49.54201], [5.808714, 49.540962], [5.80855, 49.54091], [5.808294, 49.541916], [5.808126, 49.54256], [5.808279, 49.542606], [5.808291, 49.5426]]]}}]}