{"type": "FeatureCollection", "features": [{"type": "Feature", "properties": {"name": "Canton Esch-sur-Alzette"}, "geometry": {"type": "MultiPolygon", "coordinates": [[[[5.808126, 49.54256], [5.808279, 49.542606], [5.808291, 49.5426], [5.808302, 49.54259], [5.808317, 49.542583], [5.808344, 49.542576], [5.808359, 49.542576], [5.809263, 49.542828], [5.810518, 49.54318], [5.810503, 49.5432], [5.810495, 49.54325], [5.810515, 49.543312], [5.810587, 49.543423], [5.810579, 49.543434], [5.81056, 49.543476], [5.814165, 49.54447], [5.815226, 49.54483], [5.815882, 49.54505], [5.815916, 49.545063], [5.81724, 49.54551], [5.817263, 49.545513], [5.817949, 49.545746], [5.818064, 49.54583], [5.818575, 49.546381], [5.818609, 49.546604], [5.81864, 49.54665], [5.818708, 49.5467], [5.818796, 49.546745], [5.81885, 49.546783], [5.818892, 49.546856], [5.818956, 49.546986], [5.819017, 49.547092], [5.81909, 49.54715], [5.819189, 49.547203], [5.819326, 49.547253], [5.819551, 49.54731], [5.819685, 49.547363], [5.819841, 49.54744], [5.819994, 49.54753], [5.820101, 49.547604], [5.82015, 49.547672], [5.820162, 49.547726], [5.82012, 49.547825], [5.820059, 49.547935], [5.81999, 49.54799], [5.819906, 49.54804], [5.819826, 49.548084], [5.819807, 49.548126], [5.819838, 49.54817], [5.819857, 49.548203], [5.819849, 49.54824], [5.81986, 49.54829], [5.81991, 49.54833], [5.820002, 49.548378], [5.82007, 49.548435], [5.820135, 49.548515], [5.820166, 49.54859], [5.820158, 49.548645], [5.82007, 49.548817], [5.820059, 49.548878], [5.820047, 49.548954], [5.820017, 49.549015], [5.81999, 49.549076], [5.819998, 49.549126], [5.820032, 49.54919], [5.820086, 49.549232], [5.820162, 49.54927], [5.820917, 49.549587], [5.82118, 49.54969], [5.821196, 49.549717], [5.821176, 49.54974], [5.821165, 49.54979], [5.821203, 49.549828], [5.821268, 49.54987], [5.821352, 49.549892], [5.821447, 49.5499], [5.821596, 49.549892], [5.821695, 49.549873], [5.821825, 49.54983], [5.821917, 49.54979], [5.821989, 49.54977], [5.822138, 49.54977], [5.822203, 49.549755], [5.822294, 49.549717], [5.822401, 49.54966], [5.822462, 49.549633], [5.822515, 49.54963], [5.822584, 49.549644], [5.82266, 49.54968], [5.822725, 49.54972], [5.822798, 49.549793], [5.822889, 49.549946], [5.822927, 49.550053], [5.822981, 49.55015], [5.823057, 49.550243], [5.823183, 49.550404], [5.823248, 49.550507], [5.823313, 49.550564], [5.823484, 49.550682], [5.823584, 49.550777], [5.82366, 49.550888], [5.82374, 49.550957], [5.824007, 49.551147], [5.824045, 49.551205], [5.824079, 49.55126], [5.824129, 49.551315], [5.824301, 49.55142], [5.824614, 49.551586], [5.824839, 49.55172], [5.824987, 49.551792], [5.825003, 49.5518], [5.825075, 49.551834], [5.825132, 49.55186], [5.82522, 49.55192], [5.82527, 49.551987], [5.825319, 49.552032], [5.82538, 49.552063], [5.825468, 49.552082], [5.82572, 49.552124], [5.825926, 49.55217], [5.826017, 49.55221], [5.82604, 49.552235], [5.82625, 49.552143], [5.826296, 49.552116], [5.82633, 49.552094], [5.826368, 49.55206], [5.826399, 49.552013], [5.826422, 49.551964], [5.826441, 49.55191], [5.826448, 49.55187], [5.826452, 49.551834], [5.826475, 49.55179], [5.82651, 49.551727], [5.826597, 49.55163], [5.826727, 49.55147], [5.826742, 49.551445], [5.826769, 49.55141], [5.826826, 49.551334], [5.82691, 49.551235], [5.827406, 49.550594], [5.827974, 49.550007], [5.828737, 49.55025], [5.829279, 49.55047], [5.829779, 49.550663], [5.829802, 49.550644], [5.829947, 49.550694], [5.830126, 49.550743], [5.83024, 49.55077], [5.83029, 49.55078], [5.830336, 49.550785], [5.83037, 49.550785], [5.83074, 49.55079], [5.830908, 49.55079], [5.830988, 49.550797], [5.831053, 49.5508], [5.831106, 49.550816], [5.831205, 49.550854], [5.831743, 49.551067], [5.831964, 49.55115], [5.832113, 49.5512], [5.83235, 49.551273], [5.8328, 49.551414], [5.832956, 49.551464], [5.833143, 49.551525], [5.83349, 49.55164], [5.833723, 49.551712], [5.834005, 49.551804], [5.834303, 49.5519], [5.834646, 49.552006], [5.834871, 49.552082], [5.83494, 49.55211], [5.835585, 49.552433], [5.835653, 49.552464], [5.836512, 49.55263], [5.837492, 49.552814], [5.837641, 49.552837], [5.837751, 49.552853], [5.837923, 49.552868], [5.838209, 49.55289], [5.838491, 49.552906], [5.838614, 49.552914], [5.838755, 49.55292], [5.839022, 49.552937], [5.839407, 49.55296], [5.839842, 49.55298], [5.840448, 49.553005], [5.841539, 49.553085], [5.84181, 49.55311], [5.841895, 49.553311], [5.841917, 49.553364], [5.842047, 49.553635], [5.842062, 49.553753], [5.842068, 49.553849], [5.842073, 49.553923], [5.842146, 49.553926], [5.842089, 49.554212], [5.842032, 49.554495], [5.842104, 49.554497], [5.842165, 49.55449], [5.842234, 49.554478], [5.842325, 49.554447], [5.842402, 49.554413], [5.842569, 49.55434], [5.842627, 49.55433], [5.842669, 49.55432], [5.842733, 49.55432], [5.842855, 49.55433], [5.843058, 49.554344], [5.843294, 49.55437], [5.843416, 49.55439], [5.843477, 49.554398], [5.843645, 49.554424], [5.843672, 49.554688], [5.843683, 49.554806], [5.843679, 49.554874], [5.843668, 49.554947], [5.843542, 49.55521], [5.843866, 49.55531], [5.844336, 49.555477], [5.844473, 49.55558], [5.844625, 49.5557], [5.84479, 49.55583], [5.844934, 49.556126], [5.844992, 49.556133], [5.84606, 49.55628], [5.845972, 49.556637], [5.846025, 49.556652], [5.846087, 49.556686], [5.846144, 49.556747], [5.84617, 49.55683], [5.846174, 49.556946], [5.846136, 49.55705], [5.84609, 49.55711], [5.845976, 49.557224], [5.845877, 49.55734], [5.845854, 49.557392], [5.845861, 49.55743], [5.845934, 49.557495], [5.846018, 49.557545], [5.846094, 49.557594], [5.846296, 49.5577], [5.845671, 49.558277], [5.845335, 49.55859], [5.8458, 49.558754], [5.84585, 49.55877], [5.845236, 49.55926], [5.844187, 49.559826], [5.843706, 49.560104], [5.843397, 49.560318], [5.843119, 49.560535], [5.84289, 49.560745], [5.842421, 49.561023], [5.843637, 49.560654], [5.844267, 49.560802], [5.84479, 49.560936], [5.845148, 49.56105], [5.845358, 49.56114], [5.845636, 49.561283], [5.845865, 49.561428], [5.846029, 49.561565], [5.846273, 49.56181], [5.846518, 49.562107], [5.846579, 49.56209], [5.846727, 49.562065], [5.846796, 49.56206], [5.846884, 49.56206], [5.846998, 49.562073], [5.847219, 49.56211], [5.847597, 49.562183], [5.848104, 49.56241], [5.848223, 49.56246], [5.848463, 49.56257], [5.848482, 49.562576], [5.848692, 49.562668], [5.848814, 49.56272], [5.849001, 49.562798], [5.849089, 49.562836], [5.849192, 49.562878], [5.849375, 49.562954], [5.84952, 49.563007], [5.849646, 49.563046], [5.849684, 49.56306], [5.849749, 49.56308], [5.849802, 49.563095], [5.849913, 49.56313], [5.849962, 49.563145], [5.849993, 49.563152], [5.850073, 49.56318], [5.85013, 49.563194], [5.850206, 49.563217], [5.850359, 49.563103], [5.850523, 49.563065], [5.85071, 49.563023], [5.850779, 49.563004], [5.850859, 49.56298], [5.85087, 49.562977], [5.850912, 49.562958], [5.850931, 49.562954], [5.850946, 49.562943], [5.850962, 49.56294], [5.850988, 49.562923], [5.851004, 49.562916], [5.851019, 49.56291], [5.851046, 49.56287], [5.851065, 49.562847], [5.851095, 49.562794], [5.851099, 49.562862], [5.851099, 49.562946], [5.85103, 49.562977], [5.851026, 49.56299], [5.851026, 49.56303], [5.850996, 49.563065], [5.850985, 49.56309], [5.850985, 49.56312], [5.850996, 49.56316], [5.850996, 49.563183], [5.850985, 49.563225], [5.850969, 49.56326], [5.85095, 49.56329], [5.850939, 49.563313], [5.850935, 49.56334], [5.850943, 49.56338], [5.850943, 49.56343], [5.850935, 49.5635], [5.850935, 49.563545], [5.850943, 49.563576], [5.850962, 49.563633], [5.850988, 49.563705], [5.851015, 49.563812], [5.851034, 49.56385], [5.851065, 49.563896], [5.851126, 49.56397], [5.851202, 49.56406], [5.851248, 49.56414], [5.851511, 49.564617], [5.851538, 49.56465], [5.85166, 49.564846], [5.851782, 49.56497], [5.851957, 49.565136], [5.852056, 49.56522], [5.852098, 49.56524], [5.852179, 49.56526], [5.852243, 49.56528], [5.852285, 49.565285], [5.852381, 49.56528], [5.852476, 49.565285], [5.852598, 49.56529], [5.852804, 49.5653], [5.852869, 49.565304], [5.852976, 49.5653], [5.853174, 49.565296], [5.853311, 49.565292], [5.853384, 49.56528], [5.853479, 49.565254], [5.853563, 49.56523], [5.853659, 49.565197], [5.853723, 49.565178], [5.853762, 49.56516], [5.854196, 49.565327], [5.854948, 49.56562], [5.855394, 49.56601], [5.856604, 49.566265], [5.858007, 49.56622], [5.8589, 49.56637], [5.858954, 49.56638], [5.859854, 49.56654], [5.860346, 49.56673], [5.860685, 49.566868], [5.861059, 49.567024], [5.861132, 49.567524], [5.86104, 49.568165], [5.861017, 49.568268], [5.860964, 49.568413], [5.860636, 49.56922], [5.860518, 49.569508], [5.860407, 49.56979], [5.86043, 49.56994], [5.860453, 49.570034], [5.860475, 49.570087], [5.860498, 49.570126], [5.860632, 49.570267], [5.860762, 49.57039], [5.861231, 49.570827], [5.861807, 49.57067], [5.861917, 49.570637], [5.861948, 49.570663], [5.861994, 49.570698], [5.862028, 49.57069], [5.862253, 49.57062], [5.862375, 49.570732], [5.862425, 49.57073], [5.862482, 49.57072], [5.862616, 49.570698], [5.862837, 49.570652], [5.862936, 49.57062], [5.86302, 49.570595], [5.863096, 49.570568], [5.863245, 49.570507], [5.863382, 49.570602], [5.863466, 49.570652], [5.863855, 49.570854], [5.863966, 49.57091], [5.864187, 49.57103], [5.864267, 49.57107], [5.864344, 49.57111], [5.864706, 49.571323], [5.865019, 49.571514], [5.865347, 49.571716], [5.865442, 49.571644], [5.865496, 49.571606], [5.865545, 49.571568], [5.865587, 49.571537], [5.865614, 49.571518], [5.865843, 49.57134], [5.865892, 49.5713], [5.865927, 49.571274], [5.866015, 49.571205], [5.866156, 49.57109], [5.866224, 49.571033], [5.866259, 49.571007], [5.866392, 49.570896], [5.866449, 49.570854], [5.866514, 49.5708], [5.866556, 49.570766], [5.86659, 49.57074], [5.866613, 49.57072], [5.866693, 49.570656], [5.86672, 49.570637], [5.866812, 49.57056], [5.866861, 49.57052], [5.866896, 49.57049], [5.866934, 49.570465], [5.866999, 49.570408], [5.867071, 49.570354], [5.867094, 49.570335], [5.867132, 49.57031], [5.86717, 49.570282], [5.867285, 49.570213], [5.867353, 49.57017], [5.867392, 49.570152], [5.867422, 49.57013], [5.867502, 49.570076], [5.867624, 49.57], [5.867788, 49.569893], [5.867853, 49.56985], [5.86788, 49.569836], [5.867926, 49.569805], [5.867941, 49.569794], [5.867983, 49.569767], [5.868002, 49.56975], [5.868059, 49.569717], [5.868185, 49.569637], [5.868296, 49.569565], [5.868471, 49.569447], [5.86857, 49.569386], [5.8687, 49.5693], [5.868776, 49.569252], [5.868868, 49.56919], [5.868895, 49.56917], [5.868982, 49.569115], [5.869123, 49.56902], [5.869215, 49.568962], [5.869345, 49.568855], [5.869604, 49.568634], [5.869722, 49.56853], [5.869738, 49.568516], [5.869783, 49.56847], [5.869806, 49.568443], [5.869867, 49.568367], [5.869928, 49.5683], [5.869955, 49.56827], [5.869974, 49.568253], [5.870054, 49.568184], [5.870161, 49.56808], [5.870127, 49.568058], [5.870146, 49.56803], [5.870172, 49.567997], [5.870213, 49.567948], [5.870249, 49.567905], [5.870275, 49.56787], [5.87031, 49.56783], [5.870359, 49.56777], [5.870409, 49.567707], [5.870447, 49.56766], [5.870501, 49.567596], [5.870657, 49.5674], [5.870832, 49.567184], [5.870806, 49.567165], [5.870836, 49.567104], [5.870855, 49.567055], [5.870863, 49.567], [5.870905, 49.566803], [5.870935, 49.566635], [5.870939, 49.56661], [5.870958, 49.56652], [5.870958, 49.566483], [5.870974, 49.566364], [5.870997, 49.56616], [5.870997, 49.566143], [5.871015, 49.565945], [5.871019, 49.565918], [5.871031, 49.56574], [5.871038, 49.56565], [5.871267, 49.56574], [5.871298, 49.56571], [5.871531, 49.565456], [5.871565, 49.565422], [5.871721, 49.565254], [5.871759, 49.56521], [5.871881, 49.565083], [5.872053, 49.5649], [5.872339, 49.56503], [5.872435, 49.56496], [5.872496, 49.564922], [5.872511, 49.56491], [5.872545, 49.564888], [5.872755, 49.564743], [5.872793, 49.564716], [5.872824, 49.564693], [5.872839, 49.564686], [5.87287, 49.564663], [5.872923, 49.564625], [5.872965, 49.564594], [5.872988, 49.564575], [5.873053, 49.56453], [5.873117, 49.564476], [5.87322, 49.564392], [5.873285, 49.56434], [5.873323, 49.5643], [5.873377, 49.564255], [5.873434, 49.5642], [5.873529, 49.564114], [5.873556, 49.564087], [5.873621, 49.564026], [5.873636, 49.56401], [5.873911, 49.563747], [5.874147, 49.56353], [5.874227, 49.56355], [5.87435, 49.563282], [5.874361, 49.563255], [5.874563, 49.562798], [5.874712, 49.562454], [5.874777, 49.56229], [5.874891, 49.561996], [5.875078, 49.561447], [5.87509, 49.561405], [5.87409, 49.561234], [5.874124, 49.561184], [5.874174, 49.561115], [5.874197, 49.56108], [5.874342, 49.560886], [5.874365, 49.560856], [5.874781, 49.560284], [5.875101, 49.55984], [5.875128, 49.559807], [5.875143, 49.559784], [5.875246, 49.559776], [5.875418, 49.55976], [5.87565, 49.559734], [5.875853, 49.55974], [5.876017, 49.559765], [5.876146, 49.559814], [5.876391, 49.559948], [5.876524, 49.56001], [5.876661, 49.560043], [5.876806, 49.56006], [5.876993, 49.56004], [5.877142, 49.560017], [5.877378, 49.559994], [5.877485, 49.559994], [5.877569, 49.560013], [5.877665, 49.56005], [5.877741, 49.560104], [5.877817, 49.560173], [5.877882, 49.56026], [5.877924, 49.5604], [5.878027, 49.560486], [5.878092, 49.560528], [5.878153, 49.560574], [5.878202, 49.560642], [5.878229, 49.56072], [5.878237, 49.56091], [5.878294, 49.561035], [5.878324, 49.56107], [5.878363, 49.561108], [5.878462, 49.561165], [5.878634, 49.561222], [5.878813, 49.56126], [5.8789, 49.561275], [5.879076, 49.561287], [5.879274, 49.561287], [5.879408, 49.561314], [5.879518, 49.561314], [5.879549, 49.56131], [5.879785, 49.56127], [5.880041, 49.561222], [5.880102, 49.561214], [5.88014, 49.56121], [5.880171, 49.561214], [5.880209, 49.561226], [5.880243, 49.56124], [5.880281, 49.56128], [5.880308, 49.561317], [5.880343, 49.561367], [5.880381, 49.561424], [5.880293, 49.56148], [5.880304, 49.561497], [5.880339, 49.56153], [5.880369, 49.56155], [5.880407, 49.56157], [5.880491, 49.561604], [5.88056, 49.56162], [5.880629, 49.561634], [5.880655, 49.56164], [5.880728, 49.561653], [5.880854, 49.56167], [5.881002, 49.561684], [5.881201, 49.5617], [5.881338, 49.561703], [5.881472, 49.5617], [5.881628, 49.56169], [5.881735, 49.56168], [5.881868, 49.56166], [5.881929, 49.56165], [5.882032, 49.561634], [5.882055, 49.56161], [5.882238, 49.561687], [5.88236, 49.561756], [5.882376, 49.56177], [5.882524, 49.56189], [5.882586, 49.561916], [5.88278, 49.562004], [5.883001, 49.562084], [5.883089, 49.562107], [5.883219, 49.562145], [5.883326, 49.56217], [5.883406, 49.562172], [5.883654, 49.562176], [5.883799, 49.56217], [5.88397, 49.562157], [5.884047, 49.562153], [5.884367, 49.562107], [5.884615, 49.562077], [5.884817, 49.56206], [5.884996, 49.562057], [5.885233, 49.562057], [5.885538, 49.562073], [5.885691, 49.56208], [5.885717, 49.56208], [5.885775, 49.56107], [5.885771, 49.560925], [5.885625, 49.560799], [5.885571, 49.560736], [5.885489, 49.56063], [5.885397, 49.56047], [5.885416, 49.560413], [5.885397, 49.560356], [5.885385, 49.560314], [5.88537, 49.560265], [5.885363, 49.560196], [5.885355, 49.56003], [5.885282, 49.56003], [5.885302, 49.559734], [5.885332, 49.559494], [5.885397, 49.55929], [5.885489, 49.55912], [5.885786, 49.55866], [5.886209, 49.55817], [5.886473, 49.55823], [5.886541, 49.558136], [5.886724, 49.55783], [5.886957, 49.557545], [5.887056, 49.557446], [5.887236, 49.557293], [5.887384, 49.55717], [5.887426, 49.55709], [5.887434, 49.557014], [5.887426, 49.55679], [5.887384, 49.556515], [5.887304, 49.556248], [5.88714, 49.555912], [5.886957, 49.555607], [5.886866, 49.55551], [5.886743, 49.55535], [5.886705, 49.555275], [5.886675, 49.5552], [5.886675, 49.55513], [5.886622, 49.555084], [5.886606, 49.555077], [5.886534, 49.554993], [5.886457, 49.55489], [5.886221, 49.554565], [5.886145, 49.554447], [5.886129, 49.55442], [5.886099, 49.55437], [5.886091, 49.55435], [5.886072, 49.55431], [5.886057, 49.554264], [5.886053, 49.554226], [5.886049, 49.55418], [5.886049, 49.554134], [5.886061, 49.55407], [5.886087, 49.55396], [5.886129, 49.55384], [5.886141, 49.553802], [5.886194, 49.553673], [5.886236, 49.55362], [5.88632, 49.553528], [5.886206, 49.5533], [5.886332, 49.553295], [5.886408, 49.553448], [5.88653, 49.553333], [5.886579, 49.553288], [5.886511, 49.553135], [5.886248, 49.552467], [5.886137, 49.552174], [5.885939, 49.55183], [5.885794, 49.551617], [5.885717, 49.551502], [5.885561, 49.551292], [5.885481, 49.551197], [5.885439, 49.55116], [5.885382, 49.55113], [5.885347, 49.5511], [5.885309, 49.55104], [5.885199, 49.5507], [5.885118, 49.550476], [5.885096, 49.5504], [5.885042, 49.550236], [5.885057, 49.55021], [5.885141, 49.550117], [5.885321, 49.549908], [5.885527, 49.54959], [5.885622, 49.549225], [5.885649, 49.548946], [5.885668, 49.548798], [5.885672, 49.548615], [5.885656, 49.548355], [5.885611, 49.548088], [5.88529, 49.547], [5.885317, 49.546803], [5.885401, 49.546787], [5.886332, 49.546616], [5.886686, 49.546547], [5.886889, 49.546516], [5.887434, 49.54644], [5.887548, 49.54643], [5.88764, 49.546425], [5.887743, 49.54642], [5.887999, 49.546432], [5.88838, 49.546448], [5.888651, 49.546467], [5.888968, 49.546494], [5.888998, 49.546494], [5.889219, 49.546513], [5.889509, 49.546535], [5.889994, 49.54657], [5.890001, 49.54653], [5.890036, 49.54631], [5.890043, 49.546246], [5.890051, 49.54621], [5.890051, 49.54619], [5.890699, 49.54627], [5.890783, 49.546276], [5.891127, 49.546318], [5.891161, 49.54632], [5.891466, 49.54636], [5.891703, 49.54639], [5.891714, 49.54639], [5.891844, 49.546402], [5.891867, 49.546406], [5.892016, 49.546413], [5.892042, 49.546417], [5.892122, 49.546425], [5.892229, 49.54644], [5.892763, 49.546505], [5.893114, 49.546547], [5.893225, 49.546562], [5.893465, 49.54659], [5.894136, 49.546665], [5.894213, 49.546673], [5.894934, 49.546715], [5.895262, 49.546738], [5.895617, 49.546753], [5.89596, 49.546776], [5.895975, 49.546776], [5.896185, 49.546795], [5.89638, 49.54682], [5.896807, 49.54687], [5.897104, 49.54691], [5.898539, 49.54708], [5.898596, 49.547146], [5.898638, 49.547188], [5.898664, 49.54722], [5.898748, 49.54731], [5.89876, 49.54732], [5.898958, 49.547535], [5.899, 49.547585], [5.899031, 49.547615], [5.899237, 49.54783], [5.899279, 49.54787], [5.899321, 49.547913], [5.899363, 49.547955], [5.89942, 49.548016], [5.899481, 49.548077], [5.899588, 49.548187], [5.899778, 49.54838], [5.899805, 49.548412], [5.899984, 49.548603], [5.900358, 49.548992], [5.900476, 49.549114], [5.90074, 49.549377], [5.900839, 49.549423], [5.901052, 49.549526], [5.90164, 49.5498], [5.901682, 49.54982], [5.901903, 49.549915], [5.902204, 49.55005], [5.902273, 49.55008], [5.902441, 49.55015], [5.902475, 49.55018], [5.90262, 49.550285], [5.902685, 49.550335], [5.902918, 49.550507], [5.90333, 49.550816], [5.90354, 49.550972], [5.903547, 49.550983], [5.903559, 49.550987], [5.903757, 49.551064], [5.903997, 49.55116], [5.904028, 49.55117], [5.904245, 49.55125], [5.90428, 49.551266], [5.904287, 49.551292], [5.904284, 49.551327], [5.904268, 49.551342], [5.904253, 49.551353], [5.90423, 49.551357], [5.904207, 49.551353], [5.904169, 49.551342], [5.90412, 49.55132], [5.904032, 49.551285], [5.903975, 49.55127], [5.903936, 49.551266], [5.903913, 49.551266], [5.903891, 49.551277], [5.903871, 49.55129], [5.903856, 49.551308], [5.903845, 49.55134], [5.903833, 49.55138], [5.903837, 49.551422], [5.903845, 49.5515], [5.903853, 49.551598], [5.903841, 49.551624], [5.903822, 49.55164], [5.903791, 49.55165], [5.903742, 49.551662], [5.903715, 49.55167], [5.903692, 49.551693], [5.903673, 49.55172], [5.903658, 49.551746], [5.903624, 49.55182], [5.904226, 49.552017], [5.904783, 49.552204], [5.90481, 49.55221], [5.905176, 49.552162], [5.905233, 49.55215], [5.905252, 49.55215], [5.905302, 49.552143], [5.905314, 49.55214], [5.905466, 49.55212], [5.905512, 49.552113], [5.905535, 49.55211], [5.905565, 49.552105], [5.905588, 49.5521], [5.905657, 49.552094], [5.905672, 49.55209], [5.90568, 49.55209], [5.905725, 49.552082], [5.905829, 49.552067], [5.90592, 49.552055], [5.905966, 49.552048], [5.905981, 49.552044], [5.905996, 49.552044], [5.906027, 49.55204], [5.906053, 49.55204], [5.906065, 49.552044], [5.906286, 49.552067], [5.906344, 49.552074], [5.906366, 49.552074], [5.90645, 49.552086], [5.906485, 49.55209], [5.906687, 49.55211], [5.906755, 49.552116], [5.906767, 49.552116], [5.906855, 49.552124], [5.906923, 49.552135], [5.906992, 49.552143], [5.907007, 49.552147], [5.907019, 49.552147], [5.907038, 49.55215], [5.907087, 49.552155], [5.907118, 49.552162], [5.907141, 49.552162], [5.907164, 49.55217], [5.907225, 49.552177], [5.907362, 49.5522], [5.90756, 49.55223], [5.907591, 49.55224], [5.907625, 49.552242], [5.907755, 49.552265], [5.907762, 49.552265], [5.907831, 49.55228], [5.907869, 49.552284], [5.907881, 49.552288], [5.90793, 49.5523], [5.90803, 49.552315], [5.908087, 49.552326], [5.908094, 49.552326], [5.908136, 49.552334], [5.908175, 49.552338], [5.908228, 49.55234], [5.908251, 49.552345], [5.908365, 49.552357], [5.908384, 49.55236], [5.908419, 49.55236], [5.908487, 49.55237], [5.908606, 49.552383], [5.90869, 49.55239], [5.908712, 49.55239], [5.908758, 49.552395], [5.908815, 49.552402], [5.908865, 49.55241], [5.908876, 49.552414], [5.908884, 49.552414], [5.908892, 49.552418], [5.908915, 49.55242], [5.908983, 49.552444], [5.909052, 49.552467], [5.909147, 49.552505], [5.909159, 49.552513], [5.90917, 49.552517], [5.909185, 49.552525], [5.90922, 49.55254], [5.90925, 49.552555], [5.909391, 49.55262], [5.909494, 49.55267], [5.909609, 49.552723], [5.909651, 49.552746], [5.90967, 49.552753], [5.909838, 49.552837], [5.909853, 49.552845], [5.909861, 49.55285], [5.909884, 49.55286], [5.909952, 49.552895], [5.910063, 49.55295], [5.910089, 49.552967], [5.910097, 49.55297], [5.910105, 49.552975], [5.91025, 49.553055], [5.910273, 49.55307], [5.910379, 49.553127], [5.910471, 49.553185], [5.910589, 49.553253], [5.910673, 49.553307], [5.910734, 49.553345], [5.91091, 49.55345], [5.911001, 49.55351], [5.911104, 49.553574], [5.911238, 49.553646], [5.911348, 49.553707], [5.911463, 49.55376], [5.9116, 49.55382], [5.911646, 49.553837], [5.911676, 49.553852], [5.911802, 49.553898], [5.911814, 49.553905], [5.911867, 49.55392], [5.91192, 49.55394], [5.91197, 49.553955], [5.912005, 49.553967], [5.912043, 49.553978], [5.912081, 49.55399], [5.912119, 49.554], [5.912142, 49.55401], [5.912157, 49.554012], [5.912195, 49.55402], [5.912203, 49.554024], [5.912233, 49.55403], [5.912268, 49.55404], [5.912321, 49.55405], [5.912355, 49.554058], [5.912371, 49.55406], [5.912382, 49.554066], [5.912397, 49.55407], [5.912424, 49.554073], [5.912466, 49.554085], [5.912481, 49.554085], [5.91255, 49.5541], [5.9126, 49.55411], [5.912611, 49.55411], [5.912619, 49.554115], [5.912691, 49.554127], [5.912744, 49.55414], [5.912756, 49.55414], [5.912817, 49.55415], [5.912912, 49.55416], [5.913004, 49.554173], [5.913061, 49.55418], [5.913321, 49.55421], [5.913584, 49.554245], [5.913694, 49.554256], [5.913717, 49.554256], [5.913729, 49.55426], [5.913744, 49.55426], [5.913771, 49.554264], [5.913786, 49.554264], [5.913843, 49.55427], [5.914106, 49.554302], [5.914289, 49.554317], [5.914297, 49.55432], [5.91432, 49.55432], [5.914465, 49.554337], [5.914488, 49.554337], [5.914515, 49.55434], [5.914526, 49.55434], [5.914595, 49.554348], [5.914625, 49.554348], [5.914831, 49.554367], [5.914877, 49.554367], [5.9149, 49.55437], [5.91501, 49.554375], [5.915102, 49.554382], [5.915194, 49.554386], [5.916044, 49.55439], [5.916071, 49.554367], [5.916098, 49.554337], [5.916353, 49.5541], [5.916449, 49.554016], [5.916521, 49.553947], [5.916555, 49.553913], [5.916754, 49.553974], [5.916918, 49.55402], [5.916952, 49.55403], [5.917181, 49.5541], [5.917406, 49.554165], [5.917562, 49.554214], [5.917696, 49.554253], [5.917711, 49.554256], [5.917719, 49.55426], [5.91773, 49.554264], [5.917761, 49.55427], [5.917852, 49.5543], [5.918001, 49.55434], [5.918043, 49.55435], [5.918139, 49.55438], [5.918295, 49.554424], [5.918318, 49.55443], [5.918451, 49.55447], [5.918611, 49.554516], [5.918646, 49.554523], [5.918673, 49.55453], [5.918684, 49.554535], [5.918863, 49.554585], [5.918966, 49.55461], [5.919043, 49.55463], [5.91905, 49.554634], [5.919066, 49.554638], [5.919161, 49.55466], [5.919252, 49.554688], [5.919306, 49.554703], [5.919355, 49.554714], [5.919386, 49.554726], [5.91963, 49.55479], [5.919729, 49.554817], [5.919947, 49.55488], [5.920065, 49.55491], [5.920183, 49.554935], [5.920298, 49.55497], [5.920382, 49.554993], [5.920404, 49.554996], [5.920412, 49.555], [5.920424, 49.554977], [5.920435, 49.55495], [5.920458, 49.55492], [5.920465, 49.554905], [5.920477, 49.554886], [5.920519, 49.554813], [5.920549, 49.55475], [5.920809, 49.554813], [5.92082, 49.554817], [5.920858, 49.554825], [5.920977, 49.554855], [5.921015, 49.554863], [5.921042, 49.55487], [5.921076, 49.55488], [5.921171, 49.554897], [5.921206, 49.554905], [5.921217, 49.55491], [5.921225, 49.55491], [5.921335, 49.554935], [5.921438, 49.554955], [5.921484, 49.554962], [5.921545, 49.554974], [5.921648, 49.55499], [5.921701, 49.554996], [5.921717, 49.555], [5.921835, 49.555016], [5.921923, 49.555027], [5.922106, 49.555046], [5.922518, 49.55509], [5.922751, 49.55512], [5.922907, 49.55513], [5.922934, 49.555134], [5.923056, 49.555145], [5.923178, 49.555157], [5.923254, 49.55516], [5.923475, 49.55518], [5.923651, 49.555195], [5.923708, 49.555202], [5.923723, 49.555206], [5.923735, 49.555206], [5.923765, 49.55521], [5.923777, 49.555187], [5.923784, 49.555176], [5.9238, 49.55514], [5.923986, 49.555172], [5.92404, 49.555183], [5.924059, 49.555183], [5.92407, 49.555187], [5.924082, 49.555187], [5.924173, 49.555202], [5.924383, 49.55525], [5.924433, 49.555256], [5.924444, 49.55526], [5.924479, 49.555267], [5.924509, 49.55527], [5.924555, 49.555283], [5.924662, 49.555305], [5.924704, 49.555313], [5.924726, 49.55532], [5.924765, 49.55533], [5.924791, 49.555336], [5.924803, 49.555336], [5.924856, 49.55535], [5.925005, 49.555386], [5.92502, 49.55539], [5.925039, 49.555393], [5.925051, 49.555397], [5.925062, 49.555397], [5.925074, 49.5554], [5.925112, 49.555412], [5.925123, 49.555412], [5.925138, 49.555416], [5.925161, 49.555424], [5.925196, 49.55543], [5.925325, 49.555466], [5.925383, 49.555477], [5.925402, 49.55548], [5.925413, 49.555485], [5.925428, 49.55549], [5.92544, 49.555492], [5.925455, 49.555496], [5.925596, 49.55551], [5.925776, 49.555534], [5.925806, 49.555542], [5.925833, 49.55555], [5.925852, 49.555553], [5.925905, 49.55557], [5.925928, 49.555576], [5.925951, 49.555584], [5.92613, 49.555634], [5.926363, 49.555702], [5.926554, 49.55576], [5.926588, 49.55577], [5.926603, 49.55577], [5.92663, 49.55578], [5.926908, 49.555862], [5.927225, 49.555958], [5.927488, 49.556034], [5.927744, 49.55611], [5.927755, 49.556114], [5.927988, 49.55621], [5.928118, 49.55626], [5.928167, 49.556282], [5.928221, 49.556305], [5.928526, 49.556366], [5.92877, 49.55642], [5.928827, 49.55643], [5.929102, 49.556484], [5.929377, 49.55654], [5.929426, 49.556553], [5.92951, 49.556572], [5.929575, 49.556583], [5.929773, 49.55663], [5.929968, 49.556667], [5.930162, 49.55671], [5.930418, 49.556763], [5.930494, 49.556778], [5.930544, 49.55679], [5.93067, 49.556816], [5.930746, 49.556835], [5.93086, 49.55686], [5.930918, 49.556877], [5.931601, 49.557056], [5.931715, 49.557083], [5.931791, 49.557117], [5.931826, 49.55713], [5.931925, 49.55717], [5.932135, 49.55726], [5.932295, 49.557323], [5.932455, 49.557392], [5.932589, 49.557446], [5.932665, 49.557476], [5.932722, 49.5575], [5.933226, 49.5577], [5.933241, 49.55771], [5.933283, 49.557728], [5.933313, 49.55774], [5.933561, 49.557846], [5.933638, 49.55788], [5.933806, 49.557957], [5.934214, 49.558147], [5.934683, 49.558315], [5.935099, 49.55846], [5.935167, 49.558487], [5.935186, 49.558495], [5.935217, 49.558502], [5.935286, 49.55853], [5.936079, 49.55881], [5.93622, 49.558865], [5.936262, 49.55888], [5.936308, 49.558895], [5.93646, 49.558956], [5.936697, 49.559044], [5.937212, 49.559254], [5.937376, 49.55932], [5.937429, 49.55934], [5.937506, 49.559372], [5.937727, 49.55946], [5.937696, 49.55954], [5.937662, 49.55962], [5.937635, 49.559692], [5.937609, 49.55976], [5.937578, 49.55985], [5.937544, 49.559933], [5.937464, 49.560143], [5.93746, 49.560158], [5.937418, 49.560276], [5.937315, 49.56057], [5.937216, 49.560867], [5.937197, 49.56091], [5.937197, 49.56092], [5.937189, 49.56093], [5.937181, 49.56095], [5.937147, 49.561077], [5.937036, 49.561504], [5.937235, 49.56159], [5.937437, 49.56167], [5.937422, 49.561718], [5.937658, 49.5618], [5.937918, 49.561867], [5.938044, 49.561886], [5.938208, 49.56191], [5.93841, 49.561935], [5.938902, 49.56199], [5.939714, 49.562046], [5.940199, 49.562057], [5.940203, 49.562], [5.940412, 49.561996], [5.940619, 49.561993], [5.940638, 49.56199], [5.94066, 49.56199], [5.940683, 49.56198], [5.940729, 49.56197], [5.940805, 49.561947], [5.940867, 49.56193], [5.940905, 49.561924], [5.940927, 49.561916], [5.940954, 49.561913], [5.940969, 49.56191], [5.940981, 49.561905], [5.941034, 49.561893], [5.94105, 49.561893], [5.941061, 49.56189], [5.941091, 49.561886], [5.941153, 49.561882], [5.941175, 49.56188], [5.941191, 49.56188], [5.941225, 49.561874], [5.941297, 49.561867], [5.941473, 49.56186], [5.941496, 49.561855], [5.941591, 49.56185], [5.941664, 49.561848], [5.941755, 49.561848], [5.941797, 49.561844], [5.941809, 49.561844], [5.941843, 49.561848], [5.941919, 49.561848], [5.94195, 49.56185], [5.942007, 49.561855], [5.942049, 49.561863], [5.942061, 49.561867], [5.942076, 49.56187], [5.942095, 49.56187], [5.942179, 49.56189], [5.942232, 49.5619], [5.942263, 49.56191], [5.942278, 49.561913], [5.942305, 49.561916], [5.942324, 49.56192], [5.942388, 49.56194], [5.942442, 49.56197], [5.942556, 49.562046], [5.942583, 49.562107], [5.942591, 49.56213], [5.942598, 49.562157], [5.94264, 49.562267], [5.942827, 49.562252], [5.942843, 49.56225], [5.942862, 49.56225], [5.943007, 49.562233], [5.943079, 49.562206], [5.943689, 49.561974], [5.943918, 49.561886], [5.944109, 49.561817], [5.944151, 49.5618], [5.944391, 49.561714], [5.944635, 49.561626], [5.944757, 49.561607], [5.944788, 49.561604], [5.944879, 49.56159], [5.945127, 49.56155], [5.945112, 49.561512], [5.945101, 49.561478], [5.945112, 49.561474], [5.94515, 49.561462], [5.945383, 49.56139], [5.945665, 49.5613], [5.945673, 49.561295], [5.945765, 49.561264], [5.945868, 49.56123], [5.945978, 49.561203], [5.946222, 49.56115], [5.946466, 49.5611], [5.946833, 49.561024], [5.946905, 49.56101], [5.946951, 49.560997], [5.947199, 49.560944], [5.947264, 49.560932], [5.947359, 49.56091], [5.947374, 49.560905], [5.947432, 49.56089], [5.947443, 49.560875], [5.947504, 49.56079], [5.947523, 49.56077], [5.947611, 49.56065], [5.94766, 49.56058], [5.947695, 49.560535], [5.947737, 49.560474], [5.947794, 49.5604], [5.94834, 49.55968], [5.948538, 49.5597], [5.948687, 49.55971], [5.948809, 49.559723], [5.949388, 49.559772], [5.949621, 49.55995], [5.949732, 49.560036], [5.949762, 49.560062], [5.95014, 49.56035], [5.950266, 49.560436], [5.950533, 49.560623], [5.950602, 49.560673], [5.950831, 49.560833], [5.950941, 49.560913], [5.951071, 49.561005], [5.95112, 49.561043], [5.951162, 49.561077], [5.951197, 49.56111], [5.951216, 49.561134], [5.951227, 49.561142], [5.951242, 49.561188], [5.951254, 49.561226], [5.951258, 49.561256], [5.951258, 49.56136], [5.951242, 49.561493], [5.951235, 49.561546], [5.951231, 49.5616], [5.951319, 49.561615], [5.951536, 49.561672], [5.95167, 49.56171], [5.951757, 49.561733], [5.952032, 49.561802], [5.952162, 49.561836], [5.952303, 49.561874], [5.952566, 49.561947], [5.952829, 49.562023], [5.952845, 49.562027], [5.952867, 49.56203], [5.952845, 49.562084], [5.952833, 49.562107], [5.952822, 49.562134], [5.952883, 49.56218], [5.952906, 49.562195], [5.952944, 49.562225], [5.953035, 49.562286], [5.953131, 49.562355], [5.953196, 49.562397], [5.953279, 49.56246], [5.953333, 49.562504], [5.953383, 49.56255], [5.953428, 49.56259], [5.953527, 49.562683], [5.953573, 49.56273], [5.953623, 49.56278], [5.95376, 49.562912], [5.953898, 49.563046], [5.954035, 49.563175], [5.954111, 49.563248], [5.954168, 49.5633], [5.954241, 49.56337], [5.954504, 49.56362], [5.954554, 49.56367], [5.95458, 49.563698], [5.954603, 49.56372], [5.954618, 49.563744], [5.954637, 49.563766], [5.954657, 49.563805], [5.954679, 49.563843], [5.954729, 49.563965], [5.954782, 49.564087], [5.954821, 49.564186], [5.954828, 49.56421], [5.954878, 49.56433], [5.954885, 49.564365], [5.954897, 49.564407], [5.954916, 49.564484], [5.954935, 49.564583], [5.954939, 49.56461], [5.954966, 49.564735], [5.954969, 49.56476], [5.954973, 49.56479], [5.954962, 49.56483], [5.954947, 49.56488], [5.954912, 49.564976], [5.954855, 49.565147], [5.954847, 49.56518], [5.95484, 49.565205], [5.954809, 49.565292], [5.954794, 49.565372], [5.954798, 49.565388], [5.954802, 49.56541], [5.95484, 49.56551], [5.95492, 49.56569], [5.955008, 49.565876], [5.955011, 49.565887], [5.955149, 49.566143], [5.955156, 49.566154], [5.955191, 49.566216], [5.955202, 49.566242], [5.95524, 49.5663], [5.955305, 49.566406], [5.955355, 49.56648], [5.955404, 49.56655], [5.955442, 49.5666], [5.955477, 49.56665], [5.955561, 49.566757], [5.955614, 49.566826], [5.955667, 49.56689], [5.955729, 49.56696], [5.955767, 49.567005], [5.955793, 49.56703], [5.955877, 49.56714], [5.955889, 49.567154], [5.955908, 49.567173], [5.956011, 49.567287], [5.956053, 49.56733], [5.95608, 49.567352], [5.956099, 49.56737], [5.956121, 49.56739], [5.956137, 49.5674], [5.956175, 49.56744], [5.956217, 49.567467], [5.956263, 49.5675], [5.956312, 49.56753], [5.956362, 49.56757], [5.956446, 49.567616], [5.956499, 49.567646], [5.956549, 49.567677], [5.956575, 49.567696], [5.956636, 49.56773], [5.956713, 49.567776], [5.956785, 49.567818], [5.956839, 49.56785], [5.956884, 49.56788], [5.956949, 49.567913], [5.956961, 49.56792], [5.957018, 49.56796], [5.957037, 49.56797], [5.957075, 49.567993], [5.957136, 49.568047], [5.957193, 49.5681], [5.957273, 49.56817], [5.95735, 49.56824], [5.957392, 49.568287], [5.957418, 49.56831], [5.957487, 49.56838], [5.957514, 49.568405], [5.95759, 49.56847], [5.957636, 49.56852], [5.957659, 49.568542], [5.957685, 49.568573], [5.957708, 49.568592], [5.957739, 49.568623], [5.957834, 49.568707], [5.957876, 49.568745], [5.957922, 49.568783], [5.957937, 49.5688], [5.957964, 49.56882], [5.957888, 49.56882], [5.957918, 49.56887], [5.958227, 49.56906], [5.958365, 49.56915], [5.958551, 49.569244], [5.958891, 49.569363], [5.959074, 49.569416], [5.959242, 49.56944], [5.959345, 49.569435], [5.960817, 49.5691], [5.961382, 49.568974], [5.961592, 49.568924], [5.961454, 49.568768], [5.961092, 49.568348], [5.960947, 49.56837], [5.961012, 49.56828], [5.961019, 49.568264], [5.96113, 49.5681], [5.961588, 49.5683], [5.961721, 49.568356], [5.961801, 49.568386], [5.962061, 49.568497], [5.962397, 49.568653], [5.96282, 49.568848], [5.962885, 49.56888], [5.96314, 49.56898], [5.96327, 49.569035], [5.963728, 49.569206], [5.964209, 49.569393], [5.964735, 49.56959], [5.965204, 49.56977], [5.965563, 49.569912], [5.965982, 49.570087], [5.966322, 49.57023], [5.966658, 49.57037], [5.966639, 49.57041], [5.966909, 49.570473], [5.966955, 49.57036], [5.966993, 49.57036], [5.967264, 49.570377], [5.967623, 49.570446], [5.967768, 49.570477], [5.967981, 49.570515], [5.968164, 49.570545], [5.968428, 49.570576], [5.968592, 49.570583], [5.968939, 49.570553], [5.969023, 49.570553], [5.969263, 49.57057], [5.969484, 49.570595], [5.96966, 49.5706], [5.969805, 49.57059], [5.969988, 49.570568], [5.970278, 49.570522], [5.970526, 49.570484], [5.970587, 49.570473], [5.970663, 49.57046], [5.970747, 49.570435], [5.970781, 49.570423], [5.970907, 49.570377], [5.971079, 49.57029], [5.970823, 49.56972], [5.970652, 49.568947], [5.970545, 49.568443], [5.970533, 49.568394], [5.970667, 49.568264], [5.970865, 49.568123], [5.971128, 49.567955], [5.971144, 49.567997], [5.971258, 49.56824], [5.971388, 49.568176], [5.971537, 49.5681], [5.971731, 49.567986], [5.971834, 49.56793], [5.971952, 49.567856], [5.972174, 49.5677], [5.972311, 49.567585], [5.972414, 49.567486], [5.972483, 49.567413], [5.972544, 49.567345], [5.972696, 49.567184], [5.973268, 49.567417], [5.974291, 49.56785], [5.974943, 49.568134], [5.975267, 49.568287], [5.976065, 49.56817], [5.976648, 49.56809], [5.97685, 49.56805], [5.977159, 49.56795], [5.977259, 49.567947], [5.977549, 49.56782], [5.977804, 49.56769], [5.977942, 49.567608], [5.978113, 49.56747], [5.978277, 49.567326], [5.978476, 49.56722], [5.97864, 49.56713], [5.978884, 49.56699], [5.979177, 49.56681], [5.97962, 49.566517], [5.979372, 49.566387], [5.9792, 49.5663], [5.979166, 49.56628], [5.97888, 49.566135], [5.978586, 49.565987], [5.978712, 49.565838], [5.978937, 49.56555], [5.979017, 49.56545], [5.97909, 49.565372], [5.979139, 49.56532], [5.979261, 49.565224], [5.979368, 49.565136], [5.97957, 49.564987], [5.979982, 49.564697], [5.979899, 49.564663], [5.979624, 49.56456], [5.979803, 49.564404], [5.980001, 49.564217], [5.980085, 49.56414], [5.979853, 49.564056], [5.980028, 49.563793], [5.980269, 49.56344], [5.98044, 49.56319], [5.980585, 49.562984], [5.980639, 49.56291], [5.980593, 49.562893], [5.980833, 49.562576], [5.98131, 49.562782], [5.981718, 49.562954], [5.982077, 49.5631], [5.982439, 49.563236], [5.98266, 49.563316], [5.982904, 49.56313], [5.983152, 49.56294], [5.98329, 49.563023], [5.983625, 49.56318], [5.984117, 49.563408], [5.98472, 49.563683], [5.984892, 49.563763], [5.985235, 49.56392], [5.985937, 49.564255], [5.98599, 49.564278], [5.986093, 49.56418], [5.986208, 49.56407], [5.986277, 49.564003], [5.986902, 49.56427], [5.987303, 49.564445], [5.98802, 49.564774], [5.988096, 49.56471], [5.988142, 49.56467], [5.988325, 49.564514], [5.988611, 49.564644], [5.988794, 49.56473], [5.989103, 49.564877], [5.989187, 49.564903], [5.989794, 49.565044], [5.990019, 49.56509], [5.990026, 49.56513], [5.990084, 49.5654], [5.990484, 49.56537], [5.990881, 49.565323], [5.991278, 49.565266], [5.991636, 49.565197], [5.99201, 49.565098], [5.992468, 49.56494], [5.992651, 49.564873], [5.992777, 49.564964], [5.992792, 49.564976], [5.992903, 49.56506], [5.993113, 49.565193], [5.993185, 49.56531], [5.993311, 49.565506], [5.993509, 49.565796], [5.993647, 49.565994], [5.993647, 49.566086], [5.99365, 49.56638], [5.993544, 49.566708], [5.993578, 49.56671], [5.994497, 49.566814], [5.99441, 49.56721], [5.99431, 49.56774], [5.994303, 49.567787], [5.994299, 49.567806], [5.994288, 49.567924], [5.994268, 49.56807], [5.994253, 49.56823], [5.994245, 49.568283], [5.994242, 49.568302], [5.994238, 49.56834], [5.994226, 49.56844], [5.994215, 49.568554], [5.99383, 49.56851], [5.993658, 49.568485], [5.993452, 49.56845], [5.993048, 49.56836], [5.99301, 49.56847], [5.993418, 49.56861], [5.993551, 49.56865], [5.993746, 49.568687], [5.993971, 49.56871], [5.994211, 49.568726], [5.994226, 49.56887], [5.994234, 49.568954], [5.994242, 49.56902], [5.994245, 49.56906], [5.994249, 49.56908], [5.994398, 49.569046], [5.994833, 49.568993], [5.99518, 49.56895], [5.995527, 49.568897], [5.99589, 49.568832], [5.996073, 49.568794], [5.996256, 49.56874], [5.996435, 49.56871], [5.996447, 49.56872], [5.996813, 49.569054], [5.997045, 49.569256], [5.9974, 49.569187], [5.997595, 49.569145], [5.99782, 49.569275], [5.997831, 49.569286], [5.99814, 49.569466], [5.998243, 49.569523], [5.998381, 49.56961], [5.998609, 49.569748], [5.998903, 49.569927], [5.999159, 49.57008], [5.999426, 49.570236], [5.999456, 49.570255], [5.999479, 49.570267], [5.999517, 49.570293], [5.999323, 49.570427], [5.998869, 49.570778], [5.997973, 49.57161], [5.998034, 49.57161], [5.999525, 49.571938], [5.999739, 49.571987], [5.999754, 49.57199], [5.99991, 49.572025], [6.000055, 49.57206], [6.000074, 49.57175], [6.000307, 49.571804], [6.00033, 49.571808], [6.000799, 49.571915], [6.000521, 49.572365], [6.000902, 49.57251], [6.000792, 49.57267], [6.000753, 49.572735], [6.000734, 49.572796], [6.000723, 49.572845], [6.000723, 49.57289], [6.000727, 49.57299], [6.000731, 49.573124], [6.000738, 49.573284], [6.000773, 49.573418], [6.000959, 49.57341], [6.001017, 49.573536], [6.000998, 49.57359], [6.001059, 49.573605], [6.001116, 49.57368], [6.001181, 49.57376], [6.001268, 49.573944], [6.001348, 49.574047], [6.001432, 49.57414], [6.001535, 49.574223], [6.001574, 49.574253], [6.001783, 49.574425], [6.001985, 49.574596], [6.002256, 49.574844], [6.002535, 49.575073], [6.002714, 49.575214], [6.00305, 49.57548], [6.003546, 49.57589], [6.003622, 49.57595], [6.003675, 49.57599], [6.003771, 49.575947], [6.004168, 49.57614], [6.004351, 49.576233], [6.004785, 49.57646], [6.005007, 49.57658], [6.005095, 49.57663], [6.005365, 49.57677], [6.005606, 49.57688], [6.005468, 49.57696], [6.005289, 49.577072], [6.005236, 49.577106], [6.005323, 49.577267], [6.005358, 49.577312], [6.005403, 49.577362], [6.005533, 49.577454], [6.00561, 49.577496], [6.005716, 49.577553], [6.00635, 49.577847], [6.006762, 49.578053], [6.006803, 49.578068], [6.006864, 49.578083], [6.006899, 49.57809], [6.007013, 49.578083], [6.006994, 49.578106], [6.006857, 49.578316], [6.006987, 49.57837], [6.007158, 49.578438], [6.00725, 49.57848], [6.007326, 49.57853], [6.007383, 49.57858], [6.007433, 49.578648], [6.007498, 49.578747], [6.007524, 49.578777], [6.007559, 49.5788], [6.007589, 49.578815], [6.007647, 49.578827], [6.007719, 49.57884], [6.007807, 49.57885], [6.007948, 49.57885], [6.008135, 49.578903], [6.00897, 49.57915], [6.009485, 49.579304], [6.009836, 49.579407], [6.009912, 49.579426], [6.009745, 49.57955], [6.009722, 49.57957], [6.009756, 49.579582], [6.009535, 49.57975], [6.00976, 49.57982], [6.010237, 49.579967], [6.010515, 49.580044], [6.011156, 49.580215], [6.011431, 49.58029], [6.011656, 49.580353], [6.012438, 49.580578], [6.012457, 49.58058], [6.012529, 49.5806], [6.013403, 49.58083], [6.013876, 49.58101], [6.014326, 49.581306], [6.014387, 49.581345], [6.014437, 49.58138], [6.014605, 49.58149], [6.014441, 49.581654], [6.014772, 49.58179], [6.014883, 49.581818], [6.01499, 49.581844], [6.015257, 49.581905], [6.015547, 49.58196], [6.015745, 49.581997], [6.015974, 49.582043], [6.016268, 49.58213], [6.016725, 49.58227], [6.017096, 49.582386], [6.017488, 49.5825], [6.017759, 49.58258], [6.017893, 49.582623], [6.01803, 49.58266], [6.018087, 49.58268], [6.01816, 49.582714], [6.018305, 49.58278], [6.018541, 49.58286], [6.018919, 49.582996], [6.019121, 49.583065], [6.019209, 49.583096], [6.019449, 49.583183], [6.019541, 49.583214], [6.019659, 49.583252], [6.019758, 49.58327], [6.019815, 49.58329], [6.019876, 49.583313], [6.019911, 49.58333], [6.019964, 49.58334], [6.020067, 49.583355], [6.020132, 49.583366], [6.020197, 49.58339], [6.020235, 49.583405], [6.020269, 49.583416], [6.020323, 49.583427], [6.020353, 49.58343], [6.020388, 49.583435], [6.020437, 49.58345], [6.020521, 49.583477], [6.020578, 49.583485], [6.020658, 49.58349], [6.020742, 49.583496], [6.020815, 49.58352], [6.020876, 49.583538], [6.020933, 49.583546], [6.020998, 49.58355], [6.021059, 49.58355], [6.0212, 49.583557], [6.021334, 49.58357], [6.021429, 49.58358], [6.021536, 49.583588], [6.021673, 49.583595], [6.022142, 49.583317], [6.022467, 49.583122], [6.022554, 49.58323], [6.022581, 49.58326], [6.022631, 49.5833], [6.022673, 49.58334], [6.022707, 49.583397], [6.022745, 49.583447], [6.022776, 49.583473], [6.022825, 49.583496], [6.022886, 49.58352], [6.023016, 49.583572], [6.023058, 49.583588], [6.023256, 49.58369], [6.023516, 49.583836], [6.023909, 49.584026], [6.02413, 49.584145], [6.024187, 49.58419], [6.024313, 49.584305], [6.024553, 49.584553], [6.024843, 49.584812], [6.024965, 49.584713], [6.025003, 49.584686], [6.025538, 49.584263], [6.025976, 49.584423], [6.026297, 49.584534], [6.026381, 49.58456], [6.026609, 49.584625], [6.026732, 49.584652], [6.026823, 49.584663], [6.026918, 49.584496], [6.027021, 49.584328], [6.027094, 49.584213], [6.027144, 49.584145], [6.027197, 49.584076], [6.027311, 49.58392], [6.027315, 49.583908], [6.027338, 49.583874], [6.027376, 49.58379], [6.027597, 49.58331], [6.02767, 49.583107], [6.027773, 49.582825], [6.027823, 49.582767], [6.027842, 49.58263], [6.028219, 49.58179], [6.028288, 49.581806], [6.028349, 49.581825], [6.029432, 49.582138], [6.029516, 49.58187], [6.029715, 49.581905], [6.030222, 49.581997], [6.030664, 49.582073], [6.031111, 49.582153], [6.031401, 49.5822], [6.031565, 49.582226], [6.03171, 49.582256], [6.031958, 49.582302], [6.032198, 49.58234], [6.032484, 49.58236], [6.032709, 49.582363], [6.033216, 49.58243], [6.033716, 49.582504], [6.033594, 49.582695], [6.033228, 49.58325], [6.032965, 49.583645], [6.032858, 49.583836], [6.032839, 49.583878], [6.032831, 49.58389], [6.032801, 49.583942], [6.032732, 49.584064], [6.032713, 49.5841], [6.032705, 49.58411], [6.032663, 49.584293], [6.032614, 49.584526], [6.032591, 49.584637], [6.03256, 49.584774], [6.032507, 49.58503], [6.032495, 49.58507], [6.032469, 49.585205], [6.032385, 49.585564], [6.032377, 49.585594], [6.032366, 49.585655], [6.032762, 49.58573], [6.03311, 49.585773], [6.033266, 49.58579], [6.033506, 49.58581], [6.033686, 49.585827], [6.03388, 49.58584], [6.034193, 49.585857], [6.034357, 49.585865], [6.034502, 49.585873], [6.034628, 49.585876], [6.034677, 49.58588], [6.034738, 49.585884], [6.034941, 49.58589], [6.035013, 49.585896], [6.035234, 49.5859], [6.035368, 49.5859], [6.035467, 49.585903], [6.035891, 49.585903], [6.035948, 49.585907], [6.036074, 49.585907], [6.036467, 49.585915], [6.037489, 49.585915], [6.037306, 49.58612], [6.037821, 49.586266], [6.038168, 49.586376], [6.038279, 49.58641], [6.038534, 49.586494], [6.038614, 49.586517], [6.038752, 49.586548], [6.038973, 49.586594], [6.039095, 49.586613], [6.039465, 49.586655], [6.039865, 49.58668], [6.040075, 49.586647], [6.040304, 49.586613], [6.040556, 49.586433], [6.040834, 49.586285], [6.04093, 49.58592], [6.041075, 49.58566], [6.041082, 49.585445], [6.041067, 49.585354], [6.040896, 49.585167], [6.040701, 49.5849], [6.040556, 49.584812], [6.040239, 49.584618], [6.039995, 49.58444], [6.039896, 49.584236], [6.040091, 49.584225], [6.040255, 49.584213], [6.040487, 49.584198], [6.040705, 49.58421], [6.040873, 49.58422], [6.040979, 49.58423], [6.041578, 49.584263], [6.041681, 49.584267], [6.041803, 49.584274], [6.041842, 49.584282], [6.041883, 49.58429], [6.041983, 49.584316], [6.042215, 49.584373], [6.042242, 49.58438], [6.042574, 49.58446], [6.042826, 49.584522], [6.043024, 49.58457], [6.04339, 49.584663], [6.043467, 49.584682], [6.043585, 49.58471], [6.043779, 49.58475], [6.04384, 49.584766], [6.044054, 49.584816], [6.044149, 49.584827], [6.044397, 49.584858], [6.044737, 49.58489], [6.045023, 49.5849], [6.045408, 49.584923], [6.045649, 49.584873], [6.045809, 49.584843], [6.046339, 49.584816], [6.04661, 49.584843], [6.047068, 49.585022], [6.047422, 49.58516], [6.048147, 49.585415], [6.048307, 49.585476], [6.0487, 49.58565], [6.04883, 49.585712], [6.049383, 49.58587], [6.049486, 49.5859], [6.049784, 49.585968], [6.050028, 49.586018], [6.050173, 49.586052], [6.050264, 49.58608], [6.050367, 49.586113], [6.050554, 49.586193], [6.050806, 49.586296], [6.05094, 49.58634], [6.050981, 49.586353], [6.051058, 49.586372], [6.051188, 49.5864], [6.051313, 49.586414], [6.051428, 49.58643], [6.05147, 49.58644], [6.051699, 49.586514], [6.051855, 49.586555], [6.051996, 49.586582], [6.052175, 49.58661], [6.05237, 49.58663], [6.05261, 49.58667], [6.05275, 49.586699], [6.052755, 49.5867], [6.052874, 49.58672], [6.053137, 49.586754], [6.053236, 49.58677], [6.053564, 49.586876], [6.053701, 49.586914], [6.053858, 49.586956], [6.054037, 49.586994], [6.054106, 49.58701], [6.054167, 49.58702], [6.054277, 49.58703], [6.054491, 49.58703], [6.054552, 49.587032], [6.054651, 49.587044], [6.054922, 49.587097], [6.055181, 49.587173], [6.055265, 49.587196], [6.055437, 49.587234], [6.055479, 49.587242], [6.055681, 49.587284], [6.055929, 49.587337], [6.056036, 49.587353], [6.056101, 49.587364], [6.05615, 49.587368], [6.056574, 49.58743], [6.056765, 49.587456], [6.056784, 49.587456], [6.057226, 49.58752], [6.057424, 49.58755], [6.057901, 49.58758], [6.058268, 49.5876], [6.058294, 49.5876], [6.058588, 49.587616], [6.058866, 49.587627], [6.059309, 49.58763], [6.059763, 49.587654], [6.059797, 49.587658], [6.059854, 49.58766], [6.0599, 49.58767], [6.060293, 49.58775], [6.060621, 49.587814], [6.061029, 49.587902], [6.061899, 49.588074], [6.062277, 49.58816], [6.062716, 49.58823], [6.064115, 49.58847], [6.064257, 49.588493], [6.064505, 49.58856], [6.065054, 49.588696], [6.065199, 49.588737], [6.066301, 49.589027], [6.067205, 49.58927], [6.067533, 49.589355], [6.067896, 49.58945], [6.068117, 49.58951], [6.068224, 49.589542], [6.069166, 49.589787], [6.069277, 49.58981], [6.069357, 49.589825], [6.06946, 49.589584], [6.069513, 49.58947], [6.069544, 49.589413], [6.06967, 49.589157], [6.069906, 49.588673], [6.070166, 49.5887], [6.070581, 49.588825], [6.070604, 49.58876], [6.070612, 49.58873], [6.070654, 49.588608], [6.070665, 49.588577], [6.070936, 49.587795], [6.070982, 49.58769], [6.071295, 49.58803], [6.071653, 49.588337], [6.072363, 49.588737], [6.072428, 49.5888], [6.072477, 49.588852], [6.072519, 49.58889], [6.072569, 49.58894], [6.072622, 49.58899], [6.072676, 49.589043], [6.072744, 49.58911], [6.072782, 49.589146], [6.07284, 49.589203], [6.072981, 49.58934], [6.072986, 49.589284], [6.073107, 49.58936], [6.073511, 49.589417], [6.073633, 49.5894], [6.073744, 49.589386], [6.074224, 49.589806], [6.074385, 49.58942], [6.074736, 49.589405], [6.075174, 49.589382], [6.075705, 49.589424], [6.075739, 49.58931], [6.075918, 49.589333], [6.076216, 49.589363], [6.076231, 49.58932], [6.076257, 49.58923], [6.076307, 49.589058], [6.076376, 49.588802], [6.076384, 49.588768], [6.076407, 49.58868], [6.076471, 49.588303], [6.076506, 49.588093], [6.076525, 49.588028], [6.076555, 49.587955], [6.07662, 49.58781], [6.07667, 49.587704], [6.076685, 49.587666], [6.076757, 49.587498], [6.076227, 49.587273], [6.076368, 49.58711], [6.076815, 49.586796], [6.076948, 49.586708], [6.077589, 49.586296], [6.077852, 49.58613], [6.078344, 49.58584], [6.078501, 49.585747], [6.078756, 49.585594], [6.078997, 49.585434], [6.079287, 49.58524], [6.079275, 49.585136], [6.079298, 49.5851], [6.079428, 49.58489], [6.079645, 49.584553], [6.07976, 49.584366], [6.079725, 49.584393], [6.079653, 49.584442], [6.079611, 49.58446], [6.079584, 49.584465], [6.079534, 49.584457], [6.079493, 49.584446], [6.079454, 49.58442], [6.079409, 49.58438], [6.079351, 49.584335], [6.079271, 49.58429], [6.079195, 49.584244], [6.079126, 49.584217], [6.079065, 49.584194], [6.079023, 49.584076], [6.079012, 49.584038], [6.078878, 49.58363], [6.078817, 49.58345], [6.078814, 49.58339], [6.078817, 49.583332], [6.078829, 49.583275], [6.078844, 49.58322], [6.078844, 49.58319], [6.078833, 49.583153], [6.078791, 49.58305], [6.078749, 49.582962], [6.078566, 49.582596], [6.078516, 49.582493], [6.078459, 49.58232], [6.078432, 49.582235], [6.078421, 49.5822], [6.078386, 49.582096], [6.078341, 49.581947], [6.078264, 49.581745], [6.078211, 49.581573], [6.078138, 49.581333], [6.078566, 49.580875], [6.078276, 49.580477], [6.07823, 49.580414], [6.078287, 49.580376], [6.078325, 49.580345], [6.07836, 49.58032], [6.078531, 49.580177], [6.078611, 49.580105], [6.078814, 49.579895], [6.079225, 49.57912], [6.079229, 49.57911], [6.079119, 49.578697], [6.079031, 49.57823], [6.079195, 49.57788], [6.079306, 49.577625], [6.07939, 49.577395], [6.079397, 49.577377], [6.079413, 49.577377], [6.07976, 49.577408], [6.080244, 49.577454], [6.080473, 49.577503], [6.080557, 49.577522], [6.081129, 49.577663], [6.081636, 49.57741], [6.082567, 49.57709], [6.08325, 49.577103], [6.083776, 49.576855], [6.084406, 49.576576], [6.084917, 49.57623], [6.085638, 49.57637], [6.086645, 49.57657], [6.086756, 49.576595], [6.087042, 49.5767], [6.087278, 49.576782], [6.087877, 49.576923], [6.088083, 49.576984], [6.088263, 49.577038], [6.088411, 49.577084], [6.088537, 49.577126], [6.088785, 49.577206], [6.089338, 49.577377], [6.089682, 49.577473], [6.0903, 49.577637], [6.090975, 49.5778], [6.090986, 49.577877], [6.090986, 49.577892], [6.091001, 49.57792], [6.09104, 49.577946], [6.091074, 49.57796], [6.091108, 49.57797], [6.092287, 49.57829], [6.092787, 49.578423], [6.093245, 49.57853], [6.09355, 49.578564], [6.093607, 49.578415], [6.093645, 49.578342], [6.093782, 49.578064], [6.093809, 49.578003], [6.09384, 49.57795], [6.093927, 49.577778], [6.094107, 49.57745], [6.094141, 49.57739], [6.094149, 49.577374], [6.094137, 49.57724], [6.094122, 49.576942], [6.094122, 49.57685], [6.094118, 49.576702], [6.094111, 49.576622], [6.094057, 49.576324], [6.093992, 49.57611], [6.093962, 49.575977], [6.093958, 49.57594], [6.093939, 49.57571], [6.093947, 49.575676], [6.093962, 49.575638], [6.093988, 49.575603], [6.094004, 49.575592], [6.094408, 49.57546], [6.094458, 49.57544], [6.094626, 49.575382], [6.094683, 49.575363], [6.094786, 49.57533], [6.094923, 49.57528], [6.095137, 49.575207], [6.095247, 49.57517], [6.095182, 49.57503], [6.095346, 49.574814], [6.095697, 49.574364], [6.095926, 49.57406], [6.096182, 49.57374], [6.096563, 49.57323], [6.096697, 49.573067], [6.096788, 49.57296], [6.0968, 49.57295], [6.096895, 49.572853], [6.096994, 49.572758], [6.097097, 49.572666], [6.09717, 49.5726], [6.097261, 49.57253], [6.097315, 49.572483], [6.097422, 49.572395], [6.097529, 49.572308], [6.097597, 49.57225], [6.09767, 49.57216], [6.097757, 49.572044], [6.097818, 49.57196], [6.097856, 49.571915], [6.09807, 49.571625], [6.098192, 49.571453], [6.098715, 49.571335], [6.098833, 49.57131], [6.09936, 49.57119], [6.099634, 49.571377], [6.099718, 49.57143], [6.09992, 49.57149], [6.10021, 49.57156], [6.100283, 49.571575], [6.100351, 49.57158], [6.100397, 49.57157], [6.100443, 49.571556], [6.100477, 49.57154], [6.100614, 49.57148], [6.100759, 49.571415], [6.100775, 49.571415], [6.101297, 49.57136], [6.101419, 49.571346], [6.101637, 49.571297], [6.102003, 49.571194], [6.102522, 49.57104], [6.102781, 49.570957], [6.103048, 49.570843], [6.103262, 49.570744], [6.103575, 49.570564], [6.104208, 49.570198], [6.104319, 49.57014], [6.104338, 49.570087], [6.104353, 49.570034], [6.104342, 49.569977], [6.104315, 49.569916], [6.104193, 49.569763], [6.103945, 49.569496], [6.103739, 49.569286], [6.10362, 49.569168], [6.102827, 49.568798], [6.102194, 49.568466], [6.101854, 49.56828], [6.101259, 49.56783], [6.100424, 49.567135], [6.099619, 49.56646], [6.099691, 49.566414], [6.100428, 49.565937], [6.101122, 49.56549], [6.101419, 49.565273], [6.101507, 49.56521], [6.101652, 49.565094], [6.101744, 49.56497], [6.101782, 49.56486], [6.101767, 49.564785], [6.101755, 49.564716], [6.10174, 49.564648], [6.102117, 49.564655], [6.102343, 49.564747], [6.102556, 49.564842], [6.102938, 49.565033], [6.103342, 49.565247], [6.103441, 49.565304], [6.10359, 49.56541], [6.103701, 49.565506], [6.103865, 49.565655], [6.103895, 49.56568], [6.103918, 49.5657], [6.104158, 49.56589], [6.10425, 49.565952], [6.104471, 49.566036], [6.104857, 49.566196], [6.105028, 49.566246], [6.105268, 49.566307], [6.105471, 49.56636], [6.10589, 49.566467], [6.106192, 49.56674], [6.107084, 49.56679], [6.108122, 49.566692], [6.108454, 49.566597], [6.108576, 49.566566], [6.108633, 49.56655], [6.108694, 49.56654], [6.108747, 49.566536], [6.108789, 49.566532], [6.10895, 49.56653], [6.109034, 49.56653], [6.109148, 49.566525], [6.109083, 49.565968], [6.109049, 49.5656], [6.109026, 49.56525], [6.108999, 49.565056], [6.108946, 49.564827], [6.108793, 49.564293], [6.108511, 49.563297], [6.108297, 49.562553], [6.108232, 49.562107], [6.109407, 49.561893], [6.110205, 49.56175], [6.111322, 49.561543], [6.112028, 49.561428], [6.11252, 49.56133], [6.113138, 49.561188], [6.113272, 49.561153], [6.11352, 49.561058], [6.113714, 49.560986], [6.114061, 49.560894], [6.114237, 49.56085], [6.114515, 49.560745], [6.114782, 49.560623], [6.115454, 49.5603], [6.116102, 49.56002], [6.116659, 49.559776], [6.116835, 49.559692], [6.116911, 49.55971], [6.117083, 49.559753], [6.117273, 49.559803], [6.117792, 49.559784], [6.118326, 49.55979], [6.118841, 49.559807], [6.119421, 49.55983], [6.119928, 49.559853], [6.120195, 49.559856], [6.120439, 49.55985], [6.120737, 49.559822], [6.121248, 49.559784], [6.121786, 49.559628], [6.122389, 49.55944], [6.122595, 49.559383], [6.122747, 49.559345], [6.122946, 49.55931], [6.123396, 49.559246], [6.123606, 49.559204], [6.12377, 49.55917], [6.124037, 49.559113], [6.124182, 49.559086], [6.1243, 49.55906], [6.124441, 49.55902], [6.124498, 49.559006], [6.124636, 49.558964], [6.124838, 49.558907], [6.125009, 49.558857], [6.125364, 49.558723], [6.125727, 49.558594], [6.125982, 49.55851], [6.126299, 49.55839], [6.126696, 49.558247], [6.126818, 49.558205], [6.127024, 49.55813], [6.127173, 49.558086], [6.12755, 49.557976], [6.127695, 49.557938], [6.127596, 49.557755], [6.127264, 49.557175], [6.127539, 49.557117], [6.127523, 49.55709], [6.127508, 49.557068], [6.12734, 49.556988], [6.12739, 49.557], [6.127439, 49.55701], [6.127592, 49.557026], [6.127806, 49.557007], [6.128191, 49.55696], [6.128565, 49.55693], [6.129007, 49.5569], [6.12903, 49.5569], [6.12945, 49.55685], [6.129641, 49.55683], [6.12982, 49.556812], [6.130171, 49.556774], [6.13064, 49.5567], [6.131422, 49.55655], [6.131926, 49.556454], [6.13249, 49.556366], [6.133112, 49.556282], [6.133402, 49.556267], [6.133898, 49.556255], [6.134485, 49.55624], [6.134901, 49.55621], [6.135092, 49.556194], [6.135332, 49.556168], [6.135408, 49.556152], [6.135508, 49.556114], [6.135668, 49.556057], [6.135836, 49.556313], [6.135961, 49.55622], [6.136362, 49.555927], [6.136599, 49.555756], [6.136698, 49.555683], [6.13677, 49.555775], [6.136885, 49.55571], [6.136942, 49.555794], [6.137072, 49.55572], [6.137125, 49.555794], [6.137205, 49.555744], [6.137316, 49.55568], [6.137361, 49.555733], [6.137396, 49.555782], [6.137426, 49.555817], [6.137491, 49.55578], [6.137548, 49.555744], [6.137697, 49.55566], [6.137751, 49.555733], [6.137808, 49.555813], [6.137945, 49.55575], [6.138079, 49.555687], [6.138121, 49.555756], [6.138185, 49.555725], [6.138247, 49.5557], [6.13838, 49.555637], [6.138437, 49.555714], [6.13859, 49.55565], [6.138754, 49.555584], [6.138952, 49.5555], [6.138983, 49.55555], [6.139139, 49.555485], [6.139219, 49.55545], [6.139345, 49.555397], [6.139475, 49.555344], [6.139536, 49.555424], [6.139677, 49.555374], [6.139803, 49.55533], [6.139967, 49.55527], [6.140169, 49.5552], [6.14023, 49.55528], [6.140444, 49.55521], [6.14052, 49.555187], [6.140669, 49.555138], [6.140871, 49.555073], [6.140986, 49.55504], [6.141073, 49.55501], [6.141329, 49.554935], [6.141806, 49.55482], [6.142237, 49.554726], [6.142607, 49.55465], [6.142733, 49.554623], [6.143312, 49.554554], [6.143614, 49.554497], [6.143663, 49.554485], [6.143835, 49.554455], [6.143885, 49.554447], [6.143999, 49.554436], [6.144045, 49.55442], [6.144117, 49.554398], [6.144159, 49.554382], [6.144499, 49.554276], [6.144831, 49.55417], [6.14533, 49.554005], [6.145472, 49.553955], [6.145598, 49.554058], [6.14567, 49.55428], [6.145742, 49.55442], [6.145903, 49.554558], [6.146078, 49.554802], [6.146143, 49.55478], [6.146212, 49.554752], [6.146265, 49.554733], [6.146418, 49.55468], [6.146555, 49.55463], [6.147184, 49.554413], [6.14736, 49.554356], [6.147535, 49.554295], [6.147867, 49.554184], [6.148134, 49.5541], [6.148523, 49.553974], [6.149149, 49.553776], [6.149301, 49.553726], [6.14945, 49.55368], [6.14966, 49.55361], [6.149904, 49.55354], [6.149954, 49.553616], [6.150099, 49.55383], [6.150137, 49.553894], [6.150209, 49.554127], [6.150232, 49.55418], [6.151228, 49.55396], [6.152128, 49.553764], [6.152208, 49.55384], [6.152277, 49.553814], [6.152346, 49.55379], [6.152411, 49.553764], [6.152563, 49.55371], [6.152643, 49.55368], [6.152704, 49.55366], [6.152945, 49.553574], [6.15309, 49.553524], [6.153181, 49.553493], [6.153307, 49.553455], [6.153635, 49.55335], [6.153746, 49.553318], [6.154207, 49.553146], [6.15428, 49.55312], [6.154455, 49.553055], [6.154478, 49.553047], [6.154623, 49.553196], [6.154795, 49.55337], [6.15489, 49.55347], [6.154993, 49.55358], [6.155359, 49.553493], [6.155523, 49.55346], [6.155729, 49.553413], [6.155882, 49.55338], [6.156053, 49.553345], [6.156092, 49.553333], [6.156134, 49.553326], [6.15663, 49.55322], [6.156813, 49.553177], [6.156878, 49.553165], [6.157083, 49.553505], [6.15737, 49.553993], [6.157488, 49.554153], [6.157538, 49.55421], [6.157606, 49.554287], [6.15785, 49.554554], [6.158354, 49.55514], [6.158762, 49.55563], [6.158815, 49.55569], [6.158869, 49.555756], [6.158983, 49.55572], [6.159079, 49.555695], [6.159162, 49.55567], [6.159227, 49.555653], [6.159273, 49.555637], [6.15951, 49.55557], [6.159536, 49.555557], [6.159609, 49.55554], [6.159677, 49.55552], [6.159876, 49.555458], [6.15996, 49.55543], [6.160116, 49.555386], [6.160379, 49.555305], [6.160456, 49.555283], [6.160421, 49.555237], [6.160391, 49.5552], [6.159903, 49.55456], [6.159578, 49.55414], [6.15954, 49.554085], [6.159208, 49.553646], [6.159338, 49.5536], [6.159426, 49.553566], [6.159452, 49.553555], [6.159544, 49.553524], [6.159628, 49.553493], [6.159651, 49.553482], [6.159693, 49.553467], [6.159815, 49.553425], [6.159834, 49.553417], [6.159895, 49.553394], [6.15999, 49.55336], [6.160021, 49.55335], [6.160154, 49.5533], [6.160227, 49.553272], [6.160391, 49.553215], [6.160482, 49.55318], [6.160654, 49.553364], [6.16078, 49.55349], [6.161066, 49.553783], [6.161089, 49.55377], [6.161135, 49.553738], [6.161222, 49.55368], [6.161234, 49.55367], [6.161264, 49.55365], [6.161299, 49.553623], [6.16136, 49.553577], [6.161444, 49.553513], [6.161558, 49.55343], [6.161619, 49.553383], [6.161673, 49.55334], [6.161696, 49.55332], [6.161734, 49.553288], [6.16176, 49.553253], [6.161798, 49.55321], [6.161867, 49.553127], [6.161879, 49.553112], [6.161932, 49.55305], [6.161959, 49.55302], [6.161997, 49.55298], [6.162104, 49.552864], [6.16218, 49.552788], [6.162359, 49.552647], [6.162508, 49.552525], [6.162554, 49.55249], [6.162699, 49.552387], [6.163061, 49.552658], [6.163443, 49.552917], [6.164, 49.55327], [6.16424, 49.5534], [6.164293, 49.55343], [6.164381, 49.553356], [6.164534, 49.553226], [6.164656, 49.553143], [6.164709, 49.553104], [6.16477, 49.55307], [6.164831, 49.553032], [6.164961, 49.55296], [6.165029, 49.55292], [6.165113, 49.55287], [6.165216, 49.552814], [6.1653, 49.55288], [6.165422, 49.55284], [6.165579, 49.552795], [6.165728, 49.552746], [6.165815, 49.552715], [6.165884, 49.552692], [6.165957, 49.552666], [6.165667, 49.552376], [6.165545, 49.552246], [6.165396, 49.55209], [6.165087, 49.551773], [6.165052, 49.55173], [6.1649, 49.55155], [6.164652, 49.551254], [6.165167, 49.551083], [6.165495, 49.550983], [6.165831, 49.550884], [6.16625, 49.55077], [6.166296, 49.55076], [6.167116, 49.550556], [6.167372, 49.550495], [6.167391, 49.55049], [6.167566, 49.55045], [6.16773, 49.55041], [6.168062, 49.55033], [6.168283, 49.55028], [6.168493, 49.550232], [6.1686, 49.550205], [6.168825, 49.55015], [6.169283, 49.550045], [6.169577, 49.54999], [6.169546, 49.549885], [6.16997, 49.549873], [6.170587, 49.549862], [6.171232, 49.54986], [6.171858, 49.54983], [6.172361, 49.5498], [6.172449, 49.549797], [6.172701, 49.549797], [6.172869, 49.549816], [6.172945, 49.549828], [6.173071, 49.549843], [6.173143, 49.549854], [6.17322, 49.549633], [6.173548, 49.548737], [6.1738, 49.54797], [6.17407, 49.54719], [6.174169, 49.546894], [6.174169, 49.546875], [6.17407, 49.546856], [6.17388, 49.546833], [6.173834, 49.546597], [6.172682, 49.546116], [6.172106, 49.545856], [6.171576, 49.545567], [6.171595, 49.545532], [6.171667, 49.545418], [6.171801, 49.545204], [6.171824, 49.545162], [6.171846, 49.545124], [6.171888, 49.545055], [6.1719, 49.54504], [6.171953, 49.544952], [6.171984, 49.544903], [6.172072, 49.544754], [6.172262, 49.544422], [6.172399, 49.544186], [6.172648, 49.543766], [6.172747, 49.5436], [6.172914, 49.543324], [6.173029, 49.543163], [6.173078, 49.543087], [6.173143, 49.543], [6.173319, 49.542747], [6.173311, 49.542606], [6.1733, 49.54248], [6.173296, 49.542347], [6.173292, 49.54224], [6.173315, 49.541985], [6.173323, 49.54188], [6.173342, 49.541462], [6.173349, 49.54133], [6.173387, 49.540726], [6.173441, 49.540203], [6.173632, 49.54018], [6.173918, 49.54015], [6.173979, 49.540142], [6.173937, 49.53995], [6.17391, 49.539845], [6.173872, 49.539677], [6.173811, 49.539486], [6.17375, 49.539345], [6.173693, 49.539234], [6.173605, 49.53908], [6.17351, 49.538918], [6.173471, 49.53884], [6.173384, 49.538666], [6.173262, 49.53839], [6.173258, 49.538372], [6.173548, 49.538406], [6.173906, 49.538433], [6.173914, 49.538414], [6.173998, 49.538265], [6.174059, 49.53815], [6.174154, 49.53804], [6.174238, 49.537945], [6.174307, 49.537888], [6.174406, 49.537804], [6.174688, 49.53758], [6.174826, 49.537468], [6.17499, 49.53734], [6.175577, 49.536854], [6.175737, 49.536716], [6.176107, 49.536373], [6.176355, 49.536125], [6.176371, 49.536102], [6.176413, 49.53605], [6.176455, 49.535995], [6.174807, 49.53636], [6.174711, 49.536144], [6.174631, 49.535957], [6.174189, 49.53602], [6.174082, 49.536034], [6.174032, 49.535904], [6.17399, 49.535793], [6.173914, 49.5356], [6.173769, 49.53524], [6.173578, 49.53483], [6.173567, 49.53481], [6.17285, 49.534832], [6.172426, 49.53485], [6.172152, 49.534874], [6.171713, 49.534935], [6.171343, 49.534992], [6.17103, 49.535057], [6.170767, 49.53512], [6.170767, 49.53508], [6.170744, 49.534607], [6.170755, 49.534233], [6.170805, 49.53366], [6.170732, 49.533653], [6.170637, 49.533646], [6.170546, 49.533638], [6.170488, 49.53363], [6.170443, 49.533627], [6.170343, 49.53361], [6.170263, 49.5336], [6.170134, 49.53358], [6.170118, 49.53358], [6.169642, 49.533512], [6.16929, 49.533447], [6.1691, 49.533398], [6.168882, 49.53334], [6.168707, 49.533287], [6.168642, 49.533268], [6.168749, 49.533054], [6.168592, 49.53301], [6.168207, 49.532894], [6.167799, 49.53284], [6.167177, 49.532806], [6.166693, 49.532806], [6.166201, 49.53282], [6.166204, 49.53278], [6.166235, 49.532097], [6.165403, 49.53202], [6.16453, 49.531948], [6.163965, 49.531788], [6.163519, 49.531666], [6.163458, 49.531616], [6.163519, 49.53154], [6.163538, 49.5315], [6.16353, 49.53147], [6.163496, 49.53143], [6.163454, 49.53141], [6.163382, 49.531387], [6.16334, 49.53138], [6.163301, 49.53138], [6.163103, 49.531513], [6.162933, 49.531465], [6.162672, 49.53139], [6.16268, 49.531292], [6.162699, 49.531025], [6.162722, 49.530724], [6.162729, 49.530617], [6.162737, 49.53049], [6.162748, 49.530354], [6.162752, 49.530296], [6.16276, 49.530193], [6.162771, 49.530064], [6.162062, 49.529957], [6.161928, 49.529938], [6.161852, 49.529926], [6.161287, 49.529842], [6.1611, 49.529816], [6.160421, 49.529716], [6.160261, 49.52969], [6.159567, 49.529594], [6.159056, 49.52923], [6.158445, 49.52881], [6.15814, 49.52869], [6.157961, 49.528618], [6.157812, 49.52856], [6.157045, 49.52827], [6.156282, 49.527977], [6.155493, 49.527664], [6.155477, 49.527557], [6.155413, 49.527355], [6.155718, 49.526863], [6.155851, 49.526657], [6.156076, 49.5263], [6.15708, 49.526337], [6.157221, 49.526344], [6.15732, 49.52636], [6.157949, 49.526558], [6.158442, 49.526714], [6.159307, 49.52693], [6.160341, 49.527187], [6.160292, 49.527782], [6.160143, 49.528103], [6.159868, 49.528687], [6.160833, 49.528862], [6.161268, 49.5286], [6.161348, 49.52808], [6.161402, 49.527466], [6.162283, 49.52742], [6.162344, 49.527416], [6.163275, 49.527363], [6.163629, 49.52732], [6.164381, 49.527218], [6.165018, 49.526752], [6.165194, 49.52662], [6.165548, 49.526352], [6.165907, 49.5259], [6.166155, 49.525604], [6.165976, 49.52508], [6.165804, 49.524563], [6.165354, 49.523323], [6.165476, 49.52319], [6.164751, 49.52307], [6.164469, 49.523033], [6.164164, 49.52304], [6.163855, 49.52306], [6.163401, 49.523132], [6.163057, 49.52319], [6.162809, 49.52325], [6.162188, 49.523396], [6.16091, 49.52377], [6.160292, 49.52385], [6.15962, 49.523857], [6.15885, 49.523712], [6.158594, 49.52353], [6.158251, 49.523273], [6.157843, 49.52293], [6.157785, 49.522877], [6.157499, 49.522594], [6.157186, 49.522224], [6.157103, 49.522114], [6.15703, 49.522007], [6.156897, 49.521816], [6.156763, 49.52166], [6.156614, 49.521496], [6.156225, 49.52141], [6.155832, 49.521324], [6.155691, 49.52125], [6.155581, 49.521175], [6.155485, 49.521107], [6.155912, 49.520992], [6.156214, 49.520893], [6.156359, 49.52082], [6.156706, 49.520657], [6.157026, 49.520466], [6.157194, 49.520363], [6.157457, 49.520195], [6.158012, 49.519818], [6.158182, 49.519703], [6.159159, 49.51901], [6.15954, 49.518745], [6.159571, 49.51877], [6.159742, 49.518913], [6.160273, 49.518513], [6.160585, 49.518612], [6.160791, 49.518433], [6.16102, 49.518135], [6.161455, 49.517555], [6.161806, 49.51773], [6.162058, 49.517857], [6.162432, 49.517445], [6.16258, 49.51728], [6.163668, 49.517357], [6.163729, 49.51736], [6.163858, 49.51737], [6.164331, 49.5174], [6.164656, 49.51741], [6.164926, 49.51741], [6.165232, 49.517406], [6.165472, 49.517395], [6.165594, 49.517384], [6.165785, 49.51736], [6.166063, 49.517323], [6.166365, 49.517284], [6.166513, 49.517273], [6.166639, 49.517258], [6.167009, 49.517227], [6.167166, 49.517216], [6.167376, 49.517197], [6.167589, 49.517174], [6.16773, 49.517162], [6.167841, 49.51715], [6.168154, 49.517113], [6.168634, 49.517048], [6.168818, 49.51702], [6.168901, 49.51701], [6.169004, 49.516994], [6.169115, 49.516987], [6.169355, 49.51698], [6.169687, 49.516975], [6.169779, 49.516975], [6.170122, 49.51698], [6.170401, 49.516983], [6.170492, 49.516987], [6.170828, 49.516994], [6.171049, 49.517002], [6.171454, 49.517014], [6.171778, 49.517025], [6.172129, 49.51705], [6.172133, 49.517292], [6.172136, 49.51733], [6.172136, 49.517445], [6.172133, 49.517597], [6.172129, 49.517944], [6.172125, 49.51802], [6.172117, 49.518116], [6.172083, 49.51838], [6.172052, 49.518665], [6.171988, 49.518837], [6.171949, 49.51894], [6.171804, 49.5193], [6.171793, 49.519444], [6.171762, 49.519943], [6.171751, 49.520145], [6.171732, 49.52033], [6.171732, 49.520348], [6.171728, 49.520382], [6.171728, 49.5204], [6.171724, 49.52042], [6.171721, 49.520435], [6.171709, 49.520515], [6.171694, 49.520607], [6.171644, 49.5209], [6.171633, 49.52106], [6.171621, 49.521366], [6.171617, 49.521557], [6.171617, 49.52181], [6.171717, 49.52194], [6.171988, 49.522274], [6.172285, 49.52266], [6.172365, 49.522724], [6.17248, 49.5228], [6.172693, 49.52292], [6.172945, 49.523056], [6.173246, 49.523216], [6.17343, 49.523327], [6.173506, 49.523388], [6.173628, 49.523487], [6.1737, 49.523544], [6.173853, 49.523674], [6.174299, 49.523838], [6.17449, 49.523903], [6.174334, 49.524082], [6.174295, 49.524136], [6.174284, 49.524155], [6.174505, 49.524223], [6.174852, 49.524326], [6.175199, 49.52442], [6.175535, 49.52451], [6.17576, 49.524567], [6.175989, 49.52462], [6.176539, 49.524723], [6.176966, 49.5248], [6.177362, 49.524857], [6.17774, 49.524906], [6.178041, 49.52494], [6.178205, 49.52496], [6.179068, 49.52506], [6.179472, 49.525105], [6.179804, 49.525154], [6.180284, 49.52522], [6.180201, 49.52539], [6.180178, 49.52544], [6.180063, 49.525673], [6.179823, 49.526188], [6.180357, 49.526344], [6.180441, 49.52637], [6.180483, 49.526382], [6.180689, 49.526443], [6.180853, 49.52649], [6.181143, 49.52658], [6.181936, 49.526836], [6.182417, 49.526993], [6.182592, 49.527046], [6.182856, 49.527134], [6.182917, 49.527153], [6.182928, 49.527157], [6.183016, 49.527184], [6.1831, 49.527206], [6.183115, 49.527214], [6.183386, 49.52729], [6.183466, 49.52731], [6.183538, 49.527332], [6.18368, 49.52737], [6.184019, 49.527466], [6.184168, 49.52751], [6.184347, 49.52757], [6.184536, 49.527627], [6.184645, 49.52766], [6.184816, 49.52771], [6.185045, 49.52778], [6.185213, 49.52763], [6.185362, 49.527485], [6.185507, 49.52734], [6.185667, 49.52717], [6.185987, 49.526817], [6.18614, 49.52665], [6.186201, 49.526577], [6.186335, 49.526432], [6.186369, 49.526394], [6.186556, 49.526196], [6.186678, 49.52606], [6.186708, 49.52602], [6.186789, 49.52593], [6.186872, 49.525814], [6.186956, 49.525684], [6.187021, 49.52558], [6.187036, 49.52555], [6.188044, 49.525932], [6.188208, 49.52599], [6.188303, 49.52602], [6.188421, 49.526054], [6.188528, 49.52608], [6.188681, 49.526115], [6.188791, 49.526134], [6.188913, 49.526157], [6.188921, 49.52612], [6.188974, 49.525913], [6.18907, 49.525528], [6.189138, 49.525543], [6.189478, 49.525627], [6.189753, 49.525696], [6.189863, 49.525726], [6.190309, 49.525837], [6.190683, 49.525936], [6.19084, 49.525974], [6.19079, 49.526066], [6.190927, 49.526093], [6.191217, 49.526154], [6.191507, 49.52621], [6.191576, 49.526226], [6.191706, 49.52625], [6.191927, 49.526287], [6.192083, 49.526318], [6.192434, 49.526367], [6.192839, 49.52643], [6.193045, 49.52645], [6.193052, 49.526318], [6.19306, 49.526222], [6.19306, 49.526184], [6.193071, 49.526024], [6.193342, 49.525955], [6.193594, 49.525898], [6.193789, 49.52585], [6.194048, 49.52576], [6.19414, 49.52573], [6.194277, 49.525684], [6.194426, 49.525646], [6.194548, 49.525623], [6.1947, 49.525616], [6.194849, 49.525616], [6.194979, 49.52562], [6.195181, 49.525627], [6.195253, 49.52563], [6.195429, 49.52564], [6.195543, 49.525642], [6.195749, 49.52563], [6.195871, 49.52563], [6.195967, 49.525627], [6.19607, 49.525635], [6.196123, 49.525642], [6.196173, 49.525654], [6.196226, 49.52566], [6.19636, 49.525684], [6.196497, 49.525703], [6.196657, 49.52573], [6.196802, 49.525753], [6.19684, 49.52576], [6.19713, 49.525806], [6.197023, 49.52622], [6.197115, 49.52624], [6.197168, 49.526253], [6.197283, 49.526283], [6.197367, 49.526302], [6.197569, 49.526352], [6.197752, 49.526394], [6.198042, 49.526485], [6.198225, 49.526543], [6.198641, 49.52667], [6.198774, 49.52647], [6.198835, 49.526382], [6.199163, 49.526493], [6.199514, 49.526615], [6.199804, 49.526726], [6.200117, 49.526844], [6.200186, 49.526783], [6.200293, 49.526695], [6.200567, 49.526463], [6.200758, 49.526505], [6.20112, 49.526573], [6.201632, 49.526684], [6.20199, 49.52678], [6.202261, 49.526855], [6.202429, 49.52693], [6.202219, 49.52705], [6.202082, 49.52713], [6.201853, 49.527275], [6.201353, 49.527573], [6.20104, 49.527756], [6.201075, 49.52779], [6.201094, 49.52781], [6.201387, 49.528065], [6.201723, 49.52835], [6.20207, 49.528656], [6.202093, 49.528675], [6.202314, 49.528923], [6.202349, 49.52897], [6.202383, 49.529015], [6.202391, 49.529026], [6.202566, 49.52925], [6.202787, 49.52953], [6.202829, 49.52958], [6.202928, 49.52971], [6.203051, 49.529865], [6.203226, 49.530098], [6.203451, 49.530388], [6.203573, 49.530544], [6.203665, 49.53067], [6.204775, 49.53037], [6.204813, 49.530453], [6.205198, 49.530376], [6.205202, 49.53039], [6.205221, 49.530426], [6.205252, 49.530468], [6.20529, 49.530514], [6.205294, 49.530552], [6.205301, 49.5306], [6.205336, 49.53066], [6.2054, 49.530743], [6.20545, 49.530865], [6.205492, 49.530903], [6.205522, 49.530922], [6.205587, 49.530968], [6.205629, 49.531006], [6.205702, 49.531097], [6.205843, 49.531223], [6.205904, 49.53128], [6.205957, 49.531353], [6.206007, 49.531403], [6.206072, 49.531456], [6.206068, 49.53148], [6.206072, 49.531506], [6.206106, 49.531525], [6.206144, 49.53151], [6.206369, 49.53168], [6.206545, 49.531834], [6.206705, 49.531982], [6.2068, 49.532085], [6.20698, 49.53228], [6.207121, 49.53243], [6.207171, 49.532406], [6.207266, 49.532482], [6.207315, 49.532516], [6.207777, 49.53233], [6.208757, 49.53217], [6.209761, 49.532032], [6.210024, 49.532166], [6.210428, 49.532368], [6.210634, 49.532467], [6.210814, 49.53255], [6.210985, 49.53263], [6.211096, 49.53268], [6.211164, 49.532707], [6.211336, 49.532772], [6.211863, 49.53297], [6.212503, 49.533], [6.212801, 49.533016], [6.213274, 49.533012], [6.213747, 49.533012], [6.214499, 49.53304], [6.214743, 49.533043], [6.214785, 49.533054], [6.21504, 49.53313], [6.215101, 49.53315], [6.215132, 49.533157], [6.215178, 49.533173], [6.215242, 49.533207], [6.215242, 49.533222], [6.215235, 49.533318], [6.215216, 49.533527], [6.215204, 49.53377], [6.215197, 49.533817], [6.215185, 49.5339], [6.215147, 49.534157], [6.215094, 49.534473], [6.215071, 49.534615], [6.215132, 49.534763], [6.215189, 49.534893], [6.21525, 49.535023], [6.215323, 49.53518], [6.215483, 49.53531], [6.215586, 49.535378], [6.2162, 49.53546], [6.216322, 49.535706], [6.216372, 49.53583], [6.216413, 49.535976], [6.216471, 49.53621], [6.216482, 49.53631], [6.216486, 49.536407], [6.216482, 49.53645], [6.216459, 49.53654], [6.216433, 49.536617], [6.216398, 49.536694], [6.21636, 49.53675], [6.216291, 49.536854], [6.216188, 49.536995], [6.216105, 49.537106], [6.21607, 49.537155], [6.216047, 49.537216], [6.216021, 49.537346], [6.215986, 49.537502], [6.215963, 49.537643], [6.215918, 49.53788], [6.215868, 49.53802], [6.215841, 49.538074], [6.215822, 49.538124], [6.215769, 49.538246], [6.215757, 49.53832], [6.215754, 49.5384], [6.215757, 49.538433], [6.215757, 49.53847], [6.215773, 49.53852], [6.215898, 49.538708], [6.215956, 49.538788], [6.216074, 49.53896], [6.21615, 49.539066], [6.216291, 49.53926], [6.216314, 49.539295], [6.216326, 49.53931], [6.21636, 49.53936], [6.216402, 49.539413], [6.216475, 49.53952], [6.216593, 49.539677], [6.21662, 49.53971], [6.21665, 49.539753], [6.216688, 49.539803], [6.21681, 49.53997], [6.216833, 49.540005], [6.21694, 49.540146], [6.216997, 49.540226], [6.217077, 49.540333], [6.21723, 49.540543], [6.217405, 49.54077], [6.217428, 49.540806], [6.218164, 49.54063], [6.219008, 49.54044], [6.219282, 49.54038], [6.219805, 49.54026], [6.219938, 49.54043], [6.220007, 49.540413], [6.220076, 49.540394], [6.220686, 49.54023], [6.2213, 49.540066], [6.2213, 49.540005], [6.221304, 49.539963], [6.221304, 49.539944], [6.221315, 49.539673], [6.221476, 49.539604], [6.221109, 49.539444], [6.220888, 49.53934], [6.220617, 49.539207], [6.220415, 49.539093], [6.220396, 49.53908], [6.220144, 49.538918], [6.220068, 49.538868], [6.219793, 49.538673], [6.219572, 49.538513], [6.219614, 49.538498], [6.219736, 49.538445], [6.219854, 49.5384], [6.219896, 49.538383], [6.220064, 49.538486], [6.220232, 49.538593], [6.220392, 49.538692], [6.220602, 49.53828], [6.22093, 49.537575], [6.221048, 49.537266], [6.221087, 49.537174], [6.221102, 49.537125], [6.221182, 49.536896], [6.221212, 49.536804], [6.221308, 49.5368], [6.221472, 49.536797], [6.221563, 49.536797], [6.221869, 49.536793], [6.222082, 49.536793], [6.222216, 49.53679], [6.222403, 49.53679], [6.22254, 49.536785], [6.222864, 49.536785], [6.222952, 49.53679], [6.223585, 49.53679], [6.223707, 49.536793], [6.223738, 49.536793], [6.224005, 49.5368], [6.224577, 49.536827], [6.225321, 49.53689], [6.226103, 49.53695], [6.226091, 49.536976], [6.226069, 49.53704], [6.226038, 49.53713], [6.226007, 49.53721], [6.226, 49.537228], [6.225985, 49.53727], [6.225973, 49.537296], [6.225885, 49.537544], [6.226614, 49.537663], [6.22703, 49.53772], [6.227934, 49.53784], [6.227949, 49.537907], [6.227976, 49.538], [6.228022, 49.53813], [6.228033, 49.538166], [6.228071, 49.53828], [6.228201, 49.5387], [6.228506, 49.538616], [6.228781, 49.53854], [6.228979, 49.538483], [6.229166, 49.538433], [6.229105, 49.538307], [6.229021, 49.53813], [6.228929, 49.537933], [6.228914, 49.537888], [6.228865, 49.537766], [6.228823, 49.537643], [6.228804, 49.53756], [6.229368, 49.53756], [6.229708, 49.537567], [6.229944, 49.53758], [6.230372, 49.537617], [6.230623, 49.537647], [6.230719, 49.537655], [6.230848, 49.53767], [6.231108, 49.537163], [6.231386, 49.536625], [6.231356, 49.536617], [6.23139, 49.536552], [6.231451, 49.536434], [6.231516, 49.536316], [6.231611, 49.536148], [6.231703, 49.535995], [6.231798, 49.53582], [6.231821, 49.535786], [6.231867, 49.535698], [6.231928, 49.53561], [6.231878, 49.5356], [6.232103, 49.53531], [6.232248, 49.5351], [6.23239, 49.534924], [6.232531, 49.534767], [6.232824, 49.534473], [6.233427, 49.533916], [6.233644, 49.533726], [6.233694, 49.533684], [6.233728, 49.533653], [6.233801, 49.533638], [6.233877, 49.533623], [6.234064, 49.53358], [6.234262, 49.53354], [6.23461, 49.533447], [6.234865, 49.53337], [6.235437, 49.533184], [6.235804, 49.533592], [6.236036, 49.533512], [6.236155, 49.533466], [6.236292, 49.533417], [6.23636, 49.533394], [6.236525, 49.533333], [6.236631, 49.533295], [6.236753, 49.533253], [6.236776, 49.53323], [6.236807, 49.533207], [6.237074, 49.53298], [6.237276, 49.53281], [6.237379, 49.532722], [6.237478, 49.532642], [6.237501, 49.532623], [6.237394, 49.532547], [6.237417, 49.532528], [6.23773, 49.532253], [6.237947, 49.532063], [6.238081, 49.531933], [6.238329, 49.531693], [6.238718, 49.53132], [6.238932, 49.531113], [6.238981, 49.531067], [6.239023, 49.531025], [6.239153, 49.5309], [6.239405, 49.53066], [6.239531, 49.530537], [6.239546, 49.530525], [6.23971, 49.530365], [6.239573, 49.530296], [6.239473, 49.530247], [6.23934, 49.53018], [6.239256, 49.530144], [6.239195, 49.530113], [6.239153, 49.530094], [6.239023, 49.53003], [6.23897, 49.53], [6.238893, 49.52996], [6.23871, 49.52986], [6.238668, 49.52984], [6.238592, 49.5298], [6.238577, 49.529793], [6.238501, 49.52975], [6.23842, 49.52971], [6.238253, 49.52962], [6.238173, 49.52958], [6.238062, 49.529522], [6.238016, 49.529495], [6.237905, 49.529438], [6.23786, 49.52941], [6.237822, 49.529392], [6.237738, 49.529346], [6.237669, 49.529312], [6.237478, 49.529198], [6.237287, 49.529083], [6.236948, 49.528877], [6.236799, 49.528793], [6.236681, 49.52873], [6.236513, 49.528637], [6.236422, 49.528587], [6.235983, 49.52836], [6.235796, 49.52826], [6.235666, 49.528187], [6.235434, 49.52806], [6.235315, 49.527992], [6.235899, 49.527573], [6.236063, 49.527454], [6.236135, 49.52741], [6.236204, 49.52736], [6.236219, 49.52735], [6.236414, 49.52721], [6.236269, 49.52711], [6.236223, 49.527077], [6.236048, 49.526962], [6.236402, 49.526737], [6.236753, 49.526505], [6.237116, 49.52624], [6.237528, 49.52591], [6.237555, 49.525887], [6.237818, 49.525997], [6.237841, 49.52598], [6.238203, 49.52564], [6.238348, 49.52551], [6.238405, 49.52546], [6.23868, 49.525246], [6.23871, 49.525223], [6.23918, 49.52489], [6.239492, 49.52467], [6.239355, 49.524536], [6.239344, 49.52453], [6.239252, 49.52444], [6.239141, 49.524326], [6.239107, 49.52428], [6.239084, 49.524246], [6.238936, 49.52396], [6.238661, 49.523464], [6.238771, 49.523438], [6.238874, 49.52341], [6.238707, 49.523163], [6.238508, 49.522907], [6.238375, 49.522717], [6.238298, 49.5226], [6.238253, 49.5225], [6.238154, 49.522293], [6.238031, 49.521965], [6.23802, 49.52193], [6.237993, 49.521896], [6.237871, 49.521793], [6.237608, 49.521576], [6.23749, 49.52147], [6.237391, 49.521385], [6.237299, 49.521286], [6.2372, 49.521183], [6.23733, 49.52114], [6.237162, 49.520714], [6.237108, 49.520596], [6.23707, 49.520515], [6.236994, 49.520405], [6.236761, 49.520138], [6.236673, 49.520046], [6.236578, 49.51994], [6.236528, 49.519867], [6.236483, 49.51979], [6.236452, 49.519714], [6.236402, 49.519527], [6.23638, 49.519398], [6.236349, 49.519264], [6.236303, 49.51914], [6.236265, 49.51907], [6.236235, 49.51902], [6.236132, 49.518867], [6.23591, 49.51859], [6.235857, 49.51852], [6.2358, 49.518448], [6.23572, 49.518337], [6.235704, 49.518303], [6.235689, 49.518276], [6.235624, 49.51811], [6.235567, 49.51796], [6.235533, 49.517883], [6.235487, 49.51781], [6.23543, 49.51775], [6.235334, 49.51769], [6.235102, 49.5176], [6.234976, 49.517555], [6.2348, 49.517517], [6.234755, 49.517506], [6.234659, 49.517487], [6.234739, 49.517326], [6.234841, 49.517098], [6.234865, 49.517067], [6.234987, 49.51693], [6.235121, 49.51664], [6.235132, 49.516613], [6.235472, 49.516663], [6.23612, 49.516796], [6.236815, 49.516922], [6.237063, 49.516983], [6.237253, 49.51701], [6.237555, 49.51702], [6.237802, 49.517006], [6.238085, 49.516945], [6.238333, 49.51686], [6.23842, 49.516808], [6.238485, 49.516724], [6.238588, 49.516567], [6.239004, 49.516285], [6.239683, 49.5158], [6.239824, 49.515717], [6.24, 49.515587], [6.240122, 49.51538], [6.240183, 49.51534], [6.24021, 49.51532], [6.24048, 49.515095], [6.240534, 49.51507], [6.240648, 49.515022], [6.240583, 49.515015], [6.240651, 49.514937], [6.240639, 49.514793], [6.240673, 49.514625], [6.240651, 49.514451], [6.240463, 49.514251], [6.24037, 49.514198], [6.24014, 49.514113], [6.239554, 49.513959], [6.239357, 49.513861], [6.239193, 49.513756], [6.239064, 49.513645], [6.238959, 49.513503], [6.238915, 49.513354], [6.238879, 49.513091], [6.238921, 49.51264], [6.238871, 49.512405], [6.238835, 49.512267], [6.23875, 49.512044], [6.238029, 49.51096], [6.237959, 49.510813], [6.23673, 49.508991], [6.236233, 49.508255], [6.236164, 49.508152], [6.234274, 49.50879], [6.233835, 49.509], [6.233118, 49.50921], [6.232305, 49.509377], [6.232122, 49.509403], [6.231878, 49.50943], [6.22986, 49.50957], [6.229231, 49.509598], [6.229063, 49.509598], [6.228678, 49.509563], [6.228273, 49.50951], [6.228258, 49.50953], [6.227575, 49.510357], [6.224573, 49.50953], [6.222803, 49.509182], [6.220003, 49.50877], [6.21987, 49.509544], [6.21837, 49.509403], [6.218103, 49.509964], [6.217131, 49.509758], [6.216372, 49.509014], [6.216814, 49.508774], [6.217306, 49.507885], [6.217035, 49.50786], [6.21723, 49.506898], [6.216768, 49.506752], [6.215895, 49.5066], [6.214502, 49.506348], [6.213781, 49.506287], [6.21303, 49.50626], [6.212423, 49.506264], [6.211592, 49.506298], [6.211256, 49.50629], [6.210337, 49.50624], [6.209372, 49.506195], [6.209166, 49.506195], [6.208601, 49.50619], [6.208059, 49.506207], [6.207659, 49.50623], [6.207403, 49.506252], [6.205481, 49.50658], [6.205347, 49.506588], [6.204054, 49.506786], [6.202902, 49.50699], [6.202501, 49.50701], [6.202124, 49.50694], [6.201334, 49.506763], [6.200728, 49.50662], [6.199354, 49.506252], [6.19816, 49.505947], [6.196791, 49.50561], [6.195761, 49.50536], [6.195746, 49.50539], [6.195246, 49.506424], [6.194029, 49.50624], [6.194002, 49.506306], [6.193163, 49.506237], [6.193048, 49.506204], [6.192968, 49.506182], [6.192888, 49.50616], [6.192186, 49.506054], [6.191755, 49.50599], [6.191565, 49.50598], [6.191359, 49.505978], [6.190756, 49.506073], [6.190008, 49.50619], [6.18836, 49.50637], [6.188192, 49.506428], [6.187487, 49.506702], [6.18717, 49.50682], [6.186384, 49.506966], [6.185465, 49.507164], [6.184641, 49.507347], [6.183596, 49.507584], [6.18273, 49.50776], [6.182119, 49.50786], [6.181612, 49.507915], [6.181215, 49.50795], [6.180841, 49.50801], [6.180788, 49.507965], [6.180471, 49.507595], [6.180269, 49.507305], [6.180258, 49.507286], [6.178308, 49.506958], [6.178145, 49.507202], [6.177465, 49.50784], [6.177141, 49.50811], [6.176603, 49.50861], [6.176836, 49.508785], [6.176905, 49.50887], [6.176737, 49.50971], [6.176859, 49.509975], [6.17639, 49.510197], [6.176207, 49.510246], [6.175325, 49.510338], [6.175142, 49.510345], [6.174974, 49.510307], [6.174753, 49.510197], [6.174444, 49.510025], [6.173876, 49.50963], [6.173533, 49.50941], [6.173227, 49.509167], [6.172754, 49.50872], [6.172436, 49.508502], [6.17222, 49.50827], [6.171991, 49.508144], [6.171244, 49.50781], [6.170832, 49.507645], [6.170637, 49.507584], [6.17034, 49.50749], [6.169813, 49.507248], [6.169632, 49.507199], [6.169256, 49.507098], [6.16926, 49.507065], [6.168604, 49.50678], [6.168219, 49.506565], [6.167955, 49.50644], [6.167555, 49.506298], [6.167047, 49.506104], [6.166578, 49.50595], [6.166006, 49.505745], [6.165438, 49.50554], [6.165323, 49.505497], [6.165121, 49.505398], [6.164431, 49.504936], [6.164045, 49.504723], [6.163629, 49.504543], [6.163412, 49.50447], [6.162619, 49.504284], [6.161997, 49.504158], [6.161936, 49.504147], [6.161749, 49.5046], [6.161653, 49.50492], [6.161615, 49.50491], [6.159914, 49.504425], [6.158541, 49.504], [6.158319, 49.504288], [6.15735, 49.503967], [6.157114, 49.504234], [6.156546, 49.504013], [6.155958, 49.503666], [6.156061, 49.50354], [6.155542, 49.50283], [6.154688, 49.50215], [6.154799, 49.502052], [6.153929, 49.50165], [6.153891, 49.501633], [6.1541, 49.5013], [6.154478, 49.500797], [6.154592, 49.50054], [6.154875, 49.50008], [6.15521, 49.499573], [6.155466, 49.499245], [6.156256, 49.498016], [6.15637, 49.497849], [6.156549, 49.497623], [6.156569, 49.497596], [6.156758, 49.497389], [6.156851, 49.497284], [6.156931, 49.49723], [6.157083, 49.497063], [6.157259, 49.496929], [6.157473, 49.49673], [6.157711, 49.496589], [6.158041, 49.496384], [6.158119, 49.496321], [6.15814, 49.496304], [6.158285, 49.496227], [6.15843, 49.49618], [6.158628, 49.496166], [6.158976, 49.49612], [6.159372, 49.495995], [6.159624, 49.495888], [6.159597, 49.495846], [6.160124, 49.49549], [6.16036, 49.49531], [6.160494, 49.49516], [6.160822, 49.494713], [6.161116, 49.49439], [6.161264, 49.494457], [6.161814, 49.494083], [6.16205, 49.493954], [6.162226, 49.493885], [6.162294, 49.493835], [6.162432, 49.493496], [6.162493, 49.493484], [6.161833, 49.49267], [6.161776, 49.492687], [6.16094, 49.49234], [6.159437, 49.49177], [6.158701, 49.49163], [6.157335, 49.491478], [6.156794, 49.492275], [6.156336, 49.4928], [6.155855, 49.493393], [6.155321, 49.49325], [6.155031, 49.493313], [6.154001, 49.49301], [6.153501, 49.49288], [6.152807, 49.49274], [6.153135, 49.49171], [6.153026, 49.491678], [6.152815, 49.491615], [6.152159, 49.491413], [6.152058, 49.491383], [6.151438, 49.491196], [6.150755, 49.490993], [6.150377, 49.49087], [6.149797, 49.49059], [6.148626, 49.490078], [6.148086, 49.489749], [6.147354, 49.489303], [6.14675, 49.48895], [6.146592, 49.488868], [6.146563, 49.488853], [6.146158, 49.48863], [6.145617, 49.488358], [6.144697, 49.487892], [6.144316, 49.48775], [6.143511, 49.487457], [6.142672, 49.487213], [6.142237, 49.4869], [6.140768, 49.48667], [6.140779, 49.487072], [6.140799, 49.487465], [6.140833, 49.4883], [6.141031, 49.488945], [6.141287, 49.489662], [6.141645, 49.490623], [6.141756, 49.49168], [6.141604, 49.49166], [6.141237, 49.491615], [6.140856, 49.491566], [6.140657, 49.49154], [6.140539, 49.491524], [6.140451, 49.491516], [6.13949, 49.491394], [6.138941, 49.491295], [6.138887, 49.491276], [6.138456, 49.491127], [6.13822, 49.491055], [6.138052, 49.490997], [6.137888, 49.490944], [6.137697, 49.490875], [6.13735, 49.490753], [6.137224, 49.490707], [6.137159, 49.490704], [6.136919, 49.490685], [6.136499, 49.490658], [6.136019, 49.490532], [6.135767, 49.490463], [6.134863, 49.490253], [6.134413, 49.490147], [6.13426, 49.49011], [6.13373, 49.489975], [6.132795, 49.489994], [6.132097, 49.490414], [6.13175, 49.490627], [6.131483, 49.491], [6.131243, 49.491344], [6.130892, 49.491837], [6.130575, 49.49217], [6.130217, 49.492558], [6.129667, 49.492874], [6.129019, 49.49327], [6.128618, 49.49356], [6.128252, 49.49382], [6.128103, 49.493904], [6.128073, 49.49391], [6.128038, 49.49392], [6.128031, 49.493786], [6.127939, 49.49322], [6.127871, 49.492874], [6.127832, 49.49271], [6.127829, 49.4927], [6.127714, 49.4922], [6.127535, 49.491413], [6.127211, 49.49085], [6.127134, 49.49072], [6.126963, 49.490406], [6.126749, 49.490025], [6.12676, 49.49002], [6.126776, 49.489853], [6.126818, 49.489372], [6.126829, 49.48923], [6.126852, 49.488976], [6.126871, 49.488834], [6.126917, 49.48834], [6.126944, 49.487984], [6.126963, 49.487907], [6.127054, 49.487274], [6.127108, 49.486748], [6.127119, 49.486645], [6.127119, 49.486538], [6.12715, 49.486202], [6.127161, 49.486023], [6.127192, 49.48576], [6.127222, 49.485474], [6.127264, 49.4851], [6.127283, 49.48489], [6.127153, 49.484867], [6.127176, 49.484745], [6.127199, 49.48463], [6.127207, 49.484577], [6.127222, 49.484493], [6.127233, 49.484447], [6.127249, 49.48435], [6.127256, 49.484314], [6.127264, 49.484272], [6.127272, 49.484222], [6.127287, 49.484142], [6.127317, 49.48397], [6.127337, 49.48387], [6.127352, 49.483776], [6.127367, 49.48367], [6.127378, 49.483597], [6.127428, 49.48312], [6.127436, 49.483063], [6.127443, 49.482967], [6.127447, 49.482876], [6.127451, 49.482826], [6.127466, 49.482594], [6.12747, 49.482555], [6.12747, 49.482502], [6.127474, 49.482475], [6.127478, 49.482388], [6.127478, 49.482327], [6.127455, 49.48226], [6.12742, 49.48221], [6.127207, 49.481846], [6.126852, 49.481274], [6.126619, 49.48094], [6.126375, 49.48066], [6.1262, 49.48045], [6.126146, 49.48039], [6.126013, 49.480225], [6.125925, 49.480114], [6.12586, 49.480034], [6.125784, 49.479946], [6.125647, 49.47979], [6.125536, 49.479656], [6.125425, 49.47951], [6.125296, 49.47926], [6.125231, 49.479137], [6.125166, 49.47902], [6.125097, 49.47889], [6.125071, 49.478844], [6.125021, 49.47875], [6.124991, 49.478687], [6.12496, 49.478626], [6.124849, 49.478424], [6.1248, 49.478317], [6.124735, 49.478188], [6.124613, 49.477974], [6.124369, 49.477528], [6.124273, 49.477455], [6.123941, 49.47721], [6.123529, 49.476913], [6.122999, 49.476517], [6.122988, 49.476475], [6.122953, 49.476368], [6.122675, 49.475548], [6.122614, 49.47537], [6.122564, 49.475216], [6.122557, 49.475197], [6.122564, 49.47515], [6.122576, 49.475113], [6.122671, 49.47494], [6.122824, 49.47466], [6.12295, 49.47441], [6.123064, 49.47418], [6.123198, 49.47394], [6.123385, 49.47359], [6.123449, 49.473465], [6.123075, 49.473263], [6.122465, 49.472927], [6.122118, 49.472744], [6.12184, 49.47264], [6.121645, 49.472572], [6.121483, 49.472513], [6.12131, 49.47245], [6.121115, 49.472397], [6.120752, 49.472298], [6.120268, 49.472164], [6.119955, 49.472065], [6.119886, 49.47205], [6.119848, 49.472046], [6.119821, 49.47205], [6.119806, 49.47205], [6.11976, 49.472065], [6.119657, 49.47209], [6.119597, 49.472103], [6.119558, 49.472103], [6.119505, 49.4721], [6.119379, 49.472073], [6.119207, 49.472042], [6.119188, 49.472034], [6.119177, 49.47202], [6.119207, 49.472008], [6.119211, 49.471996], [6.119204, 49.471985], [6.119146, 49.47197], [6.11907, 49.471947], [6.118929, 49.47189], [6.118906, 49.47188], [6.11886, 49.471886], [6.118803, 49.47188], [6.118757, 49.471878], [6.118708, 49.47187], [6.118654, 49.471844], [6.118551, 49.471783], [6.118395, 49.471695], [6.118319, 49.471638], [6.118238, 49.471577], [6.118185, 49.471546], [6.118086, 49.471516], [6.117991, 49.471485], [6.117979, 49.47145], [6.117903, 49.471416], [6.11783, 49.47139], [6.117796, 49.471386], [6.117792, 49.471363], [6.11764, 49.471344], [6.117472, 49.47132], [6.1173, 49.471287], [6.117159, 49.471256], [6.117113, 49.47124], [6.117067, 49.47122], [6.117033, 49.471195], [6.117014, 49.471188], [6.116922, 49.471188], [6.116808, 49.4712], [6.116667, 49.47121], [6.116587, 49.47122], [6.116457, 49.471214], [6.116354, 49.471203], [6.116198, 49.471172], [6.114969, 49.470886], [6.114801, 49.470844], [6.114328, 49.470554], [6.114256, 49.470516], [6.114218, 49.470497], [6.114191, 49.470486], [6.114168, 49.470486], [6.114077, 49.470493], [6.113958, 49.470524], [6.113836, 49.47056], [6.113794, 49.470585], [6.113733, 49.47063], [6.113691, 49.470676], [6.113672, 49.470715], [6.113649, 49.470757], [6.113546, 49.470867], [6.113432, 49.470966], [6.11334, 49.47104], [6.113226, 49.47113], [6.113173, 49.47113], [6.112997, 49.471153], [6.112837, 49.471184], [6.112799, 49.4712], [6.112772, 49.47122], [6.112738, 49.471264], [6.112715, 49.47131], [6.112707, 49.47135], [6.112696, 49.471485], [6.112669, 49.47155], [6.112608, 49.47168], [6.112581, 49.471714], [6.112253, 49.47199], [6.112146, 49.472065], [6.111917, 49.472206], [6.111643, 49.47237], [6.111387, 49.472515], [6.111284, 49.47253], [6.111181, 49.472546], [6.111078, 49.472553], [6.110926, 49.472557], [6.110727, 49.472553], [6.110426, 49.472538], [6.110251, 49.472523], [6.110048, 49.472492], [6.109831, 49.472458], [6.109728, 49.47244], [6.109648, 49.472435], [6.109602, 49.472443], [6.109552, 49.472466], [6.10951, 49.472492], [6.10948, 49.47252], [6.108458, 49.47223], [6.108065, 49.47211], [6.107573, 49.471966], [6.107527, 49.47195], [6.107348, 49.47189], [6.106909, 49.47172], [6.106028, 49.471397], [6.105772, 49.471344], [6.105627, 49.471325], [6.105417, 49.471313], [6.105291, 49.471313], [6.105101, 49.471336], [6.105013, 49.471344], [6.104925, 49.471344], [6.104834, 49.47134], [6.104731, 49.47132], [6.104063, 49.471157], [6.10356, 49.471016], [6.103422, 49.47097], [6.103037, 49.470795], [6.102808, 49.47069], [6.102671, 49.470634], [6.102426, 49.47054], [6.102201, 49.470463], [6.10198, 49.470383], [6.102079, 49.470104], [6.102144, 49.46997], [6.102217, 49.469852], [6.102293, 49.46975], [6.102461, 49.46956], [6.102602, 49.469402], [6.102526, 49.469364], [6.102369, 49.469276], [6.102278, 49.46924], [6.102087, 49.46917], [6.101793, 49.469074], [6.101564, 49.469], [6.101538, 49.468952], [6.1015, 49.468903], [6.101454, 49.468853], [6.101423, 49.468826], [6.101305, 49.468754], [6.101107, 49.468643], [6.10092, 49.468536], [6.100779, 49.46845], [6.10066, 49.46837], [6.10055, 49.46828], [6.10047, 49.468216], [6.10037, 49.468117], [6.100286, 49.468018], [6.100161, 49.467873], [6.09981, 49.467464], [6.099764, 49.467278], [6.099707, 49.467075], [6.099772, 49.466747], [6.099794, 49.4666], [6.099802, 49.46654], [6.099806, 49.46646], [6.099806, 49.466377], [6.099798, 49.46629], [6.099783, 49.466175], [6.099775, 49.46614], [6.099752, 49.46606], [6.099718, 49.465977], [6.099665, 49.46587], [6.099432, 49.465595], [6.099241, 49.465397], [6.099131, 49.4653], [6.0991, 49.465275], [6.099009, 49.465187], [6.098948, 49.465122], [6.098696, 49.464836], [6.098535, 49.46464], [6.098455, 49.464554], [6.098387, 49.464474], [6.098276, 49.464355], [6.098207, 49.464268], [6.098181, 49.464104], [6.098166, 49.46395], [6.098131, 49.46377], [6.098112, 49.46359], [6.098093, 49.463493], [6.098093, 49.463474], [6.098097, 49.463463], [6.098177, 49.463306], [6.098307, 49.463047], [6.098581, 49.462795], [6.098967, 49.46247], [6.098993, 49.46244], [6.09905, 49.462345], [6.099127, 49.462223], [6.099062, 49.461983], [6.099028, 49.461906], [6.098993, 49.461838], [6.098902, 49.46163], [6.098856, 49.46154], [6.098806, 49.461452], [6.098749, 49.461353], [6.098734, 49.46106], [6.098719, 49.460846], [6.098783, 49.46063], [6.09886, 49.460552], [6.09902, 49.460423], [6.099138, 49.46033], [6.099207, 49.460285], [6.099432, 49.46015], [6.099508, 49.460106], [6.099718, 49.45988], [6.099794, 49.459785], [6.09981, 49.459763], [6.099813, 49.459705], [6.099802, 49.459545], [6.099772, 49.459366], [6.099825, 49.459236], [6.099878, 49.459118], [6.09992, 49.459034], [6.099935, 49.45901], [6.099966, 49.45898], [6.100069, 49.458893], [6.100191, 49.458805], [6.100286, 49.458733], [6.100405, 49.458637], [6.100504, 49.45855], [6.100588, 49.458466], [6.100664, 49.45838], [6.100706, 49.45832], [6.100779, 49.458214], [6.100828, 49.458145], [6.100905, 49.458046], [6.101023, 49.457863], [6.100905, 49.457428], [6.100836, 49.4571], [6.100832, 49.457027], [6.100828, 49.456985], [6.10084, 49.45691], [6.100862, 49.456722], [6.100862, 49.45664], [6.100885, 49.456528], [6.100924, 49.456318], [6.10095, 49.456177], [6.100985, 49.456028], [6.101065, 49.455723], [6.101103, 49.45555], [6.101122, 49.45551], [6.101248, 49.45527], [6.101332, 49.455086], [6.101389, 49.454952], [6.101408, 49.454887], [6.101419, 49.454838], [6.101446, 49.454716], [6.101465, 49.454613], [6.101477, 49.45457], [6.101576, 49.454433], [6.101606, 49.454376], [6.101625, 49.454327], [6.101629, 49.4543], [6.101622, 49.4542], [6.101614, 49.45416], [6.101587, 49.454105], [6.101549, 49.45405], [6.101511, 49.45401], [6.101419, 49.453945], [6.10137, 49.45392], [6.101297, 49.453888], [6.101244, 49.45387], [6.101221, 49.453854], [6.101175, 49.45383], [6.101141, 49.4538], [6.101118, 49.453773], [6.101053, 49.453705], [6.100966, 49.453606], [6.100882, 49.453503], [6.100862, 49.453465], [6.100847, 49.453335], [6.100824, 49.45311], [6.100805, 49.453014], [6.100775, 49.45289], [6.100679, 49.4529], [6.100134, 49.452957], [6.099791, 49.452995], [6.099798, 49.453094], [6.099413, 49.453117], [6.09905, 49.453133], [6.098299, 49.453175], [6.0977, 49.453197], [6.096952, 49.453228], [6.096182, 49.45325], [6.096182, 49.453304], [6.096243, 49.453316], [6.096224, 49.453506], [6.095697, 49.45342], [6.095419, 49.453373], [6.095324, 49.45336], [6.095213, 49.453354], [6.094831, 49.45333], [6.094271, 49.45332], [6.093935, 49.45331], [6.093668, 49.453293], [6.093332, 49.453278], [6.093233, 49.453266], [6.092718, 49.453186], [6.092535, 49.45316], [6.092321, 49.45314], [6.092268, 49.45331], [6.092222, 49.453423], [6.092176, 49.45356], [6.092169, 49.45362], [6.092165, 49.45369], [6.092169, 49.453796], [6.092161, 49.453857], [6.092127, 49.454], [6.092108, 49.454086], [6.092081, 49.454285], [6.091661, 49.454266], [6.0912, 49.45424], [6.091066, 49.454235], [6.09096, 49.45424], [6.090868, 49.454247], [6.090792, 49.45426], [6.090727, 49.454273], [6.090696, 49.45428], [6.09038, 49.45425], [6.090349, 49.454323], [6.090322, 49.454426], [6.08972, 49.45448], [6.089205, 49.454517], [6.088793, 49.454548], [6.088606, 49.454575], [6.088415, 49.454605], [6.088232, 49.45464], [6.088034, 49.454685], [6.08779, 49.45475], [6.087568, 49.454823], [6.087328, 49.454906], [6.086935, 49.455044], [6.086638, 49.455162], [6.086443, 49.45525], [6.086229, 49.455357], [6.086004, 49.45548], [6.08581, 49.45559], [6.085573, 49.45573], [6.085646, 49.455795], [6.085676, 49.45582], [6.085733, 49.45587], [6.085901, 49.456028], [6.086, 49.45612], [6.085764, 49.45622], [6.085585, 49.456303], [6.08544, 49.456367], [6.085287, 49.45644], [6.085058, 49.456554], [6.084738, 49.456738], [6.084593, 49.456657], [6.084207, 49.456875], [6.084043, 49.456963], [6.084013, 49.456978], [6.083761, 49.457123], [6.083292, 49.4574], [6.082991, 49.457584], [6.083017, 49.45761], [6.082609, 49.457794], [6.082155, 49.45798], [6.081438, 49.458187], [6.081102, 49.458282], [6.0809, 49.45832], [6.08095, 49.45845], [6.080778, 49.45846], [6.080706, 49.458466], [6.08069, 49.458534], [6.08061, 49.45897], [6.080572, 49.459145], [6.080481, 49.459606], [6.080366, 49.459896], [6.080225, 49.460133], [6.080065, 49.4604], [6.080019, 49.460472], [6.080023, 49.460526], [6.080027, 49.46082], [6.080027, 49.460957], [6.08003, 49.461407], [6.079927, 49.46159], [6.079683, 49.46204], [6.07947, 49.462425], [6.079351, 49.46264], [6.079306, 49.46303], [6.079256, 49.46346], [6.079233, 49.46368], [6.079218, 49.463813], [6.079206, 49.463917], [6.079168, 49.463913], [6.079096, 49.463913], [6.078943, 49.463905], [6.078878, 49.463905], [6.078711, 49.463898], [6.078543, 49.463894], [6.077814, 49.463856], [6.077025, 49.463844], [6.076597, 49.463844], [6.076441, 49.46384], [6.076021, 49.463837], [6.075892, 49.46383], [6.075647, 49.46382], [6.075422, 49.46381], [6.074846, 49.46377], [6.074514, 49.46375], [6.074247, 49.463726], [6.074114, 49.463715], [6.073973, 49.463696], [6.073671, 49.463646], [6.073607, 49.463844], [6.073549, 49.464012], [6.07342, 49.464382], [6.073351, 49.464573], [6.073221, 49.464756], [6.073076, 49.464954], [6.07292, 49.46513], [6.072786, 49.46527], [6.072645, 49.46542], [6.072382, 49.46554], [6.072233, 49.46561], [6.071993, 49.465633], [6.071848, 49.46562], [6.071703, 49.465595], [6.071493, 49.46555], [6.071325, 49.465508], [6.070646, 49.46532], [6.070337, 49.46524], [6.07015, 49.46519], [6.070036, 49.465157], [6.069883, 49.465103], [6.069582, 49.464985], [6.069544, 49.464977], [6.069288, 49.46495], [6.069048, 49.464928], [6.068777, 49.46491], [6.06782, 49.46483], [6.067427, 49.464817], [6.06719, 49.46481], [6.066649, 49.464817], [6.066309, 49.46482], [6.066248, 49.464825], [6.066194, 49.464832], [6.066141, 49.46484], [6.065992, 49.464874], [6.06584, 49.464905], [6.065718, 49.464928], [6.065592, 49.464943], [6.065435, 49.46496], [6.065321, 49.46497], [6.064886, 49.464977], [6.064718, 49.464985], [6.064352, 49.46498], [6.063848, 49.46499], [6.063723, 49.464985], [6.063658, 49.46499], [6.063398, 49.465034], [6.062971, 49.465115], [6.062716, 49.46516], [6.062521, 49.46518], [6.062079, 49.465233], [6.06185, 49.465263], [6.061403, 49.46534], [6.061136, 49.46539], [6.060755, 49.465515], [6.060499, 49.465603], [6.060152, 49.465714], [6.059599, 49.465885], [6.058989, 49.466103], [6.058588, 49.46625], [6.058451, 49.466297], [6.058218, 49.466393], [6.058107, 49.46644], [6.05805, 49.466366], [6.057844, 49.466164], [6.057783, 49.46609], [6.057638, 49.465935], [6.057505, 49.46579], [6.057417, 49.465706], [6.057169, 49.46545], [6.056623, 49.465176], [6.056467, 49.465103], [6.056059, 49.464916], [6.055975, 49.464878], [6.055235, 49.46472], [6.055056, 49.46469], [6.054491, 49.464577], [6.054125, 49.464413], [6.053682, 49.46421], [6.053095, 49.4639], [6.052607, 49.463326], [6.052465, 49.463154], [6.052126, 49.46271], [6.051947, 49.462467], [6.05187, 49.462357], [6.05163, 49.462044], [6.051271, 49.46158], [6.051142, 49.4614], [6.05096, 49.461221], [6.050947, 49.461132], [6.050859, 49.46101], [6.050798, 49.46093], [6.050673, 49.46075], [6.050421, 49.460403], [6.050261, 49.460205], [6.050131, 49.460033], [6.050066, 49.45995], [6.05002, 49.459873], [6.049959, 49.459763], [6.049906, 49.45967], [6.049787, 49.45942], [6.049746, 49.459282], [6.049696, 49.45911], [6.04962, 49.458946], [6.049547, 49.458824], [6.049482, 49.45872], [6.049417, 49.458633], [6.049299, 49.458492], [6.049074, 49.45819], [6.04891, 49.457977], [6.048555, 49.45754], [6.048513, 49.457485], [6.048273, 49.457184], [6.048166, 49.457027], [6.047922, 49.45669], [6.04785, 49.4566], [6.04738, 49.45606], [6.046934, 49.45555], [6.046923, 49.455086], [6.046728, 49.454826], [6.046587, 49.45463], [6.046492, 49.4545], [6.046347, 49.45429], [6.046309, 49.454227], [6.046156, 49.453987], [6.045828, 49.453484], [6.045713, 49.45332], [6.045389, 49.453014], [6.04513, 49.45276], [6.044722, 49.452377], [6.04431, 49.451725], [6.044168, 49.451496], [6.044084, 49.451374], [6.044008, 49.451275], [6.043982, 49.45123], [6.043814, 49.450962], [6.043634, 49.4507], [6.043371, 49.45032], [6.043127, 49.449978], [6.043016, 49.449696], [6.042852, 49.449387], [6.042707, 49.449112], [6.042627, 49.44899], [6.042414, 49.448685], [6.042208, 49.448383], [6.041774, 49.447854], [6.04163, 49.44789], [6.041342, 49.44795], [6.039892, 49.448246], [6.038817, 49.448463], [6.038237, 49.44859], [6.037657, 49.448635], [6.037546, 49.448643], [6.037024, 49.448677], [6.036142, 49.448742], [6.035708, 49.448853], [6.035356, 49.448975], [6.034849, 49.44914], [6.034624, 49.44921], [6.034334, 49.449306], [6.034048, 49.44934], [6.033358, 49.4494], [6.032976, 49.449436], [6.032583, 49.449535], [6.030832, 49.44944], [6.029322, 49.449337], [6.028704, 49.44916], [6.027792, 49.44866], [6.027254, 49.44826], [6.026842, 49.448593], [6.026758, 49.448967], [6.026629, 49.449562], [6.026606, 49.44962], [6.026499, 49.449852], [6.026358, 49.450172], [6.026316, 49.450233], [6.025976, 49.450714], [6.025881, 49.450726], [6.025885, 49.450966], [6.025923, 49.451588], [6.025923, 49.45185], [6.025972, 49.45204], [6.026041, 49.452175], [6.026255, 49.45248], [6.026842, 49.453293], [6.027105, 49.453636], [6.02725, 49.453773], [6.02738, 49.45388], [6.027559, 49.454002], [6.027723, 49.45411], [6.028021, 49.45428], [6.028234, 49.45441], [6.029081, 49.454887], [6.029283, 49.455048], [6.029215, 49.455086], [6.028856, 49.455296], [6.028273, 49.45563], [6.028158, 49.4557], [6.028097, 49.45573], [6.028074, 49.45575], [6.027899, 49.45549], [6.027754, 49.455257], [6.027678, 49.45514], [6.027479, 49.45491], [6.026697, 49.454193], [6.026678, 49.4542], [6.02664, 49.45422], [6.026247, 49.4544], [6.025824, 49.454514], [6.025213, 49.454674], [6.02466, 49.45482], [6.023714, 49.45502], [6.023657, 49.45503], [6.02326, 49.45507], [6.022585, 49.45505], [6.02175, 49.454975], [6.020895, 49.454678], [6.020365, 49.454464], [6.019777, 49.45426], [6.01914, 49.454136], [6.018026, 49.45395], [6.016848, 49.453957], [6.016787, 49.453957], [6.015593, 49.45395], [6.015524, 49.453632], [6.015268, 49.453465], [6.01494, 49.45327], [6.014635, 49.45308], [6.014467, 49.45298], [6.014368, 49.452923], [6.01404, 49.452686], [6.013819, 49.45253], [6.011499, 49.453518], [6.010889, 49.453167], [6.010775, 49.453102], [6.009516, 49.452454], [6.008654, 49.45203], [6.007849, 49.451637], [6.007383, 49.45202], [6.006952, 49.45234], [6.006533, 49.452686], [6.006109, 49.453037], [6.00567, 49.453377], [6.005209, 49.453705], [6.004618, 49.45414], [6.004557, 49.45418], [6.004446, 49.45426], [6.004297, 49.454372], [6.004175, 49.454468], [6.004118, 49.454506], [6.004011, 49.45459], [6.003954, 49.45463], [6.003389, 49.455013], [6.003279, 49.455086], [6.003069, 49.455227], [6.002523, 49.455578], [6.002428, 49.45564], [6.002108, 49.45585], [6.002035, 49.455894], [6.001814, 49.456062], [6.001638, 49.4562], [6.001505, 49.4563], [6.001352, 49.456413], [6.001234, 49.456505], [6.000982, 49.45651], [6.000464, 49.456516], [6.000273, 49.45652], [5.99996, 49.456524], [5.998358, 49.456493], [5.997934, 49.456497], [5.995909, 49.45579], [5.995188, 49.45553], [5.991899, 49.454407], [5.991102, 49.45414], [5.989695, 49.45366], [5.986891, 49.452705], [5.985838, 49.452343], [5.981974, 49.451065], [5.980314, 49.45187], [5.97909, 49.452682], [5.978983, 49.453133], [5.978754, 49.45399], [5.979299, 49.455242], [5.980841, 49.4562], [5.982359, 49.457035], [5.982546, 49.456947], [5.983023, 49.45678], [5.983999, 49.456333], [5.985723, 49.455738], [5.985777, 49.455887], [5.98596, 49.456425], [5.986181, 49.457005], [5.986292, 49.457306], [5.986574, 49.458122], [5.986734, 49.4587], [5.987261, 49.459373], [5.987783, 49.460278], [5.988069, 49.461292], [5.987692, 49.462337], [5.987318, 49.46264], [5.986013, 49.462883], [5.984835, 49.463043], [5.98361, 49.46329], [5.98258, 49.463516], [5.981989, 49.46278], [5.981859, 49.462486], [5.981562, 49.46182], [5.98144, 49.46122], [5.980818, 49.46117], [5.980421, 49.46114], [5.980368, 49.461132], [5.980146, 49.46108], [5.979574, 49.46094], [5.979418, 49.460907], [5.979311, 49.460907], [5.97872, 49.46118], [5.978396, 49.461643], [5.978281, 49.4618], [5.978159, 49.461964], [5.978052, 49.462097], [5.977964, 49.462193], [5.977846, 49.462322], [5.977774, 49.462364], [5.977644, 49.462444], [5.97748, 49.462532], [5.977297, 49.462627], [5.977087, 49.462673], [5.976862, 49.46271], [5.976698, 49.462734], [5.976522, 49.462753], [5.976366, 49.462765], [5.975779, 49.462788], [5.975725, 49.463043], [5.975759, 49.46343], [5.975565, 49.46372], [5.975489, 49.463802], [5.975405, 49.46389], [5.975134, 49.464188], [5.974699, 49.464504], [5.974527, 49.4647], [5.974436, 49.464806], [5.974344, 49.46493], [5.974283, 49.46502], [5.974005, 49.465485], [5.973967, 49.4666], [5.973959, 49.466793], [5.97394, 49.466908], [5.973738, 49.468002], [5.973627, 49.46859], [5.972868, 49.469143], [5.972246, 49.469353], [5.971941, 49.469566], [5.971964, 49.46976], [5.971983, 49.46983], [5.972002, 49.469875], [5.972017, 49.469917], [5.972052, 49.469982], [5.972082, 49.470028], [5.9722, 49.470165], [5.972345, 49.47031], [5.972521, 49.470497], [5.972685, 49.47067], [5.972715, 49.470715], [5.972753, 49.470776], [5.972776, 49.47084], [5.972788, 49.470905], [5.972796, 49.471016], [5.972799, 49.471104], [5.972788, 49.471188], [5.972761, 49.4713], [5.972738, 49.47137], [5.972689, 49.471478], [5.972486, 49.471817], [5.972349, 49.472057], [5.97228, 49.472206], [5.972254, 49.47228], [5.97223, 49.472369], [5.972223, 49.472393], [5.972216, 49.472458], [5.972216, 49.472507], [5.972235, 49.47262], [5.972246, 49.47267], [5.972269, 49.47274], [5.972319, 49.472874], [5.972425, 49.47314], [5.972444, 49.47321], [5.972464, 49.473312], [5.972471, 49.473434], [5.972471, 49.473667], [5.972464, 49.473766], [5.972441, 49.473927], [5.972418, 49.474064], [5.972391, 49.474155], [5.972311, 49.474377], [5.971594, 49.474644], [5.971216, 49.47451], [5.970678, 49.474796], [5.969835, 49.475243], [5.969648, 49.475506], [5.969957, 49.475483], [5.970038, 49.47548], [5.970133, 49.475475], [5.970209, 49.475475], [5.970327, 49.47548], [5.970518, 49.47549], [5.971006, 49.475513], [5.971319, 49.47553], [5.971376, 49.47553], [5.97159, 49.475533], [5.971689, 49.475533], [5.972414, 49.47553], [5.97241, 49.47554], [5.972403, 49.47555], [5.97291, 49.475945], [5.972967, 49.475986], [5.973021, 49.476017], [5.9732, 49.476112], [5.973459, 49.47626], [5.973631, 49.476368], [5.973795, 49.476486], [5.97397, 49.47663], [5.9741, 49.476753], [5.974287, 49.476948], [5.974581, 49.4773], [5.974718, 49.477478], [5.97484, 49.47768], [5.974939, 49.477886], [5.974985, 49.477993], [5.975012, 49.47808], [5.975058, 49.478233], [5.975084, 49.478424], [5.975107, 49.478634], [5.975096, 49.47884], [5.975058, 49.478973], [5.974993, 49.479107], [5.97489, 49.479256], [5.974802, 49.47942], [5.974756, 49.479527], [5.974729, 49.479603], [5.974714, 49.4797], [5.974699, 49.47983], [5.974703, 49.47994], [5.974718, 49.480072], [5.974737, 49.480167], [5.974764, 49.480274], [5.974791, 49.48034], [5.974813, 49.480385], [5.974852, 49.480427], [5.975073, 49.480644], [5.97513, 49.48103], [5.975153, 49.481293], [5.975161, 49.481464], [5.975138, 49.481556], [5.975088, 49.48168], [5.975004, 49.48185], [5.97492, 49.48203], [5.974447, 49.482265], [5.973284, 49.48283], [5.973104, 49.483463], [5.972811, 49.48341], [5.972448, 49.483334], [5.972166, 49.48327], [5.971926, 49.483204], [5.971746, 49.48315], [5.971579, 49.483093], [5.971205, 49.48336], [5.971037, 49.483494], [5.970945, 49.483578], [5.970675, 49.48387], [5.97051, 49.48406], [5.970201, 49.484413], [5.969896, 49.48476], [5.969583, 49.485073], [5.969145, 49.4855], [5.968871, 49.485765], [5.968821, 49.485813], [5.968744, 49.48591], [5.968676, 49.485996], [5.96829, 49.486343], [5.968191, 49.486435], [5.968168, 49.48645], [5.968542, 49.486626], [5.968672, 49.486683], [5.968756, 49.486725], [5.968882, 49.486835], [5.968962, 49.48689], [5.969068, 49.486942], [5.969122, 49.48698], [5.969156, 49.487034], [5.969179, 49.487076], [5.96921, 49.487103], [5.969248, 49.48712], [5.969305, 49.487133], [5.969377, 49.48716], [5.969461, 49.487217], [5.969614, 49.487328], [5.96966, 49.487385], [5.969702, 49.487427], [5.969736, 49.48745], [5.969786, 49.48747], [5.969847, 49.487484], [5.969923, 49.487507], [5.969984, 49.487537], [5.970079, 49.4876], [5.970144, 49.48765], [5.970182, 49.4877], [5.970201, 49.48776], [5.970217, 49.48783], [5.97024, 49.48796], [5.970251, 49.487988], [5.97027, 49.488003], [5.970308, 49.48801], [5.970488, 49.48801], [5.970549, 49.488014], [5.970606, 49.488026], [5.970636, 49.48805], [5.970655, 49.488075], [5.970686, 49.48814], [5.970728, 49.48821], [5.9708, 49.488297], [5.9709, 49.4884], [5.970953, 49.48841], [5.971521, 49.488542], [5.971922, 49.488636], [5.973104, 49.488922], [5.973726, 49.48909], [5.973799, 49.48911], [5.973646, 49.489353], [5.97333, 49.48985], [5.97299, 49.49053], [5.972546, 49.490977], [5.972113, 49.491413], [5.970831, 49.49139], [5.969629, 49.49122], [5.969091, 49.4915], [5.967939, 49.491776], [5.967947, 49.491516], [5.966131, 49.491344], [5.966021, 49.492146], [5.965494, 49.49204], [5.965315, 49.492306], [5.965235, 49.49276], [5.964598, 49.493004], [5.963404, 49.492897], [5.960894, 49.49306], [5.959017, 49.493374], [5.958464, 49.4932], [5.956968, 49.493557], [5.955652, 49.493214], [5.955431, 49.493156], [5.955202, 49.493095], [5.95511, 49.49322], [5.954855, 49.493603], [5.954496, 49.494137], [5.954485, 49.494156], [5.954069, 49.494095], [5.953787, 49.494053], [5.953688, 49.494053], [5.952661, 49.494106], [5.952074, 49.49414], [5.952055, 49.494164], [5.951197, 49.49516], [5.95114, 49.4952], [5.95109, 49.49523], [5.951036, 49.49526], [5.950979, 49.495285], [5.950914, 49.49531], [5.950563, 49.49542], [5.948912, 49.495857], [5.948946, 49.495945], [5.948988, 49.496044], [5.949011, 49.496105], [5.949087, 49.49629], [5.949118, 49.49636], [5.949148, 49.496437], [5.949167, 49.49649], [5.949111, 49.496505], [5.947548, 49.496783], [5.946287, 49.497002], [5.946208, 49.497604], [5.945184, 49.497645], [5.943629, 49.497443], [5.943418, 49.497402], [5.943499, 49.497098], [5.94362, 49.4968], [5.943782, 49.49651], [5.943982, 49.49623], [5.944274, 49.495836], [5.944515, 49.495584], [5.943822, 49.495179], [5.943463, 49.495476], [5.943031, 49.495921], [5.942667, 49.496491], [5.942521, 49.496817], [5.942449, 49.497076], [5.942367, 49.497463], [5.942317, 49.497521], [5.942153, 49.497663], [5.942036, 49.497824], [5.941968, 49.497996], [5.941954, 49.498174], [5.941993, 49.49835], [5.942072, 49.498397], [5.942082, 49.498515], [5.942213, 49.498661], [5.942405, 49.498981], [5.942737, 49.499169], [5.942642, 49.499377], [5.943154, 49.500232], [5.942464, 49.500397], [5.941449, 49.500643], [5.940118, 49.500962], [5.936119, 49.500864], [5.935975, 49.50086], [5.935911, 49.500824], [5.93545, 49.500569], [5.935114, 49.500373], [5.934926, 49.500232], [5.934141, 49.500618], [5.93241, 49.499574], [5.932197, 49.499749], [5.932121, 49.499913], [5.931999, 49.499823], [5.931795, 49.499988], [5.931627, 49.500096], [5.931112, 49.500366], [5.930557, 49.500644], [5.927595, 49.498425], [5.927538, 49.498383], [5.927481, 49.498398], [5.92565, 49.49897], [5.925568, 49.498915], [5.924464, 49.499201], [5.924196, 49.499265], [5.924046, 49.49931], [5.923902, 49.499366], [5.92386, 49.499386], [5.923644, 49.499497], [5.923449, 49.499622], [5.923288, 49.499761], [5.923151, 49.4999], [5.922879, 49.500197], [5.922648, 49.500362], [5.922361, 49.50053], [5.921945, 49.500728], [5.920643, 49.500972], [5.920565, 49.500984], [5.920515, 49.500896], [5.920446, 49.500767], [5.92037, 49.500618], [5.920295, 49.500475], [5.920141, 49.500343], [5.920015, 49.500209], [5.919955, 49.500243], [5.919916, 49.50025], [5.919855, 49.500267], [5.919832, 49.50027], [5.919794, 49.500282], [5.919714, 49.500298], [5.919634, 49.500313], [5.919588, 49.50032], [5.919516, 49.500336], [5.919401, 49.50036], [5.919168, 49.5004], [5.919043, 49.500423], [5.918936, 49.500443], [5.918833, 49.50046], [5.918745, 49.500477], [5.918558, 49.50051], [5.918421, 49.500538], [5.918356, 49.500553], [5.91828, 49.500565], [5.918165, 49.50059], [5.918051, 49.500618], [5.917971, 49.500637], [5.917894, 49.500656], [5.917868, 49.500664], [5.917791, 49.500683], [5.917688, 49.500713], [5.917593, 49.50074], [5.917494, 49.50077], [5.917475, 49.50078], [5.917379, 49.500813], [5.917265, 49.500854], [5.917246, 49.500862], [5.917173, 49.50089], [5.917082, 49.500923], [5.916994, 49.500957], [5.916929, 49.500984], [5.916906, 49.500996], [5.916735, 49.501064], [5.916666, 49.501095], [5.916506, 49.50116], [5.916422, 49.50119], [5.916128, 49.501305], [5.91601, 49.50135], [5.915972, 49.50136], [5.91596, 49.50137], [5.915865, 49.5014], [5.915758, 49.50144], [5.915712, 49.501442], [5.915552, 49.501465], [5.915472, 49.501476], [5.915453, 49.50148], [5.915388, 49.501488], [5.9153, 49.501503], [5.915216, 49.501514], [5.915136, 49.50153], [5.914816, 49.50159], [5.914717, 49.50161], [5.91469, 49.501617], [5.914621, 49.50163], [5.914545, 49.501648], [5.914465, 49.501663], [5.914423, 49.501675], [5.914373, 49.501686], [5.914282, 49.50171], [5.914194, 49.501728], [5.914019, 49.501774], [5.913946, 49.50179], [5.913923, 49.501797], [5.913824, 49.50182], [5.913774, 49.501835], [5.913725, 49.501846], [5.91361, 49.501873], [5.913561, 49.50189], [5.9135, 49.501904], [5.913458, 49.50191], [5.913408, 49.501926], [5.913317, 49.501945], [5.913275, 49.501957], [5.913229, 49.501965], [5.913176, 49.501972], [5.913122, 49.50198], [5.913099, 49.501984], [5.913073, 49.501984], [5.912958, 49.50199], [5.912943, 49.50199], [5.912886, 49.501995], [5.912809, 49.501995], [5.912729, 49.502], [5.912272, 49.502], [5.912184, 49.501995], [5.912161, 49.50199], [5.91205, 49.501987], [5.911974, 49.501984], [5.911917, 49.50198], [5.911894, 49.501976], [5.911596, 49.501953], [5.91152, 49.501945], [5.911146, 49.501915], [5.911097, 49.501915], [5.910971, 49.501904], [5.910795, 49.501892], [5.910658, 49.501884], [5.910555, 49.501877], [5.910517, 49.501873], [5.910353, 49.50186], [5.910185, 49.501846], [5.910067, 49.50184], [5.909948, 49.501827], [5.909906, 49.501823], [5.909841, 49.501816], [5.909731, 49.50181], [5.909586, 49.501793], [5.909437, 49.50178], [5.909246, 49.50176], [5.90922, 49.501755], [5.909197, 49.50175], [5.909143, 49.501743], [5.909109, 49.501736], [5.909098, 49.501736], [5.909052, 49.501728], [5.90901, 49.501717], [5.908983, 49.501713], [5.908968, 49.50171], [5.908949, 49.5017], [5.908922, 49.501698], [5.908876, 49.501686], [5.908838, 49.501675], [5.908812, 49.501663], [5.9088, 49.501663], [5.908716, 49.501633], [5.908659, 49.50161], [5.908598, 49.50159], [5.908571, 49.5016], [5.908544, 49.501606], [5.908533, 49.50161], [5.908495, 49.50162], [5.908419, 49.501648], [5.908392, 49.50166], [5.908335, 49.501682], [5.908289, 49.501705], [5.908262, 49.501713], [5.908239, 49.501724], [5.908171, 49.50176], [5.908106, 49.501793], [5.908064, 49.501816], [5.908049, 49.501823], [5.907984, 49.501865], [5.907949, 49.501892], [5.9079, 49.501926], [5.907858, 49.501965], [5.907839, 49.501976], [5.907789, 49.50202], [5.907755, 49.502052], [5.907724, 49.502083], [5.907698, 49.502106], [5.90769, 49.502117], [5.907675, 49.50213], [5.907598, 49.50205], [5.907572, 49.502018], [5.907526, 49.501965], [5.907507, 49.50194], [5.90748, 49.5019], [5.907434, 49.501812], [5.907423, 49.501778], [5.907415, 49.501766], [5.907396, 49.501717], [5.907389, 49.501686], [5.907385, 49.501667], [5.907385, 49.501656], [5.907373, 49.50162], [5.907373, 49.501507], [5.907385, 49.501465], [5.907389, 49.501442], [5.907396, 49.501423], [5.9074, 49.501404], [5.907408, 49.50137], [5.907419, 49.501312], [5.907427, 49.501247], [5.907434, 49.501198], [5.907434, 49.50118], [5.90745, 49.501026], [5.90745, 49.50097], [5.907453, 49.500916], [5.907453, 49.500824], [5.90745, 49.500786], [5.90745, 49.500744], [5.907446, 49.500732], [5.907442, 49.500694], [5.907434, 49.50065], [5.907415, 49.50056], [5.907415, 49.500546], [5.907373, 49.500393], [5.907366, 49.500355], [5.907278, 49.500095], [5.90727, 49.500088], [5.907011, 49.499966], [5.906977, 49.49995], [5.906927, 49.499928], [5.905847, 49.499466], [5.905085, 49.499146], [5.904512, 49.498913], [5.904116, 49.498737], [5.904036, 49.498665], [5.903898, 49.498516], [5.903818, 49.498436], [5.903627, 49.498257], [5.903543, 49.498196], [5.903475, 49.498154], [5.90341, 49.498123], [5.903326, 49.4981], [5.903257, 49.49809], [5.903166, 49.49808], [5.902937, 49.498066], [5.90262, 49.498066], [5.902506, 49.49806], [5.902426, 49.498047], [5.902349, 49.49803], [5.902224, 49.497997], [5.902075, 49.497948], [5.90193, 49.497894], [5.901774, 49.49783], [5.901697, 49.497807], [5.901609, 49.497787], [5.901514, 49.497776], [5.901007, 49.49771], [5.900774, 49.497673], [5.900614, 49.49764], [5.900476, 49.4976], [5.900347, 49.49756], [5.900137, 49.497482], [5.899874, 49.49738], [5.89979, 49.497356], [5.899675, 49.49733], [5.8995, 49.497288], [5.899092, 49.497177], [5.898714, 49.497086], [5.898497, 49.497032], [5.897989, 49.49687], [5.897787, 49.49682], [5.897524, 49.49676], [5.897196, 49.496704], [5.896288, 49.496563], [5.896143, 49.496548], [5.896006, 49.49654], [5.895739, 49.496532], [5.895536, 49.496532], [5.895086, 49.496555], [5.894823, 49.496574], [5.894644, 49.496597], [5.893984, 49.496708], [5.893771, 49.49676], [5.893477, 49.496807], [5.893347, 49.496826], [5.893152, 49.496834], [5.892965, 49.496826], [5.891901, 49.496784], [5.891157, 49.49676], [5.891005, 49.49675], [5.890638, 49.49671], [5.89031, 49.496685], [5.890161, 49.49668], [5.890051, 49.49668], [5.889849, 49.496696], [5.889612, 49.49672], [5.889357, 49.496754], [5.889208, 49.4968], [5.888979, 49.496883], [5.888765, 49.49698], [5.888632, 49.49705], [5.888517, 49.497116], [5.888418, 49.497185], [5.888296, 49.49728], [5.888136, 49.497414], [5.887613, 49.4979], [5.887434, 49.498043], [5.887339, 49.49811], [5.887266, 49.498154], [5.887144, 49.498207], [5.88698, 49.49827], [5.886671, 49.498367], [5.886263, 49.49849], [5.885763, 49.498634], [5.885077, 49.498833], [5.884359, 49.498764], [5.884241, 49.4988], [5.882811, 49.499016], [5.88183, 49.49917], [5.8813, 49.499077], [5.880949, 49.499027], [5.880304, 49.498943], [5.879759, 49.498867], [5.878942, 49.49877], [5.878843, 49.49894], [5.87871, 49.498947], [5.878672, 49.498943], [5.878614, 49.49893], [5.878385, 49.498867], [5.878252, 49.49882], [5.878038, 49.49875], [5.87768, 49.498623], [5.877451, 49.498543], [5.877367, 49.498516], [5.87731, 49.4985], [5.877249, 49.498486], [5.877005, 49.498444], [5.876902, 49.498432], [5.876261, 49.498367], [5.876177, 49.498356], [5.875631, 49.498257], [5.875532, 49.498386], [5.875051, 49.498386], [5.874838, 49.498394], [5.874632, 49.498405], [5.874357, 49.498432], [5.874159, 49.498447], [5.873873, 49.498447], [5.873774, 49.49845], [5.873655, 49.498463], [5.873579, 49.498474], [5.873503, 49.49848], [5.873438, 49.498497], [5.873385, 49.498505], [5.873316, 49.49852], [5.873262, 49.49854], [5.873064, 49.49863], [5.872984, 49.498676], [5.872877, 49.498745], [5.872698, 49.49888], [5.87261, 49.49895], [5.872553, 49.498997], [5.872503, 49.499054], [5.872465, 49.49911], [5.872415, 49.499214], [5.872385, 49.49932], [5.872374, 49.499386], [5.872377, 49.49944], [5.872396, 49.499485], [5.872419, 49.499535], [5.872477, 49.499628], [5.872249, 49.499891], [5.87213, 49.500027], [5.872105, 49.500058], [5.872069, 49.5001], [5.871924, 49.500265], [5.871313, 49.499992], [5.870691, 49.49971], [5.869997, 49.499393], [5.869806, 49.499317], [5.869753, 49.4993], [5.869688, 49.49928], [5.869535, 49.49929], [5.869333, 49.499325], [5.869322, 49.49933], [5.868769, 49.499477], [5.867804, 49.49975], [5.867159, 49.49994], [5.867086, 49.499958], [5.867018, 49.49997], [5.866953, 49.499973], [5.866613, 49.499973], [5.866533, 49.499958], [5.866487, 49.49995], [5.866262, 49.499912], [5.865492, 49.500336], [5.864958, 49.50067], [5.864386, 49.500984], [5.864229, 49.50088], [5.864111, 49.50094], [5.864008, 49.501003], [5.863905, 49.50106], [5.863798, 49.50112], [5.863657, 49.50121], [5.863501, 49.501305], [5.863317, 49.501415], [5.863257, 49.501446], [5.863192, 49.501465], [5.863134, 49.501484], [5.863089, 49.501503], [5.863039, 49.50153], [5.862997, 49.501556], [5.862955, 49.50159], [5.862898, 49.50164], [5.862795, 49.501713], [5.862692, 49.501774], [5.862642, 49.501797], [5.862577, 49.501823], [5.862497, 49.50185], [5.862459, 49.50187], [5.862421, 49.501907], [5.862349, 49.501976], [5.862326, 49.501995], [5.862265, 49.50203], [5.862234, 49.502052], [5.862227, 49.50207], [5.862227, 49.502083], [5.862242, 49.5021], [5.862303, 49.50215], [5.862307, 49.502167], [5.86231, 49.50219], [5.862303, 49.502213], [5.862287, 49.502228], [5.862268, 49.50224], [5.862234, 49.502247], [5.862192, 49.502254], [5.862177, 49.502262], [5.862165, 49.502274], [5.862154, 49.50229], [5.86215, 49.502308], [5.86215, 49.50233], [5.862169, 49.50242], [5.862173, 49.50245], [5.862165, 49.502483], [5.86215, 49.502514], [5.862127, 49.50254], [5.862104, 49.50256], [5.862093, 49.50258], [5.862093, 49.5026], [5.862101, 49.502636], [5.862116, 49.50269], [5.86212, 49.502712], [5.862112, 49.502735], [5.862101, 49.502754], [5.86207, 49.50279], [5.862051, 49.50282], [5.86204, 49.502842], [5.862043, 49.502865], [5.862063, 49.50292], [5.862093, 49.502983], [5.862097, 49.50302], [5.862093, 49.50305], [5.862082, 49.50309], [5.862063, 49.503124], [5.862032, 49.503162], [5.862005, 49.503193], [5.861975, 49.503216], [5.861929, 49.503242], [5.861879, 49.503258], [5.861826, 49.50327], [5.861708, 49.503277], [5.861647, 49.503273], [5.86157, 49.503265], [5.86154, 49.503265], [5.861509, 49.50327], [5.861452, 49.503284], [5.861418, 49.503296], [5.861353, 49.503304], [5.861319, 49.503315], [5.86128, 49.503326], [5.861246, 49.50335], [5.861158, 49.50342], [5.861132, 49.503445], [5.86112, 49.503468], [5.86112, 49.50349], [5.861132, 49.503525], [5.861139, 49.503555], [5.861139, 49.50357], [5.861124, 49.503582], [5.861109, 49.50359], [5.861093, 49.503597], [5.861067, 49.503597], [5.860903, 49.503593], [5.86088, 49.503597], [5.860853, 49.503605], [5.860834, 49.503613], [5.860788, 49.50364], [5.860766, 49.503647], [5.860731, 49.50365], [5.86064, 49.50365], [5.860598, 49.50366], [5.860563, 49.50367], [5.860521, 49.503696], [5.860388, 49.503826], [5.860292, 49.503914], [5.860197, 49.503994], [5.860178, 49.504005], [5.860151, 49.504013], [5.860125, 49.504017], [5.86009, 49.504025], [5.860071, 49.504032], [5.859999, 49.504078], [5.859961, 49.504105], [5.859957, 49.50412], [5.859957, 49.50415], [5.859964, 49.504185], [5.859961, 49.504204], [5.859953, 49.504215], [5.859938, 49.504227], [5.859919, 49.50423], [5.8599, 49.504234], [5.859877, 49.50423], [5.859796, 49.504208], [5.859777, 49.504204], [5.859758, 49.504204], [5.859747, 49.504208], [5.859736, 49.504215], [5.859724, 49.504223], [5.859709, 49.50423], [5.859659, 49.50435], [5.859655, 49.50438], [5.859659, 49.504417], [5.859663, 49.504448], [5.859659, 49.504467], [5.859644, 49.504486], [5.859621, 49.5045], [5.859568, 49.504524], [5.859484, 49.50456], [5.859449, 49.50458], [5.85943, 49.5046], [5.859423, 49.50462], [5.859423, 49.504646], [5.859453, 49.50483], [5.859449, 49.504868], [5.859442, 49.504898], [5.859415, 49.50496], [5.859396, 49.505], [5.859369, 49.505028], [5.85935, 49.505047], [5.859323, 49.505062], [5.85927, 49.505085], [5.859205, 49.50511], [5.859175, 49.50513], [5.859152, 49.50515], [5.859121, 49.50519], [5.859117, 49.505222], [5.859125, 49.50525], [5.85914, 49.50528], [5.859182, 49.505337], [5.859194, 49.505367], [5.859194, 49.505394], [5.85919, 49.50541], [5.859178, 49.505424], [5.859163, 49.505444], [5.85914, 49.50545], [5.85911, 49.505455], [5.859064, 49.505455], [5.859003, 49.50545], [5.858973, 49.505455], [5.858957, 49.505463], [5.858946, 49.505474], [5.858942, 49.50554], [5.858934, 49.50556], [5.858915, 49.505585], [5.85887, 49.505623], [5.858854, 49.505646], [5.858847, 49.50567], [5.858847, 49.505695], [5.858858, 49.505726], [5.858904, 49.505795], [5.858919, 49.50583], [5.858923, 49.50586], [5.858919, 49.505886], [5.8589, 49.505905], [5.858881, 49.50592], [5.85882, 49.50594], [5.858736, 49.505943], [5.858633, 49.505955], [5.858568, 49.505962], [5.858522, 49.505966], [5.858461, 49.505985], [5.858381, 49.506012], [5.858259, 49.506073], [5.858217, 49.506084], [5.858183, 49.506092], [5.858068, 49.506092], [5.858007, 49.50609], [5.857939, 49.506084], [5.857904, 49.506084], [5.85787, 49.50609], [5.857847, 49.506096], [5.857828, 49.50611], [5.857717, 49.506207], [5.857664, 49.50624], [5.857588, 49.506275], [5.857512, 49.5063], [5.857389, 49.506336], [5.857344, 49.506344], [5.857317, 49.506344], [5.857302, 49.50634], [5.857283, 49.506313], [5.857264, 49.50625], [5.857248, 49.506237], [5.857233, 49.506226], [5.85721, 49.50622], [5.857161, 49.506233], [5.857119, 49.506252], [5.857058, 49.506294], [5.856993, 49.506348], [5.856947, 49.50638], [5.856916, 49.50639], [5.856897, 49.506393], [5.856886, 49.506397], [5.856867, 49.506393], [5.856848, 49.506386], [5.856775, 49.506348], [5.856714, 49.50632], [5.856661, 49.50631], [5.856611, 49.506298], [5.856546, 49.506294], [5.856501, 49.506294], [5.85644, 49.5063], [5.856375, 49.506313], [5.856337, 49.506332], [5.856321, 49.506348], [5.856314, 49.506367], [5.856306, 49.506393], [5.856314, 49.506443], [5.856321, 49.506485], [5.856321, 49.506508], [5.856314, 49.506527], [5.856291, 49.506546], [5.856272, 49.506554], [5.856245, 49.50656], [5.856214, 49.506565], [5.856184, 49.50656], [5.856157, 49.506554], [5.856142, 49.506542], [5.856115, 49.506523], [5.856092, 49.506508], [5.856066, 49.506496], [5.85602, 49.506485], [5.855989, 49.50647], [5.855967, 49.50646], [5.855932, 49.506435], [5.855913, 49.50643], [5.855883, 49.50643], [5.855864, 49.50644], [5.855852, 49.50645], [5.855837, 49.506466], [5.855761, 49.506588], [5.855741, 49.506607], [5.855703, 49.50662], [5.855665, 49.50662], [5.855639, 49.506603], [5.855551, 49.506557], [5.855516, 49.50655], [5.85549, 49.506546], [5.855455, 49.506546], [5.855425, 49.50655], [5.855391, 49.50656], [5.855352, 49.506573], [5.855329, 49.506588], [5.855314, 49.5066], [5.855303, 49.506626], [5.855291, 49.506664], [5.855276, 49.506695], [5.855238, 49.506725], [5.855215, 49.506737], [5.855181, 49.50675], [5.855146, 49.506752], [5.855124, 49.506756], [5.855108, 49.506752], [5.855089, 49.506737], [5.855074, 49.50672], [5.85507, 49.506706], [5.855062, 49.50662], [5.855043, 49.506603], [5.855024, 49.506596], [5.854971, 49.506603], [5.85494, 49.506615], [5.854883, 49.506645], [5.854822, 49.506687], [5.854792, 49.506714], [5.854769, 49.50675], [5.854734, 49.506824], [5.854711, 49.506855], [5.854681, 49.506878], [5.854662, 49.50689], [5.854635, 49.506897], [5.854597, 49.5069], [5.854567, 49.5069], [5.85454, 49.506897], [5.854502, 49.50689], [5.854418, 49.50686], [5.854364, 49.50685], [5.854319, 49.506844], [5.854292, 49.506844], [5.854261, 49.50685], [5.854246, 49.506855], [5.854223, 49.506866], [5.8542, 49.50689], [5.854181, 49.50692], [5.854151, 49.506973], [5.854128, 49.506985], [5.854101, 49.506985], [5.854078, 49.50698], [5.853972, 49.506954], [5.853945, 49.50695], [5.853922, 49.506954], [5.853907, 49.506966], [5.853891, 49.50698], [5.853781, 49.507107], [5.853731, 49.507145], [5.853705, 49.507168], [5.853682, 49.50718], [5.853647, 49.507183], [5.853613, 49.507183], [5.853487, 49.50718], [5.853369, 49.50718], [5.853357, 49.507175], [5.853338, 49.507168], [5.853327, 49.507156], [5.853311, 49.507137], [5.85327, 49.50707], [5.853254, 49.507057], [5.853239, 49.507057], [5.853224, 49.507053], [5.853197, 49.507065], [5.853159, 49.507103], [5.85314, 49.507114], [5.853117, 49.507122], [5.852949, 49.507164], [5.852915, 49.507175], [5.852892, 49.50719], [5.852865, 49.507206], [5.852774, 49.507282], [5.852675, 49.507355], [5.852571, 49.507423], [5.852453, 49.507492], [5.852343, 49.507553], [5.852255, 49.507587], [5.852194, 49.50761], [5.852076, 49.50765], [5.85203, 49.507664], [5.851999, 49.50768], [5.851973, 49.50769], [5.851946, 49.507706], [5.851911, 49.507732], [5.851854, 49.50778], [5.851648, 49.507915], [5.851408, 49.508076], [5.85137, 49.5081], [5.851343, 49.508106], [5.851301, 49.508118], [5.851217, 49.508118], [5.851156, 49.508114], [5.851114, 49.508106], [5.851065, 49.50809], [5.851038, 49.508083], [5.851004, 49.50807], [5.85095, 49.50806], [5.850935, 49.508064], [5.850912, 49.508068], [5.850874, 49.50808], [5.850802, 49.50811], [5.850634, 49.508183], [5.85058, 49.50821], [5.850538, 49.50824], [5.850481, 49.508286], [5.850412, 49.508354], [5.850306, 49.508446], [5.850172, 49.50855], [5.850004, 49.508675], [5.849928, 49.508743], [5.84981, 49.50886], [5.849768, 49.50891], [5.849749, 49.50894], [5.849733, 49.508972], [5.849726, 49.50904], [5.849726, 49.50912], [5.849733, 49.50916], [5.849752, 49.509243], [5.849554, 49.509598], [5.849405, 49.509903], [5.84936, 49.509987], [5.849318, 49.51005], [5.849199, 49.51019], [5.849123, 49.510258], [5.849039, 49.51033], [5.848917, 49.51041], [5.848913, 49.510426], [5.848913, 49.51044], [5.848921, 49.510464], [5.848959, 49.51054], [5.84897, 49.51056], [5.84897, 49.5106], [5.848967, 49.510624], [5.848944, 49.510693], [5.848936, 49.51074], [5.848936, 49.510784], [5.848948, 49.51084], [5.849009, 49.510986], [5.849028, 49.511047], [5.849039, 49.51109], [5.849043, 49.511124], [5.849043, 49.51116], [5.849039, 49.5112], [5.849031, 49.511234], [5.849024, 49.511257], [5.849005, 49.51129], [5.848982, 49.511333], [5.848974, 49.511356], [5.848967, 49.511383], [5.848967, 49.511402], [5.848974, 49.511436], [5.848993, 49.511494], [5.848997, 49.51152], [5.848993, 49.51155], [5.848993, 49.511585], [5.848997, 49.51162], [5.849009, 49.511646], [5.849047, 49.511738], [5.849054, 49.51176], [5.849058, 49.51179], [5.849058, 49.511833], [5.849047, 49.51193], [5.849028, 49.51208], [5.849031, 49.512127], [5.849039, 49.512165], [5.849058, 49.512215], [5.849085, 49.512276], [5.849093, 49.5123], [5.849093, 49.51233], [5.849077, 49.512375], [5.849054, 49.512417], [5.849031, 49.512466], [5.849028, 49.512493], [5.849028, 49.512516], [5.849031, 49.512543], [5.849047, 49.512566], [5.849058, 49.51258], [5.849153, 49.512672], [5.849161, 49.512688], [5.849165, 49.512707], [5.849165, 49.51273], [5.849161, 49.51275], [5.849153, 49.51277], [5.849134, 49.51281], [5.849043, 49.512974], [5.849031, 49.51301], [5.849024, 49.513054], [5.849005, 49.513157], [5.848993, 49.5132], [5.848974, 49.513237], [5.848936, 49.513283], [5.848921, 49.513306], [5.848913, 49.51333], [5.848898, 49.513405], [5.848894, 49.513435], [5.848875, 49.51347], [5.848852, 49.513504], [5.848803, 49.513565], [5.848795, 49.513584], [5.848791, 49.513603], [5.848795, 49.513615], [5.848806, 49.513626], [5.848841, 49.51364], [5.848852, 49.513653], [5.848852, 49.513664], [5.848848, 49.51368], [5.848837, 49.5137], [5.848787, 49.51375], [5.848764, 49.513775], [5.848757, 49.513794], [5.848753, 49.513813], [5.848757, 49.513836], [5.848776, 49.51389], [5.84878, 49.513912], [5.848776, 49.51393], [5.848761, 49.513947], [5.848745, 49.513966], [5.848661, 49.514015], [5.848597, 49.514057], [5.848562, 49.514084], [5.848539, 49.514107], [5.848524, 49.514126], [5.84852, 49.514145], [5.84852, 49.514248], [5.848516, 49.514282], [5.848509, 49.514317], [5.848494, 49.514362], [5.848444, 49.514477], [5.848425, 49.51451], [5.848379, 49.51455], [5.848349, 49.51456], [5.848234, 49.514595], [5.84807, 49.514637], [5.847998, 49.51466], [5.847959, 49.514675], [5.847906, 49.514713], [5.847876, 49.514744], [5.847853, 49.514782], [5.847845, 49.51481], [5.847837, 49.51483], [5.847837, 49.514862], [5.847853, 49.514904], [5.847853, 49.51492], [5.847845, 49.514935], [5.847826, 49.51495], [5.847796, 49.514965], [5.847753, 49.514973], [5.847712, 49.51498], [5.847589, 49.514984], [5.847509, 49.514988], [5.847444, 49.514996], [5.847384, 49.51501], [5.847341, 49.515026], [5.847319, 49.51504], [5.847246, 49.515087], [5.847216, 49.515102], [5.847197, 49.51511], [5.847174, 49.515114], [5.847147, 49.51511], [5.847033, 49.5151], [5.846964, 49.5151], [5.846937, 49.515106], [5.846907, 49.515114], [5.846861, 49.515133], [5.846792, 49.515163], [5.846754, 49.515175], [5.846712, 49.51518], [5.846643, 49.515186], [5.846594, 49.515194], [5.846559, 49.515205], [5.846533, 49.515217], [5.846506, 49.515236], [5.846487, 49.515255], [5.846464, 49.515285], [5.846422, 49.515343], [5.846399, 49.51536], [5.846369, 49.515385], [5.84627, 49.515434], [5.846159, 49.51547], [5.845987, 49.515522], [5.8458, 49.515575], [5.84561, 49.515617], [5.845434, 49.51566], [5.845388, 49.515667], [5.845327, 49.515667], [5.845289, 49.51566], [5.845262, 49.515648], [5.845232, 49.51563], [5.84511, 49.515545], [5.845079, 49.51553], [5.845053, 49.515522], [5.844995, 49.515522], [5.844976, 49.51553], [5.844961, 49.51554], [5.844938, 49.515564], [5.844912, 49.515594], [5.844889, 49.515614], [5.844816, 49.515633], [5.844732, 49.515648], [5.844664, 49.51567], [5.844599, 49.515705], [5.844542, 49.51574], [5.844507, 49.51575], [5.844446, 49.51576], [5.844091, 49.515797], [5.844053, 49.515804], [5.844015, 49.515816], [5.843988, 49.515827], [5.843966, 49.515842], [5.843947, 49.51586], [5.843931, 49.515884], [5.843878, 49.51598], [5.843863, 49.51599], [5.843836, 49.516006], [5.843817, 49.516014], [5.843611, 49.516045], [5.843573, 49.516052], [5.84355, 49.516064], [5.843531, 49.516075], [5.843515, 49.516087], [5.843508, 49.516098], [5.8435, 49.516113], [5.8435, 49.51613], [5.843512, 49.516155], [5.843531, 49.516182], [5.843553, 49.516205], [5.843588, 49.51625], [5.843592, 49.51627], [5.843592, 49.516285], [5.843576, 49.516308], [5.843443, 49.51635], [5.843401, 49.516365], [5.843336, 49.516396], [5.843294, 49.51642], [5.843199, 49.51647], [5.843164, 49.51649], [5.843119, 49.5165], [5.8431, 49.5165], [5.84305, 49.516487], [5.842947, 49.51644], [5.84292, 49.516434], [5.842897, 49.516434], [5.842867, 49.51643], [5.84284, 49.516434], [5.842814, 49.516445], [5.842791, 49.516453], [5.842764, 49.51647], [5.842691, 49.516525], [5.842653, 49.516552], [5.842627, 49.516563], [5.842581, 49.51658], [5.842459, 49.516605], [5.842417, 49.516617], [5.842386, 49.516636], [5.842363, 49.516655], [5.842329, 49.516685], [5.842253, 49.516766], [5.842222, 49.51679], [5.842165, 49.516815], [5.842115, 49.51683], [5.842077, 49.516838], [5.841906, 49.51685], [5.841803, 49.51685], [5.841776, 49.51684], [5.841719, 49.51682], [5.841692, 49.516815], [5.841505, 49.516838], [5.841413, 49.51685], [5.841368, 49.516857], [5.84131, 49.516872], [5.841265, 49.51689], [5.84123, 49.51691], [5.8412, 49.51693], [5.841127, 49.517006], [5.841097, 49.517033], [5.841043, 49.517075], [5.840803, 49.517242], [5.840773, 49.51726], [5.840631, 49.517315], [5.84054, 49.517353], [5.84049, 49.51738], [5.840467, 49.517395], [5.840441, 49.51742], [5.840376, 49.517506], [5.840353, 49.51752], [5.84033, 49.51753], [5.840311, 49.51753], [5.840284, 49.517525], [5.840231, 49.517513], [5.840212, 49.517513], [5.840193, 49.517517], [5.840162, 49.517525], [5.840132, 49.517544], [5.840109, 49.517567], [5.840086, 49.517593], [5.840067, 49.517624], [5.840059, 49.51765], [5.840056, 49.51768], [5.840063, 49.51771], [5.840082, 49.517754], [5.840105, 49.51781], [5.840109, 49.517826], [5.840101, 49.51784], [5.840082, 49.517853], [5.840048, 49.517868], [5.839994, 49.51788], [5.839899, 49.517887], [5.839823, 49.51789], [5.839792, 49.517895], [5.839769, 49.517895], [5.839754, 49.517902], [5.839743, 49.51791], [5.839735, 49.517925], [5.839735, 49.517967], [5.839739, 49.518005], [5.83975, 49.518047], [5.839766, 49.51807], [5.839838, 49.518124], [5.839849, 49.518135], [5.839853, 49.51815], [5.839857, 49.51817], [5.839849, 49.518276], [5.839819, 49.518417], [5.839808, 49.51845], [5.839796, 49.518475], [5.839769, 49.51851], [5.839704, 49.518574], [5.839674, 49.518593], [5.839598, 49.518635], [5.839525, 49.51866], [5.839479, 49.518677], [5.83938, 49.518703], [5.839342, 49.518723], [5.839304, 49.518745], [5.839201, 49.51882], [5.839121, 49.518898], [5.839075, 49.51893], [5.839029, 49.518955], [5.838976, 49.518986], [5.838949, 49.519005], [5.83885, 49.519096], [5.838736, 49.51916], [5.838678, 49.5192], [5.838518, 49.51931], [5.83835, 49.519413], [5.838221, 49.51949], [5.838163, 49.519516], [5.838137, 49.519524], [5.838114, 49.519524], [5.838095, 49.519512], [5.837957, 49.519455], [5.8379, 49.519436], [5.837828, 49.51942], [5.837732, 49.51941], [5.837664, 49.519413], [5.837553, 49.519424], [5.837461, 49.51944], [5.837374, 49.519466], [5.837213, 49.51954], [5.837095, 49.51959], [5.837004, 49.51961], [5.836912, 49.519627], [5.836725, 49.51964], [5.83658, 49.51966], [5.836493, 49.519684], [5.836382, 49.519726], [5.836275, 49.519787], [5.836145, 49.51987], [5.836084, 49.519928], [5.836058, 49.519962], [5.836031, 49.520008], [5.836008, 49.520096], [5.835993, 49.52017], [5.835966, 49.520214], [5.835943, 49.52025], [5.835936, 49.520275], [5.835939, 49.520298], [5.836004, 49.520363], [5.836012, 49.52038], [5.836012, 49.5204], [5.836, 49.520435], [5.835951, 49.52054], [5.835936, 49.5206], [5.835936, 49.52068], [5.835947, 49.52077], [5.835943, 49.52081], [5.835936, 49.52082], [5.835916, 49.52083], [5.835878, 49.52084], [5.83584, 49.520855], [5.835833, 49.52087], [5.835829, 49.520912], [5.835833, 49.52095], [5.83584, 49.520996], [5.835852, 49.52103], [5.835871, 49.521053], [5.835897, 49.521072], [5.835966, 49.521107], [5.835981, 49.521114], [5.836, 49.521133], [5.836019, 49.52116], [5.836046, 49.521183], [5.836081, 49.521202], [5.836134, 49.521225], [5.836157, 49.52124], [5.83618, 49.521263], [5.836191, 49.52129], [5.836195, 49.521324], [5.836187, 49.52137], [5.836176, 49.521408], [5.836157, 49.52145], [5.836123, 49.5215], [5.836084, 49.52157], [5.836065, 49.521614], [5.836058, 49.521656], [5.836058, 49.521748], [5.836054, 49.521782], [5.836046, 49.52181], [5.836027, 49.521835], [5.836004, 49.52186], [5.835978, 49.52188], [5.835932, 49.52191], [5.835852, 49.52197], [5.83581, 49.522], [5.835787, 49.52203], [5.835768, 49.522057], [5.835756, 49.522087], [5.835745, 49.522114], [5.835745, 49.522152], [5.835749, 49.522205], [5.83576, 49.522293], [5.835768, 49.52238], [5.835775, 49.522644], [5.835768, 49.52268], [5.835752, 49.522705], [5.835726, 49.522728], [5.835669, 49.522766], [5.835344, 49.522953], [5.835245, 49.52294], [5.834715, 49.522873], [5.834662, 49.523483], [5.834662, 49.52351], [5.834639, 49.523777], [5.834429, 49.523743], [5.834303, 49.52372], [5.834295, 49.52408], [5.834295, 49.52445], [5.834436, 49.52445], [5.834463, 49.524452], [5.834429, 49.525066], [5.834429, 49.525482], [5.834421, 49.52561], [5.834398, 49.525734], [5.834368, 49.525867], [5.834299, 49.526066], [5.834246, 49.526173], [5.834116, 49.526382], [5.834333, 49.526615], [5.834471, 49.52676], [5.834494, 49.52678], [5.834509, 49.5268], [5.834627, 49.526917], [5.834722, 49.527008], [5.834761, 49.52704], [5.834822, 49.527084], [5.834871, 49.527115], [5.834921, 49.527134], [5.834997, 49.527157], [5.83507, 49.527172], [5.835699, 49.527283], [5.835932, 49.52733], [5.836191, 49.527378], [5.836676, 49.52748], [5.837203, 49.527556], [5.837652, 49.52768], [5.837648, 49.5277], [5.837759, 49.527718], [5.83782, 49.52773], [5.83806, 49.52774], [5.838152, 49.52775], [5.838202, 49.527752], [5.838236, 49.52776], [5.838263, 49.527767], [5.838442, 49.527832], [5.838774, 49.527954], [5.839167, 49.528095], [5.839277, 49.528137], [5.839342, 49.528175], [5.839422, 49.528217], [5.839514, 49.52825], [5.839621, 49.5283], [5.83972, 49.52835], [5.839811, 49.52841], [5.839899, 49.528465], [5.839968, 49.528496], [5.840036, 49.528526], [5.840147, 49.52856], [5.840307, 49.52861], [5.84038, 49.528637], [5.840433, 49.52866], [5.840555, 49.528717], [5.840681, 49.52877], [5.840765, 49.5288], [5.840868, 49.52883], [5.841078, 49.52889], [5.84144, 49.528988], [5.841612, 49.529045], [5.841772, 49.529095], [5.842043, 49.529186], [5.842295, 49.529274], [5.842745, 49.529415], [5.843027, 49.5295], [5.843222, 49.529545], [5.843378, 49.529583], [5.843393, 49.52956], [5.843416, 49.52953], [5.843676, 49.5296], [5.843927, 49.529655], [5.844606, 49.529778], [5.844889, 49.529816], [5.845232, 49.52985], [5.845758, 49.529896], [5.845808, 49.529903], [5.845087, 49.530727], [5.844973, 49.530876], [5.844366, 49.531704], [5.84416, 49.531982], [5.843947, 49.532276], [5.843699, 49.532616], [5.843508, 49.532867], [5.843447, 49.532936], [5.843206, 49.533157], [5.842981, 49.533363], [5.842722, 49.53362], [5.842512, 49.533825], [5.842222, 49.534122], [5.842104, 49.53424], [5.842054, 49.534294], [5.842009, 49.53434], [5.841917, 49.534435], [5.841894, 49.53446], [5.841841, 49.534515], [5.841772, 49.53459], [5.841722, 49.53464], [5.841577, 49.534794], [5.841528, 49.534843], [5.841452, 49.534927], [5.841375, 49.535007], [5.841295, 49.53509], [5.841139, 49.535255], [5.840902, 49.535503], [5.840578, 49.53584], [5.840296, 49.536137], [5.839991, 49.53645], [5.839743, 49.536705], [5.839159, 49.537315], [5.839079, 49.53751], [5.838938, 49.53786], [5.838678, 49.53851], [5.838453, 49.539085], [5.838392, 49.539246], [5.838316, 49.539436], [5.838205, 49.539715], [5.838003, 49.540237], [5.837927, 49.54043], [5.837843, 49.54063], [5.837736, 49.540913], [5.837606, 49.54125], [5.837385, 49.541836], [5.83729, 49.542118], [5.837076, 49.542583], [5.836966, 49.542652], [5.836924, 49.542667], [5.836782, 49.542675], [5.836687, 49.54267], [5.836531, 49.54266], [5.836382, 49.54264], [5.83629, 49.54262], [5.836142, 49.54259], [5.835878, 49.542526], [5.835611, 49.54246], [5.835401, 49.54241], [5.835074, 49.54234], [5.8347, 49.542202], [5.834539, 49.54214], [5.834475, 49.542114], [5.834391, 49.542076], [5.834269, 49.542015], [5.83407, 49.541924], [5.833921, 49.54184], [5.833883, 49.541824], [5.833849, 49.541813], [5.833673, 49.541782], [5.833628, 49.541767], [5.833597, 49.54175], [5.833571, 49.541733], [5.833536, 49.54172], [5.833441, 49.541737], [5.832922, 49.54159], [5.832193, 49.54137], [5.831858, 49.541275], [5.831804, 49.541256], [5.83153, 49.541176], [5.830641, 49.541042], [5.829878, 49.540936], [5.829393, 49.54083], [5.828974, 49.54072], [5.828562, 49.540558], [5.828012, 49.540333], [5.828024, 49.540222], [5.82802, 49.540104], [5.82786, 49.540062], [5.827677, 49.540012], [5.827162, 49.539883], [5.826837, 49.53979], [5.826704, 49.539757], [5.825563, 49.539455], [5.825464, 49.539433], [5.825308, 49.539394], [5.825087, 49.539337], [5.824484, 49.53918], [5.824438, 49.53917], [5.824053, 49.538853], [5.823832, 49.538673], [5.823732, 49.5386], [5.823679, 49.53856], [5.82345, 49.538425], [5.822973, 49.538155], [5.822744, 49.538036], [5.822718, 49.538025], [5.82263, 49.538208], [5.822577, 49.538296], [5.822527, 49.53838], [5.822508, 49.538437], [5.8225, 49.538483], [5.822496, 49.538548], [5.822474, 49.538536], [5.822088, 49.538303], [5.821939, 49.538216], [5.821779, 49.538143], [5.821699, 49.538105], [5.821573, 49.538063], [5.821215, 49.537968], [5.820746, 49.53784], [5.820394, 49.53775], [5.820334, 49.537735], [5.820021, 49.53765], [5.819605, 49.53754], [5.81904, 49.537395], [5.818579, 49.537292], [5.818273, 49.537228], [5.817907, 49.537155], [5.817465, 49.53707], [5.81716, 49.537018], [5.817179, 49.537716], [5.816401, 49.53755], [5.816008, 49.537495], [5.815729, 49.538002], [5.815481, 49.53845], [5.815458, 49.53849], [5.815451, 49.538506], [5.815412, 49.538597], [5.815397, 49.53863], [5.815352, 49.538765], [5.815352, 49.538837], [5.815367, 49.538918], [5.815405, 49.539078], [5.815405, 49.53912], [5.81539, 49.53915], [5.815363, 49.539185], [5.815271, 49.53928], [5.815119, 49.539433], [5.815001, 49.539543], [5.814856, 49.539658], [5.814714, 49.53976], [5.81465, 49.539803], [5.814569, 49.53986], [5.814402, 49.539978], [5.814341, 49.54002], [5.814302, 49.540062], [5.81426, 49.54011], [5.814218, 49.54019], [5.814188, 49.54027], [5.81415, 49.54039], [5.814123, 49.54048], [5.814089, 49.54056], [5.814066, 49.540592], [5.814051, 49.540623], [5.813974, 49.540714], [5.813944, 49.540752], [5.81391, 49.5408], [5.813852, 49.54087], [5.813456, 49.5414], [5.813376, 49.541508], [5.813341, 49.54155], [5.813044, 49.541557], [5.812941, 49.541687], [5.81288, 49.541744], [5.812807, 49.541794], [5.812635, 49.541893], [5.812406, 49.541904], [5.812151, 49.54184], [5.811956, 49.541996], [5.811937, 49.54201], [5.808714, 49.540962], [5.80855, 49.54091], [5.808294, 49.541916], [5.808126, 49.54256]]]]}}]}