{"type": "FeatureCollection", "features": [{"type": "Feature", "properties": {"name": "Parc Hosingen"}, "geometry": {"type": "MultiPolygon", "coordinates": [[[[6.023325, 49.967743], [6.023333, 49.968], [6.023634, 49.968273], [6.023783, 49.96839], [6.023874, 49.96848], [6.023924, 49.968555], [6.024031, 49.96871], [6.024069, 49.968754], [6.024179, 49.968872], [6.024301, 49.968983], [6.024469, 49.969112], [6.024561, 49.969177], [6.024839, 49.96937], [6.02495, 49.969433], [6.025068, 49.969494], [6.025278, 49.969578], [6.025663, 49.96971], [6.025957, 49.9698], [6.026155, 49.969868], [6.026743, 49.970066], [6.027056, 49.970165], [6.027391, 49.970257], [6.02788, 49.970387], [6.02804, 49.97044], [6.028128, 49.970474], [6.028498, 49.97062], [6.028685, 49.970688], [6.028967, 49.970783], [6.029367, 49.970913], [6.029493, 49.970963], [6.029478, 49.970978], [6.029215, 49.971222], [6.029013, 49.971405], [6.028971, 49.971455], [6.028917, 49.971436], [6.028879, 49.971466], [6.028807, 49.97152], [6.028704, 49.971592], [6.028517, 49.97171], [6.028368, 49.971794], [6.027285, 49.972347], [6.027136, 49.972424], [6.02664, 49.972675], [6.025896, 49.973057], [6.02561, 49.97337], [6.025663, 49.973373], [6.025732, 49.973366], [6.025847, 49.973343], [6.025972, 49.973312], [6.026087, 49.973286], [6.026178, 49.973274], [6.026239, 49.973274], [6.026319, 49.97328], [6.026403, 49.973293], [6.026461, 49.97331], [6.026522, 49.97334], [6.026602, 49.97341], [6.02664, 49.973442], [6.026686, 49.973457], [6.026747, 49.973476], [6.026777, 49.97349], [6.026812, 49.97359], [6.026846, 49.97367], [6.026903, 49.97377], [6.026987, 49.973885], [6.027056, 49.973953], [6.027121, 49.974003], [6.027182, 49.97404], [6.027224, 49.97406], [6.027288, 49.974087], [6.027349, 49.97411], [6.027391, 49.974136], [6.027411, 49.97415], [6.027426, 49.974174], [6.027456, 49.974228], [6.027475, 49.97427], [6.027525, 49.97443], [6.027578, 49.974575], [6.02762, 49.97467], [6.027666, 49.974743], [6.027712, 49.9748], [6.027746, 49.97487], [6.027765, 49.97494], [6.027773, 49.97503], [6.027792, 49.975094], [6.027826, 49.975136], [6.027876, 49.97518], [6.02791, 49.97522], [6.027945, 49.975258], [6.027983, 49.975285], [6.028013, 49.975323], [6.028051, 49.97538], [6.028078, 49.97541], [6.02812, 49.975433], [6.028288, 49.975517], [6.028311, 49.975536], [6.028334, 49.97556], [6.02841, 49.975666], [6.028441, 49.9757], [6.028494, 49.97574], [6.028582, 49.975784], [6.028681, 49.97583], [6.02878, 49.97587], [6.02886, 49.9759], [6.0291, 49.975983], [6.029265, 49.976036], [6.029459, 49.976143], [6.029711, 49.976288], [6.029825, 49.97634], [6.02989, 49.976383], [6.030012, 49.9765], [6.030111, 49.976566], [6.030252, 49.97664], [6.03039, 49.976704], [6.030577, 49.976784], [6.030706, 49.976837], [6.030985, 49.976925], [6.031248, 49.977016], [6.031347, 49.97706], [6.031519, 49.977135], [6.031694, 49.977222], [6.031736, 49.977245], [6.031752, 49.977264], [6.031786, 49.977352], [6.031809, 49.97747], [6.031836, 49.977592], [6.031862, 49.97767], [6.031904, 49.97773], [6.031988, 49.97782], [6.032023, 49.97787], [6.032045, 49.97791], [6.032049, 49.97795], [6.032045, 49.978004], [6.031973, 49.97818], [6.031965, 49.978214], [6.031965, 49.978252], [6.032015, 49.978317], [6.032064, 49.97838], [6.032099, 49.9785], [6.032099, 49.978535], [6.032061, 49.97859], [6.032003, 49.97868], [6.031996, 49.978725], [6.032034, 49.978855], [6.032038, 49.978916], [6.032049, 49.97907], [6.032072, 49.97915], [6.032103, 49.979195], [6.032251, 49.97939], [6.032312, 49.979443], [6.032343, 49.979465], [6.0324, 49.979485], [6.032518, 49.97953], [6.032572, 49.97956], [6.032621, 49.979607], [6.032663, 49.979675], [6.032694, 49.97974], [6.032721, 49.979763], [6.032774, 49.979794], [6.032865, 49.979836], [6.033083, 49.979916], [6.033415, 49.980045], [6.033735, 49.980167], [6.033842, 49.980198], [6.034014, 49.98025], [6.034128, 49.980297], [6.034304, 49.98038], [6.034422, 49.980446], [6.034693, 49.98063], [6.034838, 49.980717], [6.035025, 49.98084], [6.035212, 49.98095], [6.035295, 49.981033], [6.035356, 49.981064], [6.035456, 49.98112], [6.035494, 49.981155], [6.035505, 49.98118], [6.035513, 49.981205], [6.035521, 49.981247], [6.035551, 49.981274], [6.035685, 49.981354], [6.035673, 49.98136], [6.035685, 49.981422], [6.035776, 49.981503], [6.03599, 49.981647], [6.036169, 49.98176], [6.03623, 49.98182], [6.036264, 49.98187], [6.03628, 49.981956], [6.036257, 49.982086], [6.036207, 49.982212], [6.036158, 49.982327], [6.036104, 49.982494], [6.036093, 49.98254], [6.036058, 49.982643], [6.036005, 49.982773], [6.03599, 49.98283], [6.036009, 49.982925], [6.036249, 49.983227], [6.036207, 49.983448], [6.0362, 49.98356], [6.036161, 49.98362], [6.035967, 49.983856], [6.035837, 49.98399], [6.035505, 49.984306], [6.035551, 49.98435], [6.035643, 49.984394], [6.035833, 49.984432], [6.035997, 49.984436], [6.0361, 49.9844], [6.036737, 49.984207], [6.037043, 49.98412], [6.037191, 49.9841], [6.037237, 49.984097], [6.037271, 49.984093], [6.037493, 49.984097], [6.037531, 49.9841], [6.037687, 49.984123], [6.037954, 49.984184], [6.038355, 49.9843], [6.038458, 49.984337], [6.038767, 49.98445], [6.038942, 49.98452], [6.03916, 49.984615], [6.039522, 49.984795], [6.039331, 49.985054], [6.039862, 49.98504], [6.040277, 49.985027], [6.040464, 49.98483], [6.040522, 49.98476], [6.040548, 49.98472], [6.040663, 49.98451], [6.04072, 49.984436], [6.04075, 49.984386], [6.04077, 49.984333], [6.040785, 49.98431], [6.040823, 49.98427], [6.040846, 49.98423], [6.040853, 49.984196], [6.040857, 49.984165], [6.040876, 49.984135], [6.040888, 49.984104], [6.040903, 49.98405], [6.040915, 49.984013], [6.040945, 49.983974], [6.040957, 49.983955], [6.040991, 49.98392], [6.041002, 49.983883], [6.041021, 49.983845], [6.041044, 49.983803], [6.041063, 49.983765], [6.041075, 49.983734], [6.041082, 49.983723], [6.041109, 49.983677], [6.041178, 49.983597], [6.041288, 49.983627], [6.041407, 49.983673], [6.041693, 49.983807], [6.04175, 49.983826], [6.041803, 49.983837], [6.041834, 49.98384], [6.041887, 49.983833], [6.042158, 49.983788], [6.042311, 49.983757], [6.042482, 49.983738], [6.042589, 49.983738], [6.042746, 49.983765], [6.042814, 49.983772], [6.042845, 49.983784], [6.042875, 49.983803], [6.042925, 49.98382], [6.042955, 49.983833], [6.042993, 49.983856], [6.043032, 49.98387], [6.043108, 49.98391], [6.043135, 49.983955], [6.043222, 49.98409], [6.043245, 49.98412], [6.043276, 49.98415], [6.04331, 49.984165], [6.043371, 49.98418], [6.043436, 49.98419], [6.043508, 49.984222], [6.04365, 49.98431], [6.043722, 49.984356], [6.043749, 49.98438], [6.043753, 49.98441], [6.04376, 49.98443], [6.043795, 49.98445], [6.043806, 49.98447], [6.043818, 49.984493], [6.043837, 49.98452], [6.043875, 49.984543], [6.044199, 49.98475], [6.044329, 49.984848], [6.044416, 49.98491], [6.044474, 49.98496], [6.044588, 49.985104], [6.044657, 49.985195], [6.044668, 49.98523], [6.044676, 49.985287], [6.044687, 49.985344], [6.044725, 49.98545], [6.044748, 49.985535], [6.044756, 49.985577], [6.044786, 49.985626], [6.044817, 49.985657], [6.04487, 49.985695], [6.044901, 49.985714], [6.044928, 49.985737], [6.044947, 49.985783], [6.044973, 49.98583], [6.045023, 49.985878], [6.045141, 49.985973], [6.045252, 49.986046], [6.045355, 49.98611], [6.045412, 49.98615], [6.045519, 49.98622], [6.045549, 49.986244], [6.045572, 49.986267], [6.045587, 49.986286], [6.045626, 49.98634], [6.045683, 49.986362], [6.04574, 49.98638], [6.045805, 49.986404], [6.045855, 49.98645], [6.045923, 49.98649], [6.046011, 49.98652], [6.046186, 49.986557], [6.046251, 49.986572], [6.046335, 49.9866], [6.046381, 49.98662], [6.046454, 49.986668], [6.046518, 49.98671], [6.046572, 49.98673], [6.046614, 49.986736], [6.046698, 49.986744], [6.046858, 49.986748], [6.04698, 49.986744], [6.047033, 49.986736], [6.047098, 49.986732], [6.047171, 49.986713], [6.047308, 49.986656], [6.047377, 49.98663], [6.047461, 49.9866], [6.047529, 49.986572], [6.047636, 49.98651], [6.047686, 49.986492], [6.047762, 49.98645], [6.047815, 49.98642], [6.04785, 49.986404], [6.047911, 49.986374], [6.048029, 49.986317], [6.048101, 49.9863], [6.048151, 49.986298], [6.048197, 49.986298], [6.048254, 49.98631], [6.048288, 49.98633], [6.048346, 49.986362], [6.048403, 49.986412], [6.048452, 49.986458], [6.048506, 49.98649], [6.048552, 49.986504], [6.048681, 49.98652], [6.049139, 49.98652], [6.049383, 49.98654], [6.049574, 49.9866], [6.049799, 49.986675], [6.050039, 49.986748], [6.050436, 49.986885], [6.050638, 49.986946], [6.050791, 49.986988], [6.050966, 49.98703], [6.051115, 49.987064], [6.051371, 49.987118], [6.051687, 49.98717], [6.051779, 49.98719], [6.051821, 49.98721], [6.051897, 49.987244], [6.052019, 49.98731], [6.052092, 49.987335], [6.052763, 49.987614], [6.053213, 49.987812], [6.053141, 49.9879], [6.05308, 49.98797], [6.053053, 49.988003], [6.052706, 49.988396], [6.052614, 49.98849], [6.052549, 49.988544], [6.052481, 49.988586], [6.052427, 49.98864], [6.05237, 49.988705], [6.052336, 49.98876], [6.052309, 49.988827], [6.052282, 49.988914], [6.052275, 49.988995], [6.052282, 49.98908], [6.052309, 49.989155], [6.052355, 49.98924], [6.052385, 49.989304], [6.052431, 49.98941], [6.052435, 49.98946], [6.052427, 49.98951], [6.052435, 49.989544], [6.052423, 49.989605], [6.052412, 49.989635], [6.052397, 49.98967], [6.052351, 49.989845], [6.052332, 49.989933], [6.052317, 49.990047], [6.052298, 49.99018], [6.05229, 49.990257], [6.052301, 49.990433], [6.052305, 49.99057], [6.05229, 49.99068], [6.052286, 49.990723], [6.052191, 49.991093], [6.052092, 49.991383], [6.051962, 49.99169], [6.051901, 49.99183], [6.051832, 49.99197], [6.051741, 49.992146], [6.051569, 49.992424], [6.051557, 49.99244], [6.051687, 49.992493], [6.05184, 49.992546], [6.052111, 49.992683], [6.052317, 49.992813], [6.052637, 49.993004], [6.052885, 49.993153], [6.053305, 49.9934], [6.053495, 49.99351], [6.053598, 49.993565], [6.053717, 49.99361], [6.05382, 49.99364], [6.0539, 49.99366], [6.054041, 49.993683], [6.054445, 49.99372], [6.054789, 49.993782], [6.054983, 49.993828], [6.055216, 49.993893], [6.055479, 49.99398], [6.055616, 49.994022], [6.055819, 49.994072], [6.056036, 49.994114], [6.056173, 49.99414], [6.056238, 49.99416], [6.056353, 49.994213], [6.05641, 49.994255], [6.056517, 49.99431], [6.056604, 49.994347], [6.05673, 49.994396], [6.056723, 49.994415], [6.05665, 49.99467], [6.056623, 49.994755], [6.056547, 49.994904], [6.056444, 49.99506], [6.056513, 49.995094], [6.056925, 49.995304], [6.057466, 49.995533], [6.057501, 49.99555], [6.057775, 49.99566], [6.058077, 49.995796], [6.058687, 49.99607], [6.058466, 49.996387], [6.058752, 49.996494], [6.059229, 49.99667], [6.058775, 49.997032], [6.058516, 49.99724], [6.058386, 49.997467], [6.058779, 49.99763], [6.059042, 49.997753], [6.059156, 49.997814], [6.059282, 49.997887], [6.059534, 49.99804], [6.059591, 49.99808], [6.059683, 49.99815], [6.059317, 49.998775], [6.059561, 49.998882], [6.059858, 49.999016], [6.060232, 49.999218], [6.060278, 49.999245], [6.060473, 49.999557], [6.060556, 49.9997], [6.060717, 49.999966], [6.060755, 50.000023], [6.060842, 50.00017], [6.06082, 50.00051], [6.060812, 50.000668], [6.060804, 50.000755], [6.060793, 50.000923], [6.060774, 50.00118], [6.060762, 50.00131], [6.060751, 50.00142], [6.06074, 50.001553], [6.06072, 50.001667], [6.060717, 50.0017], [6.060701, 50.00175], [6.060686, 50.001835], [6.060637, 50.00208], [6.060595, 50.002266], [6.060587, 50.00229], [6.060515, 50.002625], [6.060503, 50.002666], [6.0604, 50.00309], [6.060385, 50.00314], [6.060312, 50.003216], [6.060179, 50.00335], [6.059744, 50.003727], [6.059721, 50.00371], [6.059656, 50.003666], [6.059481, 50.003536], [6.059271, 50.003372], [6.059133, 50.003284], [6.058802, 50.003094], [6.058405, 50.00287], [6.058401, 50.002827], [6.058302, 50.00276], [6.058157, 50.002693], [6.058042, 50.00262], [6.057852, 50.002518], [6.057077, 50.00212], [6.056852, 50.002007], [6.056692, 50.00214], [6.056131, 50.00198], [6.056127, 50.001926], [6.056135, 50.001865], [6.05615, 50.00179], [6.056173, 50.001728], [6.056189, 50.00169], [6.056208, 50.001633], [6.056196, 50.001606], [6.05617, 50.00159], [6.056124, 50.001583], [6.055872, 50.00161], [6.055456, 50.001656], [6.055281, 50.00159], [6.05504, 50.001507], [6.054884, 50.00145], [6.054769, 50.001404], [6.054655, 50.00135], [6.054571, 50.0013], [6.054487, 50.00127], [6.05435, 50.001236], [6.05427, 50.001205], [6.05422, 50.001175], [6.054163, 50.001133], [6.054121, 50.00111], [6.054071, 50.001095], [6.053869, 50.001057], [6.05377, 50.001026], [6.053701, 50.000996], [6.053606, 50.000942], [6.053522, 50.000885], [6.053453, 50.000816], [6.053408, 50.00076], [6.053377, 50.000694], [6.053381, 50.000652], [6.053404, 50.000614], [6.053423, 50.000584], [6.053427, 50.00056], [6.053408, 50.000534], [6.053362, 50.000523], [6.053186, 50.00052], [6.053072, 50.000515], [6.05266, 50.000362], [6.05242, 50.000267], [6.051645, 49.999966], [6.05158, 49.99994], [6.051508, 49.99991], [6.051474, 49.999897], [6.050985, 49.999702], [6.050787, 49.999634], [6.050673, 49.9996], [6.050566, 49.999565], [6.050299, 49.9995], [6.050043, 49.999443], [6.049952, 49.99942], [6.049894, 49.9994], [6.049765, 49.999344], [6.0497, 49.99932], [6.049654, 49.99929], [6.049624, 49.999264], [6.049597, 49.999237], [6.049528, 49.999207], [6.049448, 49.999184], [6.049364, 49.99917], [6.049295, 49.999153], [6.04925, 49.999126], [6.049223, 49.99909], [6.049219, 49.99905], [6.049204, 49.99901], [6.049185, 49.998974], [6.049158, 49.998943], [6.049124, 49.998917], [6.049093, 49.99888], [6.04907, 49.99884], [6.049028, 49.998802], [6.048967, 49.99877], [6.048883, 49.998722], [6.04883, 49.998695], [6.048784, 49.998676], [6.04875, 49.998653], [6.048742, 49.998627], [6.048719, 49.998604], [6.048693, 49.9986], [6.04862, 49.99863], [6.04859, 49.998646], [6.048513, 49.998688], [6.048445, 49.99871], [6.048384, 49.998734], [6.048319, 49.998745], [6.048265, 49.998734], [6.04822, 49.99872], [6.048178, 49.998703], [6.048132, 49.9987], [6.048078, 49.998703], [6.048029, 49.9987], [6.047998, 49.998684], [6.047964, 49.998653], [6.047945, 49.99863], [6.047903, 49.998608], [6.047857, 49.998596], [6.047773, 49.998577], [6.04772, 49.998554], [6.047647, 49.998512], [6.047468, 49.998398], [6.047422, 49.998356], [6.047358, 49.99829], [6.0473, 49.99827], [6.047228, 49.99827], [6.047152, 49.998287], [6.047075, 49.9983], [6.047018, 49.998287], [6.047014, 49.99827], [6.047026, 49.99821], [6.047041, 49.998158], [6.047029, 49.998108], [6.046999, 49.998062], [6.046938, 49.998005], [6.046877, 49.99797], [6.046824, 49.997925], [6.046755, 49.99789], [6.046617, 49.997837], [6.046518, 49.997795], [6.046423, 49.997765], [6.046309, 49.99775], [6.046206, 49.99772], [6.046099, 49.997684], [6.045896, 49.997623], [6.045759, 49.997593], [6.045626, 49.997566], [6.04537, 49.99749], [6.045267, 49.99746], [6.045206, 49.99744], [6.045156, 49.997414], [6.045111, 49.997364], [6.045084, 49.9973], [6.045061, 49.997272], [6.044989, 49.997234], [6.044668, 49.99715], [6.044607, 49.99718], [6.044546, 49.997227], [6.04447, 49.997314], [6.04439, 49.997444], [6.044321, 49.99759], [6.044279, 49.997715], [6.044374, 49.997753], [6.044287, 49.997932], [6.044187, 49.99813], [6.044146, 49.998234], [6.044138, 49.99829], [6.044172, 49.998386], [6.044199, 49.998455], [6.044199, 49.998524], [6.04418, 49.998596], [6.044153, 49.998634], [6.044115, 49.998672], [6.044092, 49.9987], [6.0441, 49.99872], [6.04413, 49.99873], [6.044168, 49.998737], [6.044191, 49.99875], [6.044199, 49.998764], [6.044191, 49.998783], [6.044138, 49.998837], [6.044119, 49.998882], [6.044104, 49.998936], [6.044123, 49.998985], [6.044123, 49.999043], [6.044104, 49.999115], [6.044069, 49.99923], [6.044054, 49.999302], [6.044054, 49.999416], [6.044077, 49.999542], [6.044084, 49.99959], [6.044084, 49.999615], [6.044077, 49.99964], [6.044027, 49.999706], [6.043974, 49.999767], [6.043871, 49.999863], [6.043814, 49.999897], [6.043764, 49.99991], [6.043726, 49.999916], [6.043676, 49.999954], [6.043596, 50.00002], [6.043524, 50.000095], [6.043489, 50.000156], [6.043448, 50.000244], [6.043402, 50.000397], [6.04339, 50.000473], [6.043398, 50.000546], [6.043425, 50.000603], [6.043455, 50.00065], [6.043478, 50.000736], [6.043489, 50.000835], [6.043505, 50.001087], [6.043478, 50.00156], [6.043516, 50.001637], [6.043531, 50.001656], [6.043623, 50.00179], [6.043718, 50.00191], [6.043844, 50.00202], [6.043879, 50.002052], [6.043894, 50.002083], [6.043928, 50.002106], [6.043947, 50.00213], [6.043947, 50.00215], [6.043978, 50.002186], [6.043837, 50.002235], [6.043722, 50.002304], [6.04365, 50.002365], [6.043577, 50.00244], [6.043505, 50.00253], [6.043402, 50.002674], [6.043344, 50.002747], [6.043284, 50.002808], [6.043226, 50.002853], [6.043161, 50.002895], [6.043127, 50.00292], [6.043062, 50.00297], [6.042978, 50.00307], [6.04294, 50.003136], [6.042921, 50.003204], [6.04291, 50.00331], [6.042917, 50.003536], [6.042963, 50.003765], [6.042993, 50.00397], [6.042986, 50.003998], [6.042788, 50.004253], [6.042528, 50.004383], [6.042402, 50.00449], [6.042276, 50.004585], [6.042124, 50.00469], [6.042063, 50.00475], [6.04191, 50.004944], [6.041746, 50.00508], [6.041719, 50.005104], [6.0417, 50.005116], [6.041658, 50.00514], [6.041597, 50.00517], [6.041452, 50.005234], [6.04141, 50.00525], [6.041201, 50.005318], [6.040853, 50.005383], [6.040121, 50.0055], [6.040102, 50.005543], [6.040091, 50.005573], [6.040056, 50.005585], [6.039148, 50.00593], [6.038477, 50.00619], [6.038321, 50.006252], [6.038137, 50.00632], [6.038149, 50.00634], [6.037718, 50.006523], [6.037619, 50.006554], [6.037508, 50.006824], [6.037413, 50.007065], [6.037344, 50.007236], [6.037291, 50.007454], [6.037279, 50.007534], [6.037226, 50.00809], [6.037199, 50.00839], [6.037168, 50.00861], [6.037127, 50.00882], [6.0371, 50.008904], [6.037065, 50.008976], [6.037027, 50.00903], [6.036947, 50.009113], [6.036829, 50.009224], [6.036692, 50.009346], [6.03657, 50.009434], [6.036406, 50.00952], [6.036234, 50.009605], [6.036142, 50.009655], [6.036066, 50.009686], [6.035833, 50.009743], [6.036238, 50.009754], [6.036432, 50.00976], [6.036589, 50.009758], [6.036657, 50.009758], [6.036852, 50.009693], [6.036993, 50.009644], [6.037016, 50.009632], [6.037127, 50.009583], [6.037264, 50.009518], [6.037275, 50.00951], [6.037409, 50.00943], [6.037516, 50.009354], [6.03763, 50.00927], [6.037725, 50.009186], [6.037893, 50.00904], [6.038107, 50.009266], [6.038237, 50.009388], [6.038343, 50.00947], [6.038477, 50.009544], [6.039103, 50.00987], [6.039797, 50.01022], [6.040201, 50.010426], [6.040548, 50.010612], [6.041044, 50.010883], [6.041304, 50.01103], [6.041605, 50.011204], [6.041826, 50.011337], [6.04191, 50.011383], [6.041994, 50.01141], [6.042097, 50.011436], [6.042227, 50.011467], [6.042467, 50.011505], [6.042402, 50.011566], [6.04236, 50.01161], [6.042109, 50.011883], [6.042051, 50.011955], [6.042013, 50.012012], [6.041975, 50.01207], [6.04188, 50.012295], [6.041769, 50.01249], [6.041685, 50.012634], [6.04162, 50.01281], [6.04159, 50.012897], [6.041582, 50.012928], [6.04109, 50.01291], [6.040789, 50.01289], [6.040571, 50.01287], [6.040297, 50.012844], [6.039968, 50.01281], [6.039606, 50.012764], [6.03932, 50.012714], [6.038603, 50.012585], [6.038004, 50.01249], [6.037931, 50.01248], [6.037931, 50.0125], [6.037897, 50.013004], [6.037878, 50.013298], [6.037863, 50.013493], [6.037847, 50.013573], [6.037828, 50.013645], [6.037786, 50.013783], [6.037729, 50.013927], [6.037691, 50.014034], [6.037664, 50.014103], [6.037649, 50.014145], [6.037642, 50.014168], [6.037577, 50.014324], [6.037565, 50.01436], [6.037542, 50.014412], [6.037493, 50.01449], [6.037443, 50.014557], [6.037363, 50.014683], [6.037252, 50.014824], [6.037161, 50.014957], [6.036955, 50.015244], [6.03676, 50.015537], [6.036718, 50.01561], [6.036665, 50.0157], [6.036539, 50.015915], [6.036509, 50.015965], [6.036429, 50.016106], [6.036398, 50.01615], [6.036341, 50.016254], [6.036299, 50.016335], [6.036253, 50.016415], [6.036219, 50.01648], [6.036146, 50.016605], [6.036062, 50.016758], [6.036261, 50.016823], [6.036413, 50.01686], [6.036531, 50.016888], [6.036661, 50.01692], [6.036776, 50.01694], [6.036913, 50.01696], [6.037149, 50.01698], [6.037352, 50.016987], [6.037512, 50.016987], [6.037794, 50.016975], [6.038225, 50.016953], [6.038626, 50.016926], [6.038862, 50.016895], [6.039084, 50.016853], [6.039564, 50.01674], [6.041082, 50.016865], [6.041178, 50.016872], [6.041372, 50.01733], [6.041456, 50.017544], [6.041487, 50.01764], [6.041498, 50.017693], [6.04151, 50.01787], [6.04151, 50.01794], [6.041494, 50.018005], [6.041472, 50.018078], [6.041437, 50.018147], [6.041338, 50.018288], [6.041128, 50.018623], [6.041082, 50.018707], [6.041037, 50.018787], [6.040957, 50.01897], [6.040911, 50.019093], [6.040873, 50.01919], [6.040865, 50.019245], [6.040861, 50.0193], [6.040865, 50.019424], [6.040873, 50.01948], [6.040892, 50.019573], [6.040937, 50.019684], [6.041002, 50.019794], [6.04114, 50.01999], [6.041189, 50.020058], [6.041239, 50.020016], [6.041265, 50.019993], [6.041296, 50.019985], [6.04133, 50.01999], [6.041372, 50.02], [6.041494, 50.02006], [6.041575, 50.02009], [6.041624, 50.020103], [6.041685, 50.020115], [6.041792, 50.020115], [6.041929, 50.020096], [6.041983, 50.020096], [6.042063, 50.0201], [6.042124, 50.020115], [6.04217, 50.02013], [6.042192, 50.02013], [6.042604, 50.0202], [6.043039, 50.020287], [6.043364, 50.020336], [6.043798, 50.0204], [6.044195, 50.02046], [6.044374, 50.020493], [6.044668, 50.02057], [6.044897, 50.020634], [6.044928, 50.02064], [6.044981, 50.020645], [6.04505, 50.02066], [6.045275, 50.020733], [6.045424, 50.020786], [6.045534, 50.02083], [6.045637, 50.020866], [6.04587, 50.020927], [6.045889, 50.020935], [6.045954, 50.020927], [6.046007, 50.020935], [6.046072, 50.02095], [6.046148, 50.020973], [6.046232, 50.021008], [6.046343, 50.02107], [6.046411, 50.02113], [6.046465, 50.021194], [6.046511, 50.021225], [6.046503, 50.02124], [6.04635, 50.02148], [6.046362, 50.021492], [6.04648, 50.021553], [6.04735, 50.021866], [6.047365, 50.021843], [6.047396, 50.021805], [6.047369, 50.021675], [6.047388, 50.02168], [6.048075, 50.021935], [6.048033, 50.022076], [6.048021, 50.02211], [6.048006, 50.022163], [6.047964, 50.02225], [6.047895, 50.022358], [6.047857, 50.0224], [6.047808, 50.02245], [6.047743, 50.02249], [6.047636, 50.02256], [6.047594, 50.022583], [6.047579, 50.022594], [6.04756, 50.022602], [6.047541, 50.022617], [6.047518, 50.02264], [6.047468, 50.022686], [6.047449, 50.02272], [6.047426, 50.022778], [6.047419, 50.022858], [6.047422, 50.023], [6.04743, 50.02313], [6.047453, 50.0232], [6.047503, 50.02334], [6.047625, 50.023556], [6.047705, 50.02368], [6.047785, 50.023834], [6.047838, 50.023994], [6.047853, 50.024105], [6.047884, 50.024246], [6.047907, 50.02434], [6.04793, 50.024532], [6.047964, 50.024727], [6.047953, 50.02485], [6.048033, 50.024895], [6.048105, 50.02498], [6.04817, 50.025097], [6.048227, 50.025238], [6.048273, 50.025337], [6.0483, 50.025414], [6.048307, 50.025448], [6.048319, 50.025524], [6.048315, 50.02558], [6.0483, 50.025696], [6.0483, 50.02573], [6.048304, 50.02579], [6.048304, 50.025818], [6.0483, 50.025837], [6.048304, 50.025925], [6.048319, 50.0261], [6.048334, 50.026146], [6.048399, 50.02625], [6.048586, 50.02647], [6.048754, 50.026634], [6.048788, 50.02669], [6.048811, 50.02677], [6.048811, 50.026825], [6.048815, 50.026905], [6.048838, 50.026955], [6.048876, 50.027004], [6.048922, 50.027035], [6.048979, 50.02705], [6.049005, 50.02705], [6.049055, 50.02703], [6.049078, 50.027035], [6.049097, 50.027054], [6.049112, 50.027092], [6.049147, 50.02714], [6.049341, 50.027306], [6.04952, 50.027443], [6.049727, 50.027573], [6.04994, 50.027687], [6.050135, 50.027805], [6.050333, 50.0279], [6.050444, 50.02798], [6.050509, 50.028015], [6.05065, 50.028046], [6.050714, 50.028072], [6.051271, 50.028435], [6.051367, 50.028538], [6.051432, 50.028587], [6.051588, 50.02869], [6.051752, 50.028805], [6.051908, 50.028908], [6.051981, 50.028954], [6.052061, 50.02899], [6.052214, 50.029053], [6.052393, 50.029114], [6.052481, 50.02914], [6.052534, 50.02917], [6.052553, 50.029186], [6.052553, 50.029213], [6.052549, 50.02924], [6.052557, 50.02926], [6.052698, 50.029305], [6.052759, 50.029327], [6.052828, 50.029366], [6.053053, 50.02952], [6.053057, 50.029545], [6.05303, 50.02961], [6.053041, 50.029613], [6.053213, 50.029587], [6.053255, 50.02971], [6.05327, 50.029808], [6.053263, 50.02989], [6.053247, 50.029964], [6.053209, 50.030106], [6.053194, 50.030167], [6.053144, 50.030445], [6.053083, 50.030758], [6.05303, 50.03096], [6.053003, 50.03101], [6.052973, 50.031075], [6.052881, 50.031242], [6.052828, 50.031384], [6.052698, 50.031776], [6.052649, 50.031906], [6.052549, 50.03199], [6.052469, 50.032055], [6.052416, 50.0321], [6.052362, 50.03218], [6.052359, 50.0322], [6.052347, 50.032215], [6.052328, 50.03223], [6.052317, 50.03229], [6.052332, 50.03231], [6.052324, 50.032333], [6.052309, 50.032356], [6.052298, 50.032375], [6.052305, 50.0324], [6.052294, 50.032425], [6.052305, 50.032463], [6.052324, 50.032543], [6.052332, 50.032566], [6.052347, 50.03265], [6.052381, 50.032707], [6.052397, 50.03276], [6.05245, 50.032814], [6.052504, 50.032875], [6.05253, 50.032898], [6.052542, 50.032917], [6.052565, 50.032986], [6.052595, 50.033047], [6.05263, 50.033085], [6.052687, 50.033123], [6.052847, 50.03322], [6.052893, 50.033253], [6.052916, 50.033283], [6.052946, 50.033302], [6.052969, 50.03332], [6.052984, 50.03333], [6.053175, 50.033485], [6.053274, 50.03358], [6.053362, 50.03369], [6.053396, 50.03376], [6.053427, 50.033825], [6.053442, 50.0339], [6.053446, 50.03397], [6.053434, 50.03402], [6.053415, 50.03406], [6.053358, 50.034153], [6.05348, 50.034157], [6.053511, 50.034172], [6.053625, 50.034176], [6.053812, 50.034176], [6.054079, 50.034157], [6.054567, 50.034115], [6.054933, 50.03409], [6.055265, 50.03408], [6.055456, 50.03409], [6.055605, 50.03409], [6.055815, 50.034084], [6.056059, 50.034092], [6.056429, 50.03411], [6.056616, 50.034134], [6.056711, 50.03415], [6.056757, 50.034164], [6.056784, 50.034348], [6.056658, 50.034603], [6.056528, 50.034878], [6.05649, 50.035027], [6.056536, 50.035217], [6.056749, 50.035526], [6.05707, 50.035923], [6.057238, 50.036118], [6.057283, 50.03617], [6.057428, 50.036324], [6.057619, 50.036503], [6.057699, 50.03658], [6.05784, 50.036694], [6.057985, 50.036816], [6.058218, 50.037003], [6.058275, 50.03705], [6.058546, 50.03729], [6.058641, 50.03737], [6.058798, 50.03751], [6.058516, 50.03765], [6.058664, 50.03776], [6.058809, 50.03787], [6.059084, 50.03807], [6.059229, 50.038177], [6.059324, 50.038246], [6.059347, 50.03826], [6.059797, 50.038597], [6.060087, 50.038803], [6.060335, 50.038982], [6.060984, 50.038776], [6.061152, 50.03872], [6.061274, 50.038677], [6.061327, 50.03866], [6.061735, 50.03838], [6.061899, 50.03827], [6.062311, 50.038006], [6.062334, 50.037987], [6.062286, 50.038014], [6.061694, 50.037589], [6.061384, 50.037277], [6.060881, 50.036823], [6.060637, 50.03661], [6.060534, 50.03654], [6.060335, 50.036446], [6.060152, 50.036354], [6.060114, 50.03636], [6.059935, 50.03628], [6.059923, 50.036278], [6.059889, 50.036263], [6.059656, 50.03615], [6.059362, 50.035885], [6.059259, 50.03579], [6.05921, 50.035736], [6.059114, 50.03564], [6.059019, 50.035534], [6.058905, 50.035404], [6.05874, 50.035215], [6.058348, 50.034763], [6.058268, 50.03466], [6.058226, 50.034584], [6.058161, 50.034424], [6.058123, 50.034298], [6.058084, 50.034103], [6.058074, 50.034057], [6.05805, 50.033863], [6.058031, 50.033768], [6.057993, 50.033653], [6.057899, 50.03347], [6.057829, 50.033333], [6.057749, 50.033215], [6.057692, 50.033146], [6.057604, 50.033073], [6.057478, 50.03297], [6.057424, 50.032883], [6.057371, 50.032715], [6.057325, 50.032575], [6.057329, 50.032547], [6.057287, 50.032112], [6.057287, 50.03192], [6.057306, 50.03145], [6.057325, 50.03136], [6.057375, 50.031246], [6.057455, 50.03112], [6.057502, 50.031047], [6.057577, 50.030968], [6.057619, 50.0309], [6.05765, 50.030827], [6.057669, 50.030743], [6.057669, 50.03069], [6.057642, 50.030624], [6.057554, 50.0304], [6.057486, 50.030247], [6.057417, 50.030106], [6.05736, 50.030018], [6.057268, 50.029903], [6.057131, 50.029762], [6.0571, 50.02972], [6.057058, 50.029644], [6.057051, 50.02961], [6.057051, 50.02954], [6.057047, 50.029495], [6.057016, 50.029446], [6.056898, 50.029358], [6.056574, 50.02901], [6.056265, 50.028675], [6.056127, 50.02844], [6.055998, 50.02815], [6.055918, 50.027897], [6.055811, 50.027477], [6.0558, 50.027393], [6.055765, 50.02717], [6.055731, 50.026966], [6.056127, 50.02741], [6.056223, 50.027504], [6.056257, 50.027534], [6.056437, 50.027702], [6.056765, 50.028023], [6.05689, 50.02818], [6.057077, 50.028393], [6.05726, 50.02859], [6.057424, 50.02873], [6.057455, 50.02875], [6.057497, 50.028793], [6.057478, 50.02881], [6.057669, 50.028957], [6.057959, 50.029152], [6.058039, 50.029205], [6.058233, 50.02934], [6.058355, 50.029415], [6.058447, 50.029465], [6.059141, 50.029816], [6.059385, 50.029938], [6.059492, 50.029984], [6.059607, 50.03002], [6.059683, 50.030037], [6.059748, 50.030056], [6.059816, 50.030083], [6.059904, 50.03012], [6.059969, 50.03016], [6.060049, 50.030216], [6.060137, 50.03028], [6.060183, 50.03032], [6.060217, 50.030346], [6.060286, 50.030376], [6.060564, 50.03052], [6.060659, 50.03057], [6.060759, 50.03062], [6.060835, 50.030655], [6.060919, 50.030685], [6.061136, 50.03074], [6.061247, 50.03082], [6.061243, 50.03084], [6.061262, 50.030903], [6.061338, 50.030964], [6.061518, 50.03098], [6.061605, 50.031017], [6.061575, 50.03105], [6.061689, 50.03116], [6.061655, 50.031185], [6.061613, 50.031223], [6.06151, 50.03133], [6.06148, 50.031364], [6.061407, 50.031433], [6.061285, 50.031567], [6.061224, 50.031612], [6.061155, 50.03166], [6.061026, 50.03172], [6.060949, 50.031773], [6.060881, 50.03183], [6.06077, 50.031948], [6.060663, 50.03204], [6.060556, 50.032124], [6.060389, 50.03233], [6.060335, 50.032383], [6.060286, 50.032425], [6.060148, 50.032467], [6.060114, 50.032528], [6.060103, 50.03257], [6.060095, 50.032646], [6.060099, 50.032772], [6.060137, 50.032944], [6.060202, 50.033085], [6.060305, 50.03329], [6.06043, 50.033474], [6.06056, 50.033638], [6.060671, 50.03376], [6.060808, 50.033882], [6.060877, 50.03394], [6.060957, 50.033997], [6.06122, 50.034195], [6.061396, 50.03434], [6.061476, 50.03441], [6.061521, 50.034466], [6.061552, 50.034515], [6.061575, 50.034554], [6.061605, 50.03458], [6.06172, 50.03466], [6.062086, 50.03493], [6.062292, 50.035072], [6.062307, 50.03509], [6.062338, 50.035114], [6.062365, 50.035126], [6.062418, 50.035168], [6.062555, 50.035267], [6.062567, 50.035286], [6.062601, 50.035313], [6.062658, 50.03534], [6.062757, 50.035393], [6.062807, 50.03542], [6.062864, 50.035446], [6.062925, 50.03548], [6.062979, 50.03552], [6.06304, 50.035572], [6.063116, 50.03563], [6.063448, 50.035824], [6.063585, 50.035908], [6.063684, 50.035965], [6.063776, 50.036007], [6.06391, 50.03606], [6.064035, 50.03612], [6.064093, 50.036163], [6.064142, 50.03619], [6.064218, 50.036224], [6.064333, 50.0363], [6.064485, 50.036366], [6.064653, 50.03643], [6.06481, 50.036484], [6.064882, 50.03652], [6.064913, 50.03653], [6.064978, 50.036552], [6.065016, 50.036575], [6.065214, 50.03672], [6.065351, 50.036797], [6.065523, 50.036884], [6.06563, 50.03694], [6.065718, 50.037003], [6.065836, 50.037064], [6.065908, 50.037113], [6.066015, 50.037197], [6.066103, 50.03725], [6.066194, 50.037304], [6.066282, 50.03737], [6.066408, 50.037457], [6.06653, 50.037537], [6.066595, 50.037582], [6.066633, 50.037605], [6.066664, 50.037647], [6.066679, 50.037712], [6.066679, 50.0378], [6.066702, 50.037846], [6.066839, 50.038006], [6.066912, 50.0381], [6.066935, 50.038166], [6.066954, 50.03824], [6.066992, 50.03826], [6.067068, 50.03831], [6.067161, 50.038377], [6.067419, 50.038563], [6.067762, 50.03866], [6.068026, 50.038746], [6.068106, 50.03878], [6.068178, 50.038795], [6.068266, 50.038803], [6.068354, 50.038815], [6.06838, 50.038822], [6.06846, 50.03889], [6.068514, 50.038925], [6.068571, 50.03895], [6.06872, 50.039005], [6.06877, 50.03903], [6.06896, 50.03911], [6.069014, 50.039124], [6.069094, 50.03914], [6.069204, 50.039154], [6.069304, 50.039177], [6.06941, 50.03921], [6.069509, 50.03923], [6.069605, 50.03925], [6.069647, 50.03929], [6.069723, 50.039356], [6.06975, 50.039368], [6.069964, 50.039356], [6.070208, 50.039417], [6.070391, 50.039444], [6.070562, 50.03947], [6.070646, 50.039486], [6.070822, 50.039516], [6.070898, 50.039536], [6.070948, 50.03955], [6.070921, 50.039577], [6.07078, 50.039757], [6.070639, 50.039925], [6.070486, 50.04012], [6.070398, 50.0402], [6.070192, 50.040363], [6.070154, 50.040394], [6.070086, 50.040474], [6.070063, 50.040504], [6.069986, 50.0406], [6.069818, 50.040836], [6.069536, 50.041298], [6.069162, 50.04122], [6.068979, 50.041183], [6.068518, 50.041096], [6.068239, 50.041042], [6.067919, 50.04097], [6.067854, 50.041122], [6.0678, 50.041252], [6.067667, 50.041553], [6.067484, 50.04195], [6.067473, 50.04197], [6.068235, 50.042408], [6.068663, 50.04267], [6.068785, 50.042744], [6.068899, 50.04281], [6.068964, 50.04284], [6.068991, 50.04283], [6.069223, 50.042896], [6.069658, 50.04301], [6.070009, 50.043113], [6.070116, 50.043144], [6.070368, 50.04322], [6.07052, 50.043274], [6.070833, 50.04339], [6.071116, 50.043484], [6.071541, 50.043599], [6.071886, 50.04367], [6.072378, 50.043774], [6.072401, 50.04378], [6.072481, 50.043797], [6.072748, 50.043858], [6.072924, 50.04389], [6.073034, 50.04392], [6.073141, 50.04394], [6.0734, 50.04399], [6.073675, 50.04401], [6.073919, 50.04409], [6.074243, 50.044197], [6.074541, 50.044296], [6.074907, 50.04442], [6.075235, 50.044525], [6.07554, 50.044624], [6.075827, 50.044716], [6.076319, 50.044876], [6.076368, 50.04476], [6.076399, 50.044693], [6.076464, 50.044548], [6.07649, 50.044495], [6.07662, 50.044228], [6.076784, 50.043896], [6.077063, 50.043385], [6.077139, 50.04324], [6.077463, 50.04249], [6.077497, 50.042492], [6.077517, 50.0425], [6.077936, 50.042557], [6.078134, 50.042652], [6.078283, 50.042717], [6.07855, 50.042812], [6.078672, 50.042854], [6.078825, 50.04293], [6.078958, 50.04299], [6.079248, 50.043087], [6.079001, 50.04324], [6.079897, 50.043697], [6.080389, 50.04364], [6.080828, 50.04387], [6.081602, 50.044285], [6.081942, 50.044464], [6.082186, 50.0446], [6.082304, 50.044693], [6.082399, 50.04477], [6.082548, 50.044968], [6.08267, 50.04512], [6.082724, 50.04518], [6.082846, 50.04527], [6.083075, 50.045403], [6.083166, 50.04546], [6.083273, 50.0455], [6.083464, 50.04557], [6.083727, 50.045643], [6.08388, 50.04568], [6.084005, 50.045704], [6.084021, 50.045708], [6.08404, 50.045727], [6.084013, 50.04595], [6.084005, 50.046074], [6.084017, 50.046238], [6.084036, 50.046337], [6.084059, 50.04644], [6.084066, 50.046455], [6.084097, 50.04646], [6.084154, 50.04645], [6.0842, 50.046444], [6.084967, 50.046333], [6.085001, 50.04633], [6.085703, 50.046234], [6.086325, 50.046146], [6.086451, 50.04613], [6.086477, 50.046127], [6.087057, 50.046043], [6.087133, 50.04605], [6.087213, 50.04605], [6.087282, 50.046066], [6.087381, 50.046078], [6.087565, 50.046074], [6.087736, 50.04606], [6.087851, 50.046036], [6.087908, 50.046032], [6.08803, 50.046047], [6.088125, 50.046055], [6.088221, 50.04606], [6.088301, 50.04605], [6.0884, 50.046032], [6.088774, 50.045998], [6.088827, 50.04599], [6.088877, 50.04597], [6.088942, 50.045956], [6.088972, 50.045948], [6.089373, 50.04602], [6.089437, 50.046043], [6.089609, 50.046124], [6.089682, 50.04616], [6.08975, 50.046215], [6.089815, 50.046253], [6.089895, 50.046288], [6.090036, 50.046356], [6.090063, 50.046368], [6.09038, 50.046528], [6.090445, 50.04656], [6.090486, 50.04659], [6.090548, 50.046623], [6.090582, 50.046646], [6.090658, 50.046677], [6.090704, 50.04669], [6.090754, 50.04669], [6.090864, 50.04668], [6.09099, 50.046665], [6.091051, 50.04666], [6.091139, 50.046665], [6.091238, 50.046688], [6.091326, 50.046722], [6.09141, 50.04676], [6.091505, 50.04681], [6.091574, 50.046837], [6.091635, 50.04685], [6.091707, 50.046856], [6.091837, 50.04687], [6.091871, 50.046886], [6.091925, 50.04692], [6.091978, 50.046963], [6.092092, 50.04701], [6.092226, 50.047035], [6.092356, 50.047047], [6.092524, 50.047073], [6.0926, 50.047077], [6.092661, 50.047073], [6.092707, 50.047085], [6.092737, 50.0471], [6.092806, 50.047104], [6.09284, 50.0471], [6.092955, 50.04706], [6.093058, 50.04702], [6.093115, 50.047005], [6.09318, 50.04701], [6.093382, 50.047047], [6.093447, 50.04705], [6.093508, 50.047043], [6.093596, 50.047016], [6.093679, 50.046978], [6.093718, 50.046947], [6.093741, 50.046913], [6.093759, 50.04689], [6.093809, 50.046867], [6.093832, 50.046886], [6.093859, 50.04689], [6.093904, 50.04688], [6.094015, 50.046833], [6.094057, 50.04682], [6.094126, 50.04682], [6.094171, 50.04681], [6.094221, 50.046783], [6.094263, 50.04677], [6.094347, 50.046772], [6.0944, 50.046757], [6.094439, 50.046738], [6.094473, 50.046715], [6.094542, 50.046722], [6.094564, 50.046688], [6.094591, 50.046673], [6.094686, 50.046658], [6.094877, 50.046623], [6.094908, 50.046616], [6.094927, 50.04662], [6.094953, 50.04664], [6.095007, 50.046642], [6.095236, 50.046623], [6.095308, 50.046623], [6.095365, 50.046616], [6.095423, 50.046604], [6.095499, 50.046597], [6.095564, 50.046597], [6.095621, 50.04659], [6.095663, 50.04657], [6.09569, 50.046577], [6.095728, 50.04659], [6.0958, 50.04659], [6.095877, 50.0466], [6.095961, 50.04662], [6.09617, 50.046677], [6.096239, 50.046703], [6.096292, 50.04674], [6.096338, 50.046764], [6.096384, 50.046783], [6.096571, 50.046814], [6.096655, 50.04683], [6.096716, 50.046856], [6.096842, 50.04694], [6.096891, 50.04697], [6.097002, 50.047005], [6.097082, 50.047024], [6.097162, 50.047024], [6.097223, 50.047035], [6.097338, 50.047073], [6.097349, 50.047092], [6.097338, 50.047115], [6.097357, 50.047146], [6.097399, 50.04719], [6.097437, 50.04722], [6.097464, 50.047226], [6.097475, 50.047234], [6.09749, 50.047264], [6.097525, 50.0473], [6.097586, 50.047337], [6.097662, 50.047367], [6.097727, 50.047386], [6.097849, 50.047417], [6.098177, 50.047485], [6.098207, 50.0475], [6.098226, 50.047523], [6.098238, 50.047554], [6.098276, 50.047577], [6.098314, 50.04759], [6.098406, 50.047592], [6.09844, 50.047604], [6.098475, 50.047638], [6.098509, 50.047653], [6.098581, 50.047676], [6.098665, 50.047688], [6.098764, 50.047695], [6.098826, 50.047707], [6.098902, 50.047726], [6.099001, 50.047802], [6.099035, 50.047832], [6.099077, 50.04787], [6.099127, 50.047897], [6.099188, 50.04791], [6.099215, 50.047905], [6.09926, 50.047874], [6.099295, 50.047863], [6.099356, 50.047855], [6.099424, 50.047848], [6.099558, 50.04785], [6.099668, 50.04787], [6.09971, 50.04787], [6.100065, 50.047874], [6.10018, 50.04788], [6.100241, 50.04789], [6.100313, 50.047882], [6.100367, 50.047874], [6.100424, 50.047886], [6.100485, 50.047905], [6.100542, 50.047916], [6.100607, 50.047924], [6.100729, 50.047916], [6.100817, 50.047916], [6.100862, 50.04793], [6.10092, 50.04796], [6.100962, 50.047974], [6.101049, 50.04798], [6.101133, 50.04799], [6.101179, 50.048004], [6.101252, 50.04803], [6.101309, 50.048046], [6.101278, 50.048172], [6.101225, 50.04838], [6.101168, 50.048523], [6.101038, 50.048775], [6.10079, 50.049183], [6.100832, 50.049286], [6.100924, 50.049534], [6.100962, 50.049633], [6.101179, 50.050014], [6.101343, 50.050312], [6.101419, 50.050446], [6.101439, 50.050472], [6.101503, 50.050583], [6.101706, 50.050907], [6.101587, 50.050934], [6.101484, 50.05097], [6.101503, 50.050983], [6.101759, 50.05108], [6.102793, 50.051464], [6.103365, 50.05167], [6.103525, 50.051727], [6.10364, 50.051785], [6.103846, 50.0519], [6.103914, 50.051933], [6.104105, 50.052048], [6.104216, 50.052124], [6.104299, 50.05218], [6.104387, 50.052258], [6.104536, 50.052387], [6.10459, 50.05242], [6.104631, 50.052444], [6.104807, 50.052513], [6.105009, 50.052586], [6.105162, 50.052643], [6.105226, 50.05267], [6.105284, 50.0527], [6.105333, 50.052734], [6.105394, 50.052753], [6.105497, 50.05279], [6.105547, 50.05281], [6.105623, 50.052845], [6.105852, 50.052944], [6.106115, 50.053043], [6.106215, 50.053078], [6.106256, 50.05309], [6.10742, 50.053234], [6.107515, 50.053326], [6.107714, 50.053497], [6.107782, 50.053555], [6.107878, 50.053593], [6.108034, 50.05363], [6.108126, 50.05365], [6.108213, 50.053673], [6.108278, 50.0537], [6.108389, 50.05375], [6.108461, 50.053776], [6.108583, 50.05381], [6.108648, 50.053833], [6.108683, 50.05385], [6.108728, 50.053875], [6.108816, 50.053925], [6.108954, 50.05399], [6.109117, 50.054066], [6.10919, 50.05411], [6.109213, 50.054123], [6.109308, 50.05419], [6.109396, 50.054256], [6.109469, 50.0543], [6.109549, 50.054337], [6.109636, 50.05437], [6.109674, 50.054382], [6.109713, 50.054405], [6.109804, 50.054455], [6.109846, 50.054485], [6.109899, 50.054527], [6.109976, 50.05457], [6.11001, 50.05459], [6.110056, 50.054615], [6.110079, 50.05464], [6.11009, 50.054665], [6.110121, 50.054695], [6.110167, 50.05472], [6.110216, 50.05474], [6.110254, 50.05476], [6.1103, 50.054794], [6.11035, 50.05482], [6.110403, 50.054855], [6.110441, 50.054893], [6.110495, 50.05493], [6.110552, 50.054966], [6.110571, 50.055], [6.110609, 50.05503], [6.110655, 50.055077], [6.110685, 50.055096], [6.110723, 50.05511], [6.110762, 50.055126], [6.110796, 50.05515], [6.110826, 50.05517], [6.110857, 50.055172], [6.110903, 50.055176], [6.110987, 50.055214], [6.11104, 50.05522], [6.11109, 50.05523], [6.111151, 50.055244], [6.111193, 50.055256], [6.111246, 50.05527], [6.111277, 50.055283], [6.111322, 50.05528], [6.111372, 50.055267], [6.111517, 50.055267], [6.111578, 50.05528], [6.111631, 50.05529], [6.111704, 50.055286], [6.111765, 50.05528], [6.111822, 50.055275], [6.111902, 50.055283], [6.111948, 50.055286], [6.112013, 50.05528], [6.11207, 50.055267], [6.112108, 50.05526], [6.112139, 50.055264], [6.112177, 50.055283], [6.112215, 50.05531], [6.112268, 50.055325], [6.112345, 50.05534], [6.112467, 50.05536], [6.11273, 50.055428], [6.112894, 50.055473], [6.113089, 50.055515], [6.113199, 50.05554], [6.113321, 50.055553], [6.113367, 50.05557], [6.113401, 50.055576], [6.113493, 50.055622], [6.113546, 50.055653], [6.113573, 50.055664], [6.113607, 50.055664], [6.113672, 50.055687], [6.113695, 50.055702], [6.113722, 50.055733], [6.113745, 50.055756], [6.113771, 50.055767], [6.11381, 50.055805], [6.11384, 50.055817], [6.113878, 50.05583], [6.113913, 50.055836], [6.113951, 50.05584], [6.113996, 50.055843], [6.114019, 50.055843], [6.114039, 50.055862], [6.114039, 50.05589], [6.114046, 50.055904], [6.114073, 50.05591], [6.114263, 50.055935], [6.11429, 50.05595], [6.114336, 50.055973], [6.114367, 50.05599], [6.114408, 50.056], [6.114462, 50.055996], [6.114519, 50.056], [6.114565, 50.05601], [6.114607, 50.056026], [6.114649, 50.05605], [6.114691, 50.056057], [6.114737, 50.05607], [6.114782, 50.05606], [6.114824, 50.056046], [6.114859, 50.056046], [6.114908, 50.05606], [6.114935, 50.05608], [6.114958, 50.056103], [6.114977, 50.056114], [6.115011, 50.056118], [6.115068, 50.056114], [6.115118, 50.05611], [6.115145, 50.0561], [6.115171, 50.05607], [6.115194, 50.05606], [6.115255, 50.056057], [6.115301, 50.056046], [6.115335, 50.056046], [6.115389, 50.056057], [6.115427, 50.05608], [6.115469, 50.05609], [6.115484, 50.056107], [6.115492, 50.05612], [6.115522, 50.056126], [6.11556, 50.05613], [6.115583, 50.05614], [6.11561, 50.05617], [6.115645, 50.056187], [6.11569, 50.056206], [6.115759, 50.056213], [6.115816, 50.056213], [6.115877, 50.056206], [6.115923, 50.056213], [6.11595, 50.056232], [6.115988, 50.056263], [6.116022, 50.056297], [6.116106, 50.056366], [6.116133, 50.05638], [6.116175, 50.056396], [6.116217, 50.056408], [6.116262, 50.05642], [6.116308, 50.05644], [6.116354, 50.05645], [6.116423, 50.05647], [6.116484, 50.056496], [6.116537, 50.05651], [6.116556, 50.056526], [6.116571, 50.056553], [6.116598, 50.056572], [6.116648, 50.056595], [6.116697, 50.056633], [6.116732, 50.056654], [6.1173, 50.056456], [6.117762, 50.056333], [6.118425, 50.056456], [6.119597, 50.056417], [6.119703, 50.056444], [6.119806, 50.056478], [6.119875, 50.056505], [6.120001, 50.056559], [6.120272, 50.056761], [6.120375, 50.05686], [6.120497, 50.056993], [6.120562, 50.057108], [6.120634, 50.057406], [6.120661, 50.057436], [6.12063, 50.057703], [6.120619, 50.057829], [6.120623, 50.057921], [6.120638, 50.057993], [6.120676, 50.058062], [6.120657, 50.058306], [6.120634, 50.058641], [6.120626, 50.058714], [6.120607, 50.058943], [6.120424, 50.059206], [6.120405, 50.05924], [6.120321, 50.059393], [6.120321, 50.059599], [6.120382, 50.059675], [6.120634, 50.060076], [6.120813, 50.060118], [6.120867, 50.060133], [6.121283, 50.060305], [6.121672, 50.060392], [6.121931, 50.060385], [6.12266, 50.060289], [6.122831, 50.060263], [6.123232, 50.060198], [6.123594, 50.060049], [6.123655, 50.059977], [6.123941, 50.059809], [6.124056, 50.059656], [6.124124, 50.059458], [6.124136, 50.05934], [6.124124, 50.058943], [6.124147, 50.05879], [6.124144, 50.058676], [6.124132, 50.05863], [6.124025, 50.05831], [6.123991, 50.058233], [6.123957, 50.058188], [6.123812, 50.05802], [6.12377, 50.05794], [6.123617, 50.057726], [6.12351, 50.057573], [6.123339, 50.057253], [6.123323, 50.05715], [6.123205, 50.056967], [6.123159, 50.056898], [6.123011, 50.056677], [6.122969, 50.05662], [6.122675, 50.056299], [6.122564, 50.056166], [6.122423, 50.055979], [6.122404, 50.055952], [6.122396, 50.05591], [6.122408, 50.055811], [6.122328, 50.055788], [6.122396, 50.055754], [6.122385, 50.055746], [6.122335, 50.055708], [6.122293, 50.055735], [6.122137, 50.055616], [6.121973, 50.055513], [6.121881, 50.055452], [6.121687, 50.055277], [6.121607, 50.055197], [6.12129, 50.054865], [6.121042, 50.054613], [6.120874, 50.054224], [6.120997, 50.054026], [6.121031, 50.053808], [6.12105, 50.053694], [6.12108, 50.053579], [6.121126, 50.053415], [6.121168, 50.05327], [6.121218, 50.053137], [6.121256, 50.053049], [6.121302, 50.052946], [6.121405, 50.052706], [6.121466, 50.052603], [6.121519, 50.052526], [6.121645, 50.052404], [6.121794, 50.052271], [6.121935, 50.052221], [6.122133, 50.05213], [6.12221, 50.052092], [6.12253, 50.051935], [6.122953, 50.051779], [6.123152, 50.051718], [6.123972, 50.051477], [6.124117, 50.051428], [6.124266, 50.051374], [6.124376, 50.051317], [6.124525, 50.051241], [6.124708, 50.051142], [6.124846, 50.051062], [6.124964, 50.050978], [6.125036, 50.05092], [6.125189, 50.050783], [6.125273, 50.050699], [6.12541, 50.05052], [6.125547, 50.050333], [6.12565, 50.050177], [6.125898, 50.049902], [6.125963, 50.049826], [6.125998, 50.049784], [6.126024, 50.049753], [6.126127, 50.04965], [6.126173, 50.049597], [6.126242, 50.049505], [6.126307, 50.049425], [6.12636, 50.049337], [6.126368, 50.049318], [6.126394, 50.049246], [6.126444, 50.049139], [6.126497, 50.049021], [6.126562, 50.048868], [6.126768, 50.048532], [6.126989, 50.04822], [6.127119, 50.047972], [6.127314, 50.047743], [6.127604, 50.047411], [6.12771, 50.047289], [6.127878, 50.047106], [6.127928, 50.047049], [6.128042, 50.046923], [6.128477, 50.04656], [6.129087, 50.045916], [6.129202, 50.045797], [6.129267, 50.04574], [6.129507, 50.045546], [6.129763, 50.045305], [6.129885, 50.045198], [6.130182, 50.044981], [6.130339, 50.044867], [6.130392, 50.044828], [6.130747, 50.044497], [6.131113, 50.044157], [6.131285, 50.044031], [6.131441, 50.04389], [6.13162, 50.043764], [6.131792, 50.043642], [6.132212, 50.043348], [6.132567, 50.042978], [6.132658, 50.042879], [6.13283, 50.0427], [6.132921, 50.042502], [6.132956, 50.042437], [6.132982, 50.042383], [6.133074, 50.042299], [6.133135, 50.042234], [6.133203, 50.04215], [6.133333, 50.041987], [6.133413, 50.041876], [6.133516, 50.041712], [6.133772, 50.0413], [6.133787, 50.041105], [6.13394, 50.040907], [6.134172, 50.040529], [6.134249, 50.040388], [6.134291, 50.0403], [6.134317, 50.040247], [6.134417, 50.039892], [6.134428, 50.039854], [6.134321, 50.03961], [6.134317, 50.039541], [6.134314, 50.039331], [6.134306, 50.039282], [6.134295, 50.039255], [6.134123, 50.039019], [6.133947, 50.038778], [6.13378, 50.038546], [6.133654, 50.038404], [6.13347, 50.038202], [6.133409, 50.038134], [6.133295, 50.037947], [6.13315, 50.037725], [6.133097, 50.037657], [6.132986, 50.037523], [6.132658, 50.037172], [6.132448, 50.036955], [6.132422, 50.036909], [6.132376, 50.036814], [6.132353, 50.036745], [6.132315, 50.036615], [6.132288, 50.036531], [6.132265, 50.036352], [6.132254, 50.036158], [6.132231, 50.035505], [6.132185, 50.035173], [6.132173, 50.035063], [6.132139, 50.03496], [6.132093, 50.034849], [6.132036, 50.034742], [6.131987, 50.034681], [6.131971, 50.034662], [6.131876, 50.034574], [6.131765, 50.034475], [6.131483, 50.034235], [6.131262, 50.034079], [6.130926, 50.033762], [6.130812, 50.033659], [6.130758, 50.03359], [6.13069, 50.033476], [6.130545, 50.033197], [6.130304, 50.032961], [6.13019, 50.03277], [6.129973, 50.032419], [6.129873, 50.032251], [6.129759, 50.032053], [6.129614, 50.031778], [6.129606, 50.031755], [6.129595, 50.031664], [6.129583, 50.031469], [6.129587, 50.031252], [6.129587, 50.031229], [6.129587, 50.031206], [6.129591, 50.031042], [6.129541, 50.031042], [6.129549, 50.030878], [6.129557, 50.030634], [6.129561, 50.0305], [6.129694, 50.030046], [6.129759, 50.029875], [6.12982, 50.029768], [6.130144, 50.029272], [6.130209, 50.029253], [6.130274, 50.029226], [6.130327, 50.029196], [6.13043, 50.029135], [6.130705, 50.028948], [6.130827, 50.028879], [6.131002, 50.028784], [6.131201, 50.028681], [6.131514, 50.02854], [6.131777, 50.028421], [6.132021, 50.028326], [6.1322, 50.028254], [6.132292, 50.028208], [6.132586, 50.028048], [6.132837, 50.027945], [6.133093, 50.027822], [6.133314, 50.027708], [6.13339, 50.02767], [6.133818, 50.027487], [6.134043, 50.027388], [6.134455, 50.027231], [6.134523, 50.027212], [6.134886, 50.027105], [6.13529, 50.026945], [6.135519, 50.026869], [6.135881, 50.026754], [6.136126, 50.026663], [6.136389, 50.026564], [6.136812, 50.026403], [6.137106, 50.026381], [6.137693, 50.0259], [6.137896, 50.025831], [6.13801, 50.025785], [6.138189, 50.025709], [6.138235, 50.025675], [6.1383, 50.025629], [6.138632, 50.025591], [6.138685, 50.025583], [6.138842, 50.025518], [6.139025, 50.025438], [6.139219, 50.025351], [6.139357, 50.025286], [6.139498, 50.025213], [6.139727, 50.02508], [6.139906, 50.025011], [6.139955, 50.024988], [6.13999, 50.02498], [6.140192, 50.024912], [6.140642, 50.024778], [6.141813, 50.02466], [6.141913, 50.024641], [6.142012, 50.024611], [6.142092, 50.024584], [6.142153, 50.024557], [6.142431, 50.024515], [6.142912, 50.024454], [6.142931, 50.02445], [6.14303, 50.024439], [6.143152, 50.024412], [6.143248, 50.024386], [6.143312, 50.024366], [6.143404, 50.024305], [6.14353, 50.024218], [6.143656, 50.024115], [6.143766, 50.024019], [6.14385, 50.023928], [6.143896, 50.023871], [6.143942, 50.023809], [6.144098, 50.023748], [6.144175, 50.02371], [6.144259, 50.023664], [6.144346, 50.023611], [6.144804, 50.023401], [6.144857, 50.023367], [6.145083, 50.023203], [6.145193, 50.023138], [6.145246, 50.023104], [6.145365, 50.023046], [6.145487, 50.022943], [6.145563, 50.022871], [6.145678, 50.022867], [6.145849, 50.022695], [6.145903, 50.022627], [6.145945, 50.022547], [6.145968, 50.022478], [6.145979, 50.022425], [6.145968, 50.022364], [6.145952, 50.022314], [6.14591, 50.022242], [6.145853, 50.022158], [6.145513, 50.021704], [6.145437, 50.021555], [6.145346, 50.021463], [6.145289, 50.021402], [6.144987, 50.021116], [6.144606, 50.020742], [6.144247, 50.020388], [6.144159, 50.020319], [6.143923, 50.020155], [6.143751, 50.020056], [6.143461, 50.019896], [6.143309, 50.0198], [6.143118, 50.019686], [6.142904, 50.019545], [6.142733, 50.019422], [6.142549, 50.019293], [6.142397, 50.019182], [6.142328, 50.019129], [6.141977, 50.018866], [6.14192, 50.018824], [6.141886, 50.01874], [6.141794, 50.018621], [6.141733, 50.018553], [6.141657, 50.018484], [6.141577, 50.018431], [6.141298, 50.018255], [6.140905, 50.018011], [6.140211, 50.017832], [6.140177, 50.017874], [6.139627, 50.017633], [6.139566, 50.017599], [6.139513, 50.017561], [6.13949, 50.017542], [6.139402, 50.017469], [6.139364, 50.017435], [6.139227, 50.017305], [6.138987, 50.017073], [6.138762, 50.01679], [6.138681, 50.016703], [6.138456, 50.016489], [6.13814, 50.016207], [6.137766, 50.015997], [6.137651, 50.015936], [6.137556, 50.015894], [6.137373, 50.015825], [6.137224, 50.015757], [6.137102, 50.015757], [6.136656, 50.015776], [6.136476, 50.015799], [6.136374, 50.015818], [6.136267, 50.015825], [6.136251, 50.01581], [6.136038, 50.015913], [6.135904, 50.01597], [6.135881, 50.015959], [6.13582, 50.015982], [6.135767, 50.016035], [6.135729, 50.016058], [6.135553, 50.016104], [6.135237, 50.016298], [6.135, 50.016417], [6.134909, 50.016489], [6.134829, 50.016565], [6.134699, 50.016714], [6.134401, 50.017099], [6.134348, 50.017153], [6.134256, 50.017244], [6.13394, 50.017618], [6.133841, 50.017775], [6.13381, 50.01782], [6.1336, 50.018129], [6.133375, 50.018446], [6.133261, 50.01858], [6.133161, 50.018686], [6.13307, 50.018766], [6.132956, 50.018854], [6.132803, 50.018957], [6.132708, 50.019014], [6.132597, 50.019064], [6.132181, 50.019232], [6.132017, 50.019281], [6.131807, 50.019342], [6.131643, 50.019381], [6.131373, 50.01943], [6.131086, 50.019342], [6.130926, 50.0193], [6.130552, 50.019216], [6.130091, 50.019113], [6.129911, 50.018999], [6.129858, 50.018957], [6.129705, 50.01882], [6.129625, 50.018721], [6.129564, 50.018625], [6.129545, 50.018576], [6.129526, 50.018488], [6.129484, 50.018183], [6.129614, 50.018019], [6.129751, 50.017904], [6.129927, 50.017778], [6.129973, 50.017755], [6.130445, 50.017542], [6.130613, 50.017462], [6.130732, 50.017397], [6.130873, 50.017309], [6.130999, 50.017218], [6.131395, 50.016935], [6.131628, 50.016817], [6.13172, 50.016756], [6.131842, 50.016664], [6.13209, 50.016439], [6.132296, 50.016314], [6.132338, 50.016287], [6.132631, 50.016092], [6.132994, 50.015844], [6.133368, 50.015574], [6.133959, 50.01515], [6.134169, 50.015001], [6.134245, 50.014936], [6.134355, 50.014826], [6.134443, 50.014738], [6.134497, 50.014662], [6.134634, 50.014536], [6.134672, 50.014502], [6.134798, 50.014391], [6.135183, 50.014044], [6.135279, 50.013967], [6.135355, 50.013922], [6.135683, 50.013727], [6.13579, 50.013655], [6.135859, 50.013594], [6.13592, 50.013529], [6.135981, 50.013445], [6.136042, 50.013349], [6.136183, 50.013079], [6.136255, 50.01296], [6.136305, 50.012903], [6.136393, 50.012831], [6.13648, 50.012766], [6.136591, 50.012686], [6.136793, 50.01256], [6.136843, 50.012518], [6.136999, 50.012358], [6.137236, 50.012041], [6.137365, 50.011866], [6.137426, 50.011789], [6.137606, 50.011591], [6.137678, 50.011515], [6.137869, 50.011351], [6.138006, 50.011263], [6.138201, 50.011145], [6.138273, 50.011099], [6.13846, 50.011004], [6.138529, 50.010969], [6.138674, 50.010908], [6.138857, 50.010839], [6.139036, 50.010782], [6.139196, 50.01074], [6.139852, 50.010576], [6.139997, 50.010572], [6.140104, 50.010569], [6.140394, 50.010561], [6.140608, 50.010553], [6.140871, 50.010538], [6.141123, 50.010515], [6.141249, 50.0105], [6.141367, 50.010485], [6.141878, 50.010431], [6.141985, 50.010424], [6.142118, 50.010412], [6.142427, 50.010397], [6.142645, 50.010389], [6.143095, 50.010382], [6.143251, 50.010378], [6.143499, 50.010359], [6.144026, 50.010321], [6.144472, 50.01029], [6.14488, 50.01026], [6.145178, 50.010237], [6.145464, 50.010206], [6.14583, 50.010172], [6.145914, 50.010176], [6.146067, 50.010187], [6.146261, 50.01021], [6.146406, 50.010237], [6.146791, 50.010309], [6.147108, 50.010347], [6.147486, 50.010366], [6.147619, 50.010366], [6.147795, 50.010347], [6.147917, 50.010321], [6.147928, 50.010317], [6.147963, 50.010309], [6.148073, 50.010267], [6.148127, 50.010241], [6.148176, 50.010195], [6.148214, 50.010141], [6.148314, 50.009996], [6.148413, 50.009897], [6.148527, 50.00979], [6.148626, 50.009737], [6.148695, 50.009661], [6.148924, 50.009497], [6.149263, 50.009256], [6.149374, 50.00918], [6.149569, 50.008993], [6.149614, 50.008928], [6.149668, 50.008837], [6.149687, 50.00878], [6.149691, 50.00873], [6.14966, 50.008619], [6.14961, 50.008501], [6.149595, 50.008467], [6.149538, 50.008154], [6.149405, 50.007624], [6.14937, 50.007471], [6.149351, 50.00709], [6.149336, 50.006781], [6.149336, 50.006765], [6.149324, 50.006548], [6.149317, 50.006449], [6.149214, 50.006281], [6.148947, 50.005934], [6.148726, 50.005686], [6.148481, 50.005419], [6.148443, 50.005377], [6.148424, 50.005358], [6.148176, 50.005075], [6.14794, 50.004805], [6.147867, 50.004713], [6.147741, 50.004469], [6.147631, 50.004213], [6.147627, 50.004202], [6.147619, 50.004183], [6.147585, 50.004133], [6.147535, 50.004034], [6.147436, 50.003893], [6.147306, 50.003725], [6.147219, 50.003622], [6.147081, 50.003428], [6.146948, 50.003267], [6.14686, 50.003172], [6.146692, 50.003015], [6.146574, 50.002855], [6.146528, 50.002783], [6.146395, 50.002577], [6.146315, 50.002443], [6.146395, 50.002294], [6.146433, 50.00223], [6.146559, 50.001997], [6.146532, 50.001741], [6.146517, 50.001608], [6.146513, 50.001539], [6.146528, 50.001425], [6.14654, 50.001356], [6.146555, 50.00128], [6.146563, 50.001204], [6.146551, 50.001139], [6.146532, 50.001032], [6.146521, 50.000994], [6.146475, 50.000841], [6.146456, 50.000788], [6.146437, 50.000731], [6.146383, 50.000601], [6.146357, 50.000536], [6.146303, 50.000433], [6.146238, 50.000303], [6.146231, 50.000292], [6.146147, 50.000177], [6.145945, 49.999922], [6.14591, 49.99988], [6.145861, 49.999792], [6.145845, 49.999762], [6.145838, 49.999701], [6.145834, 49.999628], [6.145834, 49.999563], [6.145803, 49.99951], [6.145777, 49.999456], [6.145761, 49.999361], [6.145742, 49.999273], [6.145701, 49.99914], [6.145651, 49.998991], [6.145533, 49.998796], [6.145506, 49.998754], [6.14543, 49.998644], [6.14538, 49.998579], [6.145273, 49.998465], [6.14525, 49.998438], [6.145147, 49.998327], [6.145067, 49.998239], [6.144972, 49.998167], [6.144846, 49.998098], [6.144819, 49.998091], [6.144781, 49.998083], [6.144686, 49.998075], [6.144533, 49.998075], [6.144316, 49.998079], [6.144201, 49.998087], [6.143904, 49.998114], [6.143816, 49.99814], [6.143606, 49.998201], [6.143488, 49.998259], [6.143477, 49.998266], [6.143415, 49.998297], [6.143129, 49.998426], [6.143038, 49.998472], [6.142614, 49.998705], [6.142397, 49.998823], [6.142061, 49.99914], [6.142, 49.999197], [6.141977, 49.999216], [6.141886, 49.999308], [6.141855, 49.99933], [6.141722, 49.999395], [6.1416, 49.999441], [6.141153, 49.999636], [6.14076, 49.999792], [6.140531, 49.999861], [6.140379, 49.999956], [6.140249, 50.000025], [6.140165, 50.000074], [6.140097, 50.000116], [6.140066, 50.000128], [6.140036, 50.000139], [6.139975, 50.000174], [6.139933, 50.000197], [6.139872, 50.000212], [6.139803, 50.000219], [6.139509, 50.000223], [6.139395, 50.000223], [6.139288, 50.000189], [6.139181, 50.000143], [6.139063, 50.000074], [6.138964, 50.000002], [6.138651, 49.999735], [6.138361, 49.999479], [6.138308, 49.999426], [6.138151, 49.999273], [6.138048, 49.999186], [6.137976, 49.999121], [6.137846, 49.998987], [6.137751, 49.998884], [6.13769, 49.998789], [6.137655, 49.998701], [6.137655, 49.998575], [6.137682, 49.998472], [6.137766, 49.998362], [6.137926, 49.998205], [6.138132, 49.998018], [6.138327, 49.997843], [6.138636, 49.997518], [6.138781, 49.997339], [6.139021, 49.997099], [6.139101, 49.997004], [6.139357, 49.996679], [6.139452, 49.996572], [6.139566, 49.996458], [6.139673, 49.996363], [6.139799, 49.996263], [6.139914, 49.996176], [6.140043, 49.996092], [6.140486, 49.995821], [6.140623, 49.995733], [6.140718, 49.995668], [6.140787, 49.995623], [6.140894, 49.995527], [6.141085, 49.995363], [6.14123, 49.995215], [6.141405, 49.995031], [6.141806, 49.994864], [6.141958, 49.994806], [6.142092, 49.994764], [6.14226, 49.994722], [6.14242, 49.994688], [6.142588, 49.994665], [6.14274, 49.994658], [6.14311, 49.994658], [6.14348, 49.994669], [6.143671, 49.994677], [6.143942, 49.994692], [6.144224, 49.994715], [6.144545, 49.994741], [6.145285, 49.994814], [6.145594, 49.994852], [6.145876, 49.994883], [6.146166, 49.994902], [6.146349, 49.994906], [6.146585, 49.994906], [6.146795, 49.994898], [6.146971, 49.99489], [6.147165, 49.994871], [6.147295, 49.994856], [6.147459, 49.994833], [6.147707, 49.994791], [6.147974, 49.994738], [6.148287, 49.994661], [6.1486, 49.994585], [6.148798, 49.994532], [6.149229, 49.994417], [6.149408, 49.994375], [6.149633, 49.994341], [6.149702, 49.994333], [6.149939, 49.994349], [6.150007, 49.994352], [6.15008, 49.994345], [6.150152, 49.994333], [6.150282, 49.994299], [6.150461, 49.994242], [6.150541, 49.994215], [6.15069, 49.994162], [6.150774, 49.994123], [6.150797, 49.994104], [6.150835, 49.994017], [6.150885, 49.993891], [6.150969, 49.993654], [6.151033, 49.993532], [6.151201, 49.993269], [6.151304, 49.993254], [6.151438, 49.992956], [6.151484, 49.992853], [6.151575, 49.992693], [6.151613, 49.992643], [6.15172, 49.99254], [6.151751, 49.992498], [6.151808, 49.992384], [6.151861, 49.992331], [6.15188, 49.992304], [6.151926, 49.992144], [6.15196, 49.992052], [6.152105, 49.991754], [6.152227, 49.991453], [6.152319, 49.991201], [6.152407, 49.990927], [6.152704, 49.990499], [6.153055, 49.989988], [6.153242, 49.989721], [6.15336, 49.989592], [6.153505, 49.98945], [6.153624, 49.989351], [6.153723, 49.989294], [6.153883, 49.98921], [6.154058, 49.989107], [6.154295, 49.988966], [6.154493, 49.988848], [6.154661, 49.988726], [6.154966, 49.988569], [6.155153, 49.988478], [6.15526, 49.988417], [6.155447, 49.988302], [6.155584, 49.988214], [6.155668, 49.988157], [6.155947, 49.987883], [6.156305, 49.98752], [6.156702, 49.987299], [6.156939, 49.987169], [6.157053, 49.98712], [6.157171, 49.987078], [6.1574, 49.98702], [6.157652, 49.986975], [6.157873, 49.986937], [6.158194, 49.986895], [6.158571, 49.986853], [6.158991, 49.986826], [6.159269, 49.986811], [6.159407, 49.986811], [6.159452, 49.986811], [6.159647, 49.986818], [6.159872, 49.986841], [6.159971, 49.98686], [6.160223, 49.986929], [6.160402, 49.986975], [6.160536, 49.987001], [6.160692, 49.987028], [6.160967, 49.987059], [6.161142, 49.987074], [6.161299, 49.987085], [6.161394, 49.987089], [6.16155, 49.987089], [6.161829, 49.987082], [6.161955, 49.987074], [6.162111, 49.987082], [6.16221, 49.987085], [6.162298, 49.987078], [6.162409, 49.987066], [6.162531, 49.987047], [6.162878, 49.986986], [6.163095, 49.986948], [6.163237, 49.986925], [6.163393, 49.986906], [6.163401, 49.986921], [6.163526, 49.986906], [6.163519, 49.986887], [6.163767, 49.986837], [6.163912, 49.986826], [6.164129, 49.986826], [6.164335, 49.986834], [6.16445, 49.986826], [6.164862, 49.986734], [6.165106, 49.986677], [6.165304, 49.986635], [6.165445, 49.986609], [6.165709, 49.986567], [6.165926, 49.986521], [6.166098, 49.986471], [6.166254, 49.986414], [6.166429, 49.986338], [6.16654, 49.986269], [6.166693, 49.9862], [6.166716, 49.986223], [6.167181, 49.986105], [6.167238, 49.986063], [6.167322, 49.98601], [6.167395, 49.985971], [6.167528, 49.985922], [6.167738, 49.985857], [6.16799, 49.985792], [6.168154, 49.985758], [6.168299, 49.985716], [6.168421, 49.985689], [6.168615, 49.985651], [6.168776, 49.985605], [6.168879, 49.985632], [6.169023, 49.98567], [6.169107, 49.985685], [6.169226, 49.985693], [6.169409, 49.985697], [6.169474, 49.985681], [6.169584, 49.985662], [6.16968, 49.985636], [6.169748, 49.985624], [6.169798, 49.985609], [6.169867, 49.985586], [6.169916, 49.985579], [6.170004, 49.985567], [6.170046, 49.985556], [6.170118, 49.985533], [6.170233, 49.985491], [6.17029, 49.985483], [6.170504, 49.98546], [6.170572, 49.985453], [6.170698, 49.98543], [6.170774, 49.985414], [6.171152, 49.985312], [6.171324, 49.985258], [6.171465, 49.985212], [6.171549, 49.985178], [6.171965, 49.98498], [6.172144, 49.984888], [6.172266, 49.984812], [6.172342, 49.984762], [6.172419, 49.98469], [6.172464, 49.984644], [6.172522, 49.984568], [6.172556, 49.984514], [6.17259, 49.98443], [6.172609, 49.984381], [6.172621, 49.984323], [6.172632, 49.984201], [6.17259, 49.984144], [6.172518, 49.984057], [6.172438, 49.983984], [6.172399, 49.983984], [6.172171, 49.984053], [6.171953, 49.98403], [6.171717, 49.984011], [6.171644, 49.984011], [6.171564, 49.984022], [6.171492, 49.984041], [6.171442, 49.98406], [6.171419, 49.984076], [6.171408, 49.984095], [6.1714, 49.984194], [6.171373, 49.984236], [6.17135, 49.984266], [6.17127, 49.984293], [6.170939, 49.984366], [6.170614, 49.984384], [6.170553, 49.984411], [6.170401, 49.984423], [6.170355, 49.984434], [6.170324, 49.984442], [6.17029, 49.984449], [6.170229, 49.984468], [6.170157, 49.984503], [6.169958, 49.984598], [6.169748, 49.984514], [6.169657, 49.984476], [6.169615, 49.984453], [6.169497, 49.984366], [6.169413, 49.984289], [6.169306, 49.984178], [6.169195, 49.984064], [6.169035, 49.983885], [6.169016, 49.983858], [6.168993, 49.983828], [6.168947, 49.983755], [6.168909, 49.983675], [6.168882, 49.983595], [6.168871, 49.983542], [6.168867, 49.983461], [6.168859, 49.9834], [6.168859, 49.983366], [6.168863, 49.983297], [6.168779, 49.983118], [6.168753, 49.982984], [6.168737, 49.982881], [6.16873, 49.982775], [6.168726, 49.982717], [6.168676, 49.982447], [6.168611, 49.982141], [6.168638, 49.98197], [6.168657, 49.981848], [6.168715, 49.981695], [6.168726, 49.981638], [6.168726, 49.981562], [6.168726, 49.981512], [6.168734, 49.98147], [6.168737, 49.981443], [6.168772, 49.981462], [6.168783, 49.981344], [6.168787, 49.981226], [6.168768, 49.981119], [6.168745, 49.981051], [6.168699, 49.980978], [6.168615, 49.980864], [6.168562, 49.980803], [6.168489, 49.980749], [6.168291, 49.980654], [6.168096, 49.980562], [6.167913, 49.980459], [6.167784, 49.980379], [6.167742, 49.980356], [6.167589, 49.980249], [6.167433, 49.980131], [6.167364, 49.980055], [6.167269, 49.979967], [6.167086, 49.979647], [6.167028, 49.979555], [6.166975, 49.979433], [6.166876, 49.979261], [6.166777, 49.978964], [6.166739, 49.978499], [6.166712, 49.978182], [6.166677, 49.977755], [6.166666, 49.977594], [6.166681, 49.977499], [6.166685, 49.977442], [6.166674, 49.9774], [6.166643, 49.97735], [6.166613, 49.977308], [6.16659, 49.977274], [6.166578, 49.977255], [6.166567, 49.977201], [6.166563, 49.977156], [6.166544, 49.977083], [6.166506, 49.977034], [6.16646, 49.97698], [6.166376, 49.976877], [6.166342, 49.976812], [6.166307, 49.97679], [6.166296, 49.97679], [6.166262, 49.976795], [6.166208, 49.97681], [6.16617, 49.976826], [6.166136, 49.976837], [6.166071, 49.976875], [6.166021, 49.97689], [6.165979, 49.976902], [6.165831, 49.976902], [6.165709, 49.97691], [6.165403, 49.976955], [6.165182, 49.977016], [6.165129, 49.97704], [6.165083, 49.977062], [6.165049, 49.977077], [6.16498, 49.97709], [6.164892, 49.977104], [6.164732, 49.977127], [6.164625, 49.97715], [6.164511, 49.977173], [6.164442, 49.97718], [6.164373, 49.977184], [6.16416, 49.97722], [6.163851, 49.97727], [6.163687, 49.97728], [6.163507, 49.977295], [6.163439, 49.977303], [6.163389, 49.977314], [6.163313, 49.977337], [6.163065, 49.977432], [6.162985, 49.97745], [6.162909, 49.97746], [6.162714, 49.97748], [6.162642, 49.977493], [6.162489, 49.977543], [6.162367, 49.977562], [6.16231, 49.97757], [6.16226, 49.977585], [6.162188, 49.97761], [6.162077, 49.97765], [6.162001, 49.977673], [6.161943, 49.977707], [6.161886, 49.97774], [6.161806, 49.977776], [6.161703, 49.9778], [6.161581, 49.977833], [6.161432, 49.97789], [6.1611, 49.97804], [6.160883, 49.978104], [6.160734, 49.97816], [6.160585, 49.97823], [6.160337, 49.97833], [6.160067, 49.97844], [6.159849, 49.97851], [6.159796, 49.97854], [6.159693, 49.97855], [6.159609, 49.97856], [6.159529, 49.978577], [6.159487, 49.978573], [6.159452, 49.978554], [6.159418, 49.97853], [6.159376, 49.97852], [6.159292, 49.978523], [6.159208, 49.978527], [6.159155, 49.978516], [6.159113, 49.9785], [6.159048, 49.9785], [6.158953, 49.978523], [6.158865, 49.978535], [6.158659, 49.97854], [6.158297, 49.97853], [6.1579, 49.97854], [6.157778, 49.978542], [6.157602, 49.97856], [6.157213, 49.978626], [6.157076, 49.978653], [6.156935, 49.978683], [6.156656, 49.97878], [6.156488, 49.978844], [6.156301, 49.978962], [6.15605, 49.979126], [6.155939, 49.979202], [6.155855, 49.979248], [6.155748, 49.97929], [6.155664, 49.979313], [6.155565, 49.97933], [6.155458, 49.979332], [6.155378, 49.979324], [6.155298, 49.979313], [6.155134, 49.97928], [6.155035, 49.979248], [6.154882, 49.97919], [6.154802, 49.979168], [6.154718, 49.979153], [6.154612, 49.97914], [6.154532, 49.979126], [6.153925, 49.97893], [6.153631, 49.978832], [6.153326, 49.978737], [6.152983, 49.978638], [6.152887, 49.978603], [6.152727, 49.978542], [6.152422, 49.978424], [6.152262, 49.97837], [6.152079, 49.978317], [6.151941, 49.97827], [6.151774, 49.97822], [6.151709, 49.97821], [6.151682, 49.97821], [6.151571, 49.978207], [6.151461, 49.978207], [6.151415, 49.978195], [6.151365, 49.978176], [6.151297, 49.978146], [6.151243, 49.97811], [6.151171, 49.978077], [6.151079, 49.978046], [6.150927, 49.978012], [6.150801, 49.97799], [6.150652, 49.977978], [6.150404, 49.97792], [6.150251, 49.977894], [6.15019, 49.977882], [6.150137, 49.977863], [6.150068, 49.977837], [6.149912, 49.977795], [6.149759, 49.97775], [6.1495, 49.977657], [6.149366, 49.977608], [6.149145, 49.977505], [6.149008, 49.977444], [6.148783, 49.977345], [6.148668, 49.977306], [6.148558, 49.977283], [6.148443, 49.977272], [6.148409, 49.97726], [6.148314, 49.977215], [6.148211, 49.97717], [6.1481, 49.97715], [6.147989, 49.97715], [6.147936, 49.97714], [6.147837, 49.977104], [6.147692, 49.977047], [6.147661, 49.977013], [6.147455, 49.976925], [6.147257, 49.976818], [6.146952, 49.976723], [6.146662, 49.97663], [6.146616, 49.976612], [6.146547, 49.976562], [6.146467, 49.976505], [6.146376, 49.976463], [6.146242, 49.976425], [6.146044, 49.976376], [6.145998, 49.97636], [6.145956, 49.97634], [6.145834, 49.976273], [6.145605, 49.976128], [6.145456, 49.976036], [6.14538, 49.97601], [6.145311, 49.97598], [6.145273, 49.975914], [6.145216, 49.975853], [6.145048, 49.975727], [6.144926, 49.975624], [6.144812, 49.975513], [6.144716, 49.97543], [6.144636, 49.975346], [6.144579, 49.9753], [6.144457, 49.975224], [6.144381, 49.97518], [6.144148, 49.975067], [6.144056, 49.975037], [6.14393, 49.975018], [6.143869, 49.975002], [6.143801, 49.974964], [6.143652, 49.974895], [6.14324, 49.974777], [6.143107, 49.97473], [6.142981, 49.97468], [6.142828, 49.97464], [6.142721, 49.974606], [6.142324, 49.974457], [6.142046, 49.974346], [6.14197, 49.974316], [6.14192, 49.974277], [6.141832, 49.974247], [6.141649, 49.974194], [6.14142, 49.974117], [6.141329, 49.97408], [6.141115, 49.973988], [6.141031, 49.973965], [6.140959, 49.973957], [6.140848, 49.973953], [6.14073, 49.97396], [6.140669, 49.973953], [6.140528, 49.973915], [6.14044, 49.973892], [6.140352, 49.973877], [6.140284, 49.97386], [6.140207, 49.973843], [6.140161, 49.973827], [6.140123, 49.973824], [6.140085, 49.973827], [6.140039, 49.973835], [6.140001, 49.973843], [6.139963, 49.973843], [6.139841, 49.97382], [6.139662, 49.973816], [6.139589, 49.97381], [6.139498, 49.973797], [6.139425, 49.9738], [6.138865, 49.973877], [6.138567, 49.973923], [6.138277, 49.973957], [6.13806, 49.973976], [6.137934, 49.973988], [6.137762, 49.974022], [6.137651, 49.974022], [6.1374, 49.974064], [6.137331, 49.97407], [6.137266, 49.974068], [6.137209, 49.97407], [6.137159, 49.974094], [6.137098, 49.97412], [6.137075, 49.974125], [6.137056, 49.97413], [6.136999, 49.974117], [6.136957, 49.974113], [6.136869, 49.97413], [6.136786, 49.97414], [6.136698, 49.97412], [6.136625, 49.974117], [6.136545, 49.974125], [6.136507, 49.97414], [6.136476, 49.974167], [6.136454, 49.974174], [6.136427, 49.97418], [6.136393, 49.97417], [6.136374, 49.974167], [6.136335, 49.974167], [6.136274, 49.97416], [6.13616, 49.974136], [6.136107, 49.974133], [6.13587, 49.974133], [6.135843, 49.974125], [6.135813, 49.974102], [6.135736, 49.97405], [6.135611, 49.973976], [6.135569, 49.973957], [6.13545, 49.97392], [6.135382, 49.973892], [6.135263, 49.973835], [6.135183, 49.97381], [6.134909, 49.973736], [6.134741, 49.973682], [6.134504, 49.973614], [6.134375, 49.973583], [6.134272, 49.973557], [6.134214, 49.973557], [6.134188, 49.973564], [6.134146, 49.973564], [6.134088, 49.97355], [6.133997, 49.97352], [6.133898, 49.97347], [6.133802, 49.973427], [6.133703, 49.973408], [6.133532, 49.97337], [6.133368, 49.97332], [6.133299, 49.973305], [6.133257, 49.9733], [6.133207, 49.973312], [6.133173, 49.973316], [6.133112, 49.973312], [6.133036, 49.973297], [6.132921, 49.973263], [6.132811, 49.97322], [6.132681, 49.97318], [6.132627, 49.973152], [6.132547, 49.97313], [6.132464, 49.973103], [6.132422, 49.973076], [6.13233, 49.972965], [6.132242, 49.97285], [6.132212, 49.972797], [6.132212, 49.972763], [6.132235, 49.972706], [6.132246, 49.972675], [6.132242, 49.97264], [6.132196, 49.97244], [6.132204, 49.9723], [6.132185, 49.972267], [6.132151, 49.97223], [6.132112, 49.97219], [6.132032, 49.97212], [6.131998, 49.972088], [6.131983, 49.972057], [6.131983, 49.97203], [6.131975, 49.972004], [6.13196, 49.971996], [6.131887, 49.971973], [6.131868, 49.971962], [6.131838, 49.971924], [6.131807, 49.971905], [6.131781, 49.97189], [6.131678, 49.971848], [6.131647, 49.971825], [6.131605, 49.97179], [6.131487, 49.97174], [6.131403, 49.971733], [6.131289, 49.97172], [6.131166, 49.971695], [6.131113, 49.971676], [6.131044, 49.971653], [6.130999, 49.971634], [6.130964, 49.971626], [6.130903, 49.97163], [6.130873, 49.971622], [6.130812, 49.971607], [6.130754, 49.97159], [6.130682, 49.971573], [6.130625, 49.971573], [6.130568, 49.971577], [6.130529, 49.971577], [6.130491, 49.97157], [6.130453, 49.97157], [6.130415, 49.97156], [6.130369, 49.971554], [6.130327, 49.971546], [6.130281, 49.97154], [6.130224, 49.97152], [6.130201, 49.97151], [6.130136, 49.971493], [6.130011, 49.971474], [6.12995, 49.971447], [6.1299, 49.971428], [6.129751, 49.971405], [6.12969, 49.971382], [6.129618, 49.971375], [6.129442, 49.971325], [6.129381, 49.971313], [6.129301, 49.971306], [6.129209, 49.97131], [6.129137, 49.97129], [6.128855, 49.971226], [6.12879, 49.971222], [6.128595, 49.971233], [6.128515, 49.97123], [6.12845, 49.971222], [6.128363, 49.971203], [6.128241, 49.971172], [6.128061, 49.971172], [6.127932, 49.971176], [6.127809, 49.971176], [6.12776, 49.971184], [6.12771, 49.971195], [6.127592, 49.97126], [6.127497, 49.971302], [6.127439, 49.971313], [6.127371, 49.971325], [6.127321, 49.971336], [6.127249, 49.971363], [6.1271, 49.971416], [6.127031, 49.971436], [6.126249, 49.971428], [6.126158, 49.971428], [6.125895, 49.97143], [6.125795, 49.971443], [6.125738, 49.97147], [6.125669, 49.9715], [6.125525, 49.97157], [6.125414, 49.97163], [6.125307, 49.971676], [6.125174, 49.97171], [6.125044, 49.971725], [6.124418, 49.97171], [6.123926, 49.971687], [6.123518, 49.971672], [6.123495, 49.971672], [6.122999, 49.97169], [6.122915, 49.97169], [6.12282, 49.971638], [6.122793, 49.971615], [6.122702, 49.971687], [6.122103, 49.97209], [6.121729, 49.972343], [6.121431, 49.972603], [6.12134, 49.972668], [6.121141, 49.972797], [6.120894, 49.97295], [6.120638, 49.973114], [6.120382, 49.973293], [6.119997, 49.973576], [6.119928, 49.973606], [6.119875, 49.973625], [6.119821, 49.97365], [6.119799, 49.973663], [6.119631, 49.973732], [6.119455, 49.973816], [6.119371, 49.97388], [6.119185, 49.973988], [6.119032, 49.974094], [6.118906, 49.9742], [6.118837, 49.974297], [6.118776, 49.974422], [6.1187, 49.97467], [6.118677, 49.974762], [6.118624, 49.974876], [6.118506, 49.97506], [6.118383, 49.975212], [6.118181, 49.97549], [6.117956, 49.975796], [6.117659, 49.976227], [6.11772, 49.976242], [6.118155, 49.97637], [6.118227, 49.976284], [6.119219, 49.9767], [6.119535, 49.97683], [6.119673, 49.976887], [6.119452, 49.977654], [6.119417, 49.977757], [6.119368, 49.97787], [6.119318, 49.977993], [6.119303, 49.978027], [6.119223, 49.978233], [6.119219, 49.978245], [6.119192, 49.978313], [6.119181, 49.978374], [6.119139, 49.978584], [6.119108, 49.978756], [6.119101, 49.978783], [6.11907, 49.978878], [6.118994, 49.979084], [6.118952, 49.979183], [6.118937, 49.979218], [6.118902, 49.9793], [6.118765, 49.979614], [6.118738, 49.97965], [6.118696, 49.979717], [6.118586, 49.97986], [6.118498, 49.979954], [6.11841, 49.98005], [6.118258, 49.98021], [6.118109, 49.98035], [6.117987, 49.98047], [6.117926, 49.980526], [6.117811, 49.980633], [6.117788, 49.98066], [6.117582, 49.98088], [6.117285, 49.981186], [6.117102, 49.98136], [6.116903, 49.98153], [6.116884, 49.981544], [6.116537, 49.981724], [6.116255, 49.981888], [6.116075, 49.98198], [6.1159, 49.98205], [6.115759, 49.982113], [6.11532, 49.982292], [6.115015, 49.982433], [6.114912, 49.98248], [6.114439, 49.982525], [6.114267, 49.982555], [6.113504, 49.982536], [6.112776, 49.982502], [6.112844, 49.982403], [6.112719, 49.982414], [6.112539, 49.982426], [6.112474, 49.98243], [6.112307, 49.982437], [6.1122, 49.98245], [6.112013, 49.982456], [6.11178, 49.98246], [6.111715, 49.98246], [6.11141, 49.98246], [6.111151, 49.982456], [6.111017, 49.982456], [6.110754, 49.98247], [6.110334, 49.982483], [6.110262, 49.982487], [6.10977, 49.982513], [6.109533, 49.982582], [6.109037, 49.982742], [6.108919, 49.98278], [6.108843, 49.982838], [6.108736, 49.98292], [6.10848, 49.983124], [6.107618, 49.982956], [6.107515, 49.9829], [6.107313, 49.98276], [6.107241, 49.98272], [6.107145, 49.98265], [6.107004, 49.98256], [6.106844, 49.982483], [6.106653, 49.98241], [6.106451, 49.982334], [6.106291, 49.982277], [6.106066, 49.98221], [6.105928, 49.982185], [6.105642, 49.98216], [6.105497, 49.98215], [6.105066, 49.982147], [6.104582, 49.982143], [6.104414, 49.982136], [6.104299, 49.982113], [6.10412, 49.98206], [6.10396, 49.981995], [6.103796, 49.981907], [6.103663, 49.981823], [6.103437, 49.98188], [6.103304, 49.981922], [6.1033, 49.98198], [6.1033, 49.98202], [6.103353, 49.982105], [6.103334, 49.98216], [6.103277, 49.98228], [6.102793, 49.9824], [6.102758, 49.98248], [6.102713, 49.9826], [6.10267, 49.98268], [6.102554, 49.982914], [6.101694, 49.982803], [6.100942, 49.98269], [6.100676, 49.98266], [6.100493, 49.98265], [6.100133, 49.982662], [6.100085, 49.982662], [6.100137, 49.98287], [6.100264, 49.98338], [6.100398, 49.98392], [6.100425, 49.98403], [6.100383, 49.984234], [6.100375, 49.984264], [6.100356, 49.984352], [6.100312, 49.984562], [6.100286, 49.984688], [6.100267, 49.98479], [6.10024, 49.984936], [6.100182, 49.985184], [6.100139, 49.985336], [6.100121, 49.985397], [6.100017, 49.985653], [6.100005, 49.985676], [6.099992, 49.985706], [6.099882, 49.985954], [6.099724, 49.986294], [6.099712, 49.98632], [6.099605, 49.986538], [6.099355, 49.986946], [6.099149, 49.987247], [6.098933, 49.987545], [6.09859, 49.98755], [6.098484, 49.987553], [6.097933, 49.987566], [6.098074, 49.987314], [6.098181, 49.987108], [6.098242, 49.986968], [6.098276, 49.986845], [6.098318, 49.986698], [6.098341, 49.986598], [6.098356, 49.986551], [6.098448, 49.986168], [6.098501, 49.985891], [6.098528, 49.985742], [6.098539, 49.985508], [6.098528, 49.985378], [6.098528, 49.985342], [6.098459, 49.984934], [6.098425, 49.984768], [6.098387, 49.984602], [6.098356, 49.984396], [6.098318, 49.98427], [6.098295, 49.984213], [6.098223, 49.984078], [6.097979, 49.983698], [6.097849, 49.983538], [6.097818, 49.983498], [6.097773, 49.983446], [6.097639, 49.983263], [6.097525, 49.983088], [6.097372, 49.982788], [6.09717, 49.982418], [6.097052, 49.982214], [6.097032, 49.982145], [6.09701, 49.982004], [6.096972, 49.981832], [6.096933, 49.981741], [6.096891, 49.981665], [6.096811, 49.981568], [6.096388, 49.9811], [6.096174, 49.980848], [6.096151, 49.980822], [6.096335, 49.980646], [6.096384, 49.980612], [6.096453, 49.980588], [6.096491, 49.980574], [6.096556, 49.980535], [6.096647, 49.980471], [6.096872, 49.980291], [6.097059, 49.980128], [6.097006, 49.980081], [6.096972, 49.980048], [6.097048, 49.979994], [6.097139, 49.979906], [6.097185, 49.979895], [6.09725, 49.979864], [6.097284, 49.979841], [6.097368, 49.979758], [6.097418, 49.979731], [6.097486, 49.979678], [6.097551, 49.979648], [6.097609, 49.979598], [6.097654, 49.979586], [6.097689, 49.979574], [6.097708, 49.979551], [6.097719, 49.979518], [6.097761, 49.979505], [6.097849, 49.979505], [6.097898, 49.979502], [6.097948, 49.979478], [6.098021, 49.979448], [6.098074, 49.979408], [6.098104, 49.979395], [6.098158, 49.979391], [6.098192, 49.979388], [6.098223, 49.979376], [6.098326, 49.979376], [6.098398, 49.979345], [6.098463, 49.97933], [6.098494, 49.979322], [6.098558, 49.979322], [6.0986, 49.979328], [6.098623, 49.979315], [6.098638, 49.979284], [6.098665, 49.979268], [6.098703, 49.979261], [6.098749, 49.979258], [6.098776, 49.979246], [6.09881, 49.979218], [6.098848, 49.9792], [6.098894, 49.979185], [6.099005, 49.979204], [6.099047, 49.979204], [6.099112, 49.979193], [6.099169, 49.979185], [6.099241, 49.979188], [6.09926, 49.979193], [6.099306, 49.979185], [6.099382, 49.979151], [6.099428, 49.979148], [6.099489, 49.979151], [6.099539, 49.979148], [6.099565, 49.979132], [6.099596, 49.979118], [6.099642, 49.979113], [6.099726, 49.979101], [6.099772, 49.979108], [6.099844, 49.979132], [6.099897, 49.979138], [6.09997, 49.979135], [6.100042, 49.979118], [6.1001, 49.979113], [6.100153, 49.979118], [6.10021, 49.979108], [6.100252, 49.979105], [6.10029, 49.979101], [6.100374, 49.979108], [6.100431, 49.979105], [6.100477, 49.979101], [6.100527, 49.979093], [6.100595, 49.979071], [6.100626, 49.979063], [6.100653, 49.979058], [6.100672, 49.979068], [6.100702, 49.979088], [6.100733, 49.979101], [6.100771, 49.979101], [6.100801, 49.979093], [6.100851, 49.979058], [6.100885, 49.979038], [6.100916, 49.979028], [6.100939, 49.979038], [6.100954, 49.979051], [6.100977, 49.979055], [6.101, 49.979048], [6.101038, 49.979028], [6.101069, 49.979025], [6.101214, 49.979025], [6.101259, 49.979021], [6.101317, 49.97899], [6.101374, 49.978975], [6.101431, 49.978968], [6.101515, 49.978978], [6.101606, 49.979006], [6.101633, 49.979002], [6.101671, 49.97899], [6.10169, 49.978994], [6.101728, 49.979006], [6.10177, 49.978998], [6.101831, 49.978983], [6.101873, 49.978988], [6.101923, 49.979002], [6.101965, 49.979008], [6.102007, 49.979002], [6.102045, 49.97899], [6.102087, 49.978978], [6.102121, 49.978978], [6.102156, 49.97899], [6.102194, 49.97899], [6.102224, 49.978975], [6.102251, 49.978958], [6.102274, 49.978952], [6.102312, 49.978948], [6.102373, 49.978952], [6.10243, 49.978945], [6.102484, 49.978922], [6.102549, 49.978898], [6.102652, 49.978868], [6.102709, 49.978853], [6.102766, 49.978861], [6.102789, 49.978861], [6.102804, 49.978842], [6.102831, 49.978811], [6.102846, 49.978804], [6.102873, 49.978808], [6.102922, 49.978808], [6.102964, 49.978811], [6.103006, 49.978808], [6.103029, 49.978798], [6.103029, 49.978784], [6.102999, 49.978768], [6.102987, 49.978758], [6.102991, 49.978738], [6.103048, 49.978701], [6.103064, 49.978688], [6.103018, 49.978662], [6.102991, 49.978643], [6.102999, 49.978618], [6.10301, 49.978594], [6.10301, 49.978575], [6.10298, 49.978552], [6.102968, 49.97854], [6.102976, 49.978498], [6.102972, 49.978488], [6.102949, 49.97846], [6.102903, 49.978438], [6.102888, 49.978422], [6.102911, 49.978403], [6.102942, 49.978384], [6.102964, 49.978372], [6.10298, 49.978348], [6.102957, 49.978328], [6.102926, 49.978308], [6.102903, 49.978285], [6.102884, 49.978248], [6.102888, 49.978201], [6.102865, 49.978174], [6.10285, 49.978158], [6.10285, 49.978138], [6.102865, 49.978125], [6.102888, 49.978121], [6.102938, 49.978132], [6.102964, 49.978125], [6.102983, 49.978108], [6.10298, 49.978094], [6.102968, 49.978078], [6.102938, 49.978068], [6.102915, 49.978048], [6.102858, 49.978008], [6.10277, 49.977964], [6.102743, 49.977945], [6.10277, 49.977934], [6.102797, 49.97793], [6.102808, 49.977918], [6.1028, 49.977903], [6.102774, 49.977888], [6.102751, 49.977865], [6.102766, 49.977846], [6.10277, 49.977828], [6.102762, 49.977804], [6.102728, 49.977778], [6.102686, 49.977762], [6.102663, 49.977755], [6.102602, 49.977738], [6.102545, 49.977728], [6.102507, 49.977718], [6.102476, 49.977693], [6.102434, 49.977628], [6.102381, 49.977514], [6.102323, 49.977378], [6.102282, 49.977232], [6.102266, 49.977102], [6.102259, 49.976942], [6.102263, 49.976831], [6.102278, 49.976728], [6.102304, 49.976618], [6.102316, 49.976595], [6.10232, 49.976576], [6.102331, 49.976548], [6.102339, 49.976522], [6.102362, 49.976492], [6.102377, 49.976478], [6.102385, 49.976448], [6.102385, 49.976428], [6.102362, 49.976393], [6.10235, 49.976362], [6.102354, 49.976338], [6.102366, 49.976324], [6.102415, 49.976286], [6.10243, 49.976263], [6.102438, 49.97624], [6.102426, 49.976218], [6.102423, 49.976202], [6.102426, 49.976178], [6.102484, 49.976126], [6.102518, 49.976098], [6.102522, 49.976088], [6.102511, 49.976076], [6.102491, 49.976065], [6.102465, 49.976053], [6.102434, 49.976034], [6.102426, 49.976015], [6.10243, 49.975988], [6.102461, 49.975943], [6.102468, 49.975931], [6.102461, 49.975918], [6.102449, 49.975916], [6.102426, 49.975916], [6.102404, 49.975908], [6.102381, 49.975893], [6.102362, 49.975868], [6.102366, 49.975838], [6.102373, 49.975818], [6.102381, 49.975801], [6.102381, 49.975771], [6.102366, 49.975748], [6.102354, 49.975718], [6.102354, 49.975698], [6.102362, 49.975678], [6.102377, 49.97566], [6.102392, 49.975641], [6.102396, 49.975622], [6.102396, 49.975603], [6.102381, 49.975584], [6.102362, 49.975572], [6.102339, 49.975561], [6.102327, 49.975538], [6.102323, 49.975508], [6.102331, 49.975478], [6.102331, 49.975443], [6.102323, 49.975416], [6.102304, 49.975382], [6.102278, 49.975348], [6.102259, 49.975325], [6.102255, 49.975305], [6.102255, 49.975288], [6.102247, 49.975264], [6.102182, 49.975138], [6.102137, 49.975035], [6.102114, 49.974993], [6.10203, 49.974844], [6.102003, 49.974808], [6.101965, 49.974768], [6.101931, 49.974741], [6.101843, 49.974688], [6.101614, 49.974528], [6.101461, 49.974418], [6.101301, 49.974308], [6.101236, 49.97426], [6.101118, 49.974168], [6.101061, 49.974131], [6.10103, 49.974115], [6.100966, 49.974085], [6.10087, 49.974048], [6.100809, 49.974012], [6.100767, 49.973974], [6.100653, 49.973868], [6.100573, 49.973788], [6.100542, 49.973745], [6.100531, 49.973718], [6.100531, 49.973698], [6.100534, 49.973673], [6.100546, 49.973654], [6.100523, 49.973642], [6.100466, 49.973638], [6.10045, 49.973631], [6.100443, 49.973618], [6.100447, 49.9736], [6.100443, 49.973585], [6.100424, 49.973566], [6.100378, 49.973543], [6.100325, 49.973518], [6.100302, 49.973505], [6.100275, 49.973505], [6.100233, 49.973508], [6.100222, 49.973505], [6.100222, 49.973488], [6.100237, 49.973478], [6.100286, 49.973468], [6.100309, 49.973452], [6.100321, 49.973438], [6.100313, 49.973421], [6.100302, 49.973402], [6.100294, 49.973383], [6.100309, 49.973364], [6.100309, 49.973348], [6.100294, 49.973328], [6.100267, 49.973288], [6.10026, 49.973246], [6.100271, 49.973196], [6.100267, 49.973178], [6.100264, 49.973154], [6.100256, 49.973131], [6.100241, 49.973123], [6.10021, 49.973128], [6.100187, 49.973123], [6.100168, 49.973101], [6.100168, 49.973074], [6.100183, 49.973038], [6.100183, 49.973024], [6.100172, 49.973005], [6.100111, 49.97294], [6.100088, 49.972914], [6.100092, 49.972898], [6.100111, 49.972888], [6.100191, 49.972864], [6.100214, 49.972853], [6.100225, 49.972826], [6.100229, 49.972784], [6.100237, 49.972681], [6.100256, 49.972601], [6.100248, 49.972551], [6.100248, 49.972521], [6.10026, 49.972494], [6.100298, 49.972444], [6.100306, 49.972414], [6.100302, 49.97233], [6.10029, 49.972132], [6.100279, 49.972052], [6.100264, 49.97199], [6.100153, 49.971838], [6.100126, 49.971762], [6.1001, 49.971701], [6.100073, 49.971674], [6.100046, 49.971648], [6.100023, 49.971628], [6.100004, 49.971598], [6.099981, 49.971578], [6.099932, 49.971552], [6.099916, 49.971533], [6.099905, 49.971502], [6.099909, 49.971458], [6.099901, 49.971426], [6.099863, 49.971378], [6.099608, 49.971174], [6.099497, 49.971078], [6.099428, 49.971002], [6.099344, 49.970878], [6.099314, 49.970846], [6.099268, 49.970808], [6.099234, 49.970768], [6.099196, 49.970718], [6.099184, 49.970678], [6.099161, 49.970613], [6.09915, 49.970558], [6.099138, 49.970533], [6.0991, 49.970423], [6.099093, 49.970378], [6.099093, 49.970328], [6.0991, 49.970298], [6.099093, 49.97027], [6.099077, 49.970251], [6.099047, 49.970224], [6.09897, 49.970178], [6.098925, 49.970144], [6.098906, 49.970121], [6.098898, 49.970095], [6.098906, 49.969946], [6.098898, 49.969805], [6.09889, 49.969748], [6.098864, 49.969638], [6.098799, 49.969454], [6.098749, 49.969343], [6.098734, 49.969271], [6.09873, 49.969208], [6.098738, 49.96916], [6.098753, 49.969108], [6.098799, 49.969034], [6.098814, 49.968992], [6.098818, 49.968954], [6.098806, 49.968908], [6.098776, 49.968838], [6.098688, 49.968688], [6.098631, 49.968608], [6.098429, 49.968368], [6.098261, 49.968138], [6.098196, 49.968078], [6.098166, 49.968031], [6.098158, 49.967958], [6.098169, 49.967703], [6.098169, 49.967642], [6.098181, 49.967604], [6.098211, 49.967535], [6.098238, 49.967432], [6.098249, 49.96734], [6.098265, 49.967295], [6.098288, 49.967268], [6.098394, 49.967188], [6.098471, 49.967118], [6.09849, 49.967104], [6.098589, 49.967062], [6.098707, 49.967001], [6.098906, 49.96689], [6.098982, 49.966848], [6.099134, 49.966776], [6.09897, 49.966616], [6.098974, 49.9666], [6.09918, 49.966555], [6.099367, 49.966508], [6.099455, 49.966478], [6.09952, 49.966455], [6.099558, 49.966428], [6.099588, 49.966378], [6.099608, 49.966326], [6.099627, 49.966268], [6.099642, 49.966228], [6.099729, 49.966204], [6.099802, 49.966185], [6.099825, 49.966181], [6.099855, 49.966192], [6.099882, 49.966198], [6.099901, 49.966198], [6.099939, 49.966188], [6.099966, 49.966178], [6.100061, 49.966162], [6.100115, 49.966143], [6.100149, 49.966118], [6.100176, 49.966088], [6.100218, 49.966005], [6.10026, 49.965928], [6.100294, 49.965878], [6.100325, 49.965853], [6.100378, 49.965822], [6.100496, 49.965768], [6.100576, 49.965728], [6.100637, 49.965678], [6.100718, 49.965608], [6.100809, 49.965538], [6.101007, 49.965383], [6.101088, 49.965322], [6.101133, 49.965296], [6.101179, 49.965258], [6.101221, 49.965208], [6.101244, 49.965168], [6.101252, 49.965158], [6.101263, 49.965138], [6.101282, 49.965074], [6.101282, 49.965058], [6.100988, 49.964926], [6.100893, 49.964878], [6.10074, 49.964798], [6.100626, 49.964743], [6.10042, 49.964651], [6.100149, 49.964533], [6.09992, 49.964428], [6.099791, 49.964348], [6.099707, 49.964285], [6.099615, 49.964193], [6.099565, 49.964128], [6.099523, 49.964052], [6.099478, 49.963976], [6.099134, 49.963484], [6.099039, 49.963331], [6.099016, 49.963282], [6.098982, 49.963148], [6.098837, 49.962545], [6.098829, 49.962498], [6.098837, 49.962423], [6.098913, 49.962072], [6.098967, 49.961832], [6.099001, 49.961691], [6.099016, 49.961584], [6.099016, 49.961531], [6.099024, 49.961504], [6.099054, 49.961466], [6.099081, 49.961435], [6.099115, 49.961328], [6.099157, 49.961191], [6.099157, 49.961168], [6.099142, 49.96113], [6.0991, 49.961098], [6.098997, 49.961023], [6.098936, 49.960974], [6.098894, 49.960932], [6.098867, 49.960901], [6.098837, 49.960848], [6.098829, 49.960818], [6.098826, 49.960798], [6.098822, 49.960788], [6.098768, 49.96076], [6.098753, 49.960748], [6.098745, 49.960733], [6.098764, 49.960718], [6.098806, 49.960691], [6.098826, 49.960668], [6.098829, 49.960653], [6.098822, 49.960638], [6.098734, 49.960573], [6.098654, 49.960518], [6.098589, 49.960482], [6.098558, 49.960474], [6.098535, 49.960474], [6.098509, 49.960485], [6.098501, 49.960501], [6.098513, 49.960518], [6.098581, 49.960573], [6.098597, 49.960588], [6.098593, 49.960604], [6.098578, 49.960611], [6.098551, 49.960615], [6.098478, 49.960608], [6.098307, 49.960588], [6.09828, 49.960573], [6.09828, 49.960562], [6.098311, 49.960518], [6.098318, 49.960498], [6.098318, 49.960408], [6.098314, 49.960375], [6.098299, 49.960352], [6.098272, 49.960333], [6.098238, 49.960338], [6.098192, 49.960352], [6.098166, 49.960363], [6.098143, 49.960368], [6.09812, 49.960356], [6.098124, 49.960333], [6.098146, 49.960283], [6.098162, 49.960253], [6.098166, 49.960228], [6.098162, 49.960203], [6.098139, 49.960173], [6.098059, 49.960104], [6.09799, 49.960058], [6.097952, 49.960048], [6.097918, 49.960038], [6.097898, 49.960038], [6.097891, 49.960054], [6.097887, 49.960092], [6.097883, 49.960112], [6.097864, 49.960123], [6.097837, 49.960123], [6.097807, 49.960115], [6.09778, 49.960098], [6.097708, 49.960028], [6.097647, 49.959982], [6.097609, 49.95997], [6.097574, 49.959968], [6.097548, 49.95997], [6.097506, 49.960012], [6.097483, 49.960005], [6.09746, 49.959986], [6.097425, 49.959944], [6.09741, 49.959902], [6.097403, 49.959856], [6.097395, 49.959795], [6.097383, 49.959734], [6.097372, 49.959703], [6.097334, 49.959673], [6.097284, 49.959635], [6.097204, 49.959593], [6.097128, 49.959538], [6.097113, 49.959513], [6.097117, 49.959488], [6.097136, 49.959455], [6.097139, 49.959438], [6.09712, 49.959421], [6.097044, 49.959375], [6.096952, 49.959318], [6.096899, 49.959278], [6.096827, 49.959196], [6.096785, 49.959138], [6.096731, 49.959051], [6.096697, 49.958982], [6.096678, 49.958914], [6.096624, 49.958728], [6.096548, 49.958438], [6.096518, 49.958378], [6.096476, 49.958322], [6.096388, 49.958231], [6.096251, 49.958101], [6.096151, 49.958025], [6.096075, 49.957975], [6.096018, 49.957948], [6.095945, 49.957926], [6.095915, 49.957918], [6.095591, 49.957828], [6.095434, 49.957778], [6.095221, 49.957716], [6.094961, 49.957643], [6.094931, 49.957638], [6.09487, 49.957643], [6.094839, 49.957638], [6.094786, 49.957624], [6.094755, 49.957605], [6.094706, 49.957571], [6.094664, 49.957544], [6.094583, 49.957521], [6.094534, 49.957506], [6.094461, 49.957491], [6.094362, 49.957472], [6.094297, 49.957453], [6.094225, 49.957418], [6.094145, 49.957373], [6.094107, 49.957361], [6.094076, 49.957353], [6.094042, 49.957348], [6.093977, 49.957346], [6.093947, 49.957338], [6.093889, 49.9573], [6.093786, 49.957224], [6.093752, 49.957201], [6.093706, 49.957201], [6.09366, 49.957218], [6.093553, 49.957266], [6.093477, 49.957288], [6.093447, 49.957285], [6.093424, 49.957273], [6.093432, 49.957254], [6.093458, 49.957235], [6.093477, 49.957218], [6.093481, 49.957201], [6.093462, 49.957182], [6.093409, 49.957148], [6.093386, 49.957125], [6.093386, 49.957106], [6.093397, 49.957071], [6.093412, 49.957028], [6.09342, 49.956991], [6.093412, 49.956964], [6.093386, 49.95693], [6.093267, 49.956854], [6.093191, 49.956804], [6.093184, 49.956788], [6.093195, 49.956751], [6.093637, 49.956128], [6.093672, 49.956072], [6.093679, 49.956045], [6.093672, 49.956022], [6.093656, 49.956008], [6.093607, 49.955992], [6.093519, 49.955978], [6.093489, 49.955965], [6.093492, 49.955948], [6.093504, 49.955942], [6.093569, 49.955928], [6.093596, 49.955912], [6.093596, 49.955885], [6.093584, 49.955801], [6.093592, 49.955768], [6.093668, 49.955664], [6.093668, 49.955638], [6.093649, 49.955614], [6.093599, 49.955603], [6.093561, 49.955591], [6.093531, 49.955572], [6.093527, 49.955545], [6.093542, 49.955515], [6.093615, 49.955454], [6.093687, 49.955388], [6.093737, 49.955328], [6.093759, 49.955288], [6.093763, 49.955258], [6.093752, 49.95524], [6.093721, 49.955213], [6.093622, 49.955152], [6.093569, 49.955114], [6.093546, 49.955088], [6.093531, 49.955053], [6.093538, 49.95503], [6.093561, 49.955015], [6.093596, 49.955004], [6.093622, 49.954988], [6.093634, 49.954965], [6.093615, 49.954935], [6.093557, 49.954863], [6.093519, 49.954818], [6.093481, 49.95479], [6.093412, 49.954782], [6.093321, 49.954763], [6.093252, 49.95474], [6.093149, 49.954691], [6.093, 49.954611], [6.09284, 49.954528], [6.092771, 49.954488], [6.092733, 49.954448], [6.092669, 49.954358], [6.092585, 49.954248], [6.092573, 49.954218], [6.092566, 49.954161], [6.092569, 49.954134], [6.092573, 49.954084], [6.092611, 49.953758], [6.092611, 49.95368], [6.0926, 49.95363], [6.092604, 49.953588], [6.092604, 49.953538], [6.092581, 49.953493], [6.092539, 49.953424], [6.092516, 49.953375], [6.09252, 49.953321], [6.092527, 49.95326], [6.092527, 49.953222], [6.092504, 49.953192], [6.092462, 49.953173], [6.092428, 49.953158], [6.092398, 49.953154], [6.092371, 49.953131], [6.092356, 49.953088], [6.092348, 49.953018], [6.092348, 49.952951], [6.092363, 49.952841], [6.092386, 49.952745], [6.092424, 49.952616], [6.092447, 49.952558], [6.092493, 49.952494], [6.092547, 49.952433], [6.09276, 49.952215], [6.09284, 49.952143], [6.092977, 49.952063], [6.093039, 49.952018], [6.093084, 49.951982], [6.093157, 49.951908], [6.093172, 49.951891], [6.093206, 49.951848], [6.093229, 49.951808], [6.093264, 49.951728], [6.093306, 49.951668], [6.09337, 49.951601], [6.093435, 49.951536], [6.093508, 49.951458], [6.093531, 49.951428], [6.093534, 49.95141], [6.093531, 49.951391], [6.093466, 49.951318], [6.093462, 49.951284], [6.093485, 49.95125], [6.093553, 49.951181], [6.09371, 49.951013], [6.093786, 49.950938], [6.093904, 49.95088], [6.093962, 49.95083], [6.094076, 49.95067], [6.094198, 49.950521], [6.09424, 49.950448], [6.094301, 49.950288], [6.094343, 49.950235], [6.094378, 49.95022], [6.094419, 49.950212], [6.094469, 49.950208], [6.094484, 49.950198], [6.094488, 49.950182], [6.094465, 49.950148], [6.094416, 49.950088], [6.094229, 49.949892], [6.094126, 49.949812], [6.094015, 49.949748], [6.093744, 49.949606], [6.093656, 49.949564], [6.093599, 49.949545], [6.093542, 49.949528], [6.093454, 49.949526], [6.093351, 49.949522], [6.093245, 49.949503], [6.093084, 49.949465], [6.092874, 49.949408], [6.092737, 49.949366], [6.092566, 49.949312], [6.09234, 49.949238], [6.092215, 49.949194], [6.09215, 49.949156], [6.092085, 49.94911], [6.092024, 49.949048], [6.091932, 49.948961], [6.091837, 49.9489], [6.091715, 49.948824], [6.091639, 49.948778], [6.091524, 49.948728], [6.09149, 49.948708], [6.091475, 49.94869], [6.091482, 49.948671], [6.091501, 49.948648], [6.091536, 49.94861], [6.091555, 49.948568], [6.091558, 49.948542], [6.09157, 49.948508], [6.091608, 49.948461], [6.09162, 49.948423], [6.09162, 49.948378], [6.091627, 49.94832], [6.091658, 49.948278], [6.091684, 49.948206], [6.091688, 49.948175], [6.091684, 49.948114], [6.091688, 49.948084], [6.091711, 49.948058], [6.091761, 49.94803], [6.091867, 49.947968], [6.091928, 49.947916], [6.091963, 49.947868], [6.091982, 49.947808], [6.091978, 49.947768], [6.091974, 49.947714], [6.091948, 49.947638], [6.09194, 49.947592], [6.09194, 49.947558], [6.091951, 49.947531], [6.092032, 49.947454], [6.092077, 49.947398], [6.092104, 49.94734], [6.092108, 49.947283], [6.092108, 49.947214], [6.092081, 49.947122], [6.092028, 49.946993], [6.092001, 49.946932], [6.092009, 49.946913], [6.092047, 49.946894], [6.092073, 49.946871], [6.092077, 49.946852], [6.092085, 49.946791], [6.092096, 49.946768], [6.092115, 49.946758], [6.09215, 49.946745], [6.092188, 49.946745], [6.092215, 49.946741], [6.092245, 49.946726], [6.092257, 49.946718], [6.09226, 49.946695], [6.092253, 49.946678], [6.092234, 49.946658], [6.092176, 49.946615], [6.092043, 49.946535], [6.091864, 49.946418], [6.091841, 49.946405], [6.091715, 49.946375], [6.091646, 49.94634], [6.091593, 49.946308], [6.091558, 49.946295], [6.091475, 49.946268], [6.091456, 49.946258], [6.091444, 49.946226], [6.091436, 49.946192], [6.091452, 49.946123], [6.091444, 49.946108], [6.091425, 49.946093], [6.091372, 49.946068], [6.091326, 49.946048], [6.091295, 49.94602], [6.091249, 49.945968], [6.091169, 49.945858], [6.091127, 49.945814], [6.091089, 49.945784], [6.091047, 49.945758], [6.091009, 49.945742], [6.090982, 49.945738], [6.090941, 49.945742], [6.090879, 49.945753], [6.090784, 49.945791], [6.090757, 49.945791], [6.090731, 49.945778], [6.090719, 49.945761], [6.090727, 49.94573], [6.09075, 49.945692], [6.090784, 49.94565], [6.090811, 49.945631], [6.090887, 49.945608], [6.091021, 49.945588], [6.091059, 49.945581], [6.091078, 49.945566], [6.091082, 49.945548], [6.091066, 49.94552], [6.09104, 49.945501], [6.091017, 49.945488], [6.090982, 49.945488], [6.090914, 49.945518], [6.090872, 49.945528], [6.090845, 49.945524], [6.090815, 49.945513], [6.090792, 49.945486], [6.09078, 49.945463], [6.090795, 49.945433], [6.090826, 49.945408], [6.090849, 49.945383], [6.09086, 49.94536], [6.090853, 49.945341], [6.090834, 49.945318], [6.090792, 49.945288], [6.09078, 49.945268], [6.090788, 49.945246], [6.090815, 49.945208], [6.090826, 49.945166], [6.09083, 49.945128], [6.090826, 49.945098], [6.090807, 49.945074], [6.09078, 49.945058], [6.090746, 49.945058], [6.090673, 49.945063], [6.090597, 49.945085], [6.090509, 49.945105], [6.090479, 49.945105], [6.090448, 49.945101], [6.09041, 49.945082], [6.090383, 49.945055], [6.090349, 49.945008], [6.090334, 49.944968], [6.090326, 49.944938], [6.090345, 49.944895], [6.090391, 49.944834], [6.090452, 49.944754], [6.090467, 49.944708], [6.090471, 49.944662], [6.090452, 49.944588], [6.090426, 49.944508], [6.090387, 49.944468], [6.090334, 49.944408], [6.090258, 49.944348], [6.090208, 49.944318], [6.090113, 49.944288], [6.090021, 49.944261], [6.089956, 49.944228], [6.089891, 49.944168], [6.089868, 49.94412], [6.089865, 49.944078], [6.089956, 49.944063], [6.090033, 49.944044], [6.090075, 49.944021], [6.090105, 49.943978], [6.090136, 49.943911], [6.090162, 49.943865], [6.090212, 49.943685], [6.090262, 49.943563], [6.090586, 49.943243], [6.090719, 49.943108], [6.090838, 49.943022], [6.090883, 49.942984], [6.090929, 49.942918], [6.090979, 49.942848], [6.091085, 49.942751], [6.091185, 49.942688], [6.091356, 49.942606], [6.09144, 49.942598], [6.091513, 49.942588], [6.091558, 49.942575], [6.091585, 49.942552], [6.091589, 49.942528], [6.091558, 49.942508], [6.091532, 49.94248], [6.091532, 49.942453], [6.091558, 49.942411], [6.091597, 49.942366], [6.091642, 49.942354], [6.091867, 49.94235], [6.091928, 49.94235], [6.091982, 49.942338], [6.09202, 49.942318], [6.09234, 49.942022], [6.092478, 49.941915], [6.09276, 49.941698], [6.092966, 49.941538], [6.093046, 49.941473], [6.093081, 49.941431], [6.093096, 49.9414], [6.093107, 49.941368], [6.0931, 49.94132], [6.093073, 49.941225], [6.093054, 49.941004], [6.093061, 49.940966], [6.093092, 49.940916], [6.093122, 49.940858], [6.09313, 49.940828], [6.093119, 49.940794], [6.093069, 49.940748], [6.093027, 49.94071], [6.09305, 49.940435], [6.092501, 49.940118], [6.091982, 49.939955], [6.091551, 49.939806], [6.091349, 49.939722], [6.090822, 49.939482], [6.090361, 49.939264], [6.089758, 49.938998], [6.089613, 49.938944], [6.089479, 49.938902], [6.089277, 49.938848], [6.089239, 49.938828], [6.089109, 49.938738], [6.088949, 49.938631], [6.088774, 49.938528], [6.088614, 49.938428], [6.088518, 49.938372], [6.088491, 49.93836], [6.088453, 49.938352], [6.08843, 49.938358], [6.088415, 49.93836], [6.088381, 49.938352], [6.088354, 49.938333], [6.088327, 49.938291], [6.088308, 49.938228], [6.088289, 49.938178], [6.088285, 49.938131], [6.088308, 49.938082], [6.088316, 49.938063], [6.088301, 49.938048], [6.088278, 49.938032], [6.088137, 49.938018], [6.088106, 49.938002], [6.08808, 49.937975], [6.088072, 49.937925], [6.08808, 49.93786], [6.088114, 49.937715], [6.088114, 49.937668], [6.088099, 49.937598], [6.088095, 49.937548], [6.088102, 49.937521], [6.088125, 49.937502], [6.088198, 49.937471], [6.088266, 49.937448], [6.088285, 49.937426], [6.088289, 49.937408], [6.088259, 49.937372], [6.088186, 49.93733], [6.088095, 49.937296], [6.088018, 49.937273], [6.087912, 49.937248], [6.087801, 49.937231], [6.087576, 49.937231], [6.087519, 49.937218], [6.087496, 49.937198], [6.087469, 49.937188], [6.087454, 49.937155], [6.087458, 49.937108], [6.087473, 49.937082], [6.087503, 49.937055], [6.087565, 49.937008], [6.087584, 49.936988], [6.087603, 49.93696], [6.087603, 49.936895], [6.08753, 49.936685], [6.087473, 49.936528], [6.087477, 49.936498], [6.0875, 49.936476], [6.087538, 49.936434], [6.087561, 49.936403], [6.087576, 49.936368], [6.087591, 49.936328], [6.087599, 49.936293], [6.087599, 49.936262], [6.08761, 49.936235], [6.087606, 49.936212], [6.087622, 49.936174], [6.087664, 49.936118], [6.087698, 49.936052], [6.087721, 49.935972], [6.087763, 49.935896], [6.087771, 49.935868], [6.087763, 49.935838], [6.087709, 49.935762], [6.087679, 49.935698], [6.087656, 49.935606], [6.087622, 49.935533], [6.08758, 49.935453], [6.087553, 49.935354], [6.087526, 49.93519], [6.087507, 49.935144], [6.087477, 49.935114], [6.087431, 49.935083], [6.08732, 49.935053], [6.087252, 49.935028], [6.087221, 49.935011], [6.087202, 49.934988], [6.087198, 49.934954], [6.087206, 49.934912], [6.087282, 49.934728], [6.087316, 49.934595], [6.087343, 49.934473], [6.087381, 49.9344], [6.087427, 49.934343], [6.087549, 49.93424], [6.087576, 49.934218], [6.087564, 49.934216], [6.087125, 49.93413], [6.087033, 49.934116], [6.087126, 49.933823], [6.087173, 49.9337], [6.087286, 49.93348], [6.087323, 49.933407], [6.087385, 49.933304], [6.087351, 49.933292], [6.087138, 49.933228], [6.087014, 49.9332], [6.086889, 49.93318], [6.086704, 49.933163], [6.08661, 49.933155], [6.086481, 49.93315], [6.086347, 49.93315], [6.086131, 49.933155], [6.086011, 49.933163], [6.085973, 49.933205], [6.085923, 49.9333], [6.085874, 49.933422], [6.085847, 49.933544], [6.085813, 49.93378], [6.085545, 49.93391], [6.084935, 49.93396], [6.084504, 49.93399], [6.083774, 49.93392], [6.083702, 49.933907], [6.083559, 49.933876], [6.083417, 49.93385], [6.083386, 49.93384], [6.083349, 49.933834], [6.082917, 49.933723], [6.082781, 49.933693], [6.082517, 49.933636], [6.082453, 49.933624], [6.082159, 49.93356], [6.081873, 49.93349], [6.081762, 49.933456], [6.081171, 49.933258], [6.080538, 49.93305], [6.080187, 49.93293], [6.079977, 49.93284], [6.079626, 49.93267], [6.07968, 49.932438], [6.079348, 49.932373], [6.079214, 49.93236], [6.079081, 49.932358], [6.078943, 49.932365], [6.078623, 49.932392], [6.078257, 49.932423], [6.077711, 49.932484], [6.077356, 49.932526], [6.076963, 49.93257], [6.076624, 49.932613], [6.076029, 49.9327], [6.075884, 49.932728], [6.075663, 49.93258], [6.075413, 49.932724], [6.075315, 49.932774], [6.075022, 49.932896], [6.074854, 49.932983], [6.074781, 49.933037], [6.074732, 49.933086], [6.074678, 49.93317], [6.074652, 49.93325], [6.074602, 49.933376], [6.074366, 49.933178], [6.073942, 49.933357], [6.07374, 49.933914], [6.073515, 49.933956], [6.073332, 49.933994], [6.072569, 49.93419], [6.071314, 49.934505], [6.071089, 49.934555], [6.071035, 49.934547], [6.071211, 49.934223], [6.071276, 49.934113], [6.071318, 49.933964], [6.071329, 49.93377], [6.071306, 49.933575], [6.071207, 49.933266], [6.071077, 49.932953], [6.070967, 49.932777], [6.070913, 49.93271], [6.070757, 49.93257], [6.070597, 49.932453], [6.070467, 49.932354], [6.070337, 49.932312], [6.070311, 49.932304], [6.070345, 49.932476], [6.070353, 49.9325], [6.070364, 49.932545], [6.070391, 49.932785], [6.070406, 49.932976], [6.070425, 49.933037], [6.070456, 49.93307], [6.07057, 49.933155], [6.070608, 49.93319], [6.070631, 49.93323], [6.070635, 49.93329], [6.070627, 49.933384], [6.070642, 49.933437], [6.070688, 49.93354], [6.070688, 49.93357], [6.070677, 49.93362], [6.070658, 49.93369], [6.070665, 49.93374], [6.070684, 49.933807], [6.070688, 49.933853], [6.070684, 49.93389], [6.070642, 49.93396], [6.070631, 49.934], [6.07062, 49.934063], [6.070593, 49.93409], [6.070433, 49.934162], [6.070337, 49.93421], [6.070276, 49.934235], [6.0702, 49.93426], [6.070086, 49.93429], [6.069952, 49.934326], [6.069921, 49.93433], [6.069879, 49.93433], [6.069811, 49.934315], [6.069666, 49.934273], [6.069559, 49.93425], [6.069467, 49.934235], [6.069204, 49.93422], [6.068979, 49.93421], [6.068876, 49.934208], [6.068727, 49.934216], [6.068613, 49.934223], [6.068514, 49.934246], [6.068438, 49.93427], [6.068373, 49.93431], [6.068308, 49.93436], [6.068228, 49.93445], [6.068079, 49.934643], [6.06798, 49.93478], [6.067934, 49.93483], [6.067881, 49.93487], [6.067816, 49.934906], [6.067728, 49.934937], [6.067606, 49.93496], [6.067514, 49.934975], [6.067427, 49.934975], [6.067255, 49.93496], [6.067141, 49.93495], [6.067061, 49.934956], [6.066988, 49.934963], [6.066938, 49.934986], [6.066877, 49.935024], [6.066824, 49.935043], [6.066778, 49.93505], [6.066713, 49.935055], [6.066668, 49.93505], [6.066591, 49.935028], [6.066454, 49.93498], [6.066343, 49.93495], [6.066252, 49.934937], [6.066134, 49.934925], [6.066023, 49.93492], [6.065947, 49.93493], [6.065828, 49.93495], [6.06571, 49.934967], [6.065588, 49.934975], [6.065519, 49.93499], [6.065477, 49.93501], [6.065443, 49.935036], [6.065401, 49.9351], [6.06534, 49.935238], [6.065245, 49.93548], [6.065222, 49.935555], [6.065199, 49.935757], [6.065149, 49.935993], [6.065142, 49.93608], [6.065126, 49.936172], [6.065088, 49.936253], [6.065065, 49.936306], [6.065046, 49.93646], [6.065065, 49.9366], [6.065073, 49.93672], [6.06505, 49.937027], [6.065039, 49.937214], [6.065027, 49.937256], [6.064989, 49.937305], [6.064951, 49.937344], [6.064936, 49.937374], [6.064947, 49.93741], [6.064966, 49.937443], [6.064974, 49.937504], [6.06497, 49.937584], [6.064966, 49.937714], [6.064959, 49.937775], [6.064955, 49.93782], [6.064917, 49.93796], [6.064882, 49.938057], [6.064844, 49.938217], [6.064794, 49.938343], [6.064661, 49.93857], [6.064577, 49.938713], [6.064508, 49.93882], [6.064432, 49.938946], [6.06439, 49.939007], [6.064337, 49.939053], [6.064276, 49.939095], [6.064241, 49.939133], [6.064192, 49.93922], [6.064035, 49.939613], [6.063921, 49.9399], [6.063784, 49.94023], [6.06362, 49.940575], [6.063616, 49.94059], [6.06357, 49.940685], [6.063562, 49.940697], [6.063532, 49.94076], [6.063387, 49.94114], [6.063303, 49.941307], [6.063273, 49.94137], [6.063257, 49.941463], [6.063253, 49.941586], [6.063276, 49.941723], [6.063318, 49.941853], [6.063379, 49.941975], [6.063425, 49.94204], [6.063505, 49.942112], [6.0636, 49.942184], [6.063669, 49.942245], [6.063978, 49.94257], [6.064123, 49.94272], [6.064218, 49.9428], [6.064276, 49.942856], [6.064318, 49.94291], [6.064333, 49.942955], [6.064348, 49.943077], [6.064352, 49.943176], [6.064348, 49.943317], [6.06436, 49.943436], [6.064383, 49.943497], [6.064428, 49.943565], [6.064485, 49.943623], [6.064707, 49.94377], [6.064932, 49.94392], [6.064974, 49.943954], [6.065012, 49.94401], [6.065119, 49.94419], [6.06513, 49.944237], [6.065123, 49.944286], [6.065069, 49.944466], [6.065042, 49.94455], [6.065008, 49.944637], [6.064974, 49.944695], [6.064897, 49.944782], [6.064856, 49.944836], [6.064825, 49.944874], [6.064726, 49.94502], [6.064661, 49.94511], [6.0646, 49.945187], [6.064508, 49.945274], [6.064489, 49.94531], [6.064451, 49.94544], [6.064425, 49.9455], [6.064379, 49.945564], [6.064329, 49.945637], [6.064318, 49.945667], [6.06431, 49.945744], [6.064302, 49.94582], [6.064283, 49.945866], [6.064253, 49.945904], [6.064203, 49.945934], [6.0641, 49.945988], [6.063761, 49.94614], [6.063574, 49.946224], [6.063436, 49.9463], [6.063387, 49.94634], [6.063372, 49.94637], [6.063368, 49.94641], [6.063372, 49.946484], [6.06336, 49.94652], [6.06333, 49.946564], [6.063284, 49.946617], [6.063238, 49.94665], [6.063139, 49.9467], [6.062704, 49.9469], [6.062666, 49.946938], [6.062643, 49.946964], [6.06262, 49.947033], [6.062597, 49.94714], [6.06259, 49.947308], [6.062597, 49.947388], [6.062613, 49.947468], [6.062635, 49.94752], [6.062685, 49.947594], [6.062757, 49.94768], [6.062849, 49.94776], [6.063005, 49.947887], [6.06304, 49.947926], [6.063063, 49.947956], [6.063066, 49.947994], [6.063047, 49.94807], [6.063009, 49.948265], [6.063017, 49.94832], [6.063036, 49.94838], [6.063074, 49.948418], [6.063215, 49.948524], [6.063314, 49.94859], [6.06341, 49.948624], [6.063562, 49.948673], [6.0637, 49.948753], [6.063868, 49.948845], [6.063932, 49.948895], [6.063978, 49.948936], [6.064039, 49.94904], [6.064074, 49.949078], [6.064137, 49.949123], [6.064188, 49.949146], [6.064247, 49.949158], [6.064346, 49.949154], [6.064425, 49.949142], [6.064511, 49.949112], [6.064576, 49.949066], [6.064641, 49.949036], [6.064717, 49.949024], [6.06487, 49.948997], [6.064946, 49.948986], [6.065002, 49.949], [6.065122, 49.94907], [6.065239, 49.949165], [6.065349, 49.949223], [6.065381, 49.949245], [6.065389, 49.94927], [6.065341, 49.94938], [6.06534, 49.949425], [6.065397, 49.94955], [6.06544, 49.94966], [6.065476, 49.949776], [6.065472, 49.949825], [6.065441, 49.949947], [6.065449, 49.95001], [6.065487, 49.950092], [6.065491, 49.950184], [6.06548, 49.950245], [6.065444, 49.95033], [6.065425, 49.950386], [6.06542, 49.950413], [6.065438, 49.950466], [6.065439, 49.95051], [6.065404, 49.950565], [6.065371, 49.9506], [6.06527, 49.95067], [6.065191, 49.950737], [6.065137, 49.95081], [6.065088, 49.950905], [6.065047, 49.95101], [6.065009, 49.95115], [6.064978, 49.951214], [6.064942, 49.95127], [6.064895, 49.951317], [6.064806, 49.95139], [6.064735, 49.951427], [6.064662, 49.951458], [6.064579, 49.95147], [6.064519, 49.95148], [6.064461, 49.951515], [6.064296, 49.951622], [6.064215, 49.951683], [6.064173, 49.95174], [6.064142, 49.951786], [6.064104, 49.95182], [6.064004, 49.951866], [6.063957, 49.951897], [6.063928, 49.951946], [6.063919, 49.951984], [6.063893, 49.95202], [6.063841, 49.952053], [6.063736, 49.952103], [6.063698, 49.952114], [6.063647, 49.95211], [6.063565, 49.952095], [6.063531, 49.952095], [6.063486, 49.95211], [6.063228, 49.952232], [6.063064, 49.952297], [6.062938, 49.952347], [6.062885, 49.952377], [6.062843, 49.952423], [6.062775, 49.952534], [6.062741, 49.952602], [6.062731, 49.952644], [6.062736, 49.952717], [6.062744, 49.952785], [6.062737, 49.95283], [6.062663, 49.953144], [6.062666, 49.953175], [6.062679, 49.9532], [6.062702, 49.953228], [6.062822, 49.953304], [6.062938, 49.953354], [6.063048, 49.953392], [6.063233, 49.953426], [6.063377, 49.95346], [6.063485, 49.95349], [6.063624, 49.953537], [6.063739, 49.95359], [6.064001, 49.953716], [6.064256, 49.95383], [6.064515, 49.95395], [6.064575, 49.953987], [6.064593, 49.954006], [6.064593, 49.954037], [6.064568, 49.95417], [6.064557, 49.95425], [6.064549, 49.954327], [6.064537, 49.954372], [6.064527, 49.95439], [6.064494, 49.954407], [6.064461, 49.954422], [6.064354, 49.95445], [6.064204, 49.95448], [6.064128, 49.954502], [6.064041, 49.95453], [6.063974, 49.954567], [6.063846, 49.95464], [6.063798, 49.95466], [6.063753, 49.954674], [6.063486, 49.954723], [6.06326, 49.954765], [6.06319, 49.95477], [6.063115, 49.954773], [6.063048, 49.954777], [6.062851, 49.954792], [6.062706, 49.954823], [6.062647, 49.954834], [6.062529, 49.954838], [6.062242, 49.954872], [6.062108, 49.954914], [6.062022, 49.95493], [6.061959, 49.954937], [6.061894, 49.95494], [6.061826, 49.95495], [6.061657, 49.955013], [6.061523, 49.955093], [6.061459, 49.955116], [6.061407, 49.955128], [6.061313, 49.955154], [6.061195, 49.955223], [6.061149, 49.955242], [6.061109, 49.955254], [6.061098, 49.95525], [6.060968, 49.955204], [6.060225, 49.954933], [6.060053, 49.954876], [6.059935, 49.95485], [6.059542, 49.954754], [6.059256, 49.954674], [6.059092, 49.954624], [6.058866, 49.954544], [6.058394, 49.95438], [6.058195, 49.954323], [6.058081, 49.954292], [6.05781, 49.954224], [6.057455, 49.954132], [6.057306, 49.954094], [6.057249, 49.95408], [6.057157, 49.95406], [6.057001, 49.954018], [6.056848, 49.953976], [6.056784, 49.95396], [6.056753, 49.953953], [6.056665, 49.953938], [6.056539, 49.95393], [6.056482, 49.953926], [6.056315, 49.953945], [6.056154, 49.95397], [6.056051, 49.953987], [6.055876, 49.954018], [6.055822, 49.954025], [6.055792, 49.95403], [6.055727, 49.95404], [6.055655, 49.954044], [6.05559, 49.95404], [6.055479, 49.954037], [6.055464, 49.954037], [6.055429, 49.954033], [6.055273, 49.954018], [6.054976, 49.953987], [6.054899, 49.95398], [6.054823, 49.953968], [6.054674, 49.953945], [6.054541, 49.953922], [6.054514, 49.95392], [6.054457, 49.953903], [6.054396, 49.953884], [6.054113, 49.953754], [6.053339, 49.953373], [6.053003, 49.9532], [6.052153, 49.952915], [6.051741, 49.95277], [6.051355, 49.952633], [6.051275, 49.952602], [6.051237, 49.952587], [6.051062, 49.952522], [6.050852, 49.952442], [6.050817, 49.952427], [6.050676, 49.952374], [6.050787, 49.95197], [6.050951, 49.951916], [6.051844, 49.95165], [6.052092, 49.951576], [6.052877, 49.951504], [6.052923, 49.9515], [6.053396, 49.951454], [6.053888, 49.95141], [6.054087, 49.95139], [6.054129, 49.951385], [6.05419, 49.951366], [6.054254, 49.951336], [6.054312, 49.951283], [6.054396, 49.95118], [6.054579, 49.950893], [6.053846, 49.95075], [6.053713, 49.950718], [6.053232, 49.95062], [6.053175, 49.950607], [6.053083, 49.950577], [6.052969, 49.950535], [6.052854, 49.950485], [6.052835, 49.950474], [6.05266, 49.950382], [6.052446, 49.95026], [6.052282, 49.95015], [6.052259, 49.950134], [6.052221, 49.950104], [6.052084, 49.95001], [6.052, 49.949944], [6.052061, 49.9499], [6.052095, 49.94986], [6.052122, 49.949795], [6.052145, 49.94972], [6.052141, 49.94967], [6.052107, 49.94962], [6.052004, 49.949497], [6.051901, 49.9494], [6.051756, 49.949284], [6.051573, 49.94915], [6.051489, 49.949074], [6.051306, 49.948883], [6.051191, 49.94878], [6.050959, 49.9486], [6.050791, 49.94847], [6.050703, 49.948402], [6.050619, 49.948326], [6.050489, 49.948177], [6.050383, 49.948055], [6.050341, 49.948032], [6.050241, 49.948025], [6.050177, 49.94803], [6.050081, 49.948055], [6.049974, 49.9481], [6.049921, 49.948093], [6.049822, 49.9481], [6.04973, 49.94812], [6.049559, 49.948185], [6.049406, 49.948223], [6.049196, 49.94829], [6.048975, 49.948357], [6.048845, 49.94838], [6.048742, 49.948406], [6.04867, 49.948414], [6.048498, 49.948414], [6.048292, 49.948418], [6.047964, 49.948437], [6.047857, 49.94845], [6.047735, 49.948483], [6.047621, 49.948505], [6.047483, 49.948536], [6.047396, 49.948578], [6.047342, 49.948597], [6.047228, 49.94862], [6.047171, 49.94865], [6.047087, 49.94871], [6.046987, 49.94876], [6.046869, 49.94882], [6.046808, 49.948826], [6.046751, 49.94883], [6.046648, 49.94882], [6.046541, 49.94881], [6.046484, 49.948822], [6.046305, 49.94885], [6.046232, 49.948856], [6.046175, 49.948856], [6.046072, 49.948837], [6.045958, 49.948807], [6.045702, 49.94874], [6.045256, 49.94861], [6.04516, 49.94858], [6.044909, 49.94851], [6.044683, 49.948433], [6.044512, 49.94838], [6.044317, 49.948326], [6.044115, 49.948273], [6.043989, 49.94824], [6.043741, 49.94814], [6.043573, 49.94809], [6.043497, 49.948082], [6.043444, 49.94807], [6.043406, 49.94805], [6.043352, 49.948017], [6.043207, 49.947964], [6.042986, 49.94789], [6.042734, 49.94781], [6.042513, 49.947727], [6.042162, 49.947575], [6.041902, 49.947475], [6.041597, 49.94736], [6.04133, 49.94728], [6.040998, 49.94721], [6.040747, 49.94716], [6.040502, 49.94714], [6.0404, 49.947132], [6.040464, 49.94724], [6.040564, 49.947395], [6.040617, 49.947556], [6.04069, 49.947792], [6.040667, 49.948074], [6.040628, 49.948257], [6.040628, 49.94831], [6.04064, 49.94838], [6.040667, 49.948456], [6.040701, 49.948517], [6.040808, 49.94865], [6.04101, 49.94888], [6.041044, 49.948925], [6.041052, 49.94896], [6.041048, 49.948994], [6.04101, 49.949043], [6.040762, 49.949318], [6.040537, 49.949627], [6.040442, 49.949753], [6.04038, 49.94982], [6.040174, 49.95003], [6.039965, 49.950237], [6.039911, 49.950283], [6.03969, 49.950443], [6.0394, 49.950615], [6.039267, 49.950687], [6.039064, 49.95081], [6.038889, 49.95092], [6.039656, 49.951237], [6.039968, 49.951256], [6.039988, 49.951256], [6.040197, 49.951294], [6.040411, 49.951336], [6.040621, 49.951454], [6.04101, 49.951733], [6.041109, 49.951805], [6.041262, 49.95194], [6.041407, 49.952076], [6.041552, 49.95224], [6.041616, 49.9523], [6.041685, 49.952362], [6.041838, 49.95247], [6.041899, 49.952515], [6.041964, 49.952576], [6.042131, 49.952793], [6.042204, 49.952873], [6.042265, 49.952946], [6.042295, 49.952995], [6.042311, 49.953075], [6.042318, 49.95317], [6.042318, 49.953194], [6.042303, 49.953213], [6.042196, 49.95334], [6.042044, 49.953533], [6.041998, 49.953598], [6.041826, 49.95377], [6.041731, 49.95387], [6.041696, 49.953907], [6.041674, 49.95393], [6.041601, 49.953995], [6.041494, 49.954075], [6.041365, 49.954144], [6.04122, 49.95421], [6.041182, 49.95422], [6.041101, 49.95424], [6.040953, 49.95428], [6.040762, 49.95435], [6.040522, 49.954407], [6.040205, 49.954483], [6.040163, 49.95449], [6.039942, 49.954617], [6.039892, 49.954647], [6.03953, 49.95482], [6.039068, 49.955025], [6.038996, 49.95508], [6.038912, 49.955147], [6.038847, 49.95522], [6.038801, 49.955284], [6.038721, 49.9554], [6.038664, 49.955452], [6.038595, 49.955517], [6.038477, 49.955612], [6.038347, 49.955723], [6.038294, 49.95579], [6.038168, 49.955956], [6.038061, 49.956062], [6.038027, 49.95612], [6.037985, 49.95621], [6.037947, 49.956318], [6.037878, 49.956425], [6.037706, 49.956642], [6.037615, 49.95675], [6.037493, 49.95696], [6.037455, 49.95703], [6.037291, 49.957355], [6.037241, 49.957455], [6.037188, 49.95752], [6.0371, 49.9576], [6.037062, 49.95763], [6.037012, 49.957676], [6.036955, 49.957733], [6.036909, 49.957806], [6.036886, 49.957897], [6.036863, 49.957973], [6.036829, 49.95801], [6.036802, 49.95803], [6.036737, 49.95806], [6.036657, 49.95809], [6.036646, 49.95813], [6.036676, 49.958176], [6.036909, 49.95819], [6.037111, 49.95821], [6.037413, 49.958275], [6.037821, 49.9584], [6.03813, 49.958508], [6.038382, 49.958588], [6.038717, 49.958664], [6.038904, 49.9587], [6.038942, 49.958733], [6.039015, 49.958797], [6.039084, 49.958847], [6.039167, 49.95891], [6.039297, 49.95901], [6.03945, 49.959106], [6.039801, 49.95934], [6.040125, 49.959553], [6.040201, 49.959602], [6.040319, 49.959694], [6.040567, 49.959904], [6.04069, 49.96], [6.040793, 49.96008], [6.040918, 49.960163], [6.041067, 49.96025], [6.041265, 49.960377], [6.041353, 49.96043], [6.041613, 49.9606], [6.041674, 49.960648], [6.041845, 49.9608], [6.041994, 49.960938], [6.042021, 49.960968], [6.042097, 49.96106], [6.042131, 49.96111], [6.042162, 49.961174], [6.042177, 49.96122], [6.042196, 49.961296], [6.042231, 49.961475], [6.042257, 49.961655], [6.042822, 49.961723], [6.042807, 49.961834], [6.042791, 49.961918], [6.042765, 49.962017], [6.04273, 49.962124], [6.0427, 49.96217], [6.042662, 49.962208], [6.042601, 49.962254], [6.042448, 49.962357], [6.042391, 49.962418], [6.042337, 49.962486], [6.042131, 49.962894], [6.042112, 49.962946], [6.04209, 49.963005], [6.042074, 49.963078], [6.042063, 49.963127], [6.041998, 49.963398], [6.041983, 49.9634], [6.041929, 49.9634], [6.041895, 49.963394], [6.041853, 49.963383], [6.041788, 49.96337], [6.041765, 49.963364], [6.041742, 49.96336], [6.041693, 49.96336], [6.041632, 49.963367], [6.041575, 49.96336], [6.04154, 49.96335], [6.041525, 49.963326], [6.041487, 49.96328], [6.041456, 49.96326], [6.041391, 49.963245], [6.041319, 49.963238], [6.041296, 49.963238], [6.041246, 49.963245], [6.041197, 49.963264], [6.041128, 49.963287], [6.041117, 49.963287], [6.04101, 49.96328], [6.040892, 49.963264], [6.040815, 49.963272], [6.040739, 49.963272], [6.040655, 49.96326], [6.040564, 49.96324], [6.040529, 49.963226], [6.040499, 49.963223], [6.040464, 49.963223], [6.040396, 49.963234], [6.040346, 49.963234], [6.040239, 49.96321], [6.040194, 49.963196], [6.040159, 49.963192], [6.040129, 49.963196], [6.040041, 49.96322], [6.039904, 49.963226], [6.039762, 49.963226], [6.039522, 49.963207], [6.039328, 49.9632], [6.039179, 49.963203], [6.038534, 49.96327], [6.038294, 49.963326], [6.03797, 49.96342], [6.037558, 49.96358], [6.037195, 49.96374], [6.036802, 49.963924], [6.036764, 49.963943], [6.036684, 49.964005], [6.036604, 49.96405], [6.036505, 49.964096], [6.036436, 49.964115], [6.036367, 49.964127], [6.036295, 49.964127], [6.036177, 49.964108], [6.036108, 49.964104], [6.036058, 49.964104], [6.035925, 49.964146], [6.035795, 49.964188], [6.035765, 49.964195], [6.035635, 49.964214], [6.035509, 49.96423], [6.035399, 49.96425], [6.03507, 49.964317], [6.034735, 49.96437], [6.034487, 49.964424], [6.03433, 49.964413], [6.0343, 49.964417], [6.034189, 49.964443], [6.034178, 49.964443], [6.034056, 49.964466], [6.033541, 49.96457], [6.033277, 49.964622], [6.033087, 49.964645], [6.0329, 49.96466], [6.032736, 49.964672], [6.032453, 49.96469], [6.032362, 49.964706], [6.032259, 49.964737], [6.032114, 49.964817], [6.032042, 49.96486], [6.03198, 49.96488], [6.031832, 49.964905], [6.031549, 49.964954], [6.031275, 49.965015], [6.031168, 49.96503], [6.03105, 49.965034], [6.030905, 49.965015], [6.030737, 49.96498], [6.030603, 49.964928], [6.0305, 49.964878], [6.03042, 49.964836], [6.030405, 49.96483], [6.030348, 49.964806], [6.030271, 49.964775], [6.030107, 49.964684], [6.030005, 49.96464], [6.029943, 49.964626], [6.029882, 49.964622], [6.029787, 49.96462], [6.029695, 49.96461], [6.029615, 49.96459], [6.029425, 49.964535], [6.029283, 49.96449], [6.029116, 49.96444], [6.028963, 49.964386], [6.028711, 49.964264], [6.028646, 49.96422], [6.028559, 49.964134], [6.028463, 49.964085], [6.028376, 49.964024], [6.028341, 49.963955], [6.028326, 49.963997], [6.028299, 49.964024], [6.028227, 49.964066], [6.028131, 49.96408], [6.02807, 49.9641], [6.027998, 49.964172], [6.027941, 49.964268], [6.027849, 49.964348], [6.02775, 49.964413], [6.027719, 49.96443], [6.027689, 49.964478], [6.027651, 49.964565], [6.027594, 49.9647], [6.027548, 49.96478], [6.027525, 49.9648], [6.027475, 49.96484], [6.0273, 49.964966], [6.027113, 49.965137], [6.02688, 49.96532], [6.026823, 49.96541], [6.026781, 49.965458], [6.026712, 49.96551], [6.026575, 49.96562], [6.026506, 49.9657], [6.026442, 49.96574], [6.026381, 49.965767], [6.02627, 49.96582], [6.026228, 49.96585], [6.026182, 49.965916], [6.026136, 49.965992], [6.02611, 49.96608], [6.02611, 49.96611], [6.026163, 49.96615], [6.026178, 49.966198], [6.02619, 49.96624], [6.026178, 49.966274], [6.026182, 49.966312], [6.026224, 49.966347], [6.026304, 49.96641], [6.026354, 49.96644], [6.026465, 49.966484], [6.026525, 49.966526], [6.026636, 49.966663], [6.026758, 49.96682], [6.026857, 49.966953], [6.02693, 49.967087], [6.027101, 49.96728], [6.02725, 49.967484], [6.027281, 49.96753], [6.02743, 49.96767], [6.02751, 49.967777], [6.027517, 49.9678], [6.027041, 49.967606], [6.026693, 49.967472], [6.026362, 49.96733], [6.026079, 49.967205], [6.025854, 49.9671], [6.025633, 49.966972], [6.025408, 49.966827], [6.025244, 49.966698], [6.025129, 49.96658], [6.025053, 49.966457], [6.02495, 49.966236], [6.024897, 49.966152], [6.024855, 49.966118], [6.024805, 49.9661], [6.024752, 49.9661], [6.02466, 49.966103], [6.024641, 49.966133], [6.024523, 49.966305], [6.024439, 49.966396], [6.024374, 49.966454], [6.024118, 49.96663], [6.024042, 49.966698], [6.023909, 49.966846], [6.023672, 49.96703], [6.023554, 49.967125], [6.02347, 49.967228], [6.023409, 49.967377], [6.023329, 49.9677], [6.023325, 49.967743]]]]}}]}