{"type": "FeatureCollection", "features": [{"type": "Feature", "properties": {"name": "A Laeschent"}, "geometry": {"type": "Point", "coordinates": [6.0233922, 49.9528771]}}, {"type": "Feature", "properties": {"name": "A Schweizesch"}, "geometry": {"type": "Point", "coordinates": [5.9531029, 49.7758096]}}, {"type": "Feature", "properties": {"name": "A Wënschel"}, "geometry": {"type": "Point", "coordinates": [5.9156395, 49.505952]}}, {"type": "Feature", "properties": {"name": "A la Fontaine d'Olière"}, "geometry": {"type": "Point", "coordinates": [5.8183765, 49.5415959]}}, {"type": "Feature", "properties": {"name": "Aal"}, "geometry": {"type": "Point", "coordinates": [6.3637984, 49.6014316]}}, {"type": "Feature", "properties": {"name": "Aalberbierg"}, "geometry": {"type": "Point", "coordinates": [5.8876097, 50.0518208]}}, {"type": "Feature", "properties": {"name": "Aalshiwwel"}, "geometry": {"type": "Point", "coordinates": [6.2538761, 49.8867305]}}, {"type": "Feature", "properties": {"name": "Aarbelswues"}, "geometry": {"type": "Point", "coordinates": [6.2871538, 49.686078]}}, {"type": "Feature", "properties": {"name": "Aaschtert"}, "geometry": {"type": "Point", "coordinates": [5.8505416, 49.9294971]}}, {"type": "Feature", "properties": {"name": "Aaspelen"}, "geometry": {"type": "Point", "coordinates": [6.2364364, 49.8948556]}}, {"type": "Feature", "properties": {"name": "Aasselburermillen"}, "geometry": {"type": "Point", "coordinates": [5.9644731, 50.0881765]}}, {"type": "Feature", "properties": {"name": "Aasselt"}, "geometry": {"type": "Point", "coordinates": [6.1749119, 49.5929373]}}, {"type": "Feature", "properties": {"name": "Aastert"}, "geometry": {"type": "Point", "coordinates": [5.9866476, 49.9370452]}}, {"type": "Feature", "properties": {"name": "Abbaye de Clervaux"}, "geometry": {"type": "Point", "coordinates": [6.0223162, 50.0571741]}}, {"type": "Feature", "properties": {"name": "Abweiler"}, "geometry": {"type": "Point", "coordinates": [6.080064, 49.532978]}}, {"type": "Feature", "properties": {"name": "Ackerscheid"}, "geometry": {"type": "Point", "coordinates": [6.122564, 49.9776722]}}, {"type": "Feature", "properties": {"name": "Ademsgriecht"}, "geometry": {"type": "Point", "coordinates": [6.1901307, 49.9034284]}}, {"type": "Feature", "properties": {"name": "Aechels"}, "geometry": {"type": "Point", "coordinates": [6.1685765, 49.8371244]}}, {"type": "Feature", "properties": {"name": "Aelchen"}, "geometry": {"type": "Point", "coordinates": [5.8828837, 49.9232031]}}, {"type": "Feature", "properties": {"name": "Aes"}, "geometry": {"type": "Point", "coordinates": [5.997768, 49.9326601]}}, {"type": "Feature", "properties": {"name": "Aeschend"}, "geometry": {"type": "Point", "coordinates": [6.0093498, 49.9475541]}}, {"type": "Feature", "properties": {"name": "Aessen"}, "geometry": {"type": "Point", "coordinates": [6.4505195, 49.7383211]}}, {"type": "Feature", "properties": {"name": "Ahn"}, "geometry": {"type": "Point", "coordinates": [6.421059, 49.6275608]}}, {"type": "Feature", "properties": {"name": "Aire de Berchem"}, "geometry": {"type": "Point", "coordinates": [6.1181632, 49.5419472]}}, {"type": "Feature", "properties": {"name": "Akbësch"}, "geometry": {"type": "Point", "coordinates": [5.843128, 49.9389787]}}, {"type": "Feature", "properties": {"name": "Akefeld"}, "geometry": {"type": "Point", "coordinates": [6.1394477, 49.9449236]}}, {"type": "Feature", "properties": {"name": "Aker"}, "geometry": {"type": "Point", "coordinates": [6.1392626, 50.0026707]}}, {"type": "Feature", "properties": {"name": "Aker"}, "geometry": {"type": "Point", "coordinates": [5.9545362, 49.9829028]}}, {"type": "Feature", "properties": {"name": "Albenner"}, "geometry": {"type": "Point", "coordinates": [5.9412539, 50.1266794]}}, {"type": "Feature", "properties": {"name": "Alberknapp"}, "geometry": {"type": "Point", "coordinates": [5.8724821, 50.0496232]}}, {"type": "Feature", "properties": {"name": "Albuerg"}, "geometry": {"type": "Point", "coordinates": [6.2671423, 49.767185]}}, {"type": "Feature", "properties": {"name": "Alebierg"}, "geometry": {"type": "Point", "coordinates": [6.0142261, 50.0659049]}}, {"type": "Feature", "properties": {"name": "Alebësch"}, "geometry": {"type": "Point", "coordinates": [5.9540105, 49.8466035]}}, {"type": "Feature", "properties": {"name": "Alebësch"}, "geometry": {"type": "Point", "coordinates": [5.9557187, 49.8436492]}}, {"type": "Feature", "properties": {"name": "Alef"}, "geometry": {"type": "Point", "coordinates": [6.432093, 49.7972584]}}, {"type": "Feature", "properties": {"name": "Alegaart"}, "geometry": {"type": "Point", "coordinates": [6.0645229, 49.9898253]}}, {"type": "Feature", "properties": {"name": "Alen"}, "geometry": {"type": "Point", "coordinates": [5.9654689, 49.7898744]}}, {"type": "Feature", "properties": {"name": "Aler"}, "geometry": {"type": "Point", "coordinates": [6.200366, 49.9093536]}}, {"type": "Feature", "properties": {"name": "Allerborn"}, "geometry": {"type": "Point", "coordinates": [5.8701521, 50.0356425]}}, {"type": "Feature", "properties": {"name": "Allée"}, "geometry": {"type": "Point", "coordinates": [6.1929006, 49.6521234]}}, {"type": "Feature", "properties": {"name": "Almillen"}, "geometry": {"type": "Point", "coordinates": [5.9370084, 50.039581]}}, {"type": "Feature", "properties": {"name": "Alscheid"}, "geometry": {"type": "Point", "coordinates": [6.0071631, 49.9699596]}}, {"type": "Feature", "properties": {"name": "Alschleed"}, "geometry": {"type": "Point", "coordinates": [5.9747064, 50.0396052]}}, {"type": "Feature", "properties": {"name": "Altlinster"}, "geometry": {"type": "Point", "coordinates": [6.216248, 49.721522]}}, {"type": "Feature", "properties": {"name": "Altrier"}, "geometry": {"type": "Point", "coordinates": [6.3275859, 49.7510661]}}, {"type": "Feature", "properties": {"name": "Altschleed"}, "geometry": {"type": "Point", "coordinates": [6.238904, 49.5847684]}}, {"type": "Feature", "properties": {"name": "Altwies"}, "geometry": {"type": "Point", "coordinates": [6.2564471, 49.5106707]}}, {"type": "Feature", "properties": {"name": "Alzingen"}, "geometry": {"type": "Point", "coordinates": [6.1650753, 49.5677751]}}, {"type": "Feature", "properties": {"name": "Am Aang"}, "geometry": {"type": "Point", "coordinates": [6.0794949, 49.9155958]}}, {"type": "Feature", "properties": {"name": "Am Brillchen"}, "geometry": {"type": "Point", "coordinates": [6.3150305, 49.4843008]}}, {"type": "Feature", "properties": {"name": "Am Broch"}, "geometry": {"type": "Point", "coordinates": [6.3727618, 49.5622381]}}, {"type": "Feature", "properties": {"name": "Am Bäschterbierg"}, "geometry": {"type": "Point", "coordinates": [6.064857, 49.8769676]}}, {"type": "Feature", "properties": {"name": "Am Déieregaart"}, "geometry": {"type": "Point", "coordinates": [6.3211647, 49.4831176]}}, {"type": "Feature", "properties": {"name": "Am Gronn"}, "geometry": {"type": "Point", "coordinates": [5.9050113, 50.0153905]}}, {"type": "Feature", "properties": {"name": "Am Keionner"}, "geometry": {"type": "Point", "coordinates": [6.3216297, 49.477186]}}, {"type": "Feature", "properties": {"name": "Am Kickert"}, "geometry": {"type": "Point", "coordinates": [6.2472586, 49.6962374]}}, {"type": "Feature", "properties": {"name": "Am Komp"}, "geometry": {"type": "Point", "coordinates": [6.3378294, 49.5387059]}}, {"type": "Feature", "properties": {"name": "Am Partounika"}, "geometry": {"type": "Point", "coordinates": [5.8603746, 49.5640324]}}, {"type": "Feature", "properties": {"name": "Am Speisgrënchen"}, "geometry": {"type": "Point", "coordinates": [6.1158633, 49.6614197]}}, {"type": "Feature", "properties": {"name": "Am Zauberbësch"}, "geometry": {"type": "Point", "coordinates": [6.1183233, 49.6422294]}}, {"type": "Feature", "properties": {"name": "Am laange Gaard"}, "geometry": {"type": "Point", "coordinates": [6.3518482, 49.6206457]}}, {"type": "Feature", "properties": {"name": "Amicht"}, "geometry": {"type": "Point", "coordinates": [6.2867117, 49.822051]}}, {"type": "Feature", "properties": {"name": "An Pärdech"}, "geometry": {"type": "Point", "coordinates": [6.3503027, 49.5289876]}}, {"type": "Feature", "properties": {"name": "An der Driicht"}, "geometry": {"type": "Point", "coordinates": [5.9403733, 50.0039743]}}, {"type": "Feature", "properties": {"name": "An der Haartheck"}, "geometry": {"type": "Point", "coordinates": [6.2137046, 49.5606869]}}, {"type": "Feature", "properties": {"name": "An der Krompécht"}, "geometry": {"type": "Point", "coordinates": [6.2116796, 49.5602433]}}, {"type": "Feature", "properties": {"name": "Ancheburen"}, "geometry": {"type": "Point", "coordinates": [6.0399324, 50.0896468]}}, {"type": "Feature", "properties": {"name": "Angelsberg"}, "geometry": {"type": "Point", "coordinates": [6.1620138, 49.7648732]}}, {"type": "Feature", "properties": {"name": "Angelsbierg"}, "geometry": {"type": "Point", "coordinates": [6.2276304, 49.8408715]}}, {"type": "Feature", "properties": {"name": "Ansembourg"}, "geometry": {"type": "Point", "coordinates": [6.0397258, 49.7019441]}}, {"type": "Feature", "properties": {"name": "Antoniushof"}, "geometry": {"type": "Point", "coordinates": [5.9327796, 50.0677347]}}, {"type": "Feature", "properties": {"name": "Arkelsbour"}, "geometry": {"type": "Point", "coordinates": [5.7556236, 49.8423451]}}, {"type": "Feature", "properties": {"name": "Armesfenn"}, "geometry": {"type": "Point", "coordinates": [6.0309899, 50.154741]}}, {"type": "Feature", "properties": {"name": "Arsdorf"}, "geometry": {"type": "Point", "coordinates": [5.8427926, 49.8602932]}}, {"type": "Feature", "properties": {"name": "Arsdorf-Moulin"}, "geometry": {"type": "Point", "coordinates": [5.8569911, 49.8639452]}}, {"type": "Feature", "properties": {"name": "Asbrich"}, "geometry": {"type": "Point", "coordinates": [6.0723495, 49.9776249]}}, {"type": "Feature", "properties": {"name": "Aspelt"}, "geometry": {"type": "Point", "coordinates": [6.2251304, 49.5219947]}}, {"type": "Feature", "properties": {"name": "Asper"}, "geometry": {"type": "Point", "coordinates": [5.8734317, 49.6804182]}}, {"type": "Feature", "properties": {"name": "Assel"}, "geometry": {"type": "Point", "coordinates": [6.3140326, 49.5546656]}}, {"type": "Feature", "properties": {"name": "Asselborn"}, "geometry": {"type": "Point", "coordinates": [5.9721893, 50.0974663]}}, {"type": "Feature", "properties": {"name": "Asselbur"}, "geometry": {"type": "Point", "coordinates": [6.0408071, 49.9007896]}}, {"type": "Feature", "properties": {"name": "Asselscheuer"}, "geometry": {"type": "Point", "coordinates": [6.1725726, 49.6898818]}}, {"type": "Feature", "properties": {"name": "Atzebierg"}, "geometry": {"type": "Point", "coordinates": [6.0486719, 49.5611955]}}, {"type": "Feature", "properties": {"name": "Au Fier Pré"}, "geometry": {"type": "Point", "coordinates": [5.8156461, 49.5398789]}}, {"type": "Feature", "properties": {"name": "Auf Hoschteraal"}, "geometry": {"type": "Point", "coordinates": [6.0604043, 49.919738]}}, {"type": "Feature", "properties": {"name": "Auf dem Rost"}, "geometry": {"type": "Point", "coordinates": [6.09824, 49.7826154]}}, {"type": "Feature", "properties": {"name": "Aéroport de Luxembourg"}, "geometry": {"type": "Point", "coordinates": [6.2162516, 49.6347855]}}, {"type": "Feature", "properties": {"name": "Baachbierg"}, "geometry": {"type": "Point", "coordinates": [6.2631726, 49.8134256]}}, {"type": "Feature", "properties": {"name": "Baachwiss"}, "geometry": {"type": "Point", "coordinates": [6.3359999, 49.7612528]}}, {"type": "Feature", "properties": {"name": "Baafelt"}, "geometry": {"type": "Point", "coordinates": [5.933927, 49.6799425]}}, {"type": "Feature", "properties": {"name": "Bache Jang"}, "geometry": {"type": "Point", "coordinates": [5.8720785, 49.5002557]}}, {"type": "Feature", "properties": {"name": "Bakebur"}, "geometry": {"type": "Point", "coordinates": [5.7923779, 49.821582]}}, {"type": "Feature", "properties": {"name": "Bambësch"}, "geometry": {"type": "Point", "coordinates": [6.1906718, 49.7285294]}}, {"type": "Feature", "properties": {"name": "Bambësch"}, "geometry": {"type": "Point", "coordinates": [6.2183097, 49.700655]}}, {"type": "Feature", "properties": {"name": "Bamerdall"}, "geometry": {"type": "Point", "coordinates": [6.1548889, 49.8811333]}}, {"type": "Feature", "properties": {"name": "Ban de Gasperich"}, "geometry": {"type": "Point", "coordinates": [6.1225622, 49.5843111]}}, {"type": "Feature", "properties": {"name": "Banzelt"}, "geometry": {"type": "Point", "coordinates": [6.3288636, 49.6730094]}}, {"type": "Feature", "properties": {"name": "Banzelt"}, "geometry": {"type": "Point", "coordinates": [6.3382101, 49.8212342]}}, {"type": "Feature", "properties": {"name": "Bark"}, "geometry": {"type": "Point", "coordinates": [5.8776694, 49.927539]}}, {"type": "Feature", "properties": {"name": "Bartzbierg"}, "geometry": {"type": "Point", "coordinates": [5.9078186, 49.6996453]}}, {"type": "Feature", "properties": {"name": "Basbellain"}, "geometry": {"type": "Point", "coordinates": [5.9844215, 50.1451768]}}, {"type": "Feature", "properties": {"name": "Bascharage"}, "geometry": {"type": "Point", "coordinates": [5.912845, 49.5712686]}}, {"type": "Feature", "properties": {"name": "Baschleiden"}, "geometry": {"type": "Point", "coordinates": [5.8187084, 49.8994395]}}, {"type": "Feature", "properties": {"name": "Bassendell"}, "geometry": {"type": "Point", "coordinates": [6.0625058, 50.0090939]}}, {"type": "Feature", "properties": {"name": "Bassert"}, "geometry": {"type": "Point", "coordinates": [6.4646816, 49.7729086]}}, {"type": "Feature", "properties": {"name": "Bastendorf"}, "geometry": {"type": "Point", "coordinates": [6.1642081, 49.8907959]}}, {"type": "Feature", "properties": {"name": "Bateau pirate"}, "geometry": {"type": "Point", "coordinates": [6.1230562, 49.610586]}}, {"type": "Feature", "properties": {"name": "Batterie"}, "geometry": {"type": "Point", "coordinates": [6.1080774, 49.6326457]}}, {"type": "Feature", "properties": {"name": "Bausbur"}, "geometry": {"type": "Point", "coordinates": [6.1125478, 50.1318584]}}, {"type": "Feature", "properties": {"name": "Bauschelterbierg"}, "geometry": {"type": "Point", "coordinates": [5.7873434, 49.8974404]}}, {"type": "Feature", "properties": {"name": "Bavigne"}, "geometry": {"type": "Point", "coordinates": [5.8480567, 49.9210375]}}, {"type": "Feature", "properties": {"name": "Beaufort"}, "geometry": {"type": "Point", "coordinates": [6.2898933, 49.8350416]}}, {"type": "Feature", "properties": {"name": "Bech"}, "geometry": {"type": "Point", "coordinates": [6.3626568, 49.7520112]}}, {"type": "Feature", "properties": {"name": "Bech"}, "geometry": {"type": "Point", "coordinates": [5.8263159, 49.9007887]}}, {"type": "Feature", "properties": {"name": "Bech-Kleinmacher"}, "geometry": {"type": "Point", "coordinates": [6.3541214, 49.5317776]}}, {"type": "Feature", "properties": {"name": "Beckerich"}, "geometry": {"type": "Point", "coordinates": [5.8830092, 49.7307067]}}, {"type": "Feature", "properties": {"name": "Beddelsteen"}, "geometry": {"type": "Point", "coordinates": [6.2213996, 49.7027713]}}, {"type": "Feature", "properties": {"name": "Bei Reineschflesschen"}, "geometry": {"type": "Point", "coordinates": [6.1182358, 49.7018424]}}, {"type": "Feature", "properties": {"name": "Bei den dräi Eechen"}, "geometry": {"type": "Point", "coordinates": [6.4669793, 49.71402]}}, {"type": "Feature", "properties": {"name": "Bei der Kapell"}, "geometry": {"type": "Point", "coordinates": [6.1606532, 49.5302502]}}, {"type": "Feature", "properties": {"name": "Bei der Kiirch"}, "geometry": {"type": "Point", "coordinates": [6.3675829, 49.6003412]}}, {"type": "Feature", "properties": {"name": "Bei der aaler Kierch"}, "geometry": {"type": "Point", "coordinates": [6.1613252, 49.8691402]}}, {"type": "Feature", "properties": {"name": "Beidweiler"}, "geometry": {"type": "Point", "coordinates": [6.3021683, 49.7282221]}}, {"type": "Feature", "properties": {"name": "Beiler"}, "geometry": {"type": "Point", "coordinates": [6.0889894, 50.1627588]}}, {"type": "Feature", "properties": {"name": "Beim Bur"}, "geometry": {"type": "Point", "coordinates": [6.1534971, 49.6629439]}}, {"type": "Feature", "properties": {"name": "Beim Donatus"}, "geometry": {"type": "Point", "coordinates": [5.9944296, 49.9712929]}}, {"type": "Feature", "properties": {"name": "Beim Déiwe Lach"}, "geometry": {"type": "Point", "coordinates": [6.15008, 49.6864839]}}, {"type": "Feature", "properties": {"name": "Beim Engel"}, "geometry": {"type": "Point", "coordinates": [5.9533595, 49.7753456]}}, {"type": "Feature", "properties": {"name": "Belle-Étoile"}, "geometry": {"type": "Point", "coordinates": [6.0510448, 49.6239068]}}, {"type": "Feature", "properties": {"name": "Belval-Rédange-Halte"}, "geometry": {"type": "Point", "coordinates": [5.9236462, 49.5030618]}}, {"type": "Feature", "properties": {"name": "Belvaux"}, "geometry": {"type": "Point", "coordinates": [5.9354153, 49.5128101]}}, {"type": "Feature", "properties": {"name": "Berbourg"}, "geometry": {"type": "Point", "coordinates": [6.3930416, 49.7342731]}}, {"type": "Feature", "properties": {"name": "Berbuergerhaff"}, "geometry": {"type": "Point", "coordinates": [6.3939268, 49.717833]}}, {"type": "Feature", "properties": {"name": "Berchem"}, "geometry": {"type": "Point", "coordinates": [6.1295194, 49.5398315]}}, {"type": "Feature", "properties": {"name": "Berdorf"}, "geometry": {"type": "Point", "coordinates": [6.35096, 49.822329]}}, {"type": "Feature", "properties": {"name": "Bereldange"}, "geometry": {"type": "Point", "coordinates": [6.1215966, 49.6552606]}}, {"type": "Feature", "properties": {"name": "Berelergrund"}, "geometry": {"type": "Point", "coordinates": [6.1134903, 49.653159]}}, {"type": "Feature", "properties": {"name": "Berens"}, "geometry": {"type": "Point", "coordinates": [6.2661589, 49.8420918]}}, {"type": "Feature", "properties": {"name": "Berensheck"}, "geometry": {"type": "Point", "coordinates": [6.1430336, 49.490219]}}, {"type": "Feature", "properties": {"name": "Berg"}, "geometry": {"type": "Point", "coordinates": [6.3586902, 49.6826832]}}, {"type": "Feature", "properties": {"name": "Berg"}, "geometry": {"type": "Point", "coordinates": [6.0872652, 49.812769]}}, {"type": "Feature", "properties": {"name": "Bergem"}, "geometry": {"type": "Point", "coordinates": [6.0402541, 49.5266724]}}, {"type": "Feature", "properties": {"name": "Berghaff"}, "geometry": {"type": "Point", "coordinates": [6.3264516, 49.6290656]}}, {"type": "Feature", "properties": {"name": "Beringen"}, "geometry": {"type": "Point", "coordinates": [6.1162028, 49.7604285]}}, {"type": "Feature", "properties": {"name": "Beringerberg"}, "geometry": {"type": "Point", "coordinates": [6.1503977, 49.77033]}}, {"type": "Feature", "properties": {"name": "Beriton"}, "geometry": {"type": "Point", "coordinates": [6.2104433, 49.5825874]}}, {"type": "Feature", "properties": {"name": "Berlé"}, "geometry": {"type": "Point", "coordinates": [5.8569906, 49.9521537]}}, {"type": "Feature", "properties": {"name": "Berschbach"}, "geometry": {"type": "Point", "coordinates": [6.1116983, 49.746911]}}, {"type": "Feature", "properties": {"name": "Bertrange"}, "geometry": {"type": "Point", "coordinates": [6.0501598, 49.6106029]}}, {"type": "Feature", "properties": {"name": "Bettange-sur-Mess"}, "geometry": {"type": "Point", "coordinates": [5.9842427, 49.5750478]}}, {"type": "Feature", "properties": {"name": "Bettborn"}, "geometry": {"type": "Point", "coordinates": [5.9393932, 49.7949702]}}, {"type": "Feature", "properties": {"name": "Bettel"}, "geometry": {"type": "Point", "coordinates": [6.2265645, 49.917164]}}, {"type": "Feature", "properties": {"name": "Bettendorf"}, "geometry": {"type": "Point", "coordinates": [6.2171675, 49.8756671]}}, {"type": "Feature", "properties": {"name": "Betteschweier"}, "geometry": {"type": "Point", "coordinates": [6.0571521, 50.0585302]}}, {"type": "Feature", "properties": {"name": "Bettingerbierg"}, "geometry": {"type": "Point", "coordinates": [6.147038, 49.4924371]}}, {"type": "Feature", "properties": {"name": "Betzdorf"}, "geometry": {"type": "Point", "coordinates": [6.3507938, 49.68738]}}, {"type": "Feature", "properties": {"name": "Betzemillen"}, "geometry": {"type": "Point", "coordinates": [6.0273528, 49.7806856]}}, {"type": "Feature", "properties": {"name": "Beyren"}, "geometry": {"type": "Point", "coordinates": [6.3358677, 49.6306673]}}, {"type": "Feature", "properties": {"name": "Biedebaach"}, "geometry": {"type": "Point", "coordinates": [6.3518143, 49.7769341]}}, {"type": "Feature", "properties": {"name": "Bieresheck"}, "geometry": {"type": "Point", "coordinates": [5.9749398, 49.9528249]}}, {"type": "Feature", "properties": {"name": "Bierg"}, "geometry": {"type": "Point", "coordinates": [5.8715456, 49.7244214]}}, {"type": "Feature", "properties": {"name": "Biergerbierg"}, "geometry": {"type": "Point", "coordinates": [6.2294677, 49.6963108]}}, {"type": "Feature", "properties": {"name": "Biergerkräiz"}, "geometry": {"type": "Point", "coordinates": [6.0997247, 49.6461071]}}, {"type": "Feature", "properties": {"name": "Bigelbach"}, "geometry": {"type": "Point", "coordinates": [6.2867287, 49.8603403]}}, {"type": "Feature", "properties": {"name": "Bigonville"}, "geometry": {"type": "Point", "coordinates": [5.7923719, 49.8498408]}}, {"type": "Feature", "properties": {"name": "Biirgerkräiz"}, "geometry": {"type": "Point", "coordinates": [6.2060677, 49.6793274]}}, {"type": "Feature", "properties": {"name": "Biissermillen"}, "geometry": {"type": "Point", "coordinates": [6.0747458, 49.7952194]}}, {"type": "Feature", "properties": {"name": "Bill"}, "geometry": {"type": "Point", "coordinates": [6.0399401, 49.7638113]}}, {"type": "Feature", "properties": {"name": "Billek"}, "geometry": {"type": "Point", "coordinates": [6.3981621, 49.6223881]}}, {"type": "Feature", "properties": {"name": "Bilsdorf"}, "geometry": {"type": "Point", "coordinates": [5.8246298, 49.8565541]}}, {"type": "Feature", "properties": {"name": "Binech"}, "geometry": {"type": "Point", "coordinates": [5.8127707, 49.8838064]}}, {"type": "Feature", "properties": {"name": "Binsfeld"}, "geometry": {"type": "Point", "coordinates": [6.0372194, 50.1172636]}}, {"type": "Feature", "properties": {"name": "Birelergrond"}, "geometry": {"type": "Point", "coordinates": [6.2137584, 49.6212375]}}, {"type": "Feature", "properties": {"name": "Birelerhaff"}, "geometry": {"type": "Point", "coordinates": [6.215361, 49.6238459]}}, {"type": "Feature", "properties": {"name": "Birendall"}, "geometry": {"type": "Point", "coordinates": [6.0364427, 49.6401336]}}, {"type": "Feature", "properties": {"name": "Birk"}, "geometry": {"type": "Point", "coordinates": [5.88754, 49.8320624]}}, {"type": "Feature", "properties": {"name": "Birkebierg"}, "geometry": {"type": "Point", "coordinates": [6.0311293, 50.0918357]}}, {"type": "Feature", "properties": {"name": "Birkebësch"}, "geometry": {"type": "Point", "coordinates": [6.060462, 49.7052771]}}, {"type": "Feature", "properties": {"name": "Birkelt"}, "geometry": {"type": "Point", "coordinates": [6.3789591, 49.8252971]}}, {"type": "Feature", "properties": {"name": "Birken"}, "geometry": {"type": "Point", "coordinates": [6.1220992, 49.9101551]}}, {"type": "Feature", "properties": {"name": "Birkewäldchen"}, "geometry": {"type": "Point", "coordinates": [5.9850061, 49.9514408]}}, {"type": "Feature", "properties": {"name": "Birtrange"}, "geometry": {"type": "Point", "coordinates": [6.0886091, 49.8271599]}}, {"type": "Feature", "properties": {"name": "Birweiler"}, "geometry": {"type": "Point", "coordinates": [6.4649069, 49.7668523]}}, {"type": "Feature", "properties": {"name": "Bissen"}, "geometry": {"type": "Point", "coordinates": [6.0662981, 49.7891516]}}, {"type": "Feature", "properties": {"name": "Bivange"}, "geometry": {"type": "Point", "coordinates": [6.1335439, 49.5455084]}}, {"type": "Feature", "properties": {"name": "Bivels"}, "geometry": {"type": "Point", "coordinates": [6.1915901, 49.9587943]}}, {"type": "Feature", "properties": {"name": "Biwer"}, "geometry": {"type": "Point", "coordinates": [6.3729847, 49.7058978]}}, {"type": "Feature", "properties": {"name": "Biwerbach"}, "geometry": {"type": "Point", "coordinates": [6.3672745, 49.7094019]}}, {"type": "Feature", "properties": {"name": "Biwerkopp"}, "geometry": {"type": "Point", "coordinates": [6.3795698, 49.7179522]}}, {"type": "Feature", "properties": {"name": "Biwisch"}, "geometry": {"type": "Point", "coordinates": [5.9780272, 50.1176471]}}, {"type": "Feature", "properties": {"name": "Blaschenterhecken"}, "geometry": {"type": "Point", "coordinates": [6.1728412, 49.7237856]}}, {"type": "Feature", "properties": {"name": "Blaschette"}, "geometry": {"type": "Point", "coordinates": [6.1677816, 49.7019674]}}, {"type": "Feature", "properties": {"name": "Bleesbréck"}, "geometry": {"type": "Point", "coordinates": [6.1907002, 49.8724312]}}, {"type": "Feature", "properties": {"name": "Bleesmillen"}, "geometry": {"type": "Point", "coordinates": [6.1867835, 49.8751756]}}, {"type": "Feature", "properties": {"name": "Bloebierg"}, "geometry": {"type": "Point", "coordinates": [6.1566943, 49.579214]}}, {"type": "Feature", "properties": {"name": "Bloorendellt"}, "geometry": {"type": "Point", "coordinates": [6.175046, 49.5985076]}}, {"type": "Feature", "properties": {"name": "Bloëbierg"}, "geometry": {"type": "Point", "coordinates": [6.251564, 49.639403]}}, {"type": "Feature", "properties": {"name": "Blumenthal"}, "geometry": {"type": "Point", "coordinates": [6.2661051, 49.7445728]}}, {"type": "Feature", "properties": {"name": "Blumer"}, "geometry": {"type": "Point", "coordinates": [6.0396695, 50.0933913]}}, {"type": "Feature", "properties": {"name": "Bock"}, "geometry": {"type": "Point", "coordinates": [6.1369992, 49.6118673]}}, {"type": "Feature", "properties": {"name": "Bock"}, "geometry": {"type": "Point", "coordinates": [6.0646516, 49.9882767]}}, {"type": "Feature", "properties": {"name": "Bockholtz"}, "geometry": {"type": "Point", "coordinates": [6.0513055, 50.0118077]}}, {"type": "Feature", "properties": {"name": "Bockholtz"}, "geometry": {"type": "Point", "coordinates": [5.9961209, 49.9230106]}}, {"type": "Feature", "properties": {"name": "Bocksbierg"}, "geometry": {"type": "Point", "coordinates": [6.2352962, 49.6951158]}}, {"type": "Feature", "properties": {"name": "Bockslee"}, "geometry": {"type": "Point", "coordinates": [5.8437985, 49.9229147]}}, {"type": "Feature", "properties": {"name": "Boevange"}, "geometry": {"type": "Point", "coordinates": [5.929826, 50.048016]}}, {"type": "Feature", "properties": {"name": "Boevange-sur-Attert"}, "geometry": {"type": "Point", "coordinates": [6.0127253, 49.7757093]}}, {"type": "Feature", "properties": {"name": "Bofferdange"}, "geometry": {"type": "Point", "coordinates": [6.140782, 49.6885664]}}, {"type": "Feature", "properties": {"name": "Bolen"}, "geometry": {"type": "Point", "coordinates": [6.2604689, 49.7746962]}}, {"type": "Feature", "properties": {"name": "Bollendorf-Pont"}, "geometry": {"type": "Point", "coordinates": [6.3582275, 49.8497881]}}, {"type": "Feature", "properties": {"name": "Bolzebur"}, "geometry": {"type": "Point", "coordinates": [5.9807649, 50.0747916]}}, {"type": "Feature", "properties": {"name": "Bongeschgewan"}, "geometry": {"type": "Point", "coordinates": [6.139306, 49.6023783]}}, {"type": "Feature", "properties": {"name": "Bonnal"}, "geometry": {"type": "Point", "coordinates": [5.8883753, 49.902328]}}, {"type": "Feature", "properties": {"name": "Bonzelt"}, "geometry": {"type": "Point", "coordinates": [6.0095016, 49.581005]}}, {"type": "Feature", "properties": {"name": "Born"}, "geometry": {"type": "Point", "coordinates": [6.5127637, 49.7596482]}}, {"type": "Feature", "properties": {"name": "Boschleed"}, "geometry": {"type": "Point", "coordinates": [5.9701413, 49.8589823]}}, {"type": "Feature", "properties": {"name": "Bouchen"}, "geometry": {"type": "Point", "coordinates": [6.1342978, 49.9088906]}}, {"type": "Feature", "properties": {"name": "Boudler"}, "geometry": {"type": "Point", "coordinates": [6.3542075, 49.7225215]}}, {"type": "Feature", "properties": {"name": "Boudlerbach"}, "geometry": {"type": "Point", "coordinates": [6.3536649, 49.7175389]}}, {"type": "Feature", "properties": {"name": "Boukelsermillen"}, "geometry": {"type": "Point", "coordinates": [6.0066841, 49.9265249]}}, {"type": "Feature", "properties": {"name": "Boulaide"}, "geometry": {"type": "Point", "coordinates": [5.8151538, 49.8869853]}}, {"type": "Feature", "properties": {"name": "Bounecht"}, "geometry": {"type": "Point", "coordinates": [5.9365976, 49.9759138]}}, {"type": "Feature", "properties": {"name": "Bour"}, "geometry": {"type": "Point", "coordinates": [6.0172013, 49.7002782]}}, {"type": "Feature", "properties": {"name": "Bourglinster"}, "geometry": {"type": "Point", "coordinates": [6.2175255, 49.7031723]}}, {"type": "Feature", "properties": {"name": "Bourscheid"}, "geometry": {"type": "Point", "coordinates": [6.0645251, 49.9099274]}}, {"type": "Feature", "properties": {"name": "Boursdorf"}, "geometry": {"type": "Point", "coordinates": [6.4779772, 49.764649]}}, {"type": "Feature", "properties": {"name": "Bous"}, "geometry": {"type": "Point", "coordinates": [6.3312468, 49.5557996]}}, {"type": "Feature", "properties": {"name": "Bouwendell"}, "geometry": {"type": "Point", "coordinates": [6.1065799, 49.9661634]}}, {"type": "Feature", "properties": {"name": "Bowendall"}, "geometry": {"type": "Point", "coordinates": [6.1713016, 49.8707304]}}, {"type": "Feature", "properties": {"name": "Boxerbréck"}, "geometry": {"type": "Point", "coordinates": [5.9867748, 50.0941865]}}, {"type": "Feature", "properties": {"name": "Boxhorn"}, "geometry": {"type": "Point", "coordinates": [5.9913797, 50.0824172]}}, {"type": "Feature", "properties": {"name": "Brachtenbach"}, "geometry": {"type": "Point", "coordinates": [5.9107547, 50.0203164]}}, {"type": "Feature", "properties": {"name": "Brakebour"}, "geometry": {"type": "Point", "coordinates": [5.7938255, 49.8215689]}}, {"type": "Feature", "properties": {"name": "Brameschhaff"}, "geometry": {"type": "Point", "coordinates": [6.0489586, 49.6566036]}}, {"type": "Feature", "properties": {"name": "Bramillen"}, "geometry": {"type": "Point", "coordinates": [6.0836276, 49.9031409]}}, {"type": "Feature", "properties": {"name": "Brandenbourg"}, "geometry": {"type": "Point", "coordinates": [6.1389134, 49.9111152]}}, {"type": "Feature", "properties": {"name": "Brasert"}, "geometry": {"type": "Point", "coordinates": [6.1487281, 49.8294083]}}, {"type": "Feature", "properties": {"name": "Brattert"}, "geometry": {"type": "Point", "coordinates": [5.9020286, 49.8548857]}}, {"type": "Feature", "properties": {"name": "Brechterwald"}, "geometry": {"type": "Point", "coordinates": [6.0207117, 49.8734392]}}, {"type": "Feature", "properties": {"name": "Breedfeld"}, "geometry": {"type": "Point", "coordinates": [5.9389257, 50.0644466]}}, {"type": "Feature", "properties": {"name": "Breedfeld"}, "geometry": {"type": "Point", "coordinates": [5.9751999, 49.7958308]}}, {"type": "Feature", "properties": {"name": "Breedschet"}, "geometry": {"type": "Point", "coordinates": [6.1902615, 49.7331619]}}, {"type": "Feature", "properties": {"name": "Breedwis"}, "geometry": {"type": "Point", "coordinates": [5.9307056, 49.856154]}}, {"type": "Feature", "properties": {"name": "Breetheck"}, "geometry": {"type": "Point", "coordinates": [5.8704841, 49.6939151]}}, {"type": "Feature", "properties": {"name": "Breidert"}, "geometry": {"type": "Point", "coordinates": [6.1431169, 49.8285778]}}, {"type": "Feature", "properties": {"name": "Breidfeld"}, "geometry": {"type": "Point", "coordinates": [6.0621855, 50.1233975]}}, {"type": "Feature", "properties": {"name": "Breidweiler"}, "geometry": {"type": "Point", "coordinates": [6.3033165, 49.7778197]}}, {"type": "Feature", "properties": {"name": "Breinert"}, "geometry": {"type": "Point", "coordinates": [6.3425718, 49.7116865]}}, {"type": "Feature", "properties": {"name": "Breinerterknupp"}, "geometry": {"type": "Point", "coordinates": [6.3344767, 49.7126314]}}, {"type": "Feature", "properties": {"name": "Brekend"}, "geometry": {"type": "Point", "coordinates": [6.0585952, 50.0148958]}}, {"type": "Feature", "properties": {"name": "Brennerei"}, "geometry": {"type": "Point", "coordinates": [6.1658845, 49.6452587]}}, {"type": "Feature", "properties": {"name": "Bricherknapp"}, "geometry": {"type": "Point", "coordinates": [6.0205485, 49.743126]}}, {"type": "Feature", "properties": {"name": "Brichermillen"}, "geometry": {"type": "Point", "coordinates": [6.2316636, 49.5707742]}}, {"type": "Feature", "properties": {"name": "Bricheskopp"}, "geometry": {"type": "Point", "coordinates": [6.1299848, 49.5105255]}}, {"type": "Feature", "properties": {"name": "Brickelsbierg"}, "geometry": {"type": "Point", "coordinates": [6.0068929, 50.0705895]}}, {"type": "Feature", "properties": {"name": "Bridel"}, "geometry": {"type": "Point", "coordinates": [6.0811313, 49.6571427]}}, {"type": "Feature", "properties": {"name": "Briet"}, "geometry": {"type": "Point", "coordinates": [6.1093318, 50.1327112]}}, {"type": "Feature", "properties": {"name": "Brill"}, "geometry": {"type": "Point", "coordinates": [6.2729619, 49.5063813]}}, {"type": "Feature", "properties": {"name": "Brill"}, "geometry": {"type": "Point", "coordinates": [6.2075538, 49.548171]}}, {"type": "Feature", "properties": {"name": "Brill"}, "geometry": {"type": "Point", "coordinates": [6.2663269, 49.7919731]}}, {"type": "Feature", "properties": {"name": "Brill"}, "geometry": {"type": "Point", "coordinates": [5.9685346, 50.0174655]}}, {"type": "Feature", "properties": {"name": "Brimmeriech"}, "geometry": {"type": "Point", "coordinates": [5.9621537, 50.0684547]}}, {"type": "Feature", "properties": {"name": "Brochdell"}, "geometry": {"type": "Point", "coordinates": [5.8990027, 49.9555883]}}, {"type": "Feature", "properties": {"name": "Brochtemerbierg"}, "geometry": {"type": "Point", "coordinates": [5.9185356, 50.0299917]}}, {"type": "Feature", "properties": {"name": "Broderbour"}, "geometry": {"type": "Point", "coordinates": [6.1855414, 49.851748]}}, {"type": "Feature", "properties": {"name": "Bromeschbierg"}, "geometry": {"type": "Point", "coordinates": [6.0281441, 49.4789176]}}, {"type": "Feature", "properties": {"name": "Brouch"}, "geometry": {"type": "Point", "coordinates": [6.3402616, 49.7283208]}}, {"type": "Feature", "properties": {"name": "Brouch"}, "geometry": {"type": "Point", "coordinates": [6.0210028, 49.7353096]}}, {"type": "Feature", "properties": {"name": "Brouchbieg"}, "geometry": {"type": "Point", "coordinates": [6.2040889, 49.9007161]}}, {"type": "Feature", "properties": {"name": "Brousbech"}, "geometry": {"type": "Point", "coordinates": [6.0593355, 49.9829338]}}, {"type": "Feature", "properties": {"name": "Bruch"}, "geometry": {"type": "Point", "coordinates": [6.232295, 49.9010547]}}, {"type": "Feature", "properties": {"name": "Bruchbierg"}, "geometry": {"type": "Point", "coordinates": [6.0082662, 49.9502189]}}, {"type": "Feature", "properties": {"name": "Brucherbierg"}, "geometry": {"type": "Point", "coordinates": [6.0265857, 49.4997875]}}, {"type": "Feature", "properties": {"name": "Brudderfeld"}, "geometry": {"type": "Point", "coordinates": [6.0013712, 49.649127]}}, {"type": "Feature", "properties": {"name": "Bruechtel"}, "geometry": {"type": "Point", "coordinates": [5.8036566, 49.8641867]}}, {"type": "Feature", "properties": {"name": "Brächwiss"}, "geometry": {"type": "Point", "coordinates": [6.2980413, 49.7963364]}}, {"type": "Feature", "properties": {"name": "Brädeler Deel"}, "geometry": {"type": "Point", "coordinates": [6.2877631, 49.7543356]}}, {"type": "Feature", "properties": {"name": "Brädmicht"}, "geometry": {"type": "Point", "coordinates": [5.8597094, 49.9257985]}}, {"type": "Feature", "properties": {"name": "Brätelt"}, "geometry": {"type": "Point", "coordinates": [6.1273616, 49.9637444]}}, {"type": "Feature", "properties": {"name": "Brécken"}, "geometry": {"type": "Point", "coordinates": [6.3501835, 49.7784929]}}, {"type": "Feature", "properties": {"name": "Brédewues"}, "geometry": {"type": "Point", "coordinates": [6.22203, 49.6526851]}}, {"type": "Feature", "properties": {"name": "Bréichen"}, "geometry": {"type": "Point", "coordinates": [5.9879029, 50.0504017]}}, {"type": "Feature", "properties": {"name": "Bréicherheed"}, "geometry": {"type": "Point", "coordinates": [6.3569829, 49.4670538]}}, {"type": "Feature", "properties": {"name": "Bréim"}, "geometry": {"type": "Point", "coordinates": [6.2748956, 49.524041]}}, {"type": "Feature", "properties": {"name": "Bréimeleck"}, "geometry": {"type": "Point", "coordinates": [5.9977037, 50.0217826]}}, {"type": "Feature", "properties": {"name": "Buchebësch"}, "geometry": {"type": "Point", "coordinates": [5.9607804, 49.806862]}}, {"type": "Feature", "properties": {"name": "Buchefeld"}, "geometry": {"type": "Point", "coordinates": [5.9602439, 49.799245]}}, {"type": "Feature", "properties": {"name": "Buchels"}, "geometry": {"type": "Point", "coordinates": [5.9741685, 49.6948231]}}, {"type": "Feature", "properties": {"name": "Buchholz"}, "geometry": {"type": "Point", "coordinates": [6.3637084, 49.6618715]}}, {"type": "Feature", "properties": {"name": "Buchhëlz"}, "geometry": {"type": "Point", "coordinates": [6.2038848, 49.6993295]}}, {"type": "Feature", "properties": {"name": "Budelerkummer"}, "geometry": {"type": "Point", "coordinates": [6.3261277, 49.7808546]}}, {"type": "Feature", "properties": {"name": "Buderdall"}, "geometry": {"type": "Point", "coordinates": [6.0886952, 49.6738787]}}, {"type": "Feature", "properties": {"name": "Budgesbierg"}, "geometry": {"type": "Point", "coordinates": [5.9219098, 50.029206]}}, {"type": "Feature", "properties": {"name": "Buedem"}, "geometry": {"type": "Point", "coordinates": [5.9521973, 50.0269522]}}, {"type": "Feature", "properties": {"name": "Buedem"}, "geometry": {"type": "Point", "coordinates": [5.9782416, 49.9366033]}}, {"type": "Feature", "properties": {"name": "Buedemsgriecht"}, "geometry": {"type": "Point", "coordinates": [6.190592, 49.9017458]}}, {"type": "Feature", "properties": {"name": "Buerg"}, "geometry": {"type": "Point", "coordinates": [6.3222696, 49.6114946]}}, {"type": "Feature", "properties": {"name": "Buergstad"}, "geometry": {"type": "Point", "coordinates": [5.9829032, 50.032459]}}, {"type": "Feature", "properties": {"name": "Buerschend"}, "geometry": {"type": "Point", "coordinates": [6.0716694, 50.0421481]}}, {"type": "Feature", "properties": {"name": "Bunterhéicht"}, "geometry": {"type": "Point", "coordinates": [6.2930846, 49.7908788]}}, {"type": "Feature", "properties": {"name": "Burbierg"}, "geometry": {"type": "Point", "coordinates": [6.1907959, 49.7729917]}}, {"type": "Feature", "properties": {"name": "Burden"}, "geometry": {"type": "Point", "coordinates": [6.0974931, 49.8822678]}}, {"type": "Feature", "properties": {"name": "Burebierg"}, "geometry": {"type": "Point", "coordinates": [5.8468401, 49.9178099]}}, {"type": "Feature", "properties": {"name": "Burebësch"}, "geometry": {"type": "Point", "coordinates": [5.894098, 49.8219031]}}, {"type": "Feature", "properties": {"name": "Burefelder"}, "geometry": {"type": "Point", "coordinates": [6.4886793, 49.8087401]}}, {"type": "Feature", "properties": {"name": "Burfëlskräiz"}, "geometry": {"type": "Point", "coordinates": [5.859983, 49.8839135]}}, {"type": "Feature", "properties": {"name": "Burmerange"}, "geometry": {"type": "Point", "coordinates": [6.3209572, 49.4855145]}}, {"type": "Feature", "properties": {"name": "Burschtermound"}, "geometry": {"type": "Point", "coordinates": [6.0386181, 49.8620635]}}, {"type": "Feature", "properties": {"name": "Burwiss"}, "geometry": {"type": "Point", "coordinates": [6.2784505, 49.7784098]}}, {"type": "Feature", "properties": {"name": "Busbësch"}, "geometry": {"type": "Point", "coordinates": [6.3241017, 49.6960618]}}, {"type": "Feature", "properties": {"name": "Buschdorf"}, "geometry": {"type": "Point", "coordinates": [6.0065355, 49.7509296]}}, {"type": "Feature", "properties": {"name": "Buschrodt"}, "geometry": {"type": "Point", "coordinates": [5.9341053, 49.8260698]}}, {"type": "Feature", "properties": {"name": "Buurschter-Millen"}, "geometry": {"type": "Point", "coordinates": [6.0883849, 49.9136519]}}, {"type": "Feature", "properties": {"name": "Buurschter-Plage"}, "geometry": {"type": "Point", "coordinates": [6.0800555, 49.9079371]}}, {"type": "Feature", "properties": {"name": "Buusserhéicht"}, "geometry": {"type": "Point", "coordinates": [6.397208, 49.7229845]}}, {"type": "Feature", "properties": {"name": "Bärensdall"}, "geometry": {"type": "Point", "coordinates": [6.0474157, 49.978853]}}, {"type": "Feature", "properties": {"name": "Bärrebésch"}, "geometry": {"type": "Point", "coordinates": [6.3550302, 49.4706759]}}, {"type": "Feature", "properties": {"name": "Bäschend"}, "geometry": {"type": "Point", "coordinates": [6.0055303, 49.9459938]}}, {"type": "Feature", "properties": {"name": "Bässend"}, "geometry": {"type": "Point", "coordinates": [5.9211923, 49.9708275]}}, {"type": "Feature", "properties": {"name": "Béchel"}, "geometry": {"type": "Point", "coordinates": [5.9609735, 50.0246363]}}, {"type": "Feature", "properties": {"name": "Béchel"}, "geometry": {"type": "Point", "coordinates": [5.8778411, 49.9233326]}}, {"type": "Feature", "properties": {"name": "Béiger Lann"}, "geometry": {"type": "Point", "coordinates": [5.9579801, 50.0263595]}}, {"type": "Feature", "properties": {"name": "Béigerhaard"}, "geometry": {"type": "Point", "coordinates": [5.9387755, 50.0321006]}}, {"type": "Feature", "properties": {"name": "Béinert"}, "geometry": {"type": "Point", "coordinates": [6.1366007, 49.5009709]}}, {"type": "Feature", "properties": {"name": "Béisenerbierg"}, "geometry": {"type": "Point", "coordinates": [6.0667062, 49.7594924]}}, {"type": "Feature", "properties": {"name": "Bëllegerdall"}, "geometry": {"type": "Point", "coordinates": [6.2805319, 49.8061281]}}, {"type": "Feature", "properties": {"name": "Bëlz"}, "geometry": {"type": "Point", "coordinates": [6.296432, 49.7674691]}}, {"type": "Feature", "properties": {"name": "Bëlz"}, "geometry": {"type": "Point", "coordinates": [6.2895012, 49.8191991]}}, {"type": "Feature", "properties": {"name": "Bënzert"}, "geometry": {"type": "Point", "coordinates": [6.1394989, 49.753333]}}, {"type": "Feature", "properties": {"name": "Bëschhaus"}, "geometry": {"type": "Point", "coordinates": [6.2181406, 49.6536215]}}, {"type": "Feature", "properties": {"name": "Bëschratt"}, "geometry": {"type": "Point", "coordinates": [6.3215375, 49.7575586]}}, {"type": "Feature", "properties": {"name": "Bëttelerbësch"}, "geometry": {"type": "Point", "coordinates": [6.2128551, 49.9220158]}}, {"type": "Feature", "properties": {"name": "Büderscheid"}, "geometry": {"type": "Point", "coordinates": [5.9366771, 49.9345]}}, {"type": "Feature", "properties": {"name": "Calmus"}, "geometry": {"type": "Point", "coordinates": [5.9634329, 49.724936]}}, {"type": "Feature", "properties": {"name": "Camping Birkelt"}, "geometry": {"type": "Point", "coordinates": [6.2120481, 49.7834294]}}, {"type": "Feature", "properties": {"name": "Camping Bourepesch"}, "geometry": {"type": "Point", "coordinates": [6.234794, 49.7826187]}}, {"type": "Feature", "properties": {"name": "Canach"}, "geometry": {"type": "Point", "coordinates": [6.3215061, 49.6078937]}}, {"type": "Feature", "properties": {"name": "Canecherbierg"}, "geometry": {"type": "Point", "coordinates": [6.3443041, 49.6155344]}}, {"type": "Feature", "properties": {"name": "Capellen"}, "geometry": {"type": "Point", "coordinates": [5.9876235, 49.6453476]}}, {"type": "Feature", "properties": {"name": "Carrière d'Ernzen"}, "geometry": {"type": "Point", "coordinates": [6.2144422, 49.7706566]}}, {"type": "Feature", "properties": {"name": "Centre récréatif"}, "geometry": {"type": "Point", "coordinates": [6.4151255, 49.7993141]}}, {"type": "Feature", "properties": {"name": "Christnach"}, "geometry": {"type": "Point", "coordinates": [6.2739808, 49.7890058]}}, {"type": "Feature", "properties": {"name": "Château de Birtrange"}, "geometry": {"type": "Point", "coordinates": [6.0890944, 49.8263383]}}, {"type": "Feature", "properties": {"name": "Château de Grundhof"}, "geometry": {"type": "Point", "coordinates": [6.3213316, 49.818326]}}, {"type": "Feature", "properties": {"name": "Château de Koedange"}, "geometry": {"type": "Point", "coordinates": [6.208237, 49.7330272]}}, {"type": "Feature", "properties": {"name": "Cinqfontaines"}, "geometry": {"type": "Point", "coordinates": [6.0075127, 50.1073447]}}, {"type": "Feature", "properties": {"name": "Cite Kiirchbierg"}, "geometry": {"type": "Point", "coordinates": [6.0254393, 49.45995]}}, {"type": "Feature", "properties": {"name": "Cité Franz Leesberg"}, "geometry": {"type": "Point", "coordinates": [5.9959627, 49.5004083]}}, {"type": "Feature", "properties": {"name": "Cité Hamilius"}, "geometry": {"type": "Point", "coordinates": [6.1028363, 49.5906233]}}, {"type": "Feature", "properties": {"name": "Cité Hierzesprong"}, "geometry": {"type": "Point", "coordinates": [6.0269041, 49.4559448]}}, {"type": "Feature", "properties": {"name": "Cité Leibesch"}, "geometry": {"type": "Point", "coordinates": [6.3916893, 49.6042627]}}, {"type": "Feature", "properties": {"name": "Cité Scheierhaff"}, "geometry": {"type": "Point", "coordinates": [6.2159918, 49.9410614]}}, {"type": "Feature", "properties": {"name": "Cité Schmiedenacht"}, "geometry": {"type": "Point", "coordinates": [5.9339178, 49.5505182]}}, {"type": "Feature", "properties": {"name": "Cité Seelbunn"}, "geometry": {"type": "Point", "coordinates": [5.9213713, 49.50607]}}, {"type": "Feature", "properties": {"name": "Cité Steekräiz"}, "geometry": {"type": "Point", "coordinates": [6.0751958, 49.7850626]}}, {"type": "Feature", "properties": {"name": "Cité am Paerchen"}, "geometry": {"type": "Point", "coordinates": [6.0166795, 49.5090148]}}, {"type": "Feature", "properties": {"name": "Cité du Soleil"}, "geometry": {"type": "Point", "coordinates": [6.1124653, 49.5111668]}}, {"type": "Feature", "properties": {"name": "Cité op der Grouf"}, "geometry": {"type": "Point", "coordinates": [6.0743382, 49.7882057]}}, {"type": "Feature", "properties": {"name": "Clemency"}, "geometry": {"type": "Point", "coordinates": [5.8749722, 49.5977737]}}, {"type": "Feature", "properties": {"name": "Clierferbësch"}, "geometry": {"type": "Point", "coordinates": [5.934841, 50.0310557]}}, {"type": "Feature", "properties": {"name": "Climensbierg"}, "geometry": {"type": "Point", "coordinates": [6.3532734, 49.7688654]}}, {"type": "Feature", "properties": {"name": "Cloche d'Or"}, "geometry": {"type": "Point", "coordinates": [6.1146614, 49.5819497]}}, {"type": "Feature", "properties": {"name": "Cloosbierg"}, "geometry": {"type": "Point", "coordinates": [6.3186206, 49.8420823]}}, {"type": "Feature", "properties": {"name": "Closdelt"}, "geometry": {"type": "Point", "coordinates": [6.1224716, 49.9017279]}}, {"type": "Feature", "properties": {"name": "Colbette"}, "geometry": {"type": "Point", "coordinates": [6.3005843, 49.7676517]}}, {"type": "Feature", "properties": {"name": "Colmar"}, "geometry": {"type": "Point", "coordinates": [6.0947858, 49.8116881]}}, {"type": "Feature", "properties": {"name": "Colmar-Berg"}, "geometry": {"type": "Point", "coordinates": [6.0910235, 49.811143]}}, {"type": "Feature", "properties": {"name": "Colmar-Pont"}, "geometry": {"type": "Point", "coordinates": [6.1036757, 49.8148114]}}, {"type": "Feature", "properties": {"name": "Colonie"}, "geometry": {"type": "Point", "coordinates": [6.1259232, 49.5897507]}}, {"type": "Feature", "properties": {"name": "Colpach-Bas"}, "geometry": {"type": "Point", "coordinates": [5.8257055, 49.7575046]}}, {"type": "Feature", "properties": {"name": "Colpach-Haut"}, "geometry": {"type": "Point", "coordinates": [5.8197833, 49.7673876]}}, {"type": "Feature", "properties": {"name": "Colwenter Deel"}, "geometry": {"type": "Point", "coordinates": [6.2938356, 49.7563318]}}, {"type": "Feature", "properties": {"name": "Consdorf"}, "geometry": {"type": "Point", "coordinates": [6.3382466, 49.7798323]}}, {"type": "Feature", "properties": {"name": "Consthum"}, "geometry": {"type": "Point", "coordinates": [6.0525454, 49.9739101]}}, {"type": "Feature", "properties": {"name": "Contern"}, "geometry": {"type": "Point", "coordinates": [6.2262883, 49.5858294]}}, {"type": "Feature", "properties": {"name": "Cornelysmillen"}, "geometry": {"type": "Point", "coordinates": [5.9925941, 50.1317424]}}, {"type": "Feature", "properties": {"name": "Crauthem"}, "geometry": {"type": "Point", "coordinates": [6.1456556, 49.536796]}}, {"type": "Feature", "properties": {"name": "Crendal"}, "geometry": {"type": "Point", "coordinates": [5.8974779, 50.0568945]}}, {"type": "Feature", "properties": {"name": "Crispent"}, "geometry": {"type": "Point", "coordinates": [6.3566095, 49.7871576]}}, {"type": "Feature", "properties": {"name": "Cruchten"}, "geometry": {"type": "Point", "coordinates": [6.1312383, 49.7996586]}}, {"type": "Feature", "properties": {"name": "Dachsestad"}, "geometry": {"type": "Point", "coordinates": [6.0964313, 49.6421945]}}, {"type": "Feature", "properties": {"name": "Dahl"}, "geometry": {"type": "Point", "coordinates": [5.974212, 49.9350122]}}, {"type": "Feature", "properties": {"name": "Dahlem"}, "geometry": {"type": "Point", "coordinates": [5.9461806, 49.5978119]}}, {"type": "Feature", "properties": {"name": "Dalheim"}, "geometry": {"type": "Point", "coordinates": [6.2601063, 49.5433592]}}, {"type": "Feature", "properties": {"name": "Dall"}, "geometry": {"type": "Point", "coordinates": [5.9281862, 50.0614299]}}, {"type": "Feature", "properties": {"name": "Dallriicht"}, "geometry": {"type": "Point", "coordinates": [5.9690309, 50.0165676]}}, {"type": "Feature", "properties": {"name": "Dangselt"}, "geometry": {"type": "Point", "coordinates": [5.9914863, 49.951427]}}, {"type": "Feature", "properties": {"name": "Dasbourg-Pont"}, "geometry": {"type": "Point", "coordinates": [6.1258819, 50.0494102]}}, {"type": "Feature", "properties": {"name": "Dauschkaul"}, "geometry": {"type": "Point", "coordinates": [6.1463037, 49.6832777]}}, {"type": "Feature", "properties": {"name": "Dauwebur"}, "geometry": {"type": "Point", "coordinates": [6.182477, 49.6768561]}}, {"type": "Feature", "properties": {"name": "Daxelee"}, "geometry": {"type": "Point", "coordinates": [6.3565779, 49.7746546]}}, {"type": "Feature", "properties": {"name": "Deiffelt"}, "geometry": {"type": "Point", "coordinates": [5.9626492, 50.0650166]}}, {"type": "Feature", "properties": {"name": "Deisermillen"}, "geometry": {"type": "Point", "coordinates": [6.4231779, 49.6635374]}}, {"type": "Feature", "properties": {"name": "Deisterbaach"}, "geometry": {"type": "Point", "coordinates": [6.3598823, 49.7947435]}}, {"type": "Feature", "properties": {"name": "Deitschleed"}, "geometry": {"type": "Point", "coordinates": [6.2383461, 49.5867925]}}, {"type": "Feature", "properties": {"name": "Deiwelskopp"}, "geometry": {"type": "Point", "coordinates": [6.4962727, 49.7462389]}}, {"type": "Feature", "properties": {"name": "Deiwelsschlëff"}, "geometry": {"type": "Point", "coordinates": [6.3991874, 49.8169804]}}, {"type": "Feature", "properties": {"name": "Dellen"}, "geometry": {"type": "Point", "coordinates": [5.9598545, 49.8582292]}}, {"type": "Feature", "properties": {"name": "Derenbach"}, "geometry": {"type": "Point", "coordinates": [5.887628, 50.0138393]}}, {"type": "Feature", "properties": {"name": "Dickeschbour"}, "geometry": {"type": "Point", "coordinates": [5.9609038, 49.8870599]}}, {"type": "Feature", "properties": {"name": "Dickweiler"}, "geometry": {"type": "Point", "coordinates": [6.4721211, 49.7837121]}}, {"type": "Feature", "properties": {"name": "Dickweiler Haard"}, "geometry": {"type": "Point", "coordinates": [6.4476389, 49.7690421]}}, {"type": "Feature", "properties": {"name": "Diengermillen"}, "geometry": {"type": "Point", "coordinates": [5.9519794, 50.0543675]}}, {"type": "Feature", "properties": {"name": "Dierchen"}, "geometry": {"type": "Point", "coordinates": [5.9862399, 50.0435672]}}, {"type": "Feature", "properties": {"name": "Dillingen"}, "geometry": {"type": "Point", "coordinates": [6.3196036, 49.8529402]}}, {"type": "Feature", "properties": {"name": "Dippach"}, "geometry": {"type": "Point", "coordinates": [5.9814794, 49.587507]}}, {"type": "Feature", "properties": {"name": "Dippach-Gare"}, "geometry": {"type": "Point", "coordinates": [5.9959098, 49.5728826]}}, {"type": "Feature", "properties": {"name": "Dirbach"}, "geometry": {"type": "Point", "coordinates": [6.0362438, 49.9202735]}}, {"type": "Feature", "properties": {"name": "Dirbach-Plage"}, "geometry": {"type": "Point", "coordinates": [6.0375959, 49.9204264]}}, {"type": "Feature", "properties": {"name": "Direndall"}, "geometry": {"type": "Point", "coordinates": [6.0907688, 49.6893377]}}, {"type": "Feature", "properties": {"name": "Direndall"}, "geometry": {"type": "Point", "coordinates": [6.0854993, 49.6792099]}}, {"type": "Feature", "properties": {"name": "Dirwiss"}, "geometry": {"type": "Point", "coordinates": [5.9318488, 49.6415859]}}, {"type": "Feature", "properties": {"name": "Ditgesbaach"}, "geometry": {"type": "Point", "coordinates": [6.181308, 49.6652766]}}, {"type": "Feature", "properties": {"name": "Ditzebierg"}, "geometry": {"type": "Point", "coordinates": [5.9731911, 49.730318]}}, {"type": "Feature", "properties": {"name": "Doennange"}, "geometry": {"type": "Point", "coordinates": [5.9549219, 50.0614381]}}, {"type": "Feature", "properties": {"name": "Domp"}, "geometry": {"type": "Point", "coordinates": [6.3340473, 49.7544742]}}, {"type": "Feature", "properties": {"name": "Doncols"}, "geometry": {"type": "Point", "coordinates": [5.8427834, 49.9734048]}}, {"type": "Feature", "properties": {"name": "Dondelange"}, "geometry": {"type": "Point", "coordinates": [6.0310397, 49.6888582]}}, {"type": "Feature", "properties": {"name": "Dorscheid"}, "geometry": {"type": "Point", "coordinates": [6.0730046, 50.036388]}}, {"type": "Feature", "properties": {"name": "Doudengronn"}, "geometry": {"type": "Point", "coordinates": [6.0902398, 49.6413348]}}, {"type": "Feature", "properties": {"name": "Drachelay"}, "geometry": {"type": "Point", "coordinates": [6.1715698, 49.7820391]}}, {"type": "Feature", "properties": {"name": "Drauffelt"}, "geometry": {"type": "Point", "coordinates": [6.0057723, 50.0169268]}}, {"type": "Feature", "properties": {"name": "Dreiborn"}, "geometry": {"type": "Point", "coordinates": [6.3937938, 49.6196298]}}, {"type": "Feature", "properties": {"name": "Driicht"}, "geometry": {"type": "Point", "coordinates": [5.9873772, 50.0231268]}}, {"type": "Feature", "properties": {"name": "Drinklange"}, "geometry": {"type": "Point", "coordinates": [6.0173885, 50.1331371]}}, {"type": "Feature", "properties": {"name": "Dräi Maarken"}, "geometry": {"type": "Point", "coordinates": [6.3212825, 49.5780914]}}, {"type": "Feature", "properties": {"name": "Dräi Weër"}, "geometry": {"type": "Point", "coordinates": [6.0989942, 49.6293931]}}, {"type": "Feature", "properties": {"name": "Dréischelsfeld"}, "geometry": {"type": "Point", "coordinates": [5.9980373, 49.6486321]}}, {"type": "Feature", "properties": {"name": "Dudschlaed"}, "geometry": {"type": "Point", "coordinates": [6.0114736, 49.6137569]}}, {"type": "Feature", "properties": {"name": "Duelemerlach"}, "geometry": {"type": "Point", "coordinates": [6.3620925, 49.4772361]}}, {"type": "Feature", "properties": {"name": "Duussebierg"}, "geometry": {"type": "Point", "coordinates": [6.3570124, 49.4766087]}}, {"type": "Feature", "properties": {"name": "Däfelterdellt"}, "geometry": {"type": "Point", "coordinates": [5.9866852, 50.0584475]}}, {"type": "Feature", "properties": {"name": "Däitsch Härebësch"}, "geometry": {"type": "Point", "coordinates": [6.0804627, 49.6471536]}}, {"type": "Feature", "properties": {"name": "Däler Rieder"}, "geometry": {"type": "Point", "coordinates": [5.9698838, 49.9477854]}}, {"type": "Feature", "properties": {"name": "Déckt Stéck"}, "geometry": {"type": "Point", "coordinates": [6.3158726, 49.6965754]}}, {"type": "Feature", "properties": {"name": "Déidschleedchen"}, "geometry": {"type": "Point", "coordinates": [5.8467436, 49.9954363]}}, {"type": "Feature", "properties": {"name": "Déieregaart"}, "geometry": {"type": "Point", "coordinates": [6.1456856, 49.6148417]}}, {"type": "Feature", "properties": {"name": "Déifeburen"}, "geometry": {"type": "Point", "coordinates": [6.0956661, 50.103282]}}, {"type": "Feature", "properties": {"name": "Déiwendall"}, "geometry": {"type": "Point", "coordinates": [6.1852841, 49.6841663]}}, {"type": "Feature", "properties": {"name": "Déngselt"}, "geometry": {"type": "Point", "coordinates": [6.2453198, 49.635439]}}, {"type": "Feature", "properties": {"name": "Dénkert"}, "geometry": {"type": "Point", "coordinates": [5.8756417, 49.9212379]}}, {"type": "Feature", "properties": {"name": "Eechebësch"}, "geometry": {"type": "Point", "coordinates": [6.1945081, 49.8542546]}}, {"type": "Feature", "properties": {"name": "Eechebësch"}, "geometry": {"type": "Point", "coordinates": [6.1080766, 50.1199934]}}, {"type": "Feature", "properties": {"name": "Eechhëlz"}, "geometry": {"type": "Point", "coordinates": [6.2726523, 49.7673527]}}, {"type": "Feature", "properties": {"name": "Eechhëlz"}, "geometry": {"type": "Point", "coordinates": [6.229296, 49.7053734]}}, {"type": "Feature", "properties": {"name": "Eenchen"}, "geometry": {"type": "Point", "coordinates": [6.345098, 49.7833285]}}, {"type": "Feature", "properties": {"name": "Ehlange"}, "geometry": {"type": "Point", "coordinates": [6.0156718, 49.5481467]}}, {"type": "Feature", "properties": {"name": "Ehlerange"}, "geometry": {"type": "Point", "coordinates": [5.9645461, 49.5233302]}}, {"type": "Feature", "properties": {"name": "Ehnen"}, "geometry": {"type": "Point", "coordinates": [6.3866958, 49.6020397]}}, {"type": "Feature", "properties": {"name": "Ehner"}, "geometry": {"type": "Point", "coordinates": [5.9504721, 49.7171679]}}, {"type": "Feature", "properties": {"name": "Eichelbour"}, "geometry": {"type": "Point", "coordinates": [6.1862869, 49.8020649]}}, {"type": "Feature", "properties": {"name": "Eischen"}, "geometry": {"type": "Point", "coordinates": [5.8767201, 49.6831417]}}, {"type": "Feature", "properties": {"name": "Eisekaul"}, "geometry": {"type": "Point", "coordinates": [5.9882355, 49.474084]}}, {"type": "Feature", "properties": {"name": "Eisenbach"}, "geometry": {"type": "Point", "coordinates": [6.146208, 50.0049255]}}, {"type": "Feature", "properties": {"name": "Eisenborn"}, "geometry": {"type": "Point", "coordinates": [6.1845239, 49.6912214]}}, {"type": "Feature", "properties": {"name": "Elendege Bierg"}, "geometry": {"type": "Point", "coordinates": [5.9990019, 49.4859004]}}, {"type": "Feature", "properties": {"name": "Ell"}, "geometry": {"type": "Point", "coordinates": [5.854027, 49.7628457]}}, {"type": "Feature", "properties": {"name": "Ellange"}, "geometry": {"type": "Point", "coordinates": [6.2977065, 49.5210112]}}, {"type": "Feature", "properties": {"name": "Ellange Gare"}, "geometry": {"type": "Point", "coordinates": [6.3052234, 49.5163788]}}, {"type": "Feature", "properties": {"name": "Ellbich"}, "geometry": {"type": "Point", "coordinates": [6.3090277, 49.8101578]}}, {"type": "Feature", "properties": {"name": "Ellekloeppelsboesch"}, "geometry": {"type": "Point", "coordinates": [6.2310645, 49.6481245]}}, {"type": "Feature", "properties": {"name": "Ellendriecht"}, "geometry": {"type": "Point", "coordinates": [6.029917, 50.0641298]}}, {"type": "Feature", "properties": {"name": "Ellergronn"}, "geometry": {"type": "Point", "coordinates": [5.976327, 49.4755486]}}, {"type": "Feature", "properties": {"name": "Elterbierg"}, "geometry": {"type": "Point", "coordinates": [5.9212339, 49.9141139]}}, {"type": "Feature", "properties": {"name": "Eltz"}, "geometry": {"type": "Point", "coordinates": [5.8933745, 49.7780867]}}, {"type": "Feature", "properties": {"name": "Elvange"}, "geometry": {"type": "Point", "coordinates": [6.3155651, 49.505652]}}, {"type": "Feature", "properties": {"name": "Elvange"}, "geometry": {"type": "Point", "coordinates": [5.917439, 49.7247398]}}, {"type": "Feature", "properties": {"name": "Emeringerhaff"}, "geometry": {"type": "Point", "coordinates": [6.3242717, 49.5395311]}}, {"type": "Feature", "properties": {"name": "Emeschbaach"}, "geometry": {"type": "Point", "coordinates": [5.958775, 50.0939663]}}, {"type": "Feature", "properties": {"name": "Emmespull"}, "geometry": {"type": "Point", "coordinates": [6.122421, 49.9756309]}}, {"type": "Feature", "properties": {"name": "Emmichtkapp"}, "geometry": {"type": "Point", "coordinates": [6.1169761, 49.9736471]}}, {"type": "Feature", "properties": {"name": "Emwee"}, "geometry": {"type": "Point", "coordinates": [6.0760939, 49.9680405]}}, {"type": "Feature", "properties": {"name": "Enbierg"}, "geometry": {"type": "Point", "coordinates": [6.5008646, 49.7768371]}}, {"type": "Feature", "properties": {"name": "Enkerich"}, "geometry": {"type": "Point", "coordinates": [6.0871553, 50.0849382]}}, {"type": "Feature", "properties": {"name": "Enschebur"}, "geometry": {"type": "Point", "coordinates": [6.0575974, 50.0415897]}}, {"type": "Feature", "properties": {"name": "Enscherange"}, "geometry": {"type": "Point", "coordinates": [5.9895173, 49.9989181]}}, {"type": "Feature", "properties": {"name": "Entersbierg"}, "geometry": {"type": "Point", "coordinates": [6.1916739, 49.6899671]}}, {"type": "Feature", "properties": {"name": "Entert"}, "geometry": {"type": "Point", "coordinates": [6.1905633, 49.6914235]}}, {"type": "Feature", "properties": {"name": "Enteschbach"}, "geometry": {"type": "Point", "coordinates": [6.1141821, 49.9121783]}}, {"type": "Feature", "properties": {"name": "Eppeldorf"}, "geometry": {"type": "Point", "coordinates": [6.2478059, 49.8457757]}}, {"type": "Feature", "properties": {"name": "Ermsdorf"}, "geometry": {"type": "Point", "coordinates": [6.2214025, 49.8288206]}}, {"type": "Feature", "properties": {"name": "Ernster"}, "geometry": {"type": "Point", "coordinates": [6.2468762, 49.6803532]}}, {"type": "Feature", "properties": {"name": "Ernzen"}, "geometry": {"type": "Point", "coordinates": [6.221686, 49.7719523]}}, {"type": "Feature", "properties": {"name": "Erpeldange"}, "geometry": {"type": "Point", "coordinates": [6.3273928, 49.5455492]}}, {"type": "Feature", "properties": {"name": "Erpeldange"}, "geometry": {"type": "Point", "coordinates": [5.9477465, 49.9781688]}}, {"type": "Feature", "properties": {"name": "Erpeldange-sur-Sûre"}, "geometry": {"type": "Point", "coordinates": [6.114372, 49.8628748]}}, {"type": "Feature", "properties": {"name": "Ersange"}, "geometry": {"type": "Point", "coordinates": [6.2756939, 49.5763872]}}, {"type": "Feature", "properties": {"name": "Erzelt"}, "geometry": {"type": "Point", "coordinates": [6.0443371, 49.6046375]}}, {"type": "Feature", "properties": {"name": "Esch-Tunnel"}, "geometry": {"type": "Point", "coordinates": [5.9495068, 49.9091801]}}, {"type": "Feature", "properties": {"name": "Esch-sur-Sûre"}, "geometry": {"type": "Point", "coordinates": [5.9351159, 49.9112543]}}, {"type": "Feature", "properties": {"name": "Eschdorf"}, "geometry": {"type": "Point", "coordinates": [5.9348124, 49.884479]}}, {"type": "Feature", "properties": {"name": "Escherwiss"}, "geometry": {"type": "Point", "coordinates": [5.8780879, 49.9207492]}}, {"type": "Feature", "properties": {"name": "Eschette"}, "geometry": {"type": "Point", "coordinates": [5.8872417, 49.8228029]}}, {"type": "Feature", "properties": {"name": "Eschweiler"}, "geometry": {"type": "Point", "coordinates": [6.3099919, 49.7164002]}}, {"type": "Feature", "properties": {"name": "Eschweiler"}, "geometry": {"type": "Point", "coordinates": [5.9482244, 49.9965829]}}, {"type": "Feature", "properties": {"name": "Eselborn"}, "geometry": {"type": "Point", "coordinates": [6.0015233, 50.0624375]}}, {"type": "Feature", "properties": {"name": "Essegkopp"}, "geometry": {"type": "Point", "coordinates": [6.2075095, 49.6524805]}}, {"type": "Feature", "properties": {"name": "Essingen"}, "geometry": {"type": "Point", "coordinates": [6.1156809, 49.7788958]}}, {"type": "Feature", "properties": {"name": "Eulenburg"}, "geometry": {"type": "Point", "coordinates": [6.3086092, 49.7868672]}}, {"type": "Feature", "properties": {"name": "Everlange"}, "geometry": {"type": "Point", "coordinates": [5.954446, 49.7748444]}}, {"type": "Feature", "properties": {"name": "Ewecht"}, "geometry": {"type": "Point", "coordinates": [6.0710406, 49.9903323]}}, {"type": "Feature", "properties": {"name": "Ewenzigebierg"}, "geometry": {"type": "Point", "coordinates": [6.106317, 49.8364117]}}, {"type": "Feature", "properties": {"name": "Ewicht"}, "geometry": {"type": "Point", "coordinates": [6.214807, 49.9083932]}}, {"type": "Feature", "properties": {"name": "Ewigt"}, "geometry": {"type": "Point", "coordinates": [5.7967633, 49.8028494]}}, {"type": "Feature", "properties": {"name": "Farent"}, "geometry": {"type": "Point", "coordinates": [5.8024871, 49.8951942]}}, {"type": "Feature", "properties": {"name": "Faulbaach"}, "geometry": {"type": "Point", "coordinates": [6.348381, 49.77665]}}, {"type": "Feature", "properties": {"name": "Faulbierg"}, "geometry": {"type": "Point", "coordinates": [6.2174195, 49.7404047]}}, {"type": "Feature", "properties": {"name": "Faulbom"}, "geometry": {"type": "Point", "coordinates": [5.9802747, 50.0497334]}}, {"type": "Feature", "properties": {"name": "Faulert"}, "geometry": {"type": "Point", "coordinates": [6.1816496, 49.8727235]}}, {"type": "Feature", "properties": {"name": "Faulfelder"}, "geometry": {"type": "Point", "coordinates": [6.1239982, 49.8670014]}}, {"type": "Feature", "properties": {"name": "Fauluecht"}, "geometry": {"type": "Point", "coordinates": [6.3096928, 49.7550703]}}, {"type": "Feature", "properties": {"name": "Fausermillen"}, "geometry": {"type": "Point", "coordinates": [6.4612055, 49.7064601]}}, {"type": "Feature", "properties": {"name": "Fennange"}, "geometry": {"type": "Point", "coordinates": [6.0771412, 49.5187583]}}, {"type": "Feature", "properties": {"name": "Fensterdelt"}, "geometry": {"type": "Point", "coordinates": [6.0409798, 49.9179014]}}, {"type": "Feature", "properties": {"name": "Fentange"}, "geometry": {"type": "Point", "coordinates": [6.1516345, 49.5673921]}}, {"type": "Feature", "properties": {"name": "Fetschenhaff"}, "geometry": {"type": "Point", "coordinates": [6.1573042, 49.6136683]}}, {"type": "Feature", "properties": {"name": "Feulenerhecken"}, "geometry": {"type": "Point", "coordinates": [5.9975481, 49.8728376]}}, {"type": "Feature", "properties": {"name": "Fiels"}, "geometry": {"type": "Point", "coordinates": [6.364941, 49.4642813]}}, {"type": "Feature", "properties": {"name": "Fielsbierg"}, "geometry": {"type": "Point", "coordinates": [5.9237483, 49.6963472]}}, {"type": "Feature", "properties": {"name": "Fielsmillen"}, "geometry": {"type": "Point", "coordinates": [6.4514836, 49.7101279]}}, {"type": "Feature", "properties": {"name": "Fielsmillen"}, "geometry": {"type": "Point", "coordinates": [6.4054903, 49.8176553]}}, {"type": "Feature", "properties": {"name": "Filsdorf"}, "geometry": {"type": "Point", "coordinates": [6.2475073, 49.5346286]}}, {"type": "Feature", "properties": {"name": "Findel"}, "geometry": {"type": "Point", "coordinates": [6.1976957, 49.6262974]}}, {"type": "Feature", "properties": {"name": "Fingig"}, "geometry": {"type": "Point", "coordinates": [5.900194, 49.602859]}}, {"type": "Feature", "properties": {"name": "Finsterthal"}, "geometry": {"type": "Point", "coordinates": [6.0394427, 49.7587852]}}, {"type": "Feature", "properties": {"name": "Fischbach"}, "geometry": {"type": "Point", "coordinates": [6.0671393, 50.0739703]}}, {"type": "Feature", "properties": {"name": "Fischbach"}, "geometry": {"type": "Point", "coordinates": [6.1866614, 49.7462374]}}, {"type": "Feature", "properties": {"name": "Flatzbour"}, "geometry": {"type": "Point", "coordinates": [5.7873176, 49.8355935]}}, {"type": "Feature", "properties": {"name": "Flaxweiler"}, "geometry": {"type": "Point", "coordinates": [6.341955, 49.6663359]}}, {"type": "Feature", "properties": {"name": "Flebour"}, "geometry": {"type": "Point", "coordinates": [5.8117781, 49.8983476]}}, {"type": "Feature", "properties": {"name": "Flebour"}, "geometry": {"type": "Point", "coordinates": [6.1071941, 49.9104418]}}, {"type": "Feature", "properties": {"name": "Fleckebongert"}, "geometry": {"type": "Point", "coordinates": [6.3531329, 49.4827146]}}, {"type": "Feature", "properties": {"name": "Flickenhaff"}, "geometry": {"type": "Point", "coordinates": [6.2722136, 49.8179339]}}, {"type": "Feature", "properties": {"name": "Flouer"}, "geometry": {"type": "Point", "coordinates": [6.1446404, 49.9591926]}}, {"type": "Feature", "properties": {"name": "Flour"}, "geometry": {"type": "Point", "coordinates": [6.2446654, 49.8943234]}}, {"type": "Feature", "properties": {"name": "Fléierchen"}, "geometry": {"type": "Point", "coordinates": [6.3236403, 49.7979431]}}, {"type": "Feature", "properties": {"name": "Fléikert"}, "geometry": {"type": "Point", "coordinates": [6.1164451, 49.7130182]}}, {"type": "Feature", "properties": {"name": "Fléimeren"}, "geometry": {"type": "Point", "coordinates": [6.0383713, 50.096282]}}, {"type": "Feature", "properties": {"name": "Fockemillen"}, "geometry": {"type": "Point", "coordinates": [5.9449169, 49.6798839]}}, {"type": "Feature", "properties": {"name": "Foetz"}, "geometry": {"type": "Point", "coordinates": [6.0118671, 49.5219642]}}, {"type": "Feature", "properties": {"name": "Folberecht"}, "geometry": {"type": "Point", "coordinates": [6.1976194, 49.901186]}}, {"type": "Feature", "properties": {"name": "Folkendange"}, "geometry": {"type": "Point", "coordinates": [6.2026914, 49.8419518]}}, {"type": "Feature", "properties": {"name": "Follmillen"}, "geometry": {"type": "Point", "coordinates": [5.9464815, 49.9089174]}}, {"type": "Feature", "properties": {"name": "Folmillen"}, "geometry": {"type": "Point", "coordinates": [6.2201795, 49.7960039]}}, {"type": "Feature", "properties": {"name": "Folmillen"}, "geometry": {"type": "Point", "coordinates": [5.9848827, 50.0914984]}}, {"type": "Feature", "properties": {"name": "Folschette"}, "geometry": {"type": "Point", "coordinates": [5.8735947, 49.8137761]}}, {"type": "Feature", "properties": {"name": "Fond-de-Gras"}, "geometry": {"type": "Point", "coordinates": [5.8627302, 49.5342076]}}, {"type": "Feature", "properties": {"name": "Fondation Émile Mayrisch"}, "geometry": {"type": "Point", "coordinates": [5.8258298, 49.7591596]}}, {"type": "Feature", "properties": {"name": "Foossesank"}, "geometry": {"type": "Point", "coordinates": [6.1890578, 49.5544911]}}, {"type": "Feature", "properties": {"name": "Foschent"}, "geometry": {"type": "Point", "coordinates": [6.2261474, 49.8156063]}}, {"type": "Feature", "properties": {"name": "Fouhren"}, "geometry": {"type": "Point", "coordinates": [6.1951192, 49.9137955]}}, {"type": "Feature", "properties": {"name": "Foumer"}, "geometry": {"type": "Point", "coordinates": [6.3572538, 49.8173231]}}, {"type": "Feature", "properties": {"name": "Fransousenhau"}, "geometry": {"type": "Point", "coordinates": [6.3701391, 49.7191869]}}, {"type": "Feature", "properties": {"name": "Franzebësch"}, "geometry": {"type": "Point", "coordinates": [6.2398866, 49.6216256]}}, {"type": "Feature", "properties": {"name": "Frauengartsbusch"}, "geometry": {"type": "Point", "coordinates": [6.1680569, 49.9843734]}}, {"type": "Feature", "properties": {"name": "Freckeisen"}, "geometry": {"type": "Point", "coordinates": [6.2603817, 49.8012326]}}, {"type": "Feature", "properties": {"name": "Freeschbruch"}, "geometry": {"type": "Point", "coordinates": [5.9460926, 49.8599402]}}, {"type": "Feature", "properties": {"name": "Freylay"}, "geometry": {"type": "Point", "coordinates": [6.2154635, 49.7282903]}}, {"type": "Feature", "properties": {"name": "Fridbësch"}, "geometry": {"type": "Point", "coordinates": [6.2793045, 49.7664534]}}, {"type": "Feature", "properties": {"name": "Fridhaff"}, "geometry": {"type": "Point", "coordinates": [6.1344776, 49.8897813]}}, {"type": "Feature", "properties": {"name": "Friedbusch"}, "geometry": {"type": "Point", "coordinates": [6.0560876, 49.9508686]}}, {"type": "Feature", "properties": {"name": "Friemwiss"}, "geometry": {"type": "Point", "coordinates": [6.2710476, 49.7659099]}}, {"type": "Feature", "properties": {"name": "Frisange"}, "geometry": {"type": "Point", "coordinates": [6.1903089, 49.5144142]}}, {"type": "Feature", "properties": {"name": "Frol"}, "geometry": {"type": "Point", "coordinates": [6.4493823, 49.7162249]}}, {"type": "Feature", "properties": {"name": "Frombuergerhaff"}, "geometry": {"type": "Point", "coordinates": [6.4079606, 49.780323]}}, {"type": "Feature", "properties": {"name": "Froumillen"}, "geometry": {"type": "Point", "coordinates": [6.2868864, 49.4945238]}}, {"type": "Feature", "properties": {"name": "Fräibësch"}, "geometry": {"type": "Point", "coordinates": [6.1838651, 49.6029161]}}, {"type": "Feature", "properties": {"name": "Fräiheetsbam"}, "geometry": {"type": "Point", "coordinates": [6.0652454, 49.6368427]}}, {"type": "Feature", "properties": {"name": "Fräschepillchen"}, "geometry": {"type": "Point", "coordinates": [5.8535217, 49.7624413]}}, {"type": "Feature", "properties": {"name": "Fräschepillen"}, "geometry": {"type": "Point", "coordinates": [6.2457812, 49.8704659]}}, {"type": "Feature", "properties": {"name": "Fréin"}, "geometry": {"type": "Point", "coordinates": [6.1262137, 50.1162338]}}, {"type": "Feature", "properties": {"name": "Fréin"}, "geometry": {"type": "Point", "coordinates": [5.9401989, 49.8394656]}}, {"type": "Feature", "properties": {"name": "Fréinbierg"}, "geometry": {"type": "Point", "coordinates": [5.9978485, 49.9150224]}}, {"type": "Feature", "properties": {"name": "Fréinland"}, "geometry": {"type": "Point", "coordinates": [6.1758051, 49.6842159]}}, {"type": "Feature", "properties": {"name": "Fréiresmillen"}, "geometry": {"type": "Point", "coordinates": [6.0003027, 50.0110641]}}, {"type": "Feature", "properties": {"name": "Fréngerhaff"}, "geometry": {"type": "Point", "coordinates": [6.1534083, 49.9174124]}}, {"type": "Feature", "properties": {"name": "Fuertgeshaff"}, "geometry": {"type": "Point", "coordinates": [6.2353849, 49.8170254]}}, {"type": "Feature", "properties": {"name": "Furels"}, "geometry": {"type": "Point", "coordinates": [6.2313509, 49.7619077]}}, {"type": "Feature", "properties": {"name": "Futschebierg"}, "geometry": {"type": "Point", "coordinates": [5.9074366, 50.0376103]}}, {"type": "Feature", "properties": {"name": "Fuuselach"}, "geometry": {"type": "Point", "coordinates": [6.2088813, 49.6704689]}}, {"type": "Feature", "properties": {"name": "Fuussberg"}, "geometry": {"type": "Point", "coordinates": [6.4525258, 49.6973179]}}, {"type": "Feature", "properties": {"name": "Fuussekaul"}, "geometry": {"type": "Point", "coordinates": [5.9920464, 49.8794604]}}, {"type": "Feature", "properties": {"name": "Fuusselach"}, "geometry": {"type": "Point", "coordinates": [6.1012798, 49.976828]}}, {"type": "Feature", "properties": {"name": "Fuusshisten"}, "geometry": {"type": "Point", "coordinates": [6.1510925, 49.9160532]}}, {"type": "Feature", "properties": {"name": "Fuusslee"}, "geometry": {"type": "Point", "coordinates": [6.0841633, 49.9100877]}}, {"type": "Feature", "properties": {"name": "Fuusslooch"}, "geometry": {"type": "Point", "coordinates": [6.4540815, 49.6988655]}}, {"type": "Feature", "properties": {"name": "Färscht"}, "geometry": {"type": "Point", "coordinates": [6.2110116, 49.575882]}}, {"type": "Feature", "properties": {"name": "Féischterbierg"}, "geometry": {"type": "Point", "coordinates": [6.0642332, 49.9163453]}}, {"type": "Feature", "properties": {"name": "Féischterléen"}, "geometry": {"type": "Point", "coordinates": [6.0698361, 49.9178608]}}, {"type": "Feature", "properties": {"name": "Féitsch"}, "geometry": {"type": "Point", "coordinates": [5.8866056, 50.0365909]}}, {"type": "Feature", "properties": {"name": "Fémelten"}, "geometry": {"type": "Point", "coordinates": [6.0083306, 50.0221031]}}, {"type": "Feature", "properties": {"name": "Fëltgesbur"}, "geometry": {"type": "Point", "coordinates": [6.3072467, 49.8156963]}}, {"type": "Feature", "properties": {"name": "Fënsterlach"}, "geometry": {"type": "Point", "coordinates": [6.2765944, 49.8529368]}}, {"type": "Feature", "properties": {"name": "Fëtzbëschkëpp"}, "geometry": {"type": "Point", "coordinates": [5.9807897, 49.6540853]}}, {"type": "Feature", "properties": {"name": "Gaalgebierg"}, "geometry": {"type": "Point", "coordinates": [6.1724855, 49.5454576]}}, {"type": "Feature", "properties": {"name": "Gaaschtbierg"}, "geometry": {"type": "Point", "coordinates": [6.0437192, 49.6322069]}}, {"type": "Feature", "properties": {"name": "Gaaschtgrund"}, "geometry": {"type": "Point", "coordinates": [6.0531136, 49.6253098]}}, {"type": "Feature", "properties": {"name": "Gaaschtmühle"}, "geometry": {"type": "Point", "coordinates": [6.0469582, 49.6320874]}}, {"type": "Feature", "properties": {"name": "Gadderscheier"}, "geometry": {"type": "Point", "coordinates": [5.9244204, 49.5323439]}}, {"type": "Feature", "properties": {"name": "Gaichel"}, "geometry": {"type": "Point", "coordinates": [5.868994, 49.6941207]}}, {"type": "Feature", "properties": {"name": "Galgebierg"}, "geometry": {"type": "Point", "coordinates": [6.1912818, 49.6723973]}}, {"type": "Feature", "properties": {"name": "Gangelshecken"}, "geometry": {"type": "Point", "coordinates": [5.9792072, 50.056784]}}, {"type": "Feature", "properties": {"name": "Garnich"}, "geometry": {"type": "Point", "coordinates": [5.9506057, 49.6141671]}}, {"type": "Feature", "properties": {"name": "Gebranntebierg"}, "geometry": {"type": "Point", "coordinates": [5.9917208, 49.7015406]}}, {"type": "Feature", "properties": {"name": "Gebranntebierg"}, "geometry": {"type": "Point", "coordinates": [5.975393, 50.0469983]}}, {"type": "Feature", "properties": {"name": "Gebranntebësch"}, "geometry": {"type": "Point", "coordinates": [6.08135, 49.6449671]}}, {"type": "Feature", "properties": {"name": "Gebranntegins"}, "geometry": {"type": "Point", "coordinates": [5.9041214, 50.0371383]}}, {"type": "Feature", "properties": {"name": "Gebranntheck"}, "geometry": {"type": "Point", "coordinates": [6.2710282, 49.7610449]}}, {"type": "Feature", "properties": {"name": "Gedertsnak"}, "geometry": {"type": "Point", "coordinates": [6.1437821, 49.9861934]}}, {"type": "Feature", "properties": {"name": "Geeschtewiss"}, "geometry": {"type": "Point", "coordinates": [6.3036408, 49.5908408]}}, {"type": "Feature", "properties": {"name": "Geessbeemchen"}, "geometry": {"type": "Point", "coordinates": [5.9693634, 49.7943002]}}, {"type": "Feature", "properties": {"name": "Geesseknäppchen"}, "geometry": {"type": "Point", "coordinates": [6.1069359, 49.6038235]}}, {"type": "Feature", "properties": {"name": "Gehaansbierg"}, "geometry": {"type": "Point", "coordinates": [6.2609466, 49.8595093]}}, {"type": "Feature", "properties": {"name": "Gehaënebësch"}, "geometry": {"type": "Point", "coordinates": [6.2369192, 49.6289626]}}, {"type": "Feature", "properties": {"name": "Gehälach"}, "geometry": {"type": "Point", "coordinates": [5.8833345, 49.9509343]}}, {"type": "Feature", "properties": {"name": "Geierbierg"}, "geometry": {"type": "Point", "coordinates": [6.1422694, 49.6558373]}}, {"type": "Feature", "properties": {"name": "Geieschknapp"}, "geometry": {"type": "Point", "coordinates": [6.398305, 49.7635701]}}, {"type": "Feature", "properties": {"name": "Geischenast"}, "geometry": {"type": "Point", "coordinates": [6.1163539, 50.133901]}}, {"type": "Feature", "properties": {"name": "Geisselbaach"}, "geometry": {"type": "Point", "coordinates": [6.3380599, 49.7984417]}}, {"type": "Feature", "properties": {"name": "Geldlay"}, "geometry": {"type": "Point", "coordinates": [6.1876779, 49.6768611]}}, {"type": "Feature", "properties": {"name": "Gemengergréndchen"}, "geometry": {"type": "Point", "coordinates": [6.3638809, 49.4689795]}}, {"type": "Feature", "properties": {"name": "Gemengholz"}, "geometry": {"type": "Point", "coordinates": [6.1296425, 49.4953794]}}, {"type": "Feature", "properties": {"name": "Gemëll"}, "geometry": {"type": "Point", "coordinates": [5.8720289, 49.9412163]}}, {"type": "Feature", "properties": {"name": "Geriicht"}, "geometry": {"type": "Point", "coordinates": [6.3453609, 49.7775715]}}, {"type": "Feature", "properties": {"name": "Gesetz"}, "geometry": {"type": "Point", "coordinates": [6.1144119, 50.0767712]}}, {"type": "Feature", "properties": {"name": "Gestell"}, "geometry": {"type": "Point", "coordinates": [6.2893295, 49.7759849]}}, {"type": "Feature", "properties": {"name": "Gewan"}, "geometry": {"type": "Point", "coordinates": [5.8969116, 49.8326541]}}, {"type": "Feature", "properties": {"name": "Gewansfeldchen"}, "geometry": {"type": "Point", "coordinates": [6.1249208, 49.9883043]}}, {"type": "Feature", "properties": {"name": "Geyershof"}, "geometry": {"type": "Point", "coordinates": [6.3867954, 49.7657889]}}, {"type": "Feature", "properties": {"name": "Gielebierg"}, "geometry": {"type": "Point", "coordinates": [5.8032918, 49.8114801]}}, {"type": "Feature", "properties": {"name": "Gieleschleed"}, "geometry": {"type": "Point", "coordinates": [5.8258331, 49.8844804]}}, {"type": "Feature", "properties": {"name": "Gillenshaff"}, "geometry": {"type": "Point", "coordinates": [6.2351006, 49.8059584]}}, {"type": "Feature", "properties": {"name": "Gillesboesch"}, "geometry": {"type": "Point", "coordinates": [6.2369344, 49.6418264]}}, {"type": "Feature", "properties": {"name": "Gilsdorf"}, "geometry": {"type": "Point", "coordinates": [6.1823104, 49.8664616]}}, {"type": "Feature", "properties": {"name": "Ginz"}, "geometry": {"type": "Point", "coordinates": [6.1108933, 49.6388114]}}, {"type": "Feature", "properties": {"name": "Girst"}, "geometry": {"type": "Point", "coordinates": [6.4988273, 49.7736506]}}, {"type": "Feature", "properties": {"name": "Girsterklaus"}, "geometry": {"type": "Point", "coordinates": [6.498724, 49.7846891]}}, {"type": "Feature", "properties": {"name": "Gisel"}, "geometry": {"type": "Point", "coordinates": [5.989083, 50.0736951]}}, {"type": "Feature", "properties": {"name": "Givenich"}, "geometry": {"type": "Point", "coordinates": [6.4791126, 49.7475613]}}, {"type": "Feature", "properties": {"name": "Glaasbur"}, "geometry": {"type": "Point", "coordinates": [6.2105238, 49.6498364]}}, {"type": "Feature", "properties": {"name": "Glécht"}, "geometry": {"type": "Point", "coordinates": [5.9910951, 49.4796152]}}, {"type": "Feature", "properties": {"name": "Goberhaff"}, "geometry": {"type": "Point", "coordinates": [6.2669652, 49.8583307]}}, {"type": "Feature", "properties": {"name": "Goberheed"}, "geometry": {"type": "Point", "coordinates": [6.2628164, 49.8562674]}}, {"type": "Feature", "properties": {"name": "Godbrange"}, "geometry": {"type": "Point", "coordinates": [6.2305532, 49.7348105]}}, {"type": "Feature", "properties": {"name": "Goebelsmühle"}, "geometry": {"type": "Point", "coordinates": [6.0540086, 49.9211847]}}, {"type": "Feature", "properties": {"name": "Goeblange"}, "geometry": {"type": "Point", "coordinates": [5.9644045, 49.6696674]}}, {"type": "Feature", "properties": {"name": "Goedange"}, "geometry": {"type": "Point", "coordinates": [6.0125711, 50.148149]}}, {"type": "Feature", "properties": {"name": "Goesdorf"}, "geometry": {"type": "Point", "coordinates": [5.9668241, 49.9206113]}}, {"type": "Feature", "properties": {"name": "Goetzingen"}, "geometry": {"type": "Point", "coordinates": [5.9812219, 49.6598447]}}, {"type": "Feature", "properties": {"name": "Goldbierg"}, "geometry": {"type": "Point", "coordinates": [6.0920332, 49.5917237]}}, {"type": "Feature", "properties": {"name": "Goldfralay Felsformation"}, "geometry": {"type": "Point", "coordinates": [6.3157046, 49.7825399]}}, {"type": "Feature", "properties": {"name": "Golker"}, "geometry": {"type": "Point", "coordinates": [5.9559631, 49.9879594]}}, {"type": "Feature", "properties": {"name": "Gompelknapp"}, "geometry": {"type": "Point", "coordinates": [5.9495687, 49.8529264]}}, {"type": "Feature", "properties": {"name": "Gondelange"}, "geometry": {"type": "Point", "coordinates": [6.2786975, 49.5512336]}}, {"type": "Feature", "properties": {"name": "Gonderange"}, "geometry": {"type": "Point", "coordinates": [6.2443508, 49.692659]}}, {"type": "Feature", "properties": {"name": "Goodyear"}, "geometry": {"type": "Point", "coordinates": [6.0940148, 49.8026869]}}, {"type": "Feature", "properties": {"name": "Gorges du Loup"}, "geometry": {"type": "Point", "coordinates": [6.4013059, 49.816238]}}, {"type": "Feature", "properties": {"name": "Gosseldange"}, "geometry": {"type": "Point", "coordinates": [6.1154456, 49.7241218]}}, {"type": "Feature", "properties": {"name": "Gostingen"}, "geometry": {"type": "Point", "coordinates": [6.3540451, 49.6213981]}}, {"type": "Feature", "properties": {"name": "Gouschténgerbësch"}, "geometry": {"type": "Point", "coordinates": [6.3738298, 49.6231108]}}, {"type": "Feature", "properties": {"name": "Gralingen"}, "geometry": {"type": "Point", "coordinates": [6.0997258, 49.9364665]}}, {"type": "Feature", "properties": {"name": "Grasbësch"}, "geometry": {"type": "Point", "coordinates": [6.0935002, 49.5784166]}}, {"type": "Feature", "properties": {"name": "Grass"}, "geometry": {"type": "Point", "coordinates": [5.8923953, 49.6306221]}}, {"type": "Feature", "properties": {"name": "Grasserbréck"}, "geometry": {"type": "Point", "coordinates": [5.8914568, 49.6286846]}}, {"type": "Feature", "properties": {"name": "Graulinster"}, "geometry": {"type": "Point", "coordinates": [6.287662, 49.7400083]}}, {"type": "Feature", "properties": {"name": "Greesbësch"}, "geometry": {"type": "Point", "coordinates": [5.9552497, 50.0357635]}}, {"type": "Feature", "properties": {"name": "Greisch"}, "geometry": {"type": "Point", "coordinates": [5.9882445, 49.7101093]}}, {"type": "Feature", "properties": {"name": "Greiveldange"}, "geometry": {"type": "Point", "coordinates": [6.3595781, 49.5860848]}}, {"type": "Feature", "properties": {"name": "Grentzingen"}, "geometry": {"type": "Point", "coordinates": [6.0913971, 49.8314752]}}, {"type": "Feature", "properties": {"name": "Grevels"}, "geometry": {"type": "Point", "coordinates": [5.9136079, 49.8514998]}}, {"type": "Feature", "properties": {"name": "Grevels-Barrière"}, "geometry": {"type": "Point", "coordinates": [6.0485439, 49.5970387]}}, {"type": "Feature", "properties": {"name": "Grevenknapp"}, "geometry": {"type": "Point", "coordinates": [6.0327059, 49.7623596]}}, {"type": "Feature", "properties": {"name": "Griecht"}, "geometry": {"type": "Point", "coordinates": [6.1265624, 50.1302319]}}, {"type": "Feature", "properties": {"name": "Grindhausen"}, "geometry": {"type": "Point", "coordinates": [6.0586656, 50.0825192]}}, {"type": "Feature", "properties": {"name": "Gringré"}, "geometry": {"type": "Point", "coordinates": [5.8589256, 49.9697676]}}, {"type": "Feature", "properties": {"name": "Grommeschmillen"}, "geometry": {"type": "Point", "coordinates": [6.0972781, 49.7474986]}}, {"type": "Feature", "properties": {"name": "Grondelsmuer"}, "geometry": {"type": "Point", "coordinates": [6.3518143, 49.7672231]}}, {"type": "Feature", "properties": {"name": "Gronduecht"}, "geometry": {"type": "Point", "coordinates": [6.2595141, 49.647389]}}, {"type": "Feature", "properties": {"name": "Gronn"}, "geometry": {"type": "Point", "coordinates": [5.9444082, 49.9795637]}}, {"type": "Feature", "properties": {"name": "Grosbous"}, "geometry": {"type": "Point", "coordinates": [5.9644035, 49.8275648]}}, {"type": "Feature", "properties": {"name": "Grouf"}, "geometry": {"type": "Point", "coordinates": [6.3443148, 49.4757512]}}, {"type": "Feature", "properties": {"name": "Groufbierger"}, "geometry": {"type": "Point", "coordinates": [6.1514425, 49.8712161]}}, {"type": "Feature", "properties": {"name": "Grouss Teschebaacherdraf"}, "geometry": {"type": "Point", "coordinates": [6.4119601, 49.6819719]}}, {"type": "Feature", "properties": {"name": "Grouss Vugelsang"}, "geometry": {"type": "Point", "coordinates": [6.3077616, 49.7642467]}}, {"type": "Feature", "properties": {"name": "Groussbruch"}, "geometry": {"type": "Point", "coordinates": [5.9244934, 49.8096883]}}, {"type": "Feature", "properties": {"name": "Groussdellt"}, "geometry": {"type": "Point", "coordinates": [5.8944271, 49.9530725]}}, {"type": "Feature", "properties": {"name": "Groussebësch"}, "geometry": {"type": "Point", "coordinates": [5.9377831, 49.9134057]}}, {"type": "Feature", "properties": {"name": "Groussebësch"}, "geometry": {"type": "Point", "coordinates": [5.9021862, 49.7036183]}}, {"type": "Feature", "properties": {"name": "Groussen Ieselsknapp"}, "geometry": {"type": "Point", "coordinates": [6.1705034, 49.6502453]}}, {"type": "Feature", "properties": {"name": "Groussendréisch"}, "geometry": {"type": "Point", "coordinates": [6.3049503, 49.5917402]}}, {"type": "Feature", "properties": {"name": "Grousseräch"}, "geometry": {"type": "Point", "coordinates": [5.9738642, 49.9405151]}}, {"type": "Feature", "properties": {"name": "Grousseweier"}, "geometry": {"type": "Point", "coordinates": [6.0398751, 49.6076511]}}, {"type": "Feature", "properties": {"name": "Grousstfeld"}, "geometry": {"type": "Point", "coordinates": [6.3256788, 49.7598805]}}, {"type": "Feature", "properties": {"name": "Growelterwee"}, "geometry": {"type": "Point", "coordinates": [5.9459746, 49.9483895]}}, {"type": "Feature", "properties": {"name": "Groëbierg"}, "geometry": {"type": "Point", "coordinates": [6.2326615, 49.6886206]}}, {"type": "Feature", "properties": {"name": "Groëbësch"}, "geometry": {"type": "Point", "coordinates": [6.1921068, 49.73968]}}, {"type": "Feature", "properties": {"name": "Groën Duer"}, "geometry": {"type": "Point", "coordinates": [5.8633196, 50.0115175]}}, {"type": "Feature", "properties": {"name": "Groësteen"}, "geometry": {"type": "Point", "coordinates": [6.1483255, 49.9469994]}}, {"type": "Feature", "properties": {"name": "Gruetzelt"}, "geometry": {"type": "Point", "coordinates": [5.8711164, 49.7297755]}}, {"type": "Feature", "properties": {"name": "Grundhof"}, "geometry": {"type": "Point", "coordinates": [6.3304612, 49.8352307]}}, {"type": "Feature", "properties": {"name": "Gréinzt"}, "geometry": {"type": "Point", "coordinates": [6.0700375, 50.0501916]}}, {"type": "Feature", "properties": {"name": "Gréiweier"}, "geometry": {"type": "Point", "coordinates": [6.219052, 49.6674714]}}, {"type": "Feature", "properties": {"name": "Gréiwenheck"}, "geometry": {"type": "Point", "coordinates": [5.9637201, 50.0288201]}}, {"type": "Feature", "properties": {"name": "Gréiwenholz"}, "geometry": {"type": "Point", "coordinates": [5.9261799, 49.537429]}}, {"type": "Feature", "properties": {"name": "Grëmlichter Millen"}, "geometry": {"type": "Point", "coordinates": [5.8705344, 49.9763415]}}, {"type": "Feature", "properties": {"name": "Grëndchen"}, "geometry": {"type": "Point", "coordinates": [5.9850329, 49.6544881]}}, {"type": "Feature", "properties": {"name": "Gröndchen"}, "geometry": {"type": "Point", "coordinates": [6.2216312, 49.6749075]}}, {"type": "Feature", "properties": {"name": "Grümelscheid"}, "geometry": {"type": "Point", "coordinates": [5.8723935, 49.9852827]}}, {"type": "Feature", "properties": {"name": "Géidingerbësch"}, "geometry": {"type": "Point", "coordinates": [6.018523, 50.1559234]}}, {"type": "Feature", "properties": {"name": "Géieren"}, "geometry": {"type": "Point", "coordinates": [6.1158711, 49.8670152]}}, {"type": "Feature", "properties": {"name": "Géieren"}, "geometry": {"type": "Point", "coordinates": [6.1345661, 49.5081569]}}, {"type": "Feature", "properties": {"name": "Géimescht"}, "geometry": {"type": "Point", "coordinates": [5.8221745, 49.9009511]}}, {"type": "Feature", "properties": {"name": "Géischelt"}, "geometry": {"type": "Point", "coordinates": [6.2298215, 49.6917624]}}, {"type": "Feature", "properties": {"name": "Géischäiss"}, "geometry": {"type": "Point", "coordinates": [6.3646165, 49.4653812]}}, {"type": "Feature", "properties": {"name": "Gëllebur"}, "geometry": {"type": "Point", "coordinates": [6.4240421, 49.6315981]}}, {"type": "Feature", "properties": {"name": "Gëlt"}, "geometry": {"type": "Point", "coordinates": [5.855142, 49.821724]}}, {"type": "Feature", "properties": {"name": "Haangeberreg"}, "geometry": {"type": "Point", "coordinates": [6.4241106, 49.656513]}}, {"type": "Feature", "properties": {"name": "Haangels"}, "geometry": {"type": "Point", "coordinates": [6.2292319, 49.5800522]}}, {"type": "Feature", "properties": {"name": "Haard"}, "geometry": {"type": "Point", "coordinates": [5.994698, 49.5802956]}}, {"type": "Feature", "properties": {"name": "Haard"}, "geometry": {"type": "Point", "coordinates": [5.871526, 49.6897093]}}, {"type": "Feature", "properties": {"name": "Haard"}, "geometry": {"type": "Point", "coordinates": [5.9880745, 50.0452759]}}, {"type": "Feature", "properties": {"name": "Haard"}, "geometry": {"type": "Point", "coordinates": [6.4208221, 49.6942297]}}, {"type": "Feature", "properties": {"name": "Haard"}, "geometry": {"type": "Point", "coordinates": [6.350103, 49.6740818]}}, {"type": "Feature", "properties": {"name": "Haard"}, "geometry": {"type": "Point", "coordinates": [5.9268343, 50.1168151]}}, {"type": "Feature", "properties": {"name": "Haard"}, "geometry": {"type": "Point", "coordinates": [5.8748746, 50.0521756]}}, {"type": "Feature", "properties": {"name": "Haard"}, "geometry": {"type": "Point", "coordinates": [5.9284141, 49.8159433]}}, {"type": "Feature", "properties": {"name": "Haardewee"}, "geometry": {"type": "Point", "coordinates": [6.0553095, 49.9854294]}}, {"type": "Feature", "properties": {"name": "Haardhecken"}, "geometry": {"type": "Point", "coordinates": [5.9846198, 50.0473842]}}, {"type": "Feature", "properties": {"name": "Haardswénkel"}, "geometry": {"type": "Point", "coordinates": [5.9832787, 50.0874096]}}, {"type": "Feature", "properties": {"name": "Haardt"}, "geometry": {"type": "Point", "coordinates": [6.2453939, 49.6226183]}}, {"type": "Feature", "properties": {"name": "Haargert"}, "geometry": {"type": "Point", "coordinates": [6.0920316, 50.138113]}}, {"type": "Feature", "properties": {"name": "Haarwiss"}, "geometry": {"type": "Point", "coordinates": [6.162357, 49.6410287]}}, {"type": "Feature", "properties": {"name": "Haaschtäcker"}, "geometry": {"type": "Point", "coordinates": [6.0030624, 49.5609302]}}, {"type": "Feature", "properties": {"name": "Haassel"}, "geometry": {"type": "Point", "coordinates": [6.1193472, 49.8668216]}}, {"type": "Feature", "properties": {"name": "Haber"}, "geometry": {"type": "Point", "coordinates": [6.3025474, 49.8125394]}}, {"type": "Feature", "properties": {"name": "Hachiville"}, "geometry": {"type": "Point", "coordinates": [5.9231694, 50.107473]}}, {"type": "Feature", "properties": {"name": "Haes"}, "geometry": {"type": "Point", "coordinates": [6.4402735, 49.7239833]}}, {"type": "Feature", "properties": {"name": "Haff Ahl"}, "geometry": {"type": "Point", "coordinates": [6.1664068, 49.9784026]}}, {"type": "Feature", "properties": {"name": "Hagelsdorf"}, "geometry": {"type": "Point", "coordinates": [6.3642576, 49.6925865]}}, {"type": "Feature", "properties": {"name": "Hagen"}, "geometry": {"type": "Point", "coordinates": [5.9310772, 49.6491861]}}, {"type": "Feature", "properties": {"name": "Hakiem"}, "geometry": {"type": "Point", "coordinates": [6.2198585, 49.6471764]}}, {"type": "Feature", "properties": {"name": "Haler"}, "geometry": {"type": "Point", "coordinates": [5.7615545, 49.7981093]}}, {"type": "Feature", "properties": {"name": "Halermillen"}, "geometry": {"type": "Point", "coordinates": [6.2801644, 49.8230858]}}, {"type": "Feature", "properties": {"name": "Haller"}, "geometry": {"type": "Point", "coordinates": [6.2827266, 49.8197535]}}, {"type": "Feature", "properties": {"name": "Halsbaach"}, "geometry": {"type": "Point", "coordinates": [6.365605, 49.8264643]}}, {"type": "Feature", "properties": {"name": "Halt"}, "geometry": {"type": "Point", "coordinates": [5.9752107, 50.0866317]}}, {"type": "Feature", "properties": {"name": "Halt"}, "geometry": {"type": "Point", "coordinates": [6.0828692, 50.1585663]}}, {"type": "Feature", "properties": {"name": "Hamiville"}, "geometry": {"type": "Point", "coordinates": [5.9025332, 50.0457411]}}, {"type": "Feature", "properties": {"name": "Hammsebësch"}, "geometry": {"type": "Point", "coordinates": [5.9947479, 49.9510266]}}, {"type": "Feature", "properties": {"name": "Hanner Weltesch"}, "geometry": {"type": "Point", "coordinates": [6.3542096, 49.5285073]}}, {"type": "Feature", "properties": {"name": "Hannus"}, "geometry": {"type": "Point", "coordinates": [6.0371896, 49.4860101]}}, {"type": "Feature", "properties": {"name": "Harderbach"}, "geometry": {"type": "Point", "coordinates": [6.0192472, 49.9318623]}}, {"type": "Feature", "properties": {"name": "Harlange"}, "geometry": {"type": "Point", "coordinates": [5.7876377, 49.9313844]}}, {"type": "Feature", "properties": {"name": "Hassel"}, "geometry": {"type": "Point", "coordinates": [6.2065685, 49.5515468]}}, {"type": "Feature", "properties": {"name": "Hasselheck"}, "geometry": {"type": "Point", "coordinates": [6.2234437, 49.6216512]}}, {"type": "Feature", "properties": {"name": "Haut-Martelange"}, "geometry": {"type": "Point", "coordinates": [5.7494577, 49.8248257]}}, {"type": "Feature", "properties": {"name": "Hautbellain"}, "geometry": {"type": "Point", "coordinates": [5.9773143, 50.1559422]}}, {"type": "Feature", "properties": {"name": "Hautcharage"}, "geometry": {"type": "Point", "coordinates": [5.9098031, 49.5758993]}}, {"type": "Feature", "properties": {"name": "Heed"}, "geometry": {"type": "Point", "coordinates": [6.2594655, 49.708565]}}, {"type": "Feature", "properties": {"name": "Heed"}, "geometry": {"type": "Point", "coordinates": [6.233334, 49.690002]}}, {"type": "Feature", "properties": {"name": "Heed"}, "geometry": {"type": "Point", "coordinates": [6.3019466, 49.7595755]}}, {"type": "Feature", "properties": {"name": "Heed"}, "geometry": {"type": "Point", "coordinates": [6.3675642, 49.7819845]}}, {"type": "Feature", "properties": {"name": "Heed"}, "geometry": {"type": "Point", "coordinates": [6.1202967, 49.9800052]}}, {"type": "Feature", "properties": {"name": "Heed"}, "geometry": {"type": "Point", "coordinates": [5.970903, 49.9374319]}}, {"type": "Feature", "properties": {"name": "Heedchen"}, "geometry": {"type": "Point", "coordinates": [6.1541355, 49.6659751]}}, {"type": "Feature", "properties": {"name": "Heedebierg"}, "geometry": {"type": "Point", "coordinates": [6.2881279, 49.8039816]}}, {"type": "Feature", "properties": {"name": "Heedebierg"}, "geometry": {"type": "Point", "coordinates": [6.1481389, 49.9138055]}}, {"type": "Feature", "properties": {"name": "Heedknapp"}, "geometry": {"type": "Point", "coordinates": [5.8989229, 49.6680416]}}, {"type": "Feature", "properties": {"name": "Heedscheier"}, "geometry": {"type": "Point", "coordinates": [6.2595516, 49.5513103]}}, {"type": "Feature", "properties": {"name": "Heenzefelder"}, "geometry": {"type": "Point", "coordinates": [6.2374341, 49.6144013]}}, {"type": "Feature", "properties": {"name": "Heesberhaff"}, "geometry": {"type": "Point", "coordinates": [6.3119426, 49.5743084]}}, {"type": "Feature", "properties": {"name": "Heeschbreger Deel"}, "geometry": {"type": "Point", "coordinates": [6.3001227, 49.7537118]}}, {"type": "Feature", "properties": {"name": "Heffingen"}, "geometry": {"type": "Point", "coordinates": [6.2405201, 49.7707883]}}, {"type": "Feature", "properties": {"name": "Heiderscheid"}, "geometry": {"type": "Point", "coordinates": [5.9774229, 49.886851]}}, {"type": "Feature", "properties": {"name": "Heiderscheidergrund"}, "geometry": {"type": "Point", "coordinates": [5.9605894, 49.9059946]}}, {"type": "Feature", "properties": {"name": "Heiligenwies"}, "geometry": {"type": "Point", "coordinates": [6.290383, 49.6022631]}}, {"type": "Feature", "properties": {"name": "Heinerscheid"}, "geometry": {"type": "Point", "coordinates": [6.087004, 50.0943633]}}, {"type": "Feature", "properties": {"name": "Heinswénkel"}, "geometry": {"type": "Point", "coordinates": [6.2743467, 49.6386908]}}, {"type": "Feature", "properties": {"name": "Heipesch"}, "geometry": {"type": "Point", "coordinates": [6.1779642, 49.790122]}}, {"type": "Feature", "properties": {"name": "Heisbich"}, "geometry": {"type": "Point", "coordinates": [6.3490493, 49.8110402]}}, {"type": "Feature", "properties": {"name": "Heischel"}, "geometry": {"type": "Point", "coordinates": [5.8952305, 49.7166992]}}, {"type": "Feature", "properties": {"name": "Heisdorf"}, "geometry": {"type": "Point", "coordinates": [6.1409392, 49.6689165]}}, {"type": "Feature", "properties": {"name": "Heispelt"}, "geometry": {"type": "Point", "coordinates": [5.8790841, 49.8564149]}}, {"type": "Feature", "properties": {"name": "Heisten"}, "geometry": {"type": "Point", "coordinates": [5.9531629, 49.9988019]}}, {"type": "Feature", "properties": {"name": "Helfent"}, "geometry": {"type": "Point", "coordinates": [6.0728158, 49.6022663]}}, {"type": "Feature", "properties": {"name": "Hellange"}, "geometry": {"type": "Point", "coordinates": [6.1479566, 49.509256]}}, {"type": "Feature", "properties": {"name": "Helligewiss"}, "geometry": {"type": "Point", "coordinates": [6.0621116, 49.9300927]}}, {"type": "Feature", "properties": {"name": "Helmdange"}, "geometry": {"type": "Point", "coordinates": [6.1416258, 49.6926081]}}, {"type": "Feature", "properties": {"name": "Helmsange"}, "geometry": {"type": "Point", "coordinates": [6.1370064, 49.6626463]}}, {"type": "Feature", "properties": {"name": "Helperich"}, "geometry": {"type": "Point", "coordinates": [6.0308182, 49.7579329]}}, {"type": "Feature", "properties": {"name": "Helperknapp"}, "geometry": {"type": "Point", "coordinates": [6.028205, 49.7541592]}}, {"type": "Feature", "properties": {"name": "Hemeschbach"}, "geometry": {"type": "Point", "coordinates": [6.1414351, 49.8015124]}}, {"type": "Feature", "properties": {"name": "Hemstal"}, "geometry": {"type": "Point", "coordinates": [6.3348459, 49.7398122]}}, {"type": "Feature", "properties": {"name": "Hengescht"}, "geometry": {"type": "Point", "coordinates": [6.0058737, 49.9445405]}}, {"type": "Feature", "properties": {"name": "Herborn"}, "geometry": {"type": "Point", "coordinates": [6.4280311, 49.7475118]}}, {"type": "Feature", "properties": {"name": "Herel"}, "geometry": {"type": "Point", "coordinates": [6.2283897, 49.6223046]}}, {"type": "Feature", "properties": {"name": "Heroldt"}, "geometry": {"type": "Point", "coordinates": [6.338898, 49.8263846]}}, {"type": "Feature", "properties": {"name": "Herrenberg"}, "geometry": {"type": "Point", "coordinates": [6.1674104, 49.8768971]}}, {"type": "Feature", "properties": {"name": "Hersberg"}, "geometry": {"type": "Point", "coordinates": [6.3282435, 49.7571514]}}, {"type": "Feature", "properties": {"name": "Hesperange"}, "geometry": {"type": "Point", "coordinates": [6.1615727, 49.5729552]}}, {"type": "Feature", "properties": {"name": "Hessemillen"}, "geometry": {"type": "Point", "coordinates": [6.2419286, 49.8528943]}}, {"type": "Feature", "properties": {"name": "Hierber Millen"}, "geometry": {"type": "Point", "coordinates": [6.4264284, 49.7374357]}}, {"type": "Feature", "properties": {"name": "Hierberheed"}, "geometry": {"type": "Point", "coordinates": [6.1995053, 49.6928053]}}, {"type": "Feature", "properties": {"name": "Hierheck"}, "geometry": {"type": "Point", "coordinates": [5.9294678, 49.8721473]}}, {"type": "Feature", "properties": {"name": "Hierk"}, "geometry": {"type": "Point", "coordinates": [6.0542446, 50.017257]}}, {"type": "Feature", "properties": {"name": "Hiermesriedchen"}, "geometry": {"type": "Point", "coordinates": [5.9891152, 49.9311062]}}, {"type": "Feature", "properties": {"name": "Hierstbur"}, "geometry": {"type": "Point", "coordinates": [6.2972259, 49.7700746]}}, {"type": "Feature", "properties": {"name": "Hiertgeshecken"}, "geometry": {"type": "Point", "coordinates": [6.1381767, 49.4984364]}}, {"type": "Feature", "properties": {"name": "Hierzebierg"}, "geometry": {"type": "Point", "coordinates": [6.3689697, 49.7108432]}}, {"type": "Feature", "properties": {"name": "Hiescht"}, "geometry": {"type": "Point", "coordinates": [5.8349794, 49.7844264]}}, {"type": "Feature", "properties": {"name": "Hiirdegaarden"}, "geometry": {"type": "Point", "coordinates": [6.2779784, 49.8011286]}}, {"type": "Feature", "properties": {"name": "Hiischebierg"}, "geometry": {"type": "Point", "coordinates": [6.3549793, 49.4750785]}}, {"type": "Feature", "properties": {"name": "Hilschend"}, "geometry": {"type": "Point", "coordinates": [5.971123, 50.0334859]}}, {"type": "Feature", "properties": {"name": "Himmelsbierg"}, "geometry": {"type": "Point", "coordinates": [5.9372091, 50.1181566]}}, {"type": "Feature", "properties": {"name": "Hinkel"}, "geometry": {"type": "Point", "coordinates": [6.5149128, 49.7834439]}}, {"type": "Feature", "properties": {"name": "Hinkelserbësch"}, "geometry": {"type": "Point", "coordinates": [6.5078139, 49.7733967]}}, {"type": "Feature", "properties": {"name": "Hinterhasselt"}, "geometry": {"type": "Point", "coordinates": [5.8638116, 50.0569265]}}, {"type": "Feature", "properties": {"name": "Hintgesbësch"}, "geometry": {"type": "Point", "coordinates": [5.9556413, 49.8061558]}}, {"type": "Feature", "properties": {"name": "Hirebierg"}, "geometry": {"type": "Point", "coordinates": [6.3470721, 49.7976938]}}, {"type": "Feature", "properties": {"name": "Hischt"}, "geometry": {"type": "Point", "coordinates": [5.99581, 49.9455174]}}, {"type": "Feature", "properties": {"name": "Hivange"}, "geometry": {"type": "Point", "coordinates": [5.9299356, 49.60564]}}, {"type": "Feature", "properties": {"name": "Hiwelbierg"}, "geometry": {"type": "Point", "coordinates": [6.3365096, 49.546556]}}, {"type": "Feature", "properties": {"name": "Hobscheid"}, "geometry": {"type": "Point", "coordinates": [5.9139276, 49.687813]}}, {"type": "Feature", "properties": {"name": "Hockschleed"}, "geometry": {"type": "Point", "coordinates": [5.9144908, 49.9094849]}}, {"type": "Feature", "properties": {"name": "Hoesdorf"}, "geometry": {"type": "Point", "coordinates": [6.2567988, 49.8825932]}}, {"type": "Feature", "properties": {"name": "Hoffelt"}, "geometry": {"type": "Point", "coordinates": [5.9213755, 50.099203]}}, {"type": "Feature", "properties": {"name": "Hoflee"}, "geometry": {"type": "Point", "coordinates": [6.0430169, 49.937829]}}, {"type": "Feature", "properties": {"name": "Hog"}, "geometry": {"type": "Point", "coordinates": [6.0598504, 50.0551653]}}, {"type": "Feature", "properties": {"name": "Hollenfels"}, "geometry": {"type": "Point", "coordinates": [6.0483652, 49.7128161]}}, {"type": "Feature", "properties": {"name": "Holler"}, "geometry": {"type": "Point", "coordinates": [6.0474938, 50.1226686]}}, {"type": "Feature", "properties": {"name": "Hollermühle"}, "geometry": {"type": "Point", "coordinates": [6.0531258, 50.1169366]}}, {"type": "Feature", "properties": {"name": "Holleschbierg"}, "geometry": {"type": "Point", "coordinates": [6.1564153, 49.5749877]}}, {"type": "Feature", "properties": {"name": "Holtschent"}, "geometry": {"type": "Point", "coordinates": [6.3564973, 49.7850222]}}, {"type": "Feature", "properties": {"name": "Holtz"}, "geometry": {"type": "Point", "coordinates": [5.7903298, 49.8062237]}}, {"type": "Feature", "properties": {"name": "Holzem"}, "geometry": {"type": "Point", "coordinates": [5.9911426, 49.615754]}}, {"type": "Feature", "properties": {"name": "Holzthum"}, "geometry": {"type": "Point", "coordinates": [6.0734226, 49.9850142]}}, {"type": "Feature", "properties": {"name": "Homesbësch"}, "geometry": {"type": "Point", "coordinates": [6.2346664, 49.6935854]}}, {"type": "Feature", "properties": {"name": "Homesbësch"}, "geometry": {"type": "Point", "coordinates": [6.176843, 49.5919428]}}, {"type": "Feature", "properties": {"name": "Homicht"}, "geometry": {"type": "Point", "coordinates": [6.0601723, 50.0104901]}}, {"type": "Feature", "properties": {"name": "Hondsfiels"}, "geometry": {"type": "Point", "coordinates": [6.0412196, 49.6434327]}}, {"type": "Feature", "properties": {"name": "Hongerbierg"}, "geometry": {"type": "Point", "coordinates": [6.3007365, 49.7239543]}}, {"type": "Feature", "properties": {"name": "Hongerbierg"}, "geometry": {"type": "Point", "coordinates": [6.1209404, 49.8055257]}}, {"type": "Feature", "properties": {"name": "Honicht"}, "geometry": {"type": "Point", "coordinates": [6.1213428, 50.0185185]}}, {"type": "Feature", "properties": {"name": "Honsbur"}, "geometry": {"type": "Point", "coordinates": [6.027389, 49.967773]}}, {"type": "Feature", "properties": {"name": "Honsréck"}, "geometry": {"type": "Point", "coordinates": [6.2839436, 49.7761927]}}, {"type": "Feature", "properties": {"name": "Horas"}, "geometry": {"type": "Point", "coordinates": [5.9196889, 49.8099985]}}, {"type": "Feature", "properties": {"name": "Hosbich"}, "geometry": {"type": "Point", "coordinates": [6.0542111, 49.7545145]}}, {"type": "Feature", "properties": {"name": "Hoscheid"}, "geometry": {"type": "Point", "coordinates": [6.0813652, 49.9492448]}}, {"type": "Feature", "properties": {"name": "Hoscheid-Dickt"}, "geometry": {"type": "Point", "coordinates": [6.0905533, 49.9719134]}}, {"type": "Feature", "properties": {"name": "Hoserat"}, "geometry": {"type": "Point", "coordinates": [6.122877, 49.9787288]}}, {"type": "Feature", "properties": {"name": "Hosingen"}, "geometry": {"type": "Point", "coordinates": [6.0910943, 50.0143519]}}, {"type": "Feature", "properties": {"name": "Hossebierg"}, "geometry": {"type": "Point", "coordinates": [6.2578284, 49.8458873]}}, {"type": "Feature", "properties": {"name": "Hostert"}, "geometry": {"type": "Point", "coordinates": [6.2333394, 49.6580055]}}, {"type": "Feature", "properties": {"name": "Hostert"}, "geometry": {"type": "Point", "coordinates": [5.8657938, 49.8101761]}}, {"type": "Feature", "properties": {"name": "Houbësch"}, "geometry": {"type": "Point", "coordinates": [5.9166323, 49.8365669]}}, {"type": "Feature", "properties": {"name": "Houfels"}, "geometry": {"type": "Point", "coordinates": [5.8083317, 49.8717183]}}, {"type": "Feature", "properties": {"name": "Hougeriicht"}, "geometry": {"type": "Point", "coordinates": [6.1707008, 49.9493767]}}, {"type": "Feature", "properties": {"name": "Houkiemert"}, "geometry": {"type": "Point", "coordinates": [6.0317188, 49.607285]}}, {"type": "Feature", "properties": {"name": "Hounig"}, "geometry": {"type": "Point", "coordinates": [5.8729421, 49.7604769]}}, {"type": "Feature", "properties": {"name": "Houscht"}, "geometry": {"type": "Point", "coordinates": [5.8709586, 49.822224]}}, {"type": "Feature", "properties": {"name": "Houschterhaff"}, "geometry": {"type": "Point", "coordinates": [6.1553572, 49.9371273]}}, {"type": "Feature", "properties": {"name": "Houwald"}, "geometry": {"type": "Point", "coordinates": [6.3943219, 49.6616001]}}, {"type": "Feature", "properties": {"name": "Hovelange"}, "geometry": {"type": "Point", "coordinates": [5.9065268, 49.7217004]}}, {"type": "Feature", "properties": {"name": "Howald"}, "geometry": {"type": "Point", "coordinates": [6.1443593, 49.582147]}}, {"type": "Feature", "properties": {"name": "Howiss"}, "geometry": {"type": "Point", "coordinates": [6.1375219, 49.9620052]}}, {"type": "Feature", "properties": {"name": "Hudefelder"}, "geometry": {"type": "Point", "coordinates": [5.8686948, 50.018715]}}, {"type": "Feature", "properties": {"name": "Hudeknapp"}, "geometry": {"type": "Point", "coordinates": [5.8716559, 50.0214241]}}, {"type": "Feature", "properties": {"name": "Huel Kimmerchen"}, "geometry": {"type": "Point", "coordinates": [6.1083529, 49.6741672]}}, {"type": "Feature", "properties": {"name": "Huelbrill"}, "geometry": {"type": "Point", "coordinates": [5.9936213, 49.6469037]}}, {"type": "Feature", "properties": {"name": "Hueldang"}, "geometry": {"type": "Point", "coordinates": [5.8901095, 50.0467262]}}, {"type": "Feature", "properties": {"name": "Huerweiden"}, "geometry": {"type": "Point", "coordinates": [6.2583446, 49.7678502]}}, {"type": "Feature", "properties": {"name": "Hueschent"}, "geometry": {"type": "Point", "coordinates": [6.2041104, 49.6037713]}}, {"type": "Feature", "properties": {"name": "Hueschent"}, "geometry": {"type": "Point", "coordinates": [6.1953878, 49.6028813]}}, {"type": "Feature", "properties": {"name": "Hueschtergare"}, "geometry": {"type": "Point", "coordinates": [5.8533031, 49.8035417]}}, {"type": "Feature", "properties": {"name": "Hueschterknapp"}, "geometry": {"type": "Point", "coordinates": [5.8165795, 49.821736]}}, {"type": "Feature", "properties": {"name": "Huldange"}, "geometry": {"type": "Point", "coordinates": [6.014087, 50.1637143]}}, {"type": "Feature", "properties": {"name": "Huldangermillen"}, "geometry": {"type": "Point", "coordinates": [5.9995168, 50.1608483]}}, {"type": "Feature", "properties": {"name": "Huncherange"}, "geometry": {"type": "Point", "coordinates": [6.0633888, 49.5169484]}}, {"type": "Feature", "properties": {"name": "Hundschent"}, "geometry": {"type": "Point", "coordinates": [6.3122034, 49.7535315]}}, {"type": "Feature", "properties": {"name": "Hunnebur"}, "geometry": {"type": "Point", "coordinates": [6.0810823, 49.7257836]}}, {"type": "Feature", "properties": {"name": "Hunnegesbierg"}, "geometry": {"type": "Point", "coordinates": [6.3476568, 49.7387579]}}, {"type": "Feature", "properties": {"name": "Hunsdorf"}, "geometry": {"type": "Point", "coordinates": [6.1303632, 49.696364]}}, {"type": "Feature", "properties": {"name": "Hupertsgriecht"}, "geometry": {"type": "Point", "coordinates": [6.1421272, 49.8646656]}}, {"type": "Feature", "properties": {"name": "Hupperdange"}, "geometry": {"type": "Point", "coordinates": [6.0568365, 50.0959489]}}, {"type": "Feature", "properties": {"name": "Huserweier"}, "geometry": {"type": "Point", "coordinates": [6.067602, 50.0492891]}}, {"type": "Feature", "properties": {"name": "Huttange"}, "geometry": {"type": "Point", "coordinates": [5.8977509, 49.7357544]}}, {"type": "Feature", "properties": {"name": "Huuscht"}, "geometry": {"type": "Point", "coordinates": [6.2272516, 49.6961357]}}, {"type": "Feature", "properties": {"name": "Huuscht"}, "geometry": {"type": "Point", "coordinates": [6.1854529, 49.5503985]}}, {"type": "Feature", "properties": {"name": "Hädschend"}, "geometry": {"type": "Point", "coordinates": [6.0261834, 49.9558277]}}, {"type": "Feature", "properties": {"name": "Hämrichtwangerten"}, "geometry": {"type": "Point", "coordinates": [6.1440664, 49.8662441]}}, {"type": "Feature", "properties": {"name": "Härdbierg"}, "geometry": {"type": "Point", "coordinates": [6.3297772, 49.7689728]}}, {"type": "Feature", "properties": {"name": "Härdchen"}, "geometry": {"type": "Point", "coordinates": [6.4760971, 49.7432404]}}, {"type": "Feature", "properties": {"name": "Härdcheslee"}, "geometry": {"type": "Point", "coordinates": [6.2169367, 49.7282816]}}, {"type": "Feature", "properties": {"name": "Härdflouer"}, "geometry": {"type": "Point", "coordinates": [6.3314938, 49.77277]}}, {"type": "Feature", "properties": {"name": "Härebierg"}, "geometry": {"type": "Point", "coordinates": [6.3510062, 49.6241359]}}, {"type": "Feature", "properties": {"name": "Härebësch"}, "geometry": {"type": "Point", "coordinates": [6.1320119, 49.4961802]}}, {"type": "Feature", "properties": {"name": "Härebësch"}, "geometry": {"type": "Point", "coordinates": [6.4876628, 49.7399782]}}, {"type": "Feature", "properties": {"name": "Härel"}, "geometry": {"type": "Point", "coordinates": [5.9770535, 49.7268087]}}, {"type": "Feature", "properties": {"name": "Härel"}, "geometry": {"type": "Point", "coordinates": [5.9727833, 49.7230479]}}, {"type": "Feature", "properties": {"name": "Héicht"}, "geometry": {"type": "Point", "coordinates": [6.2778497, 49.7801141]}}, {"type": "Feature", "properties": {"name": "Héicht"}, "geometry": {"type": "Point", "coordinates": [6.3051009, 49.7625973]}}, {"type": "Feature", "properties": {"name": "Héicht"}, "geometry": {"type": "Point", "coordinates": [6.2803602, 49.8142148]}}, {"type": "Feature", "properties": {"name": "Héicht"}, "geometry": {"type": "Point", "coordinates": [6.1553585, 49.9486035]}}, {"type": "Feature", "properties": {"name": "Héicht"}, "geometry": {"type": "Point", "coordinates": [6.4375698, 49.7016273]}}, {"type": "Feature", "properties": {"name": "Héicht"}, "geometry": {"type": "Point", "coordinates": [5.9879029, 49.9346766]}}, {"type": "Feature", "properties": {"name": "Héierig"}, "geometry": {"type": "Point", "coordinates": [5.958994, 50.0150819]}}, {"type": "Feature", "properties": {"name": "Héiltzerstee"}, "geometry": {"type": "Point", "coordinates": [5.7839179, 49.8095716]}}, {"type": "Feature", "properties": {"name": "Héisebësch"}, "geometry": {"type": "Point", "coordinates": [6.0187536, 50.0943067]}}, {"type": "Feature", "properties": {"name": "Héist"}, "geometry": {"type": "Point", "coordinates": [6.1291319, 49.9878318]}}, {"type": "Feature", "properties": {"name": "Héitebierg"}, "geometry": {"type": "Point", "coordinates": [5.9989428, 50.0690056]}}, {"type": "Feature", "properties": {"name": "Héndelbierg"}, "geometry": {"type": "Point", "coordinates": [6.1560237, 49.8855934]}}, {"type": "Feature", "properties": {"name": "Héngerjuck"}, "geometry": {"type": "Point", "coordinates": [6.2007953, 49.6966405]}}, {"type": "Feature", "properties": {"name": "Hésterbierg"}, "geometry": {"type": "Point", "coordinates": [6.2750223, 49.741066]}}, {"type": "Feature", "properties": {"name": "Hëlzeburen"}, "geometry": {"type": "Point", "coordinates": [6.1024654, 50.1267069]}}, {"type": "Feature", "properties": {"name": "Hënnescht Muer"}, "geometry": {"type": "Point", "coordinates": [6.0859504, 49.8405675]}}, {"type": "Feature", "properties": {"name": "Hënneschte Bierg"}, "geometry": {"type": "Point", "coordinates": [6.3182017, 49.4820296]}}, {"type": "Feature", "properties": {"name": "Hënneschte Bësch"}, "geometry": {"type": "Point", "coordinates": [6.0954836, 49.6950104]}}, {"type": "Feature", "properties": {"name": "Hënsdrëfer Mamer"}, "geometry": {"type": "Point", "coordinates": [6.0946119, 49.6872613]}}, {"type": "Feature", "properties": {"name": "Hëtt"}, "geometry": {"type": "Point", "coordinates": [5.8823311, 50.0263044]}}, {"type": "Feature", "properties": {"name": "Hëttermillen"}, "geometry": {"type": "Point", "coordinates": [6.3713317, 49.5872804]}}, {"type": "Feature", "properties": {"name": "Ielen"}, "geometry": {"type": "Point", "coordinates": [6.0241127, 49.65744]}}, {"type": "Feature", "properties": {"name": "Ielzergrond"}, "geometry": {"type": "Point", "coordinates": [6.2029178, 49.6911493]}}, {"type": "Feature", "properties": {"name": "Ielzert"}, "geometry": {"type": "Point", "coordinates": [6.2133745, 49.6887597]}}, {"type": "Feature", "properties": {"name": "Ierenter"}, "geometry": {"type": "Point", "coordinates": [6.3231361, 49.7527829]}}, {"type": "Feature", "properties": {"name": "Iernsterweier"}, "geometry": {"type": "Point", "coordinates": [6.2341559, 49.6776838]}}, {"type": "Feature", "properties": {"name": "Ierzkaulen"}, "geometry": {"type": "Point", "coordinates": [6.151523, 49.6036183]}}, {"type": "Feature", "properties": {"name": "Iewend"}, "geometry": {"type": "Point", "coordinates": [6.071459, 50.0861567]}}, {"type": "Feature", "properties": {"name": "Iewerlengermillen"}, "geometry": {"type": "Point", "coordinates": [5.9383875, 49.7773257]}}, {"type": "Feature", "properties": {"name": "Im Gelbenberg"}, "geometry": {"type": "Point", "coordinates": [6.0059133, 49.581915]}}, {"type": "Feature", "properties": {"name": "Im Inberg"}, "geometry": {"type": "Point", "coordinates": [5.9903827, 49.5939999]}}, {"type": "Feature", "properties": {"name": "Im Rothfeldchen"}, "geometry": {"type": "Point", "coordinates": [6.1237771, 49.6881817]}}, {"type": "Feature", "properties": {"name": "Imbringen"}, "geometry": {"type": "Point", "coordinates": [6.1931571, 49.7000235]}}, {"type": "Feature", "properties": {"name": "Immendellt"}, "geometry": {"type": "Point", "coordinates": [6.2832999, 49.7744606]}}, {"type": "Feature", "properties": {"name": "In Ramescht"}, "geometry": {"type": "Point", "coordinates": [5.8269539, 49.7913878]}}, {"type": "Feature", "properties": {"name": "In den Gedrescher"}, "geometry": {"type": "Point", "coordinates": [6.1173446, 49.7636673]}}, {"type": "Feature", "properties": {"name": "In den Jauchen"}, "geometry": {"type": "Point", "coordinates": [6.1156882, 49.76289]}}, {"type": "Feature", "properties": {"name": "In den Leyen"}, "geometry": {"type": "Point", "coordinates": [6.033099, 49.7519598]}}, {"type": "Feature", "properties": {"name": "Ingeldorf"}, "geometry": {"type": "Point", "coordinates": [6.1340641, 49.8532419]}}, {"type": "Feature", "properties": {"name": "Insenborn"}, "geometry": {"type": "Point", "coordinates": [5.8837911, 49.8993724]}}, {"type": "Feature", "properties": {"name": "Intepéilchen"}, "geometry": {"type": "Point", "coordinates": [6.3209302, 49.5809303]}}, {"type": "Feature", "properties": {"name": "Irgärtchen"}, "geometry": {"type": "Point", "coordinates": [6.1793355, 49.6158366]}}, {"type": "Feature", "properties": {"name": "Itzig"}, "geometry": {"type": "Point", "coordinates": [6.1723065, 49.5869326]}}, {"type": "Feature", "properties": {"name": "Itzigerstee"}, "geometry": {"type": "Point", "coordinates": [6.1597552, 49.595645]}}, {"type": "Feature", "properties": {"name": "Itzigerstée"}, "geometry": {"type": "Point", "coordinates": [6.2158672, 49.6645605]}}, {"type": "Feature", "properties": {"name": "Iwwert dem Geessewee"}, "geometry": {"type": "Point", "coordinates": [6.3091124, 49.4877936]}}, {"type": "Feature", "properties": {"name": "Iwwert der Sauerwiss"}, "geometry": {"type": "Point", "coordinates": [6.1559131, 49.5111601]}}, {"type": "Feature", "properties": {"name": "Jaanshaff"}, "geometry": {"type": "Point", "coordinates": [6.1569977, 49.654726]}}, {"type": "Feature", "properties": {"name": "Jannerdellt"}, "geometry": {"type": "Point", "coordinates": [5.9772491, 49.9419409]}}, {"type": "Feature", "properties": {"name": "Jardin Napoléon"}, "geometry": {"type": "Point", "coordinates": [5.884643, 49.8485665]}}, {"type": "Feature", "properties": {"name": "Jean-Harisgronn"}, "geometry": {"type": "Point", "coordinates": [6.2600212, 49.7438533]}}, {"type": "Feature", "properties": {"name": "Jeich"}, "geometry": {"type": "Point", "coordinates": [6.2613916, 49.7653]}}, {"type": "Feature", "properties": {"name": "Jein"}, "geometry": {"type": "Point", "coordinates": [5.9626175, 49.845466]}}, {"type": "Feature", "properties": {"name": "Jenkebierg"}, "geometry": {"type": "Point", "coordinates": [6.2672871, 49.8781408]}}, {"type": "Feature", "properties": {"name": "Jockesbierg"}, "geometry": {"type": "Point", "coordinates": [6.3807603, 49.7539152]}}, {"type": "Feature", "properties": {"name": "Jokeswald"}, "geometry": {"type": "Point", "coordinates": [5.9664667, 50.0483693]}}, {"type": "Feature", "properties": {"name": "Jongebierg"}, "geometry": {"type": "Point", "coordinates": [6.3552368, 49.4800698]}}, {"type": "Feature", "properties": {"name": "Jongebësch"}, "geometry": {"type": "Point", "coordinates": [6.2387967, 49.8573732]}}, {"type": "Feature", "properties": {"name": "Juckelsbusch"}, "geometry": {"type": "Point", "coordinates": [6.0503675, 49.6508266]}}, {"type": "Feature", "properties": {"name": "Juckenfeld"}, "geometry": {"type": "Point", "coordinates": [6.3684136, 49.7901122]}}, {"type": "Feature", "properties": {"name": "Judesbierg"}, "geometry": {"type": "Point", "coordinates": [6.1896757, 49.6818961]}}, {"type": "Feature", "properties": {"name": "Junglinster"}, "geometry": {"type": "Point", "coordinates": [6.2522878, 49.7118482]}}, {"type": "Feature", "properties": {"name": "Kaachelskapp"}, "geometry": {"type": "Point", "coordinates": [6.3603973, 49.7899091]}}, {"type": "Feature", "properties": {"name": "Kaaspelterhof"}, "geometry": {"type": "Point", "coordinates": [6.0000929, 50.0289974]}}, {"type": "Feature", "properties": {"name": "Kaassel"}, "geometry": {"type": "Point", "coordinates": [5.8959782, 49.8265223]}}, {"type": "Feature", "properties": {"name": "Kaasselhéicht"}, "geometry": {"type": "Point", "coordinates": [6.2653184, 49.8022366]}}, {"type": "Feature", "properties": {"name": "Kaesfurt"}, "geometry": {"type": "Point", "coordinates": [6.0731389, 50.0926544]}}, {"type": "Feature", "properties": {"name": "Kaffisbierg"}, "geometry": {"type": "Point", "coordinates": [6.3581282, 49.4792333]}}, {"type": "Feature", "properties": {"name": "Kaffishaff"}, "geometry": {"type": "Point", "coordinates": [6.3047791, 49.6153832]}}, {"type": "Feature", "properties": {"name": "Kahler"}, "geometry": {"type": "Point", "coordinates": [5.917651, 49.6315445]}}, {"type": "Feature", "properties": {"name": "Kalber"}, "geometry": {"type": "Point", "coordinates": [5.9521876, 49.8564266]}}, {"type": "Feature", "properties": {"name": "Kalborn"}, "geometry": {"type": "Point", "coordinates": [6.1121588, 50.1026695]}}, {"type": "Feature", "properties": {"name": "Kalchesbruck"}, "geometry": {"type": "Point", "coordinates": [6.1875141, 49.624078]}}, {"type": "Feature", "properties": {"name": "Kalebierg"}, "geometry": {"type": "Point", "coordinates": [6.1548918, 49.8740304]}}, {"type": "Feature", "properties": {"name": "Kalebierg"}, "geometry": {"type": "Point", "coordinates": [6.4046591, 49.7198025]}}, {"type": "Feature", "properties": {"name": "Kaleknapp"}, "geometry": {"type": "Point", "coordinates": [6.070127, 49.6320849]}}, {"type": "Feature", "properties": {"name": "Kaleräes"}, "geometry": {"type": "Point", "coordinates": [6.1468667, 49.5875037]}}, {"type": "Feature", "properties": {"name": "Kalkesbach"}, "geometry": {"type": "Point", "coordinates": [6.3544598, 49.8015331]}}, {"type": "Feature", "properties": {"name": "Kallekbësch"}, "geometry": {"type": "Point", "coordinates": [6.3447332, 49.6426858]}}, {"type": "Feature", "properties": {"name": "Kampengchen"}, "geometry": {"type": "Point", "coordinates": [6.1910555, 49.6860945]}}, {"type": "Feature", "properties": {"name": "Kandel"}, "geometry": {"type": "Point", "coordinates": [5.9510815, 50.1116379]}}, {"type": "Feature", "properties": {"name": "Kanounenhiwwel"}, "geometry": {"type": "Point", "coordinates": [6.134493, 49.6070561]}}, {"type": "Feature", "properties": {"name": "Kapenacker"}, "geometry": {"type": "Point", "coordinates": [6.3550682, 49.6378793]}}, {"type": "Feature", "properties": {"name": "Kapweiler"}, "geometry": {"type": "Point", "coordinates": [5.9705857, 49.7397514]}}, {"type": "Feature", "properties": {"name": "Karewee"}, "geometry": {"type": "Point", "coordinates": [6.0110396, 50.0584578]}}, {"type": "Feature", "properties": {"name": "Kastechlousen"}, "geometry": {"type": "Point", "coordinates": [6.4620423, 49.6983034]}}, {"type": "Feature", "properties": {"name": "Kaul"}, "geometry": {"type": "Point", "coordinates": [6.2109554, 49.5609914]}}, {"type": "Feature", "properties": {"name": "Kaul"}, "geometry": {"type": "Point", "coordinates": [6.2469828, 49.6328055]}}, {"type": "Feature", "properties": {"name": "Kaul"}, "geometry": {"type": "Point", "coordinates": [6.360274, 49.6008927]}}, {"type": "Feature", "properties": {"name": "Kaundorf"}, "geometry": {"type": "Point", "coordinates": [5.9012876, 49.9201383]}}, {"type": "Feature", "properties": {"name": "Kautebongert"}, "geometry": {"type": "Point", "coordinates": [5.9824419, 50.0421823]}}, {"type": "Feature", "properties": {"name": "Kautenbach"}, "geometry": {"type": "Point", "coordinates": [6.0180937, 49.9528348]}}, {"type": "Feature", "properties": {"name": "Kauzelee"}, "geometry": {"type": "Point", "coordinates": [6.1666882, 49.781277]}}, {"type": "Feature", "properties": {"name": "Kayl"}, "geometry": {"type": "Point", "coordinates": [6.041472, 49.4861302]}}, {"type": "Feature", "properties": {"name": "Kazelach"}, "geometry": {"type": "Point", "coordinates": [6.3260261, 49.5771594]}}, {"type": "Feature", "properties": {"name": "Kazewénkel"}, "geometry": {"type": "Point", "coordinates": [5.8729354, 49.9279621]}}, {"type": "Feature", "properties": {"name": "Kefferheck"}, "geometry": {"type": "Point", "coordinates": [6.0141134, 49.6574539]}}, {"type": "Feature", "properties": {"name": "Kehlen"}, "geometry": {"type": "Point", "coordinates": [6.0357089, 49.6675477]}}, {"type": "Feature", "properties": {"name": "Kehmen"}, "geometry": {"type": "Point", "coordinates": [6.036158, 49.9000432]}}, {"type": "Feature", "properties": {"name": "Keispelt"}, "geometry": {"type": "Point", "coordinates": [6.0683638, 49.6943078]}}, {"type": "Feature", "properties": {"name": "Keiwelbach"}, "geometry": {"type": "Point", "coordinates": [6.2338886, 49.8494148]}}, {"type": "Feature", "properties": {"name": "Kempelsbierg"}, "geometry": {"type": "Point", "coordinates": [6.4134836, 49.7302217]}}, {"type": "Feature", "properties": {"name": "Kempelsbierg"}, "geometry": {"type": "Point", "coordinates": [6.242423, 49.7381547]}}, {"type": "Feature", "properties": {"name": "Kentschland"}, "geometry": {"type": "Point", "coordinates": [5.8830714, 50.0309911]}}, {"type": "Feature", "properties": {"name": "Kesselbësch"}, "geometry": {"type": "Point", "coordinates": [5.8749175, 49.8277958]}}, {"type": "Feature", "properties": {"name": "Kesselsgriecht"}, "geometry": {"type": "Point", "coordinates": [6.3843763, 49.7212453]}}, {"type": "Feature", "properties": {"name": "Khéibierg"}, "geometry": {"type": "Point", "coordinates": [6.1957152, 49.6825441]}}, {"type": "Feature", "properties": {"name": "Kielenerwee"}, "geometry": {"type": "Point", "coordinates": [6.0817912, 49.6394694]}}, {"type": "Feature", "properties": {"name": "Kiem"}, "geometry": {"type": "Point", "coordinates": [6.2129912, 49.6451145]}}, {"type": "Feature", "properties": {"name": "Kierchermillen"}, "geometry": {"type": "Point", "coordinates": [5.9714716, 50.13801]}}, {"type": "Feature", "properties": {"name": "Kiert"}, "geometry": {"type": "Point", "coordinates": [6.2627448, 49.7481723]}}, {"type": "Feature", "properties": {"name": "Kiirchebësch"}, "geometry": {"type": "Point", "coordinates": [5.9487212, 49.9540433]}}, {"type": "Feature", "properties": {"name": "Kiirchefeld"}, "geometry": {"type": "Point", "coordinates": [6.4426446, 49.7028624]}}, {"type": "Feature", "properties": {"name": "Kiischtebierg"}, "geometry": {"type": "Point", "coordinates": [6.4179785, 49.6775969]}}, {"type": "Feature", "properties": {"name": "Kilker"}, "geometry": {"type": "Point", "coordinates": [6.2742877, 49.7967381]}}, {"type": "Feature", "properties": {"name": "Killwée"}, "geometry": {"type": "Point", "coordinates": [6.1989174, 49.6558819]}}, {"type": "Feature", "properties": {"name": "Kimm"}, "geometry": {"type": "Point", "coordinates": [5.7830256, 49.8384428]}}, {"type": "Feature", "properties": {"name": "Kinnebësch"}, "geometry": {"type": "Point", "coordinates": [6.4329024, 49.686875]}}, {"type": "Feature", "properties": {"name": "Kirbichel"}, "geometry": {"type": "Point", "coordinates": [5.9212715, 49.8313061]}}, {"type": "Feature", "properties": {"name": "Kirkelt"}, "geometry": {"type": "Point", "coordinates": [5.8511907, 49.9238749]}}, {"type": "Feature", "properties": {"name": "Kirkelt"}, "geometry": {"type": "Point", "coordinates": [5.8798876, 49.9245742]}}, {"type": "Feature", "properties": {"name": "Kisfurt"}, "geometry": {"type": "Point", "coordinates": [6.0789158, 50.1565886]}}, {"type": "Feature", "properties": {"name": "Kitzebuer"}, "geometry": {"type": "Point", "coordinates": [6.2402258, 49.787944]}}, {"type": "Feature", "properties": {"name": "Klabberfiels"}, "geometry": {"type": "Point", "coordinates": [6.3658851, 49.4769581]}}, {"type": "Feature", "properties": {"name": "Klatzber"}, "geometry": {"type": "Point", "coordinates": [5.9456688, 49.8863987]}}, {"type": "Feature", "properties": {"name": "Klatzepëtz"}, "geometry": {"type": "Point", "coordinates": [5.8644247, 50.0080631]}}, {"type": "Feature", "properties": {"name": "Klauresbierg"}, "geometry": {"type": "Point", "coordinates": [6.0271275, 50.0622048]}}, {"type": "Feature", "properties": {"name": "Kleinbettingen"}, "geometry": {"type": "Point", "coordinates": [5.9154984, 49.6446539]}}, {"type": "Feature", "properties": {"name": "Kleinhoscheid"}, "geometry": {"type": "Point", "coordinates": [5.9662763, 50.0174697]}}, {"type": "Feature", "properties": {"name": "Kleng Amerika"}, "geometry": {"type": "Point", "coordinates": [6.03708, 49.6848178]}}, {"type": "Feature", "properties": {"name": "Kleng Härdchen"}, "geometry": {"type": "Point", "coordinates": [6.4307088, 49.6947398]}}, {"type": "Feature", "properties": {"name": "Kleng Teschebaacherdraf"}, "geometry": {"type": "Point", "coordinates": [6.4111876, 49.6845542]}}, {"type": "Feature", "properties": {"name": "Klengen Ieselsknapp"}, "geometry": {"type": "Point", "coordinates": [6.1697956, 49.6444613]}}, {"type": "Feature", "properties": {"name": "Klenglitschend"}, "geometry": {"type": "Point", "coordinates": [5.8988076, 49.953552]}}, {"type": "Feature", "properties": {"name": "Kleppesch"}, "geometry": {"type": "Point", "coordinates": [5.8969438, 49.8352837]}}, {"type": "Feature", "properties": {"name": "Klosmillen"}, "geometry": {"type": "Point", "coordinates": [6.3585782, 49.7135874]}}, {"type": "Feature", "properties": {"name": "Klounkebierg"}, "geometry": {"type": "Point", "coordinates": [5.9557593, 50.0900357]}}, {"type": "Feature", "properties": {"name": "Kläsbierg"}, "geometry": {"type": "Point", "coordinates": [6.0395853, 49.6022246]}}, {"type": "Feature", "properties": {"name": "Kléibierg"}, "geometry": {"type": "Point", "coordinates": [6.3512349, 49.4692606]}}, {"type": "Feature", "properties": {"name": "Kléibierg"}, "geometry": {"type": "Point", "coordinates": [6.0301799, 49.965908]}}, {"type": "Feature", "properties": {"name": "Kléimillen"}, "geometry": {"type": "Point", "coordinates": [6.0427195, 50.1069981]}}, {"type": "Feature", "properties": {"name": "Kléiweier"}, "geometry": {"type": "Point", "coordinates": [6.3158941, 49.6421057]}}, {"type": "Feature", "properties": {"name": "Kléiwiss"}, "geometry": {"type": "Point", "coordinates": [5.9993327, 49.6471792]}}, {"type": "Feature", "properties": {"name": "Kléng Deisterbach"}, "geometry": {"type": "Point", "coordinates": [6.3569641, 49.7895904]}}, {"type": "Feature", "properties": {"name": "Knaphoscheid"}, "geometry": {"type": "Point", "coordinates": [5.9629051, 50.0119363]}}, {"type": "Feature", "properties": {"name": "Knapp"}, "geometry": {"type": "Point", "coordinates": [5.8730495, 49.6775198]}}, {"type": "Feature", "properties": {"name": "Knapp"}, "geometry": {"type": "Point", "coordinates": [6.0698786, 49.9396012]}}, {"type": "Feature", "properties": {"name": "Knautert"}, "geometry": {"type": "Point", "coordinates": [6.2436461, 49.8698089]}}, {"type": "Feature", "properties": {"name": "Knupp"}, "geometry": {"type": "Point", "coordinates": [5.9752589, 49.9469241]}}, {"type": "Feature", "properties": {"name": "Kobenbour"}, "geometry": {"type": "Point", "coordinates": [6.3060871, 49.7550825]}}, {"type": "Feature", "properties": {"name": "Kochebierg"}, "geometry": {"type": "Point", "coordinates": [6.0119998, 50.0189218]}}, {"type": "Feature", "properties": {"name": "Kockelbierg"}, "geometry": {"type": "Point", "coordinates": [6.149105, 49.8694269]}}, {"type": "Feature", "properties": {"name": "Kockelbierg"}, "geometry": {"type": "Point", "coordinates": [6.052233, 50.1434936]}}, {"type": "Feature", "properties": {"name": "Kockelscheuer"}, "geometry": {"type": "Point", "coordinates": [6.1056884, 49.5553859]}}, {"type": "Feature", "properties": {"name": "Koedange"}, "geometry": {"type": "Point", "coordinates": [6.20864, 49.7354159]}}, {"type": "Feature", "properties": {"name": "Koerich"}, "geometry": {"type": "Point", "coordinates": [5.949443, 49.6697542]}}, {"type": "Feature", "properties": {"name": "Koetschette"}, "geometry": {"type": "Point", "coordinates": [5.839242, 49.8384624]}}, {"type": "Feature", "properties": {"name": "Kokebierg"}, "geometry": {"type": "Point", "coordinates": [6.3632078, 49.5995311]}}, {"type": "Feature", "properties": {"name": "Kollef"}, "geometry": {"type": "Point", "coordinates": [6.3466322, 49.4700205]}}, {"type": "Feature", "properties": {"name": "Konerhaff"}, "geometry": {"type": "Point", "coordinates": [6.008075, 49.9646285]}}, {"type": "Feature", "properties": {"name": "Konsdreffermillen"}, "geometry": {"type": "Point", "coordinates": [6.3246052, 49.7802342]}}, {"type": "Feature", "properties": {"name": "Koon"}, "geometry": {"type": "Point", "coordinates": [6.2305429, 49.7518031]}}, {"type": "Feature", "properties": {"name": "Koon"}, "geometry": {"type": "Point", "coordinates": [6.2262347, 49.7462186]}}, {"type": "Feature", "properties": {"name": "Koop"}, "geometry": {"type": "Point", "coordinates": [6.4661944, 49.6982409]}}, {"type": "Feature", "properties": {"name": "Koosselt"}, "geometry": {"type": "Point", "coordinates": [6.1412448, 50.0025018]}}, {"type": "Feature", "properties": {"name": "Kopstal"}, "geometry": {"type": "Point", "coordinates": [6.0731924, 49.6645077]}}, {"type": "Feature", "properties": {"name": "Korend"}, "geometry": {"type": "Point", "coordinates": [5.9117496, 49.9700624]}}, {"type": "Feature", "properties": {"name": "Koubierg"}, "geometry": {"type": "Point", "coordinates": [6.2314607, 49.693648]}}, {"type": "Feature", "properties": {"name": "Kouheed"}, "geometry": {"type": "Point", "coordinates": [6.3331139, 49.7639695]}}, {"type": "Feature", "properties": {"name": "Koumerhuuscht"}, "geometry": {"type": "Point", "coordinates": [6.0676503, 49.9710699]}}, {"type": "Feature", "properties": {"name": "Kounenhaff"}, "geometry": {"type": "Point", "coordinates": [6.1367836, 50.0166463]}}, {"type": "Feature", "properties": {"name": "Krackelshaff"}, "geometry": {"type": "Point", "coordinates": [6.1112648, 49.503556]}}, {"type": "Feature", "properties": {"name": "Kramp"}, "geometry": {"type": "Point", "coordinates": [6.0035777, 49.9489279]}}, {"type": "Feature", "properties": {"name": "Kreizenheicht"}, "geometry": {"type": "Point", "coordinates": [6.319693, 49.7506427]}}, {"type": "Feature", "properties": {"name": "Kreizerbuch"}, "geometry": {"type": "Point", "coordinates": [5.9150483, 49.7013538]}}, {"type": "Feature", "properties": {"name": "Kreuzweg"}, "geometry": {"type": "Point", "coordinates": [5.9949682, 49.651529]}}, {"type": "Feature", "properties": {"name": "Kroechelgroicht"}, "geometry": {"type": "Point", "coordinates": [6.1356614, 49.8664748]}}, {"type": "Feature", "properties": {"name": "Kroentgeshof"}, "geometry": {"type": "Point", "coordinates": [6.2308359, 49.6027909]}}, {"type": "Feature", "properties": {"name": "Krommlängten"}, "geometry": {"type": "Point", "coordinates": [6.1524676, 49.6352649]}}, {"type": "Feature", "properties": {"name": "Krounebierg"}, "geometry": {"type": "Point", "coordinates": [6.0874012, 49.7432474]}}, {"type": "Feature", "properties": {"name": "Kräizbierg"}, "geometry": {"type": "Point", "coordinates": [6.2669772, 49.874121]}}, {"type": "Feature", "properties": {"name": "Kräizhiel"}, "geometry": {"type": "Point", "coordinates": [6.0115053, 49.6726639]}}, {"type": "Feature", "properties": {"name": "Kräizmier"}, "geometry": {"type": "Point", "coordinates": [5.9843624, 49.7958447]}}, {"type": "Feature", "properties": {"name": "Kräizwée"}, "geometry": {"type": "Point", "coordinates": [6.2056258, 49.6487384]}}, {"type": "Feature", "properties": {"name": "Kréckelbierg"}, "geometry": {"type": "Point", "coordinates": [6.0013659, 49.6887718]}}, {"type": "Feature", "properties": {"name": "Kréiwenkel"}, "geometry": {"type": "Point", "coordinates": [6.3521737, 49.7020957]}}, {"type": "Feature", "properties": {"name": "Krëschtelbierg"}, "geometry": {"type": "Point", "coordinates": [5.8869767, 49.7788601]}}, {"type": "Feature", "properties": {"name": "Kuborn"}, "geometry": {"type": "Point", "coordinates": [5.900803, 49.8695713]}}, {"type": "Feature", "properties": {"name": "Kuebebierg"}, "geometry": {"type": "Point", "coordinates": [6.1405254, 49.6299795]}}, {"type": "Feature", "properties": {"name": "Kuebebierg"}, "geometry": {"type": "Point", "coordinates": [6.146636, 49.6330904]}}, {"type": "Feature", "properties": {"name": "Kuelebierg"}, "geometry": {"type": "Point", "coordinates": [6.21621, 49.6473752]}}, {"type": "Feature", "properties": {"name": "Kuelebierg"}, "geometry": {"type": "Point", "coordinates": [5.9283402, 49.6984292]}}, {"type": "Feature", "properties": {"name": "Kuelebierg"}, "geometry": {"type": "Point", "coordinates": [6.1937809, 49.8382592]}}, {"type": "Feature", "properties": {"name": "Kuelebierg"}, "geometry": {"type": "Point", "coordinates": [6.2613487, 49.8780924]}}, {"type": "Feature", "properties": {"name": "Kuelebierg"}, "geometry": {"type": "Point", "coordinates": [5.9347361, 49.9145664]}}, {"type": "Feature", "properties": {"name": "Kuelesgrond"}, "geometry": {"type": "Point", "coordinates": [5.8717832, 49.5015839]}}, {"type": "Feature", "properties": {"name": "Kueleskamp"}, "geometry": {"type": "Point", "coordinates": [5.9103548, 50.0282342]}}, {"type": "Feature", "properties": {"name": "Kuelplaz"}, "geometry": {"type": "Point", "coordinates": [6.118167, 50.0675526]}}, {"type": "Feature", "properties": {"name": "Kuerdbësch"}, "geometry": {"type": "Point", "coordinates": [6.4850128, 49.734119]}}, {"type": "Feature", "properties": {"name": "Kuesselt"}, "geometry": {"type": "Point", "coordinates": [6.1983704, 49.5567322]}}, {"type": "Feature", "properties": {"name": "Kuestegrond"}, "geometry": {"type": "Point", "coordinates": [6.1921614, 49.6880496]}}, {"type": "Feature", "properties": {"name": "Kugelbierg"}, "geometry": {"type": "Point", "coordinates": [6.2875164, 49.6370163]}}, {"type": "Feature", "properties": {"name": "Kukelbierg"}, "geometry": {"type": "Point", "coordinates": [6.1383212, 49.9120585]}}, {"type": "Feature", "properties": {"name": "Kultgeshaff"}, "geometry": {"type": "Point", "coordinates": [5.9675288, 49.8883964]}}, {"type": "Feature", "properties": {"name": "Kundelskopp"}, "geometry": {"type": "Point", "coordinates": [6.2236369, 49.6249665]}}, {"type": "Feature", "properties": {"name": "Kurend"}, "geometry": {"type": "Point", "coordinates": [5.8160698, 49.8912753]}}, {"type": "Feature", "properties": {"name": "Kurthecken"}, "geometry": {"type": "Point", "coordinates": [6.2638485, 49.8726855]}}, {"type": "Feature", "properties": {"name": "Kämmchen"}, "geometry": {"type": "Point", "coordinates": [5.9045826, 49.9780751]}}, {"type": "Feature", "properties": {"name": "Kämmchen"}, "geometry": {"type": "Point", "coordinates": [5.8696282, 49.9192053]}}, {"type": "Feature", "properties": {"name": "Kämpchen"}, "geometry": {"type": "Point", "coordinates": [5.98683, 50.0269729]}}, {"type": "Feature", "properties": {"name": "Käpchen"}, "geometry": {"type": "Point", "coordinates": [6.3134694, 49.8541473]}}, {"type": "Feature", "properties": {"name": "Käppchen"}, "geometry": {"type": "Point", "coordinates": [6.292119, 49.8128717]}}, {"type": "Feature", "properties": {"name": "Kéiberbierg"}, "geometry": {"type": "Point", "coordinates": [5.8920354, 49.8769343]}}, {"type": "Feature", "properties": {"name": "Kéiberhecken"}, "geometry": {"type": "Point", "coordinates": [5.8939934, 49.8817843]}}, {"type": "Feature", "properties": {"name": "Kéidraff"}, "geometry": {"type": "Point", "coordinates": [6.2823572, 49.7852533]}}, {"type": "Feature", "properties": {"name": "Kéiermillen"}, "geometry": {"type": "Point", "coordinates": [6.1006364, 49.9653066]}}, {"type": "Feature", "properties": {"name": "Kéimicht"}, "geometry": {"type": "Point", "coordinates": [5.9337789, 50.0869357]}}, {"type": "Feature", "properties": {"name": "Kéisbierg"}, "geometry": {"type": "Point", "coordinates": [6.0974833, 49.6361732]}}, {"type": "Feature", "properties": {"name": "Kéiwerlach"}, "geometry": {"type": "Point", "coordinates": [6.3449693, 49.7559437]}}, {"type": "Feature", "properties": {"name": "Kémelswee"}, "geometry": {"type": "Point", "coordinates": [5.967266, 49.93256]}}, {"type": "Feature", "properties": {"name": "Késbierg"}, "geometry": {"type": "Point", "coordinates": [6.1819124, 49.7977907]}}, {"type": "Feature", "properties": {"name": "Këmpel"}, "geometry": {"type": "Point", "coordinates": [6.0074589, 50.0597252]}}, {"type": "Feature", "properties": {"name": "Kënfen"}, "geometry": {"type": "Point", "coordinates": [6.4586306, 49.7060438]}}, {"type": "Feature", "properties": {"name": "Kënseckerbierg"}, "geometry": {"type": "Point", "coordinates": [6.276691, 49.7296496]}}, {"type": "Feature", "properties": {"name": "Kënzebur"}, "geometry": {"type": "Point", "coordinates": [5.9725124, 49.7986702]}}, {"type": "Feature", "properties": {"name": "Këppenhaff"}, "geometry": {"type": "Point", "coordinates": [6.1337164, 49.9028162]}}, {"type": "Feature", "properties": {"name": "Këst"}, "geometry": {"type": "Point", "coordinates": [5.9030378, 49.9821646]}}, {"type": "Feature", "properties": {"name": "Köpp"}, "geometry": {"type": "Point", "coordinates": [6.1341798, 49.8676099]}}, {"type": "Feature", "properties": {"name": "Laach"}, "geometry": {"type": "Point", "coordinates": [6.1526227, 49.8260655]}}, {"type": "Feature", "properties": {"name": "Laang Rëpper"}, "geometry": {"type": "Point", "coordinates": [5.9595601, 49.7400372]}}, {"type": "Feature", "properties": {"name": "Laangegronn"}, "geometry": {"type": "Point", "coordinates": [6.0761185, 49.6349076]}}, {"type": "Feature", "properties": {"name": "Laangegronn"}, "geometry": {"type": "Point", "coordinates": [5.901411, 49.7071661]}}, {"type": "Feature", "properties": {"name": "Laangfur"}, "geometry": {"type": "Point", "coordinates": [6.0475016, 50.0571663]}}, {"type": "Feature", "properties": {"name": "Laangfur"}, "geometry": {"type": "Point", "coordinates": [6.4410031, 49.7041392]}}, {"type": "Feature", "properties": {"name": "Laangfur"}, "geometry": {"type": "Point", "coordinates": [6.1561847, 49.6321453]}}, {"type": "Feature", "properties": {"name": "Laanghalsergronn"}, "geometry": {"type": "Point", "coordinates": [6.1806947, 49.6030899]}}, {"type": "Feature", "properties": {"name": "Laanghalsergronn"}, "geometry": {"type": "Point", "coordinates": [6.1792912, 49.6062061]}}, {"type": "Feature", "properties": {"name": "Laangheck"}, "geometry": {"type": "Point", "coordinates": [6.2722921, 49.7758602]}}, {"type": "Feature", "properties": {"name": "Laangstrachen"}, "geometry": {"type": "Point", "coordinates": [6.3696027, 49.8196006]}}, {"type": "Feature", "properties": {"name": "Laangstrachen"}, "geometry": {"type": "Point", "coordinates": [6.3156527, 49.4822236]}}, {"type": "Feature", "properties": {"name": "Laangstécker"}, "geometry": {"type": "Point", "coordinates": [6.2954449, 49.7639279]}}, {"type": "Feature", "properties": {"name": "Laangsäit"}, "geometry": {"type": "Point", "coordinates": [5.8561579, 49.9628668]}}, {"type": "Feature", "properties": {"name": "Laangtmuer"}, "geometry": {"type": "Point", "coordinates": [6.1895494, 49.6618627]}}, {"type": "Feature", "properties": {"name": "Laangtmuer"}, "geometry": {"type": "Point", "coordinates": [6.207092, 49.665301]}}, {"type": "Feature", "properties": {"name": "Labyrinthe"}, "geometry": {"type": "Point", "coordinates": [6.3796315, 49.8168194]}}, {"type": "Feature", "properties": {"name": "Lackelter"}, "geometry": {"type": "Point", "coordinates": [5.9850597, 50.054225]}}, {"type": "Feature", "properties": {"name": "Lafewier"}, "geometry": {"type": "Point", "coordinates": [6.3749132, 49.840244]}}, {"type": "Feature", "properties": {"name": "Lalléngerbierg"}, "geometry": {"type": "Point", "coordinates": [5.9994053, 49.4977208]}}, {"type": "Feature", "properties": {"name": "Lamadelaine"}, "geometry": {"type": "Point", "coordinates": [5.8550303, 49.5484042]}}, {"type": "Feature", "properties": {"name": "Lambierg"}, "geometry": {"type": "Point", "coordinates": [6.3857013, 49.7281204]}}, {"type": "Feature", "properties": {"name": "Lameschbaach"}, "geometry": {"type": "Point", "coordinates": [6.3539815, 49.7971259]}}, {"type": "Feature", "properties": {"name": "Lameschmillen"}, "geometry": {"type": "Point", "coordinates": [5.904495, 49.9638053]}}, {"type": "Feature", "properties": {"name": "Lameschmillen"}, "geometry": {"type": "Point", "coordinates": [6.0436296, 49.5134454]}}, {"type": "Feature", "properties": {"name": "Lamescht"}, "geometry": {"type": "Point", "coordinates": [6.1733142, 49.9574086]}}, {"type": "Feature", "properties": {"name": "Lampert"}, "geometry": {"type": "Point", "coordinates": [5.9138411, 49.983191]}}, {"type": "Feature", "properties": {"name": "Landscheid"}, "geometry": {"type": "Point", "coordinates": [6.1274064, 49.9245457]}}, {"type": "Feature", "properties": {"name": "Landskneppchen"}, "geometry": {"type": "Point", "coordinates": [6.1079478, 50.1434042]}}, {"type": "Feature", "properties": {"name": "Lann"}, "geometry": {"type": "Point", "coordinates": [5.8212197, 49.8868929]}}, {"type": "Feature", "properties": {"name": "Lannen"}, "geometry": {"type": "Point", "coordinates": [5.8381975, 49.788523]}}, {"type": "Feature", "properties": {"name": "Lannenerbierg"}, "geometry": {"type": "Point", "coordinates": [5.8370517, 49.8021253]}}, {"type": "Feature", "properties": {"name": "Lannsbierg"}, "geometry": {"type": "Point", "coordinates": [6.130768, 49.517359]}}, {"type": "Feature", "properties": {"name": "Lanter"}, "geometry": {"type": "Point", "coordinates": [6.3478157, 49.4814162]}}, {"type": "Feature", "properties": {"name": "Lappert"}, "geometry": {"type": "Point", "coordinates": [6.3645588, 49.4658972]}}, {"type": "Feature", "properties": {"name": "Lar"}, "geometry": {"type": "Point", "coordinates": [6.2873983, 49.8000206]}}, {"type": "Feature", "properties": {"name": "Larochette"}, "geometry": {"type": "Point", "coordinates": [6.2189134, 49.7869673]}}, {"type": "Feature", "properties": {"name": "Lasauvage"}, "geometry": {"type": "Point", "coordinates": [5.8358283, 49.5221314]}}, {"type": "Feature", "properties": {"name": "Lausdorn"}, "geometry": {"type": "Point", "coordinates": [6.0827999, 50.1184115]}}, {"type": "Feature", "properties": {"name": "Lauterbaach"}, "geometry": {"type": "Point", "coordinates": [6.2946617, 49.7596241]}}, {"type": "Feature", "properties": {"name": "Lauterborn"}, "geometry": {"type": "Point", "coordinates": [6.3888396, 49.797912]}}, {"type": "Feature", "properties": {"name": "Lauterbur"}, "geometry": {"type": "Point", "coordinates": [5.9409446, 49.6827655]}}, {"type": "Feature", "properties": {"name": "Lawert"}, "geometry": {"type": "Point", "coordinates": [5.8749701, 49.9623048]}}, {"type": "Feature", "properties": {"name": "Lech"}, "geometry": {"type": "Point", "coordinates": [5.9423565, 49.8539471]}}, {"type": "Feature", "properties": {"name": "Lechbierg"}, "geometry": {"type": "Point", "coordinates": [5.9437752, 49.8523177]}}, {"type": "Feature", "properties": {"name": "Lee"}, "geometry": {"type": "Point", "coordinates": [6.2044832, 49.9041247]}}, {"type": "Feature", "properties": {"name": "Lee"}, "geometry": {"type": "Point", "coordinates": [5.7839692, 49.9005433]}}, {"type": "Feature", "properties": {"name": "Leer"}, "geometry": {"type": "Point", "coordinates": [5.9490537, 49.8546834]}}, {"type": "Feature", "properties": {"name": "Leeresbësch"}, "geometry": {"type": "Point", "coordinates": [6.0793662, 49.9948432]}}, {"type": "Feature", "properties": {"name": "Leeresmillen"}, "geometry": {"type": "Point", "coordinates": [5.9436513, 50.0865165]}}, {"type": "Feature", "properties": {"name": "Leesbach"}, "geometry": {"type": "Point", "coordinates": [5.9853898, 49.7019085]}}, {"type": "Feature", "properties": {"name": "Lehmicht"}, "geometry": {"type": "Point", "coordinates": [5.9969577, 49.6954476]}}, {"type": "Feature", "properties": {"name": "Lehmkaul"}, "geometry": {"type": "Point", "coordinates": [6.0803561, 50.0417681]}}, {"type": "Feature", "properties": {"name": "Lehrhof"}, "geometry": {"type": "Point", "coordinates": [5.940518, 49.8594965]}}, {"type": "Feature", "properties": {"name": "Leidenbach"}, "geometry": {"type": "Point", "coordinates": [6.2303876, 49.7925677]}}, {"type": "Feature", "properties": {"name": "Leischt"}, "geometry": {"type": "Point", "coordinates": [5.8034742, 49.8915241]}}, {"type": "Feature", "properties": {"name": "Leisebierg"}, "geometry": {"type": "Point", "coordinates": [5.9929562, 49.4865834]}}, {"type": "Feature", "properties": {"name": "Leiteschberg"}, "geometry": {"type": "Point", "coordinates": [6.4484811, 49.6852761]}}, {"type": "Feature", "properties": {"name": "Leithum"}, "geometry": {"type": "Point", "coordinates": [6.1083913, 50.1604741]}}, {"type": "Feature", "properties": {"name": "Lellig"}, "geometry": {"type": "Point", "coordinates": [6.4347807, 49.7205332]}}, {"type": "Feature", "properties": {"name": "Lellingen"}, "geometry": {"type": "Point", "coordinates": [6.0137961, 49.9831719]}}, {"type": "Feature", "properties": {"name": "Lemperich"}, "geometry": {"type": "Point", "coordinates": [6.299715, 49.799522]}}, {"type": "Feature", "properties": {"name": "Lenkeschléi"}, "geometry": {"type": "Point", "coordinates": [6.0968972, 49.4808711]}}, {"type": "Feature", "properties": {"name": "Lenningen"}, "geometry": {"type": "Point", "coordinates": [6.3667908, 49.602187]}}, {"type": "Feature", "properties": {"name": "Lentzweiler"}, "geometry": {"type": "Point", "coordinates": [5.9752596, 50.0694924]}}, {"type": "Feature", "properties": {"name": "Leudelange"}, "geometry": {"type": "Point", "coordinates": [6.0673211, 49.5660842]}}, {"type": "Feature", "properties": {"name": "Leudelange-Gare"}, "geometry": {"type": "Point", "coordinates": [6.0598326, 49.5851965]}}, {"type": "Feature", "properties": {"name": "Levelange"}, "geometry": {"type": "Point", "coordinates": [5.8556572, 49.7388886]}}, {"type": "Feature", "properties": {"name": "Liefrange"}, "geometry": {"type": "Point", "coordinates": [5.8763585, 49.9101126]}}, {"type": "Feature", "properties": {"name": "Lieler"}, "geometry": {"type": "Point", "coordinates": [6.1090378, 50.1249085]}}, {"type": "Feature", "properties": {"name": "Lilien"}, "geometry": {"type": "Point", "coordinates": [6.3954355, 49.7539701]}}, {"type": "Feature", "properties": {"name": "Limpach"}, "geometry": {"type": "Point", "coordinates": [5.980019, 49.5581701]}}, {"type": "Feature", "properties": {"name": "Linger"}, "geometry": {"type": "Point", "coordinates": [5.8858425, 49.5648801]}}, {"type": "Feature", "properties": {"name": "Lintgen"}, "geometry": {"type": "Point", "coordinates": [6.1278945, 49.7223176]}}, {"type": "Feature", "properties": {"name": "Lipperscheid"}, "geometry": {"type": "Point", "coordinates": [6.0852531, 49.9172892]}}, {"type": "Feature", "properties": {"name": "Livange"}, "geometry": {"type": "Point", "coordinates": [6.1206081, 49.5307092]}}, {"type": "Feature", "properties": {"name": "Lock"}, "geometry": {"type": "Point", "coordinates": [6.2021685, 49.7675384]}}, {"type": "Feature", "properties": {"name": "Longsdorf"}, "geometry": {"type": "Point", "coordinates": [6.2061514, 49.8969614]}}, {"type": "Feature", "properties": {"name": "Looch"}, "geometry": {"type": "Point", "coordinates": [6.3440895, 49.8083161]}}, {"type": "Feature", "properties": {"name": "Lorentzweiler"}, "geometry": {"type": "Point", "coordinates": [6.1440065, 49.7011902]}}, {"type": "Feature", "properties": {"name": "Lotissement am Dielchen"}, "geometry": {"type": "Point", "coordinates": [6.1497424, 49.7020173]}}, {"type": "Feature", "properties": {"name": "Lou"}, "geometry": {"type": "Point", "coordinates": [5.9066641, 50.0592327]}}, {"type": "Feature", "properties": {"name": "Loubësch"}, "geometry": {"type": "Point", "coordinates": [6.0355872, 49.6585825]}}, {"type": "Feature", "properties": {"name": "Louknëppel"}, "geometry": {"type": "Point", "coordinates": [6.1977052, 49.5538091]}}, {"type": "Feature", "properties": {"name": "Loun"}, "geometry": {"type": "Point", "coordinates": [5.8212143, 49.8965627]}}, {"type": "Feature", "properties": {"name": "Lucherett"}, "geometry": {"type": "Point", "coordinates": [6.1744389, 49.637832]}}, {"type": "Feature", "properties": {"name": "Ludeshuem"}, "geometry": {"type": "Point", "coordinates": [5.8749497, 50.0175155]}}, {"type": "Feature", "properties": {"name": "Lullange"}, "geometry": {"type": "Point", "coordinates": [5.9410604, 50.0582011]}}, {"type": "Feature", "properties": {"name": "Lultzhausen"}, "geometry": {"type": "Point", "coordinates": [5.8898706, 49.9087765]}}, {"type": "Feature", "properties": {"name": "Lupertshaard"}, "geometry": {"type": "Point", "coordinates": [5.9657907, 50.0411625]}}, {"type": "Feature", "properties": {"name": "Lächelskaul"}, "geometry": {"type": "Point", "coordinates": [6.4647138, 49.7031504]}}, {"type": "Feature", "properties": {"name": "Ländchen"}, "geometry": {"type": "Point", "coordinates": [5.8080232, 49.8830667]}}, {"type": "Feature", "properties": {"name": "Länger"}, "geometry": {"type": "Point", "coordinates": [6.268022, 49.7586191]}}, {"type": "Feature", "properties": {"name": "Längt"}, "geometry": {"type": "Point", "coordinates": [6.2737512, 49.8203897]}}, {"type": "Feature", "properties": {"name": "Läwert"}, "geometry": {"type": "Point", "coordinates": [5.8052981, 49.8871141]}}, {"type": "Feature", "properties": {"name": "Léck"}, "geometry": {"type": "Point", "coordinates": [6.2189403, 49.5473789]}}, {"type": "Feature", "properties": {"name": "Lédenaker"}, "geometry": {"type": "Point", "coordinates": [6.3345443, 49.6093011]}}, {"type": "Feature", "properties": {"name": "Léen"}, "geometry": {"type": "Point", "coordinates": [6.3216877, 49.7601577]}}, {"type": "Feature", "properties": {"name": "Léen"}, "geometry": {"type": "Point", "coordinates": [6.3239354, 49.7624656]}}, {"type": "Feature", "properties": {"name": "Léibësch"}, "geometry": {"type": "Point", "coordinates": [6.3933295, 49.6039938]}}, {"type": "Feature", "properties": {"name": "Léierbësch"}, "geometry": {"type": "Point", "coordinates": [5.9465969, 50.0247121]}}, {"type": "Feature", "properties": {"name": "Lémillen"}, "geometry": {"type": "Point", "coordinates": [6.2405785, 49.5155007]}}, {"type": "Feature", "properties": {"name": "Lëlgerkamp"}, "geometry": {"type": "Point", "coordinates": [5.9425735, 50.0683445]}}, {"type": "Feature", "properties": {"name": "Lënsterbësch"}, "geometry": {"type": "Point", "coordinates": [6.2387873, 49.7464295]}}, {"type": "Feature", "properties": {"name": "Lëpschter-Dellt"}, "geometry": {"type": "Point", "coordinates": [6.0931777, 49.9226192]}}, {"type": "Feature", "properties": {"name": "Lëtsch"}, "geometry": {"type": "Point", "coordinates": [6.2746095, 49.7840489]}}, {"type": "Feature", "properties": {"name": "Lëtzert"}, "geometry": {"type": "Point", "coordinates": [5.9310737, 49.712412]}}, {"type": "Feature", "properties": {"name": "Maarkebach"}, "geometry": {"type": "Point", "coordinates": [6.0847655, 49.9361905]}}, {"type": "Feature", "properties": {"name": "Maarxlach"}, "geometry": {"type": "Point", "coordinates": [6.3432634, 49.6345983]}}, {"type": "Feature", "properties": {"name": "Machtum"}, "geometry": {"type": "Point", "coordinates": [6.4353938, 49.6590681]}}, {"type": "Feature", "properties": {"name": "Maierchen"}, "geometry": {"type": "Point", "coordinates": [6.2232982, 49.6938783]}}, {"type": "Feature", "properties": {"name": "Maierchen"}, "geometry": {"type": "Point", "coordinates": [6.3446903, 49.7851019]}}, {"type": "Feature", "properties": {"name": "Makendall"}, "geometry": {"type": "Point", "coordinates": [6.0377222, 49.9721222]}}, {"type": "Feature", "properties": {"name": "Malpaartes"}, "geometry": {"type": "Point", "coordinates": [6.0618769, 49.9420096]}}, {"type": "Feature", "properties": {"name": "Mamer"}, "geometry": {"type": "Point", "coordinates": [6.0229288, 49.6266028]}}, {"type": "Feature", "properties": {"name": "Manternach"}, "geometry": {"type": "Point", "coordinates": [6.4243373, 49.7071605]}}, {"type": "Feature", "properties": {"name": "Manternacherfëls"}, "geometry": {"type": "Point", "coordinates": [6.4498544, 49.7127771]}}, {"type": "Feature", "properties": {"name": "Maregrond"}, "geometry": {"type": "Point", "coordinates": [6.3144886, 49.7520966]}}, {"type": "Feature", "properties": {"name": "Mariendallerhaff"}, "geometry": {"type": "Point", "coordinates": [6.0709359, 49.7062275]}}, {"type": "Feature", "properties": {"name": "Marienthal"}, "geometry": {"type": "Point", "coordinates": [6.0606549, 49.7096772]}}, {"type": "Feature", "properties": {"name": "Markusberg"}, "geometry": {"type": "Point", "coordinates": [6.3628972, 49.4722306]}}, {"type": "Feature", "properties": {"name": "Markusbierg"}, "geometry": {"type": "Point", "coordinates": [6.3615869, 49.4708188]}}, {"type": "Feature", "properties": {"name": "Marnach"}, "geometry": {"type": "Point", "coordinates": [6.0621006, 50.0535944]}}, {"type": "Feature", "properties": {"name": "Marscherwald"}, "geometry": {"type": "Point", "coordinates": [6.2846407, 49.764317]}}, {"type": "Feature", "properties": {"name": "Marxbierg"}, "geometry": {"type": "Point", "coordinates": [6.2109298, 49.8994662]}}, {"type": "Feature", "properties": {"name": "Marxbierg"}, "geometry": {"type": "Point", "coordinates": [6.259278, 49.8703345]}}, {"type": "Feature", "properties": {"name": "Marxe Knupp"}, "geometry": {"type": "Point", "coordinates": [6.2566093, 49.5794331]}}, {"type": "Feature", "properties": {"name": "Marxmillen"}, "geometry": {"type": "Point", "coordinates": [6.3672403, 49.71168]}}, {"type": "Feature", "properties": {"name": "Masseler"}, "geometry": {"type": "Point", "coordinates": [6.0348705, 49.9297776]}}, {"type": "Feature", "properties": {"name": "Mateschleed"}, "geometry": {"type": "Point", "coordinates": [6.1268145, 50.1206503]}}, {"type": "Feature", "properties": {"name": "Maueren"}, "geometry": {"type": "Point", "coordinates": [6.2835574, 49.7779525]}}, {"type": "Feature", "properties": {"name": "Maulesmillen"}, "geometry": {"type": "Point", "coordinates": [6.0258312, 50.0948864]}}, {"type": "Feature", "properties": {"name": "Mechelsgrond"}, "geometry": {"type": "Point", "coordinates": [5.8959299, 49.8282526]}}, {"type": "Feature", "properties": {"name": "Mecher"}, "geometry": {"type": "Point", "coordinates": [5.8725301, 49.9229571]}}, {"type": "Feature", "properties": {"name": "Mecher"}, "geometry": {"type": "Point", "coordinates": [6.0159035, 50.0403174]}}, {"type": "Feature", "properties": {"name": "Mederhaff"}, "geometry": {"type": "Point", "coordinates": [6.0751062, 49.832922]}}, {"type": "Feature", "properties": {"name": "Medernach"}, "geometry": {"type": "Point", "coordinates": [6.2147878, 49.8090012]}}, {"type": "Feature", "properties": {"name": "Medingen"}, "geometry": {"type": "Point", "coordinates": [6.2486902, 49.5750028]}}, {"type": "Feature", "properties": {"name": "Meispelt"}, "geometry": {"type": "Point", "coordinates": [6.0553641, 49.6905684]}}, {"type": "Feature", "properties": {"name": "Melickshof"}, "geometry": {"type": "Point", "coordinates": [6.3928591, 49.8054958]}}, {"type": "Feature", "properties": {"name": "Mensdorf"}, "geometry": {"type": "Point", "coordinates": [6.3028809, 49.6550468]}}, {"type": "Feature", "properties": {"name": "Merkholtz"}, "geometry": {"type": "Point", "coordinates": [5.9803842, 49.9622044]}}, {"type": "Feature", "properties": {"name": "Mersch"}, "geometry": {"type": "Point", "coordinates": [6.1066591, 49.7506746]}}, {"type": "Feature", "properties": {"name": "Merscheederbësch"}, "geometry": {"type": "Point", "coordinates": [5.9792876, 49.8419143]}}, {"type": "Feature", "properties": {"name": "Merscheid"}, "geometry": {"type": "Point", "coordinates": [5.9716901, 49.8711374]}}, {"type": "Feature", "properties": {"name": "Merscheid"}, "geometry": {"type": "Point", "coordinates": [6.1051045, 49.954078]}}, {"type": "Feature", "properties": {"name": "Mertert"}, "geometry": {"type": "Point", "coordinates": [6.4815968, 49.7002005]}}, {"type": "Feature", "properties": {"name": "Mertzig"}, "geometry": {"type": "Point", "coordinates": [6.0041083, 49.8309168]}}, {"type": "Feature", "properties": {"name": "Meysembourg"}, "geometry": {"type": "Point", "coordinates": [6.1871803, 49.7689268]}}, {"type": "Feature", "properties": {"name": "Michelau"}, "geometry": {"type": "Point", "coordinates": [6.0903111, 49.8995874]}}, {"type": "Feature", "properties": {"name": "Michelbouch"}, "geometry": {"type": "Point", "coordinates": [6.0190477, 49.8186815]}}, {"type": "Feature", "properties": {"name": "Michelsgruef"}, "geometry": {"type": "Point", "coordinates": [6.0769308, 50.0113865]}}, {"type": "Feature", "properties": {"name": "Michelslay"}, "geometry": {"type": "Point", "coordinates": [6.4512069, 49.7132989]}}, {"type": "Feature", "properties": {"name": "Miecher"}, "geometry": {"type": "Point", "coordinates": [5.9779521, 49.6782142]}}, {"type": "Feature", "properties": {"name": "Miederfeld"}, "geometry": {"type": "Point", "coordinates": [6.2981057, 49.8017795]}}, {"type": "Feature", "properties": {"name": "Mielbam"}, "geometry": {"type": "Point", "coordinates": [6.0710406, 50.0056807]}}, {"type": "Feature", "properties": {"name": "Mierchen"}, "geometry": {"type": "Point", "coordinates": [5.9434104, 49.8593039]}}, {"type": "Feature", "properties": {"name": "Mierkend"}, "geometry": {"type": "Point", "coordinates": [5.9006935, 50.0084113]}}, {"type": "Feature", "properties": {"name": "Mies"}, "geometry": {"type": "Point", "coordinates": [5.9513497, 49.8586261]}}, {"type": "Feature", "properties": {"name": "Miesbierg"}, "geometry": {"type": "Point", "coordinates": [5.9807253, 50.038041]}}, {"type": "Feature", "properties": {"name": "Millebierg"}, "geometry": {"type": "Point", "coordinates": [5.9207013, 49.6936684]}}, {"type": "Feature", "properties": {"name": "Millebierg"}, "geometry": {"type": "Point", "coordinates": [5.965426, 49.908749]}}, {"type": "Feature", "properties": {"name": "Millebierg"}, "geometry": {"type": "Point", "coordinates": [6.2919956, 49.8673713]}}, {"type": "Feature", "properties": {"name": "Millebierg"}, "geometry": {"type": "Point", "coordinates": [5.8834576, 49.8152463]}}, {"type": "Feature", "properties": {"name": "Millebierg"}, "geometry": {"type": "Point", "coordinates": [6.1433354, 49.9181088]}}, {"type": "Feature", "properties": {"name": "Millebësch"}, "geometry": {"type": "Point", "coordinates": [6.2205684, 49.7741436]}}, {"type": "Feature", "properties": {"name": "Millebësch"}, "geometry": {"type": "Point", "coordinates": [5.9245912, 49.5295021]}}, {"type": "Feature", "properties": {"name": "Millefeld"}, "geometry": {"type": "Point", "coordinates": [6.242353, 49.708853]}}, {"type": "Feature", "properties": {"name": "Millefeld"}, "geometry": {"type": "Point", "coordinates": [6.0139739, 49.9550736]}}, {"type": "Feature", "properties": {"name": "Millegrönnchen"}, "geometry": {"type": "Point", "coordinates": [6.2341994, 49.6183705]}}, {"type": "Feature", "properties": {"name": "Millen"}, "geometry": {"type": "Point", "coordinates": [6.2294002, 49.7685557]}}, {"type": "Feature", "properties": {"name": "Millewee"}, "geometry": {"type": "Point", "coordinates": [6.2876987, 49.8102824]}}, {"type": "Feature", "properties": {"name": "Millewee"}, "geometry": {"type": "Point", "coordinates": [6.236887, 49.5880445]}}, {"type": "Feature", "properties": {"name": "Millewiss"}, "geometry": {"type": "Point", "coordinates": [6.3168919, 49.7565328]}}, {"type": "Feature", "properties": {"name": "Miltgesknapp"}, "geometry": {"type": "Point", "coordinates": [5.9092578, 49.7077541]}}, {"type": "Feature", "properties": {"name": "Minnesbierg"}, "geometry": {"type": "Point", "coordinates": [6.1271524, 49.8594076]}}, {"type": "Feature", "properties": {"name": "Mirwels"}, "geometry": {"type": "Point", "coordinates": [5.7845151, 49.8225919]}}, {"type": "Feature", "properties": {"name": "Moersdorf"}, "geometry": {"type": "Point", "coordinates": [6.5012604, 49.7450372]}}, {"type": "Feature", "properties": {"name": "Moesdorf"}, "geometry": {"type": "Point", "coordinates": [6.1148399, 49.7685931]}}, {"type": "Feature", "properties": {"name": "Moestroff"}, "geometry": {"type": "Point", "coordinates": [6.2377274, 49.8677927]}}, {"type": "Feature", "properties": {"name": "Momel"}, "geometry": {"type": "Point", "coordinates": [5.8670609, 49.7280556]}}, {"type": "Feature", "properties": {"name": "Mompach"}, "geometry": {"type": "Point", "coordinates": [6.4644926, 49.7520823]}}, {"type": "Feature", "properties": {"name": "Mondercange"}, "geometry": {"type": "Point", "coordinates": [5.9870253, 49.5320813]}}, {"type": "Feature", "properties": {"name": "Mondorf-les-Bains"}, "geometry": {"type": "Point", "coordinates": [6.2814238, 49.5071747]}}, {"type": "Feature", "properties": {"name": "Mont Marie"}, "geometry": {"type": "Point", "coordinates": [6.0447169, 49.7015001]}}, {"type": "Feature", "properties": {"name": "Moschend"}, "geometry": {"type": "Point", "coordinates": [5.9430671, 49.9970847]}}, {"type": "Feature", "properties": {"name": "Moserhaff"}, "geometry": {"type": "Point", "coordinates": [6.2067056, 49.8485446]}}, {"type": "Feature", "properties": {"name": "Mosselter"}, "geometry": {"type": "Point", "coordinates": [6.1225927, 49.510637]}}, {"type": "Feature", "properties": {"name": "Mouerberreg"}, "geometry": {"type": "Point", "coordinates": [6.3860339, 49.6169907]}}, {"type": "Feature", "properties": {"name": "Moulin d'Eschweiler"}, "geometry": {"type": "Point", "coordinates": [5.9559283, 50.0049757]}}, {"type": "Feature", "properties": {"name": "Moulin de Bigonville"}, "geometry": {"type": "Point", "coordinates": [5.8000989, 49.8705581]}}, {"type": "Feature", "properties": {"name": "Moulin de Boulaide"}, "geometry": {"type": "Point", "coordinates": [5.7946986, 49.8809641]}}, {"type": "Feature", "properties": {"name": "Moulin de Gantenbein"}, "geometry": {"type": "Point", "coordinates": [6.1701285, 49.6045934]}}, {"type": "Feature", "properties": {"name": "Moulin de Kalborn"}, "geometry": {"type": "Point", "coordinates": [6.1320363, 50.1030265]}}, {"type": "Feature", "properties": {"name": "Moull"}, "geometry": {"type": "Point", "coordinates": [5.9505322, 50.0127169]}}, {"type": "Feature", "properties": {"name": "Mouresbësch"}, "geometry": {"type": "Point", "coordinates": [5.8183283, 49.7836644]}}, {"type": "Feature", "properties": {"name": "Mouschemd"}, "geometry": {"type": "Point", "coordinates": [6.2638593, 49.7636645]}}, {"type": "Feature", "properties": {"name": "Moutfort"}, "geometry": {"type": "Point", "coordinates": [6.2597756, 49.5860644]}}, {"type": "Feature", "properties": {"name": "Moutzebierg"}, "geometry": {"type": "Point", "coordinates": [6.2464061, 49.7379761]}}, {"type": "Feature", "properties": {"name": "Muer"}, "geometry": {"type": "Point", "coordinates": [6.2499118, 49.8709776]}}, {"type": "Feature", "properties": {"name": "Mull"}, "geometry": {"type": "Point", "coordinates": [6.1289334, 50.1131791]}}, {"type": "Feature", "properties": {"name": "Mullendorf"}, "geometry": {"type": "Point", "coordinates": [6.12554, 49.6812881]}}, {"type": "Feature", "properties": {"name": "Mullerthal"}, "geometry": {"type": "Point", "coordinates": [6.3071067, 49.7902688]}}, {"type": "Feature", "properties": {"name": "Munsbach"}, "geometry": {"type": "Point", "coordinates": [6.2672692, 49.6319031]}}, {"type": "Feature", "properties": {"name": "Munshausen"}, "geometry": {"type": "Point", "coordinates": [6.0373049, 50.0330344]}}, {"type": "Feature", "properties": {"name": "Mäerkelzer Millen"}, "geometry": {"type": "Point", "coordinates": [5.9806762, 49.956366]}}, {"type": "Feature", "properties": {"name": "Mägrond"}, "geometry": {"type": "Point", "coordinates": [6.1633741, 49.6674623]}}, {"type": "Feature", "properties": {"name": "Mämend"}, "geometry": {"type": "Point", "coordinates": [6.2633014, 49.7602132]}}, {"type": "Feature", "properties": {"name": "Märtesgronn"}, "geometry": {"type": "Point", "coordinates": [6.1471181, 49.6315066]}}, {"type": "Feature", "properties": {"name": "Märwisen"}, "geometry": {"type": "Point", "coordinates": [6.28757, 49.8059342]}}, {"type": "Feature", "properties": {"name": "Mäsbongert"}, "geometry": {"type": "Point", "coordinates": [6.3523826, 49.5274599]}}, {"type": "Feature", "properties": {"name": "Mässen"}, "geometry": {"type": "Point", "coordinates": [6.2037879, 49.5400128]}}, {"type": "Feature", "properties": {"name": "Méchels"}, "geometry": {"type": "Point", "coordinates": [6.1364007, 49.9859658]}}, {"type": "Feature", "properties": {"name": "Méchelsbongert"}, "geometry": {"type": "Point", "coordinates": [6.3652548, 49.4686104]}}, {"type": "Feature", "properties": {"name": "Mélicksheck"}, "geometry": {"type": "Point", "coordinates": [6.3489389, 49.7878172]}}, {"type": "Feature", "properties": {"name": "Mëssewee"}, "geometry": {"type": "Point", "coordinates": [6.2840938, 49.8111686]}}, {"type": "Feature", "properties": {"name": "Mëttelst Héicht"}, "geometry": {"type": "Point", "coordinates": [6.2544393, 49.7587993]}}, {"type": "Feature", "properties": {"name": "Mëttelstebësch"}, "geometry": {"type": "Point", "coordinates": [6.4554092, 49.7756488]}}, {"type": "Feature", "properties": {"name": "Münschecker"}, "geometry": {"type": "Point", "coordinates": [6.4414163, 49.699166]}}, {"type": "Feature", "properties": {"name": "Naasstfeld"}, "geometry": {"type": "Point", "coordinates": [6.2677431, 49.7726868]}}, {"type": "Feature", "properties": {"name": "Naasstfeld"}, "geometry": {"type": "Point", "coordinates": [6.2879133, 49.7902692]}}, {"type": "Feature", "properties": {"name": "Nachtmanderscheid"}, "geometry": {"type": "Point", "coordinates": [6.1282738, 49.9476946]}}, {"type": "Feature", "properties": {"name": "Nagem"}, "geometry": {"type": "Point", "coordinates": [5.8561339, 49.7866325]}}, {"type": "Feature", "properties": {"name": "Napoléonshut"}, "geometry": {"type": "Point", "coordinates": [6.094569, 49.6677528]}}, {"type": "Feature", "properties": {"name": "Nei Brasilien"}, "geometry": {"type": "Point", "coordinates": [5.9173546, 49.855525]}}, {"type": "Feature", "properties": {"name": "Neidhausen"}, "geometry": {"type": "Point", "coordinates": [6.0655924, 50.0285451]}}, {"type": "Feature", "properties": {"name": "Neieberreg"}, "geometry": {"type": "Point", "coordinates": [6.3852936, 49.6073972]}}, {"type": "Feature", "properties": {"name": "Neihaff"}, "geometry": {"type": "Point", "coordinates": [5.8611603, 49.8905082]}}, {"type": "Feature", "properties": {"name": "Neimillen"}, "geometry": {"type": "Point", "coordinates": [6.0477835, 49.6390236]}}, {"type": "Feature", "properties": {"name": "Neimillen"}, "geometry": {"type": "Point", "coordinates": [6.0576167, 49.7221119]}}, {"type": "Feature", "properties": {"name": "Neimillen"}, "geometry": {"type": "Point", "coordinates": [5.9207927, 50.079834]}}, {"type": "Feature", "properties": {"name": "Neimillen"}, "geometry": {"type": "Point", "coordinates": [5.9564969, 49.8335174]}}, {"type": "Feature", "properties": {"name": "Neimillen"}, "geometry": {"type": "Point", "coordinates": [5.9326516, 49.6766621]}}, {"type": "Feature", "properties": {"name": "Neiwiss"}, "geometry": {"type": "Point", "coordinates": [5.905441, 49.831187]}}, {"type": "Feature", "properties": {"name": "Nespelsgaard"}, "geometry": {"type": "Point", "coordinates": [6.4594567, 49.7422836]}}, {"type": "Feature", "properties": {"name": "Nessel"}, "geometry": {"type": "Point", "coordinates": [5.9534311, 50.0660512]}}, {"type": "Feature", "properties": {"name": "Neuhaeusgen"}, "geometry": {"type": "Point", "coordinates": [6.2396728, 49.6235312]}}, {"type": "Feature", "properties": {"name": "Neuhaeusgen Bas"}, "geometry": {"type": "Point", "coordinates": [6.23405, 49.6241154]}}, {"type": "Feature", "properties": {"name": "Neuhaeusgen Haut"}, "geometry": {"type": "Point", "coordinates": [6.2425494, 49.6232068]}}, {"type": "Feature", "properties": {"name": "Neumühle"}, "geometry": {"type": "Point", "coordinates": [6.2248014, 49.838387]}}, {"type": "Feature", "properties": {"name": "Neunhausen"}, "geometry": {"type": "Point", "coordinates": [5.8862118, 49.8765964]}}, {"type": "Feature", "properties": {"name": "Nickelsgrëndchen"}, "geometry": {"type": "Point", "coordinates": [5.9306753, 49.9881732]}}, {"type": "Feature", "properties": {"name": "Nidderpallener Millen"}, "geometry": {"type": "Point", "coordinates": [5.9169127, 49.7646871]}}, {"type": "Feature", "properties": {"name": "Niederanven"}, "geometry": {"type": "Point", "coordinates": [6.2552342, 49.6512224]}}, {"type": "Feature", "properties": {"name": "Niederdonven"}, "geometry": {"type": "Point", "coordinates": [6.4025808, 49.6334648]}}, {"type": "Feature", "properties": {"name": "Niederfeulen"}, "geometry": {"type": "Point", "coordinates": [6.0457528, 49.8554676]}}, {"type": "Feature", "properties": {"name": "Niederglabach"}, "geometry": {"type": "Point", "coordinates": [6.1546462, 49.7921278]}}, {"type": "Feature", "properties": {"name": "Niederkorn"}, "geometry": {"type": "Point", "coordinates": [5.8899436, 49.5366182]}}, {"type": "Feature", "properties": {"name": "Niederpallen"}, "geometry": {"type": "Point", "coordinates": [5.9116659, 49.7544254]}}, {"type": "Feature", "properties": {"name": "Niederwampach"}, "geometry": {"type": "Point", "coordinates": [5.8408837, 50.0098866]}}, {"type": "Feature", "properties": {"name": "Niederwiltz"}, "geometry": {"type": "Point", "coordinates": [5.9260726, 49.9709733]}}, {"type": "Feature", "properties": {"name": "Niesendallerhaff"}, "geometry": {"type": "Point", "coordinates": [6.2680401, 49.8108206]}}, {"type": "Feature", "properties": {"name": "Niklosbierg"}, "geometry": {"type": "Point", "coordinates": [6.1652559, 49.9463235]}}, {"type": "Feature", "properties": {"name": "Nocher"}, "geometry": {"type": "Point", "coordinates": [5.9785252, 49.9462442]}}, {"type": "Feature", "properties": {"name": "Nocher-Route"}, "geometry": {"type": "Point", "coordinates": [5.9634742, 49.9471446]}}, {"type": "Feature", "properties": {"name": "Nock"}, "geometry": {"type": "Point", "coordinates": [6.2924623, 49.7602756]}}, {"type": "Feature", "properties": {"name": "Nock"}, "geometry": {"type": "Point", "coordinates": [6.1160213, 50.1249014]}}, {"type": "Feature", "properties": {"name": "Noerdange"}, "geometry": {"type": "Point", "coordinates": [5.9241757, 49.7418119]}}, {"type": "Feature", "properties": {"name": "Noertrange"}, "geometry": {"type": "Point", "coordinates": [5.9094527, 49.979292]}}, {"type": "Feature", "properties": {"name": "Noertzange"}, "geometry": {"type": "Point", "coordinates": [6.0531258, 49.5086667]}}, {"type": "Feature", "properties": {"name": "Nogemerbierg"}, "geometry": {"type": "Point", "coordinates": [5.8470386, 49.7935107]}}, {"type": "Feature", "properties": {"name": "Nommern"}, "geometry": {"type": "Point", "coordinates": [6.1737271, 49.7938754]}}, {"type": "Feature", "properties": {"name": "Nondelech"}, "geometry": {"type": "Point", "coordinates": [5.8962438, 49.714974]}}, {"type": "Feature", "properties": {"name": "Nonnebierg"}, "geometry": {"type": "Point", "coordinates": [6.0997993, 49.9668604]}}, {"type": "Feature", "properties": {"name": "Nonnewald"}, "geometry": {"type": "Point", "coordinates": [6.0857177, 49.6926889]}}, {"type": "Feature", "properties": {"name": "Nospelt"}, "geometry": {"type": "Point", "coordinates": [6.0079507, 49.6745371]}}, {"type": "Feature", "properties": {"name": "Nothum"}, "geometry": {"type": "Point", "coordinates": [5.882023, 49.9404562]}}, {"type": "Feature", "properties": {"name": "Nuechtbann"}, "geometry": {"type": "Point", "coordinates": [5.8957078, 49.5918143]}}, {"type": "Feature", "properties": {"name": "Nëlender"}, "geometry": {"type": "Point", "coordinates": [5.9155932, 49.8704261]}}, {"type": "Feature", "properties": {"name": "Oberanven"}, "geometry": {"type": "Point", "coordinates": [6.2447955, 49.6573221]}}, {"type": "Feature", "properties": {"name": "Oberdonven"}, "geometry": {"type": "Point", "coordinates": [6.3999397, 49.6505368]}}, {"type": "Feature", "properties": {"name": "Obereisenbach"}, "geometry": {"type": "Point", "coordinates": [6.1420426, 50.0088299]}}, {"type": "Feature", "properties": {"name": "Oberfeulen"}, "geometry": {"type": "Point", "coordinates": [6.0337063, 49.8477461]}}, {"type": "Feature", "properties": {"name": "Oberglabach"}, "geometry": {"type": "Point", "coordinates": [6.1492319, 49.7848259]}}, {"type": "Feature", "properties": {"name": "Oberkorn"}, "geometry": {"type": "Point", "coordinates": [5.8947993, 49.5135907]}}, {"type": "Feature", "properties": {"name": "Oberpallen"}, "geometry": {"type": "Point", "coordinates": [5.8408299, 49.7311188]}}, {"type": "Feature", "properties": {"name": "Oberschlinder"}, "geometry": {"type": "Point", "coordinates": [6.0641033, 49.9539569]}}, {"type": "Feature", "properties": {"name": "Oberwampach"}, "geometry": {"type": "Point", "coordinates": [5.8600036, 50.0147471]}}, {"type": "Feature", "properties": {"name": "Odegrouf"}, "geometry": {"type": "Point", "coordinates": [6.146636, 49.8701996]}}, {"type": "Feature", "properties": {"name": "Odericht"}, "geometry": {"type": "Point", "coordinates": [6.3375234, 49.7585636]}}, {"type": "Feature", "properties": {"name": "Odert"}, "geometry": {"type": "Point", "coordinates": [5.9511351, 50.0244985]}}, {"type": "Feature", "properties": {"name": "Oenneschtebësch"}, "geometry": {"type": "Point", "coordinates": [5.8284938, 49.7842082]}}, {"type": "Feature", "properties": {"name": "Oetrange"}, "geometry": {"type": "Point", "coordinates": [6.2600198, 49.6000724]}}, {"type": "Feature", "properties": {"name": "Olingen"}, "geometry": {"type": "Point", "coordinates": [6.3158164, 49.6807764]}}, {"type": "Feature", "properties": {"name": "Olm"}, "geometry": {"type": "Point", "coordinates": [5.9993613, 49.6570286]}}, {"type": "Feature", "properties": {"name": "Oner Köpp"}, "geometry": {"type": "Point", "coordinates": [6.415072, 49.6248953]}}, {"type": "Feature", "properties": {"name": "Onnert"}, "geometry": {"type": "Point", "coordinates": [5.8941489, 49.9238645]}}, {"type": "Feature", "properties": {"name": "Op Aker"}, "geometry": {"type": "Point", "coordinates": [5.8589691, 49.546295]}}, {"type": "Feature", "properties": {"name": "Op Der Kueleplätz"}, "geometry": {"type": "Point", "coordinates": [6.1566138, 49.5286694]}}, {"type": "Feature", "properties": {"name": "Op Herbett"}, "geometry": {"type": "Point", "coordinates": [6.0118847, 49.5162416]}}, {"type": "Feature", "properties": {"name": "Op Jetzig"}, "geometry": {"type": "Point", "coordinates": [6.0315478, 49.5120755]}}, {"type": "Feature", "properties": {"name": "Op Kengert"}, "geometry": {"type": "Point", "coordinates": [6.1985563, 49.8001209]}}, {"type": "Feature", "properties": {"name": "Op Laangert"}, "geometry": {"type": "Point", "coordinates": [5.7952705, 49.8070964]}}, {"type": "Feature", "properties": {"name": "Op Poudréisch"}, "geometry": {"type": "Point", "coordinates": [6.2131307, 49.5568157]}}, {"type": "Feature", "properties": {"name": "Op d'Geissbréck"}, "geometry": {"type": "Point", "coordinates": [5.9841987, 50.1334393]}}, {"type": "Feature", "properties": {"name": "Op de Giele Géieren"}, "geometry": {"type": "Point", "coordinates": [6.0246514, 49.5115971]}}, {"type": "Feature", "properties": {"name": "Op der Buerg"}, "geometry": {"type": "Point", "coordinates": [5.8688438, 49.6759507]}}, {"type": "Feature", "properties": {"name": "Op der Buerg"}, "geometry": {"type": "Point", "coordinates": [5.8693575, 49.6791936]}}, {"type": "Feature", "properties": {"name": "Op der Foll"}, "geometry": {"type": "Point", "coordinates": [6.1286896, 50.030952]}}, {"type": "Feature", "properties": {"name": "Op der Haart"}, "geometry": {"type": "Point", "coordinates": [6.2162192, 49.5617736]}}, {"type": "Feature", "properties": {"name": "Op der Hiel"}, "geometry": {"type": "Point", "coordinates": [6.2184752, 49.5621941]}}, {"type": "Feature", "properties": {"name": "Op der Hoecht"}, "geometry": {"type": "Point", "coordinates": [5.8234423, 49.7751694]}}, {"type": "Feature", "properties": {"name": "Op der Hokaul"}, "geometry": {"type": "Point", "coordinates": [6.2074501, 49.6151207]}}, {"type": "Feature", "properties": {"name": "Op der Héi"}, "geometry": {"type": "Point", "coordinates": [6.0688541, 50.0263673]}}, {"type": "Feature", "properties": {"name": "Op der Millen"}, "geometry": {"type": "Point", "coordinates": [6.1963341, 49.9498908]}}, {"type": "Feature", "properties": {"name": "Op der Radpist"}, "geometry": {"type": "Point", "coordinates": [5.8424886, 50.0012723]}}, {"type": "Feature", "properties": {"name": "Op der Redoute"}, "geometry": {"type": "Point", "coordinates": [6.3540104, 49.5377276]}}, {"type": "Feature", "properties": {"name": "Op der Schleef"}, "geometry": {"type": "Point", "coordinates": [6.356242, 49.5692685]}}, {"type": "Feature", "properties": {"name": "Op der Schmelz"}, "geometry": {"type": "Point", "coordinates": [5.9642868, 49.9051874]}}, {"type": "Feature", "properties": {"name": "Openthalt"}, "geometry": {"type": "Point", "coordinates": [6.0355989, 49.7511472]}}, {"type": "Feature", "properties": {"name": "Oschpelt"}, "geometry": {"type": "Point", "coordinates": [5.888468, 49.8404112]}}, {"type": "Feature", "properties": {"name": "Oschterhädling"}, "geometry": {"type": "Point", "coordinates": [5.9544396, 49.8567309]}}, {"type": "Feature", "properties": {"name": "Ospern"}, "geometry": {"type": "Point", "coordinates": [5.9029086, 49.7832892]}}, {"type": "Feature", "properties": {"name": "Ostbierg"}, "geometry": {"type": "Point", "coordinates": [5.9928703, 49.4897371]}}, {"type": "Feature", "properties": {"name": "Osterholz"}, "geometry": {"type": "Point", "coordinates": [6.334597, 49.7928466]}}, {"type": "Feature", "properties": {"name": "Osweiler"}, "geometry": {"type": "Point", "coordinates": [6.440125, 49.7857994]}}, {"type": "Feature", "properties": {"name": "Ousterbur"}, "geometry": {"type": "Point", "coordinates": [5.867418, 49.7815862]}}, {"type": "Feature", "properties": {"name": "Ozkaul"}, "geometry": {"type": "Point", "coordinates": [6.2587952, 49.7596033]}}, {"type": "Feature", "properties": {"name": "Paaschent"}, "geometry": {"type": "Point", "coordinates": [6.2895908, 49.7707869]}}, {"type": "Feature", "properties": {"name": "Paatzeratt"}, "geometry": {"type": "Point", "coordinates": [5.8871162, 50.0422994]}}, {"type": "Feature", "properties": {"name": "Paerdsmaart"}, "geometry": {"type": "Point", "coordinates": [6.125272, 49.6180049]}}, {"type": "Feature", "properties": {"name": "Pafebierg"}, "geometry": {"type": "Point", "coordinates": [6.4522926, 49.7665638]}}, {"type": "Feature", "properties": {"name": "Pafefeld"}, "geometry": {"type": "Point", "coordinates": [5.9801888, 50.0851241]}}, {"type": "Feature", "properties": {"name": "Pandels"}, "geometry": {"type": "Point", "coordinates": [6.1235744, 49.7375064]}}, {"type": "Feature", "properties": {"name": "Panebur"}, "geometry": {"type": "Point", "coordinates": [6.0764069, 50.0403957]}}, {"type": "Feature", "properties": {"name": "Pantepesch"}, "geometry": {"type": "Point", "coordinates": [6.3829949, 49.690605]}}, {"type": "Feature", "properties": {"name": "Parbësch"}, "geometry": {"type": "Point", "coordinates": [5.9073468, 49.8290234]}}, {"type": "Feature", "properties": {"name": "Parc d'Activité Syrdall 1"}, "geometry": {"type": "Point", "coordinates": [6.2674073, 49.6383161]}}, {"type": "Feature", "properties": {"name": "Parc d'Activité Syrdall 2"}, "geometry": {"type": "Point", "coordinates": [6.2707876, 49.639988]}}, {"type": "Feature", "properties": {"name": "Parc d'Activité Syrdall 3"}, "geometry": {"type": "Point", "coordinates": [6.2746145, 49.6433682]}}, {"type": "Feature", "properties": {"name": "Paschend"}, "geometry": {"type": "Point", "coordinates": [6.0631013, 49.9651213]}}, {"type": "Feature", "properties": {"name": "Patefeldchen"}, "geometry": {"type": "Point", "coordinates": [6.3299703, 49.7553614]}}, {"type": "Feature", "properties": {"name": "Paterbësch"}, "geometry": {"type": "Point", "coordinates": [6.0825312, 49.9768039]}}, {"type": "Feature", "properties": {"name": "Paulusbierg"}, "geometry": {"type": "Point", "coordinates": [6.1559004, 49.6034897]}}, {"type": "Feature", "properties": {"name": "Pensenheck"}, "geometry": {"type": "Point", "coordinates": [5.9320593, 49.9802398]}}, {"type": "Feature", "properties": {"name": "Peppange"}, "geometry": {"type": "Point", "coordinates": [6.1324772, 49.524866]}}, {"type": "Feature", "properties": {"name": "Perchesbierg"}, "geometry": {"type": "Point", "coordinates": [6.0436499, 49.4648121]}}, {"type": "Feature", "properties": {"name": "Perlé"}, "geometry": {"type": "Point", "coordinates": [5.7651071, 49.8092862]}}, {"type": "Feature", "properties": {"name": "Peteschhof"}, "geometry": {"type": "Point", "coordinates": [6.1156672, 49.9077195]}}, {"type": "Feature", "properties": {"name": "Petit-Nobressart"}, "geometry": {"type": "Point", "coordinates": [5.8104519, 49.7791588]}}, {"type": "Feature", "properties": {"name": "Pettingen"}, "geometry": {"type": "Point", "coordinates": [6.1071883, 49.7703854]}}, {"type": "Feature", "properties": {"name": "Pfood"}, "geometry": {"type": "Point", "coordinates": [5.9598684, 50.1211147]}}, {"type": "Feature", "properties": {"name": "Pilatusbierg"}, "geometry": {"type": "Point", "coordinates": [6.1306307, 49.6333204]}}, {"type": "Feature", "properties": {"name": "Pintsch"}, "geometry": {"type": "Point", "coordinates": [6.011206, 49.9936497]}}, {"type": "Feature", "properties": {"name": "Pissange"}, "geometry": {"type": "Point", "coordinates": [6.0002642, 49.5484564]}}, {"type": "Feature", "properties": {"name": "Plaak"}, "geometry": {"type": "Point", "coordinates": [6.1248779, 49.8614756]}}, {"type": "Feature", "properties": {"name": "Plakesch Lee"}, "geometry": {"type": "Point", "coordinates": [5.9836196, 50.0101667]}}, {"type": "Feature", "properties": {"name": "Plateau Bourbon"}, "geometry": {"type": "Point", "coordinates": [6.1286516, 49.6051541]}}, {"type": "Feature", "properties": {"name": "Platen"}, "geometry": {"type": "Point", "coordinates": [5.935136, 49.7932083]}}, {"type": "Feature", "properties": {"name": "Plaz"}, "geometry": {"type": "Point", "coordinates": [5.9731293, 49.9528284]}}, {"type": "Feature", "properties": {"name": "Pleitrange"}, "geometry": {"type": "Point", "coordinates": [6.2791061, 49.5915286]}}, {"type": "Feature", "properties": {"name": "Pletschette"}, "geometry": {"type": "Point", "coordinates": [6.2623162, 49.818325]}}, {"type": "Feature", "properties": {"name": "Pletter"}, "geometry": {"type": "Point", "coordinates": [5.9247499, 49.8381585]}}, {"type": "Feature", "properties": {"name": "Pommerloch"}, "geometry": {"type": "Point", "coordinates": [5.8606531, 49.959534]}}, {"type": "Feature", "properties": {"name": "Pontpierre"}, "geometry": {"type": "Point", "coordinates": [6.0294737, 49.5344949]}}, {"type": "Feature", "properties": {"name": "Poschend"}, "geometry": {"type": "Point", "coordinates": [6.1801392, 49.9210455]}}, {"type": "Feature", "properties": {"name": "Poschend"}, "geometry": {"type": "Point", "coordinates": [6.0824615, 49.980771]}}, {"type": "Feature", "properties": {"name": "Posselt"}, "geometry": {"type": "Point", "coordinates": [6.3804382, 49.8131662]}}, {"type": "Feature", "properties": {"name": "Poteau de Harlange"}, "geometry": {"type": "Point", "coordinates": [5.8084907, 49.9078476]}}, {"type": "Feature", "properties": {"name": "Poul"}, "geometry": {"type": "Point", "coordinates": [6.1385048, 49.9485507]}}, {"type": "Feature", "properties": {"name": "Pratel"}, "geometry": {"type": "Point", "coordinates": [6.0249549, 49.6550264]}}, {"type": "Feature", "properties": {"name": "Pratz"}, "geometry": {"type": "Point", "coordinates": [5.9371695, 49.8023544]}}, {"type": "Feature", "properties": {"name": "Prettingen"}, "geometry": {"type": "Point", "coordinates": [6.1195552, 49.7170162]}}, {"type": "Feature", "properties": {"name": "Priedegtstull"}, "geometry": {"type": "Point", "coordinates": [6.3354957, 49.8166239]}}, {"type": "Feature", "properties": {"name": "Prévent"}, "geometry": {"type": "Point", "coordinates": [6.1745529, 49.7099641]}}, {"type": "Feature", "properties": {"name": "Prëmert"}, "geometry": {"type": "Point", "coordinates": [6.0336024, 49.6617286]}}, {"type": "Feature", "properties": {"name": "Puddel"}, "geometry": {"type": "Point", "coordinates": [6.206272, 49.6949923]}}, {"type": "Feature", "properties": {"name": "Puddels"}, "geometry": {"type": "Point", "coordinates": [6.3012278, 49.638267]}}, {"type": "Feature", "properties": {"name": "Pulger"}, "geometry": {"type": "Point", "coordinates": [5.9686124, 50.0621703]}}, {"type": "Feature", "properties": {"name": "Pullsaa"}, "geometry": {"type": "Point", "coordinates": [6.0473245, 49.6406606]}}, {"type": "Feature", "properties": {"name": "Putscheid"}, "geometry": {"type": "Point", "coordinates": [6.1412236, 49.9593737]}}, {"type": "Feature", "properties": {"name": "Pârdskapp"}, "geometry": {"type": "Point", "coordinates": [6.3245882, 49.7812045]}}, {"type": "Feature", "properties": {"name": "Pärdsmaart"}, "geometry": {"type": "Point", "coordinates": [6.4460885, 49.6920227]}}, {"type": "Feature", "properties": {"name": "Péilen"}, "geometry": {"type": "Point", "coordinates": [6.1602294, 49.9516617]}}, {"type": "Feature", "properties": {"name": "Péngswénkel"}, "geometry": {"type": "Point", "coordinates": [5.9008062, 50.0360805]}}, {"type": "Feature", "properties": {"name": "Pëllenaker"}, "geometry": {"type": "Point", "coordinates": [5.9160271, 49.6040384]}}, {"type": "Feature", "properties": {"name": "Pëssenheck"}, "geometry": {"type": "Point", "coordinates": [5.9739768, 50.0433398]}}, {"type": "Feature", "properties": {"name": "Pëtz"}, "geometry": {"type": "Point", "coordinates": [6.0146713, 49.9495493]}}, {"type": "Feature", "properties": {"name": "Pëtzbierg"}, "geometry": {"type": "Point", "coordinates": [6.4935913, 49.7861329]}}, {"type": "Feature", "properties": {"name": "Pëtzebierg"}, "geometry": {"type": "Point", "coordinates": [6.2354429, 49.7014995]}}, {"type": "Feature", "properties": {"name": "Pëtzmier"}, "geometry": {"type": "Point", "coordinates": [5.8446903, 49.8002649]}}, {"type": "Feature", "properties": {"name": "Pôle Européen de Développement"}, "geometry": {"type": "Point", "coordinates": [5.8438463, 49.5525568]}}, {"type": "Feature", "properties": {"name": "Pönn"}, "geometry": {"type": "Point", "coordinates": [6.2097441, 49.7313204]}}, {"type": "Feature", "properties": {"name": "Quatre-Vents"}, "geometry": {"type": "Point", "coordinates": [6.0438113, 49.6784679]}}, {"type": "Feature", "properties": {"name": "Raatelbach"}, "geometry": {"type": "Point", "coordinates": [6.2086648, 49.8088838]}}, {"type": "Feature", "properties": {"name": "Rambrouch"}, "geometry": {"type": "Point", "coordinates": [5.8494252, 49.8298505]}}, {"type": "Feature", "properties": {"name": "Rameldange"}, "geometry": {"type": "Point", "coordinates": [6.2305663, 49.6640315]}}, {"type": "Feature", "properties": {"name": "Rameldanger Knäppchen"}, "geometry": {"type": "Point", "coordinates": [6.2170957, 49.6605636]}}, {"type": "Feature", "properties": {"name": "Rameldangerhéischt"}, "geometry": {"type": "Point", "coordinates": [6.2253691, 49.6665295]}}, {"type": "Feature", "properties": {"name": "Rameschbierg"}, "geometry": {"type": "Point", "coordinates": [5.914346, 50.0585646]}}, {"type": "Feature", "properties": {"name": "Ramicht"}, "geometry": {"type": "Point", "coordinates": [5.9845877, 50.0316665]}}, {"type": "Feature", "properties": {"name": "Randfleesch"}, "geometry": {"type": "Point", "coordinates": [6.2360501, 49.6163894]}}, {"type": "Feature", "properties": {"name": "Ranzelt"}, "geometry": {"type": "Point", "coordinates": [5.9899092, 50.0474462]}}, {"type": "Feature", "properties": {"name": "Ratt"}, "geometry": {"type": "Point", "coordinates": [6.3112378, 49.7685293]}}, {"type": "Feature", "properties": {"name": "Reckange"}, "geometry": {"type": "Point", "coordinates": [6.0810682, 49.7489257]}}, {"type": "Feature", "properties": {"name": "Reckange-sur-Mess"}, "geometry": {"type": "Point", "coordinates": [6.0093091, 49.5611874]}}, {"type": "Feature", "properties": {"name": "Reckendallerkopp"}, "geometry": {"type": "Point", "coordinates": [6.0972583, 49.6262731]}}, {"type": "Feature", "properties": {"name": "Reckener Barriär"}, "geometry": {"type": "Point", "coordinates": [6.0522901, 49.7485001]}}, {"type": "Feature", "properties": {"name": "Reckener Bësch"}, "geometry": {"type": "Point", "coordinates": [6.0433299, 49.7433828]}}, {"type": "Feature", "properties": {"name": "Reckenerwald"}, "geometry": {"type": "Point", "coordinates": [6.0581016, 49.7335781]}}, {"type": "Feature", "properties": {"name": "Redange"}, "geometry": {"type": "Point", "coordinates": [5.8914033, 49.7650714]}}, {"type": "Feature", "properties": {"name": "Reichlange"}, "geometry": {"type": "Point", "coordinates": [5.9269974, 49.7730254]}}, {"type": "Feature", "properties": {"name": "Reiderwee"}, "geometry": {"type": "Point", "coordinates": [6.1040852, 49.6282951]}}, {"type": "Feature", "properties": {"name": "Reilandermillen"}, "geometry": {"type": "Point", "coordinates": [6.2706169, 49.7521709]}}, {"type": "Feature", "properties": {"name": "Reilend"}, "geometry": {"type": "Point", "coordinates": [6.2665436, 49.7546233]}}, {"type": "Feature", "properties": {"name": "Reilerbouch"}, "geometry": {"type": "Point", "coordinates": [6.0328728, 50.0669672]}}, {"type": "Feature", "properties": {"name": "Reimberg"}, "geometry": {"type": "Point", "coordinates": [5.9520428, 49.7959582]}}, {"type": "Feature", "properties": {"name": "Reineschhaff"}, "geometry": {"type": "Point", "coordinates": [6.2347197, 49.8126536]}}, {"type": "Feature", "properties": {"name": "Reisch"}, "geometry": {"type": "Point", "coordinates": [6.2621263, 49.7285703]}}, {"type": "Feature", "properties": {"name": "Reisdorf"}, "geometry": {"type": "Point", "coordinates": [6.2658927, 49.8673199]}}, {"type": "Feature", "properties": {"name": "Reisermillen"}, "geometry": {"type": "Point", "coordinates": [6.2253937, 49.8418434]}}, {"type": "Feature", "properties": {"name": "Reistenhéicht"}, "geometry": {"type": "Point", "coordinates": [6.27918, 49.8033999]}}, {"type": "Feature", "properties": {"name": "Reiteschbierg"}, "geometry": {"type": "Point", "coordinates": [6.049422, 50.0514695]}}, {"type": "Feature", "properties": {"name": "Reitscht"}, "geometry": {"type": "Point", "coordinates": [5.8214093, 49.7756092]}}, {"type": "Feature", "properties": {"name": "Rekeschfeld"}, "geometry": {"type": "Point", "coordinates": [5.8656317, 49.9242064]}}, {"type": "Feature", "properties": {"name": "Remerschen"}, "geometry": {"type": "Point", "coordinates": [6.3518205, 49.4885953]}}, {"type": "Feature", "properties": {"name": "Renn"}, "geometry": {"type": "Point", "coordinates": [5.8790427, 49.7364385]}}, {"type": "Feature", "properties": {"name": "Reuland"}, "geometry": {"type": "Point", "coordinates": [6.2615784, 49.7525547]}}, {"type": "Feature", "properties": {"name": "Reuler"}, "geometry": {"type": "Point", "coordinates": [6.0362606, 50.0586563]}}, {"type": "Feature", "properties": {"name": "Rham"}, "geometry": {"type": "Point", "coordinates": [6.138465, 49.6094136]}}, {"type": "Feature", "properties": {"name": "Rickeschdell"}, "geometry": {"type": "Point", "coordinates": [6.0931635, 49.9655423]}}, {"type": "Feature", "properties": {"name": "Ridder"}, "geometry": {"type": "Point", "coordinates": [6.1983168, 49.8965212]}}, {"type": "Feature", "properties": {"name": "Riedchen"}, "geometry": {"type": "Point", "coordinates": [6.3479733, 49.7747377]}}, {"type": "Feature", "properties": {"name": "Riesenhof"}, "geometry": {"type": "Point", "coordinates": [5.8152038, 49.8395087]}}, {"type": "Feature", "properties": {"name": "Riezelt"}, "geometry": {"type": "Point", "coordinates": [6.0776496, 49.9637479]}}, {"type": "Feature", "properties": {"name": "Riicht"}, "geometry": {"type": "Point", "coordinates": [6.0980558, 50.071347]}}, {"type": "Feature", "properties": {"name": "Rindschleiden"}, "geometry": {"type": "Point", "coordinates": [5.8997753, 49.8493729]}}, {"type": "Feature", "properties": {"name": "Ringbach"}, "geometry": {"type": "Point", "coordinates": [5.9160618, 49.8381913]}}, {"type": "Feature", "properties": {"name": "Ringel"}, "geometry": {"type": "Point", "coordinates": [6.0105804, 49.9158523]}}, {"type": "Feature", "properties": {"name": "Rinnheck"}, "geometry": {"type": "Point", "coordinates": [5.9653348, 49.7918034]}}, {"type": "Feature", "properties": {"name": "Rippig"}, "geometry": {"type": "Point", "coordinates": [6.3183782, 49.739953]}}, {"type": "Feature", "properties": {"name": "Rippweiler"}, "geometry": {"type": "Point", "coordinates": [5.9556113, 49.7504327]}}, {"type": "Feature", "properties": {"name": "Riseknäppchen"}, "geometry": {"type": "Point", "coordinates": [5.8528605, 49.8258782]}}, {"type": "Feature", "properties": {"name": "Rodange"}, "geometry": {"type": "Point", "coordinates": [5.839409, 49.5446067]}}, {"type": "Feature", "properties": {"name": "Rodenbourg"}, "geometry": {"type": "Point", "coordinates": [6.2904101, 49.6868765]}}, {"type": "Feature", "properties": {"name": "Roder"}, "geometry": {"type": "Point", "coordinates": [6.0827797, 50.0554624]}}, {"type": "Feature", "properties": {"name": "Rodershausen"}, "geometry": {"type": "Point", "coordinates": [6.1309992, 50.037913]}}, {"type": "Feature", "properties": {"name": "Rodsäit"}, "geometry": {"type": "Point", "coordinates": [5.8651006, 49.9189773]}}, {"type": "Feature", "properties": {"name": "Roedgen"}, "geometry": {"type": "Point", "coordinates": [6.034698, 49.5741994]}}, {"type": "Feature", "properties": {"name": "Roedt"}, "geometry": {"type": "Point", "coordinates": [6.2847078, 49.5699]}}, {"type": "Feature", "properties": {"name": "Roeser"}, "geometry": {"type": "Point", "coordinates": [6.1471163, 49.5423193]}}, {"type": "Feature", "properties": {"name": "Rolescht"}, "geometry": {"type": "Point", "coordinates": [5.8988535, 49.9831236]}}, {"type": "Feature", "properties": {"name": "Rollengermillen"}, "geometry": {"type": "Point", "coordinates": [6.3159652, 49.5506977]}}, {"type": "Feature", "properties": {"name": "Rolling"}, "geometry": {"type": "Point", "coordinates": [6.3167592, 49.5503714]}}, {"type": "Feature", "properties": {"name": "Rollingen"}, "geometry": {"type": "Point", "coordinates": [6.1136685, 49.7412519]}}, {"type": "Feature", "properties": {"name": "Rombach-Martelange"}, "geometry": {"type": "Point", "coordinates": [5.7419097, 49.8341173]}}, {"type": "Feature", "properties": {"name": "Rommelerhaff"}, "geometry": {"type": "Point", "coordinates": [5.7722613, 49.8661682]}}, {"type": "Feature", "properties": {"name": "Ronnebeemchen zu Bus"}, "geometry": {"type": "Point", "coordinates": [6.3528689, 49.5934227]}}, {"type": "Feature", "properties": {"name": "Ronnebësch"}, "geometry": {"type": "Point", "coordinates": [6.1427628, 49.9425526]}}, {"type": "Feature", "properties": {"name": "Ronnwiss"}, "geometry": {"type": "Point", "coordinates": [6.297183, 49.8098116]}}, {"type": "Feature", "properties": {"name": "Roodt"}, "geometry": {"type": "Point", "coordinates": [5.8217518, 49.7942406]}}, {"type": "Feature", "properties": {"name": "Roodt-sur-Eisch"}, "geometry": {"type": "Point", "coordinates": [6.0015455, 49.6926363]}}, {"type": "Feature", "properties": {"name": "Roodt-sur-Syre"}, "geometry": {"type": "Point", "coordinates": [6.3020341, 49.6655564]}}, {"type": "Feature", "properties": {"name": "Roost"}, "geometry": {"type": "Point", "coordinates": [6.0960274, 49.7868872]}}, {"type": "Feature", "properties": {"name": "Rosport"}, "geometry": {"type": "Point", "coordinates": [6.5014359, 49.8047635]}}, {"type": "Feature", "properties": {"name": "Rossmillen"}, "geometry": {"type": "Point", "coordinates": [6.0450999, 50.1102995]}}, {"type": "Feature", "properties": {"name": "Rotbach"}, "geometry": {"type": "Point", "coordinates": [5.9343277, 49.7789775]}}, {"type": "Feature", "properties": {"name": "Rottsgronn"}, "geometry": {"type": "Point", "coordinates": [6.2253106, 49.6198024]}}, {"type": "Feature", "properties": {"name": "Roudebierg"}, "geometry": {"type": "Point", "coordinates": [6.3588309, 49.4768318]}}, {"type": "Feature", "properties": {"name": "Roudebierg"}, "geometry": {"type": "Point", "coordinates": [6.2820339, 49.713235]}}, {"type": "Feature", "properties": {"name": "Roudebësch"}, "geometry": {"type": "Point", "coordinates": [6.1632335, 49.8366746]}}, {"type": "Feature", "properties": {"name": "Roudebësch"}, "geometry": {"type": "Point", "coordinates": [6.0055196, 49.859131]}}, {"type": "Feature", "properties": {"name": "Roudenhaff"}, "geometry": {"type": "Point", "coordinates": [6.228397, 49.6597506]}}, {"type": "Feature", "properties": {"name": "Roudsäit"}, "geometry": {"type": "Point", "coordinates": [5.9608984, 49.9957708]}}, {"type": "Feature", "properties": {"name": "Roudsäit"}, "geometry": {"type": "Point", "coordinates": [5.9291196, 49.9153229]}}, {"type": "Feature", "properties": {"name": "Roullingen"}, "geometry": {"type": "Point", "coordinates": [5.923396, 49.9547712]}}, {"type": "Feature", "properties": {"name": "Rouseberg"}, "geometry": {"type": "Point", "coordinates": [6.4591885, 49.6944448]}}, {"type": "Feature", "properties": {"name": "Routreiser"}, "geometry": {"type": "Point", "coordinates": [6.3627228, 49.4756606]}}, {"type": "Feature", "properties": {"name": "Routstéck"}, "geometry": {"type": "Point", "coordinates": [6.3659086, 49.4634768]}}, {"type": "Feature", "properties": {"name": "Routwiss"}, "geometry": {"type": "Point", "coordinates": [6.3643214, 49.4671985]}}, {"type": "Feature", "properties": {"name": "Routäerd"}, "geometry": {"type": "Point", "coordinates": [6.4480626, 49.699719]}}, {"type": "Feature", "properties": {"name": "Ruedemt"}, "geometry": {"type": "Point", "coordinates": [5.8818912, 49.73864]}}, {"type": "Feature", "properties": {"name": "Ruen"}, "geometry": {"type": "Point", "coordinates": [6.0553336, 50.0563949]}}, {"type": "Feature", "properties": {"name": "Rumelange"}, "geometry": {"type": "Point", "coordinates": [6.0307171, 49.461113]}}, {"type": "Feature", "properties": {"name": "Rumlange"}, "geometry": {"type": "Point", "coordinates": [5.9737823, 50.0797473]}}, {"type": "Feature", "properties": {"name": "Runnich"}, "geometry": {"type": "Point", "coordinates": [6.2258094, 49.8974266]}}, {"type": "Feature", "properties": {"name": "Räbeiwen"}, "geometry": {"type": "Point", "coordinates": [5.8446568, 49.9265583]}}, {"type": "Feature", "properties": {"name": "Réckschleed"}, "geometry": {"type": "Point", "coordinates": [6.3096285, 49.6050646]}}, {"type": "Feature", "properties": {"name": "Réidränk"}, "geometry": {"type": "Point", "coordinates": [6.0955786, 49.6370043]}}, {"type": "Feature", "properties": {"name": "Réikieschtgen"}, "geometry": {"type": "Point", "coordinates": [6.1318886, 49.5003443]}}, {"type": "Feature", "properties": {"name": "Réiriech"}, "geometry": {"type": "Point", "coordinates": [6.1346412, 50.1265384]}}, {"type": "Feature", "properties": {"name": "Réissenger Klaus"}, "geometry": {"type": "Point", "coordinates": [6.0065137, 49.572119]}}, {"type": "Feature", "properties": {"name": "Réitzebësch"}, "geometry": {"type": "Point", "coordinates": [6.0029232, 50.0243744]}}, {"type": "Feature", "properties": {"name": "Réngelbur"}, "geometry": {"type": "Point", "coordinates": [6.1639221, 49.669628]}}, {"type": "Feature", "properties": {"name": "Rénger"}, "geometry": {"type": "Point", "coordinates": [6.2831175, 49.8724539]}}, {"type": "Feature", "properties": {"name": "Réísperknapp"}, "geometry": {"type": "Point", "coordinates": [5.8280325, 49.8199951]}}, {"type": "Feature", "properties": {"name": "Rëffelbësch"}, "geometry": {"type": "Point", "coordinates": [5.938282, 49.8554582]}}, {"type": "Feature", "properties": {"name": "Rënkeschdall"}, "geometry": {"type": "Point", "coordinates": [5.9416336, 49.8528095]}}, {"type": "Feature", "properties": {"name": "Rëppen"}, "geometry": {"type": "Point", "coordinates": [6.2523901, 49.8697675]}}, {"type": "Feature", "properties": {"name": "Rëpper"}, "geometry": {"type": "Point", "coordinates": [5.8846915, 49.9250007]}}, {"type": "Feature", "properties": {"name": "Rëschend"}, "geometry": {"type": "Point", "coordinates": [6.0435426, 49.9666741]}}, {"type": "Feature", "properties": {"name": "Rëtschgriecht"}, "geometry": {"type": "Point", "coordinates": [6.301256, 49.7258997]}}, {"type": "Feature", "properties": {"name": "Saang"}, "geometry": {"type": "Point", "coordinates": [5.9366405, 50.05977]}}, {"type": "Feature", "properties": {"name": "Saangebierg"}, "geometry": {"type": "Point", "coordinates": [6.1473226, 49.5856275]}}, {"type": "Feature", "properties": {"name": "Saeul"}, "geometry": {"type": "Point", "coordinates": [5.9854867, 49.7277779]}}, {"type": "Feature", "properties": {"name": "Salzleck"}, "geometry": {"type": "Point", "coordinates": [6.09774, 49.6309316]}}, {"type": "Feature", "properties": {"name": "Salzlecken"}, "geometry": {"type": "Point", "coordinates": [6.1982563, 49.6746735]}}, {"type": "Feature", "properties": {"name": "Salzwaasser"}, "geometry": {"type": "Point", "coordinates": [6.4999124, 49.7535436]}}, {"type": "Feature", "properties": {"name": "Sandkaul"}, "geometry": {"type": "Point", "coordinates": [6.3284898, 49.7632072]}}, {"type": "Feature", "properties": {"name": "Sandkaulen"}, "geometry": {"type": "Point", "coordinates": [6.2176408, 49.6810222]}}, {"type": "Feature", "properties": {"name": "Sandweiler"}, "geometry": {"type": "Point", "coordinates": [6.2173651, 49.616081]}}, {"type": "Feature", "properties": {"name": "Sandweiler-Gare"}, "geometry": {"type": "Point", "coordinates": [6.206059, 49.6010039]}}, {"type": "Feature", "properties": {"name": "Sandëge Wee"}, "geometry": {"type": "Point", "coordinates": [6.0897338, 49.6326191]}}, {"type": "Feature", "properties": {"name": "Sanem"}, "geometry": {"type": "Point", "coordinates": [5.9272714, 49.5476008]}}, {"type": "Feature", "properties": {"name": "Sassel"}, "geometry": {"type": "Point", "coordinates": [5.9949473, 50.0996616]}}, {"type": "Feature", "properties": {"name": "Sauerfeld"}, "geometry": {"type": "Point", "coordinates": [6.0843551, 50.0754165]}}, {"type": "Feature", "properties": {"name": "Sauerheck"}, "geometry": {"type": "Point", "coordinates": [6.2430185, 49.6161374]}}, {"type": "Feature", "properties": {"name": "Savelborn"}, "geometry": {"type": "Point", "coordinates": [6.2535045, 49.8117915]}}, {"type": "Feature", "properties": {"name": "Schack"}, "geometry": {"type": "Point", "coordinates": [5.8931948, 49.5762117]}}, {"type": "Feature", "properties": {"name": "Schackend"}, "geometry": {"type": "Point", "coordinates": [6.1786508, 49.7726106]}}, {"type": "Feature", "properties": {"name": "Schackert"}, "geometry": {"type": "Point", "coordinates": [6.1380159, 49.496786]}}, {"type": "Feature", "properties": {"name": "Schaerfemillen"}, "geometry": {"type": "Point", "coordinates": [6.2328648, 49.7823338]}}, {"type": "Feature", "properties": {"name": "Schakend"}, "geometry": {"type": "Point", "coordinates": [6.2287176, 49.6701691]}}, {"type": "Feature", "properties": {"name": "Schandel"}, "geometry": {"type": "Point", "coordinates": [5.9748723, 49.7919689]}}, {"type": "Feature", "properties": {"name": "Schanz"}, "geometry": {"type": "Point", "coordinates": [5.990746, 49.6518904]}}, {"type": "Feature", "properties": {"name": "Schappend"}, "geometry": {"type": "Point", "coordinates": [5.908885, 49.9735609]}}, {"type": "Feature", "properties": {"name": "Schass"}, "geometry": {"type": "Point", "coordinates": [6.0653774, 49.8370826]}}, {"type": "Feature", "properties": {"name": "Schaufëls"}, "geometry": {"type": "Point", "coordinates": [6.4586306, 49.7142617]}}, {"type": "Feature", "properties": {"name": "Schaulsmillen"}, "geometry": {"type": "Point", "coordinates": [5.7679242, 49.9108045]}}, {"type": "Feature", "properties": {"name": "Scheed"}, "geometry": {"type": "Point", "coordinates": [6.2654042, 49.7695133]}}, {"type": "Feature", "properties": {"name": "Scheed"}, "geometry": {"type": "Point", "coordinates": [6.2782615, 49.8570074]}}, {"type": "Feature", "properties": {"name": "Scheed"}, "geometry": {"type": "Point", "coordinates": [5.8970377, 50.0272745]}}, {"type": "Feature", "properties": {"name": "Scheed"}, "geometry": {"type": "Point", "coordinates": [6.0750961, 49.9933465]}}, {"type": "Feature", "properties": {"name": "Scheed"}, "geometry": {"type": "Point", "coordinates": [5.8747137, 49.8167451]}}, {"type": "Feature", "properties": {"name": "Scheedbësch"}, "geometry": {"type": "Point", "coordinates": [6.1768538, 49.6104962]}}, {"type": "Feature", "properties": {"name": "Scheedgen"}, "geometry": {"type": "Point", "coordinates": [6.3189089, 49.755001]}}, {"type": "Feature", "properties": {"name": "Scheedwee"}, "geometry": {"type": "Point", "coordinates": [6.0967255, 50.119443]}}, {"type": "Feature", "properties": {"name": "Scheidberg"}, "geometry": {"type": "Point", "coordinates": [6.4583921, 49.7114077]}}, {"type": "Feature", "properties": {"name": "Scheidel"}, "geometry": {"type": "Point", "coordinates": [6.0439392, 49.8929057]}}, {"type": "Feature", "properties": {"name": "Scheidgen"}, "geometry": {"type": "Point", "coordinates": [6.3602739, 49.7805908]}}, {"type": "Feature", "properties": {"name": "Scheif"}, "geometry": {"type": "Point", "coordinates": [5.8809149, 49.9195213]}}, {"type": "Feature", "properties": {"name": "Schengen"}, "geometry": {"type": "Point", "coordinates": [6.3659008, 49.4716]}}, {"type": "Feature", "properties": {"name": "Schengerwis"}, "geometry": {"type": "Point", "coordinates": [6.3645843, 49.4813279]}}, {"type": "Feature", "properties": {"name": "Scherbach"}, "geometry": {"type": "Point", "coordinates": [6.2238914, 49.7822236]}}, {"type": "Feature", "properties": {"name": "Scherbierg"}, "geometry": {"type": "Point", "coordinates": [6.2264371, 49.7803219]}}, {"type": "Feature", "properties": {"name": "Schetzelklaus"}, "geometry": {"type": "Point", "coordinates": [6.1920384, 49.6675388]}}, {"type": "Feature", "properties": {"name": "Scheuerberg"}, "geometry": {"type": "Point", "coordinates": [6.3332436, 49.5378839]}}, {"type": "Feature", "properties": {"name": "Schierbelskoup"}, "geometry": {"type": "Point", "coordinates": [6.0991959, 49.6274006]}}, {"type": "Feature", "properties": {"name": "Schieren"}, "geometry": {"type": "Point", "coordinates": [6.096622, 49.8300396]}}, {"type": "Feature", "properties": {"name": "Schierenermillen"}, "geometry": {"type": "Point", "coordinates": [6.0915349, 49.8253273]}}, {"type": "Feature", "properties": {"name": "Schiltzberg"}, "geometry": {"type": "Point", "coordinates": [6.2218925, 49.7385488]}}, {"type": "Feature", "properties": {"name": "Schimpach"}, "geometry": {"type": "Point", "coordinates": [5.848252, 50.0096768]}}, {"type": "Feature", "properties": {"name": "Schincker"}, "geometry": {"type": "Point", "coordinates": [6.088221, 49.9922691]}}, {"type": "Feature", "properties": {"name": "Schirmesgrond"}, "geometry": {"type": "Point", "coordinates": [6.1675143, 49.6065976]}}, {"type": "Feature", "properties": {"name": "Schlammebierg"}, "geometry": {"type": "Point", "coordinates": [5.9366512, 49.9796465]}}, {"type": "Feature", "properties": {"name": "Schlammestee"}, "geometry": {"type": "Point", "coordinates": [6.1801657, 49.5336552]}}, {"type": "Feature", "properties": {"name": "Schlammfeld"}, "geometry": {"type": "Point", "coordinates": [6.210655, 49.5580719]}}, {"type": "Feature", "properties": {"name": "Schlammfur"}, "geometry": {"type": "Point", "coordinates": [6.4440179, 49.7074072]}}, {"type": "Feature", "properties": {"name": "Schlammfur"}, "geometry": {"type": "Point", "coordinates": [6.5017122, 49.7969735]}}, {"type": "Feature", "properties": {"name": "Schlammsbamwiss"}, "geometry": {"type": "Point", "coordinates": [6.4475906, 49.6972485]}}, {"type": "Feature", "properties": {"name": "Schlassbongert"}, "geometry": {"type": "Point", "coordinates": [6.3547672, 49.5020386]}}, {"type": "Feature", "properties": {"name": "Schlasshiwel"}, "geometry": {"type": "Point", "coordinates": [6.2280483, 49.6937597]}}, {"type": "Feature", "properties": {"name": "Schlee"}, "geometry": {"type": "Point", "coordinates": [6.275684, 49.7601334]}}, {"type": "Feature", "properties": {"name": "Schleed"}, "geometry": {"type": "Point", "coordinates": [5.8761638, 49.9417984]}}, {"type": "Feature", "properties": {"name": "Schleed"}, "geometry": {"type": "Point", "coordinates": [6.1608842, 49.6389895]}}, {"type": "Feature", "properties": {"name": "Schleed"}, "geometry": {"type": "Point", "coordinates": [6.1715376, 49.5247209]}}, {"type": "Feature", "properties": {"name": "Schleed"}, "geometry": {"type": "Point", "coordinates": [5.9089753, 49.9763777]}}, {"type": "Feature", "properties": {"name": "Schleed"}, "geometry": {"type": "Point", "coordinates": [5.9826189, 49.9452136]}}, {"type": "Feature", "properties": {"name": "Schleed"}, "geometry": {"type": "Point", "coordinates": [6.4245611, 49.6853698]}}, {"type": "Feature", "properties": {"name": "Schleedbierg"}, "geometry": {"type": "Point", "coordinates": [6.1999422, 49.8920045]}}, {"type": "Feature", "properties": {"name": "Schleemillen"}, "geometry": {"type": "Point", "coordinates": [6.2649523, 49.5456136]}}, {"type": "Feature", "properties": {"name": "Schleif"}, "geometry": {"type": "Point", "coordinates": [5.8569234, 49.990154]}}, {"type": "Feature", "properties": {"name": "Schleifmillen"}, "geometry": {"type": "Point", "coordinates": [6.2192325, 49.7275932]}}, {"type": "Feature", "properties": {"name": "Schleifspuren"}, "geometry": {"type": "Point", "coordinates": [6.2179673, 49.7281631]}}, {"type": "Feature", "properties": {"name": "Schlierbach"}, "geometry": {"type": "Point", "coordinates": [5.949107, 49.9132538]}}, {"type": "Feature", "properties": {"name": "Schlindermanderscheid"}, "geometry": {"type": "Point", "coordinates": [6.0614598, 49.9323297]}}, {"type": "Feature", "properties": {"name": "Schläifmillen"}, "geometry": {"type": "Point", "coordinates": [6.1583776, 49.6039866]}}, {"type": "Feature", "properties": {"name": "Schléiwenhaff"}, "geometry": {"type": "Point", "coordinates": [6.0582613, 49.5787454]}}, {"type": "Feature", "properties": {"name": "Schlëppeschbierg"}, "geometry": {"type": "Point", "coordinates": [5.9019112, 49.9754032]}}, {"type": "Feature", "properties": {"name": "Schmalger"}, "geometry": {"type": "Point", "coordinates": [6.0887003, 50.0806836]}}, {"type": "Feature", "properties": {"name": "Schmiede"}, "geometry": {"type": "Point", "coordinates": [6.2043263, 49.7514953]}}, {"type": "Feature", "properties": {"name": "Schmitzbierg"}, "geometry": {"type": "Point", "coordinates": [6.1325008, 49.8293495]}}, {"type": "Feature", "properties": {"name": "Schmitzfeld"}, "geometry": {"type": "Point", "coordinates": [5.7871682, 49.8080257]}}, {"type": "Feature", "properties": {"name": "Schmuelchesknupp"}, "geometry": {"type": "Point", "coordinates": [6.1768385, 49.6252654]}}, {"type": "Feature", "properties": {"name": "Schmuelen"}, "geometry": {"type": "Point", "coordinates": [6.1182594, 49.9748375]}}, {"type": "Feature", "properties": {"name": "Schmuelwiss"}, "geometry": {"type": "Point", "coordinates": [6.2609625, 49.7662148]}}, {"type": "Feature", "properties": {"name": "Schmëttebësch"}, "geometry": {"type": "Point", "coordinates": [6.0537887, 49.7000521]}}, {"type": "Feature", "properties": {"name": "Schmëttewier"}, "geometry": {"type": "Point", "coordinates": [6.321512, 49.8375172]}}, {"type": "Feature", "properties": {"name": "Schock"}, "geometry": {"type": "Point", "coordinates": [5.8685641, 49.6841559]}}, {"type": "Feature", "properties": {"name": "Schock"}, "geometry": {"type": "Point", "coordinates": [5.8616888, 50.0322178]}}, {"type": "Feature", "properties": {"name": "Schock"}, "geometry": {"type": "Point", "coordinates": [5.9097165, 50.0380651]}}, {"type": "Feature", "properties": {"name": "Schock"}, "geometry": {"type": "Point", "coordinates": [5.9928167, 50.0193423]}}, {"type": "Feature", "properties": {"name": "Schock"}, "geometry": {"type": "Point", "coordinates": [5.8877492, 49.8185899]}}, {"type": "Feature", "properties": {"name": "Schoenfels"}, "geometry": {"type": "Point", "coordinates": [6.0904384, 49.7185866]}}, {"type": "Feature", "properties": {"name": "Scholtuswangert"}, "geometry": {"type": "Point", "coordinates": [6.3641082, 49.4770688]}}, {"type": "Feature", "properties": {"name": "Schooffiels"}, "geometry": {"type": "Point", "coordinates": [6.2036559, 49.6736447]}}, {"type": "Feature", "properties": {"name": "Schoofsbësch"}, "geometry": {"type": "Point", "coordinates": [6.2053287, 49.863399]}}, {"type": "Feature", "properties": {"name": "Schoorthaff"}, "geometry": {"type": "Point", "coordinates": [5.921073, 49.9951984]}}, {"type": "Feature", "properties": {"name": "Schoos"}, "geometry": {"type": "Point", "coordinates": [6.1690343, 49.7506504]}}, {"type": "Feature", "properties": {"name": "Schorenshaff"}, "geometry": {"type": "Point", "coordinates": [6.4065032, 49.6909242]}}, {"type": "Feature", "properties": {"name": "Schosselbierg"}, "geometry": {"type": "Point", "coordinates": [5.9893298, 49.8575609]}}, {"type": "Feature", "properties": {"name": "Schouweiler"}, "geometry": {"type": "Point", "coordinates": [5.9573114, 49.5807667]}}, {"type": "Feature", "properties": {"name": "Schrassig"}, "geometry": {"type": "Point", "coordinates": [6.2558038, 49.6107061]}}, {"type": "Feature", "properties": {"name": "Schrassig-Kuelebierg"}, "geometry": {"type": "Point", "coordinates": [6.2467039, 49.6080681]}}, {"type": "Feature", "properties": {"name": "Schreideschröndchen"}, "geometry": {"type": "Point", "coordinates": [6.0949525, 49.6915234]}}, {"type": "Feature", "properties": {"name": "Schrondweiler"}, "geometry": {"type": "Point", "coordinates": [6.1556417, 49.805821]}}, {"type": "Feature", "properties": {"name": "Schuck"}, "geometry": {"type": "Point", "coordinates": [5.9658498, 50.1514826]}}, {"type": "Feature", "properties": {"name": "Schuerelserknupp"}, "geometry": {"type": "Point", "coordinates": [5.880636, 49.8325537]}}, {"type": "Feature", "properties": {"name": "Schumannseck"}, "geometry": {"type": "Point", "coordinates": [5.8796459, 49.9460248]}}, {"type": "Feature", "properties": {"name": "Schumeschbierg"}, "geometry": {"type": "Point", "coordinates": [6.0147947, 49.866666]}}, {"type": "Feature", "properties": {"name": "Schuttrange"}, "geometry": {"type": "Point", "coordinates": [6.2714312, 49.6226683]}}, {"type": "Feature", "properties": {"name": "Schwaarzenhiwel"}, "geometry": {"type": "Point", "coordinates": [6.074447, 50.0454171]}}, {"type": "Feature", "properties": {"name": "Schwaarzuecht"}, "geometry": {"type": "Point", "coordinates": [6.3483703, 49.7633925]}}, {"type": "Feature", "properties": {"name": "Schwanenthal"}, "geometry": {"type": "Point", "coordinates": [6.1171022, 49.7029921]}}, {"type": "Feature", "properties": {"name": "Schwebach"}, "geometry": {"type": "Point", "coordinates": [5.9718663, 49.7457142]}}, {"type": "Feature", "properties": {"name": "Schwebach-Pont"}, "geometry": {"type": "Point", "coordinates": [5.9748098, 49.747002]}}, {"type": "Feature", "properties": {"name": "Schwebsange"}, "geometry": {"type": "Point", "coordinates": [6.3561931, 49.5108072]}}, {"type": "Feature", "properties": {"name": "Schweechebaacherbësch"}, "geometry": {"type": "Point", "coordinates": [6.2916899, 49.6460205]}}, {"type": "Feature", "properties": {"name": "Schweich"}, "geometry": {"type": "Point", "coordinates": [5.9266907, 49.7229383]}}, {"type": "Feature", "properties": {"name": "Schwengselt"}, "geometry": {"type": "Point", "coordinates": [5.9162365, 49.9820129]}}, {"type": "Feature", "properties": {"name": "Schéiferbierg"}, "geometry": {"type": "Point", "coordinates": [6.1973673, 49.694704]}}, {"type": "Feature", "properties": {"name": "Schéiferbierg"}, "geometry": {"type": "Point", "coordinates": [6.2259477, 49.6888638]}}, {"type": "Feature", "properties": {"name": "Schéiferei"}, "geometry": {"type": "Point", "coordinates": [6.1864614, 49.7731233]}}, {"type": "Feature", "properties": {"name": "Schéimerech"}, "geometry": {"type": "Point", "coordinates": [6.044687, 49.6712956]}}, {"type": "Feature", "properties": {"name": "Schëndelsermillen"}, "geometry": {"type": "Point", "coordinates": [6.0978288, 49.7212742]}}, {"type": "Feature", "properties": {"name": "Schënert"}, "geometry": {"type": "Point", "coordinates": [6.2207615, 49.7051351]}}, {"type": "Feature", "properties": {"name": "Schëschlich"}, "geometry": {"type": "Point", "coordinates": [6.2950802, 49.80394]}}, {"type": "Feature", "properties": {"name": "Schëttermarjall"}, "geometry": {"type": "Point", "coordinates": [6.1363951, 49.6235246]}}, {"type": "Feature", "properties": {"name": "Schëtzbësch"}, "geometry": {"type": "Point", "coordinates": [5.9775549, 49.8518162]}}, {"type": "Feature", "properties": {"name": "Schëtzegronn"}, "geometry": {"type": "Point", "coordinates": [6.219012, 49.6955749]}}, {"type": "Feature", "properties": {"name": "Schüttbuerger Millen"}, "geometry": {"type": "Point", "coordinates": [6.0162588, 49.9676698]}}, {"type": "Feature", "properties": {"name": "Seitert"}, "geometry": {"type": "Point", "coordinates": [6.3369655, 49.7698736]}}, {"type": "Feature", "properties": {"name": "Seiwertskamp"}, "geometry": {"type": "Point", "coordinates": [5.9639025, 50.0448763]}}, {"type": "Feature", "properties": {"name": "Selscheid"}, "geometry": {"type": "Point", "coordinates": [5.9471163, 50.0175305]}}, {"type": "Feature", "properties": {"name": "Seltz"}, "geometry": {"type": "Point", "coordinates": [6.1888331, 49.8800933]}}, {"type": "Feature", "properties": {"name": "Sengsberich"}, "geometry": {"type": "Point", "coordinates": [6.0030627, 49.6531268]}}, {"type": "Feature", "properties": {"name": "Senningen"}, "geometry": {"type": "Point", "coordinates": [6.239363, 49.6461134]}}, {"type": "Feature", "properties": {"name": "Senningerberg"}, "geometry": {"type": "Point", "coordinates": [6.2262751, 49.649554]}}, {"type": "Feature", "properties": {"name": "Septfontaines"}, "geometry": {"type": "Point", "coordinates": [5.9665551, 49.7007895]}}, {"type": "Feature", "properties": {"name": "Setzen"}, "geometry": {"type": "Point", "coordinates": [6.3583374, 49.8046602]}}, {"type": "Feature", "properties": {"name": "Siebenaler"}, "geometry": {"type": "Point", "coordinates": [6.0261269, 50.010087]}}, {"type": "Feature", "properties": {"name": "Sielebur"}, "geometry": {"type": "Point", "coordinates": [5.790795, 49.8019738]}}, {"type": "Feature", "properties": {"name": "Sieltgen"}, "geometry": {"type": "Point", "coordinates": [5.9853762, 49.9455588]}}, {"type": "Feature", "properties": {"name": "Sierbierg"}, "geometry": {"type": "Point", "coordinates": [5.8050406, 49.8937013]}}, {"type": "Feature", "properties": {"name": "Siess"}, "geometry": {"type": "Point", "coordinates": [5.8071434, 49.8556657]}}, {"type": "Feature", "properties": {"name": "Simmerfarm"}, "geometry": {"type": "Point", "coordinates": [5.9865858, 49.6956334]}}, {"type": "Feature", "properties": {"name": "Simmerschmelz"}, "geometry": {"type": "Point", "coordinates": [5.9860045, 49.6946041]}}, {"type": "Feature", "properties": {"name": "Soleuvre"}, "geometry": {"type": "Point", "coordinates": [5.9410195, 49.5207381]}}, {"type": "Feature", "properties": {"name": "Sollermillen"}, "geometry": {"type": "Point", "coordinates": [5.8271571, 49.9616313]}}, {"type": "Feature", "properties": {"name": "Sonlez"}, "geometry": {"type": "Point", "coordinates": [5.8236598, 49.9642414]}}, {"type": "Feature", "properties": {"name": "Soup"}, "geometry": {"type": "Point", "coordinates": [6.2304581, 49.7675352]}}, {"type": "Feature", "properties": {"name": "Souterich"}, "geometry": {"type": "Point", "coordinates": [6.1788927, 49.6672208]}}, {"type": "Feature", "properties": {"name": "Spatzlee"}, "geometry": {"type": "Point", "coordinates": [6.266107, 49.8490594]}}, {"type": "Feature", "properties": {"name": "Spatzlée"}, "geometry": {"type": "Point", "coordinates": [6.1789071, 49.6796467]}}, {"type": "Feature", "properties": {"name": "Spatzlée"}, "geometry": {"type": "Point", "coordinates": [6.2151323, 49.6634268]}}, {"type": "Feature", "properties": {"name": "Spier"}, "geometry": {"type": "Point", "coordinates": [6.0117236, 49.9524159]}}, {"type": "Feature", "properties": {"name": "Spir"}, "geometry": {"type": "Point", "coordinates": [6.0865652, 49.9658873]}}, {"type": "Feature", "properties": {"name": "Spreetbierg"}, "geometry": {"type": "Point", "coordinates": [6.3474323, 49.6181599]}}, {"type": "Feature", "properties": {"name": "Sprinkange"}, "geometry": {"type": "Point", "coordinates": [5.9649706, 49.5798472]}}, {"type": "Feature", "properties": {"name": "Spurwee"}, "geometry": {"type": "Point", "coordinates": [6.465894, 49.7041669]}}, {"type": "Feature", "properties": {"name": "Spëttelhaff"}, "geometry": {"type": "Point", "coordinates": [6.356637, 49.6547119]}}, {"type": "Feature", "properties": {"name": "Stackbësch"}, "geometry": {"type": "Point", "coordinates": [6.3034755, 49.6918596]}}, {"type": "Feature", "properties": {"name": "Stackels"}, "geometry": {"type": "Point", "coordinates": [5.8165312, 49.8817359]}}, {"type": "Feature", "properties": {"name": "Stadtbredimus"}, "geometry": {"type": "Point", "coordinates": [6.3634808, 49.5650843]}}, {"type": "Feature", "properties": {"name": "Stafelter"}, "geometry": {"type": "Point", "coordinates": [6.1740822, 49.6585263]}}, {"type": "Feature", "properties": {"name": "Station Radio"}, "geometry": {"type": "Point", "coordinates": [6.2649402, 49.7194487]}}, {"type": "Feature", "properties": {"name": "Staudheck"}, "geometry": {"type": "Point", "coordinates": [6.1344373, 49.5042903]}}, {"type": "Feature", "properties": {"name": "Stecken"}, "geometry": {"type": "Point", "coordinates": [6.1553419, 49.9140756]}}, {"type": "Feature", "properties": {"name": "Steebierg"}, "geometry": {"type": "Point", "coordinates": [6.3022009, 49.755835]}}, {"type": "Feature", "properties": {"name": "Steekaul"}, "geometry": {"type": "Point", "coordinates": [6.0949177, 49.9535446]}}, {"type": "Feature", "properties": {"name": "Steekaul"}, "geometry": {"type": "Point", "coordinates": [5.9166741, 49.6934801]}}, {"type": "Feature", "properties": {"name": "Steekaulen"}, "geometry": {"type": "Point", "coordinates": [6.2120938, 49.6970477]}}, {"type": "Feature", "properties": {"name": "Steekemillen"}, "geometry": {"type": "Point", "coordinates": [6.4342336, 49.7068274]}}, {"type": "Feature", "properties": {"name": "Steemicht"}, "geometry": {"type": "Point", "coordinates": [5.9872591, 49.8521586]}}, {"type": "Feature", "properties": {"name": "Steen"}, "geometry": {"type": "Point", "coordinates": [6.3535309, 49.7812641]}}, {"type": "Feature", "properties": {"name": "Steenriech"}, "geometry": {"type": "Point", "coordinates": [6.0682135, 50.0455561]}}, {"type": "Feature", "properties": {"name": "Steenäcker"}, "geometry": {"type": "Point", "coordinates": [6.0444519, 49.8046783]}}, {"type": "Feature", "properties": {"name": "Steerausch"}, "geometry": {"type": "Point", "coordinates": [5.8771439, 49.9478554]}}, {"type": "Feature", "properties": {"name": "Steerausch"}, "geometry": {"type": "Point", "coordinates": [6.029976, 50.0620429]}}, {"type": "Feature", "properties": {"name": "Steerausch"}, "geometry": {"type": "Point", "coordinates": [6.121788, 49.9687823]}}, {"type": "Feature", "properties": {"name": "Steeréck"}, "geometry": {"type": "Point", "coordinates": [5.8244491, 49.8940677]}}, {"type": "Feature", "properties": {"name": "Stegen"}, "geometry": {"type": "Point", "coordinates": [6.1704715, 49.8294011]}}, {"type": "Feature", "properties": {"name": "Steil"}, "geometry": {"type": "Point", "coordinates": [6.1220777, 50.1270784]}}, {"type": "Feature", "properties": {"name": "Steinfort"}, "geometry": {"type": "Point", "coordinates": [5.9142778, 49.6598008]}}, {"type": "Feature", "properties": {"name": "Steinheim"}, "geometry": {"type": "Point", "coordinates": [6.4756659, 49.8182577]}}, {"type": "Feature", "properties": {"name": "Steinsel"}, "geometry": {"type": "Point", "coordinates": [6.1244736, 49.677469]}}, {"type": "Feature", "properties": {"name": "Stekend"}, "geometry": {"type": "Point", "coordinates": [6.1866438, 49.6041815]}}, {"type": "Feature", "properties": {"name": "Stengemann"}, "geometry": {"type": "Point", "coordinates": [5.8642405, 50.06709]}}, {"type": "Feature", "properties": {"name": "Stengestéisschen"}, "geometry": {"type": "Point", "coordinates": [6.0936855, 49.6408518]}}, {"type": "Feature", "properties": {"name": "Stirebierg"}, "geometry": {"type": "Point", "coordinates": [6.2614775, 49.8730105]}}, {"type": "Feature", "properties": {"name": "Stockem"}, "geometry": {"type": "Point", "coordinates": [5.9568503, 50.0781566]}}, {"type": "Feature", "properties": {"name": "Stolheck"}, "geometry": {"type": "Point", "coordinates": [6.0361449, 50.0454984]}}, {"type": "Feature", "properties": {"name": "Stolzembourg"}, "geometry": {"type": "Point", "coordinates": [6.1674898, 49.9657021]}}, {"type": "Feature", "properties": {"name": "Strachelt"}, "geometry": {"type": "Point", "coordinates": [6.1242181, 49.9652904]}}, {"type": "Feature", "properties": {"name": "Strachen"}, "geometry": {"type": "Point", "coordinates": [6.4344478, 49.7039726]}}, {"type": "Feature", "properties": {"name": "Strassen"}, "geometry": {"type": "Point", "coordinates": [6.0721393, 49.6196726]}}, {"type": "Feature", "properties": {"name": "Strewelek"}, "geometry": {"type": "Point", "coordinates": [6.1086237, 50.1138946]}}, {"type": "Feature", "properties": {"name": "Stronk"}, "geometry": {"type": "Point", "coordinates": [6.0521793, 50.0468399]}}, {"type": "Feature", "properties": {"name": "Stroossewiss"}, "geometry": {"type": "Point", "coordinates": [6.1291158, 49.9655319]}}, {"type": "Feature", "properties": {"name": "Stroumbechsbierg"}, "geometry": {"type": "Point", "coordinates": [6.1092675, 50.0737364]}}, {"type": "Feature", "properties": {"name": "Stroumbierg"}, "geometry": {"type": "Point", "coordinates": [6.3609137, 49.4630566]}}, {"type": "Feature", "properties": {"name": "Stréimchen"}, "geometry": {"type": "Point", "coordinates": [6.3610102, 49.4656157]}}, {"type": "Feature", "properties": {"name": "Stuppicht"}, "geometry": {"type": "Point", "coordinates": [6.1876226, 49.7254772]}}, {"type": "Feature", "properties": {"name": "Stämel"}, "geometry": {"type": "Point", "coordinates": [5.9803981, 49.8539052]}}, {"type": "Feature", "properties": {"name": "Suebel"}, "geometry": {"type": "Point", "coordinates": [6.2714553, 49.8147548]}}, {"type": "Feature", "properties": {"name": "Suebelgaart"}, "geometry": {"type": "Point", "coordinates": [6.2748264, 49.503934]}}, {"type": "Feature", "properties": {"name": "Suebelsaak"}, "geometry": {"type": "Point", "coordinates": [5.8745071, 49.56784]}}, {"type": "Feature", "properties": {"name": "Surré"}, "geometry": {"type": "Point", "coordinates": [5.7789604, 49.9020779]}}, {"type": "Feature", "properties": {"name": "Syrberg"}, "geometry": {"type": "Point", "coordinates": [6.4630186, 49.6952429]}}, {"type": "Feature", "properties": {"name": "Syrdall"}, "geometry": {"type": "Point", "coordinates": [6.3980594, 49.7031023]}}, {"type": "Feature", "properties": {"name": "Syrdall Schlass"}, "geometry": {"type": "Point", "coordinates": [6.4089748, 49.7074766]}}, {"type": "Feature", "properties": {"name": "Syren"}, "geometry": {"type": "Point", "coordinates": [6.2195943, 49.563559]}}, {"type": "Feature", "properties": {"name": "Säift"}, "geometry": {"type": "Point", "coordinates": [6.3458705, 49.7945219]}}, {"type": "Feature", "properties": {"name": "Säitert"}, "geometry": {"type": "Point", "coordinates": [5.9785916, 49.8162403]}}, {"type": "Feature", "properties": {"name": "Séilebuer"}, "geometry": {"type": "Point", "coordinates": [6.3342619, 49.7589934]}}, {"type": "Feature", "properties": {"name": "Séitescht"}, "geometry": {"type": "Point", "coordinates": [5.9557056, 50.0219136]}}, {"type": "Feature", "properties": {"name": "Sëllend"}, "geometry": {"type": "Point", "coordinates": [5.8680498, 49.6796164]}}, {"type": "Feature", "properties": {"name": "Tadler"}, "geometry": {"type": "Point", "coordinates": [5.9935001, 49.9106016]}}, {"type": "Feature", "properties": {"name": "Takebierg"}, "geometry": {"type": "Point", "coordinates": [5.9327904, 49.7058764]}}, {"type": "Feature", "properties": {"name": "Tandel"}, "geometry": {"type": "Point", "coordinates": [6.1824934, 49.8974652]}}, {"type": "Feature", "properties": {"name": "Tandelerbierg"}, "geometry": {"type": "Point", "coordinates": [6.1937624, 49.8982835]}}, {"type": "Feature", "properties": {"name": "Tandelerbierg"}, "geometry": {"type": "Point", "coordinates": [6.1578203, 49.9208173]}}, {"type": "Feature", "properties": {"name": "Tandlerbaach"}, "geometry": {"type": "Point", "coordinates": [6.1785976, 49.9170758]}}, {"type": "Feature", "properties": {"name": "Tarchamps"}, "geometry": {"type": "Point", "coordinates": [5.7947753, 49.9502968]}}, {"type": "Feature", "properties": {"name": "Teschebierg"}, "geometry": {"type": "Point", "coordinates": [5.9088915, 49.6972859]}}, {"type": "Feature", "properties": {"name": "Theinshaff"}, "geometry": {"type": "Point", "coordinates": [6.3662368, 49.7750961]}}, {"type": "Feature", "properties": {"name": "Theisebierg"}, "geometry": {"type": "Point", "coordinates": [5.9294346, 49.6956116]}}, {"type": "Feature", "properties": {"name": "Thillsmillen"}, "geometry": {"type": "Point", "coordinates": [6.0473949, 49.6415276]}}, {"type": "Feature", "properties": {"name": "Tinnes"}, "geometry": {"type": "Point", "coordinates": [6.2622012, 49.8430991]}}, {"type": "Feature", "properties": {"name": "Tintesmühle"}, "geometry": {"type": "Point", "coordinates": [6.125998, 50.0935166]}}, {"type": "Feature", "properties": {"name": "Tipp"}, "geometry": {"type": "Point", "coordinates": [6.0686588, 49.4824432]}}, {"type": "Feature", "properties": {"name": "Tomm"}, "geometry": {"type": "Point", "coordinates": [6.1953343, 49.9095382]}}, {"type": "Feature", "properties": {"name": "Tomm"}, "geometry": {"type": "Point", "coordinates": [5.9490538, 50.0632826]}}, {"type": "Feature", "properties": {"name": "Tomm"}, "geometry": {"type": "Point", "coordinates": [5.8915821, 49.9708232]}}, {"type": "Feature", "properties": {"name": "Tommel"}, "geometry": {"type": "Point", "coordinates": [5.8628744, 50.0645568]}}, {"type": "Feature", "properties": {"name": "Tonnewee"}, "geometry": {"type": "Point", "coordinates": [5.814203, 49.9016767]}}, {"type": "Feature", "properties": {"name": "Tontebichelchen"}, "geometry": {"type": "Point", "coordinates": [6.1325061, 49.5152903]}}, {"type": "Feature", "properties": {"name": "Toodlermillen"}, "geometry": {"type": "Point", "coordinates": [6.0001506, 49.9127628]}}, {"type": "Feature", "properties": {"name": "Topertslach"}, "geometry": {"type": "Point", "coordinates": [5.9756881, 50.074184]}}, {"type": "Feature", "properties": {"name": "Tossenberg"}, "geometry": {"type": "Point", "coordinates": [6.0478006, 49.6218045]}}, {"type": "Feature", "properties": {"name": "Trintange"}, "geometry": {"type": "Point", "coordinates": [6.280436, 49.5714197]}}, {"type": "Feature", "properties": {"name": "Troine"}, "geometry": {"type": "Point", "coordinates": [5.882146, 50.0638245]}}, {"type": "Feature", "properties": {"name": "Troine-Route"}, "geometry": {"type": "Point", "coordinates": [5.8766932, 50.0458858]}}, {"type": "Feature", "properties": {"name": "Trudlermillen"}, "geometry": {"type": "Point", "coordinates": [6.2119558, 49.5682075]}}, {"type": "Feature", "properties": {"name": "Trëllebierg"}, "geometry": {"type": "Point", "coordinates": [6.2829888, 49.7204909]}}, {"type": "Feature", "properties": {"name": "Tschideschmillen"}, "geometry": {"type": "Point", "coordinates": [6.1685416, 49.8486859]}}, {"type": "Feature", "properties": {"name": "Tuntange"}, "geometry": {"type": "Point", "coordinates": [6.0137438, 49.7156626]}}, {"type": "Feature", "properties": {"name": "Tutschemillen"}, "geometry": {"type": "Point", "coordinates": [5.9513953, 49.96577]}}, {"type": "Feature", "properties": {"name": "Tétange"}, "geometry": {"type": "Point", "coordinates": [6.0401965, 49.4728607]}}, {"type": "Feature", "properties": {"name": "Uebersyren"}, "geometry": {"type": "Point", "coordinates": [6.2770155, 49.6318394]}}, {"type": "Feature", "properties": {"name": "Uecht"}, "geometry": {"type": "Point", "coordinates": [6.2834877, 49.8751194]}}, {"type": "Feature", "properties": {"name": "Uecht"}, "geometry": {"type": "Point", "coordinates": [6.1279464, 49.9767487]}}, {"type": "Feature", "properties": {"name": "Uelegsmillen"}, "geometry": {"type": "Point", "coordinates": [6.2175972, 49.7992944]}}, {"type": "Feature", "properties": {"name": "Ueligsmillen"}, "geometry": {"type": "Point", "coordinates": [6.285905, 49.7837939]}}, {"type": "Feature", "properties": {"name": "Uerenerwee"}, "geometry": {"type": "Point", "coordinates": [6.1230326, 50.1290455]}}, {"type": "Feature", "properties": {"name": "Uespelt"}, "geometry": {"type": "Point", "coordinates": [6.3239333, 49.6355974]}}, {"type": "Feature", "properties": {"name": "Uewent Terens"}, "geometry": {"type": "Point", "coordinates": [6.2991893, 49.7255386]}}, {"type": "Feature", "properties": {"name": "Um Bamels"}, "geometry": {"type": "Point", "coordinates": [5.8628251, 49.9539681]}}, {"type": "Feature", "properties": {"name": "Um Bauchefeld"}, "geometry": {"type": "Point", "coordinates": [6.310567, 49.4851105]}}, {"type": "Feature", "properties": {"name": "Um Goeldenaerchen"}, "geometry": {"type": "Point", "coordinates": [5.8317887, 49.7657196]}}, {"type": "Feature", "properties": {"name": "Um Heischterwee"}, "geometry": {"type": "Point", "coordinates": [5.9510378, 49.8842855]}}, {"type": "Feature", "properties": {"name": "Um Rennpad"}, "geometry": {"type": "Point", "coordinates": [6.0511815, 49.6704609]}}, {"type": "Feature", "properties": {"name": "Um Rëschweier"}, "geometry": {"type": "Point", "coordinates": [5.8312181, 49.7567526]}}, {"type": "Feature", "properties": {"name": "Um Suebel"}, "geometry": {"type": "Point", "coordinates": [5.879032, 49.5079828]}}, {"type": "Feature", "properties": {"name": "Untereisenbach"}, "geometry": {"type": "Point", "coordinates": [6.1449799, 50.000321]}}, {"type": "Feature", "properties": {"name": "Unterschlinder"}, "geometry": {"type": "Point", "coordinates": [6.0706398, 49.9347793]}}, {"type": "Feature", "properties": {"name": "Urbicht"}, "geometry": {"type": "Point", "coordinates": [6.2836003, 49.7922917]}}, {"type": "Feature", "properties": {"name": "Urspelt"}, "geometry": {"type": "Point", "coordinates": [6.0463143, 50.0750761]}}, {"type": "Feature", "properties": {"name": "Uscheler"}, "geometry": {"type": "Point", "coordinates": [5.9937608, 50.0726897]}}, {"type": "Feature", "properties": {"name": "Useldange"}, "geometry": {"type": "Point", "coordinates": [5.9815427, 49.7696681]}}, {"type": "Feature", "properties": {"name": "Valeriushaff"}, "geometry": {"type": "Point", "coordinates": [6.1856258, 49.8851556]}}, {"type": "Feature", "properties": {"name": "Verluerekascht"}, "geometry": {"type": "Point", "coordinates": [6.2171768, 49.7834661]}}, {"type": "Feature", "properties": {"name": "Vichten"}, "geometry": {"type": "Point", "coordinates": [5.9963314, 49.8025509]}}, {"type": "Feature", "properties": {"name": "Vieille Doncols"}, "geometry": {"type": "Point", "coordinates": [5.8377743, 49.9750513]}}, {"type": "Feature", "properties": {"name": "Viicht Péilen"}, "geometry": {"type": "Point", "coordinates": [6.3512563, 49.792915]}}, {"type": "Feature", "properties": {"name": "Viischtebësch"}, "geometry": {"type": "Point", "coordinates": [6.459057, 49.7800552]}}, {"type": "Feature", "properties": {"name": "Vugelsmillen"}, "geometry": {"type": "Point", "coordinates": [6.3265513, 49.8234719]}}, {"type": "Feature", "properties": {"name": "Vullkamp"}, "geometry": {"type": "Point", "coordinates": [6.0929328, 50.0700558]}}, {"type": "Feature", "properties": {"name": "Vullsbur"}, "geometry": {"type": "Point", "coordinates": [6.0895801, 50.0717911]}}, {"type": "Feature", "properties": {"name": "Véierhäremaark"}, "geometry": {"type": "Point", "coordinates": [5.8879973, 49.7086318]}}, {"type": "Feature", "properties": {"name": "Wahl"}, "geometry": {"type": "Point", "coordinates": [5.9054353, 49.8356744]}}, {"type": "Feature", "properties": {"name": "Wahlhausen"}, "geometry": {"type": "Point", "coordinates": [6.1253081, 49.9848271]}}, {"type": "Feature", "properties": {"name": "Wahlhausener Dickt"}, "geometry": {"type": "Point", "coordinates": [6.1038166, 49.989829]}}, {"type": "Feature", "properties": {"name": "Waldbierg"}, "geometry": {"type": "Point", "coordinates": [6.1156909, 50.0487618]}}, {"type": "Feature", "properties": {"name": "Waldbillig"}, "geometry": {"type": "Point", "coordinates": [6.2865589, 49.7952998]}}, {"type": "Feature", "properties": {"name": "Waldbredimus"}, "geometry": {"type": "Point", "coordinates": [6.287091, 49.5572304]}}, {"type": "Feature", "properties": {"name": "Waleberreg"}, "geometry": {"type": "Point", "coordinates": [6.3758039, 49.6127608]}}, {"type": "Feature", "properties": {"name": "Walferdange"}, "geometry": {"type": "Point", "coordinates": [6.1306387, 49.6584806]}}, {"type": "Feature", "properties": {"name": "Wallebur"}, "geometry": {"type": "Point", "coordinates": [6.2879777, 49.7792688]}}, {"type": "Feature", "properties": {"name": "Wallendorf-Pont"}, "geometry": {"type": "Point", "coordinates": [6.2903665, 49.8742048]}}, {"type": "Feature", "properties": {"name": "Walsdorf"}, "geometry": {"type": "Point", "coordinates": [6.1725916, 49.925288]}}, {"type": "Feature", "properties": {"name": "Wandhaff"}, "geometry": {"type": "Point", "coordinates": [5.9578187, 49.6471021]}}, {"type": "Feature", "properties": {"name": "Wangerten"}, "geometry": {"type": "Point", "coordinates": [6.2715036, 49.873332]}}, {"type": "Feature", "properties": {"name": "Wangertsbierg"}, "geometry": {"type": "Point", "coordinates": [6.4495003, 49.7057975]}}, {"type": "Feature", "properties": {"name": "Warken"}, "geometry": {"type": "Point", "coordinates": [6.0901686, 49.8594777]}}, {"type": "Feature", "properties": {"name": "Wasdellchen"}, "geometry": {"type": "Point", "coordinates": [6.080592, 50.0099403]}}, {"type": "Feature", "properties": {"name": "Wasserbillig"}, "geometry": {"type": "Point", "coordinates": [6.5013499, 49.7143407]}}, {"type": "Feature", "properties": {"name": "Watrange"}, "geometry": {"type": "Point", "coordinates": [5.7865338, 49.943722]}}, {"type": "Feature", "properties": {"name": "Wealerhaff"}, "geometry": {"type": "Point", "coordinates": [5.8748628, 49.8939803]}}, {"type": "Feature", "properties": {"name": "Wecker"}, "geometry": {"type": "Point", "coordinates": [6.3878176, 49.6956944]}}, {"type": "Feature", "properties": {"name": "Wecker-Gare"}, "geometry": {"type": "Point", "coordinates": [6.3911993, 49.7014899]}}, {"type": "Feature", "properties": {"name": "Weckergronn"}, "geometry": {"type": "Point", "coordinates": [6.3815063, 49.6899526]}}, {"type": "Feature", "properties": {"name": "Weiberbierg"}, "geometry": {"type": "Point", "coordinates": [5.8670854, 50.029337]}}, {"type": "Feature", "properties": {"name": "Weicherdange"}, "geometry": {"type": "Point", "coordinates": [5.9875001, 50.0379777]}}, {"type": "Feature", "properties": {"name": "Weidefeld"}, "geometry": {"type": "Point", "coordinates": [6.0655697, 50.0534674]}}, {"type": "Feature", "properties": {"name": "Weidendall"}, "geometry": {"type": "Point", "coordinates": [6.0670497, 49.6574105]}}, {"type": "Feature", "properties": {"name": "Weidingen"}, "geometry": {"type": "Point", "coordinates": [5.940063, 49.9718117]}}, {"type": "Feature", "properties": {"name": "Weier"}, "geometry": {"type": "Point", "coordinates": [6.3316284, 49.7284204]}}, {"type": "Feature", "properties": {"name": "Weierberg"}, "geometry": {"type": "Point", "coordinates": [6.3382745, 49.5021792]}}, {"type": "Feature", "properties": {"name": "Weierbësch"}, "geometry": {"type": "Point", "coordinates": [6.3768983, 49.6326596]}}, {"type": "Feature", "properties": {"name": "Weierbësch"}, "geometry": {"type": "Point", "coordinates": [5.998503, 49.6526614]}}, {"type": "Feature", "properties": {"name": "Weierkapp"}, "geometry": {"type": "Point", "coordinates": [6.3881957, 49.7941132]}}, {"type": "Feature", "properties": {"name": "Weiler"}, "geometry": {"type": "Point", "coordinates": [5.9442009, 50.1032718]}}, {"type": "Feature", "properties": {"name": "Weiler"}, "geometry": {"type": "Point", "coordinates": [6.1231458, 49.9624908]}}, {"type": "Feature", "properties": {"name": "Weiler"}, "geometry": {"type": "Point", "coordinates": [5.9514087, 49.9776663]}}, {"type": "Feature", "properties": {"name": "Weiler"}, "geometry": {"type": "Point", "coordinates": [6.0926914, 50.151022]}}, {"type": "Feature", "properties": {"name": "Weiler-la-Tour"}, "geometry": {"type": "Point", "coordinates": [6.1995573, 49.5416974]}}, {"type": "Feature", "properties": {"name": "Weilerbach"}, "geometry": {"type": "Point", "coordinates": [6.383081, 49.8328511]}}, {"type": "Feature", "properties": {"name": "Weilerbierg"}, "geometry": {"type": "Point", "coordinates": [5.9161484, 50.0337305]}}, {"type": "Feature", "properties": {"name": "Weimerich"}, "geometry": {"type": "Point", "coordinates": [6.273019, 49.7027572]}}, {"type": "Feature", "properties": {"name": "Weimeschköppchen"}, "geometry": {"type": "Point", "coordinates": [6.027268, 49.5020703]}}, {"type": "Feature", "properties": {"name": "Weiswampach"}, "geometry": {"type": "Point", "coordinates": [6.0753153, 50.139719]}}, {"type": "Feature", "properties": {"name": "Welfrange"}, "geometry": {"type": "Point", "coordinates": [6.285526, 49.5399853]}}, {"type": "Feature", "properties": {"name": "Welkeschfurt"}, "geometry": {"type": "Point", "coordinates": [5.9800976, 50.0598148]}}, {"type": "Feature", "properties": {"name": "Wellenstein"}, "geometry": {"type": "Point", "coordinates": [6.342525, 49.5248352]}}, {"type": "Feature", "properties": {"name": "Welscheid"}, "geometry": {"type": "Point", "coordinates": [6.0655768, 49.8869484]}}, {"type": "Feature", "properties": {"name": "Welsdorf"}, "geometry": {"type": "Point", "coordinates": [6.0928398, 49.817951]}}, {"type": "Feature", "properties": {"name": "Weltemsheck"}, "geometry": {"type": "Point", "coordinates": [6.2347895, 49.6232985]}}, {"type": "Feature", "properties": {"name": "Welteschgrond"}, "geometry": {"type": "Point", "coordinates": [6.0087812, 49.4710384]}}, {"type": "Feature", "properties": {"name": "Weltgen"}, "geometry": {"type": "Point", "coordinates": [5.9669065, 50.0695152]}}, {"type": "Feature", "properties": {"name": "Wemperhardt"}, "geometry": {"type": "Point", "coordinates": [6.051633, 50.1547499]}}, {"type": "Feature", "properties": {"name": "Wetzend"}, "geometry": {"type": "Point", "coordinates": [6.2116098, 49.5645474]}}, {"type": "Feature", "properties": {"name": "Weydig"}, "geometry": {"type": "Point", "coordinates": [6.3300145, 49.7166441]}}, {"type": "Feature", "properties": {"name": "Weyer"}, "geometry": {"type": "Point", "coordinates": [6.1995604, 49.7265713]}}, {"type": "Feature", "properties": {"name": "Wickrange"}, "geometry": {"type": "Point", "coordinates": [6.0198557, 49.5423438]}}, {"type": "Feature", "properties": {"name": "Widdebierg"}, "geometry": {"type": "Point", "coordinates": [6.3188084, 49.6631326]}}, {"type": "Feature", "properties": {"name": "Widdem"}, "geometry": {"type": "Point", "coordinates": [5.937928, 50.057063]}}, {"type": "Feature", "properties": {"name": "Widdem"}, "geometry": {"type": "Point", "coordinates": [5.9894478, 49.9478026]}}, {"type": "Feature", "properties": {"name": "Widdenhiewen"}, "geometry": {"type": "Point", "coordinates": [5.9690201, 50.0240918]}}, {"type": "Feature", "properties": {"name": "Widem"}, "geometry": {"type": "Point", "coordinates": [5.797627, 49.8988986]}}, {"type": "Feature", "properties": {"name": "Wieweschgäertchen"}, "geometry": {"type": "Point", "coordinates": [6.2980701, 49.4847173]}}, {"type": "Feature", "properties": {"name": "Willspull"}, "geometry": {"type": "Point", "coordinates": [6.0973424, 49.8880646]}}, {"type": "Feature", "properties": {"name": "Wilwerdange"}, "geometry": {"type": "Point", "coordinates": [6.0227585, 50.1394707]}}, {"type": "Feature", "properties": {"name": "Wilwerwiltz"}, "geometry": {"type": "Point", "coordinates": [6.0002581, 49.9876952]}}, {"type": "Feature", "properties": {"name": "Wincrange"}, "geometry": {"type": "Point", "coordinates": [5.9146753, 50.0534989]}}, {"type": "Feature", "properties": {"name": "Winseler"}, "geometry": {"type": "Point", "coordinates": [5.8899696, 49.9669968]}}, {"type": "Feature", "properties": {"name": "Wintrange"}, "geometry": {"type": "Point", "coordinates": [6.3512706, 49.5014547]}}, {"type": "Feature", "properties": {"name": "Wirtgensmühle"}, "geometry": {"type": "Point", "coordinates": [6.0085537, 50.0336921]}}, {"type": "Feature", "properties": {"name": "Wispletz"}, "geometry": {"type": "Point", "coordinates": [6.1202752, 49.9715598]}}, {"type": "Feature", "properties": {"name": "Wobësch"}, "geometry": {"type": "Point", "coordinates": [6.0499089, 49.5590457]}}, {"type": "Feature", "properties": {"name": "Wolefslach"}, "geometry": {"type": "Point", "coordinates": [6.0266393, 50.0021501]}}, {"type": "Feature", "properties": {"name": "Wolfgrund"}, "geometry": {"type": "Point", "coordinates": [6.1998201, 49.6885222]}}, {"type": "Feature", "properties": {"name": "Wollefheck"}, "geometry": {"type": "Point", "coordinates": [5.9696102, 50.0299435]}}, {"type": "Feature", "properties": {"name": "Wollefsheck"}, "geometry": {"type": "Point", "coordinates": [6.2597608, 49.7705665]}}, {"type": "Feature", "properties": {"name": "Wollefsknapp"}, "geometry": {"type": "Point", "coordinates": [5.9689343, 49.7992658]}}, {"type": "Feature", "properties": {"name": "Wollefslach"}, "geometry": {"type": "Point", "coordinates": [6.3838345, 49.7310296]}}, {"type": "Feature", "properties": {"name": "Wollefswiss"}, "geometry": {"type": "Point", "coordinates": [5.9679043, 49.7977422]}}, {"type": "Feature", "properties": {"name": "Wolper"}, "geometry": {"type": "Point", "coordinates": [6.353606, 49.7642229]}}, {"type": "Feature", "properties": {"name": "Wolschend"}, "geometry": {"type": "Point", "coordinates": [5.9660268, 50.0351467]}}, {"type": "Feature", "properties": {"name": "Woltzerfeld"}, "geometry": {"type": "Point", "coordinates": [6.0332537, 50.0894196]}}, {"type": "Feature", "properties": {"name": "Woltzerhaard"}, "geometry": {"type": "Point", "coordinates": [6.0424054, 50.0882012]}}, {"type": "Feature", "properties": {"name": "Wolwelange"}, "geometry": {"type": "Point", "coordinates": [5.7638754, 49.8278112]}}, {"type": "Feature", "properties": {"name": "Woneschkopp"}, "geometry": {"type": "Point", "coordinates": [6.2703395, 49.7980677]}}, {"type": "Feature", "properties": {"name": "Wormeldange"}, "geometry": {"type": "Point", "coordinates": [6.4059607, 49.6120221]}}, {"type": "Feature", "properties": {"name": "Wormeldange-Haut"}, "geometry": {"type": "Point", "coordinates": [6.4007367, 49.6097402]}}, {"type": "Feature", "properties": {"name": "Wuesselt"}, "geometry": {"type": "Point", "coordinates": [6.197083, 49.5672125]}}, {"type": "Feature", "properties": {"name": "Wurzelflass"}, "geometry": {"type": "Point", "coordinates": [6.2212439, 49.6779995]}}, {"type": "Feature", "properties": {"name": "Wäisserd"}, "geometry": {"type": "Point", "coordinates": [6.4469576, 49.7056587]}}, {"type": "Feature", "properties": {"name": "Wäistrooss"}, "geometry": {"type": "Point", "coordinates": [6.3665959, 49.477555]}}, {"type": "Feature", "properties": {"name": "Wäschent"}, "geometry": {"type": "Point", "coordinates": [6.2648248, 49.7854759]}}, {"type": "Feature", "properties": {"name": "Wässeler"}, "geometry": {"type": "Point", "coordinates": [6.2720561, 49.8005192]}}, {"type": "Feature", "properties": {"name": "Wékeschbur"}, "geometry": {"type": "Point", "coordinates": [6.0717595, 49.901091]}}, {"type": "Feature", "properties": {"name": "Wéngertsbierg"}, "geometry": {"type": "Point", "coordinates": [6.3352704, 49.6142415]}}, {"type": "Feature", "properties": {"name": "Wénkel"}, "geometry": {"type": "Point", "coordinates": [6.2571657, 49.7490358]}}, {"type": "Feature", "properties": {"name": "Wénzelbaach"}, "geometry": {"type": "Point", "coordinates": [6.3026118, 49.8061973]}}, {"type": "Feature", "properties": {"name": "Wëlkeschkaul"}, "geometry": {"type": "Point", "coordinates": [6.1539638, 49.8995102]}}, {"type": "Feature", "properties": {"name": "Wëllerbësch"}, "geometry": {"type": "Point", "coordinates": [6.0530446, 49.5614788]}}, {"type": "Feature", "properties": {"name": "Wëlleschleedchen"}, "geometry": {"type": "Point", "coordinates": [5.9074473, 49.9845033]}}, {"type": "Feature", "properties": {"name": "Wëlleschleid"}, "geometry": {"type": "Point", "coordinates": [5.9502276, 49.6929294]}}, {"type": "Feature", "properties": {"name": "Wëlwerek"}, "geometry": {"type": "Point", "coordinates": [6.1190092, 50.1165055]}}, {"type": "Feature", "properties": {"name": "Wëntgerbierg"}, "geometry": {"type": "Point", "coordinates": [5.9041321, 50.0562846]}}, {"type": "Feature", "properties": {"name": "Zameschburen"}, "geometry": {"type": "Point", "coordinates": [5.9387638, 50.0041572]}}, {"type": "Feature", "properties": {"name": "Zeidert"}, "geometry": {"type": "Point", "coordinates": [6.127882, 49.5118909]}}, {"type": "Feature", "properties": {"name": "Zirbesknapp"}, "geometry": {"type": "Point", "coordinates": [6.3054496, 49.6432729]}}, {"type": "Feature", "properties": {"name": "Zittig"}, "geometry": {"type": "Point", "coordinates": [6.3439722, 49.745113]}}, {"type": "Feature", "properties": {"name": "Zocksfeld"}, "geometry": {"type": "Point", "coordinates": [6.2904, 49.688549]}}, {"type": "Feature", "properties": {"name": "Zol"}, "geometry": {"type": "Point", "coordinates": [6.1243737, 50.0728275]}}, {"type": "Feature", "properties": {"name": "Zone Industrielle Grasbësch"}, "geometry": {"type": "Point", "coordinates": [6.0889177, 49.5754761]}}, {"type": "Feature", "properties": {"name": "Zoogrond"}, "geometry": {"type": "Point", "coordinates": [5.7786262, 49.8203759]}}, {"type": "Feature", "properties": {"name": "Zouer"}, "geometry": {"type": "Point", "coordinates": [6.2660633, 49.7509183]}}, {"type": "Feature", "properties": {"name": "Zwickau"}, "geometry": {"type": "Point", "coordinates": [6.1350757, 49.5916993]}}, {"type": "Feature", "properties": {"name": "Zwéckekopp"}, "geometry": {"type": "Point", "coordinates": [6.2387524, 49.7028797]}}, {"type": "Feature", "properties": {"name": "Zwéimerich"}, "geometry": {"type": "Point", "coordinates": [5.9404278, 49.9938086]}}, {"type": "Feature", "properties": {"name": "Zämerbësch"}, "geometry": {"type": "Point", "coordinates": [5.9307718, 49.5579502]}}, {"type": "Feature", "properties": {"name": "Zäppchen"}, "geometry": {"type": "Point", "coordinates": [6.1235475, 49.6991916]}}, {"type": "Feature", "properties": {"name": "Zärebierg"}, "geometry": {"type": "Point", "coordinates": [6.3590889, 49.5634976]}}, {"type": "Feature", "properties": {"name": "Zärebongert"}, "geometry": {"type": "Point", "coordinates": [6.3500538, 49.4915709]}}, {"type": "Feature", "properties": {"name": "Zëtteger Deel"}, "geometry": {"type": "Point", "coordinates": [6.2998652, 49.750634]}}, {"type": "Feature", "properties": {"name": "Zëtteger Millen"}, "geometry": {"type": "Point", "coordinates": [6.3435486, 49.7364637]}}, {"type": "Feature", "properties": {"name": "a Kollef"}, "geometry": {"type": "Point", "coordinates": [6.3504732, 49.4748171]}}, {"type": "Feature", "properties": {"name": "a Maarken"}, "geometry": {"type": "Point", "coordinates": [6.1204684, 49.4957199]}}, {"type": "Feature", "properties": {"name": "a Päsch"}, "geometry": {"type": "Point", "coordinates": [6.3658194, 49.4684361]}}, {"type": "Feature", "properties": {"name": "am Al"}, "geometry": {"type": "Point", "coordinates": [6.4178593, 49.7055999]}}, {"type": "Feature", "properties": {"name": "am Bieg"}, "geometry": {"type": "Point", "coordinates": [6.4453268, 49.7005586]}}, {"type": "Feature", "properties": {"name": "am Brëchel"}, "geometry": {"type": "Point", "coordinates": [5.9948659, 49.6493075]}}, {"type": "Feature", "properties": {"name": "am Burfeld"}, "geometry": {"type": "Point", "coordinates": [6.424758, 49.7056537]}}, {"type": "Feature", "properties": {"name": "am Gestänn"}, "geometry": {"type": "Point", "coordinates": [6.1845731, 49.5652363]}}, {"type": "Feature", "properties": {"name": "am Grëndchen"}, "geometry": {"type": "Point", "coordinates": [5.9847053, 49.6497971]}}, {"type": "Feature", "properties": {"name": "am Hermes"}, "geometry": {"type": "Point", "coordinates": [6.1816764, 49.5633018]}}, {"type": "Feature", "properties": {"name": "am Kessel"}, "geometry": {"type": "Point", "coordinates": [6.3835394, 49.7228076]}}, {"type": "Feature", "properties": {"name": "am Konzerwee"}, "geometry": {"type": "Point", "coordinates": [6.3575327, 49.4646151]}}, {"type": "Feature", "properties": {"name": "am Langert"}, "geometry": {"type": "Point", "coordinates": [6.2120032, 49.8066716]}}, {"type": "Feature", "properties": {"name": "am Maulef"}, "geometry": {"type": "Point", "coordinates": [6.2940237, 49.6866672]}}, {"type": "Feature", "properties": {"name": "am Poul"}, "geometry": {"type": "Point", "coordinates": [6.1138111, 50.1605871]}}, {"type": "Feature", "properties": {"name": "am Päsch"}, "geometry": {"type": "Point", "coordinates": [6.1897659, 49.5643595]}}, {"type": "Feature", "properties": {"name": "am Schank"}, "geometry": {"type": "Point", "coordinates": [5.970667, 50.0431813]}}, {"type": "Feature", "properties": {"name": "am Sierker Bongert"}, "geometry": {"type": "Point", "coordinates": [6.365295, 49.4672856]}}, {"type": "Feature", "properties": {"name": "am Sträit"}, "geometry": {"type": "Point", "coordinates": [6.1448497, 49.9462492]}}, {"type": "Feature", "properties": {"name": "am Uwänner"}, "geometry": {"type": "Point", "coordinates": [6.2918107, 49.6888133]}}, {"type": "Feature", "properties": {"name": "am Wiirger"}, "geometry": {"type": "Point", "coordinates": [5.9923861, 49.650009]}}, {"type": "Feature", "properties": {"name": "an Duelem"}, "geometry": {"type": "Point", "coordinates": [6.3588792, 49.476166]}}, {"type": "Feature", "properties": {"name": "an Hëtschend"}, "geometry": {"type": "Point", "coordinates": [6.2902259, 49.6861319]}}, {"type": "Feature", "properties": {"name": "an der Baach"}, "geometry": {"type": "Point", "coordinates": [5.7841795, 49.8054581]}}, {"type": "Feature", "properties": {"name": "an der Bruchrued"}, "geometry": {"type": "Point", "coordinates": [6.3592574, 49.4680491]}}, {"type": "Feature", "properties": {"name": "an der Fiels"}, "geometry": {"type": "Point", "coordinates": [6.3646969, 49.4617561]}}, {"type": "Feature", "properties": {"name": "an der Fëls"}, "geometry": {"type": "Point", "coordinates": [6.4379024, 49.7112161]}}, {"type": "Feature", "properties": {"name": "an der Hell"}, "geometry": {"type": "Point", "coordinates": [6.0446796, 49.560102]}}, {"type": "Feature", "properties": {"name": "an der Lann"}, "geometry": {"type": "Point", "coordinates": [6.2373458, 49.6752001]}}, {"type": "Feature", "properties": {"name": "bei de Weieren"}, "geometry": {"type": "Point", "coordinates": [6.1294913, 49.5078713]}}, {"type": "Feature", "properties": {"name": "beim Ginstegestell"}, "geometry": {"type": "Point", "coordinates": [6.3136625, 49.7625834]}}, {"type": "Feature", "properties": {"name": "beim Rosbur"}, "geometry": {"type": "Point", "coordinates": [6.2781715, 49.720706]}}, {"type": "Feature", "properties": {"name": "beim Weierchen"}, "geometry": {"type": "Point", "coordinates": [6.2903696, 49.6849612]}}, {"type": "Feature", "properties": {"name": "hannen am Hiischebierg"}, "geometry": {"type": "Point", "coordinates": [6.3531232, 49.4740572]}}, {"type": "Feature", "properties": {"name": "hanner de Lächen"}, "geometry": {"type": "Point", "coordinates": [6.4599931, 49.7034661]}}, {"type": "Feature", "properties": {"name": "hanner dem Duerf"}, "geometry": {"type": "Point", "coordinates": [6.2537527, 49.8821057]}}, {"type": "Feature", "properties": {"name": "hanner dem Haardhaff"}, "geometry": {"type": "Point", "coordinates": [6.3181257, 49.8136887]}}, {"type": "Feature", "properties": {"name": "hanner der Huuscht"}, "geometry": {"type": "Point", "coordinates": [6.3493252, 49.8038292]}}, {"type": "Feature", "properties": {"name": "hannert Burgaart"}, "geometry": {"type": "Point", "coordinates": [5.9850143, 49.6475771]}}, {"type": "Feature", "properties": {"name": "hënnescht Kandel"}, "geometry": {"type": "Point", "coordinates": [6.1247063, 49.4973156]}}, {"type": "Feature", "properties": {"name": "iewescht Millen"}, "geometry": {"type": "Point", "coordinates": [6.1575357, 49.6402982]}}, {"type": "Feature", "properties": {"name": "kléngen Iewend"}, "geometry": {"type": "Point", "coordinates": [5.997296, 49.855344]}}, {"type": "Feature", "properties": {"name": "mëttelste Flouer"}, "geometry": {"type": "Point", "coordinates": [6.3003588, 49.7650367]}}, {"type": "Feature", "properties": {"name": "om Steen"}, "geometry": {"type": "Point", "coordinates": [5.9075723, 49.8335102]}}, {"type": "Feature", "properties": {"name": "op Dällen"}, "geometry": {"type": "Point", "coordinates": [6.3631225, 49.468145]}}, {"type": "Feature", "properties": {"name": "op Empich"}, "geometry": {"type": "Point", "coordinates": [6.091522, 50.1577071]}}, {"type": "Feature", "properties": {"name": "op Kapendall"}, "geometry": {"type": "Point", "coordinates": [6.2449336, 49.8649716]}}, {"type": "Feature", "properties": {"name": "op Plaunert"}, "geometry": {"type": "Point", "coordinates": [6.2751193, 49.6929728]}}, {"type": "Feature", "properties": {"name": "op Schleed"}, "geometry": {"type": "Point", "coordinates": [6.3509238, 49.4774452]}}, {"type": "Feature", "properties": {"name": "op Troo"}, "geometry": {"type": "Point", "coordinates": [6.4080924, 49.8150179]}}, {"type": "Feature", "properties": {"name": "op dem Kassel"}, "geometry": {"type": "Point", "coordinates": [6.2674856, 49.7658129]}}, {"type": "Feature", "properties": {"name": "op den Haiser"}, "geometry": {"type": "Point", "coordinates": [6.4463997, 49.6955552]}}, {"type": "Feature", "properties": {"name": "op der Heed"}, "geometry": {"type": "Point", "coordinates": [6.3511276, 49.472635]}}, {"type": "Feature", "properties": {"name": "op der Héicht"}, "geometry": {"type": "Point", "coordinates": [6.2925576, 49.6877974]}}, {"type": "Feature", "properties": {"name": "op der Keppchen"}, "geometry": {"type": "Point", "coordinates": [5.9154849, 49.5081008]}}, {"type": "Feature", "properties": {"name": "op der Kopp"}, "geometry": {"type": "Point", "coordinates": [6.3567656, 49.4772849]}}, {"type": "Feature", "properties": {"name": "op der Schleed"}, "geometry": {"type": "Point", "coordinates": [6.1594669, 49.6374052]}}, {"type": "Feature", "properties": {"name": "op der Schéferei"}, "geometry": {"type": "Point", "coordinates": [6.145246, 49.7356346]}}, {"type": "Feature", "properties": {"name": "op der Wäissléchen"}, "geometry": {"type": "Point", "coordinates": [6.3141024, 49.759534]}}, {"type": "Feature", "properties": {"name": "op der laanger Schanz"}, "geometry": {"type": "Point", "coordinates": [5.9881934, 49.6500819]}}, {"type": "Feature", "properties": {"name": "tëschent de Grief"}, "geometry": {"type": "Point", "coordinates": [6.2909587, 49.6857764]}}, {"type": "Feature", "properties": {"name": "tëschent den Uewerbëscher"}, "geometry": {"type": "Point", "coordinates": [6.2896444, 49.7151837]}}, {"type": "Feature", "properties": {"name": "uewent Schreinesch"}, "geometry": {"type": "Point", "coordinates": [6.294871, 49.7257068]}}, {"type": "Feature", "properties": {"name": "um Hëlzchen"}, "geometry": {"type": "Point", "coordinates": [6.2245518, 49.7380125]}}, {"type": "Feature", "properties": {"name": "um Mues"}, "geometry": {"type": "Point", "coordinates": [6.3656685, 49.4648674]}}, {"type": "Feature", "properties": {"name": "viischt Kaandel"}, "geometry": {"type": "Point", "coordinates": [6.1203611, 49.4995001]}}, {"type": "Feature", "properties": {"name": "viischte Flouer"}, "geometry": {"type": "Point", "coordinates": [6.3025904, 49.7657574]}}, {"type": "Feature", "properties": {"name": "vir Beer"}, "geometry": {"type": "Point", "coordinates": [6.0674679, 49.8079976]}}, {"type": "Feature", "properties": {"name": "vir Hetzelt"}, "geometry": {"type": "Point", "coordinates": [6.0329357, 49.6033325]}}, {"type": "Feature", "properties": {"name": "vir Plaunert"}, "geometry": {"type": "Point", "coordinates": [6.2750915, 49.6917851]}}, {"type": "Feature", "properties": {"name": "vir Reisch"}, "geometry": {"type": "Point", "coordinates": [6.1835432, 49.5605878]}}, {"type": "Feature", "properties": {"name": "vir Weibich"}, "geometry": {"type": "Point", "coordinates": [6.215925, 49.5581659]}}, {"type": "Feature", "properties": {"name": "vir den Espen"}, "geometry": {"type": "Point", "coordinates": [6.4511955, 49.724018]}}, {"type": "Feature", "properties": {"name": "virun der Haart"}, "geometry": {"type": "Point", "coordinates": [6.2866885, 49.6849284]}}, {"type": "Feature", "properties": {"name": "Éitermillen"}, "geometry": {"type": "Point", "coordinates": [6.2493901, 49.5983242]}}, {"type": "Feature", "properties": {"name": "Éiterreech"}, "geometry": {"type": "Point", "coordinates": [6.2353206, 49.611426]}}, {"type": "Feature", "properties": {"name": "Émerange"}, "geometry": {"type": "Point", "coordinates": [6.2907534, 49.4866576]}}, {"type": "Feature", "properties": {"name": "Ënner Fooss"}, "geometry": {"type": "Point", "coordinates": [6.2107837, 49.8823754]}}, {"type": "Feature", "properties": {"name": "Ënnert dem Geessewee"}, "geometry": {"type": "Point", "coordinates": [6.3096008, 49.4861267]}}, {"type": "Feature", "properties": {"name": "Ënnert dem Rennpad"}, "geometry": {"type": "Point", "coordinates": [6.0500748, 49.66983]}}, {"type": "Feature", "properties": {"name": "Ënnert der Häertchen"}, "geometry": {"type": "Point", "coordinates": [6.2248575, 49.7373157]}}, {"type": "Feature", "properties": {"name": "Ënnescht Millen"}, "geometry": {"type": "Point", "coordinates": [6.3379071, 49.6112735]}}, {"type": "Feature", "properties": {"name": "énnert de Routreiser"}, "geometry": {"type": "Point", "coordinates": [6.3578492, 49.4723003]}}, {"type": "Feature", "properties": {"name": "énnert dem Räderbierg"}, "geometry": {"type": "Point", "coordinates": [6.3635838, 49.4791392]}}, {"type": "Feature", "properties": {"name": "énnert dem Räderwee"}, "geometry": {"type": "Point", "coordinates": [6.3619262, 49.4802092]}}, {"type": "Feature", "properties": {"name": "ënnen am Duerf"}, "geometry": {"type": "Point", "coordinates": [6.2882424, 49.6875721]}}, {"type": "Feature", "properties": {"name": "ënner Brucherbierg"}, "geometry": {"type": "Point", "coordinates": [6.0319608, 49.4980055]}}, {"type": "Feature", "properties": {"name": "ënnert der Laan"}, "geometry": {"type": "Point", "coordinates": [6.3955611, 49.8179427]}}, {"type": "Feature", "properties": {"name": "ënnert der Tënsch"}, "geometry": {"type": "Point", "coordinates": [6.2370637, 49.6770493]}}, {"type": "Feature", "properties": {"name": "ënneschte Käppchen"}, "geometry": {"type": "Point", "coordinates": [6.2970114, 49.8169285]}}]}