{"type": "FeatureCollection", "features": [{"type": "Feature", "properties": {"name": "Akescht", "kind": "nature_reserve"}, "geometry": {"type": "Polygon", "coordinates": [[[6.159347, 49.9867384], [6.1593188, 49.9866806], [6.1591861, 49.9865806], [6.1587059, 49.986083], [6.1585504, 49.9859709], [6.158456, 49.9859251], [6.1582625, 49.9857158], [6.1581507, 49.9856967], [6.1579818, 49.9855984], [6.1576563, 49.9855145], [6.1575338, 49.9854829], [6.1571799, 49.9854711], [6.1568901, 49.985476], [6.1560908, 49.9854467], [6.1558011, 49.9855019], [6.1556375, 49.9855967], [6.1556156, 49.9855207], [6.1552674, 49.9851707], [6.1551627, 49.9850983], [6.1546421, 49.9846168], [6.1538377, 49.9832391], [6.1535749, 49.9829959], [6.1532181, 49.9828338], [6.1531789, 49.9827936], [6.153186, 49.982789], [6.1533281, 49.9827665], [6.1535051, 49.9827769], [6.1534941, 49.9826617], [6.153449, 49.9821882], [6.1533919, 49.9820798], [6.1532543, 49.9820016], [6.1532136, 49.9817682], [6.1531891, 49.9817281], [6.1530818, 49.9816308], [6.153016, 49.981563], [6.15289, 49.9814331], [6.1530061, 49.9812195], [6.1530005, 49.9810311], [6.1525475, 49.980761], [6.1520523, 49.9805961], [6.152205, 49.9803993], [6.1522768, 49.9801732], [6.1522697, 49.9800794], [6.1520374, 49.9798981], [6.1516916, 49.9798007], [6.1515793, 49.9783632], [6.1515578, 49.9782362], [6.1512923, 49.978201], [6.151122, 49.9781458], [6.150957, 49.9780924], [6.1507854, 49.9780423], [6.1507607, 49.9780866], [6.1507549, 49.9780977], [6.1506888, 49.978101], [6.1504716, 49.9780579], [6.149573, 49.9778543], [6.1493155, 49.9777578], [6.1484733, 49.9774421], [6.1483112, 49.9773926], [6.1480549, 49.9773144], [6.1475882, 49.9771247], [6.1475241, 49.9770727], [6.1474849, 49.977041], [6.1474581, 49.9769687], [6.1469133, 49.9767564], [6.1467741, 49.9767452], [6.1466709, 49.9767202], [6.1462109, 49.9765167], [6.1459507, 49.9764304], [6.1456624, 49.9762407], [6.1451863, 49.9760095], [6.1451353, 49.9759147], [6.1451421, 49.9758143], [6.1450723, 49.9757646], [6.1446941, 49.9754084], [6.1442918, 49.9751117], [6.1440393, 49.9749938], [6.143894, 49.9749729], [6.1437848, 49.9749375], [6.1437213, 49.9748953], [6.1436829, 49.9749012], [6.1433262, 49.9747149], [6.1432593, 49.974704], [6.1431572, 49.9746873], [6.1430606, 49.9746166], [6.1428726, 49.9745548], [6.1427244, 49.9745061], [6.1423364, 49.9743786], [6.1416256, 49.9740905], [6.1415023, 49.9740405], [6.1412811, 49.9739717], [6.1407647, 49.9737938], [6.1405152, 49.9737989], [6.1404128, 49.9737669], [6.1403167, 49.9737368], [6.1397454, 49.9736713], [6.1395737, 49.9736692], [6.139327, 49.9736661], [6.1386645, 49.9737644], [6.1386489, 49.9737718], [6.1385639, 49.9738122], [6.1385364, 49.9738253], [6.1382236, 49.9738563], [6.137251, 49.9739525], [6.1370605, 49.9740094], [6.1363766, 49.9740732], [6.1358508, 49.9740499], [6.1356953, 49.9740085], [6.1355907, 49.9740034], [6.1354847, 49.9740258], [6.1348155, 49.9742647], [6.1345151, 49.9742664], [6.1333752, 49.9743527], [6.1328226, 49.9744596], [6.1324042, 49.9744734], [6.1321199, 49.9745976], [6.132042, 49.9746172], [6.1321222, 49.9747522], [6.1321893, 49.9748857], [6.132143, 49.9751188], [6.132067, 49.9752954], [6.1325962, 49.9753839], [6.1331955, 49.9754855], [6.1338004, 49.9755541], [6.1341699, 49.9756151], [6.1347829, 49.9756414], [6.1354052, 49.9757373], [6.1355578, 49.9758278], [6.1357657, 49.9759792], [6.1358804, 49.9760956], [6.1359097, 49.9761527], [6.1358622, 49.9761749], [6.1358543, 49.9772147], [6.1356228, 49.9771426], [6.1354126, 49.9770337], [6.1353029, 49.9769369], [6.1352518, 49.9769637], [6.1352124, 49.9769477], [6.134928, 49.9771015], [6.1348987, 49.9771165], [6.1352657, 49.9774174], [6.1346599, 49.977925], [6.1340386, 49.9785025], [6.1343168, 49.9786467], [6.1345718, 49.9787436], [6.1348886, 49.9788653], [6.134989, 49.9789672], [6.1353175, 49.9791535], [6.135414, 49.9792405], [6.1355918, 49.9793597], [6.1359665, 49.9796256], [6.1362756, 49.9798765], [6.1363954, 49.9799982], [6.1364997, 49.9800529], [6.1365306, 49.980115], [6.1365306, 49.9801796], [6.1366427, 49.9802914], [6.1367277, 49.9805001], [6.1368127, 49.9807163], [6.1368281, 49.9807983], [6.1369054, 49.9808976], [6.136917, 49.9809498], [6.1369904, 49.9810989], [6.1370484, 49.9812629], [6.137114, 49.9813896], [6.1372222, 49.9815436], [6.1372647, 49.9816877], [6.1373806, 49.9817374], [6.1374502, 49.9818616], [6.1374905, 49.9819556], [6.13764, 49.9819715], [6.1378198, 49.9820728], [6.1379307, 49.9820871], [6.1379929, 49.9821684], [6.1381859, 49.9822241], [6.138379, 49.9822926], [6.1384766, 49.9823339], [6.138541, 49.982361], [6.1386319, 49.9823981], [6.1387673, 49.9824467], [6.1390114, 49.982558], [6.1391201, 49.9825865], [6.1393163, 49.9826725], [6.1394531, 49.9827148], [6.1396287, 49.9827415], [6.1400324, 49.9828718], [6.1405353, 49.9829149], [6.1407778, 49.9829803], [6.1409242, 49.983016], [6.141084, 49.9830502], [6.1411844, 49.9830515], [6.1413747, 49.9830945], [6.1416011, 49.9831173], [6.1416943, 49.9831501], [6.1420227, 49.9831886], [6.1422934, 49.9832857], [6.1424953, 49.9833228], [6.1427705, 49.983367], [6.1428246, 49.9833823], [6.1429791, 49.9834286], [6.1429936, 49.9834615], [6.1430506, 49.9835908], [6.1429292, 49.9835901], [6.1429279, 49.9836846], [6.1427669, 49.9836254], [6.1423807, 49.9836634], [6.1421742, 49.9837375], [6.1419784, 49.983716], [6.1419019, 49.9837738], [6.1417463, 49.9837858], [6.1416954, 49.9838221], [6.1416015, 49.9838169], [6.1412394, 49.9839342], [6.141175, 49.9839928], [6.1410543, 49.9839756], [6.1409972, 49.9840059], [6.1409943, 49.9840066], [6.1409041, 49.9840532], [6.1408773, 49.9841101], [6.1408719, 49.9843101], [6.1409363, 49.9846068], [6.140998, 49.9847603], [6.1410221, 49.9850362], [6.1410785, 49.9851638], [6.1409846, 49.9852708], [6.1409283, 49.9855105], [6.1408518, 49.9856381], [6.1408376, 49.985758], [6.1408076, 49.9860106], [6.1406627, 49.9862434], [6.1413735, 49.9861538], [6.1417866, 49.9860606], [6.1420575, 49.9859347], [6.142146, 49.9858951], [6.1422425, 49.985883], [6.1429185, 49.9858209], [6.1438626, 49.9859709], [6.144163, 49.9860175], [6.1444795, 49.98624], [6.1449516, 49.9864211], [6.1452166, 49.9864859], [6.1457401, 49.9869143], [6.1457617, 49.9876465], [6.1457229, 49.9879351], [6.1457722, 49.9880126], [6.146155, 49.9882134], [6.1463187, 49.9883691], [6.1463267, 49.9884137], [6.1463559, 49.9884644], [6.1464335, 49.9884923], [6.1475446, 49.9887889], [6.1475522, 49.9887911], [6.1477897, 49.9888839], [6.1479986, 49.988963], [6.1484693, 49.9891838], [6.1485592, 49.989232], [6.1486115, 49.9893071], [6.1486584, 49.9894674], [6.1486651, 49.9895675], [6.1486971, 49.9896855], [6.1486419, 49.9897294], [6.148694, 49.9898243], [6.1484829, 49.9900526], [6.1486074, 49.9901581], [6.1488864, 49.9902995], [6.1489919, 49.9904802], [6.148417, 49.9908737], [6.1479557, 49.9910841], [6.1481568, 49.9912548], [6.1483499, 49.9914066], [6.1484889, 49.9914439], [6.1486685, 49.9916196], [6.1496802, 49.9924027], [6.149835, 49.9927274], [6.1509325, 49.9929067], [6.1514915, 49.9921533], [6.1519139, 49.9915838], [6.1523638, 49.9909398], [6.1529048, 49.9900364], [6.1532255, 49.9895392], [6.1534891, 49.9892998], [6.1539403, 49.9890674], [6.1542382, 49.98886], [6.1549294, 49.9882491], [6.1552473, 49.9880016], [6.1554256, 49.9878628], [6.1559851, 49.9875633], [6.1571422, 49.9870592], [6.1575338, 49.9869764], [6.1578172, 49.9869624], [6.1592726, 49.9868029], [6.159354, 49.9867986], [6.159347, 49.9867384]]]}}, {"type": "Feature", "properties": {"name": "Altenhoven", "kind": "nature_reserve"}, "geometry": {"type": "Polygon", "coordinates": [[[6.1159911, 49.5171492], [6.1158362, 49.5164953], [6.1157732, 49.5164984], [6.1155599, 49.5166651], [6.1152153, 49.5168375], [6.1149578, 49.5169176], [6.1147995, 49.5169629], [6.1151848, 49.5172871], [6.1146694, 49.5175601], [6.11534, 49.5180294], [6.1158442, 49.518362], [6.1159375, 49.518386], [6.1159918, 49.5183811], [6.1160213, 49.5174034], [6.1159911, 49.5171492]]]}}, {"type": "Feature", "properties": {"name": "Am Bauch", "kind": "nature_reserve"}, "geometry": {"type": "Polygon", "coordinates": [[[5.9869084, 49.521033], [5.9879746, 49.5212216], [5.9882411, 49.5212545], [5.9893096, 49.5214879], [5.9915983, 49.5219877], [5.992008, 49.522097], [5.9922923, 49.5221501], [5.9940076, 49.5225801], [5.9943386, 49.5221133], [5.9947959, 49.5213984], [5.9973852, 49.5222384], [5.9982562, 49.5224332], [5.9995973, 49.5225758], [6.0008911, 49.5228373], [6.0013144, 49.5229437], [6.0011476, 49.5231922], [6.0022742, 49.5236205], [6.0016776, 49.5240806], [6.0018849, 49.5242294], [6.0024017, 49.5247164], [6.0027379, 49.5250266], [6.0031888, 49.5254573], [6.0038724, 49.524715], [6.0038194, 49.5245831], [6.0038415, 49.5244683], [6.0040503, 49.5242975], [6.0041519, 49.5242524], [6.0039374, 49.5241236], [6.0036665, 49.5239425], [6.0031128, 49.5235466], [6.0028055, 49.5233401], [6.0025919, 49.5231554], [6.0024202, 49.5229583], [6.0023494, 49.5227393], [6.0023986, 49.5224355], [6.002509, 49.5221742], [6.0026632, 49.5219317], [6.0027341, 49.521861], [6.0031608, 49.5214346], [6.0031901, 49.5212748], [6.0031998, 49.5212105], [6.0028243, 49.5208728], [6.0020104, 49.5201366], [6.0016975, 49.5198922], [6.0013694, 49.5196217], [6.000776, 49.5192737], [6.0004432, 49.5190754], [6.0002078, 49.519286], [5.9992076, 49.520179], [5.9983424, 49.5209536], [5.9980107, 49.5214959], [5.9977779, 49.5214616], [5.9974695, 49.5213705], [5.9965046, 49.5211202], [5.9961823, 49.5210676], [5.9951715, 49.5206611], [5.9943686, 49.5203746], [5.9959264, 49.5199174], [5.9957055, 49.5197482], [5.9954191, 49.5198801], [5.9942862, 49.5199191], [5.9934442, 49.5199481], [5.9919691, 49.5204376], [5.9887853, 49.5201651], [5.9883696, 49.5199396], [5.9879082, 49.5195792], [5.9876508, 49.5191169], [5.9874174, 49.5181304], [5.9870322, 49.5180151], [5.9869346, 49.5179859], [5.9865177, 49.5174836], [5.9858607, 49.516692], [5.9857491, 49.5172171], [5.9858765, 49.518275], [5.9859566, 49.5185075], [5.9859425, 49.5185257], [5.9860515, 49.5188017], [5.9860991, 49.5189584], [5.9861326, 49.519123], [5.9861467, 49.519301], [5.9861829, 49.5195208], [5.9863953, 49.5201411], [5.9866351, 49.5207964], [5.9866623, 49.5208737], [5.9867109, 49.5210152], [5.9869084, 49.521033]]]}}, {"type": "Feature", "properties": {"name": "Am Pescher 1", "kind": "park"}, "geometry": {"type": "Polygon", "coordinates": [[[6.078009, 49.620765], [6.0780526, 49.6207755], [6.078129, 49.6208154], [6.0781954, 49.6208924], [6.0782906, 49.6210844], [6.0783603, 49.6212052], [6.0784099, 49.6212764], [6.0785253, 49.6214219], [6.0787024, 49.6216034], [6.0788982, 49.6217624], [6.0791932, 49.6219657], [6.0793407, 49.6220509], [6.0793702, 49.6220783], [6.0793742, 49.6221122], [6.0793527, 49.6221504], [6.0792803, 49.6222086], [6.0791543, 49.6222912], [6.07911, 49.6222946], [6.079051, 49.622282], [6.078984, 49.622249], [6.078528, 49.6219384], [6.0784939, 49.6219132], [6.0782302, 49.6217178], [6.0781873, 49.6216613], [6.0778937, 49.6216912], [6.0777769, 49.6213346], [6.0778173, 49.6212988], [6.077832, 49.6212629], [6.0778427, 49.6212142], [6.0777555, 49.6208489], [6.0777522, 49.6208059], [6.0777804, 49.6207676], [6.0778286, 49.6207537], [6.078009, 49.620765]]]}}, {"type": "Feature", "properties": {"name": "Am Pescher 4", "kind": "park"}, "geometry": {"type": "Polygon", "coordinates": [[[6.0735958, 49.6233506], [6.0741912, 49.6233689], [6.0742119, 49.6230852], [6.0736166, 49.6230669], [6.0735958, 49.6233506]]]}}, {"type": "Feature", "properties": {"name": "Am Pescher 4", "kind": "park"}, "geometry": {"type": "Polygon", "coordinates": [[[6.0720664, 49.620887], [6.0728578, 49.6207233], [6.0728766, 49.6208111], [6.0725071, 49.6208984], [6.0724337, 49.6211417], [6.0724129, 49.6212094], [6.0722195, 49.621792], [6.0728645, 49.6218111], [6.0728592, 49.6218962], [6.0721886, 49.6218771], [6.0721739, 49.6219336], [6.0722134, 49.6226252], [6.0721739, 49.6226419], [6.0721677, 49.6226834], [6.0717779, 49.6226506], [6.0719378, 49.6213285], [6.0720009, 49.6212368], [6.0719559, 49.6211317], [6.0719512, 49.6211034], [6.071966, 49.6210239], [6.0720793, 49.6209384], [6.0720664, 49.620887]]]}}, {"type": "Feature", "properties": {"name": "Am Piesch", "kind": "park"}, "geometry": {"type": "Polygon", "coordinates": [[[6.0765801, 49.6137505], [6.0766898, 49.6136553], [6.0761273, 49.6133204], [6.0760443, 49.6133861], [6.0765801, 49.6137505]]]}}, {"type": "Feature", "properties": {"name": "An der Bléi", "kind": "park"}, "geometry": {"type": "Polygon", "coordinates": [[[6.0792528, 49.7874663], [6.07933, 49.7874475], [6.0793716, 49.7873167], [6.0794416, 49.7873225], [6.0796625, 49.7869778], [6.0801226, 49.7862275], [6.080366, 49.7862046], [6.0804449, 49.7860837], [6.0807777, 49.785701], [6.080995, 49.7852012], [6.0807091, 49.7851605], [6.0807341, 49.7851105], [6.0805786, 49.785043], [6.0806926, 49.7848481], [6.0809568, 49.7843537], [6.080641, 49.7843496], [6.0801553, 49.7844371], [6.0799915, 49.7844891], [6.0798798, 49.7845245], [6.0794907, 49.7847278], [6.0795235, 49.7848045], [6.0798939, 49.784946], [6.0799634, 49.7852711], [6.0798034, 49.7854724], [6.079224, 49.7858171], [6.0792848, 49.7858643], [6.0793126, 49.7859201], [6.0793089, 49.7860129], [6.0792963, 49.7861617], [6.0792844, 49.7863011], [6.0792401, 49.7865626], [6.0791357, 49.786695], [6.0790216, 49.7868397], [6.0788834, 49.7869583], [6.0787386, 49.7870544], [6.0787156, 49.7870941], [6.0786876, 49.7871424], [6.0785456, 49.7873871], [6.0792528, 49.7874663]]]}}, {"type": "Feature", "properties": {"name": "Ancienne Carrière de Bettendorf - Schoofsbësch", "kind": "nature_reserve"}, "geometry": {"type": "Polygon", "coordinates": [[[6.2019217, 49.8621603], [6.2019713, 49.8611877], [6.2021282, 49.8612716], [6.2023294, 49.8613269], [6.2024447, 49.8613952], [6.2026593, 49.8615578], [6.2027257, 49.8615772], [6.2028243, 49.8615815], [6.203177, 49.8615188], [6.2033889, 49.8614557], [6.2035478, 49.8613606], [6.203641, 49.8612539], [6.2037349, 49.8611851], [6.2037764, 49.8611194], [6.2038998, 49.8610304], [6.204109, 49.8609336], [6.2043907, 49.8608661], [6.2045885, 49.860873], [6.204789, 49.8608272], [6.2055461, 49.8607461], [6.2057921, 49.8607671], [6.2058994, 49.8607689], [6.2060563, 49.8607892], [6.2062159, 49.8607814], [6.2063621, 49.8607209], [6.2065297, 49.8606854], [6.206857, 49.8605722], [6.2070394, 49.860532], [6.2071547, 49.8605462], [6.207266, 49.8605441], [6.2074202, 49.8605169], [6.2075677, 49.860471], [6.2078246, 49.8603582], [6.2081458, 49.8602597], [6.2083215, 49.860133], [6.2086205, 49.8602099], [6.2087613, 49.8602696], [6.20887, 49.8603491], [6.208933, 49.8604451], [6.2089424, 49.8605886], [6.2088686, 49.8607071], [6.2087627, 49.8607952], [6.2085602, 49.8609037], [6.2084824, 49.8609777], [6.2083416, 49.8610702], [6.2082759, 49.8611679], [6.2082272, 49.8613903], [6.2081686, 49.8618456], [6.2081847, 49.8622891], [6.2081793, 49.8625079], [6.2082182, 49.8626332], [6.2083058, 49.8627968], [6.2084135, 49.8629414], [6.2085121, 49.863001], [6.2090107, 49.8631819], [6.2094982, 49.8634601], [6.2093621, 49.8640138], [6.2090309, 49.8640562], [6.2077045, 49.8658707], [6.2078118, 49.8661369], [6.2075168, 49.8663098], [6.2069213, 49.8665035], [6.2050164, 49.8662643], [6.2037836, 49.866099], [6.2029367, 49.8659854], [6.2030016, 49.8657957], [6.2035572, 49.8641707], [6.2035646, 49.8640406], [6.2035176, 49.8639196], [6.2034492, 49.8638107], [6.203417, 49.8637017], [6.2033559, 49.8636257], [6.2029517, 49.8626929], [6.2019217, 49.8621603]]]}}, {"type": "Feature", "properties": {"name": "Arboretum An Aenzelen", "kind": "park"}, "geometry": {"type": "Polygon", "coordinates": [[[6.0351187, 49.453468], [6.0350646, 49.4535955], [6.0346889, 49.4539169], [6.034759, 49.4540433], [6.0349258, 49.4540594], [6.0353043, 49.4539547], [6.0357669, 49.4542898], [6.0364676, 49.4544297], [6.0364401, 49.4544912], [6.0365446, 49.4544904], [6.0366473, 49.4544838], [6.0366078, 49.4544311], [6.0370101, 49.4543875], [6.0373119, 49.4542741], [6.037587, 49.4540526], [6.0377625, 49.4536709], [6.0374781, 49.4536987], [6.0374124, 49.4536037], [6.0375863, 49.453383], [6.0373959, 49.4532365], [6.0367173, 49.452982], [6.0363838, 49.4528888], [6.0361679, 49.4528823], [6.036017, 49.4529372], [6.0359325, 49.4530401], [6.035749, 49.4532598], [6.0353459, 49.4533929], [6.0351187, 49.453468]]]}}, {"type": "Feature", "properties": {"name": "Arboretum Kirchberg - Parc Klosegrënnchen", "kind": "park"}, "geometry": {"type": "Polygon", "coordinates": [[[6.1797106, 49.6303769], [6.1795727, 49.630307], [6.1790811, 49.6300696], [6.178666, 49.6298693], [6.1785879, 49.6298314], [6.1784044, 49.6297707], [6.1783559, 49.6297787], [6.1783311, 49.6298021], [6.1782127, 49.6299547], [6.1781168, 49.6300234], [6.1779432, 49.6300869], [6.1775695, 49.6301963], [6.1775249, 49.6302122], [6.1775159, 49.6302487], [6.1775316, 49.6302962], [6.1776038, 49.6304671], [6.1776444, 49.6306], [6.1777042, 49.6309126], [6.1777459, 49.631621], [6.1777887, 49.631621], [6.1777917, 49.6317598], [6.1777901, 49.6318057], [6.177793, 49.6318491], [6.1777644, 49.6318557], [6.1777623, 49.6318741], [6.1777631, 49.6318924], [6.1778703, 49.6335811], [6.1778997, 49.6336647], [6.1779114, 49.6337438], [6.1778905, 49.6338376], [6.1778483, 49.6339119], [6.1778103, 49.6339675], [6.1778148, 49.6340116], [6.1778344, 49.6340516], [6.1778965, 49.6341157], [6.1779588, 49.6342026], [6.1779977, 49.6342769], [6.1780004, 49.6343399], [6.177991, 49.6344597], [6.1779702, 49.6345488], [6.1779214, 49.6346789], [6.1778581, 49.6347879], [6.1777644, 49.6349023], [6.1777047, 49.6349606], [6.1777369, 49.6349739], [6.1779105, 49.6350527], [6.1779823, 49.6351042], [6.178044, 49.6351763], [6.1780909, 49.6352601], [6.1781259, 49.6353536], [6.1781388, 49.6354558], [6.1781648, 49.635526], [6.1782018, 49.6355949], [6.1782649, 49.6356517], [6.178345, 49.6357266], [6.1783928, 49.6357964], [6.1784054, 49.6359167], [6.1784205, 49.635969], [6.1785033, 49.6360687], [6.178683, 49.6361825], [6.1788641, 49.6362633], [6.1791162, 49.6363067], [6.1793321, 49.6363093], [6.1795527, 49.6362837], [6.179825, 49.6362083], [6.1800999, 49.6362138], [6.180232, 49.6362012], [6.1803614, 49.6361747], [6.1805626, 49.636107], [6.1806981, 49.6360479], [6.1807781, 49.6359846], [6.1808642, 49.6359073], [6.1809866, 49.6357416], [6.1810909, 49.6355354], [6.1812305, 49.6350525], [6.1811741, 49.634634], [6.1810825, 49.6336094], [6.1809294, 49.6332719], [6.1809012, 49.6325779], [6.1809388, 49.632121], [6.1807376, 49.6319039], [6.1801395, 49.6318795], [6.1802468, 49.631718], [6.1802897, 49.6314313], [6.179992, 49.63148], [6.1799061, 49.6316693], [6.1800858, 49.6317284], [6.1800805, 49.6318014], [6.1799785, 49.6318205], [6.1797693, 49.6317492], [6.1794206, 49.6313584], [6.1792517, 49.6310665], [6.179255, 49.6309379], [6.1792725, 49.6308915], [6.179503, 49.6305012], [6.1795568, 49.6304828], [6.1796111, 49.6304649], [6.1797106, 49.6303769]]]}}, {"type": "Feature", "properties": {"name": "Arboretum Kirchberg - Parc Réimerwee", "kind": "park"}, "geometry": {"type": "Polygon", "coordinates": [[[6.1654446, 49.6329717], [6.1645934, 49.6324142], [6.1644942, 49.6323916], [6.1644917, 49.6323898], [6.1630364, 49.6313409], [6.1629902, 49.6313717], [6.1626472, 49.6311349], [6.1626165, 49.6311137], [6.162255, 49.6308642], [6.1619106, 49.6306543], [6.1613556, 49.6302551], [6.1611849, 49.6301337], [6.1589925, 49.6285748], [6.1588596, 49.6285654], [6.1588058, 49.6285538], [6.1595071, 49.6278528], [6.1604641, 49.6285578], [6.1608692, 49.6285925], [6.1610717, 49.6287315], [6.1608343, 49.6289582], [6.1611186, 49.6291728], [6.1616235, 49.6294781], [6.1617013, 49.6294304], [6.1617362, 49.6294547], [6.1618099, 49.6294082], [6.1619125, 49.6294764], [6.1620678, 49.6293833], [6.1627887, 49.6289385], [6.16309, 49.6292536], [6.163466, 49.6297141], [6.1637331, 49.6300536], [6.1639282, 49.6302712], [6.1641225, 49.6304867], [6.1643371, 49.6306958], [6.1644774, 49.6307794], [6.1645665, 49.6309181], [6.1645738, 49.6310179], [6.1645434, 49.6310929], [6.1649209, 49.6313235], [6.1649995, 49.6312876], [6.1651627, 49.6312924], [6.1653169, 49.6313851], [6.1654233, 49.6315633], [6.1655664, 49.6317418], [6.1657045, 49.6319751], [6.1657799, 49.6320945], [6.1658306, 49.6321979], [6.1658581, 49.6322882], [6.1658701, 49.6323733], [6.1658827, 49.6325392], [6.1658788, 49.6326148], [6.1658563, 49.6327284], [6.1658327, 49.6327832], [6.1658213, 49.6328098], [6.1658086, 49.6328379], [6.165791, 49.6328767], [6.1657474, 49.6329427], [6.1657079, 49.6329788], [6.1654446, 49.6329717]]]}}, {"type": "Feature", "properties": {"name": "Arboretum Kirchberg Parc Central", "kind": "park"}, "geometry": {"type": "Polygon", "coordinates": [[[6.1576424, 49.6263787], [6.1574277, 49.6265402], [6.1590814, 49.6278248], [6.159043, 49.627866], [6.1570774, 49.6270089], [6.1564127, 49.6267148], [6.1563885, 49.6267144], [6.1563949, 49.626761], [6.1563394, 49.6267627], [6.156292, 49.626764], [6.1562702, 49.6267629], [6.1561173, 49.6267695], [6.1561122, 49.6267366], [6.1561082, 49.6266996], [6.1561025, 49.6266666], [6.156118, 49.626666], [6.1561113, 49.6266369], [6.1560841, 49.6265906], [6.1559708, 49.6265003], [6.1557582, 49.626403], [6.1555544, 49.6263421], [6.1554149, 49.626313], [6.1552365, 49.6262863], [6.1551728, 49.6262661], [6.1551031, 49.6262309], [6.1550421, 49.6261762], [6.1550048, 49.6261117], [6.154977, 49.6260359], [6.1549482, 49.6259934], [6.1548972, 49.6259586], [6.1548268, 49.6259295], [6.1546974, 49.6258969], [6.1545867, 49.6258813], [6.1544911, 49.625878], [6.154402, 49.6258808], [6.1543741, 49.6258818], [6.1542891, 49.6258836], [6.1542579, 49.6258861], [6.154078, 49.6258971], [6.1540514, 49.6259204], [6.1540186, 49.6259402], [6.1539807, 49.6259556], [6.1539383, 49.6259664], [6.1539571, 49.6259923], [6.1539946, 49.6260476], [6.1538579, 49.6260589], [6.1537251, 49.6260455], [6.1536098, 49.6260155], [6.1535125, 49.6259647], [6.1533851, 49.6258652], [6.1532006, 49.6256334], [6.1531598, 49.6254256], [6.1528614, 49.6253005], [6.1528561, 49.6252481], [6.1528344, 49.6251974], [6.1527971, 49.6251507], [6.1528876, 49.6250521], [6.152966, 49.6249556], [6.1529936, 49.6249178], [6.1530371, 49.6248583], [6.1531042, 49.6247493], [6.1531551, 49.6246407], [6.153196, 49.6245239], [6.1532323, 49.6244076], [6.1533979, 49.6244105], [6.1538807, 49.6244722], [6.1540738, 49.6244791], [6.1558166, 49.6243663], [6.1559265, 49.6243649], [6.1560777, 49.6243505], [6.1562112, 49.6243384], [6.156206, 49.6242691], [6.1562016, 49.6242102], [6.1561988, 49.6241716], [6.1561465, 49.623679], [6.1567231, 49.6239506], [6.1567677, 49.6239711], [6.1572509, 49.6242003], [6.1573776, 49.6242572], [6.1582513, 49.6246989], [6.1594409, 49.6253453], [6.1592947, 49.6254504], [6.1592377, 49.6254193], [6.1592169, 49.6254343], [6.1592069, 49.6254295], [6.1586855, 49.6251487], [6.1586503, 49.6251741], [6.1582191, 49.624937], [6.1581266, 49.6249087], [6.1580327, 49.6249079], [6.1579295, 49.6249348], [6.1579007, 49.6249575], [6.1568016, 49.625817], [6.1568043, 49.6258839], [6.1568284, 49.6259317], [6.1576424, 49.6263787]]]}}, {"type": "Feature", "properties": {"name": "Baggerweieren Haff Réimech", "kind": "nature_reserve"}, "geometry": {"type": "Polygon", "coordinates": [[[6.3655445, 49.4929476], [6.3652837, 49.4929292], [6.3645545, 49.4928913], [6.3644428, 49.4929495], [6.3642345, 49.4929331], [6.3642088, 49.4928722], [6.3637582, 49.4928473], [6.3621327, 49.4927575], [6.3616935, 49.4927399], [6.3574877, 49.49268], [6.357349, 49.4927625], [6.3573302, 49.492847], [6.3574634, 49.493063], [6.3574574, 49.4932182], [6.3574543, 49.4932974], [6.3575503, 49.4934537], [6.357665, 49.4935783], [6.35755, 49.4936133], [6.3572303, 49.4936796], [6.3570561, 49.4936986], [6.3568099, 49.4937684], [6.356798, 49.4938288], [6.3567355, 49.4938393], [6.3566797, 49.4938487], [6.3566163, 49.4937897], [6.3564936, 49.4937723], [6.3563192, 49.4938035], [6.3562775, 49.4938976], [6.356205, 49.4939446], [6.3562775, 49.4940335], [6.3564183, 49.4940875], [6.3564679, 49.4942094], [6.3565578, 49.4942704], [6.3566691, 49.4942704], [6.3567274, 49.4943092], [6.3567314, 49.4943505], [6.3567791, 49.4943574], [6.3568931, 49.4944996], [6.357077, 49.4947447], [6.3567131, 49.4947665], [6.3563956, 49.4947855], [6.3548148, 49.4948844], [6.354817, 49.4949568], [6.3545541, 49.4950152], [6.3532493, 49.4951433], [6.3532911, 49.4953439], [6.3533137, 49.4954526], [6.3534286, 49.4959416], [6.353542, 49.4962711], [6.3537715, 49.4969921], [6.3538079, 49.4983247], [6.3538358, 49.4984316], [6.3539125, 49.4987256], [6.3539797, 49.4987878], [6.3541237, 49.4987485], [6.3543208, 49.4990829], [6.3540345, 49.4991547], [6.3545163, 49.4998354], [6.3545586, 49.4998951], [6.3549073, 49.5003877], [6.3550758, 49.5006258], [6.3553721, 49.5004887], [6.3556914, 49.500341], [6.3557975, 49.5002919], [6.3559918, 49.5002552], [6.3569708, 49.4997936], [6.3569292, 49.5001725], [6.356665, 49.5002979], [6.3568473, 49.5007422], [6.3568554, 49.5007718], [6.3568742, 49.5008397], [6.3569795, 49.5013435], [6.3570151, 49.5015765], [6.3572149, 49.5023561], [6.3572317, 49.5024219], [6.357295, 49.5026688], [6.3573369, 49.5028324], [6.3575208, 49.5028203], [6.3576514, 49.5028163], [6.3577553, 49.5028267], [6.3578392, 49.5028585], [6.3579082, 49.5029212], [6.3579813, 49.5031093], [6.3580236, 49.5032979], [6.3583434, 49.5042062], [6.3583944, 49.504252], [6.3583308, 49.5042528], [6.3578951, 49.5042414], [6.3579714, 49.5044693], [6.3582911, 49.5054243], [6.358389, 49.50544], [6.3603316, 49.5051316], [6.3609952, 49.5051095], [6.3613763, 49.5050967], [6.3635497, 49.5053248], [6.3643643, 49.5054102], [6.3648659, 49.5054642], [6.3649732, 49.5050741], [6.3654184, 49.5032173], [6.3657584, 49.5014688], [6.3657618, 49.5014511], [6.3657685, 49.5014035], [6.3659066, 49.5004216], [6.3659656, 49.4998206], [6.3660112, 49.4992371], [6.3660461, 49.4986221], [6.3660407, 49.4977668], [6.366038, 49.4973696], [6.3659819, 49.496411], [6.365979, 49.4963618], [6.3659765, 49.4963205], [6.3658157, 49.4936324], [6.3658114, 49.4935605], [6.3657338, 49.4931873], [6.36553, 49.4931819], [6.3655445, 49.4929476]]]}}, {"type": "Feature", "properties": {"name": "Beetebuerger Bësch", "kind": "nature_reserve"}, "geometry": {"type": "Polygon", "coordinates": [[[6.0831649, 49.5536494], [6.0832849, 49.5537864], [6.0837822, 49.5537601], [6.0838456, 49.5537398], [6.0842323, 49.5536164], [6.0843777, 49.5535431], [6.0843895, 49.5533982], [6.0845595, 49.5528552], [6.0845756, 49.5528038], [6.0859242, 49.5531021], [6.0859242, 49.5529138], [6.0859242, 49.552852], [6.0859698, 49.5527989], [6.0862893, 49.5526854], [6.0864257, 49.5526862], [6.0867521, 49.5527107], [6.0873243, 49.5528895], [6.087888, 49.5530321], [6.0878855, 49.5532458], [6.0879431, 49.5534106], [6.0879888, 49.5533783], [6.0882079, 49.553404], [6.0884267, 49.5534297], [6.0888022, 49.553374], [6.0889591, 49.5532618], [6.0891348, 49.5532296], [6.0893051, 49.5532305], [6.089623, 49.5532618], [6.0900347, 49.5531939], [6.090201, 49.5532165], [6.0903727, 49.5531844], [6.0904491, 49.5531447], [6.0908291, 49.5529392], [6.0908932, 49.552918], [6.0909501, 49.5529139], [6.091071, 49.552942], [6.0911122, 49.5529451], [6.0911657, 49.5529234], [6.0911981, 49.5528923], [6.0912245, 49.5527278], [6.0912526, 49.5527122], [6.0912763, 49.5527076], [6.0913209, 49.5527216], [6.0915775, 49.5528183], [6.0918111, 49.552775], [6.0935272, 49.5522585], [6.0936128, 49.5522447], [6.0937819, 49.5521972], [6.0954514, 49.5516544], [6.0956548, 49.551594], [6.0961263, 49.5512205], [6.0961448, 49.551125], [6.0962963, 49.5509944], [6.0971311, 49.5506474], [6.0973553, 49.5504453], [6.0975637, 49.5504298], [6.097911, 49.550475], [6.0984166, 49.5504593], [6.098595, 49.550502], [6.0990375, 49.550511], [6.0992749, 49.5505159], [6.0994283, 49.5504531], [6.0996459, 49.5503801], [6.09996, 49.5501535], [6.0999798, 49.5501247], [6.0999694, 49.5500266], [6.0999773, 49.5499916], [6.100001, 49.5499644], [6.100075, 49.5499123], [6.0999173, 49.5498259], [6.0995257, 49.5496729], [6.099151, 49.5492844], [6.098778, 49.5494629], [6.0985819, 49.5495582], [6.0985365, 49.5495312], [6.0984894, 49.5494824], [6.0984095, 49.5494222], [6.0990389, 49.5490428], [6.0980049, 49.5487696], [6.0980196, 49.5486957], [6.0983495, 49.5485182], [6.0993849, 49.5487931], [6.0998758, 49.5484174], [6.1000537, 49.5482812], [6.1002385, 49.5481367], [6.1003649, 49.5480212], [6.1005816, 49.547775], [6.1007413, 49.547521], [6.1000259, 49.5473313], [6.0995081, 49.5472597], [6.0995464, 49.5471189], [6.0996797, 49.5465973], [6.0998427, 49.5466037], [6.0999235, 49.5463894], [6.0996967, 49.5462928], [6.0997741, 49.5459418], [6.1005895, 49.5459456], [6.1016279, 49.5459926], [6.1016632, 49.5458439], [6.1017341, 49.5456632], [6.1017425, 49.5456427], [6.1016305, 49.54564], [6.1013016, 49.5456029], [6.1004935, 49.5455932], [6.0997328, 49.5454994], [6.0992729, 49.5454074], [6.0990317, 49.5453572], [6.0983398, 49.5452064], [6.0975162, 49.5451163], [6.0982967, 49.5443647], [6.0986848, 49.5439898], [6.0989071, 49.5437593], [6.0988967, 49.543677], [6.0983844, 49.5434303], [6.0977131, 49.5432073], [6.0974438, 49.5430803], [6.0982363, 49.5424961], [6.0991196, 49.5416571], [6.0971694, 49.5413118], [6.0972452, 49.5411818], [6.097509, 49.5407297], [6.0978947, 49.54075], [6.0980473, 49.540558], [6.098089, 49.5405], [6.098238, 49.540318], [6.0982685, 49.54025], [6.098276, 49.54019], [6.0982304, 49.540012], [6.098154, 49.539825], [6.098131, 49.53974], [6.0980854, 49.53909], [6.098032, 49.53903], [6.097887, 49.53892], [6.0978527, 49.5389], [6.097658, 49.538822], [6.0973263, 49.5387], [6.0971737, 49.538635], [6.0971203, 49.5386], [6.097082, 49.538563], [6.096998, 49.53849], [6.0962496, 49.537835], [6.0961667, 49.5377343], [6.0960265, 49.537381], [6.0959607, 49.5372746], [6.0958902, 49.5371864], [6.09583, 49.537129], [6.0957076, 49.5370257], [6.095484, 49.5368961], [6.0954467, 49.536916], [6.095383, 49.5369486], [6.095239, 49.5369423], [6.0898336, 49.5390058], [6.0843822, 49.5416335], [6.0836907, 49.5422548], [6.0825502, 49.5434131], [6.0824486, 49.5435455], [6.0820122, 49.5439049], [6.0818077, 49.5440163], [6.0748962, 49.5467735], [6.0740635, 49.5470981], [6.0728967, 49.5474175], [6.0721484, 49.5477516], [6.0719003, 49.5478769], [6.0716602, 49.5480318], [6.071392, 49.5482371], [6.0711456, 49.5485253], [6.0702762, 49.5495423], [6.0699409, 49.5498877], [6.069662, 49.5501496], [6.0688251, 49.5508874], [6.0683101, 49.5514495], [6.0682122, 49.5515826], [6.0680741, 49.5519198], [6.0682491, 49.5520577], [6.0688085, 49.5523022], [6.0707676, 49.5531227], [6.0710644, 49.5533723], [6.0715282, 49.5539461], [6.0719269, 49.5543864], [6.0723898, 49.5542406], [6.0727774, 49.5543441], [6.0732347, 49.5544468], [6.0738596, 49.5546112], [6.0740165, 49.5546338], [6.0743666, 49.5546495], [6.074956, 49.5547138], [6.075072, 49.5547282], [6.0751252, 49.5547234], [6.0751122, 49.5546416], [6.0750988, 49.5545976], [6.0749942, 49.5539935], [6.0749848, 49.5537751], [6.0750727, 49.5531078], [6.0751149, 49.5529916], [6.0751726, 49.5529077], [6.0755789, 49.5523352], [6.0756607, 49.5522717], [6.0756489, 49.5522492], [6.0766467, 49.5520655], [6.0783014, 49.5517627], [6.0784368, 49.5517157], [6.0785951, 49.5516174], [6.0785905, 49.5516897], [6.078859, 49.5534793], [6.0775262, 49.553762], [6.0771715, 49.5538012], [6.0763387, 49.5540958], [6.076303, 49.5545288], [6.0771713, 49.5542938], [6.077829, 49.5542021], [6.0778385, 49.5542707], [6.0789933, 49.5541802], [6.0801948, 49.5539718], [6.0813496, 49.5538688], [6.0814564, 49.5538593], [6.0831078, 49.5535962], [6.0831649, 49.5536494]]]}}, {"type": "Feature", "properties": {"name": "Belgrad", "kind": "nature_reserve"}, "geometry": {"type": "Polygon", "coordinates": [[[6.166087, 49.5058791], [6.1659046, 49.5060672], [6.1657206, 49.5060395], [6.1656133, 49.5060233], [6.1637619, 49.5053981], [6.1636506, 49.505378], [6.1635822, 49.5053833], [6.1635259, 49.5054294], [6.1633381, 49.5057063], [6.1632402, 49.5057952], [6.16309, 49.5058997], [6.1629975, 49.5059093], [6.1629291, 49.5058927], [6.1626917, 49.5057551], [6.1624812, 49.5056419], [6.1623269, 49.5055796], [6.1614478, 49.5056141], [6.1615688, 49.5051836], [6.1616383, 49.5049362], [6.1592195, 49.5042101], [6.1585407, 49.504], [6.1585052, 49.5040463], [6.1583195, 49.504288], [6.1579219, 49.5041563], [6.1573505, 49.503967], [6.157051, 49.5043234], [6.157018, 49.504382], [6.1569918, 49.5044286], [6.1569675, 49.5044718], [6.1596175, 49.5057049], [6.1605432, 49.5061601], [6.160845, 49.5063125], [6.1616966, 49.5068385], [6.1630672, 49.5076588], [6.1635929, 49.5079375], [6.1642417, 49.5082409], [6.1651406, 49.5086167], [6.1667935, 49.5092768], [6.167981, 49.5096008], [6.168435, 49.5097226], [6.1701087, 49.5101128], [6.170967, 49.5102173], [6.1730592, 49.5104332], [6.1749383, 49.5105119], [6.1764189, 49.5104701], [6.1769768, 49.5104283], [6.1768187, 49.5102734], [6.1767928, 49.5102495], [6.1767356, 49.5101361], [6.176209, 49.5102712], [6.1758075, 49.5103739], [6.1753687, 49.5104055], [6.1750396, 49.5104201], [6.1745843, 49.5102263], [6.1735972, 49.5095993], [6.172578, 49.5087076], [6.1721381, 49.5083036], [6.1711501, 49.5078282], [6.1703142, 49.507579], [6.1701543, 49.5075491], [6.1700297, 49.5075209], [6.1699172, 49.5074954], [6.1694988, 49.5072586], [6.1683079, 49.506743], [6.1680722, 49.5066206], [6.1676642, 49.5064086], [6.1665816, 49.5060412], [6.166087, 49.5058791]]]}}, {"type": "Feature", "properties": {"name": "Bike Park", "kind": "park"}, "geometry": {"type": "Polygon", "coordinates": [[[6.0292391, 49.4789183], [6.0295046, 49.4790599], [6.0296381, 49.4791], [6.0296756, 49.4791056], [6.0296964, 49.4790895], [6.0298647, 49.4787523], [6.0296635, 49.4784138], [6.0296246, 49.478385], [6.0293752, 49.4783889], [6.0293222, 49.478419], [6.0291848, 49.4786233], [6.0292391, 49.4789183]]]}}, {"type": "Feature", "properties": {"name": "Biotope Donven-Machtum", "kind": "nature_reserve"}, "geometry": {"type": "Polygon", "coordinates": [[[6.4181287, 49.646686], [6.4178881, 49.64652], [6.4164662, 49.6455385], [6.4167812, 49.6451934], [6.4174618, 49.6444476], [6.4177558, 49.6445929], [6.4197882, 49.6455663], [6.4190894, 49.6460865], [6.4189473, 49.6462341], [6.4187837, 49.6463435], [6.4186227, 49.6464356], [6.4181287, 49.646686]]]}}, {"type": "Feature", "properties": {"name": "Birelergronn", "kind": "nature_reserve"}, "geometry": {"type": "Polygon", "coordinates": [[[6.2346963, 49.6252801], [6.2347446, 49.6251746], [6.2345296, 49.62518], [6.2345042, 49.6251755], [6.2340857, 49.6251411], [6.2334207, 49.6250028], [6.233429, 49.6249679], [6.2332634, 49.6249615], [6.2329482, 49.6249083], [6.2327993, 49.6248805], [6.2326813, 49.6248188], [6.232485, 49.6246543], [6.2318944, 49.6241593], [6.231715, 49.624009], [6.2315661, 49.6238707], [6.2314595, 49.623728], [6.2314299, 49.6235783], [6.2314332, 49.6234659], [6.2314755, 49.623336], [6.2315511, 49.6231552], [6.2317069, 49.622856], [6.2317231, 49.622821], [6.2317385, 49.622772], [6.2317441, 49.6227315], [6.2317382, 49.6226831], [6.2317231, 49.6226551], [6.2317648, 49.6226315], [6.2321464, 49.6222419], [6.2324391, 49.6220466], [6.2330435, 49.6225316], [6.2331854, 49.6226455], [6.2323457, 49.6233365], [6.2320831, 49.6235374], [6.2325826, 49.6235966], [6.2331265, 49.6236303], [6.2333589, 49.6236294], [6.2335651, 49.6235869], [6.233604, 49.6236156], [6.2337716, 49.6235852], [6.2338653, 49.6235847], [6.2347781, 49.6235676], [6.2348512, 49.6235669], [6.2349344, 49.6235662], [6.2354586, 49.6226811], [6.2357564, 49.6221838], [6.2369151, 49.6227355], [6.237401, 49.6228465], [6.2375032, 49.6226819], [6.2375679, 49.6226782], [6.2407771, 49.6227558], [6.2408064, 49.6226643], [6.2408741, 49.6226703], [6.2411035, 49.6219887], [6.2413772, 49.6220316], [6.2423493, 49.6221838], [6.2424042, 49.6220156], [6.2428348, 49.6221508], [6.2429461, 49.6218754], [6.2433498, 49.6218885], [6.243488, 49.6219188], [6.2435871, 49.6216686], [6.243728, 49.6213836], [6.2437896, 49.621398], [6.2438943, 49.6214263], [6.2444304, 49.6215744], [6.2446701, 49.6216395], [6.2449781, 49.6217466], [6.2455006, 49.6219853], [6.2456581, 49.6221758], [6.2458194, 49.6223807], [6.2461557, 49.6223795], [6.2462935, 49.6223632], [6.2465577, 49.6222325], [6.2470525, 49.6220368], [6.2475773, 49.6218219], [6.2482971, 49.6215122], [6.2484124, 49.6214358], [6.2484647, 49.6213836], [6.2485975, 49.621216], [6.2486632, 49.6211508], [6.2487494, 49.6210799], [6.2491458, 49.6208343], [6.250067, 49.620378], [6.2514004, 49.6196998], [6.2515989, 49.6195556], [6.251733, 49.6194218], [6.2518121, 49.6192924], [6.2518215, 49.6191125], [6.2518188, 49.6188206], [6.2517879, 49.61854], [6.2517598, 49.6182853], [6.2517062, 49.6180421], [6.2516363, 49.6177762], [6.2515412, 49.6175007], [6.2515117, 49.6173539], [6.2515131, 49.6172314], [6.2515359, 49.6171297], [6.2515761, 49.6170324], [6.2516619, 49.6169568], [6.2517023, 49.6169298], [6.2518027, 49.6168621], [6.2520133, 49.6167683], [6.2521809, 49.6167153], [6.2523378, 49.6166944], [6.2524317, 49.6167092], [6.2526262, 49.6167987], [6.2529447, 49.6169859], [6.2530459, 49.6170233], [6.2531351, 49.6170268], [6.2532632, 49.6169894], [6.2532914, 49.6169255], [6.2533075, 49.6168491], [6.2533075, 49.6167309], [6.2531438, 49.6162035], [6.2530205, 49.6159602], [6.2530071, 49.6158707], [6.2530433, 49.6157673], [6.2531157, 49.6156413], [6.2531395, 49.6155679], [6.2524473, 49.6152339], [6.2522654, 49.6151504], [6.2520723, 49.6151147], [6.2518483, 49.6151286], [6.2514701, 49.6152138], [6.2513849, 49.6152262], [6.2510759, 49.6146412], [6.2509445, 49.6144952], [6.2509163, 49.6144196], [6.2508117, 49.6142554], [6.2509672, 49.6142006], [6.2513548, 49.6140955], [6.2526919, 49.6136818], [6.2524404, 49.6134529], [6.2525256, 49.613376], [6.2526638, 49.6133204], [6.2529105, 49.6132578], [6.2537581, 49.6127364], [6.2538159, 49.6126882], [6.2533175, 49.6125992], [6.2531816, 49.6125418], [6.2528756, 49.6125448], [6.2523099, 49.6125246], [6.2517651, 49.6124194], [6.2517339, 49.6123877], [6.2516029, 49.6123983], [6.2512955, 49.6123516], [6.2513468, 49.6122472], [6.2514769, 49.612076], [6.2515209, 49.6120997], [6.2515412, 49.6120864], [6.2512264, 49.6118463], [6.2498963, 49.6123294], [6.2495248, 49.612353], [6.2495509, 49.61219], [6.2494665, 49.6121264], [6.2492466, 49.6122246], [6.2480061, 49.6125887], [6.2477902, 49.6126252], [6.2476011, 49.6126269], [6.2474428, 49.6125939], [6.2471625, 49.6124662], [6.2469962, 49.6124088], [6.2468125, 49.6123697], [6.246673, 49.6123714], [6.2456887, 49.6124472], [6.2456343, 49.6124514], [6.2454603, 49.6124724], [6.2456546, 49.6127226], [6.2461495, 49.6132216], [6.2466095, 49.6137238], [6.2461004, 49.6142058], [6.2454864, 49.6147877], [6.2456997, 49.6150893], [6.2450589, 49.6156231], [6.2439107, 49.6160425], [6.2436046, 49.6160914], [6.2427313, 49.6161986], [6.2415596, 49.6161661], [6.2405187, 49.6161887], [6.2402615, 49.6161779], [6.2397095, 49.6161548], [6.2396665, 49.6158855], [6.239625, 49.615741], [6.2395822, 49.6156357], [6.2395147, 49.6154993], [6.2393658, 49.6152355], [6.2383191, 49.615403], [6.2380002, 49.6154888], [6.2376027, 49.6155558], [6.2375736, 49.6156376], [6.2375822, 49.6157839], [6.2376421, 49.6159], [6.2382131, 49.6162828], [6.2375944, 49.617179], [6.2373376, 49.617446], [6.2372075, 49.6175303], [6.237108, 49.6174894], [6.2358622, 49.616977], [6.2353903, 49.6167527], [6.2342396, 49.6164415], [6.2334497, 49.6161757], [6.2331319, 49.6164746], [6.2330723, 49.6166406], [6.2330353, 49.6167309], [6.2329511, 49.6168729], [6.2328878, 49.6168934], [6.2324023, 49.6167665], [6.2318315, 49.6164308], [6.2310896, 49.6159389], [6.2309263, 49.6157768], [6.2308502, 49.6156769], [6.2307581, 49.6155996], [6.2303397, 49.6153711], [6.229408, 49.6150533], [6.2292695, 49.6150704], [6.228898, 49.615053], [6.2285936, 49.6150834], [6.2285171, 49.6150843], [6.2282026, 49.6150436], [6.2277669, 49.6150439], [6.2277366, 49.6150717], [6.2277769, 49.6150878], [6.2280814, 49.6152062], [6.2282179, 49.6152899], [6.228255, 49.6153307], [6.2282617, 49.615385], [6.2282451, 49.6156777], [6.2282395, 49.6157768], [6.2283724, 49.6158158], [6.2285202, 49.6158562], [6.2289517, 49.6159932], [6.2292889, 49.616263], [6.229354, 49.6163286], [6.2293714, 49.6164042], [6.2293678, 49.6164372], [6.2292682, 49.6174217], [6.2292393, 49.617682], [6.2288867, 49.6177186], [6.2288148, 49.6180285], [6.2285831, 49.6188978], [6.2285039, 49.6193383], [6.2286224, 49.6197078], [6.2286873, 49.6198764], [6.2282275, 49.620159], [6.2266999, 49.6203289], [6.2264986, 49.6200127], [6.2263718, 49.6196931], [6.2263116, 49.6195415], [6.2261944, 49.6195452], [6.2261112, 49.6195513], [6.2254902, 49.6196816], [6.2250853, 49.619739], [6.2244653, 49.6197162], [6.2241219, 49.6197483], [6.2238438, 49.6190333], [6.2232772, 49.6191399], [6.2234144, 49.619482], [6.223132, 49.6195282], [6.2231199, 49.6195016], [6.2228029, 49.6195535], [6.2227148, 49.619268], [6.2221852, 49.6193227], [6.2218441, 49.6193341], [6.221875, 49.6196455], [6.2213152, 49.6196725], [6.2209301, 49.6196796], [6.2209462, 49.6197742], [6.2209998, 49.620136], [6.2206871, 49.6201668], [6.220212, 49.6202104], [6.2201725, 49.6204056], [6.2201568, 49.6205907], [6.2200986, 49.621038], [6.2200524, 49.6210282], [6.219541, 49.6209502], [6.2192615, 49.6209118], [6.2185265, 49.6208108], [6.2184587, 49.6210179], [6.2183274, 49.6213758], [6.2183167, 49.621408], [6.2181989, 49.6216098], [6.2181619, 49.6216892], [6.2180569, 49.6221398], [6.2180214, 49.6222975], [6.2179216, 49.6223283], [6.2164006, 49.6218991], [6.2157887, 49.6217516], [6.2153505, 49.621669], [6.2143065, 49.6215065], [6.2132548, 49.6213251], [6.2124457, 49.6212118], [6.2115361, 49.6211039], [6.2111887, 49.6210752], [6.2111202, 49.6210983], [6.211097, 49.6211193], [6.2109353, 49.621475], [6.2107975, 49.6218313], [6.210854, 49.62184], [6.2111437, 49.6218876], [6.2133969, 49.6221868], [6.2135681, 49.621999], [6.2155782, 49.6224001], [6.2167763, 49.6227373], [6.2170406, 49.6224485], [6.2175682, 49.622597], [6.2175611, 49.6230053], [6.2175396, 49.6232446], [6.2175206, 49.6233286], [6.2174155, 49.6237528], [6.2173496, 49.623806], [6.2173015, 49.6238997], [6.2172827, 49.6240595], [6.2172061, 49.6242107], [6.2171069, 49.6241892], [6.2165424, 49.6248006], [6.2158716, 49.6246799], [6.2153025, 49.6248896], [6.2147058, 49.6249899], [6.2145206, 49.6250211], [6.2145224, 49.6251386], [6.2145294, 49.6255868], [6.2145321, 49.625757], [6.215804, 49.6261822], [6.2168565, 49.6265162], [6.218896, 49.6270585], [6.2191308, 49.6271209], [6.2199307, 49.6273131], [6.2202537, 49.6273725], [6.2204102, 49.6271042], [6.2217816, 49.6255244], [6.2222828, 49.6256558], [6.2225362, 49.6257362], [6.2237407, 49.6261632], [6.2247547, 49.6265138], [6.2258967, 49.6268251], [6.2257933, 49.6271002], [6.2253171, 49.6278732], [6.2253145, 49.627883], [6.2253924, 49.6283936], [6.2253366, 49.6290872], [6.2255469, 49.6291443], [6.2272709, 49.6296124], [6.2273169, 49.6295785], [6.227514, 49.6293717], [6.227693, 49.6291281], [6.2282141, 49.6291772], [6.2286593, 49.6292892], [6.2287288, 49.62934], [6.2287652, 49.6293882], [6.2287578, 49.6294405], [6.228725, 49.6295337], [6.2284957, 49.6299268], [6.2284461, 49.6300788], [6.2284621, 49.6301912], [6.2285427, 49.6303047], [6.2283312, 49.6304729], [6.2282718, 49.6305201], [6.2288506, 49.6308476], [6.2295648, 49.6311598], [6.2307469, 49.6318189], [6.2327042, 49.6322218], [6.2356235, 49.6327968], [6.2415789, 49.6340324], [6.2415245, 49.6338856], [6.240854, 49.6320072], [6.2407682, 49.6319457], [6.2409009, 49.6318561], [6.2409706, 49.6318344], [6.2410932, 49.6317308], [6.241262, 49.6314971], [6.2413068, 49.6314493], [6.2414646, 49.6312722], [6.2415849, 49.6311581], [6.2416626, 49.6310517], [6.2417339, 49.6309369], [6.2418818, 49.630721], [6.2419608, 49.6306055], [6.2420977, 49.6304537], [6.2421508, 49.6303959], [6.2422123, 49.6303109], [6.2422514, 49.6302474], [6.2422755, 49.630167], [6.242297, 49.6299225], [6.2423119, 49.6296237], [6.2423064, 49.6295017], [6.242281, 49.6294174], [6.2422368, 49.6293252], [6.2420479, 49.6290256], [6.2418437, 49.628692], [6.241831, 49.6285665], [6.2419006, 49.6283109], [6.2419962, 49.6281405], [6.2422525, 49.627756], [6.2423146, 49.6276896], [6.2413681, 49.6273516], [6.2407249, 49.627105], [6.2404058, 49.6269839], [6.2396331, 49.6266773], [6.238737, 49.6263041], [6.2381299, 49.6260658], [6.2377739, 49.6259334], [6.2369588, 49.6258242], [6.2365215, 49.6257755], [6.236325, 49.6257446], [6.2361817, 49.6257113], [6.2353344, 49.6254795], [6.2351467, 49.625425], [6.234843, 49.6253369], [6.2346735, 49.625292], [6.2346963, 49.6252801]]]}}, {"type": "Feature", "properties": {"name": "Boufferdanger Muer", "kind": "nature_reserve"}, "geometry": {"type": "Polygon", "coordinates": [[[5.9027803, 49.5924084], [5.9027757, 49.5927441], [5.9027733, 49.5929219], [5.9027515, 49.5932567], [5.9027746, 49.5933413], [5.9025387, 49.5939612], [5.9025337, 49.5939743], [5.9025798, 49.5939735], [5.903093, 49.5939603], [5.9054866, 49.5938614], [5.9059689, 49.5938198], [5.9061074, 49.5938259], [5.9061076, 49.5938878], [5.90622, 49.5938788], [5.9062979, 49.5938725], [5.9065393, 49.5938392], [5.9067176, 49.5938133], [5.9070239, 49.5937599], [5.9074779, 49.5936613], [5.9078351, 49.5935656], [5.9081579, 49.5934531], [5.908632, 49.5932583], [5.9090957, 49.593028], [5.9093945, 49.5928456], [5.9097111, 49.5926243], [5.9100781, 49.5923069], [5.9103731, 49.5919773], [5.9105877, 49.5916601], [5.9107889, 49.5913149], [5.9109096, 49.5909549], [5.9109552, 49.5907614], [5.9109742, 49.5906655], [5.9109946, 49.5905236], [5.9108596, 49.5905241], [5.9108245, 49.5904996], [5.9107837, 49.5904275], [5.910779, 49.5903396], [5.9108541, 49.5901154], [5.9108566, 49.5900469], [5.9108004, 49.5897301], [5.9106725, 49.5892513], [5.9106299, 49.5891863], [5.9105714, 49.589123], [5.9102858, 49.5892142], [5.9075178, 49.5902012], [5.9074439, 49.5902259], [5.9073494, 49.5902351], [5.9072515, 49.5902144], [5.9071543, 49.5901547], [5.9071256, 49.590124], [5.9067769, 49.5897826], [5.9067104, 49.5897255], [5.9066756, 49.5896983], [5.9066427, 49.5897093], [5.905569, 49.5900685], [5.9044823, 49.5904683], [5.9041528, 49.5905567], [5.9037848, 49.5906201], [5.9034475, 49.5907179], [5.9031762, 49.5912624], [5.9029483, 49.591341], [5.902871, 49.5915022], [5.9027763, 49.5916958], [5.9027852, 49.5922047], [5.9027803, 49.5924084]]]}}, {"type": "Feature", "properties": {"name": "Conzefenn", "kind": "nature_reserve"}, "geometry": {"type": "Polygon", "coordinates": [[[6.0321665, 50.1470947], [6.0322062, 50.1472003], [6.0326144, 50.1473833], [6.0335342, 50.1477957], [6.0343029, 50.1481403], [6.0345024, 50.1481503], [6.0351785, 50.1482792], [6.0360515, 50.1483907], [6.03674, 50.1484974], [6.0372277, 50.1485395], [6.037617, 50.1485767], [6.0378357, 50.1486023], [6.0384034, 50.1486815], [6.0386717, 50.1487042], [6.0393118, 50.1487832], [6.0405352, 50.1489807], [6.0405962, 50.148999], [6.0411321, 50.14916], [6.0414559, 50.1492964], [6.041731, 50.1494391], [6.0419547, 50.1495731], [6.0420981, 50.1496826], [6.042668, 50.1501178], [6.0427345, 50.1501616], [6.0427835, 50.1504669], [6.0429249, 50.1506577], [6.0429375, 50.1510172], [6.0428734, 50.151156], [6.0428223, 50.1512555], [6.0431125, 50.1520142], [6.0431541, 50.1520954], [6.0434016, 50.1525461], [6.0434421, 50.1526145], [6.0435212, 50.1527441], [6.0436714, 50.1531531], [6.0437706, 50.1536961], [6.0438108, 50.1538646], [6.0438336, 50.1540192], [6.0440029, 50.1542775], [6.0441501, 50.15443], [6.0443029, 50.1545871], [6.0444385, 50.1546706], [6.0445578, 50.1546852], [6.0447233, 50.1546868], [6.0447764, 50.154662], [6.0451219, 50.1546431], [6.0454589, 50.1545832], [6.045519, 50.154964], [6.0455112, 50.155098], [6.0455112, 50.155266], [6.045519, 50.155426], [6.045534, 50.15557], [6.0455875, 50.155766], [6.0456066, 50.155846], [6.04566, 50.155952], [6.0457363, 50.156048], [6.0458229, 50.1560305], [6.0470259, 50.1553926], [6.047302, 50.1555815], [6.0486067, 50.1546103], [6.0488475, 50.1546235], [6.0503501, 50.1537924], [6.0511775, 50.1535037], [6.0518051, 50.1532595], [6.0525352, 50.152837], [6.0530906, 50.1524157], [6.0531579, 50.1523647], [6.0534237, 50.1515046], [6.053534, 50.1512096], [6.0538531, 50.1506476], [6.0539214, 50.1505254], [6.0543561, 50.1501839], [6.0542285, 50.1500544], [6.0542933, 50.1499722], [6.053649, 50.1491572], [6.0546435, 50.1486285], [6.0547087, 50.1485178], [6.0547917, 50.1484684], [6.0548535, 50.1484372], [6.0549049, 50.1483975], [6.0549353, 50.1484175], [6.0549783, 50.1484021], [6.0550214, 50.1483523], [6.0551284, 50.1482982], [6.0555566, 50.1481015], [6.0556902, 50.1480489], [6.0561599, 50.1478378], [6.0566767, 50.147587], [6.0569571, 50.1474704], [6.057139, 50.1473795], [6.0573307, 50.1473156], [6.0575464, 50.1473469], [6.0581587, 50.1472018], [6.0582278, 50.1472231], [6.0582983, 50.1471271], [6.0583831, 50.1471062], [6.0592583, 50.1476847], [6.0594454, 50.1478084], [6.0597351, 50.1476614], [6.0599276, 50.1475637], [6.0604797, 50.147331], [6.0594916, 50.1467263], [6.0571512, 50.1453368], [6.0562424, 50.1448426], [6.0562031, 50.1448139], [6.056109, 50.1443719], [6.0561099, 50.1442555], [6.0560417, 50.1439543], [6.0561497, 50.1433943], [6.0562307, 50.1433721], [6.0564737, 50.1430488], [6.0568012, 50.1427346], [6.05713, 50.1425533], [6.0570852, 50.1425005], [6.0566352, 50.1423776], [6.0565323, 50.1423495], [6.0563101, 50.1423431], [6.0561825, 50.1423509], [6.0560485, 50.142359], [6.0558681, 50.1423731], [6.0552716, 50.1424201], [6.0548009, 50.1424442], [6.0542997, 50.1424355], [6.0539475, 50.142408], [6.0538047, 50.1423968], [6.0536928, 50.1423924], [6.052979, 50.1423938], [6.0527854, 50.1423772], [6.0527756, 50.1424039], [6.0526642, 50.1427071], [6.0525505, 50.142883], [6.0524315, 50.1430639], [6.0518575, 50.1435452], [6.0515124, 50.1437614], [6.051325, 50.143834], [6.0510471, 50.1438723], [6.0509542, 50.1438885], [6.0505407, 50.1442154], [6.0497711, 50.1439228], [6.0495708, 50.1438667], [6.0493797, 50.14386], [6.0491739, 50.1438881], [6.0488285, 50.1439904], [6.0477846, 50.1444623], [6.0464828, 50.1448899], [6.0459101, 50.1450436], [6.0417575, 50.1449567], [6.0413434, 50.144948], [6.0409525, 50.1449373], [6.0408216, 50.1449266], [6.0404807, 50.1448929], [6.0395918, 50.1447714], [6.0388271, 50.1446729], [6.0383042, 50.1445988], [6.0375826, 50.1445281], [6.036826, 50.1444745], [6.0365398, 50.1444506], [6.0355877, 50.1443685], [6.0341312, 50.1441316], [6.0341018, 50.1441432], [6.0340575, 50.1441608], [6.0339993, 50.1441451], [6.0336868, 50.1442903], [6.0324785, 50.144947], [6.0322975, 50.1450613], [6.0320668, 50.1453432], [6.031753, 50.1458588], [6.0317141, 50.1458708], [6.0316374, 50.1458978], [6.031867, 50.1466546], [6.0321351, 50.1470231], [6.0321665, 50.1470947]]]}}, {"type": "Feature", "properties": {"name": "Cornelysmillen - Schucklai", "kind": "nature_reserve"}, "geometry": {"type": "Polygon", "coordinates": [[[5.9631464, 50.1396062], [5.963802, 50.1396079], [5.9641042, 50.1396131], [5.9648338, 50.1395409], [5.965029, 50.1395554], [5.9669125, 50.1398381], [5.9673715, 50.1397788], [5.9673217, 50.1396851], [5.9676098, 50.1396344], [5.9680275, 50.1394986], [5.9679696, 50.1392422], [5.968553, 50.1391381], [5.9690422, 50.1390341], [5.9703142, 50.1387251], [5.9705796, 50.1387562], [5.970534, 50.138673], [5.9705163, 50.1386707], [5.970441, 50.138661], [5.9703782, 50.1384925], [5.9703471, 50.1384368], [5.9702846, 50.1384458], [5.9699566, 50.1384939], [5.9697629, 50.1385223], [5.9696335, 50.1385412], [5.9695402, 50.1385568], [5.9694691, 50.1385602], [5.9693659, 50.1385536], [5.9693448, 50.138555], [5.9692982, 50.1385635], [5.9691815, 50.1385976], [5.9691365, 50.138606], [5.9690832, 50.1386124], [5.9689656, 50.13862], [5.968859, 50.1386313], [5.9687202, 50.1386524], [5.9686904, 50.1386464], [5.9686023, 50.1384046], [5.9685607, 50.1382902], [5.968422, 50.1383348], [5.9665766, 50.1388746], [5.9655889, 50.1391024], [5.9655561, 50.138958], [5.9649583, 50.1390285], [5.964944, 50.1388211], [5.9648909, 50.1388248], [5.9631737, 50.1388594], [5.9631781, 50.1391704], [5.9624677, 50.1391467], [5.9619191, 50.1391038], [5.9613573, 50.1391455], [5.9608095, 50.1391747], [5.9604122, 50.1391632], [5.9602627, 50.1391294], [5.9600599, 50.1391361], [5.9597376, 50.1390042], [5.9595005, 50.1389517], [5.9593026, 50.1389403], [5.9586051, 50.1388069], [5.958556, 50.138805], [5.9585396, 50.1388627], [5.9586299, 50.1389779], [5.9587997, 50.1391974], [5.9591687, 50.1396762], [5.9603687, 50.1394926], [5.960661, 50.1394909], [5.9614771, 50.1394468], [5.9616613, 50.1394492], [5.9619569, 50.1394848], [5.9619382, 50.1398287], [5.9619634, 50.1400381], [5.962043, 50.1402562], [5.9621086, 50.140379], [5.9621108, 50.1403843], [5.9625652, 50.1402553], [5.962492, 50.1401653], [5.9623284, 50.1398752], [5.9623119, 50.1397651], [5.9623582, 50.1396659], [5.9631464, 50.1396062]]]}}, {"type": "Feature", "properties": {"name": "Cornelysmillen - Schucklai", "kind": "nature_reserve"}, "geometry": {"type": "Polygon", "coordinates": [[[5.9915319, 50.1299826], [5.9917894, 50.1298192], [5.9913864, 50.1295695], [5.9914799, 50.1294758], [5.9912827, 50.1293409], [5.991367, 50.1291899], [5.9909562, 50.1290891], [5.9905777, 50.1289887], [5.9904093, 50.1289454], [5.9900314, 50.1288428], [5.9895909, 50.128668], [5.9891507, 50.1284245], [5.9890522, 50.1283138], [5.9886178, 50.127946], [5.9882584, 50.1277051], [5.9880316, 50.1274601], [5.9880269, 50.1270036], [5.9877658, 50.1269652], [5.9883583, 50.1263634], [5.9886488, 50.1260367], [5.9887966, 50.1258185], [5.9887804, 50.1256793], [5.9885421, 50.125237], [5.9880774, 50.1249161], [5.9873047, 50.1244887], [5.9869799, 50.1243716], [5.986658, 50.1242272], [5.986467, 50.1239666], [5.9864796, 50.1238461], [5.9861681, 50.123464], [5.9860904, 50.1233963], [5.9858238, 50.1233092], [5.9858386, 50.1232416], [5.9858477, 50.1230499], [5.9859632, 50.1227145], [5.9856363, 50.1226752], [5.9855827, 50.1230545], [5.9855285, 50.1233464], [5.9855284, 50.1233645], [5.985551, 50.1234858], [5.985447, 50.1234413], [5.9853566, 50.1234027], [5.9855305, 50.123762], [5.9856831, 50.1242477], [5.9858079, 50.124489], [5.9858341, 50.1245396], [5.9858651, 50.1246041], [5.9859446, 50.1247694], [5.9860395, 50.1248442], [5.9860522, 50.1248763], [5.9862436, 50.1253548], [5.9863536, 50.1255124], [5.9865413, 50.1257813], [5.9867036, 50.1261095], [5.9866233, 50.1260898], [5.9864875, 50.126095], [5.9863738, 50.1261126], [5.9862905, 50.1261445], [5.986224, 50.1261569], [5.9861699, 50.1261551], [5.9861421, 50.1261711], [5.9861282, 50.1262067], [5.9861032, 50.1262209], [5.9860533, 50.126219], [5.9859756, 50.126235], [5.9859174, 50.126242], [5.9859305, 50.1262704], [5.9862237, 50.1262158], [5.9863929, 50.1261928], [5.9866007, 50.1261807], [5.9867227, 50.1261844], [5.9868086, 50.1261917], [5.9868664, 50.1262022], [5.9869523, 50.1263532], [5.9870553, 50.1265182], [5.9870647, 50.1265464], [5.987078, 50.1265743], [5.9869509, 50.1266428], [5.9869342, 50.1266749], [5.9869422, 50.1267712], [5.9869309, 50.1268068], [5.986803, 50.1269242], [5.986764, 50.126983], [5.9867527, 50.1270293], [5.9867636, 50.1270793], [5.9867856, 50.1271185], [5.9868325, 50.1272006], [5.9868998, 50.1273504], [5.9869438, 50.1274271], [5.986974, 50.1275056], [5.987004, 50.1276411], [5.9870287, 50.1276964], [5.9870701, 50.1277464], [5.9875174, 50.1280748], [5.9873959, 50.1281273], [5.9871172, 50.1282748], [5.9873337, 50.1283849], [5.9874622, 50.1285235], [5.9878667, 50.1287746], [5.9879418, 50.1288941], [5.9879552, 50.1291658], [5.9881631, 50.1294994], [5.9883364, 50.1297657], [5.9882321, 50.1299373], [5.9878301, 50.129864], [5.9871433, 50.1296367], [5.9866663, 50.129516], [5.9865619, 50.1296801], [5.9864543, 50.1298443], [5.9861695, 50.1297733], [5.985991, 50.1297557], [5.9852614, 50.1296175], [5.9844641, 50.1295754], [5.9835163, 50.1296536], [5.9827204, 50.1295122], [5.9826256, 50.1295816], [5.982674, 50.1298565], [5.9829289, 50.1298926], [5.9839128, 50.1298271], [5.9840872, 50.1298651], [5.984512, 50.1298135], [5.9855575, 50.1299283], [5.9862672, 50.1300177], [5.9862321, 50.1300947], [5.9874083, 50.1303684], [5.9879562, 50.130596], [5.9884117, 50.1307997], [5.9885644, 50.1304687], [5.988627, 50.1302637], [5.9886658, 50.130249], [5.9886646, 50.1301587], [5.9888604, 50.1302249], [5.9891233, 50.1302994], [5.9895162, 50.1302989], [5.9905221, 50.1304313], [5.9907769, 50.1304494], [5.9909354, 50.1304519], [5.9911873, 50.1305296], [5.9915273, 50.1307919], [5.9914441, 50.1309587], [5.9921328, 50.1311396], [5.9923974, 50.1311252], [5.9927205, 50.1312349], [5.9931856, 50.1313619], [5.9932262, 50.1313729], [5.9934139, 50.1314242], [5.9936957, 50.1315185], [5.993748, 50.1315603], [5.993761, 50.1316193], [5.993723, 50.1317106], [5.9937494, 50.1318679], [5.9936348, 50.1319373], [5.9934433, 50.1320611], [5.9932984, 50.1321546], [5.9929462, 50.1323131], [5.9926019, 50.1323819], [5.9925115, 50.132427], [5.9924559, 50.1324448], [5.9924191, 50.1324662], [5.992326, 50.1325651], [5.9922864, 50.1326146], [5.99224, 50.1326774], [5.9920946, 50.1326693], [5.9917469, 50.132944], [5.9915186, 50.1330474], [5.9912122, 50.1331457], [5.990721, 50.133228], [5.9904149, 50.1334146], [5.9903209, 50.1333071], [5.9902077, 50.1334449], [5.9901381, 50.1335082], [5.9900125, 50.1335955], [5.9899524, 50.1336151], [5.9894218, 50.1337463], [5.9892949, 50.1336285], [5.9891401, 50.1334466], [5.9890677, 50.1334367], [5.9884661, 50.1336319], [5.9882154, 50.1335055], [5.9880551, 50.1334922], [5.9879706, 50.133533], [5.9876347, 50.1337333], [5.9873558, 50.1339215], [5.9872551, 50.1339616], [5.9870926, 50.1339215], [5.9868904, 50.1338975], [5.9859965, 50.1339078], [5.9857391, 50.1339386], [5.9853121, 50.1340083], [5.985068, 50.1340306], [5.9847859, 50.1340371], [5.9843805, 50.1339964], [5.9843144, 50.1340003], [5.9843116, 50.1338748], [5.9842901, 50.1336053], [5.9839486, 50.1336263], [5.9836066, 50.1336493], [5.9830898, 50.1336676], [5.9827513, 50.1336558], [5.9825011, 50.1336378], [5.9806535, 50.1334595], [5.9792432, 50.1333228], [5.9784737, 50.1332896], [5.9782218, 50.1332847], [5.9779974, 50.1332849], [5.9774165, 50.1333208], [5.9768341, 50.1333937], [5.9768356, 50.1332774], [5.9768368, 50.1331514], [5.9768616, 50.1330942], [5.9769055, 50.1329204], [5.9771048, 50.131961], [5.9760557, 50.1318091], [5.9759817, 50.1322397], [5.975664, 50.1331658], [5.9747962, 50.1331085], [5.9742972, 50.1331185], [5.973739, 50.1332018], [5.9735396, 50.133215], [5.9730452, 50.1332811], [5.9729193, 50.1332882], [5.9727657, 50.1332969], [5.9727841, 50.1332392], [5.9728367, 50.1330739], [5.9726203, 50.1331397], [5.9724552, 50.1331746], [5.9722401, 50.1332201], [5.9716514, 50.1333009], [5.9716452, 50.1332095], [5.9716326, 50.1330456], [5.971597, 50.1330017], [5.9713261, 50.1329876], [5.9710455, 50.1329811], [5.9703476, 50.1330319], [5.9702325, 50.1330372], [5.9701192, 50.133025], [5.9700526, 50.1330232], [5.9700019, 50.1330274], [5.9699258, 50.1330393], [5.9698604, 50.1330572], [5.9695806, 50.1331596], [5.9691607, 50.1331254], [5.9689828, 50.1331114], [5.9688988, 50.1331001], [5.9683991, 50.1330307], [5.9682325, 50.133015], [5.9680858, 50.133007], [5.9680727, 50.1330425], [5.9679504, 50.1330298], [5.9677518, 50.1330079], [5.9672257, 50.1329447], [5.9672017, 50.13288], [5.9671422, 50.1327008], [5.966989, 50.132641], [5.9668326, 50.13248], [5.9667141, 50.1324284], [5.9666584, 50.1323961], [5.9665188, 50.1323297], [5.9658578, 50.1320514], [5.9654604, 50.1318769], [5.9649616, 50.1316596], [5.9642769, 50.1313675], [5.9639552, 50.1312028], [5.9632453, 50.1307722], [5.9632195, 50.1308405], [5.9629023, 50.1314506], [5.962667, 50.131322], [5.962427, 50.1312181], [5.9623193, 50.13123], [5.9621583, 50.1311918], [5.9620665, 50.131173], [5.9614687, 50.1309091], [5.9613808, 50.130897], [5.9612622, 50.130883], [5.961097, 50.1308433], [5.9608765, 50.1308052], [5.9606993, 50.1307809], [5.9604394, 50.130759], [5.9605001, 50.1306022], [5.9598765, 50.1305342], [5.959493, 50.1305255], [5.9589852, 50.130518], [5.9586772, 50.1305681], [5.9573153, 50.1306513], [5.9569504, 50.1307207], [5.956672, 50.1307611], [5.9564064, 50.1307656], [5.9557734, 50.1306833], [5.9550154, 50.1305589], [5.9550673, 50.1305538], [5.9550346, 50.1305418], [5.955006, 50.1305314], [5.9549382, 50.1304978], [5.9547278, 50.1303785], [5.9546844, 50.1303972], [5.9543287, 50.1305508], [5.9541709, 50.1303925], [5.9542725, 50.1303142], [5.9540422, 50.1302111], [5.9539902, 50.1302955], [5.9537501, 50.1306837], [5.9537873, 50.1307343], [5.9538508, 50.1308033], [5.9539426, 50.130904], [5.9540089, 50.1309736], [5.9541181, 50.1309761], [5.9542207, 50.1309831], [5.9543206, 50.1310043], [5.9546669, 50.1310907], [5.9548577, 50.1310688], [5.9549737, 50.1310566], [5.9550951, 50.1310525], [5.9552271, 50.1310484], [5.9553444, 50.1310512], [5.9557937, 50.1310593], [5.956155, 50.1310669], [5.956295, 50.1310663], [5.956419, 50.1310605], [5.9566778, 50.1310494], [5.9568205, 50.1310402], [5.9569018, 50.1310412], [5.9570151, 50.1310448], [5.9571084, 50.1310519], [5.9572977, 50.1310736], [5.9574749, 50.1310958], [5.9576375, 50.1311167], [5.9576988, 50.1311177], [5.9578055, 50.1311127], [5.9579602, 50.1311031], [5.958259, 50.1310797], [5.9585578, 50.1310519], [5.9588406, 50.1310228], [5.9589526, 50.1310153], [5.95913, 50.131001], [5.9592687, 50.130997], [5.959418, 50.1309968], [5.959674, 50.1310067], [5.9598472, 50.1310216], [5.9599525, 50.1310372], [5.9602003, 50.131087], [5.9604814, 50.1311321], [5.9606373, 50.1311633], [5.9607945, 50.1312], [5.9613313, 50.1313602], [5.9613532, 50.1313322], [5.9617126, 50.1314335], [5.9618767, 50.1314928], [5.9619715, 50.1315324], [5.9620664, 50.1315802], [5.9621371, 50.1316228], [5.9622053, 50.131665], [5.9622685, 50.131688], [5.9623428, 50.1317081], [5.9624468, 50.1317682], [5.9624878, 50.1317833], [5.9625488, 50.1317841], [5.9626076, 50.1317863], [5.9626387, 50.131795], [5.9626542, 50.1318085], [5.9627204, 50.131885], [5.9628746, 50.1320159], [5.9630007, 50.1321296], [5.9631394, 50.1322611], [5.9631913, 50.1323112], [5.9631648, 50.1322792], [5.9635528, 50.1327065], [5.9635998, 50.1326644], [5.9645906, 50.1329695], [5.9649476, 50.1329159], [5.9658232, 50.1331551], [5.9659834, 50.1331918], [5.9662005, 50.1332008], [5.9668057, 50.1332209], [5.9672393, 50.1333055], [5.9671546, 50.1332113], [5.9672163, 50.1332141], [5.967296, 50.1332351], [5.9676847, 50.1333139], [5.9678605, 50.1333516], [5.9681323, 50.1333921], [5.9683442, 50.13342], [5.9685958, 50.1334316], [5.9689289, 50.1334471], [5.9694965, 50.1334271], [5.9699374, 50.1334247], [5.9702975, 50.133472], [5.9707094, 50.1335803], [5.9708279, 50.1336018], [5.971182, 50.1336276], [5.9716304, 50.1336858], [5.9717171, 50.1336994], [5.9725556, 50.1338697], [5.9730488, 50.1339637], [5.9732695, 50.1340244], [5.9738615, 50.1341687], [5.973881, 50.1341756], [5.9740886, 50.1342313], [5.9739449, 50.1343205], [5.9736805, 50.134492], [5.97362, 50.1345358], [5.9737274, 50.1346059], [5.9740387, 50.1349026], [5.974289, 50.1352103], [5.9739847, 50.1352469], [5.9738809, 50.1353038], [5.9738249, 50.1354132], [5.9738321, 50.1354655], [5.973941, 50.1355517], [5.9737869, 50.1356713], [5.973513, 50.1357652], [5.9730166, 50.1360002], [5.972826, 50.1361587], [5.9726564, 50.1364104], [5.9724346, 50.1367738], [5.9722871, 50.1369509], [5.9722398, 50.1369614], [5.9721623, 50.1370632], [5.9720655, 50.1370746], [5.9718772, 50.1370969], [5.9718409, 50.1374458], [5.9717646, 50.1374507], [5.9713474, 50.1376308], [5.9710937, 50.1376589], [5.9707147, 50.1377543], [5.9709889, 50.1378113], [5.9710791, 50.1378451], [5.9711277, 50.1378943], [5.9712323, 50.1379937], [5.9713151, 50.1379606], [5.9716103, 50.1379295], [5.9717713, 50.1379177], [5.9718514, 50.1379065], [5.9718852, 50.1379018], [5.9720233, 50.1383978], [5.9720378, 50.13845], [5.9720441, 50.1384733], [5.9720611, 50.138536], [5.9720672, 50.1385574], [5.9721164, 50.138732], [5.9722842, 50.1391437], [5.9723832, 50.13935], [5.9728008, 50.1395727], [5.9728939, 50.1396165], [5.9733354, 50.1398263], [5.9734567, 50.139906], [5.9735959, 50.1400693], [5.9736293, 50.1401183], [5.9739246, 50.1403824], [5.974205, 50.1405514], [5.9743349, 50.1406273], [5.9746462, 50.1407683], [5.9751615, 50.1409364], [5.9753879, 50.1410252], [5.9756631, 50.1411408], [5.9758562, 50.1412484], [5.976605, 50.1415256], [5.9769916, 50.1416718], [5.9771664, 50.1417336], [5.9772876, 50.1417683], [5.9774957, 50.1418436], [5.9776786, 50.1419276], [5.9777904, 50.141979], [5.9779557, 50.1420552], [5.9780821, 50.1421343], [5.9781708, 50.1422129], [5.9782284, 50.142285], [5.9782382, 50.1423312], [5.9782229, 50.1424149], [5.9782392, 50.1424518], [5.9782431, 50.1424606], [5.9782296, 50.1425413], [5.9774017, 50.1431847], [5.9767472, 50.1436075], [5.9769132, 50.1437482], [5.976843, 50.1437906], [5.9767097, 50.143893], [5.9765804, 50.1440382], [5.9765511, 50.144036], [5.976457, 50.1440965], [5.9763848, 50.1441859], [5.9762185, 50.1442401], [5.9760735, 50.144245], [5.9759614, 50.1442709], [5.975779, 50.1443819], [5.9757283, 50.1444704], [5.975622, 50.1444306], [5.9753608, 50.144465], [5.9751077, 50.1445321], [5.9748956, 50.1445713], [5.9748326, 50.1446043], [5.9748109, 50.1446427], [5.9746433, 50.1446591], [5.9744497, 50.1447423], [5.9742776, 50.1448523], [5.9735328, 50.1450467], [5.9733358, 50.1450726], [5.9732265, 50.1451016], [5.9731323, 50.1451467], [5.9729363, 50.1451326], [5.9726413, 50.1451124], [5.9726406, 50.1451121], [5.9726316, 50.1451521], [5.9726293, 50.1451626], [5.9726293, 50.1451796], [5.9724601, 50.1452018], [5.9721234, 50.1453844], [5.9720371, 50.1454272], [5.9716621, 50.1456199], [5.9714812, 50.1457583], [5.9713137, 50.1458769], [5.9711306, 50.1460153], [5.9709899, 50.1461295], [5.9711285, 50.1461115], [5.9710871, 50.146266], [5.9710458, 50.1464206], [5.9707099, 50.1468248], [5.9705248, 50.1471256], [5.9701949, 50.1474229], [5.9694546, 50.1477856], [5.9691516, 50.1478956], [5.9689316, 50.1480116], [5.9684371, 50.1484148], [5.9682087, 50.1485343], [5.967885, 50.1485128], [5.9677015, 50.1485397], [5.9673851, 50.1486685], [5.9674205, 50.1487092], [5.9669464, 50.1488837], [5.9663981, 50.1489889], [5.9662201, 50.1490116], [5.9656858, 50.1490581], [5.9654575, 50.1491249], [5.9651095, 50.1492672], [5.9645623, 50.1493737], [5.9642897, 50.1493988], [5.9642193, 50.1495015], [5.9641012, 50.1495795], [5.9640044, 50.1495907], [5.9638696, 50.1495572], [5.9637741, 50.1495168], [5.9635953, 50.1494691], [5.9629473, 50.1496467], [5.9629334, 50.1496492], [5.9625406, 50.1497299], [5.9623362, 50.1497349], [5.9621525, 50.1497827], [5.9618908, 50.1498068], [5.9616842, 50.1495937], [5.9612752, 50.1497884], [5.9603939, 50.1501118], [5.9599625, 50.1502363], [5.9597127, 50.150359], [5.9589425, 50.1504948], [5.9586994, 50.1505256], [5.9587256, 50.1506475], [5.9588246, 50.1511769], [5.9581365, 50.1513939], [5.9585358, 50.1516004], [5.9595698, 50.1520757], [5.9599033, 50.152217], [5.9603548, 50.1523938], [5.9604535, 50.1523184], [5.9613463, 50.1526793], [5.961683, 50.1528496], [5.9621331, 50.1530733], [5.96239, 50.152874], [5.9625887, 50.1527375], [5.9627803, 50.1528031], [5.9629653, 50.1527195], [5.9631215, 50.1526092], [5.9624146, 50.1524044], [5.9615984, 50.152078], [5.9605466, 50.1516178], [5.9604, 50.1515337], [5.9604441, 50.1514787], [5.9605178, 50.1514428], [5.9613051, 50.1517445], [5.9619392, 50.1519371], [5.9623846, 50.1514583], [5.9621289, 50.1513577], [5.9622338, 50.1510384], [5.9624951, 50.1507861], [5.9625457, 50.1506266], [5.9628859, 50.1505622], [5.9637607, 50.1506296], [5.9639863, 50.150647], [5.9646881, 50.1504322], [5.966454, 50.150049], [5.9672852, 50.14985], [5.9669979, 50.1497091], [5.9675661, 50.1494367], [5.9682725, 50.1491401], [5.9686378, 50.1489859], [5.9689886, 50.1489345], [5.9689938, 50.1486823], [5.9689782, 50.148533], [5.9689775, 50.1484989], [5.9691012, 50.1484917], [5.96969, 50.1484289], [5.9701383, 50.1482657], [5.9703679, 50.148169], [5.970636, 50.1480565], [5.97074, 50.14801], [5.97083, 50.1479699], [5.970942, 50.1479199], [5.9710983, 50.147861], [5.9711877, 50.1478328], [5.9713106, 50.1478039], [5.9715242, 50.1477571], [5.9715521, 50.1476046], [5.971664, 50.1476416], [5.9717026, 50.1476486], [5.9717533, 50.1476487], [5.9717947, 50.147641], [5.9718308, 50.1476248], [5.9718562, 50.1476025], [5.9718723, 50.1475691], [5.971878, 50.1474911], [5.9718968, 50.1474483], [5.971921, 50.1474226], [5.9719357, 50.1473995], [5.9719438, 50.1473729], [5.9719455, 50.147337], [5.9720877, 50.1474031], [5.9723407, 50.1475555], [5.9727994, 50.147679], [5.9730248, 50.1475286], [5.9727756, 50.1472817], [5.9722666, 50.1470356], [5.9718788, 50.1467751], [5.9717816, 50.1466462], [5.9715562, 50.1465102], [5.9719508, 50.1459902], [5.9721764, 50.1458451], [5.9725633, 50.145613], [5.9725558, 50.1453006], [5.9726732, 50.1453013], [5.9727562, 50.1453058], [5.9728681, 50.1453118], [5.9732047, 50.1453306], [5.9732044, 50.1454592], [5.9732408, 50.14551], [5.9733184, 50.1455271], [5.9734417, 50.145515], [5.9744072, 50.1452594], [5.9753041, 50.1451045], [5.9757974, 50.1450556], [5.9760866, 50.1450312], [5.9757919, 50.1445773], [5.9763361, 50.1445719], [5.9766994, 50.1445372], [5.9772079, 50.1444389], [5.9772835, 50.1443761], [5.977503, 50.1441612], [5.9779391, 50.1437978], [5.9786794, 50.143181], [5.9787323, 50.1431426], [5.9789416, 50.1429497], [5.9790004, 50.1429287], [5.9791318, 50.1427857], [5.9793116, 50.1425741], [5.9794188, 50.1424544], [5.9794724, 50.1423934], [5.9795157, 50.1423635], [5.979526, 50.1423269], [5.9797579, 50.1423473], [5.9798725, 50.1423574], [5.9798947, 50.1423765], [5.9800738, 50.1424446], [5.9802647, 50.1424698], [5.9803589, 50.1424878], [5.9804293, 50.1424948], [5.9804827, 50.1425365], [5.9805695, 50.142568], [5.9806737, 50.1425682], [5.9807587, 50.1426104], [5.9807675, 50.1425859], [5.9807847, 50.1425377], [5.9808294, 50.1424132], [5.9808953, 50.1424354], [5.9809629, 50.1422924], [5.9806427, 50.1422045], [5.9804406, 50.1421719], [5.9803468, 50.1421567], [5.9799837, 50.1420514], [5.9797724, 50.1419561], [5.9795062, 50.1418073], [5.9794138, 50.1417668], [5.9791911, 50.1416182], [5.9786734, 50.1413586], [5.9784642, 50.1412607], [5.9778982, 50.1410337], [5.9777293, 50.1409753], [5.9774558, 50.1408763], [5.9774438, 50.140872], [5.9772921, 50.1408171], [5.9769373, 50.1406775], [5.9765892, 50.1405375], [5.976195, 50.140365], [5.975959, 50.1402069], [5.9754655, 50.1398519], [5.9749679, 50.1396044], [5.9745522, 50.1394402], [5.9740226, 50.1393131], [5.9740799, 50.1391202], [5.9741088, 50.1388984], [5.9741494, 50.1385464], [5.9739808, 50.1384682], [5.9739886, 50.1384086], [5.9739367, 50.1383433], [5.9741009, 50.1376211], [5.9740019, 50.1376121], [5.9739165, 50.1375756], [5.9741609, 50.1370706], [5.9742244, 50.1370052], [5.9743327, 50.1370662], [5.9746139, 50.1367456], [5.9748802, 50.136527], [5.9752001, 50.1363916], [5.975448, 50.1363122], [5.9753615, 50.1361733], [5.9750839, 50.1359041], [5.9749677, 50.1358585], [5.975121, 50.1356903], [5.9751293, 50.1356776], [5.9752175, 50.1356964], [5.9752647, 50.1357182], [5.9755071, 50.1357453], [5.9758645, 50.13579], [5.9759354, 50.1358059], [5.9761246, 50.1358785], [5.9762433, 50.1359378], [5.9764367, 50.136033], [5.9764672, 50.1360212], [5.9769174, 50.1358327], [5.9770731, 50.1358204], [5.9770802, 50.135836], [5.9779715, 50.1357814], [5.9783627, 50.1357333], [5.9786187, 50.1357466], [5.9787041, 50.1357416], [5.9788558, 50.135689], [5.9790786, 50.1356247], [5.9793063, 50.1355865], [5.9797119, 50.1355568], [5.9799117, 50.1355369], [5.9800551, 50.1355131], [5.9801519, 50.1354875], [5.9801989, 50.1354734], [5.9802454, 50.1354594], [5.9805171, 50.1353612], [5.9806092, 50.1353245], [5.9808795, 50.1351784], [5.9810775, 50.1351144], [5.9812376, 50.1350615], [5.9815501, 50.1350271], [5.9818621, 50.1350177], [5.9824357, 50.1350394], [5.9831399, 50.135088], [5.9836063, 50.1351542], [5.9843261, 50.1352652], [5.9842215, 50.1350486], [5.9840955, 50.1348724], [5.9842917, 50.1348688], [5.9843572, 50.1348683], [5.9843825, 50.1349291], [5.9843852, 50.1350039], [5.9844348, 50.1350254], [5.9844616, 50.1350933], [5.9849943, 50.1350228], [5.9859087, 50.1350056], [5.987009, 50.1350843], [5.9874934, 50.1351553], [5.9878157, 50.1352283], [5.9882282, 50.1353486], [5.9884105, 50.1354002], [5.9883717, 50.1354567], [5.9884362, 50.1354796], [5.9888845, 50.1355223], [5.9889253, 50.1354346], [5.9893674, 50.1353588], [5.9898463, 50.1352752], [5.9903347, 50.1352437], [5.9906449, 50.1352378], [5.9913286, 50.1352919], [5.9917827, 50.1353752], [5.9921019, 50.1354758], [5.9922922, 50.1355619], [5.9924406, 50.1356393], [5.9924908, 50.1355742], [5.9926886, 50.1353228], [5.9927347, 50.1352504], [5.9927574, 50.1352257], [5.9927294, 50.1352101], [5.9923419, 50.1349948], [5.9922563, 50.134949], [5.9922772, 50.1349174], [5.9923197, 50.1348645], [5.992381, 50.1347881], [5.9926261, 50.134497], [5.9927389, 50.134348], [5.9931895, 50.1338872], [5.9937872, 50.133339], [5.9938348, 50.1333114], [5.9938703, 50.1332907], [5.9939362, 50.1332524], [5.9942029, 50.1330924], [5.9944497, 50.1329204], [5.9948183, 50.1326032], [5.9950993, 50.1322492], [5.9953429, 50.1320941], [5.9953889, 50.1320648], [5.9954574, 50.1315919], [5.9954524, 50.13159], [5.9951177, 50.1312992], [5.994662, 50.1311045], [5.9945551, 50.1310645], [5.9942539, 50.1309525], [5.993711, 50.1307503], [5.993323, 50.1306301], [5.9926799, 50.130427], [5.9920775, 50.1302105], [5.991662, 50.1300556], [5.9915856, 50.1300537], [5.9915319, 50.1299826]]]}}, {"type": "Feature", "properties": {"name": "Cornelysmillen - Schucklai", "kind": "nature_reserve"}, "geometry": {"type": "Polygon", "coordinates": [[[6.0270514, 50.1509373], [6.0273224, 50.1508038], [6.0270137, 50.1508215], [6.0266906, 50.1507493], [6.0264964, 50.1508483], [6.0264302, 50.1508832], [6.0259465, 50.1509603], [6.0259187, 50.1509879], [6.0258039, 50.1511019], [6.0250568, 50.1507737], [6.0235614, 50.1502263], [6.0230247, 50.1500371], [6.0224017, 50.1498746], [6.0214142, 50.1496522], [6.0214007, 50.1495489], [6.0213324, 50.1495428], [6.021261, 50.1496398], [6.0205722, 50.1495006], [6.0193999, 50.1492724], [6.019044, 50.1491847], [6.0185029, 50.1490324], [6.0184477, 50.1490099], [6.0185328, 50.1489268], [6.0186707, 50.1487921], [6.0181639, 50.1486594], [6.0180107, 50.1486278], [6.0180921, 50.148595], [6.0181761, 50.1485934], [6.0183068, 50.1486073], [6.0184695, 50.1486049], [6.0188295, 50.148559], [6.0189385, 50.1485438], [6.0190612, 50.1485319], [6.0194741, 50.1485041], [6.0197901, 50.1485063], [6.0201675, 50.1485523], [6.0201886, 50.1484978], [6.0203656, 50.1482204], [6.0204187, 50.1481432], [6.0205653, 50.1481885], [6.0208649, 50.148286], [6.0209752, 50.1483581], [6.0210934, 50.1482163], [6.0206178, 50.1480477], [6.0199998, 50.1478746], [6.0196253, 50.147844], [6.019184, 50.147931], [6.018767, 50.1479898], [6.0181904, 50.1480658], [6.0178584, 50.1481354], [6.017582, 50.1478344], [6.0177813, 50.1476322], [6.0178674, 50.1475375], [6.0177721, 50.1471736], [6.0177642, 50.1471505], [6.0176954, 50.1469618], [6.0176477, 50.1468683], [6.0175832, 50.146797], [6.0172391, 50.1464962], [6.0171437, 50.1463952], [6.0170148, 50.1462467], [6.0169452, 50.146112], [6.0169136, 50.1459069], [6.0169009, 50.1458036], [6.0169432, 50.1454961], [6.0170183, 50.145283], [6.0174327, 50.1446731], [6.0175279, 50.1446712], [6.0179849, 50.1447689], [6.018103, 50.144802], [6.018033, 50.144955], [6.0181573, 50.1451376], [6.0184127, 50.145404], [6.0185417, 50.1458386], [6.0187027, 50.1461527], [6.019124, 50.1460363], [6.0190189, 50.145637], [6.0189913, 50.1455041], [6.0194358, 50.1455593], [6.0197534, 50.1456651], [6.0203457, 50.1458954], [6.0206178, 50.14524], [6.020331, 50.1451572], [6.0197518, 50.1449914], [6.0187846, 50.1448892], [6.0185645, 50.144806], [6.0174243, 50.1446005], [6.0174317, 50.1445519], [6.017433, 50.1445431], [6.0174343, 50.1445351], [6.0175167, 50.1443855], [6.0175686, 50.1442914], [6.0172474, 50.1442847], [6.0175084, 50.1438972], [6.0175413, 50.1437491], [6.017489, 50.1434543], [6.0174572, 50.1432817], [6.017425, 50.1431187], [6.0173287, 50.1427551], [6.0174063, 50.1426544], [6.0173221, 50.1425142], [6.0173018, 50.1424866], [6.0172358, 50.1424674], [6.0167918, 50.1428269], [6.0167222, 50.1427959], [6.0166644, 50.1428492], [6.0165542, 50.1428075], [6.0158859, 50.1421912], [6.0157887, 50.142097], [6.0153199, 50.1418738], [6.0154242, 50.1418053], [6.0156959, 50.141627], [6.0155418, 50.1415753], [6.0151441, 50.1413253], [6.0150511, 50.1413397], [6.014518, 50.1410378], [6.0138225, 50.1408025], [6.0138563, 50.1405847], [6.0137443, 50.1404949], [6.0138718, 50.1403464], [6.0138897, 50.1403257], [6.013746, 50.1403466], [6.0137357, 50.1403461], [6.0134402, 50.1403144], [6.0119714, 50.1401466], [6.0120123, 50.1400951], [6.0119406, 50.1399934], [6.0113543, 50.1399373], [6.0112036, 50.1399229], [6.0105847, 50.1398613], [6.0104535, 50.1398598], [6.0100235, 50.1397386], [6.0098825, 50.1396835], [6.0096505, 50.1396042], [6.0092945, 50.1394729], [6.0088376, 50.1392158], [6.0085644, 50.139025], [6.0082574, 50.1387824], [6.0080614, 50.1385721], [6.0078842, 50.1383372], [6.0077421, 50.1381396], [6.0072161, 50.1376463], [6.0071786, 50.1376303], [6.0068312, 50.1374821], [6.0063323, 50.1372002], [6.0058125, 50.1367909], [6.0058874, 50.1367242], [6.0058388, 50.1366861], [6.0057612, 50.1366591], [6.0055063, 50.1364747], [6.0048705, 50.1359348], [6.0041985, 50.13543], [6.0033885, 50.1340823], [6.0033313, 50.1337466], [6.0033169, 50.1335822], [6.0032691, 50.133458], [6.0031565, 50.1332896], [6.0028598, 50.1329603], [6.0027882, 50.1328808], [6.002498, 50.1325813], [6.0026374, 50.1325346], [6.0027462, 50.1324982], [6.0028932, 50.1324489], [6.002666, 50.1322171], [6.0024619, 50.1320479], [6.0023649, 50.1319998], [6.001798, 50.1317187], [6.0009733, 50.1314973], [5.9999728, 50.1313099], [5.9992483, 50.1312021], [5.9988499, 50.1310516], [5.9985455, 50.1311237], [5.9988492, 50.1313448], [5.99843, 50.1314169], [5.9982307, 50.1314355], [5.9980137, 50.1313938], [5.9979193, 50.1313785], [5.9978452, 50.1313666], [5.9977251, 50.1313701], [5.9975344, 50.1313635], [5.9973992, 50.1313589], [5.9971417, 50.1313813], [5.9968708, 50.1314449], [5.9968353, 50.1314719], [5.9967595, 50.1314922], [5.9966313, 50.1315602], [5.9964785, 50.1316749], [5.9964079, 50.1317502], [5.9963353, 50.1318422], [5.9961901, 50.1320269], [5.9960239, 50.1321926], [5.9958263, 50.1323607], [5.9964698, 50.1324744], [5.9965476, 50.1324258], [5.9967984, 50.1323295], [5.9974891, 50.1322977], [5.9977534, 50.1323411], [5.9980639, 50.1323535], [5.9984448, 50.13242], [5.9993185, 50.1332155], [5.9998559, 50.1329322], [6.0000286, 50.1330983], [6.0006643, 50.1338769], [6.0007051, 50.1339251], [6.0007571, 50.1340623], [6.0007828, 50.134262], [6.0010162, 50.1348895], [6.0011356, 50.1349959], [6.0012105, 50.1350551], [6.0014895, 50.1352601], [6.0015092, 50.1353133], [6.0015306, 50.1353331], [6.0016373, 50.1353673], [6.0017496, 50.1354034], [6.0019409, 50.1354687], [6.0021929, 50.135581], [6.0023309, 50.1356627], [6.0026913, 50.1358596], [6.0029665, 50.1360068], [6.0028967, 50.1360701], [6.0032388, 50.1362959], [6.0038669, 50.1365994], [6.0043623, 50.1368976], [6.004546, 50.1369896], [6.004719, 50.1370429], [6.0042295, 50.1373773], [6.0046868, 50.1376162], [6.0049215, 50.1378345], [6.0058586, 50.1387162], [6.0061005, 50.1391558], [6.0061446, 50.1392348], [6.0064672, 50.1398126], [6.0063594, 50.1398879], [6.0071642, 50.1403608], [6.0072798, 50.1405297], [6.0072952, 50.1406642], [6.0073286, 50.1408723], [6.0072554, 50.1410658], [6.0070913, 50.1413083], [6.0067192, 50.1417717], [6.0065145, 50.1419815], [6.0064189, 50.1421612], [6.0064259, 50.1421997], [6.0064352, 50.1422502], [6.0061738, 50.1421975], [6.0059322, 50.1422055], [6.0056928, 50.1421917], [6.0055055, 50.1421808], [6.0053055, 50.1421429], [6.0050576, 50.1421425], [6.0047153, 50.1421419], [6.0046046, 50.14214], [6.0044474, 50.1421262], [6.0043375, 50.1423871], [6.0041596, 50.1426644], [6.0038667, 50.1430451], [6.0038982, 50.1430584], [6.0039589, 50.1431434], [6.0041657, 50.1433057], [6.0041853, 50.1433449], [6.0041457, 50.143474], [6.0040265, 50.1436254], [6.0037992, 50.143833], [6.0034762, 50.1440424], [6.0032056, 50.1441722], [6.0030534, 50.1442145], [6.0029642, 50.1442414], [6.0028775, 50.1442896], [6.0028757, 50.1442984], [6.0028511, 50.1444165], [6.0028608, 50.1444821], [6.0029069, 50.1445319], [6.003504, 50.1448308], [6.0036654, 50.1448871], [6.0038564, 50.1449301], [6.004035, 50.1449495], [6.0040638, 50.1448767], [6.0042749, 50.1449495], [6.0043932, 50.1445533], [6.0045635, 50.1443309], [6.0047809, 50.1440929], [6.0049782, 50.1439452], [6.0051571, 50.1440127], [6.0052172, 50.143988], [6.0052396, 50.1438798], [6.0052933, 50.1436196], [6.0056526, 50.1432797], [6.0062326, 50.1428399], [6.0062735, 50.1428574], [6.0065946, 50.1429946], [6.0067076, 50.1425198], [6.0067237, 50.1424567], [6.0067572, 50.1424176], [6.0067902, 50.1423359], [6.0068369, 50.1422823], [6.0069462, 50.1421356], [6.0070009, 50.1420429], [6.0070277, 50.1419837], [6.0070787, 50.141819], [6.0071163, 50.1416984], [6.0071537, 50.1416214], [6.0071956, 50.1415351], [6.0072352, 50.1414795], [6.0072764, 50.1414375], [6.007401, 50.1413349], [6.0073088, 50.1412925], [6.0072744, 50.1412371], [6.007341, 50.1411015], [6.0073943, 50.1410338], [6.0076487, 50.1407615], [6.0077529, 50.1406815], [6.0078399, 50.1406576], [6.0080469, 50.140626], [6.0085507, 50.1407277], [6.0102861, 50.1412399], [6.0104464, 50.1412905], [6.0105871, 50.1412665], [6.0107944, 50.1412525], [6.0111576, 50.1412908], [6.0116178, 50.1414066], [6.0123708, 50.1415385], [6.0128783, 50.1415924], [6.0132104, 50.1417745], [6.0132085, 50.1419063], [6.0138167, 50.1419265], [6.0145789, 50.1420766], [6.0149165, 50.1422092], [6.0151155, 50.1423132], [6.0153908, 50.1425299], [6.0155712, 50.1427291], [6.015592, 50.1428224], [6.0158374, 50.1429956], [6.0160139, 50.1431677], [6.016091, 50.1432876], [6.0161358, 50.1433072], [6.0162223, 50.1433011], [6.0163359, 50.1433146], [6.0161691, 50.1434658], [6.0162213, 50.1434961], [6.0159826, 50.1437127], [6.0159212, 50.1437609], [6.0157973, 50.1438445], [6.0154994, 50.1439809], [6.0154967, 50.1441903], [6.0154881, 50.1444184], [6.015461, 50.1450705], [6.0148917, 50.1450415], [6.0149677, 50.1455287], [6.0150825, 50.145857], [6.0153464, 50.1463817], [6.0155164, 50.1466983], [6.0156293, 50.1468311], [6.0160293, 50.1471602], [6.0161628, 50.1474002], [6.0161617, 50.1475279], [6.0159817, 50.1476304], [6.0155515, 50.1478199], [6.0156483, 50.1481928], [6.0156564, 50.1482241], [6.0157899, 50.1481737], [6.0158513, 50.1481557], [6.0159408, 50.1481344], [6.0160397, 50.1481143], [6.0164977, 50.1480212], [6.0166231, 50.1481374], [6.0169775, 50.1484697], [6.0170948, 50.1485598], [6.0176236, 50.1489249], [6.0182583, 50.1492137], [6.0184577, 50.1492675], [6.0186161, 50.1493102], [6.0190345, 50.1494201], [6.0193371, 50.1494872], [6.0196667, 50.149559], [6.0201986, 50.1496844], [6.0212287, 50.1499271], [6.0212671, 50.1499362], [6.0221563, 50.1501454], [6.0223829, 50.1502152], [6.0228529, 50.1504513], [6.0233275, 50.1506046], [6.0234394, 50.1505318], [6.0244092, 50.1508657], [6.0252564, 50.1512316], [6.0256956, 50.1514589], [6.0268083, 50.1520308], [6.0268811, 50.1520809], [6.02772, 50.1526677], [6.0283291, 50.1534109], [6.0283238, 50.1544901], [6.0279671, 50.1556445], [6.0279637, 50.1559836], [6.0281246, 50.1561114], [6.0280565, 50.156643], [6.0280539, 50.1567621], [6.0282111, 50.1568957], [6.0284537, 50.1569131], [6.0288862, 50.1566946], [6.0289524, 50.1566161], [6.028953, 50.1564085], [6.0289931, 50.1563133], [6.0289997, 50.1562976], [6.0289814, 50.1562646], [6.0289632, 50.1562393], [6.0289305, 50.1560929], [6.0287682, 50.1555348], [6.0287882, 50.155095], [6.0287905, 50.1549335], [6.0288611, 50.1544686], [6.0289156, 50.1541455], [6.0289037, 50.1539748], [6.0288849, 50.1537596], [6.0286403, 50.1531574], [6.0284896, 50.1529161], [6.0282527, 50.1526341], [6.0278169, 50.1522336], [6.0270953, 50.1517911], [6.026823, 50.1516328], [6.0268493, 50.151617], [6.0269727, 50.1515427], [6.0272702, 50.1513634], [6.0271448, 50.1511956], [6.0270514, 50.1509373]]]}}, {"type": "Feature", "properties": {"name": "Dicksgäertchen", "kind": "park"}, "geometry": {"type": "Polygon", "coordinates": [[[6.20367, 49.9332549], [6.2037407, 49.9332548], [6.2038702, 49.9332723], [6.2038893, 49.9332663], [6.2038991, 49.9332562], [6.2039022, 49.9332445], [6.2038916, 49.9331447], [6.2038729, 49.9331349], [6.2036804, 49.9331406], [6.2036735, 49.9332174], [6.20367, 49.9332549]]]}}, {"type": "Feature", "properties": {"name": "Direbond", "kind": "nature_reserve"}, "geometry": {"type": "Polygon", "coordinates": [[[6.0085103, 49.6308654], [6.0093512, 49.6312511], [6.0095399, 49.6311392], [6.0098165, 49.6309605], [6.0096216, 49.6308712], [6.0092437, 49.6306979], [6.0091855, 49.6306713], [6.0086551, 49.6308276], [6.0085103, 49.6308654]]]}}, {"type": "Feature", "properties": {"name": "Ditgesbaach", "kind": "nature_reserve"}, "geometry": {"type": "Polygon", "coordinates": [[[6.1136891, 49.8393707], [6.1145715, 49.8394528], [6.1146877, 49.8394858], [6.11466, 49.8393713], [6.1138656, 49.839296], [6.1137484, 49.8392626], [6.1134725, 49.8392017], [6.1128207, 49.8389019], [6.1127285, 49.8388213], [6.1127202, 49.8387605], [6.1126586, 49.8387588], [6.1126151, 49.8387616], [6.1121602, 49.8385447], [6.1124492, 49.8381965], [6.1124701, 49.8381671], [6.1122046, 49.8380819], [6.1118092, 49.8379097], [6.1112583, 49.8376871], [6.1108895, 49.8375491], [6.1105666, 49.8374427], [6.1103652, 49.8373843], [6.1098095, 49.8372255], [6.1096349, 49.8371772], [6.1093896, 49.8371081], [6.1092411, 49.8370567], [6.1091033, 49.8370179], [6.1089504, 49.8370154], [6.108843, 49.8370249], [6.1086928, 49.8370544], [6.1084671, 49.8371242], [6.1080154, 49.8372829], [6.1074283, 49.8374155], [6.1072013, 49.8374764], [6.1066431, 49.8376738], [6.1061779, 49.8378011], [6.1057451, 49.8379471], [6.1054755, 49.8380361], [6.1053333, 49.8380715], [6.1052173, 49.8380927], [6.1050651, 49.8381105], [6.104905, 49.8381085], [6.1047617, 49.8380946], [6.1046456, 49.8380653], [6.104568, 49.8380394], [6.1044893, 49.8380083], [6.1044096, 49.8379566], [6.1043075, 49.8378567], [6.1042614, 49.8378498], [6.1040866, 49.8378257], [6.1038606, 49.8377928], [6.1036698, 49.8377576], [6.1034471, 49.8377181], [6.1033284, 49.8377145], [6.1031081, 49.8377613], [6.1029653, 49.8378892], [6.1030135, 49.8379826], [6.1031476, 49.8380898], [6.1035097, 49.8383995], [6.1033032, 49.8385093], [6.1021811, 49.8396072], [6.1019935, 49.8398169], [6.1019039, 49.8400446], [6.1018089, 49.8401923], [6.1019883, 49.8402545], [6.1022107, 49.8403168], [6.1025849, 49.8403983], [6.1028544, 49.8404435], [6.1030915, 49.8404729], [6.1037046, 49.840508], [6.1040908, 49.8404977], [6.1041324, 49.8405478], [6.1039084, 49.8407454], [6.1037737, 49.840832], [6.1039436, 49.8408807], [6.1040452, 49.8409128], [6.1042114, 49.8410263], [6.104275, 49.8410726], [6.1043303, 49.8411234], [6.1042954, 49.8411748], [6.1041499, 49.8412444], [6.103696, 49.8413945], [6.1031796, 49.8415567], [6.1031037, 49.8414855], [6.1030704, 49.841496], [6.1027926, 49.8416108], [6.1030187, 49.8419146], [6.1035405, 49.8422909], [6.1036837, 49.8421197], [6.1037962, 49.8419997], [6.1038831, 49.8419258], [6.1039488, 49.8418982], [6.1043296, 49.8418004], [6.1045308, 49.8417563], [6.1046609, 49.8417277], [6.1048057, 49.8416776], [6.1049107, 49.8416456], [6.105224, 49.8414986], [6.1052502, 49.8414901], [6.1059241, 49.8411913], [6.1060106, 49.8411161], [6.1061226, 49.8412769], [6.1062387, 49.8414095], [6.1063009, 49.8414992], [6.1060257, 49.8417742], [6.1061476, 49.8420024], [6.1066458, 49.8425129], [6.1066309, 49.8426841], [6.1073966, 49.8427948], [6.1075255, 49.8428039], [6.1075565, 49.8427995], [6.1075822, 49.8427914], [6.1076369, 49.8427627], [6.1076915, 49.8427196], [6.1079461, 49.8424962], [6.1080024, 49.8425108], [6.1080899, 49.8425879], [6.1084895, 49.8428272], [6.1086459, 49.842688], [6.1087947, 49.8427462], [6.1089481, 49.8426073], [6.1093405, 49.8427422], [6.109516, 49.8425804], [6.109597, 49.8425011], [6.1096342, 49.8422059], [6.1101909, 49.842346], [6.1102695, 49.8423425], [6.1103869, 49.8423283], [6.1107977, 49.8418019], [6.1106743, 49.8415675], [6.1106917, 49.8412311], [6.1108406, 49.8408981], [6.1111436, 49.8405048], [6.1115616, 49.8401158], [6.1119094, 49.8399112], [6.1121115, 49.8398442], [6.1127537, 49.839743], [6.1136482, 49.8396751], [6.1136575, 49.8395133], [6.1136891, 49.8393707]]]}}, {"type": "Feature", "properties": {"name": "Ellergronn", "kind": "nature_reserve"}, "geometry": {"type": "Polygon", "coordinates": [[[5.9825788, 49.4635187], [5.981989, 49.46278], [5.9815617, 49.46182], [5.9814384, 49.4612192], [5.980421, 49.46114], [5.9803677, 49.461132], [5.9801464, 49.46108], [5.979574, 49.46094], [5.979418, 49.460907], [5.979311, 49.460907], [5.9787197, 49.46118], [5.9783955, 49.461643], [5.978159, 49.461964], [5.978052, 49.462097], [5.9779644, 49.462193], [5.977846, 49.462322], [5.977644, 49.462444], [5.97748, 49.462532], [5.977297, 49.462627], [5.977087, 49.462673], [5.976862, 49.46271], [5.976698, 49.462734], [5.9765224, 49.462753], [5.976366, 49.462765], [5.9757786, 49.462788], [5.975725, 49.463043], [5.9757595, 49.46343], [5.975565, 49.46372], [5.9754047, 49.46389], [5.975134, 49.464188], [5.974699, 49.464504], [5.974436, 49.464806], [5.9743443, 49.46493], [5.974283, 49.46502], [5.9740047, 49.465485], [5.973959, 49.466793], [5.973627, 49.46859], [5.972868, 49.469143], [5.972246, 49.469353], [5.971941, 49.469566], [5.971964, 49.46976], [5.971983, 49.46983], [5.9720173, 49.469917], [5.9720516, 49.469982], [5.972082, 49.470028], [5.9722004, 49.470165], [5.9723454, 49.47031], [5.972685, 49.47067], [5.9727535, 49.470776], [5.9727764, 49.47084], [5.972788, 49.470905], [5.9727993, 49.471104], [5.972788, 49.471188], [5.972761, 49.4713], [5.9727383, 49.47137], [5.9726887, 49.471478], [5.9724865, 49.471817], [5.972349, 49.472057], [5.9722805, 49.472206], [5.972254, 49.47228], [5.9722233, 49.472393], [5.9760775, 49.4722845], [5.9758892, 49.4733415], [5.9760636, 49.4733641], [5.9759769, 49.4739857], [5.9760096, 49.4741413], [5.9761868, 49.4741406], [5.976185, 49.4741809], [5.9761853, 49.4744001], [5.9788983, 49.4744208], [5.9815753, 49.4751587], [5.981888, 49.4749234], [5.9824775, 49.4744524], [5.9838152, 49.4734332], [5.98407, 49.4732084], [5.9844683, 49.4729252], [5.9846574, 49.4727788], [5.9849967, 49.4724694], [5.9854527, 49.4721679], [5.9856176, 49.4719997], [5.9858, 49.4718812], [5.9862372, 49.4715391], [5.9865919, 49.4712781], [5.9867375, 49.4711604], [5.9868434, 49.4710489], [5.9870043, 49.4709452], [5.9874456, 49.4706123], [5.987687, 49.4703804], [5.9880249, 49.4701678], [5.9882717, 49.4699743], [5.988442, 49.469793], [5.9889558, 49.4694278], [5.9894103, 49.4690662], [5.9875411, 49.4686217], [5.9866399, 49.4673423], [5.9847757, 49.4662894], [5.9833542, 49.4653934], [5.9829317, 49.4650186], [5.9825788, 49.4635187]]]}}, {"type": "Feature", "properties": {"name": "Elteschmuer", "kind": "nature_reserve"}, "geometry": {"type": "Polygon", "coordinates": [[[6.2577066, 49.8373616], [6.2569328, 49.837914], [6.2573662, 49.8380631], [6.2575158, 49.8381286], [6.2581962, 49.8384356], [6.2585264, 49.8386136], [6.2594495, 49.8391486], [6.2599098, 49.8394055], [6.2601384, 49.8395657], [6.2606586, 49.8399441], [6.2610699, 49.8402336], [6.2613584, 49.8404272], [6.2616469, 49.8406014], [6.2619046, 49.8407479], [6.2620825, 49.8408389], [6.2624445, 49.8409893], [6.2625979, 49.8410407], [6.2631488, 49.8406477], [6.2640425, 49.8399889], [6.2643567, 49.8397561], [6.2643166, 49.8396172], [6.2641986, 49.8394693], [6.2641762, 49.8394179], [6.2641087, 49.8393093], [6.263912, 49.8391128], [6.2638058, 49.8390996], [6.2636765, 49.8390636], [6.2626051, 49.8384598], [6.2621856, 49.837979], [6.261633, 49.8375699], [6.2611194, 49.8371227], [6.2610054, 49.8370751], [6.2605575, 49.8369583], [6.2603872, 49.8368459], [6.2603239, 49.8367252], [6.2602182, 49.8365572], [6.2599855, 49.8366874], [6.2598801, 49.8367145], [6.2592058, 49.8366864], [6.2589427, 49.8366824], [6.2586896, 49.836688], [6.2583782, 49.8368989], [6.2582755, 49.8369709], [6.2577066, 49.8373616]]]}}, {"type": "Feature", "properties": {"name": "Europa Monument", "kind": "park"}, "geometry": {"type": "Polygon", "coordinates": [[[6.1356785, 50.1297483], [6.1355682, 50.1299412], [6.1355525, 50.1299423], [6.135539, 50.1299476], [6.1355309, 50.129955], [6.1355277, 50.1299638], [6.1355299, 50.1299727], [6.1355372, 50.1299804], [6.1355162, 50.1299998], [6.1354057, 50.1302164], [6.1356428, 50.1303868], [6.1357261, 50.1305551], [6.135767, 50.1306871], [6.1358382, 50.1307833], [6.1360717, 50.130786], [6.1363529, 50.1307765], [6.1365042, 50.1307545], [6.1365715, 50.1307411], [6.1365888, 50.1307289], [6.1362565, 50.1302949], [6.1362504, 50.130287], [6.1363323, 50.1302472], [6.1363095, 50.1302131], [6.1362078, 50.1300883], [6.1360927, 50.1299276], [6.135955, 50.1298476], [6.1356785, 50.1297483]]]}}, {"type": "Feature", "properties": {"name": "Fensterdall Zone A", "kind": "nature_reserve"}, "geometry": {"type": "Polygon", "coordinates": [[[6.0349233, 49.758179], [6.0350776, 49.7585645], [6.0352559, 49.7588235], [6.0354993, 49.759083], [6.0360655, 49.7588906], [6.0358866, 49.7584695], [6.0358238, 49.7582809], [6.0358232, 49.7581045], [6.0358393, 49.757997], [6.0359278, 49.7578879], [6.0370418, 49.7572558], [6.034863, 49.7568759], [6.0348254, 49.7570111], [6.0348254, 49.7572615], [6.0349233, 49.758179]]]}}, {"type": "Feature", "properties": {"name": "Fensterdall Zone B", "kind": "nature_reserve"}, "geometry": {"type": "Polygon", "coordinates": [[[6.0380954, 49.7573561], [6.0380044, 49.7573103], [6.0378688, 49.7570985], [6.0370773, 49.7558623], [6.0368815, 49.7554479], [6.0367706, 49.7551585], [6.0366929, 49.7549303], [6.036642, 49.7547979], [6.0366015, 49.7547016], [6.0365693, 49.7546463], [6.0365415, 49.7546205], [6.0364902, 49.7545929], [6.0364013, 49.7545682], [6.0362993, 49.7545547], [6.0360839, 49.7544988], [6.0359299, 49.7544285], [6.035851, 49.7543844], [6.035765, 49.7543165], [6.0357186, 49.7542343], [6.0356623, 49.7541528], [6.0356529, 49.7541554], [6.035669, 49.7542195], [6.0356348, 49.7543551], [6.0355268, 49.7545141], [6.03544, 49.7548732], [6.0351594, 49.7559376], [6.034863, 49.7568759], [6.0370418, 49.7572558], [6.0359278, 49.7578879], [6.0358393, 49.757997], [6.0358232, 49.7581045], [6.0358238, 49.7582809], [6.0358866, 49.7584695], [6.0360655, 49.7588906], [6.0354993, 49.759083], [6.0357575, 49.7593867], [6.0361505, 49.759326], [6.0377754, 49.759176], [6.0384144, 49.7591089], [6.0386184, 49.7590449], [6.0387509, 49.7589594], [6.0388864, 49.7588021], [6.0390262, 49.7585564], [6.0392258, 49.7581799], [6.0393246, 49.757993], [6.0393277, 49.7579151], [6.0393159, 49.757859], [6.0392831, 49.7578033], [6.0392224, 49.7577455], [6.0391198, 49.757675], [6.039049, 49.7576403], [6.0380954, 49.7573561]]]}}, {"type": "Feature", "properties": {"name": "Gellene Greff", "kind": "park"}, "geometry": {"type": "Polygon", "coordinates": [[[6.1244577, 49.6287067], [6.1243551, 49.6285204], [6.1242573, 49.6285513], [6.1241082, 49.6285984], [6.1241224, 49.6287222], [6.1241896, 49.6288053], [6.124386, 49.628733], [6.1244577, 49.6287067]]]}}, {"type": "Feature", "properties": {"name": "Gemeng Viichten", "kind": "park"}, "geometry": {"type": "Polygon", "coordinates": [[[5.9963921, 49.8037669], [5.9963277, 49.8037704], [5.9963223, 49.8038188], [5.9961855, 49.8038024], [5.9959703, 49.8038876], [5.9959592, 49.8038759], [5.9957182, 49.8036565], [5.9955975, 49.8037189], [5.9955834, 49.8037111], [5.9953849, 49.8038283], [5.9954023, 49.8038491], [5.9955639, 49.8040443], [5.9960058, 49.8040292], [5.9961037, 49.8040525], [5.996384, 49.8040486], [5.996561, 49.8040436], [5.996674, 49.804079], [5.9966612, 49.8040407], [5.9963921, 49.8037669]]]}}, {"type": "Feature", "properties": {"name": "Hautbellain - Fooschtbaach", "kind": "nature_reserve"}, "geometry": {"type": "Polygon", "coordinates": [[[5.9741377, 50.1687046], [5.9735095, 50.1690057], [5.9720974, 50.1696201], [5.9715315, 50.169882], [5.9710195, 50.1701142], [5.9702903, 50.1704614], [5.9697041, 50.1707364], [5.9690343, 50.1710468], [5.968628, 50.1712293], [5.9682458, 50.1713999], [5.9679713, 50.1715267], [5.9677264, 50.1716345], [5.9673905, 50.1718004], [5.9671103, 50.1719462], [5.9668448, 50.1721063], [5.9667037, 50.1721846], [5.9665663, 50.1722771], [5.9663342, 50.1724254], [5.9659126, 50.172716], [5.9655578, 50.1729771], [5.9654653, 50.1730334], [5.9656571, 50.1730306], [5.9657781, 50.1730271], [5.9661939, 50.1730104], [5.9664611, 50.1729973], [5.9666755, 50.1729809], [5.9668344, 50.1729495], [5.9671229, 50.1728925], [5.9673486, 50.1728612], [5.9676957, 50.1728305], [5.9679225, 50.1728266], [5.9679082, 50.1727854], [5.9678812, 50.172715], [5.9690103, 50.1723989], [5.9694432, 50.1722386], [5.969816, 50.1721274], [5.9699632, 50.1720774], [5.9702437, 50.171926], [5.9703034, 50.1718827], [5.9708193, 50.1712071], [5.9708858, 50.1711239], [5.9709073, 50.171097], [5.9710103, 50.1711219], [5.971201, 50.1708278], [5.9714977, 50.1705573], [5.9719959, 50.1702361], [5.9723611, 50.1704395], [5.9733615, 50.1709741], [5.9744053, 50.1698065], [5.9745466, 50.1696426], [5.9749591, 50.1696113], [5.9753113, 50.1695974], [5.9753921, 50.1696013], [5.9759662, 50.1695242], [5.9767033, 50.1694043], [5.976989, 50.1693357], [5.9772643, 50.1692483], [5.9777722, 50.16907], [5.9781327, 50.1689975], [5.9782988, 50.1689828], [5.9786251, 50.1689607], [5.9791521, 50.1690406], [5.9794846, 50.1690968], [5.9795907, 50.1691317], [5.9797402, 50.1691793], [5.9799366, 50.1692225], [5.9801567, 50.1690302], [5.9806979, 50.168464], [5.9811927, 50.1680419], [5.9815474, 50.167765], [5.9816785, 50.1676909], [5.9817998, 50.1676298], [5.9822716, 50.1674278], [5.982392, 50.1673713], [5.9825818, 50.1672687], [5.9826553, 50.1672208], [5.98292, 50.1670793], [5.9830679, 50.167019], [5.9833914, 50.1669514], [5.9838772, 50.166877], [5.9841102, 50.1668414], [5.9844321, 50.1667693], [5.9845275, 50.1667319], [5.9845887, 50.1667026], [5.9846199, 50.1666728], [5.9846584, 50.1666342], [5.9846745, 50.166598], [5.984693, 50.1665564], [5.9847227, 50.1664103], [5.9846945, 50.1663247], [5.9846519, 50.1662968], [5.9844279, 50.1662646], [5.9839215, 50.1662764], [5.9837401, 50.1662641], [5.9830575, 50.166135], [5.9828914, 50.1661184], [5.982154, 50.1661408], [5.9818461, 50.1661393], [5.9814572, 50.1661087], [5.9810796, 50.166044], [5.9809069, 50.1660035], [5.9805952, 50.1658902], [5.9803944, 50.1657616], [5.9803186, 50.1656555], [5.9800996, 50.1653398], [5.9799676, 50.1652427], [5.9796784, 50.1650736], [5.9795394, 50.1649477], [5.9793971, 50.1647511], [5.9793779, 50.1647245], [5.9792921, 50.1646055], [5.9789714, 50.1649618], [5.9786739, 50.1652765], [5.9783159, 50.1656595], [5.9782044, 50.1657871], [5.9779609, 50.1658007], [5.9779075, 50.1657909], [5.9774452, 50.1659287], [5.9770734, 50.1659747], [5.9767608, 50.1660005], [5.9767311, 50.166003], [5.9756247, 50.1659999], [5.9757349, 50.1663786], [5.9754862, 50.1664124], [5.9750448, 50.1664754], [5.9744426, 50.1664486], [5.9736674, 50.1663997], [5.9729002, 50.1663137], [5.9725047, 50.1662133], [5.9723783, 50.1661568], [5.9721006, 50.1659764], [5.9718794, 50.1657092], [5.9717351, 50.1653455], [5.9710627, 50.1654251], [5.9702661, 50.1654368], [5.9699092, 50.1654563], [5.9694738, 50.1655657], [5.9694121, 50.1655355], [5.9690299, 50.1653481], [5.9678277, 50.1647586], [5.9675411, 50.1650164], [5.9674717, 50.1650774], [5.9677086, 50.1651969], [5.9679692, 50.1653367], [5.9681256, 50.16543], [5.9684015, 50.1656505], [5.9686194, 50.1658875], [5.9689479, 50.1663608], [5.9691463, 50.1666203], [5.969217, 50.166702], [5.9692417, 50.1667329], [5.9693325, 50.166817], [5.9694228, 50.1668873], [5.9694795, 50.166924], [5.9695526, 50.1669643], [5.9696881, 50.1670212], [5.9696426, 50.1668967], [5.96963, 50.1668644], [5.9698244, 50.1668527], [5.9701165, 50.1664705], [5.9703998, 50.1661105], [5.9718193, 50.1663059], [5.9718931, 50.166413], [5.972116, 50.1664696], [5.9722615, 50.1665161], [5.9725249, 50.1666364], [5.9726485, 50.1666994], [5.9729014, 50.1668669], [5.9729388, 50.1672715], [5.9733114, 50.1674224], [5.9733978, 50.1671975], [5.9743692, 50.1678777], [5.9746717, 50.1680305], [5.9749187, 50.1681707], [5.9750168, 50.1682164], [5.9750472, 50.1682367], [5.9746879, 50.168434], [5.9741377, 50.1687046]]]}}, {"type": "Feature", "properties": {"name": "Hesperpark", "kind": "park"}, "geometry": {"type": "Polygon", "coordinates": [[[6.1550642, 49.5708302], [6.1550446, 49.5708554], [6.1550722, 49.5708697], [6.155353, 49.570955], [6.155952, 49.5711224], [6.1560489, 49.5711262], [6.1561374, 49.5711535], [6.1562323, 49.5711928], [6.1562364, 49.5712364], [6.1561943, 49.5712689], [6.1563219, 49.5713023], [6.1563671, 49.5713603], [6.1564147, 49.5714433], [6.1564448, 49.5715125], [6.1564623, 49.5715803], [6.1564663, 49.5716351], [6.1564603, 49.5717314], [6.156185, 49.5717864], [6.1558963, 49.571859], [6.155524, 49.5720297], [6.1552944, 49.5721339], [6.1553985, 49.5722264], [6.1554799, 49.5722987], [6.1558078, 49.5725778], [6.1559285, 49.5726031], [6.1559426, 49.5727161], [6.1561536, 49.572748], [6.1561319, 49.5728125], [6.1561023, 49.5728083], [6.1560097, 49.5729772], [6.1560446, 49.5729871], [6.156143, 49.5730162], [6.1562554, 49.5730495], [6.1563971, 49.5730914], [6.1564744, 49.5729666], [6.1565495, 49.5728822], [6.1566822, 49.5728457], [6.1568351, 49.5728579], [6.1568901, 49.5728848], [6.1569066, 49.5729605], [6.1570007, 49.5730661], [6.1569907, 49.5730888], [6.1569302, 49.5731116], [6.1567793, 49.5732084], [6.1571018, 49.5732986], [6.1571467, 49.5732588], [6.1572501, 49.5731671], [6.1572753, 49.5731794], [6.1572899, 49.5731807], [6.1573021, 49.573178], [6.1573092, 49.5731675], [6.1573045, 49.5731001], [6.1573199, 49.573047], [6.1573964, 49.5729627], [6.1575808, 49.5728631], [6.1576699, 49.5728327], [6.1578668, 49.5728164], [6.157802, 49.5727735], [6.1578047, 49.5725596], [6.1574064, 49.5725979], [6.1573796, 49.5725187], [6.1576518, 49.5724178], [6.1578941, 49.5722974], [6.1581769, 49.5720912], [6.1583059, 49.5721186], [6.1583412, 49.572126], [6.1586312, 49.5720334], [6.1587694, 49.5719647], [6.1588207, 49.5718563], [6.1588554, 49.571783], [6.1588379, 49.5717789], [6.1588233, 49.5717713], [6.1588146, 49.5717628], [6.1588098, 49.5717532], [6.1588093, 49.571743], [6.1588131, 49.5717331], [6.1588203, 49.5717248], [6.1588305, 49.5717181], [6.1588429, 49.5717132], [6.1588569, 49.5717106], [6.158873, 49.5717105], [6.1588885, 49.5717133], [6.1589259, 49.5716338], [6.1589725, 49.5715358], [6.1589976, 49.5714858], [6.1589467, 49.5714507], [6.1592109, 49.5709324], [6.1593775, 49.5709924], [6.1597834, 49.5705012], [6.1597346, 49.5704949], [6.1597574, 49.5704218], [6.1596461, 49.570374], [6.1591418, 49.5703514], [6.1589836, 49.5702879], [6.1587945, 49.5702609], [6.1586757, 49.570257], [6.1586104, 49.5702549], [6.1580709, 49.5703731], [6.1579244, 49.5704666], [6.1578892, 49.5704892], [6.1578044, 49.5705232], [6.1577665, 49.5705295], [6.157731, 49.5705223], [6.1576632, 49.5704732], [6.1576062, 49.5704107], [6.1575687, 49.5703357], [6.1575556, 49.5702596], [6.1575479, 49.5701775], [6.1575982, 49.5701527], [6.1575942, 49.5699313], [6.1576062, 49.5698043], [6.1576626, 49.5696804], [6.1577504, 49.5695947], [6.1578436, 49.5695238], [6.157901, 49.5695217], [6.1579346, 49.5694993], [6.15797, 49.5694784], [6.1579955, 49.5694251], [6.1586684, 49.5693499], [6.1596628, 49.5692484], [6.1597842, 49.5689594], [6.1598311, 49.5689648], [6.1598717, 49.5688942], [6.1597292, 49.5688789], [6.1596166, 49.5691429], [6.157558, 49.5693303], [6.1574802, 49.5693869], [6.1574347, 49.5693872], [6.1572925, 49.5693883], [6.1572441, 49.5693886], [6.1571087, 49.5694071], [6.1567815, 49.5693956], [6.1552003, 49.5687485], [6.1550102, 49.5686363], [6.1549507, 49.5688481], [6.154714, 49.5694919], [6.1542696, 49.5693616], [6.1541886, 49.5695703], [6.1540391, 49.5695497], [6.1541192, 49.5693104], [6.1533958, 49.5692182], [6.1533822, 49.5693753], [6.1533618, 49.5696091], [6.1540086, 49.5697152], [6.1539256, 49.5699353], [6.1540484, 49.5699562], [6.153876, 49.5703823], [6.1538371, 49.5704856], [6.1542434, 49.570574], [6.1542494, 49.5705588], [6.1546974, 49.5706588], [6.1549854, 49.5707486], [6.1550732, 49.5707759], [6.1550732, 49.5708034], [6.1550642, 49.5708302]]]}}, {"type": "Feature", "properties": {"name": "Häeregaart", "kind": "park"}, "geometry": {"type": "Polygon", "coordinates": [[[5.8443363, 49.9197372], [5.844384, 49.9195994], [5.8443511, 49.9195792], [5.8437113, 49.9194946], [5.8433452, 49.9195291], [5.8433801, 49.9198262], [5.8443363, 49.9197372]]]}}, {"type": "Feature", "properties": {"name": "Jardin Anglais", "kind": "park"}, "geometry": {"type": "Polygon", "coordinates": [[[6.119874, 49.5951321], [6.1201532, 49.5951445], [6.1205823, 49.5950009], [6.1211957, 49.5949253], [6.1215828, 49.5948182], [6.121584, 49.5948002], [6.1215952, 49.5946355], [6.1215993, 49.594575], [6.121329, 49.5945064], [6.1212698, 49.594461], [6.1211779, 49.594416], [6.1212233, 49.5943752], [6.1213047, 49.5942667], [6.1211143, 49.594205], [6.1210356, 49.594263], [6.1209712, 49.5942234], [6.120825, 49.5941335], [6.1206829, 49.5940831], [6.1205434, 49.5940048], [6.1203617, 49.5938667], [6.1203249, 49.5938397], [6.1200906, 49.5939411], [6.1200275, 49.593977], [6.1201926, 49.5942914], [6.1196384, 49.5943688], [6.1189889, 49.594577], [6.1193165, 49.5947261], [6.1190439, 49.5948868], [6.1192612, 49.5950741], [6.1198302, 49.5950678], [6.119874, 49.5951321]]]}}, {"type": "Feature", "properties": {"name": "Jardin Clara Reinert", "kind": "park"}, "geometry": {"type": "Polygon", "coordinates": [[[6.2647741, 49.5042985], [6.2647567, 49.5044154], [6.2647507, 49.504456], [6.2647475, 49.5044748], [6.2645701, 49.5044788], [6.2643475, 49.504463], [6.2640397, 49.5044862], [6.2639411, 49.5044892], [6.263758, 49.5045023], [6.2636173, 49.5045237], [6.2635913, 49.5045304], [6.2634754, 49.504583], [6.2633661, 49.5046555], [6.2633315, 49.5044906], [6.2633244, 49.5044312], [6.263413, 49.504374], [6.2635521, 49.5043055], [6.2636737, 49.5042663], [6.2636956, 49.5042592], [6.2637103, 49.5042557], [6.2639022, 49.5042098], [6.2642237, 49.5041855], [6.2642661, 49.5041849], [6.2643893, 49.5041834], [6.2645318, 49.5041849], [6.2647906, 49.5041968], [6.2647741, 49.5042985]]]}}, {"type": "Feature", "properties": {"name": "Jardin de Wiltz", "kind": "park"}, "geometry": {"type": "Polygon", "coordinates": [[[5.9335071, 49.9612615], [5.9337135, 49.9611556], [5.9341131, 49.9611382], [5.9341624, 49.9612633], [5.9345852, 49.9609882], [5.9346191, 49.9609579], [5.9345829, 49.9609235], [5.9343098, 49.9606639], [5.9341832, 49.9605435], [5.9339332, 49.9602954], [5.933873, 49.9602356], [5.933788, 49.960161], [5.9337036, 49.9600868], [5.9332224, 49.9597028], [5.9330155, 49.9595377], [5.9329326, 49.9595114], [5.9327215, 49.9595565], [5.9326354, 49.9596228], [5.9323945, 49.9595787], [5.9319258, 49.959493], [5.931586, 49.9593759], [5.9311533, 49.959205], [5.9309474, 49.9591861], [5.9309222, 49.959249], [5.9307756, 49.9591783], [5.9306086, 49.9593042], [5.9313722, 49.9598149], [5.9318729, 49.9601272], [5.9318458, 49.9601891], [5.9324047, 49.9605469], [5.9328739, 49.9609162], [5.9335071, 49.9612615]]]}}, {"type": "Feature", "properties": {"name": "Jardin du multilinguisme", "kind": "park"}, "geometry": {"type": "Polygon", "coordinates": [[[6.1435019, 49.6234711], [6.1433582, 49.6235702], [6.1430633, 49.623434], [6.1425861, 49.623198], [6.1421273, 49.6229539], [6.1418572, 49.6227938], [6.1426128, 49.6222606], [6.1427353, 49.622333], [6.1428463, 49.6222585], [6.1438256, 49.6228511], [6.1440456, 49.6229842], [6.1438745, 49.6230969], [6.1438722, 49.6231478], [6.1435611, 49.6233805], [6.1435019, 49.6234711]]]}}, {"type": "Feature", "properties": {"name": "Jardin à Suivre", "kind": "park"}, "geometry": {"type": "Polygon", "coordinates": [[[6.0044655, 50.1213066], [6.0048197, 50.1213784], [6.0048785, 50.1213914], [6.0046999, 50.1217263], [6.0047921, 50.1217406], [6.0047927, 50.1217656], [6.0047673, 50.1217957], [6.0048051, 50.1218015], [6.0048826, 50.1218026], [6.0053232, 50.1209569], [6.0057758, 50.1209603], [6.0057748, 50.1209347], [6.0057195, 50.1204913], [6.0055853, 50.120487], [6.0055853, 50.1202273], [6.0055183, 50.1202255], [6.0055188, 50.1199712], [6.0053525, 50.1199238], [6.0053506, 50.1197595], [6.0052997, 50.1196062], [6.0052054, 50.1194688], [6.0048333, 50.1191741], [6.0041198, 50.1194794], [6.003811, 50.1192111], [6.0037288, 50.1192397], [6.0036687, 50.1192466], [6.0036194, 50.1192377], [6.0035482, 50.1192754], [6.0040072, 50.1196194], [6.003898, 50.1196785], [6.0041369, 50.1198951], [6.0041372, 50.1200424], [6.0043582, 50.1200854], [6.0043287, 50.1202935], [6.0046416, 50.1203284], [6.0046996, 50.1204465], [6.004616, 50.1205023], [6.0046122, 50.120613], [6.0046079, 50.1207547], [6.0045909, 50.1208794], [6.0045787, 50.1209442], [6.0045204, 50.1210967], [6.0044418, 50.1212654], [6.004436, 50.1213004], [6.0044655, 50.1213066]]]}}, {"type": "Feature", "properties": {"name": "Jardin éphémère", "kind": "park"}, "geometry": {"type": "Polygon", "coordinates": [[[6.1713656, 49.6301382], [6.1714074, 49.6301637], [6.1718636, 49.6304427], [6.1722625, 49.6306866], [6.1723655, 49.6307496], [6.1730498, 49.6311681], [6.1730799, 49.6311469], [6.173149, 49.6310995], [6.1734775, 49.6308745], [6.1735185, 49.6308466], [6.173562, 49.6308167], [6.1727743, 49.6303351], [6.1718778, 49.6297868], [6.1713656, 49.6301382]]]}}, {"type": "Feature", "properties": {"name": "Jardins de Baxeras", "kind": "park"}, "geometry": {"type": "Polygon", "coordinates": [[[6.4399704, 49.6799549], [6.4401492, 49.6800611], [6.4401642, 49.6800508], [6.4403718, 49.6801758], [6.4403029, 49.6802242], [6.4408033, 49.6805214], [6.4410383, 49.6803851], [6.4410677, 49.6804054], [6.4411051, 49.6803838], [6.4411455, 49.6803755], [6.4411862, 49.680382], [6.4412787, 49.6804182], [6.4412288, 49.6804741], [6.4412518, 49.6804909], [6.4413282, 49.6804482], [6.4413691, 49.6804187], [6.4413761, 49.6803968], [6.4413644, 49.6803726], [6.4413446, 49.6803643], [6.4411982, 49.6803043], [6.4410858, 49.6802649], [6.4410648, 49.6802804], [6.4410438, 49.6802849], [6.4410218, 49.6802834], [6.4410028, 49.6802762], [6.44099, 49.6802645], [6.4409858, 49.6802505], [6.4409909, 49.6802366], [6.4409084, 49.6802249], [6.440663, 49.6801797], [6.4405875, 49.6801315], [6.4405967, 49.6801244], [6.4403597, 49.6799814], [6.440333, 49.6799651], [6.4401265, 49.6798386], [6.4399704, 49.6799549]]]}}, {"type": "Feature", "properties": {"name": "Jeannot Belling", "kind": "park"}, "geometry": {"type": "Polygon", "coordinates": [[[6.365365, 49.5434032], [6.3653795, 49.5433259], [6.3655043, 49.543198], [6.3653889, 49.5431275], [6.3655101, 49.5430359], [6.3655673, 49.5429926], [6.3654251, 49.5428838], [6.3654949, 49.5428308], [6.3653883, 49.5427221], [6.3653406, 49.5426734], [6.365169, 49.5424983], [6.3652594, 49.5423654], [6.3651717, 49.5422625], [6.3648029, 49.5419352], [6.3646037, 49.5417865], [6.3645755, 49.5417908], [6.3636267, 49.5423991], [6.3634457, 49.5425523], [6.363278, 49.5427585], [6.363211, 49.5429308], [6.3631922, 49.5431223], [6.3632391, 49.543178], [6.363504, 49.5432641], [6.3635241, 49.5432354], [6.3640257, 49.5433446], [6.3640083, 49.5433816], [6.3648579, 49.5434417], [6.3651371, 49.54349], [6.3651516, 49.5434565], [6.3651876, 49.5434309], [6.365365, 49.5434032]]]}}, {"type": "Feature", "properties": {"name": "Kannerbongert", "kind": "park"}, "geometry": {"type": "Polygon", "coordinates": [[[6.2609625, 49.5972004], [6.260384, 49.5969308], [6.2608986, 49.5959054], [6.2615507, 49.5960103], [6.2612635, 49.5967279], [6.2609625, 49.5972004]]]}}, {"type": "Feature", "properties": {"name": "Kasselslay-Zogel", "kind": "nature_reserve"}, "geometry": {"type": "Polygon", "coordinates": [[[6.1191503, 50.0645259], [6.1186476, 50.0645175], [6.118487, 50.0645409], [6.1182395, 50.0645929], [6.1175188, 50.0648308], [6.116445, 50.0654744], [6.1159432, 50.0657158], [6.1155758, 50.0658715], [6.1149896, 50.0659164], [6.1146864, 50.0658743], [6.1137667, 50.0656129], [6.1136259, 50.0655515], [6.1135308, 50.0654735], [6.1134424, 50.0652523], [6.1137091, 50.0646458], [6.1138208, 50.0639537], [6.1139431, 50.0635756], [6.1135227, 50.0628261], [6.1131022, 50.0622194], [6.1123399, 50.0605023], [6.1119957, 50.0606049], [6.1115354, 50.0607165], [6.1116738, 50.0608308], [6.1118287, 50.0610663], [6.1120778, 50.0613234], [6.1124139, 50.0616484], [6.1125872, 50.061816], [6.1127303, 50.0620938], [6.1125069, 50.0622023], [6.1129279, 50.062789], [6.1131324, 50.0632458], [6.1132688, 50.0636737], [6.1119185, 50.0638101], [6.1104989, 50.0639521], [6.1104353, 50.0639586], [6.1106231, 50.0641648], [6.1106985, 50.064304], [6.1107556, 50.0644161], [6.1105715, 50.0643739], [6.1104285, 50.0645458], [6.1110767, 50.0649443], [6.11159, 50.0652649], [6.1117929, 50.0653897], [6.1118417, 50.0654136], [6.112385, 50.0657484], [6.1124999, 50.0658181], [6.112637, 50.0659012], [6.1126801, 50.0659291], [6.1126289, 50.0659567], [6.1124706, 50.0660418], [6.1123438, 50.0660809], [6.112126, 50.0661593], [6.1121117, 50.0661702], [6.1121046, 50.0662446], [6.1124918, 50.0661335], [6.1126336, 50.0661115], [6.1130816, 50.0660151], [6.1137092, 50.0659101], [6.1138693, 50.0658649], [6.1146746, 50.0660697], [6.1140619, 50.0671067], [6.1138565, 50.0673634], [6.1141388, 50.0677489], [6.1141959, 50.0679503], [6.1139527, 50.067916], [6.1137485, 50.0678499], [6.1136739, 50.0678258], [6.1133093, 50.0679089], [6.1130209, 50.0680122], [6.1128047, 50.0680727], [6.1126716, 50.0680762], [6.1125385, 50.0681333], [6.1123943, 50.0682795], [6.1122202, 50.068396], [6.1119948, 50.0685469], [6.1117285, 50.0688072], [6.1116729, 50.0689713], [6.1113897, 50.0693387], [6.1112408, 50.0699498], [6.1112336, 50.0701128], [6.1114272, 50.070484], [6.1113168, 50.0709478], [6.1112184, 50.0712387], [6.1110708, 50.0716257], [6.1110579, 50.0717324], [6.1110739, 50.071984], [6.1110925, 50.072078], [6.1111232, 50.0722333], [6.1107486, 50.072421], [6.1116062, 50.0727437], [6.1119937, 50.0728921], [6.1124201, 50.0730473], [6.1139452, 50.0736159], [6.1149606, 50.0740094], [6.1150011, 50.074008], [6.1156885, 50.0740019], [6.1159661, 50.0739678], [6.1160902, 50.0739907], [6.1163796, 50.0739732], [6.1166134, 50.0736741], [6.1166355, 50.0736884], [6.1168868, 50.0734538], [6.1171902, 50.0731999], [6.1172579, 50.0731456], [6.117432, 50.0730415], [6.1176532, 50.072921], [6.1178206, 50.0728498], [6.1179526, 50.0728049], [6.1183755, 50.0726816], [6.1188551, 50.0724718], [6.1189811, 50.0724049], [6.1190914, 50.072362], [6.1193615, 50.0723381], [6.1197298, 50.0723249], [6.1200194, 50.0722968], [6.1205229, 50.0722941], [6.1207539, 50.0723417], [6.1212711, 50.0725352], [6.1216404, 50.0727851], [6.1218297, 50.0729755], [6.1220096, 50.0732312], [6.122108, 50.073592], [6.1221567, 50.0739597], [6.1224247, 50.0746388], [6.1225486, 50.0748905], [6.1230954, 50.0757019], [6.1232959, 50.0760147], [6.1233882, 50.0762169], [6.1235114, 50.0763648], [6.1236051, 50.0764311], [6.1238175, 50.0765649], [6.1241824, 50.0767256], [6.1245241, 50.0768447], [6.1247966, 50.076931], [6.1249029, 50.0769489], [6.1250923, 50.0769103], [6.1251478, 50.0768776], [6.1254207, 50.0765804], [6.1258645, 50.0762119], [6.1264562, 50.0757869], [6.126729, 50.0755937], [6.1269405, 50.0754567], [6.1273253, 50.0752074], [6.1275656, 50.0750886], [6.1277736, 50.0750084], [6.1280139, 50.0749163], [6.1280745, 50.0748916], [6.128611, 50.0745705], [6.128944, 50.0740497], [6.1291106, 50.0737144], [6.1291551, 50.0735645], [6.129122, 50.073379], [6.1291127, 50.0733504], [6.1290667, 50.0732077], [6.1284904, 50.0728293], [6.1279364, 50.0724224], [6.1276372, 50.072251], [6.1270719, 50.072051], [6.1266952, 50.0718083], [6.1264957, 50.0716584], [6.1265069, 50.0715299], [6.1261414, 50.0711373], [6.1251551, 50.0706589], [6.1240467, 50.0702946], [6.1232599, 50.0699517], [6.1226061, 50.0696232], [6.1225507, 50.0695447], [6.1222102, 50.0694004], [6.1213206, 50.0690233], [6.121221, 50.0688949], [6.121066, 50.0685951], [6.1210553, 50.0682026], [6.1209784, 50.0674533], [6.1209898, 50.0671893], [6.1209023, 50.0659476], [6.1208914, 50.0657764], [6.1208249, 50.0656836], [6.1207477, 50.0652697], [6.1206038, 50.0650841], [6.1205707, 50.0649485], [6.1205597, 50.0648914], [6.1202937, 50.0647843], [6.1195777, 50.0646168], [6.1191503, 50.0645259]]]}}, {"type": "Feature", "properties": {"name": "Kneppchen", "kind": "nature_reserve"}, "geometry": {"type": "Polygon", "coordinates": [[[6.1869829, 49.7093706], [6.1873198, 49.7095441], [6.1876965, 49.7096552], [6.1912838, 49.7103393], [6.1911864, 49.7104934], [6.1914984, 49.7105021], [6.1923368, 49.7106585], [6.1929269, 49.7107357], [6.1933695, 49.7107435], [6.1936417, 49.7107322], [6.1938804, 49.7106941], [6.1942171, 49.7105883], [6.1944853, 49.7103645], [6.1946234, 49.7102656], [6.194787, 49.7101676], [6.1951424, 49.7099378], [6.1952631, 49.7098355], [6.1953677, 49.7097349], [6.1954764, 49.7095918], [6.1962354, 49.7082953], [6.196758, 49.7074032], [6.1969207, 49.7071253], [6.1965725, 49.7069082], [6.1955675, 49.7062814], [6.1941701, 49.7055217], [6.1934563, 49.7059828], [6.1929189, 49.70633], [6.1926533, 49.7065355], [6.1925393, 49.7066813], [6.1923608, 49.7068096], [6.1918071, 49.7072077], [6.1910323, 49.7077303], [6.1905512, 49.7080094], [6.1902058, 49.7081218], [6.1897273, 49.7081846], [6.1894923, 49.7082155], [6.1879876, 49.7083143], [6.1867807, 49.7084641], [6.1865272, 49.7084956], [6.1863689, 49.7085468], [6.1869829, 49.7093706]]]}}, {"type": "Feature", "properties": {"name": "Kommunales Naturschutzgebeit Grafelt", "kind": "nature_reserve"}, "geometry": {"type": "Polygon", "coordinates": [[[6.0292208, 49.6122859], [6.0300328, 49.6121995], [6.0308449, 49.6120873], [6.0307606, 49.6119266], [6.0292208, 49.6121479], [6.0292208, 49.6122859]]]}}, {"type": "Feature", "properties": {"name": "Krakelshaff Park", "kind": "park"}, "geometry": {"type": "Polygon", "coordinates": [[[6.1080231, 49.5124281], [6.10802, 49.5124076], [6.1079831, 49.5121659], [6.1079075, 49.5117088], [6.107875, 49.5115115], [6.1078515, 49.5112535], [6.107952, 49.5112426], [6.1079583, 49.5110036], [6.107877, 49.5099928], [6.1090396, 49.5102238], [6.1094549, 49.5103063], [6.1095424, 49.5103239], [6.1105683, 49.5105216], [6.1106827, 49.5105462], [6.1107159, 49.5104798], [6.1107306, 49.5104514], [6.1107836, 49.5103465], [6.1098491, 49.5101639], [6.1093188, 49.5100413], [6.1089923, 49.5099489], [6.1088855, 49.5098738], [6.1085201, 49.5094689], [6.1084501, 49.5094984], [6.108354, 49.5095186], [6.108255, 49.5095209], [6.107587, 49.5095365], [6.1072049, 49.5095363], [6.1068312, 49.5095569], [6.1058651, 49.5096365], [6.1055177, 49.5096425], [6.1044395, 49.5095677], [6.1035369, 49.5096138], [6.101532, 49.5095764], [6.1012115, 49.5096025], [6.1009553, 49.5096765], [6.1007293, 49.5098063], [6.1006147, 49.5098559], [6.1006636, 49.5098907], [6.1009057, 49.5099887], [6.100955, 49.5100302], [6.1010857, 49.5100725], [6.1010837, 49.5100934], [6.101012, 49.5101297], [6.1009528, 49.510153], [6.1009134, 49.5102065], [6.1009077, 49.5102605], [6.1009313, 49.5103793], [6.100999, 49.5104674], [6.1011241, 49.5105235], [6.1013363, 49.5105391], [6.101456, 49.5105972], [6.1014485, 49.5106926], [6.1015572, 49.5107701], [6.102097, 49.5107797], [6.10288, 49.5107664], [6.1030147, 49.5107875], [6.1030822, 49.5108356], [6.1032601, 49.5108333], [6.1032627, 49.5115623], [6.1033823, 49.5116514], [6.1032761, 49.5116754], [6.1032178, 49.5117229], [6.106021, 49.5116949], [6.1060435, 49.5119876], [6.1060507, 49.5120458], [6.1060964, 49.5125862], [6.1080253, 49.5124534], [6.1080231, 49.5124281]]]}}, {"type": "Feature", "properties": {"name": "Kuebendaellchen", "kind": "nature_reserve"}, "geometry": {"type": "Polygon", "coordinates": [[[6.3443493, 49.513945], [6.3422893, 49.5132763], [6.3405727, 49.5128305], [6.339283, 49.5123576], [6.337496, 49.5119501], [6.3372941, 49.5120655], [6.3371927, 49.5121281], [6.336545, 49.5125282], [6.3368061, 49.5128612], [6.3362476, 49.513193], [6.3346937, 49.5126834], [6.3334217, 49.5122662], [6.3333362, 49.5122384], [6.3335584, 49.5126198], [6.3337285, 49.5127903], [6.3341828, 49.5130525], [6.3345431, 49.5132075], [6.334946, 49.5130102], [6.3353475, 49.5131615], [6.3355064, 49.5132214], [6.3359299, 49.513477], [6.3362735, 49.5137056], [6.3365173, 49.5139514], [6.3365847, 49.5141296], [6.3366531, 49.514221], [6.3374341, 49.5149781], [6.3375637, 49.5150761], [6.3377729, 49.5151727], [6.3382767, 49.5153395], [6.3384515, 49.5153974], [6.3387579, 49.5155622], [6.339145, 49.5157704], [6.3393505, 49.515881], [6.3395362, 49.5159809], [6.3396411, 49.5160373], [6.3402632, 49.5163414], [6.3406362, 49.5164892], [6.3408212, 49.5165293], [6.3410304, 49.5165406], [6.3412383, 49.5165258], [6.3414985, 49.5164718], [6.3417801, 49.5164553], [6.3421033, 49.5164814], [6.3424855, 49.5165676], [6.3427106, 49.5166454], [6.3427953, 49.5166747], [6.3429643, 49.5167199], [6.3431145, 49.5167278], [6.3436925, 49.5166503], [6.3438018, 49.5166581], [6.3439567, 49.51673], [6.3445238, 49.5163892], [6.3451054, 49.516003], [6.3453054, 49.5158251], [6.3455364, 49.5155525], [6.345609, 49.5153604], [6.3456794, 49.514989], [6.3457606, 49.5149316], [6.3459865, 49.5148183], [6.3461546, 49.5147404], [6.3458584, 49.5146099], [6.3443493, 49.513945]]]}}, {"type": "Feature", "properties": {"name": "LIST's Common Open Area - BBQ Area", "kind": "park"}, "geometry": {"type": "Polygon", "coordinates": [[[5.9432541, 49.5068455], [5.9433091, 49.5068324], [5.9432005, 49.5065529], [5.943289, 49.5065311], [5.9431039, 49.5060678], [5.9430704, 49.5060704], [5.9430436, 49.5062533], [5.9430208, 49.5064118], [5.9430543, 49.5065755], [5.9432179, 49.5068516], [5.9432541, 49.5068455]]]}}, {"type": "Feature", "properties": {"name": "Lankert Parc", "kind": "park"}, "geometry": {"type": "Polygon", "coordinates": [[[6.1463349, 49.5350418], [6.146231, 49.5349672], [6.1464343, 49.5348479], [6.1465383, 49.5349226], [6.1463349, 49.5350418]]]}}, {"type": "Feature", "properties": {"name": "Lei", "kind": "nature_reserve"}, "geometry": {"type": "Polygon", "coordinates": [[[6.0582571, 49.5956799], [6.057525, 49.5962362], [6.0572299, 49.5964701], [6.0567451, 49.5968982], [6.0569872, 49.5971159], [6.0572608, 49.5972611], [6.0572514, 49.5972993], [6.0573171, 49.5973654], [6.0574687, 49.5974045], [6.0575458, 49.5974814], [6.0576577, 49.5974906], [6.0597432, 49.5978417], [6.0606095, 49.598026], [6.0608375, 49.5980243], [6.0609287, 49.5981112], [6.0611996, 49.5981425], [6.0614732, 49.5981095], [6.0618648, 49.5979009], [6.0622296, 49.5978174], [6.0625005, 49.5978278], [6.0628062, 49.59796], [6.062935, 49.5984076], [6.0633373, 49.5986188], [6.0635439, 49.5986918], [6.0640615, 49.5986223], [6.0641755, 49.5986345], [6.0642868, 49.598598], [6.0651961, 49.5985667], [6.0658827, 49.598591], [6.0670039, 49.5987805], [6.0672171, 49.5988075], [6.0682096, 49.599033], [6.0682572, 49.5989883], [6.0683658, 49.5984498], [6.0682699, 49.5983937], [6.0682833, 49.5983798], [6.068404, 49.598445], [6.0684335, 49.5984832], [6.0683638, 49.5990074], [6.0683799, 49.5991091], [6.068522, 49.5992177], [6.0686602, 49.5992725], [6.0688369, 49.5992779], [6.0689135, 49.5992333], [6.0689418, 49.5987284], [6.0689673, 49.5986675], [6.0690276, 49.5986275], [6.069151, 49.5986075], [6.0692932, 49.5986197], [6.0694286, 49.5986466], [6.0695279, 49.598664], [6.069662, 49.5986745], [6.070063, 49.5986536], [6.0702239, 49.5986353], [6.0703473, 49.5985936], [6.070468, 49.5985137], [6.0705779, 49.5984241], [6.0708851, 49.5982329], [6.0710138, 49.5981077], [6.0715114, 49.5974071], [6.0715596, 49.5972872], [6.0715717, 49.5971646], [6.0716951, 49.5969151], [6.0718641, 49.5964301], [6.0720156, 49.5960128], [6.0721717, 49.5956959], [6.0723442, 49.5954078], [6.0724217, 49.5952983], [6.0725856, 49.5951279], [6.0728887, 49.5948532], [6.0732768, 49.5945864], [6.0733547, 49.5945212], [6.0735485, 49.5943308], [6.0737027, 49.5941117], [6.0737135, 49.5940257], [6.0736719, 49.59395], [6.0735646, 49.5938483], [6.0732816, 49.5937014], [6.0731046, 49.5936336], [6.0728793, 49.5935927], [6.072493, 49.5935557], [6.0718507, 49.5934606], [6.0715301, 49.593438], [6.0713866, 49.5934102], [6.0708301, 49.5932494], [6.0703902, 49.5931902], [6.0701287, 49.5931259], [6.0694581, 49.5929268], [6.0692255, 49.592852], [6.0679387, 49.5924383], [6.0677174, 49.5923965], [6.0674089, 49.5923774], [6.0670307, 49.5923096], [6.0665426, 49.5921844], [6.0661148, 49.5921001], [6.0655394, 49.591994], [6.0649936, 49.5918915], [6.0648099, 49.5918758], [6.0638, 49.5918184], [6.0629082, 49.5917802], [6.0626252, 49.5917385], [6.0622162, 49.5916228], [6.0619305, 49.5915681], [6.0616033, 49.591529], [6.06139, 49.5915203], [6.0607892, 49.5916037], [6.0603346, 49.5916367], [6.0600664, 49.5916263], [6.0598062, 49.5915829], [6.0592248, 49.5914713], [6.0590109, 49.5914624], [6.0589474, 49.5914645], [6.0589559, 49.5915399], [6.0589325, 49.5916846], [6.0589519, 49.5917376], [6.0589968, 49.5917932], [6.0590874, 49.5918528], [6.0595581, 49.5920897], [6.0597512, 49.5921992], [6.0599121, 49.5923348], [6.0603802, 49.5927764], [6.0604942, 49.5929051], [6.0605988, 49.5930381], [6.0607368, 49.5933602], [6.0607501, 49.5934807], [6.0607597, 49.5935675], [6.0607342, 49.5937205], [6.0606457, 49.5939126], [6.0604995, 49.5940969], [6.0603078, 49.5942691], [6.0599235, 49.5945455], [6.0582571, 49.5956799]]]}}, {"type": "Feature", "properties": {"name": "Lellingen - Freng / Op Baerel", "kind": "nature_reserve"}, "geometry": {"type": "Polygon", "coordinates": [[[6.0157425, 49.984646], [6.0153336, 49.98456], [6.0151716, 49.9845369], [6.0150016, 49.9845322], [6.0148365, 49.9845378], [6.0147163, 49.984567], [6.0145321, 49.9846331], [6.014462, 49.9846379], [6.0142118, 49.9845714], [6.0141147, 49.9845438], [6.0138917, 49.9845048], [6.0134937, 49.9844633], [6.0133902, 49.9845394], [6.0133372, 49.9846053], [6.0135193, 49.9849293], [6.0135416, 49.9850667], [6.0134903, 49.9851628], [6.0133756, 49.9851982], [6.0132481, 49.9851965], [6.0129236, 49.98512], [6.0127813, 49.9849678], [6.0126002, 49.9844991], [6.012436, 49.9844413], [6.0123244, 49.9843653], [6.0123033, 49.9843156], [6.0122909, 49.9842744], [6.0122607, 49.9842477], [6.0122359, 49.9842429], [6.0120975, 49.9842354], [6.0114736, 49.9842053], [6.011538, 49.9843959], [6.0115528, 49.9846228], [6.0115234, 49.9849197], [6.0114564, 49.9853967], [6.0115126, 49.9860007], [6.0114663, 49.98626], [6.0112291, 49.9869628], [6.011213, 49.9870574], [6.0112085, 49.9871041], [6.0112036, 49.9871153], [6.0112186, 49.9872938], [6.0112857, 49.9876671], [6.0113548, 49.9880519], [6.0113546, 49.988141], [6.0113541, 49.9883793], [6.0113539, 49.9885147], [6.0113203, 49.9891855], [6.011352, 49.9894264], [6.011409, 49.9896073], [6.011466, 49.9898346], [6.0115132, 49.9899735], [6.0115942, 49.9900529], [6.0116921, 49.9901488], [6.0118172, 49.9903593], [6.0120685, 49.9908913], [6.0122038, 49.9912089], [6.0122517, 49.9913889], [6.0122342, 49.9915808], [6.0122002, 49.9917109], [6.0121483, 49.9918449], [6.0120481, 49.9920056], [6.0119496, 49.9921477], [6.0118999, 49.9921989], [6.0118322, 49.9922577], [6.0118611, 49.9922775], [6.0118844, 49.9922935], [6.0120408, 49.9924941], [6.0120891, 49.9926112], [6.0122323, 49.9929162], [6.0123284, 49.9931643], [6.0123441, 49.9931935], [6.0123745, 49.9932502], [6.0124263, 49.9935042], [6.0121706, 49.9935832], [6.0121571, 49.9936171], [6.0122151, 49.9937194], [6.012256, 49.9938319], [6.0123049, 49.9940306], [6.0123608, 49.9943878], [6.0123928, 49.9947052], [6.0124652, 49.9948518], [6.0125632, 49.9949972], [6.0126905, 49.9951229], [6.0128367, 49.9952406], [6.0130325, 49.9953518], [6.0133933, 49.9954863], [6.0140038, 49.9957234], [6.0140981, 49.995767], [6.0146208, 49.9960256], [6.014783, 49.9961163], [6.014975, 49.9962392], [6.0150746, 49.9963477], [6.015152, 49.9964696], [6.0153489, 49.9964996], [6.0155839, 49.9966041], [6.0156666, 49.9966387], [6.0157187, 49.9967217], [6.015944, 49.9967543], [6.0160598, 49.9967715], [6.0161751, 49.9967972], [6.0161978, 49.9968101], [6.0166436, 49.9968159], [6.0170665, 49.9968131], [6.0177572, 49.996845], [6.0184653, 49.9968976], [6.0188743, 49.9969476], [6.0195744, 49.9971235], [6.0197327, 49.9971407], [6.0199332, 49.9971537], [6.0202958, 49.997254], [6.0205333, 49.9973177], [6.0211301, 49.9974778], [6.0211891, 49.9974364], [6.0227555, 49.9978881], [6.0236286, 49.9981795], [6.0244514, 49.9984387], [6.0245512, 49.9983769], [6.0260897, 49.9989218], [6.0261922, 49.9989543], [6.0259888, 49.9991478], [6.0263538, 49.9992143], [6.026613, 49.999218], [6.0272083, 49.999275], [6.0271816, 49.99933], [6.0276284, 49.9994358], [6.0277306, 49.9994601], [6.027857, 49.99949], [6.028246, 49.99958], [6.02849, 49.99964], [6.028528, 49.999634], [6.028822, 49.999565], [6.029108, 49.999496], [6.0293255, 49.99946], [6.029478, 49.99944], [6.0296917, 49.99942], [6.0300465, 49.999405], [6.030306, 49.999397], [6.030428, 49.9994], [6.030588, 49.999413], [6.030775, 49.99944], [6.030897, 49.999454], [6.0309467, 49.999462], [6.031069, 49.999516], [6.0311947, 49.999577], [6.0313625, 49.999672], [6.0319252, 49.9993554], [6.032187, 49.9995799], [6.0323461, 49.9997032], [6.0325304, 49.9998091], [6.0327412, 49.9999298], [6.0327436, 49.9999312], [6.033086, 50.000128], [6.0332298, 50.0002115], [6.0333746, 50.0002955], [6.0335181, 50.0003761], [6.0336847, 50.0004496], [6.0337395, 50.0004704], [6.0339276, 50.0005446], [6.0339378, 50.0005481], [6.0340875, 50.0005992], [6.0341149, 50.0006086], [6.0341582, 50.0006219], [6.0351043, 50.000912], [6.0356791, 50.0011985], [6.0358568, 50.0013322], [6.0359037, 50.0014838], [6.0359435, 50.001537], [6.036023, 50.0015709], [6.036168, 50.0016022], [6.036297, 50.001678], [6.0363501, 50.0017419], [6.036463, 50.0018633], [6.036845, 50.0022351], [6.0369294, 50.0023155], [6.0369997, 50.0023825], [6.0371808, 50.0025607], [6.0375556, 50.0028939], [6.0379369, 50.0031575], [6.0380338, 50.0032245], [6.0382382, 50.003343], [6.0382983, 50.0033779], [6.0384148, 50.0034454], [6.038718, 50.0035808], [6.0390091, 50.0036992], [6.0391097, 50.0037607], [6.0391609, 50.0037956], [6.0392177, 50.0038372], [6.0393769, 50.0039676], [6.0398117, 50.004324], [6.0398868, 50.0044378], [6.0398929, 50.0045154], [6.0399055, 50.0046766], [6.0399587, 50.0050774], [6.0400021, 50.005373], [6.0400432, 50.0054696], [6.0400613, 50.0054963], [6.0401885, 50.0056963], [6.0405171, 50.0061014], [6.0407059, 50.0063118], [6.0408135, 50.0064051], [6.0408846, 50.0064668], [6.0411617, 50.006685], [6.0413078, 50.0067823], [6.0414771, 50.0068657], [6.0417249, 50.0069608], [6.04206, 50.0070387], [6.0420448, 50.0068862], [6.0440212, 50.0067489], [6.0440993, 50.0067315], [6.0442998, 50.0066868], [6.0447461, 50.0066647], [6.0457074, 50.0067089], [6.0458227, 50.0066915], [6.0463183, 50.0066166], [6.0464171, 50.006268], [6.0469248, 50.0063092], [6.0471219, 50.0059546], [6.0476472, 50.0059973], [6.0480208, 50.0061452], [6.048546, 50.0063292], [6.0483654, 50.0055968], [6.048632, 50.0052708], [6.0487166, 50.0053032], [6.0487063, 50.00518], [6.0486502, 50.0048571], [6.0487103, 50.0046558], [6.0495419, 50.0050718], [6.0501784, 50.0052291], [6.0503174, 50.0050631], [6.0510582, 50.0051274], [6.0511233, 50.005076], [6.0512023, 50.0048493], [6.0520985, 50.0050405], [6.0527346, 50.00473], [6.0529914, 50.0046733], [6.0535229, 50.0041403], [6.0540444, 50.0036175], [6.0542515, 50.0034098], [6.0545391, 50.0033714], [6.0547202, 50.0034385], [6.0550252, 50.0037551], [6.0555407, 50.0040792], [6.0565736, 50.0047285], [6.0563847, 50.0048884], [6.056113, 50.0050227], [6.0557505, 50.0051457], [6.0543747, 50.0054092], [6.0540716, 50.0055571], [6.0540511, 50.0055866], [6.0540407, 50.0056015], [6.0541783, 50.0056715], [6.0544346, 50.0058019], [6.0546228, 50.0059419], [6.0546696, 50.0059913], [6.054716, 50.0061146], [6.0546805, 50.0062195], [6.0544056, 50.0064548], [6.0543251, 50.0065823], [6.0543331, 50.0066927], [6.0544056, 50.0067944], [6.0545075, 50.0068375], [6.0545987, 50.0068375], [6.0547219, 50.0067404], [6.0547891, 50.0066875], [6.054934, 50.0066599], [6.055111, 50.0066806], [6.0558285, 50.0068868], [6.0559264, 50.006915], [6.0560846, 50.0069099], [6.0561544, 50.0068702], [6.0561866, 50.006815], [6.0561651, 50.0067357], [6.0562012, 50.006532], [6.0562134, 50.0064634], [6.0563636, 50.0061703], [6.0564065, 50.0059497], [6.0565406, 50.0058359], [6.0565894, 50.0057823], [6.0567069, 50.0056893], [6.0569081, 50.0054497], [6.0570127, 50.0053739], [6.0571656, 50.0053134], [6.0573399, 50.0052222], [6.0576564, 50.0049894], [6.0578844, 50.0048981], [6.0581017, 50.0048533], [6.0585737, 50.004824], [6.0588956, 50.0048481], [6.0593274, 50.0048619], [6.0594696, 50.0048395], [6.0595635, 50.0047964], [6.0596091, 50.0047222], [6.0599437, 50.0047651], [6.0599456, 50.0046464], [6.0599497, 50.004343], [6.0598383, 50.0041149], [6.0599108, 50.0039603], [6.0599117, 50.00383], [6.0597444, 50.0037253], [6.0601788, 50.00335], [6.0603123, 50.003216], [6.0603848, 50.00314], [6.0604, 50.00309], [6.060503, 50.002666], [6.0605145, 50.002625], [6.060587, 50.00229], [6.0605946, 50.002266], [6.0606365, 50.00208], [6.060686, 50.001835], [6.0606872, 50.001832], [6.060702, 50.0017976], [6.0605578, 50.001782], [6.0604287, 50.0017558], [6.0603042, 50.0017198], [6.0601876, 50.0016754], [6.0598378, 50.0015271], [6.0593385, 50.0012772], [6.0591754, 50.0011938], [6.058793, 50.0010424], [6.0586689, 50.0009941], [6.0585603, 50.0009289], [6.058379, 50.0007836], [6.0583304, 50.0007608], [6.0582411, 50.0007329], [6.0579501, 50.0007088], [6.057682, 50.0006688], [6.057419, 50.0006061], [6.0570784, 50.0005105], [6.056852, 50.0004247], [6.05667, 50.0003467], [6.0565735, 50.0002909], [6.05646, 50.0001921], [6.0564037, 50.0001049], [6.0563891, 50.0000476], [6.0564033, 50.0000013], [6.0564861, 49.9997917], [6.0565949, 49.9995359], [6.0565996, 49.9994802], [6.0565936, 49.9994421], [6.0565351, 49.9994084], [6.0564745, 49.9993926], [6.0563346, 49.9993965], [6.0562274, 49.9994202], [6.0560662, 49.9994998], [6.0553759, 49.9999024], [6.0552939, 49.999965], [6.0552075, 50.0000511], [6.0550148, 50.000334], [6.0549617, 50.0003692], [6.05488, 50.0003826], [6.0547702, 50.0003766], [6.0542446, 50.0002278], [6.0535982, 50.0000916], [6.0517287, 49.9994054], [6.0512835, 49.999264], [6.0503474, 49.9990312], [6.0501181, 49.9989624], [6.0498206, 49.998873], [6.0494731, 49.998757], [6.048844, 49.9985129], [6.0482229, 49.9982473], [6.0477427, 49.9980312], [6.047249, 49.9977885], [6.0468329, 49.9975629], [6.0465223, 49.9974271], [6.0460398, 49.9972476], [6.0457378, 49.997117], [6.0452376, 49.9970054], [6.0451023, 49.9969778], [6.0449997, 49.9969393], [6.0447491, 49.9968201], [6.0446044, 49.9967182], [6.0445126, 49.9966132], [6.0443664, 49.9963423], [6.043896, 49.995754], [6.0438628, 49.9956483], [6.0438703, 49.9955441], [6.0440167, 49.9951922], [6.0440885, 49.9949802], [6.0440938, 49.9948682], [6.0440604, 49.9947265], [6.0440289, 49.9945958], [6.0439675, 49.9944814], [6.043887, 49.9943824], [6.0438005, 49.9943017], [6.0436625, 49.9942102], [6.0433861, 49.9940644], [6.0426377, 49.9937619], [6.0424902, 49.9937082], [6.0420136, 49.9935848], [6.0415183, 49.9934674], [6.0408955, 49.9933426], [6.0408075, 49.9933236], [6.0407084, 49.9932978], [6.040368, 49.9932131], [6.0401905, 49.9931654], [6.0390305, 49.9927259], [6.0389469, 49.9926942], [6.0381892, 49.9923533], [6.0372938, 49.9918911], [6.0359955, 49.9912691], [6.0354727, 49.9910227], [6.0331816, 49.9899816], [6.0328106, 49.9897746], [6.0323747, 49.9894616], [6.0322438, 49.989376], [6.0320918, 49.989289], [6.0318344, 49.9891573], [6.0312756, 49.9889065], [6.0310113, 49.9887992], [6.0307183, 49.9887144], [6.0304366, 49.9886456], [6.0301551, 49.9885947], [6.0298524, 49.9885453], [6.0294422, 49.9885009], [6.0291499, 49.9884629], [6.0288012, 49.9884491], [6.0284606, 49.9884491], [6.0268834, 49.988556], [6.0255584, 49.9885233], [6.0253599, 49.9885095], [6.0251856, 49.9884793], [6.0248309, 49.9884017], [6.0244416, 49.9882931], [6.0242198, 49.9882094], [6.023668, 49.9879307], [6.0223438, 49.987262], [6.0217929, 49.9869838], [6.0214562, 49.986863], [6.0211113, 49.9867392], [6.021135, 49.9867109], [6.0204032, 49.9865142], [6.0197675, 49.9863219], [6.0195784, 49.9862452], [6.0194138, 49.9861536], [6.0192519, 49.9860563], [6.0190628, 49.9859326], [6.0188363, 49.9857546], [6.0185666, 49.9855337], [6.018349, 49.9853286], [6.0182148, 49.9851872], [6.0179474, 49.9849034], [6.0177151, 49.9847007], [6.0175585, 49.9846142], [6.0174004, 49.9845603], [6.0172253, 49.9845447], [6.0167977, 49.9845351], [6.0167663, 49.9845289], [6.0167262, 49.9845142], [6.0166974, 49.9844865], [6.0164045, 49.9841726], [6.0163125, 49.9841033], [6.0163251, 49.9841431], [6.0162935, 49.9841233], [6.015866, 49.9845665], [6.0158435, 49.9845899], [6.0157425, 49.984646]]]}}, {"type": "Feature", "properties": {"name": "Lénger Wisen", "kind": "nature_reserve"}, "geometry": {"type": "Polygon", "coordinates": [[[5.8861168, 49.562235], [5.8860809, 49.5625089], [5.8860708, 49.5625843], [5.8861263, 49.5626255], [5.8879209, 49.5632869], [5.8880897, 49.5632547], [5.8883353, 49.5633444], [5.8884077, 49.563407], [5.8892801, 49.5635975], [5.890182, 49.5638372], [5.8901679, 49.5638715], [5.890125, 49.5639602], [5.8894739, 49.5653276], [5.889479, 49.5654621], [5.8898308, 49.5655885], [5.8898492, 49.5655757], [5.8903398, 49.5657369], [5.8900592, 49.5661688], [5.8908031, 49.5664589], [5.8911829, 49.5666071], [5.8915021, 49.5667411], [5.8932883, 49.5675387], [5.8938733, 49.5677852], [5.895131, 49.56832], [5.8954823, 49.5676839], [5.8956645, 49.5673575], [5.8946758, 49.5671341], [5.8948577, 49.5667225], [5.894326, 49.5665987], [5.8946696, 49.5657631], [5.8951371, 49.5658507], [5.8954389, 49.5651543], [5.8952648, 49.5651165], [5.8954707, 49.5647721], [5.8968426, 49.565394], [5.8970749, 49.5651113], [5.8976155, 49.5645045], [5.89748, 49.5643077], [5.8975117, 49.5638054], [5.8981346, 49.5638999], [5.8982694, 49.5636107], [5.8986114, 49.5628772], [5.89766, 49.5625572], [5.8974793, 49.562474], [5.8968586, 49.562094], [5.8966032, 49.5619804], [5.8965344, 49.5619626], [5.89537, 49.5616773], [5.8948446, 49.5617943], [5.8947729, 49.5617858], [5.8946874, 49.5617525], [5.8925444, 49.562331], [5.8916456, 49.5625599], [5.8910255, 49.5625827], [5.8905661, 49.5625705], [5.8896009, 49.5624956], [5.8863456, 49.5621412], [5.8862271, 49.56215], [5.8861168, 49.562235]]]}}, {"type": "Feature", "properties": {"name": "Marais de Grendel", "kind": "nature_reserve"}, "geometry": {"type": "Polygon", "coordinates": [[[5.8161691, 49.7545089], [5.8170934, 49.7546826], [5.817665, 49.7547212], [5.8179409, 49.7547398], [5.8179535, 49.7547362], [5.8180085, 49.7547176], [5.8180777, 49.7546948], [5.8181582, 49.7546185], [5.8182934, 49.7545609], [5.8188636, 49.7546341], [5.8195851, 49.7546393], [5.8200556, 49.7546164], [5.8201231, 49.7545858], [5.8201886, 49.7545561], [5.8205384, 49.754249], [5.8199295, 49.7536702], [5.8208458, 49.7532565], [5.8207476, 49.7528947], [5.8200127, 49.7531018], [5.8183175, 49.7533097], [5.8170596, 49.7534744], [5.8160913, 49.7536191], [5.8160986, 49.7539284], [5.8161114, 49.7544655], [5.8161691, 49.7545089]]]}}, {"type": "Feature", "properties": {"name": "Matgesfeld", "kind": "park"}, "geometry": {"type": "Polygon", "coordinates": [[[5.9250902, 49.5070476], [5.9254364, 49.5070987], [5.9254687, 49.5070129], [5.9256457, 49.5070413], [5.925614, 49.5071249], [5.9256809, 49.5071348], [5.9258272, 49.5071746], [5.9260011, 49.5072112], [5.9260076, 49.5071497], [5.9258459, 49.5070788], [5.9254925, 49.5069389], [5.9255107, 49.5068785], [5.9251317, 49.5067805], [5.9251116, 49.5067237], [5.925047, 49.5066833], [5.924959, 49.5066724], [5.924876, 49.5066944], [5.924825, 49.5067423], [5.9248226, 49.5068005], [5.9248696, 49.5068501], [5.9248735, 49.5068866], [5.9246188, 49.5069064], [5.9246242, 49.5070431], [5.9244992, 49.5070231], [5.9245062, 49.5071328], [5.9250406, 49.5070928], [5.9250902, 49.5070476]]]}}, {"type": "Feature", "properties": {"name": "Michelbouch - Biischtert / Etangs de Bissen", "kind": "nature_reserve"}, "geometry": {"type": "Polygon", "coordinates": [[[6.0371136, 49.8245283], [6.0372001, 49.824484], [6.03739, 49.8245501], [6.0376867, 49.8238771], [6.0375365, 49.8238553], [6.0378616, 49.8233119], [6.0379473, 49.8231624], [6.0380033, 49.8231083], [6.0380323, 49.8230804], [6.0385283, 49.8232378], [6.0389295, 49.8226078], [6.0389545, 49.8225627], [6.0391025, 49.8225914], [6.040004, 49.8227216], [6.0407657, 49.8228208], [6.0418398, 49.822959], [6.0429646, 49.8230767], [6.0430708, 49.8231191], [6.0431185, 49.823156], [6.0431631, 49.8230893], [6.0434474, 49.8230702], [6.0443446, 49.8231238], [6.0446826, 49.8231169], [6.0450017, 49.8230667], [6.0452378, 49.8229646], [6.0454014, 49.8228141], [6.0454792, 49.8226635], [6.0456013, 49.8222737], [6.0457554, 49.8217715], [6.0458319, 49.821653], [6.0459714, 49.8215214], [6.0462502, 49.8212808], [6.0465212, 49.8210031], [6.0467237, 49.8207306], [6.0469874, 49.8200578], [6.0473274, 49.8193466], [6.0471636, 49.8187863], [6.0471287, 49.8187188], [6.0471448, 49.8186522], [6.0471743, 49.8185743], [6.0473768, 49.8183173], [6.0474613, 49.8181893], [6.047511, 49.8180353], [6.047527, 49.8178016], [6.0475244, 49.8176061], [6.0475418, 49.8174642], [6.0476115, 49.8172997], [6.0477001, 49.8170938], [6.0474517, 49.8168281], [6.0473646, 49.8166794], [6.0474297, 49.8165174], [6.0474672, 49.8164732], [6.0475347, 49.8164257], [6.0483056, 49.8159935], [6.0487294, 49.8158012], [6.049087, 49.815646], [6.049864, 49.8154501], [6.050485, 49.8153042], [6.051057, 49.8151647], [6.0517526, 49.8150439], [6.0520293, 49.8150382], [6.0522722, 49.815055], [6.0530952, 49.8151591], [6.0533672, 49.815132], [6.0537664, 49.8150815], [6.0548261, 49.8146845], [6.0558142, 49.8144915], [6.0571238, 49.8140782], [6.0582754, 49.8132202], [6.0588764, 49.8127813], [6.0593426, 49.8125381], [6.0598181, 49.8123037], [6.0610218, 49.8113949], [6.0617774, 49.8110248], [6.0624299, 49.8106599], [6.0631145, 49.8103376], [6.0638836, 49.8100202], [6.0646287, 49.8097224], [6.0653865, 49.8094602], [6.0674907, 49.8107921], [6.0676959, 49.810947], [6.0679601, 49.8107645], [6.0681036, 49.8106476], [6.0682484, 49.8105057], [6.0683766, 49.8103959], [6.0685619, 49.8101849], [6.0691269, 49.8095658], [6.0692932, 49.8094213], [6.0694917, 49.8092949], [6.0698698, 49.8091175], [6.0704599, 49.8089453], [6.0707375, 49.8089063], [6.0708381, 49.8088795], [6.0712457, 49.8087131], [6.0713451, 49.8086579], [6.0715891, 49.8085246], [6.071691, 49.8083028], [6.0718654, 49.8082624], [6.0722651, 49.8082157], [6.0728136, 49.8079976], [6.073483, 49.8077124], [6.0734357, 49.8069705], [6.0712055, 49.8069082], [6.0700161, 49.8067644], [6.0702011, 49.8064622], [6.0702561, 49.8063194], [6.0702762, 49.8061965], [6.0702856, 49.8059844], [6.0703165, 49.8058141], [6.0703178, 49.8057654], [6.0703044, 49.8057204], [6.0702868, 49.80566], [6.070026, 49.8056304], [6.0670605, 49.8051542], [6.0645373, 49.8050829], [6.0643162, 49.805844], [6.0629404, 49.805813], [6.0613908, 49.8057354], [6.0613444, 49.8057369], [6.0610963, 49.805755], [6.060246, 49.8058916], [6.0596386, 49.805955], [6.0582492, 49.8060121], [6.0574311, 49.8060779], [6.0556689, 49.8062441], [6.054152, 49.806449], [6.0529786, 49.8065998], [6.0527238, 49.8066041], [6.0523322, 49.8065842], [6.0516737, 49.806605], [6.0513425, 49.8066422], [6.0511373, 49.8066405], [6.0510046, 49.8064654], [6.0508651, 49.8062423], [6.0506666, 49.805813], [6.0502082, 49.8056955], [6.0496762, 49.8056604], [6.0483009, 49.8062977], [6.0479125, 49.8065764], [6.0439557, 49.8067755], [6.0437049, 49.8067123], [6.0431792, 49.8064812], [6.0430035, 49.8064345], [6.0429338, 49.8063921], [6.0426468, 49.8064847], [6.0420755, 49.8067071], [6.0417067, 49.8067902], [6.0411123, 49.8068599], [6.0407898, 49.8069364], [6.0402727, 49.8071195], [6.0394279, 49.8073203], [6.0376686, 49.8077829], [6.0375211, 49.8078452], [6.0370865, 49.8079491], [6.0370005, 49.8079574], [6.03688, 49.8079595], [6.0367084, 49.8079266], [6.0365778, 49.807869], [6.0365219, 49.8078444], [6.0363677, 49.8078002], [6.0361499, 49.8077572], [6.0360686, 49.807905], [6.036078, 49.8080002], [6.0361893, 49.8081205], [6.0364992, 49.8083703], [6.0354482, 49.8083531], [6.0344661, 49.8084228], [6.0342163, 49.8085314], [6.0340237, 49.8086692], [6.0335251, 49.809322], [6.0329467, 49.8087449], [6.0317328, 49.8075343], [6.0315196, 49.8073937], [6.0314161, 49.8073196], [6.031067, 49.8074829], [6.0306021, 49.8076994], [6.0300062, 49.8081668], [6.0299442, 49.8081986], [6.0305921, 49.8088667], [6.0307752, 49.8087972], [6.0311846, 49.8093456], [6.0316951, 49.8097533], [6.0321455, 49.8102595], [6.0325084, 49.810528], [6.032296, 49.8106891], [6.0321476, 49.8108642], [6.0320306, 49.8110024], [6.03164, 49.8111442], [6.0312062, 49.8112598], [6.0307678, 49.8113619], [6.0300732, 49.8115678], [6.0299147, 49.8116233], [6.0296729, 49.8117138], [6.0291982, 49.8120409], [6.0290508, 49.8121853], [6.0285741, 49.8125406], [6.0285969, 49.8126997], [6.0289297, 49.8130438], [6.029036, 49.8131376], [6.0292355, 49.8133425], [6.0293795, 49.8135098], [6.0297753, 49.8139115], [6.0302136, 49.8146035], [6.0305534, 49.8151937], [6.030939, 49.815836], [6.031597, 49.8168977], [6.0317524, 49.8173222], [6.0317615, 49.8174977], [6.0318321, 49.817574], [6.0318433, 49.8176322], [6.0319502, 49.8181841], [6.0319272, 49.8182177], [6.0320254, 49.8188082], [6.0320485, 49.8189227], [6.0321104, 49.8191691], [6.0322605, 49.8197371], [6.0330789, 49.8202115], [6.0330434, 49.820265], [6.0329896, 49.820346], [6.0328392, 49.8204914], [6.0327421, 49.8205854], [6.0326423, 49.8206107], [6.0325254, 49.8206562], [6.0323394, 49.8207286], [6.032149, 49.8209047], [6.031889, 49.8216889], [6.0315132, 49.8222252], [6.031357, 49.8225378], [6.0313035, 49.8227278], [6.0313113, 49.8227547], [6.0313393, 49.8228521], [6.0316441, 49.8231203], [6.0317154, 49.8232095], [6.0318209, 49.823262], [6.0325803, 49.8238454], [6.0328604, 49.8240317], [6.0333254, 49.8243754], [6.0338614, 49.8247205], [6.0340623, 49.824946], [6.0350212, 49.8255862], [6.0351157, 49.8256748], [6.0364812, 49.8248867], [6.0366611, 49.8247787], [6.0371136, 49.8245283]]]}}, {"type": "Feature", "properties": {"name": "Millerad", "kind": "park"}, "geometry": {"type": "Polygon", "coordinates": [[[6.366252, 49.5419842], [6.3665498, 49.5423411], [6.3666164, 49.5423593], [6.3670876, 49.5422047], [6.3671261, 49.5421297], [6.3668161, 49.5417398], [6.3662783, 49.5419535], [6.366252, 49.5419842]]]}}, {"type": "Feature", "properties": {"name": "Mittleres Ourtal zw. Dreiländereck und Rellesmühle", "kind": "nature_reserve"}, "geometry": {"type": "Polygon", "coordinates": [[[6.1366528, 50.1203757], [6.1367401, 50.1204023], [6.1372376, 50.1203375], [6.1373206, 50.1203509], [6.1376924, 50.1202701], [6.1379419, 50.1201526], [6.1379983, 50.120093], [6.1383444, 50.1199136], [6.138354, 50.1198399], [6.1386884, 50.1195392], [6.1388329, 50.119316], [6.1388737, 50.1192825], [6.1382976, 50.1188663], [6.137912, 50.1186244], [6.1373588, 50.1184758], [6.1372251, 50.1183853], [6.1369399, 50.1182448], [6.1366698, 50.118029], [6.1365201, 50.117928], [6.136324, 50.1176959], [6.1362421, 50.1176136], [6.1361581, 50.1175114], [6.1361381, 50.1174953], [6.1358944, 50.1172372], [6.1358657, 50.1171494], [6.1358321, 50.1169662], [6.1358683, 50.1168987], [6.1359347, 50.1168006], [6.1359906, 50.1166883], [6.1361043, 50.1165146], [6.1362194, 50.1163815], [6.1363331, 50.1162303], [6.1365118, 50.1160624], [6.1367709, 50.1158994], [6.1369171, 50.1158143], [6.1369351, 50.1157961], [6.1370608, 50.11572], [6.1370986, 50.1156913], [6.1375087, 50.1155955], [6.1377551, 50.11535], [6.1379948, 50.1151355], [6.1381641, 50.115129], [6.138228, 50.1150787], [6.1383803, 50.1149868], [6.1385548, 50.1148552], [6.1387197, 50.1148156], [6.1388063, 50.114802], [6.1391219, 50.1147971], [6.1394695, 50.1148537], [6.1399671, 50.1150456], [6.1402217, 50.1152025], [6.1404141, 50.1153868], [6.1408493, 50.1154889], [6.141231, 50.1153897], [6.1416904, 50.1152257], [6.1420019, 50.1150318], [6.1425326, 50.1145905], [6.1426868, 50.1144535], [6.1447472, 50.114886], [6.1452059, 50.1149882], [6.1452427, 50.114927], [6.1434087, 50.1140308], [6.1429294, 50.1137306], [6.1426316, 50.1135013], [6.1425981, 50.1131574], [6.1422241, 50.112711], [6.1421552, 50.1121765], [6.1420061, 50.1118497], [6.1422589, 50.111656], [6.1425895, 50.1113837], [6.1429097, 50.1111877], [6.1432102, 50.1110389], [6.143724, 50.1108981], [6.1437, 50.1103172], [6.1454064, 50.1100408], [6.14566, 50.1099815], [6.1456296, 50.1099193], [6.1454518, 50.109605], [6.1452646, 50.1092947], [6.1451688, 50.109116], [6.1450659, 50.1089993], [6.1448014, 50.1087546], [6.144414, 50.1084572], [6.1442025, 50.1083044], [6.1439356, 50.1079876], [6.1437863, 50.1077945], [6.1432327, 50.1067217], [6.1431635, 50.1065474], [6.1434666, 50.1064977], [6.1440507, 50.1064182], [6.1440742, 50.1064116], [6.1441127, 50.1064106], [6.1451189, 50.106298], [6.1452352, 50.1062736], [6.1453004, 50.106245], [6.1455707, 50.1061873], [6.1457652, 50.1061508], [6.1460152, 50.1061411], [6.1468266, 50.1059369], [6.1473066, 50.1059578], [6.1476745, 50.1060194], [6.1476837, 50.1059977], [6.1474616, 50.1058523], [6.1474067, 50.1058204], [6.1470791, 50.1055929], [6.1469747, 50.1054211], [6.1468589, 50.1052075], [6.1466511, 50.1048861], [6.1466926, 50.1047767], [6.1470469, 50.1045866], [6.1474503, 50.104279], [6.147589, 50.1041965], [6.1470822, 50.1037684], [6.1461622, 50.1029312], [6.1458144, 50.1025333], [6.1458104, 50.102752], [6.144572, 50.1028071], [6.1445265, 50.1030596], [6.1445518, 50.1033462], [6.1445909, 50.1034937], [6.1446916, 50.1036209], [6.1443948, 50.1038651], [6.1440908, 50.1044588], [6.1451059, 50.1051367], [6.1447654, 50.1053431], [6.1444594, 50.105398], [6.1441664, 50.105396], [6.1435787, 50.1053711], [6.1432824, 50.1052717], [6.1431407, 50.1052358], [6.1427561, 50.1051524], [6.1420329, 50.104968], [6.1413367, 50.1047545], [6.140918, 50.1046734], [6.1406629, 50.1046134], [6.1405547, 50.1045752], [6.1403229, 50.1044776], [6.1401377, 50.1045951], [6.1400022, 50.104722], [6.1397376, 50.1046264], [6.1392481, 50.1047028], [6.1389785, 50.1048039], [6.1386548, 50.1047263], [6.1383631, 50.1045474], [6.138188, 50.1042775], [6.1381069, 50.1040302], [6.1382985, 50.1038557], [6.1386546, 50.1033596], [6.138803, 50.1030922], [6.1390434, 50.1028115], [6.1387128, 50.1023599], [6.1385501, 50.102107], [6.1383732, 50.101795], [6.138453, 50.1017867], [6.1381752, 50.1010834], [6.1379812, 50.1008066], [6.1376957, 50.1005331], [6.1374574, 50.1002583], [6.1371296, 50.0999004], [6.1369682, 50.0995344], [6.1370378, 50.0992419], [6.1381572, 50.0992368], [6.1386439, 50.0992531], [6.1386215, 50.0988483], [6.1389305, 50.0987922], [6.1393749, 50.0988129], [6.1401838, 50.0987097], [6.1403578, 50.0986037], [6.1403163, 50.0978417], [6.1402453, 50.0978057], [6.1403324, 50.0977009], [6.1399751, 50.0976762], [6.1400437, 50.0974136], [6.1401361, 50.0970923], [6.1399025, 50.0968085], [6.1396727, 50.0965986], [6.1387102, 50.0956568], [6.1379006, 50.0959991], [6.1376452, 50.0960315], [6.1373265, 50.0957565], [6.1371018, 50.0958217], [6.1369104, 50.0956123], [6.136753, 50.0954657], [6.1366429, 50.0949148], [6.1378576, 50.0948823], [6.1380423, 50.0945383], [6.1387656, 50.094089], [6.1381888, 50.0941816], [6.1375639, 50.0934756], [6.1383728, 50.0932233], [6.1387507, 50.0931186], [6.1393495, 50.0929342], [6.1398032, 50.0927553], [6.1402899, 50.0926058], [6.1407256, 50.0925153], [6.1409728, 50.092487], [6.141205, 50.0925112], [6.141052, 50.091415], [6.1410285, 50.0913666], [6.1417366, 50.0909526], [6.1411949, 50.09048], [6.1410768, 50.0901961], [6.1402687, 50.0906492], [6.139666, 50.090437], [6.1400831, 50.0894626], [6.1399239, 50.0894756], [6.139174, 50.089271], [6.13796, 50.0891947], [6.1376157, 50.0891592], [6.1373443, 50.0891558], [6.137111, 50.0891062], [6.1369313, 50.0891371], [6.1367569, 50.0890601], [6.1365483, 50.0890758], [6.1361825, 50.0891368], [6.1358897, 50.0891452], [6.1354687, 50.0891261], [6.1351256, 50.0891001], [6.1346395, 50.0890512], [6.1345021, 50.0890258], [6.1342103, 50.0889636], [6.1343896, 50.0888972], [6.1343554, 50.0887023], [6.133102, 50.0876625], [6.1330922, 50.0876489], [6.1331939, 50.0876172], [6.1327371, 50.0875473], [6.1321354, 50.0877573], [6.1317439, 50.0879577], [6.1311656, 50.0882437], [6.1306429, 50.0885375], [6.1302621, 50.0888197], [6.1300832, 50.0889414], [6.1298438, 50.0891148], [6.1294357, 50.0895217], [6.129246, 50.0896866], [6.1291006, 50.0899744], [6.1290885, 50.0900697], [6.1290811, 50.090361], [6.1285513, 50.0903709], [6.1278724, 50.0902385], [6.1275522, 50.0900955], [6.1275187, 50.0900647], [6.1271398, 50.0899718], [6.1263681, 50.0896849], [6.1258321, 50.0894153], [6.1256403, 50.0892717], [6.1252328, 50.0888353], [6.1248704, 50.0883896], [6.1247796, 50.0881819], [6.1248639, 50.0879077], [6.1249045, 50.0877921], [6.1250133, 50.0877372], [6.1250198, 50.087592], [6.1248868, 50.0873148], [6.1246018, 50.0869136], [6.1243985, 50.0865176], [6.1247218, 50.0860533], [6.124774, 50.0859902], [6.1250827, 50.0857938], [6.125623, 50.0852721], [6.1259638, 50.0849838], [6.1254474, 50.0838546], [6.1254922, 50.0838174], [6.1253644, 50.08372], [6.1252717, 50.0833764], [6.1251177, 50.083182], [6.1251819, 50.0829448], [6.1252088, 50.0827393], [6.1252401, 50.0824117], [6.1251987, 50.0816156], [6.1255282, 50.0803544], [6.125293, 50.0801652], [6.1251812, 50.0800536], [6.125176, 50.0799989], [6.1251891, 50.0797333], [6.1252104, 50.0797023], [6.1253059, 50.0797506], [6.1256954, 50.0799742], [6.1264613, 50.0801521], [6.126928, 50.0802686], [6.1274131, 50.0804042], [6.1276054, 50.080472], [6.1278545, 50.0806048], [6.1280413, 50.08077], [6.1280744, 50.0808033], [6.1281145, 50.0808591], [6.1281379, 50.0810155], [6.1280836, 50.0812941], [6.1281645, 50.0817327], [6.1282515, 50.0819864], [6.1282915, 50.0820566], [6.1283974, 50.0821564], [6.1286035, 50.082364], [6.1288135, 50.082634], [6.1289978, 50.0828233], [6.1293412, 50.0830556], [6.1305816, 50.0821376], [6.1307389, 50.0822057], [6.1322043, 50.0814941], [6.132074, 50.0813964], [6.1327463, 50.0808854], [6.1322013, 50.080355], [6.1320899, 50.0802526], [6.1320343, 50.0801924], [6.1315631, 50.0803351], [6.1314163, 50.0803513], [6.1311537, 50.0804152], [6.1309142, 50.0804259], [6.1308458, 50.0804138], [6.1306412, 50.0803162], [6.1305221, 50.0802241], [6.1303789, 50.0804183], [6.1303108, 50.080361], [6.1301831, 50.0802742], [6.1301026, 50.0802454], [6.1300267, 50.0800441], [6.1299903, 50.079992], [6.1298226, 50.0799016], [6.1296592, 50.0796552], [6.1306415, 50.0789598], [6.1304595, 50.0785782], [6.1317421, 50.0780017], [6.1315572, 50.0776941], [6.1314825, 50.0775947], [6.1312815, 50.0774484], [6.1309316, 50.0773013], [6.1304509, 50.0771942], [6.1300589, 50.0772287], [6.1303467, 50.0770057], [6.1305808, 50.0769561], [6.1306923, 50.0768224], [6.1308149, 50.076763], [6.1308582, 50.0764975], [6.1311776, 50.076558], [6.1319435, 50.0765926], [6.1328375, 50.0767121], [6.1337144, 50.0768359], [6.1339124, 50.0761006], [6.1336602, 50.0760763], [6.1340382, 50.0751568], [6.1340402, 50.075036], [6.1343359, 50.0750384], [6.135271, 50.0752303], [6.1357677, 50.0753245], [6.1361573, 50.0753142], [6.1363745, 50.0752587], [6.1369503, 50.0751025], [6.1380282, 50.0749116], [6.1388485, 50.0747843], [6.1395246, 50.0746024], [6.1396687, 50.0741527], [6.139815, 50.0738418], [6.140184, 50.0736893], [6.1395563, 50.073343], [6.1388623, 50.0735026], [6.1383614, 50.0735112], [6.1379647, 50.0734691], [6.1374041, 50.0733464], [6.1374098, 50.0732323], [6.137444, 50.0731777], [6.1376699, 50.0730432], [6.1375692, 50.0729201], [6.1374969, 50.0728871], [6.1372327, 50.0728999], [6.1369365, 50.0729715], [6.1367293, 50.0727323], [6.1366626, 50.0727593], [6.1363836, 50.0724783], [6.1352928, 50.0729241], [6.1351742, 50.0726974], [6.1350793, 50.0724356], [6.1348256, 50.0723349], [6.1342938, 50.0720956], [6.1338611, 50.0717737], [6.1335281, 50.0714909], [6.1331484, 50.0712836], [6.1329165, 50.071123], [6.1326698, 50.0709681], [6.1325904, 50.0708649], [6.1323944, 50.070844], [6.1323327, 50.0706894], [6.1322061, 50.0706318], [6.13195, 50.0705243], [6.1293644, 50.0699052], [6.1288983, 50.0698974], [6.1287164, 50.0697698], [6.1289035, 50.0696561], [6.1292472, 50.0694105], [6.1292997, 50.0693831], [6.1301643, 50.0696636], [6.130517, 50.0697121], [6.1305795, 50.0696524], [6.1301865, 50.0692986], [6.129614, 50.0689946], [6.1286707, 50.0688022], [6.1285715, 50.06877], [6.1271609, 50.0678193], [6.1276682, 50.0679902], [6.1279178, 50.0671326], [6.1281329, 50.0671509], [6.128685, 50.0672146], [6.1287481, 50.067218], [6.1287685, 50.0670953], [6.1288417, 50.0669786], [6.1297976, 50.0671539], [6.1304154, 50.0671706], [6.1309378, 50.067206], [6.1312224, 50.0672117], [6.1315523, 50.0671808], [6.1319163, 50.0670941], [6.1321974, 50.0670184], [6.1325526, 50.0667912], [6.1327524, 50.0665805], [6.1324778, 50.0662173], [6.132398, 50.0662544], [6.1319405, 50.0663148], [6.1319101, 50.0663138], [6.1315498, 50.0662017], [6.1313645, 50.0661253], [6.1311902, 50.0659993], [6.1311737, 50.0659844], [6.1307099, 50.0654301], [6.1308302, 50.0653209], [6.130949, 50.0652642], [6.1307193, 50.0650231], [6.1306728, 50.0649537], [6.130371, 50.0649976], [6.1301138, 50.0649873], [6.1299503, 50.0649567], [6.1293215, 50.0648769], [6.1288786, 50.0651553], [6.1286534, 50.065064], [6.1273678, 50.0649485], [6.1259758, 50.0648322], [6.1254216, 50.0647952], [6.125042, 50.0646032], [6.1246675, 50.0642824], [6.1244698, 50.0640371], [6.1243537, 50.0639224], [6.1237978, 50.064087], [6.1233941, 50.0637381], [6.123169, 50.0636048], [6.1229243, 50.0636115], [6.1224882, 50.0637374], [6.1223854, 50.0631485], [6.1226331, 50.0628582], [6.1230642, 50.0625049], [6.1234051, 50.0624847], [6.1235463, 50.0624726], [6.12415, 50.0623756], [6.1247171, 50.0623388], [6.1247557, 50.0622978], [6.1249878, 50.0620879], [6.1253655, 50.0619006], [6.1255479, 50.061834], [6.1258774, 50.0616783], [6.1262367, 50.0615749], [6.1269454, 50.061254], [6.1270142, 50.061291], [6.1271984, 50.0612953], [6.1275039, 50.0603081], [6.1275479, 50.0600885], [6.1276697, 50.0600836], [6.1279267, 50.0600863], [6.1281792, 50.0600956], [6.128312, 50.0598794], [6.1285271, 50.0595826], [6.1286545, 50.059382], [6.1285773, 50.0592776], [6.1281406, 50.0594112], [6.1280355, 50.0592643], [6.1277908, 50.0588864], [6.1276724, 50.0586928], [6.128098, 50.0585125], [6.1281581, 50.0585052], [6.1283683, 50.0584439], [6.1284511, 50.0582299], [6.127842, 50.0577499], [6.1280331, 50.0575321], [6.1278038, 50.0572596], [6.127534, 50.056995], [6.1275143, 50.0567763], [6.1276308, 50.0567673], [6.1272809, 50.0563744], [6.1267877, 50.0558874], [6.1265693, 50.0557166], [6.1261326, 50.0552664], [6.1257335, 50.0549431], [6.1256757, 50.0549845], [6.1249277, 50.0546319], [6.1244181, 50.054459], [6.1240536, 50.0543817], [6.1237197, 50.0543224], [6.1230618, 50.0543289], [6.1228949, 50.0545753], [6.1228594, 50.054942], [6.1229109, 50.0552322], [6.1233264, 50.0559476], [6.123139, 50.0559882], [6.1232115, 50.0560792], [6.123357, 50.0562872], [6.1234533, 50.0564025], [6.1235788, 50.0566036], [6.1237702, 50.0570294], [6.1239226, 50.0574338], [6.1240133, 50.0576502], [6.124124, 50.05801], [6.1241771, 50.0581561], [6.1242308, 50.0582866], [6.1242741, 50.0583665], [6.1243426, 50.0585229], [6.1243456, 50.0586939], [6.1243387, 50.058912], [6.1243285, 50.0590667], [6.1243023, 50.059176], [6.124301, 50.059271], [6.1242852, 50.0594194], [6.1242094, 50.0596274], [6.1241585, 50.0597316], [6.1240811, 50.0598205], [6.1237953, 50.060058], [6.1236105, 50.0601603], [6.1233226, 50.0602679], [6.1230574, 50.060336], [6.1229432, 50.0603619], [6.1226303, 50.0604013], [6.1219647, 50.0605101], [6.1217463, 50.0605106], [6.1214731, 50.0604714], [6.1212429, 50.0604116], [6.1209485, 50.0603275], [6.1207548, 50.0602645], [6.1205924, 50.0601867], [6.1204119, 50.0600727], [6.1203793, 50.0599472], [6.1202378, 50.059742], [6.1201922, 50.0595902], [6.1201876, 50.0594197], [6.1202157, 50.0592692], [6.1202181, 50.0589713], [6.1202502, 50.058777], [6.1202954, 50.0585906], [6.1203616, 50.0584199], [6.1204109, 50.0582706], [6.1204258, 50.0580682], [6.1204476, 50.0579138], [6.1204439, 50.0577784], [6.120451, 50.0576573], [6.1204442, 50.0573946], [6.1204248, 50.0572358], [6.1203825, 50.0570723], [6.1202234, 50.0568429], [6.1201031, 50.0567451], [6.1199537, 50.0566468], [6.11981, 50.0565913], [6.1196707, 50.0565237], [6.1190987, 50.056522], [6.1187918, 50.0564939], [6.1183845, 50.0565458], [6.1181951, 50.0564556], [6.1180198, 50.056392], [6.1177577, 50.0564336], [6.1175564, 50.0565085], [6.1174146, 50.0565894], [6.116839, 50.0568304], [6.1165722, 50.0569202], [6.1161839, 50.0570344], [6.1158964, 50.0571949], [6.1157045, 50.0572442], [6.1154161, 50.0573315], [6.1151841, 50.057408], [6.1147872, 50.0574963], [6.1145268, 50.0575688], [6.114331, 50.0576412], [6.1140301, 50.0577776], [6.1138451, 50.0579413], [6.1136399, 50.0581045], [6.1135135, 50.0582144], [6.1134017, 50.0583849], [6.1132173, 50.0586217], [6.1129129, 50.0589647], [6.1127763, 50.0591472], [6.1127, 50.0592817], [6.1125955, 50.0596074], [6.1125367, 50.0597572], [6.112507, 50.0599002], [6.1124708, 50.0601261], [6.1125049, 50.0603014], [6.1125289, 50.0604719], [6.1125952, 50.0606514], [6.1127128, 50.0607763], [6.1128724, 50.0608458], [6.1130105, 50.0612618], [6.1131899, 50.0615202], [6.1133873, 50.061917], [6.1134403, 50.0620591], [6.1135925, 50.0623714], [6.11365, 50.0625176], [6.113785, 50.0627037], [6.1139309, 50.0629781], [6.1140125, 50.0631929], [6.1140857, 50.0633491], [6.1141506, 50.0635276], [6.1141765, 50.0636687], [6.1141585, 50.0637956], [6.1141173, 50.0639266], [6.1139999, 50.0640502], [6.113976, 50.064214], [6.1139256, 50.0643585], [6.1138734, 50.064957], [6.1137785, 50.065183], [6.1137165, 50.0652919], [6.1138026, 50.0654313], [6.1138636, 50.0655098], [6.1140616, 50.0655836], [6.1142339, 50.0656096], [6.1143678, 50.0656607], [6.1145803, 50.0657338], [6.1147437, 50.0657781], [6.1149433, 50.0658191], [6.1151383, 50.0658121], [6.1156249, 50.0656895], [6.1157711, 50.0656194], [6.1159301, 50.0655539], [6.1160558, 50.0654533], [6.1166033, 50.0651661], [6.11678, 50.0650637], [6.116921, 50.0650002], [6.117114, 50.0648776], [6.1173698, 50.0647422], [6.1175578, 50.0646438], [6.1177109, 50.0645783], [6.1181133, 50.0644534], [6.1184459, 50.0644071], [6.1189052, 50.0643872], [6.1191623, 50.064403], [6.1194014, 50.064436], [6.1199064, 50.064531], [6.1202227, 50.06461], [6.1204161, 50.064684], [6.1207305, 50.0648454], [6.1208345, 50.0649224], [6.1209683, 50.0650573], [6.1211055, 50.0654024], [6.1211187, 50.0655485], [6.1211686, 50.0657382], [6.1212022, 50.0659391], [6.1212152, 50.0662034], [6.1212636, 50.0663781], [6.1212642, 50.0665735], [6.1212392, 50.0667658], [6.1212321, 50.0669773], [6.1212703, 50.0671661], [6.1212596, 50.0673607], [6.1212856, 50.0675477], [6.1212911, 50.0678171], [6.1212448, 50.0684874], [6.1213105, 50.0686856], [6.1214039, 50.0688225], [6.1215551, 50.0689433], [6.121863, 50.0690528], [6.1221325, 50.0691638], [6.1224538, 50.0692696], [6.1230261, 50.0695269], [6.1232978, 50.0696557], [6.1235669, 50.0698104], [6.1238988, 50.0699417], [6.1240718, 50.0700218], [6.1243825, 50.0701466], [6.1248989, 50.0703783], [6.1251441, 50.0704958], [6.1254191, 50.0706043], [6.1258393, 50.0708242], [6.1262103, 50.0709928], [6.1264904, 50.0711667], [6.1266017, 50.0712773], [6.1266569, 50.0713918], [6.1267285, 50.0715209], [6.1268399, 50.0716399], [6.1271617, 50.0718188], [6.1277623, 50.0720905], [6.127964, 50.0721771], [6.1280828, 50.0723317], [6.1283031, 50.0724808], [6.1284181, 50.0725134], [6.128574, 50.0726187], [6.1287577, 50.0727625], [6.1291441, 50.0730476], [6.1293886, 50.0732869], [6.1294647, 50.073497], [6.1294813, 50.0736318], [6.1292425, 50.0739456], [6.1291573, 50.07408], [6.1290105, 50.0742814], [6.128926, 50.0744568], [6.1288847, 50.0745648], [6.128796, 50.0747045], [6.1285115, 50.0748869], [6.128244, 50.0750226], [6.1279577, 50.0751184], [6.1276753, 50.0752498], [6.1274816, 50.0753708], [6.1273474, 50.0754783], [6.1271023, 50.0756501], [6.1269275, 50.0757543], [6.1266955, 50.0759082], [6.1265027, 50.0760167], [6.1263291, 50.076133], [6.1261505, 50.076246], [6.1259862, 50.0763763], [6.1255851, 50.0766663], [6.1253087, 50.0769194], [6.1251772, 50.0770137], [6.1249742, 50.0770871], [6.1248225, 50.0770783], [6.1246587, 50.0770514], [6.1244887, 50.0770168], [6.1242731, 50.0769098], [6.1241452, 50.0768544], [6.1239329, 50.0767743], [6.1236778, 50.0766349], [6.123443, 50.0765005], [6.1232308, 50.0763246], [6.1231418, 50.0761773], [6.1230926, 50.0760118], [6.1229126, 50.0758048], [6.1228453, 50.0757126], [6.1228131, 50.0756402], [6.122709, 50.0754612], [6.1225327, 50.0752355], [6.1224675, 50.0751122], [6.1223701, 50.0749545], [6.1222238, 50.0746863], [6.1221246, 50.074532], [6.1220025, 50.0744078], [6.1219378, 50.0742278], [6.1219897, 50.0741405], [6.1219432, 50.0738181], [6.1219034, 50.0736823], [6.1218974, 50.0734966], [6.121779, 50.0731385], [6.1216327, 50.0729781], [6.121487, 50.072856], [6.1213261, 50.0727396], [6.1211441, 50.0726327], [6.1209281, 50.0725411], [6.120713, 50.0724767], [6.1204973, 50.072449], [6.1202316, 50.0724439], [6.1199243, 50.0724787], [6.1196738, 50.0724789], [6.1194913, 50.0724661], [6.1192166, 50.0725162], [6.118878, 50.0726499], [6.1186204, 50.0727259], [6.1184119, 50.0728331], [6.1180938, 50.0729501], [6.1178273, 50.0730365], [6.1176223, 50.0731244], [6.117283, 50.0733555], [6.1169789, 50.0736116], [6.1168703, 50.0737324], [6.1167073, 50.0739294], [6.1165125, 50.0741481], [6.1163995, 50.0742488], [6.1162386, 50.0744426], [6.1162142, 50.0745579], [6.1162169, 50.0746297], [6.1162594, 50.0747327], [6.1164076, 50.074887], [6.116638, 50.0750166], [6.1169018, 50.0751339], [6.1171245, 50.0751997], [6.1172435, 50.0752652], [6.1175243, 50.0753343], [6.1176947, 50.0754046], [6.1179915, 50.0755653], [6.1182505, 50.0756672], [6.1184985, 50.0758696], [6.1184054, 50.0760703], [6.1181968, 50.0761818], [6.1181936, 50.0763854], [6.1182653, 50.0766184], [6.1184468, 50.0767952], [6.118657, 50.0769082], [6.1188327, 50.0770894], [6.1191492, 50.0774463], [6.1194004, 50.0775845], [6.1195584, 50.0777045], [6.1199165, 50.0779593], [6.1201623, 50.0781936], [6.1204539, 50.0785153], [6.120739, 50.0788505], [6.1209952, 50.079252], [6.1211157, 50.0794621], [6.1213355, 50.0796828], [6.1215895, 50.080049], [6.1216763, 50.0802162], [6.1217438, 50.0803983], [6.1218439, 50.0805843], [6.1219263, 50.0807614], [6.1220503, 50.0809212], [6.1221025, 50.0810746], [6.1222008, 50.0813011], [6.1222324, 50.0815064], [6.1222404, 50.0817095], [6.1221864, 50.0821813], [6.122197, 50.0824884], [6.1222315, 50.0827368], [6.1223203, 50.0829491], [6.1223537, 50.0832035], [6.1223075, 50.0834028], [6.1222318, 50.0835508], [6.1220671, 50.0836954], [6.1218194, 50.0838647], [6.1216034, 50.0840239], [6.1211949, 50.0843424], [6.1209992, 50.0844832], [6.1206334, 50.0847929], [6.1205062, 50.0848678], [6.1204571, 50.0849443], [6.1203282, 50.085099], [6.1202083, 50.0852359], [6.1200541, 50.0853939], [6.1199433, 50.0855667], [6.1198402, 50.0856686], [6.1197695, 50.0857828], [6.1197717, 50.0859296], [6.1197452, 50.086071], [6.1197465, 50.0863013], [6.1197713, 50.0865189], [6.1198359, 50.0866999], [6.1198494, 50.0868629], [6.1198712, 50.0870322], [6.1198648, 50.0872491], [6.1198362, 50.0874164], [6.1197831, 50.0875228], [6.1197211, 50.0876759], [6.1196942, 50.0877982], [6.1196503, 50.0879494], [6.1196253, 50.0881025], [6.1196287, 50.088319], [6.119657, 50.0885347], [6.1196548, 50.0886913], [6.1196378, 50.0888767], [6.1196327, 50.0890934], [6.119605, 50.0892114], [6.1195009, 50.089486], [6.1195352, 50.0896656], [6.1197064, 50.0899779], [6.1197407, 50.0900939], [6.1197946, 50.0903155], [6.1199101, 50.0906986], [6.119947, 50.0909094], [6.1199818, 50.0910455], [6.1200081, 50.0912034], [6.1200951, 50.0914874], [6.1201441, 50.0916222], [6.1202579, 50.0917959], [6.1207848, 50.0923519], [6.1209499, 50.092503], [6.1210491, 50.0926242], [6.121151, 50.0927693], [6.1212432, 50.0928822], [6.1214236, 50.0930437], [6.1215971, 50.0931856], [6.1218191, 50.0933289], [6.1220547, 50.0934437], [6.122283, 50.0935377], [6.1224956, 50.0935841], [6.1228013, 50.0936283], [6.1232341, 50.0936695], [6.123484, 50.0936369], [6.123743, 50.0935104], [6.1239255, 50.093392], [6.1245667, 50.0931544], [6.1248242, 50.0930894], [6.1254548, 50.0929425], [6.1260421, 50.0928588], [6.1262436, 50.0928498], [6.1264223, 50.0928638], [6.1268421, 50.0928347], [6.1271742, 50.0927815], [6.1273422, 50.0927438], [6.127568, 50.0926804], [6.1278258, 50.0925715], [6.1279323, 50.0925494], [6.128212, 50.0925292], [6.1286967, 50.0924302], [6.1295092, 50.0922399], [6.1297801, 50.0922068], [6.1301131, 50.0921802], [6.1304425, 50.0921967], [6.1307599, 50.0922171], [6.1312574, 50.0923124], [6.1317931, 50.0924255], [6.1320869, 50.0925302], [6.1323223, 50.0926278], [6.1326403, 50.0927754], [6.1329897, 50.0929907], [6.1331611, 50.0931767], [6.1332921, 50.0935042], [6.133335, 50.0936299], [6.1333326, 50.0937425], [6.1331276, 50.0942711], [6.1330139, 50.0945086], [6.1328256, 50.0947175], [6.1326991, 50.0948931], [6.1324569, 50.0950241], [6.1321822, 50.0951039], [6.1321589, 50.0951071], [6.1319464, 50.0951092], [6.1316116, 50.0951379], [6.1310944, 50.0951481], [6.1309088, 50.095125], [6.1308327, 50.0951094], [6.1306187, 50.0950894], [6.130237, 50.0950644], [6.1299121, 50.0950561], [6.1296337, 50.0950784], [6.1293536, 50.0951325], [6.1289818, 50.0952817], [6.1288042, 50.0953279], [6.1285712, 50.0954722], [6.1283527, 50.0957722], [6.1281334, 50.095996], [6.1278903, 50.0962166], [6.1276049, 50.0964514], [6.1274678, 50.0967042], [6.1271194, 50.0971699], [6.1268876, 50.0975332], [6.1267165, 50.0977634], [6.1265076, 50.0979845], [6.1262952, 50.0982602], [6.1261163, 50.0985327], [6.1257874, 50.0989911], [6.1257108, 50.0991482], [6.1256734, 50.0996665], [6.1257001, 50.0998561], [6.1257476, 50.1001233], [6.1256228, 50.1006727], [6.1255897, 50.1009493], [6.1256077, 50.1010944], [6.1257719, 50.1013563], [6.12592, 50.1015108], [6.1263364, 50.1017345], [6.1265057, 50.1018155], [6.1268322, 50.1019872], [6.1271499, 50.1020936], [6.1275739, 50.1022112], [6.1279415, 50.1022872], [6.1283704, 50.1023822], [6.1284303, 50.1024186], [6.128642, 50.1024839], [6.129048, 50.1025779], [6.1293545, 50.1026542], [6.1295947, 50.1027188], [6.1298566, 50.1027789], [6.1301353, 50.1028192], [6.1303441, 50.1028073], [6.1306578, 50.1027722], [6.1307567, 50.1027051], [6.1308507, 50.1026997], [6.1311096, 50.1026539], [6.13178, 50.1024722], [6.1321166, 50.1024199], [6.1322529, 50.1024152], [6.1324789, 50.1024163], [6.132517, 50.102412], [6.1329971, 50.1024295], [6.1333414, 50.1024638], [6.133814, 50.1024986], [6.1340902, 50.1025403], [6.1343952, 50.1026321], [6.1351016, 50.1029331], [6.1353156, 50.103043], [6.1354537, 50.1031361], [6.1355957, 50.1032204], [6.1357447, 50.1033669], [6.1358289, 50.1035012], [6.1358328, 50.1036586], [6.1357335, 50.1038392], [6.1356043, 50.1040085], [6.1354287, 50.1042749], [6.135217, 50.1044944], [6.1351191, 50.1046329], [6.1350451, 50.1047939], [6.1348461, 50.1049675], [6.1347066, 50.1050679], [6.1344904, 50.1052101], [6.1342481, 50.1053353], [6.1342026, 50.1054738], [6.1339365, 50.1056296], [6.1338849, 50.1056251], [6.1338319, 50.1056151], [6.1337259, 50.1055597], [6.13342, 50.1056417], [6.1331394, 50.1056969], [6.1328202, 50.1057698], [6.1325532, 50.1058377], [6.1323918, 50.1058955], [6.1321865, 50.1059894], [6.131975, 50.1060763], [6.1316323, 50.1063236], [6.131458, 50.1064549], [6.1313437, 50.1065691], [6.1313162, 50.1067432], [6.1312094, 50.1069952], [6.1311219, 50.1073038], [6.1310231, 50.1075229], [6.1309815, 50.1076945], [6.1310389, 50.1078897], [6.1311186, 50.1080764], [6.1311309, 50.108259], [6.1313026, 50.1084448], [6.1314543, 50.108567], [6.1315456, 50.108748], [6.1317399, 50.1090106], [6.1320819, 50.1094074], [6.1321578, 50.1096436], [6.1324016, 50.1098215], [6.132596, 50.1099528], [6.1327546, 50.110117], [6.1329431, 50.1102398], [6.1330628, 50.1104335], [6.1338487, 50.1111518], [6.134216, 50.111518], [6.1343619, 50.1117127], [6.1345166, 50.1120294], [6.1348217, 50.1124531], [6.134966, 50.1127623], [6.1350889, 50.1129824], [6.1351888, 50.1131152], [6.1351906, 50.1132424], [6.135114, 50.1133788], [6.135007, 50.1135122], [6.1347262, 50.1137007], [6.1343933, 50.1138469], [6.1340639, 50.1139281], [6.133275, 50.1139359], [6.1328264, 50.1138479], [6.1324462, 50.1138358], [6.1319944, 50.1138626], [6.1316918, 50.1138402], [6.1312578, 50.1138701], [6.131008, 50.1139208], [6.1307562, 50.1139413], [6.1305363, 50.1139652], [6.1302862, 50.1140207], [6.1301613, 50.1140693], [6.1299449, 50.1141764], [6.1296228, 50.1142972], [6.1293428, 50.1145453], [6.1291709, 50.1147422], [6.1288612, 50.1150822], [6.1287359, 50.1152922], [6.1285824, 50.1154369], [6.1281536, 50.1158953], [6.1280364, 50.1160904], [6.1280556, 50.1161846], [6.1282616, 50.1164674], [6.1283851, 50.1166655], [6.1284748, 50.1169221], [6.1285498, 50.1170899], [6.1285878, 50.1168494], [6.1285918, 50.1166637], [6.128742, 50.1164595], [6.1288877, 50.1163202], [6.1291368, 50.1161296], [6.1294634, 50.1159444], [6.1301563, 50.1156284], [6.1305897, 50.1155236], [6.1306493, 50.1155121], [6.1308243, 50.1155151], [6.1309457, 50.1155569], [6.1312147, 50.1157417], [6.1312907, 50.1158452], [6.1313059, 50.1159817], [6.1314105, 50.1160155], [6.1313928, 50.1161595], [6.1315114, 50.1163696], [6.1315621, 50.1163904], [6.1316238, 50.1165392], [6.1317446, 50.1166542], [6.1317677, 50.1167001], [6.131777, 50.1167615], [6.1317454, 50.1168297], [6.1318241, 50.1169244], [6.1318307, 50.1170602], [6.1319123, 50.117124], [6.131864, 50.1172653], [6.131942, 50.1174579], [6.132067, 50.1175859], [6.1320868, 50.1176673], [6.1321605, 50.1177563], [6.1321949, 50.1178332], [6.1321708, 50.1178901], [6.1322816, 50.1180544], [6.132338, 50.1181009], [6.1322977, 50.1181272], [6.1323099, 50.1182013], [6.1324943, 50.1184047], [6.1327131, 50.1187306], [6.1329218, 50.1188203], [6.1330898, 50.1190672], [6.1335775, 50.11951], [6.1337508, 50.119559], [6.1344351, 50.1199978], [6.1345679, 50.1200206], [6.1347312, 50.1201125], [6.1350201, 50.1201887], [6.1351706, 50.1202648], [6.1355287, 50.1202915], [6.1356922, 50.1203288], [6.1357972, 50.1203088], [6.1359521, 50.1203629], [6.1363136, 50.1204103], [6.1366528, 50.1203757]]]}}, {"type": "Feature", "properties": {"name": "Naturbësch Laangmuer", "kind": "nature_reserve"}, "geometry": {"type": "Polygon", "coordinates": [[[6.21193, 49.6693421], [6.210044, 49.6683154], [6.2095472, 49.6682827], [6.2082285, 49.6684466], [6.2062279, 49.6688744], [6.204853, 49.669074], [6.2028525, 49.6665414], [6.1999089, 49.6640144], [6.1951359, 49.6598595], [6.1951303, 49.6596587], [6.1955251, 49.6594981], [6.1963543, 49.6592972], [6.1966899, 49.6588495], [6.1972737, 49.6586948], [6.1992704, 49.6584209], [6.1998908, 49.6585195], [6.2034903, 49.6598285], [6.2045329, 49.6599983], [6.2136478, 49.6612101], [6.214398, 49.6612616], [6.2145039, 49.6614117], [6.2161456, 49.6637364], [6.2159561, 49.66397], [6.2156764, 49.6640781], [6.2137, 49.6637481], [6.213163, 49.6646739], [6.2133931, 49.6650332], [6.2157305, 49.6654829], [6.2172782, 49.6660787], [6.2177159, 49.6663241], [6.2178558, 49.6666512], [6.217645, 49.6668649], [6.2161908, 49.666914], [6.2150853, 49.667098], [6.2143041, 49.6675905], [6.2138451, 49.667915], [6.2134505, 49.6681756], [6.2129453, 49.6685366], [6.2124726, 49.6689671], [6.2121567, 49.6692358], [6.21193, 49.6693421]]]}}, {"type": "Feature", "properties": {"name": "Nemmeswiss", "kind": "nature_reserve"}, "geometry": {"type": "Polygon", "coordinates": [[[6.056112, 49.5968259], [6.0563461, 49.5969482], [6.0563434, 49.5970087], [6.0560761, 49.5972449], [6.0559358, 49.5972915], [6.0556794, 49.5973174], [6.0554503, 49.5972463], [6.0555042, 49.5971799], [6.0555791, 49.5970876], [6.0555723, 49.5970522], [6.0553602, 49.5969167], [6.055327, 49.5967752], [6.0551189, 49.5966828], [6.0547225, 49.5965168], [6.054589, 49.5963182], [6.0545379, 49.5961774], [6.0546271, 49.5958868], [6.0548491, 49.5959836], [6.054938, 49.5960224], [6.0553819, 49.5961128], [6.0557145, 49.5962171], [6.0559532, 49.5964909], [6.0561477, 49.5966135], [6.0561678, 49.5966952], [6.0561016, 49.5967946], [6.056112, 49.5968259]]]}}, {"type": "Feature", "properties": {"name": "Nommerlayen", "kind": "nature_reserve"}, "geometry": {"type": "Polygon", "coordinates": [[[6.1820438, 49.7841286], [6.1813837, 49.7836738], [6.1793445, 49.7829427], [6.1786748, 49.7827038], [6.1782997, 49.7825163], [6.1757506, 49.7809842], [6.174425, 49.7801066], [6.1739338, 49.7798279], [6.1732611, 49.7795022], [6.173222, 49.7794787], [6.1726607, 49.7791406], [6.1739358, 49.7770967], [6.173945, 49.777082], [6.1736244, 49.7768925], [6.1726736, 49.7763218], [6.1723396, 49.7761927], [6.1721342, 49.776108], [6.1720419, 49.7760637], [6.1708644, 49.7755644], [6.1696896, 49.7750681], [6.169184, 49.7748581], [6.1689113, 49.7747929], [6.1679168, 49.7747139], [6.1666523, 49.774607], [6.1652364, 49.7744265], [6.1647463, 49.7744074], [6.1646447, 49.774406], [6.1645686, 49.7744186], [6.1644793, 49.7744544], [6.1643376, 49.774634], [6.1641782, 49.7747847], [6.1640006, 49.7747525], [6.1635621, 49.7745914], [6.1634521, 49.7745498], [6.1616832, 49.776113], [6.1614083, 49.7754358], [6.1612733, 49.7753599], [6.1605822, 49.7753318], [6.1598164, 49.7751015], [6.1593647, 49.7750625], [6.1589541, 49.7751876], [6.1588181, 49.7753243], [6.158961, 49.7756636], [6.1590101, 49.7756619], [6.1591776, 49.7757589], [6.1590245, 49.7757555], [6.1585386, 49.7758415], [6.1580716, 49.7758014], [6.1575693, 49.7758009], [6.1571355, 49.7758472], [6.156868, 49.7760636], [6.1562957, 49.7759123], [6.1561917, 49.7758693], [6.1560627, 49.7757896], [6.1560065, 49.7757378], [6.15589, 49.7755962], [6.155838, 49.7755166], [6.1557583, 49.775373], [6.1559229, 49.7751623], [6.1560663, 49.7749787], [6.1558235, 49.7750748], [6.1556112, 49.7752176], [6.1554739, 49.775337], [6.1553302, 49.7754736], [6.1552262, 49.7755924], [6.1549743, 49.7759772], [6.1548764, 49.7760961], [6.1536993, 49.7768363], [6.1532112, 49.7771341], [6.1529505, 49.7772788], [6.1525485, 49.777414], [6.1524514, 49.7774697], [6.1523167, 49.7776116], [6.1523015, 49.7776971], [6.1522603, 49.7782815], [6.1522445, 49.7785085], [6.152278, 49.7787804], [6.1524013, 49.7789743], [6.1527398, 49.7794021], [6.1529201, 49.7795665], [6.1531034, 49.7796934], [6.1538713, 49.7800837], [6.1540604, 49.7800413], [6.1541864, 49.779998], [6.1542964, 49.7800123], [6.1544004, 49.7800434], [6.1546558, 49.7802782], [6.1547812, 49.7803531], [6.1549582, 49.780441], [6.1551212, 49.7804765], [6.155492, 49.7805154], [6.1557233, 49.7806189], [6.1567702, 49.7813282], [6.157116, 49.7814994], [6.1572912, 49.7815633], [6.1575687, 49.7816128], [6.1580466, 49.7816445], [6.1581816, 49.7816659], [6.1584364, 49.7817724], [6.158738, 49.7820109], [6.1590452, 49.7821984], [6.1592422, 49.7822823], [6.1598816, 49.7824254], [6.1601036, 49.7824747], [6.1603024, 49.7825196], [6.1606371, 49.7825369], [6.1608752, 49.7825057], [6.1612072, 49.7824095], [6.1611933, 49.7818153], [6.1611534, 49.7815423], [6.1610776, 49.7811376], [6.161869, 49.7810292], [6.1623633, 49.7813627], [6.1629025, 49.7816883], [6.1633789, 49.7819291], [6.1642013, 49.7821383], [6.164544, 49.7826828], [6.1647906, 49.7827335], [6.1651391, 49.7827292], [6.1656984, 49.7827119], [6.1659604, 49.782681], [6.1662896, 49.782621], [6.1664897, 49.7833163], [6.1668397, 49.7832644], [6.1670087, 49.7835085], [6.167186, 49.7836624], [6.1677864, 49.7838567], [6.1679784, 49.7837138], [6.1682024, 49.7838341], [6.1690066, 49.7840607], [6.1691084, 49.784084], [6.1694959, 49.784121], [6.1696978, 49.7841174], [6.1699159, 49.7840834], [6.170022, 49.784053], [6.1701941, 49.7839886], [6.1703638, 49.7839044], [6.170513, 49.7837787], [6.1707618, 49.7833534], [6.1708751, 49.783056], [6.1709845, 49.7826321], [6.1709783, 49.7821592], [6.1714753, 49.7821549], [6.1716145, 49.7826476], [6.1716996, 49.7830808], [6.1717245, 49.783237], [6.1717509, 49.7835597], [6.1718667, 49.7840024], [6.172192, 49.7843165], [6.1731621, 49.7842802], [6.1740486, 49.7841498], [6.1741482, 49.7842275], [6.1733922, 49.7846797], [6.1733272, 49.784739], [6.172965, 49.7850695], [6.1732127, 49.7851296], [6.1736203, 49.7851745], [6.1742515, 49.7852986], [6.1751466, 49.7855508], [6.1755127, 49.7856872], [6.1756991, 49.785779], [6.1758352, 49.7859334], [6.1761195, 49.7862218], [6.1762449, 49.7863297], [6.1764514, 49.7864388], [6.1766928, 49.7865254], [6.1771125, 49.7867011], [6.1783947, 49.7871358], [6.1785892, 49.7871817], [6.1787366, 49.787189], [6.1788151, 49.7871801], [6.1789003, 49.787147], [6.1789546, 49.7870899], [6.1789768, 49.7870404], [6.1789935, 49.7869951], [6.1789406, 49.7869388], [6.1784932, 49.7866679], [6.1783286, 49.786516], [6.1782286, 49.7863862], [6.1781198, 49.7861946], [6.1780674, 49.7860795], [6.1780621, 49.7859547], [6.1781037, 49.7858162], [6.178126, 49.7857833], [6.1781909, 49.7857062], [6.178333, 49.7856067], [6.1784112, 49.785582], [6.1785761, 49.7855391], [6.1787188, 49.7855216], [6.1788584, 49.7855269], [6.1790159, 49.7855548], [6.1791913, 49.7856178], [6.1798572, 49.7859205], [6.1799759, 49.7859502], [6.1800888, 49.785973], [6.1801632, 49.7859747], [6.1803177, 49.7859642], [6.1804157, 49.7859397], [6.1805585, 49.7858909], [6.1809442, 49.7857045], [6.1811872, 49.7856279], [6.1813666, 49.785617], [6.1815485, 49.785613], [6.1820881, 49.7857677], [6.1821501, 49.7856393], [6.183097, 49.7856265], [6.1834332, 49.7856151], [6.1835032, 49.7855864], [6.1834837, 49.7855361], [6.1840299, 49.7851434], [6.1840727, 49.7851102], [6.1842918, 49.7851072], [6.1845061, 49.784907], [6.1839064, 49.7845932], [6.1836145, 49.7847787], [6.183371, 49.7847038], [6.1830431, 49.7845474], [6.1827802, 49.7844409], [6.1820438, 49.7841286]]]}}, {"type": "Feature", "properties": {"name": "Odendahl", "kind": "park"}, "geometry": {"type": "Polygon", "coordinates": [[[6.1361141, 49.6131105], [6.1360658, 49.6130973], [6.1360145, 49.6130866], [6.1359701, 49.6130682], [6.1358341, 49.6130532], [6.1357395, 49.6130605], [6.1356021, 49.6130718], [6.1355538, 49.6131057], [6.1354267, 49.6131443], [6.1352279, 49.6131915], [6.1351488, 49.6131933], [6.1349479, 49.6132348], [6.1349091, 49.6132567], [6.1348095, 49.6132879], [6.1347055, 49.613322], [6.1345958, 49.6133636], [6.1345082, 49.6134059], [6.1344487, 49.6134612], [6.1343425, 49.6135398], [6.1341848, 49.6137025], [6.1339525, 49.6139143], [6.1336992, 49.6141299], [6.1337302, 49.6141442], [6.1338519, 49.6142015], [6.1341121, 49.6139955], [6.1341731, 49.6139955], [6.1343555, 49.614112], [6.1348048, 49.6138417], [6.1348162, 49.613821], [6.1348298, 49.6137962], [6.134888, 49.6137666], [6.1354551, 49.6135158], [6.1355141, 49.613554], [6.1360922, 49.6133968], [6.1360976, 49.613323], [6.136387, 49.6132835], [6.1365013, 49.6133169], [6.1365831, 49.6133569], [6.1365817, 49.6133725], [6.1370485, 49.6135163], [6.1370504, 49.6135415], [6.1372069, 49.6135555], [6.1372487, 49.6135387], [6.1373132, 49.6135315], [6.137204, 49.613499], [6.1372351, 49.6134174], [6.1371269, 49.6133847], [6.1370934, 49.6133538], [6.1369526, 49.6133317], [6.1368064, 49.6132826], [6.1367286, 49.6132747], [6.1366126, 49.6132261], [6.1362726, 49.613124], [6.1362378, 49.6131007], [6.1362099, 49.6131446], [6.1361811, 49.613157], [6.1361479, 49.613157], [6.1360381, 49.6131335], [6.1360255, 49.6131292], [6.1360185, 49.6131211], [6.1360193, 49.6131119], [6.1360276, 49.6131043], [6.1360408, 49.6131009], [6.1360548, 49.6131026], [6.136105, 49.6131125], [6.1361141, 49.6131105]]]}}, {"type": "Feature", "properties": {"name": "Op der Schmelz", "kind": "park"}, "geometry": {"type": "Polygon", "coordinates": [[[6.0862012, 49.4704066], [6.0863788, 49.4707556], [6.0868449, 49.4706541], [6.0867617, 49.4703804], [6.0869589, 49.4703456], [6.0868583, 49.4701233], [6.0864426, 49.4702166], [6.0864533, 49.4702967], [6.086287, 49.4703281], [6.0862012, 49.4704066]]]}}, {"type": "Feature", "properties": {"name": "Ourschleife/Falkenstein", "kind": "nature_reserve"}, "geometry": {"type": "Polygon", "coordinates": [[[6.2000464, 49.9739246], [6.2004401, 49.9740662], [6.2007173, 49.9740535], [6.200964, 49.9740545], [6.201552, 49.9740874], [6.2017785, 49.9741283], [6.2020116, 49.9740125], [6.2025735, 49.9741184], [6.2030309, 49.9741733], [6.2033215, 49.9741714], [6.2036042, 49.97415], [6.2041455, 49.9740247], [6.2042664, 49.974058], [6.2043073, 49.9739064], [6.2042543, 49.9737468], [6.2041558, 49.9736135], [6.2039317, 49.9734172], [6.2032456, 49.9729291], [6.2026618, 49.9724568], [6.2020696, 49.9719584], [6.2016434, 49.9721859], [6.2015449, 49.9721031], [6.2009436, 49.9714762], [6.2005995, 49.97113], [6.2004665, 49.970975], [6.2003348, 49.9705864], [6.2003095, 49.9701797], [6.2003082, 49.9699168], [6.2002243, 49.9694326], [6.2005309, 49.9695295], [6.2007498, 49.9696494], [6.2011967, 49.9696675], [6.2012298, 49.9694098], [6.2015329, 49.9694416], [6.201729, 49.9694288], [6.2019187, 49.9693825], [6.2021766, 49.9692437], [6.2024792, 49.9690478], [6.2026991, 49.9687443], [6.2025724, 49.9682707], [6.2024611, 49.9680841], [6.2023848, 49.9678065], [6.2019593, 49.9674821], [6.202078, 49.9672425], [6.2022115, 49.9670364], [6.2025902, 49.9664174], [6.2027757, 49.9661045], [6.2028589, 49.9659258], [6.2029014, 49.9657254], [6.2026075, 49.965376], [6.2025274, 49.9651968], [6.2019955, 49.9652253], [6.2014394, 49.9650915], [6.2008073, 49.9649099], [6.2003576, 49.9648047], [6.1999518, 49.9646539], [6.1999156, 49.9644962], [6.1998507, 49.9640248], [6.1998374, 49.9639797], [6.2003238, 49.963923], [6.2014928, 49.9638607], [6.2024096, 49.9637526], [6.2026557, 49.9636891], [6.202929, 49.9634969], [6.2035545, 49.9631157], [6.2038366, 49.9632002], [6.2045291, 49.9635027], [6.2047464, 49.9630854], [6.2047878, 49.962747], [6.2047672, 49.9626597], [6.2046538, 49.96245], [6.2042724, 49.9622015], [6.2038425, 49.9618406], [6.2035629, 49.9615743], [6.2036569, 49.9615307], [6.2039588, 49.961403], [6.2045106, 49.9611457], [6.2048064, 49.9609918], [6.2049431, 49.9608795], [6.2044092, 49.9607009], [6.2040867, 49.9606571], [6.2040654, 49.960529], [6.2030386, 49.9591748], [6.2048409, 49.9600034], [6.2054343, 49.9602571], [6.2061959, 49.9605098], [6.2065361, 49.9606155], [6.2065541, 49.960573], [6.2070121, 49.9605311], [6.2074652, 49.9605045], [6.2078089, 49.9604945], [6.2079353, 49.9604629], [6.208022, 49.9604105], [6.2080697, 49.9603091], [6.208063, 49.9602213], [6.2079346, 49.9599831], [6.207666, 49.9597092], [6.2075641, 49.95952], [6.2075516, 49.9592406], [6.2081255, 49.9591378], [6.2076231, 49.9583764], [6.2073793, 49.9581025], [6.2065863, 49.9571773], [6.2067274, 49.9571102], [6.2060821, 49.9566117], [6.2049862, 49.9560242], [6.2048495, 49.9559173], [6.2046841, 49.955704], [6.2046835, 49.9556882], [6.2046912, 49.9554988], [6.2048273, 49.9550972], [6.2046007, 49.9550464], [6.2044902, 49.9550049], [6.2041651, 49.9548429], [6.2033937, 49.9544827], [6.2031429, 49.95424], [6.2025887, 49.953926], [6.2019359, 49.9536155], [6.2017378, 49.9534753], [6.2016216, 49.9534387], [6.2011994, 49.9532112], [6.200782, 49.9529288], [6.2006242, 49.9527131], [6.2004833, 49.9524004], [6.2005069, 49.9522986], [6.2004745, 49.9521909], [6.2002411, 49.9519088], [6.1997997, 49.95147], [6.1996028, 49.9512534], [6.1995374, 49.951046], [6.1995474, 49.9508857], [6.1995768, 49.9505997], [6.1996536, 49.9496895], [6.1995864, 49.949493], [6.1994291, 49.9493071], [6.1991907, 49.9491353], [6.1989422, 49.9490103], [6.1987844, 49.948819], [6.1986642, 49.9487886], [6.1985984, 49.9487254], [6.198481, 49.9486922], [6.1985064, 49.9485966], [6.1984547, 49.9485079], [6.1982833, 49.9484474], [6.1982808, 49.9484354], [6.1982714, 49.9484473], [6.1983667, 49.9485223], [6.1983283, 49.9487106], [6.1983192, 49.9488788], [6.1985352, 49.9491226], [6.198672, 49.9493457], [6.1987864, 49.9494679], [6.1988022, 49.9494704], [6.1987679, 49.9496183], [6.1987367, 49.9498402], [6.198699, 49.9500538], [6.198651, 49.9502178], [6.1985613, 49.9502965], [6.1985817, 49.9503965], [6.1984747, 49.9506116], [6.1982796, 49.9508996], [6.1982205, 49.9511222], [6.1981982, 49.9513421], [6.1980776, 49.9516049], [6.1979279, 49.9518244], [6.1978507, 49.9520563], [6.1977526, 49.9522695], [6.197417, 49.9527307], [6.19726, 49.9530072], [6.1971329, 49.9531996], [6.1969459, 49.9535299], [6.1967127, 49.953977], [6.1965973, 49.9540788], [6.1965098, 49.9541383], [6.1965146, 49.9541832], [6.19665, 49.9543103], [6.1968386, 49.9543991], [6.1971197, 49.9545008], [6.196937, 49.9545657], [6.1967363, 49.9545645], [6.196464, 49.9546407], [6.1961779, 49.9546438], [6.195992, 49.95467], [6.1958857, 49.9547869], [6.196003, 49.9549733], [6.1961676, 49.9551372], [6.1963695, 49.9552748], [6.196361, 49.9552879], [6.1961278, 49.955223], [6.1957734, 49.9552124], [6.1955044, 49.955227], [6.195246, 49.9554476], [6.1949606, 49.9557208], [6.1947021, 49.9560207], [6.1946581, 49.9560849], [6.1944156, 49.9563434], [6.1941823, 49.9566249], [6.1940551, 49.9568552], [6.1939974, 49.9570104], [6.1939679, 49.9571871], [6.1939525, 49.9573904], [6.1940881, 49.9576841], [6.194378, 49.9580744], [6.1946171, 49.958643], [6.1946279, 49.9588862], [6.1946719, 49.9592048], [6.1947186, 49.9593339], [6.1948619, 49.9595236], [6.1949631, 49.9598433], [6.1949003, 49.9600457], [6.1949389, 49.9601499], [6.1949129, 49.960203], [6.1952983, 49.9604854], [6.1958034, 49.9608943], [6.1957958, 49.9608989], [6.1950027, 49.9606787], [6.1948059, 49.9606703], [6.1947834, 49.9607018], [6.1947535, 49.9609034], [6.1946444, 49.9612088], [6.1946345, 49.9614642], [6.1945548, 49.9616878], [6.194414, 49.9619796], [6.1942587, 49.9622183], [6.194144, 49.9624133], [6.1938012, 49.9628798], [6.1937135, 49.9630583], [6.1935958, 49.9631803], [6.1935318, 49.9632638], [6.1933846, 49.9635312], [6.1932641, 49.9637984], [6.1931664, 49.9641154], [6.1930931, 49.9643115], [6.1930876, 49.9645061], [6.1930957, 49.9646118], [6.1930834, 49.9647683], [6.1931881, 49.9648693], [6.1932892, 49.9649803], [6.1933642, 49.9650286], [6.1934645, 49.9650789], [6.1937205, 49.9651742], [6.1938478, 49.9652402], [6.1941192, 49.9655126], [6.1942234, 49.9655852], [6.1942209, 49.9656177], [6.1944267, 49.965962], [6.1943069, 49.9659167], [6.1941264, 49.9658401], [6.1939619, 49.9657481], [6.1937977, 49.9655856], [6.1936683, 49.9655371], [6.1933207, 49.9655342], [6.193364, 49.965725], [6.1934336, 49.9658279], [6.1934018, 49.9660235], [6.193398, 49.966194], [6.193302, 49.9662691], [6.1933322, 49.9663577], [6.1934417, 49.9664385], [6.1934354, 49.9664968], [6.1935144, 49.9668434], [6.1934361, 49.9671669], [6.193299, 49.9674299], [6.1931857, 49.9675303], [6.1930749, 49.9678755], [6.1930473, 49.9679349], [6.19297, 49.9681391], [6.1927683, 49.9685071], [6.1924906, 49.9688069], [6.1923016, 49.9688933], [6.1917129, 49.9692466], [6.1910571, 49.9693952], [6.1910023, 49.9697022], [6.1909338, 49.9699608], [6.1908575, 49.9701676], [6.1906211, 49.9699703], [6.1904643, 49.9696995], [6.1904791, 49.9696596], [6.1904365, 49.9695925], [6.1903858, 49.9695794], [6.1903371, 49.9695131], [6.1902341, 49.9694986], [6.189771, 49.9694598], [6.189278, 49.9694303], [6.1892251, 49.9694029], [6.1887867, 49.9693419], [6.1884868, 49.9692922], [6.1882743, 49.9692805], [6.1878042, 49.9691746], [6.1870603, 49.9689868], [6.1867966, 49.968891], [6.1866423, 49.9688434], [6.1859674, 49.968609], [6.1856103, 49.9684588], [6.1853109, 49.968351], [6.1849962, 49.9682798], [6.1848612, 49.9683188], [6.1847931, 49.9682326], [6.1844747, 49.9681155], [6.1841846, 49.9680555], [6.1838259, 49.9679394], [6.1837184, 49.967934], [6.1835937, 49.9678175], [6.1828369, 49.9672013], [6.1827323, 49.967111], [6.1825907, 49.9669774], [6.1824021, 49.9667687], [6.1821468, 49.9664973], [6.1819832, 49.9663382], [6.181903, 49.9662274], [6.1818631, 49.9661851], [6.1812132, 49.9653903], [6.180953, 49.9649505], [6.1806926, 49.9645527], [6.1805999, 49.9644309], [6.1806143, 49.9642848], [6.1805132, 49.964105], [6.1806332, 49.9636532], [6.1809548, 49.9629128], [6.1810866, 49.9625532], [6.1813095, 49.9621254], [6.181522, 49.9618004], [6.1820566, 49.9610952], [6.1823366, 49.960699], [6.1825531, 49.9604375], [6.1829237, 49.9600651], [6.1829664, 49.9599746], [6.1829176, 49.9598812], [6.1830052, 49.9594575], [6.1829708, 49.9592257], [6.1827476, 49.9591292], [6.182738, 49.9587931], [6.1827811, 49.95847], [6.1828613, 49.9580949], [6.1829283, 49.9576231], [6.1831909, 49.9574151], [6.1833125, 49.9572832], [6.1839368, 49.9570958], [6.1846265, 49.9570173], [6.1851212, 49.9569217], [6.1860433, 49.9566999], [6.1864765, 49.9565643], [6.1866705, 49.9565288], [6.1870008, 49.9564996], [6.1873764, 49.9564951], [6.1875798, 49.9564842], [6.1877327, 49.9564363], [6.1878301, 49.9563777], [6.1878218, 49.9563291], [6.1876046, 49.9561801], [6.1861506, 49.9555293], [6.1857103, 49.9553965], [6.1852122, 49.9551133], [6.1847788, 49.9549541], [6.1843695, 49.9546802], [6.1838701, 49.9544246], [6.1834401, 49.9541678], [6.1831275, 49.9539415], [6.182609, 49.9537749], [6.182546, 49.9537189], [6.1822158, 49.9536117], [6.1818208, 49.953495], [6.1814241, 49.9533721], [6.181031, 49.9532834], [6.1806727, 49.9532426], [6.1803962, 49.9532263], [6.1801484, 49.9532398], [6.1798884, 49.9532688], [6.1796457, 49.9533012], [6.179457, 49.9533502], [6.1792265, 49.9534286], [6.178907, 49.95355], [6.1787298, 49.9536355], [6.1784549, 49.9538322], [6.1782301, 49.9540383], [6.1780565, 49.9542328], [6.1779207, 49.9544162], [6.1778201, 49.9546016], [6.1776704, 49.9549775], [6.1775512, 49.9553865], [6.1775053, 49.9556513], [6.177478, 49.9559657], [6.1774893, 49.9561347], [6.1774352, 49.9563825], [6.1773717, 49.9566147], [6.177328, 49.956868], [6.1773195, 49.9573662], [6.1772953, 49.9577476], [6.1772726, 49.9579778], [6.1772573, 49.958249], [6.1772152, 49.9587064], [6.1771833, 49.9588936], [6.1770736, 49.9593824], [6.1769949, 49.9596016], [6.1768534, 49.9598967], [6.1766605, 49.9602244], [6.1765923, 49.9605168], [6.176431, 49.96109], [6.1763801, 49.9612258], [6.1763394, 49.9613879], [6.1762681, 49.961517], [6.1761794, 49.9615936], [6.1772218, 49.9615943], [6.1780491, 49.9616709], [6.1783603, 49.9616809], [6.1787548, 49.9617133], [6.1787841, 49.9618575], [6.1788215, 49.9621501], [6.178796, 49.9624419], [6.1788591, 49.9625669], [6.1788796, 49.9631636], [6.1787896, 49.9633828], [6.1788254, 49.9635504], [6.1787558, 49.9636818], [6.1787871, 49.9638673], [6.1787528, 49.9639359], [6.178833, 49.9642475], [6.1788553, 49.9645155], [6.178972, 49.9647034], [6.1791073, 49.9652499], [6.1791133, 49.9655699], [6.1791966, 49.9658742], [6.1792459, 49.9662924], [6.1795161, 49.9666617], [6.1795751, 49.9669285], [6.1796026, 49.9671134], [6.1796053, 49.9672057], [6.1795781, 49.9672702], [6.1796796, 49.9674688], [6.1797467, 49.9676561], [6.1797978, 49.9677491], [6.1799642, 49.9679736], [6.1802029, 49.9681915], [6.1803559, 49.9683511], [6.1804175, 49.9684613], [6.180462, 49.9685927], [6.1806737, 49.9689158], [6.1809155, 49.9692142], [6.1810466, 49.9693582], [6.1811274, 49.9695924], [6.1812532, 49.969784], [6.1813606, 49.969879], [6.1817136, 49.9701271], [6.1819439, 49.9702345], [6.1820788, 49.9702819], [6.1824799, 49.9703821], [6.1827567, 49.9704677], [6.1829893, 49.9705524], [6.1830943, 49.9706068], [6.1830208, 49.9706737], [6.1832896, 49.9707937], [6.1833775, 49.9708522], [6.1833222, 49.9709273], [6.1839005, 49.9711467], [6.1839279, 49.9711224], [6.1847261, 49.9714264], [6.1849247, 49.9711736], [6.1850603, 49.9708818], [6.1851217, 49.9708681], [6.1852451, 49.9708667], [6.1855008, 49.9709765], [6.1856341, 49.9710628], [6.1857057, 49.9709084], [6.1862425, 49.970973], [6.1861664, 49.9711295], [6.1867059, 49.9712102], [6.1871012, 49.9712959], [6.1872484, 49.9712804], [6.1873969, 49.9713108], [6.1877064, 49.9713542], [6.1878736, 49.9713992], [6.1879855, 49.9714655], [6.18786, 49.9715868], [6.1879965, 49.9717208], [6.1880549, 49.9718995], [6.187862, 49.9720339], [6.1880344, 49.9722662], [6.1877712, 49.9723806], [6.1875979, 49.9724681], [6.1882383, 49.9733069], [6.1883755, 49.9734396], [6.1886569, 49.9736756], [6.1888206, 49.973823], [6.188744, 49.9738593], [6.1891543, 49.9740251], [6.1899859, 49.9744516], [6.1904159, 49.97463], [6.190461, 49.9746626], [6.1906459, 49.9749032], [6.1906715, 49.975064], [6.1909779, 49.9754648], [6.1910853, 49.9755852], [6.191218, 49.9756946], [6.1918944, 49.9752655], [6.1925614, 49.9757424], [6.1927935, 49.975873], [6.193023, 49.9758894], [6.1933831, 49.9757851], [6.1935073, 49.9758754], [6.1939622, 49.9756803], [6.1943523, 49.9755425], [6.1945328, 49.9755211], [6.1952001, 49.9750878], [6.1957868, 49.9747309], [6.1959723, 49.974671], [6.196012, 49.9746616], [6.1959825, 49.9747307], [6.196113, 49.9748509], [6.1965333, 49.9750547], [6.1972675, 49.9752771], [6.1971755, 49.9753414], [6.1973664, 49.9754357], [6.1977007, 49.9755513], [6.1980792, 49.975647], [6.1983492, 49.9757212], [6.1990272, 49.9759073], [6.199299, 49.976005], [6.1994952, 49.976071], [6.1999467, 49.9761801], [6.2008985, 49.9763486], [6.2013293, 49.9763882], [6.2016678, 49.9763906], [6.2020909, 49.9763492], [6.2023757, 49.9763358], [6.2022422, 49.9762656], [6.2019419, 49.9761076], [6.2015815, 49.9759259], [6.201371, 49.9758538], [6.2006398, 49.9755579], [6.2004725, 49.9754706], [6.2003896, 49.9752889], [6.2000464, 49.9739246]]]}}, {"type": "Feature", "properties": {"name": "Parc A Leischemer", "kind": "park"}, "geometry": {"type": "Polygon", "coordinates": [[[6.1137243, 49.513447], [6.1137698, 49.5134527], [6.1137921, 49.5134529], [6.1141219, 49.5134546], [6.1141584, 49.5134549], [6.1142099, 49.5134453], [6.1142466, 49.5134334], [6.1142649, 49.5134073], [6.1142631, 49.5133742], [6.1140125, 49.5128408], [6.1140387, 49.5128131], [6.113989, 49.5127116], [6.1139182, 49.5127399], [6.1138623, 49.5127445], [6.1138152, 49.5127405], [6.1137689, 49.5127274], [6.1137436, 49.5127388], [6.1137278, 49.5128448], [6.1137562, 49.5128627], [6.113726, 49.5130198], [6.1137139, 49.513083], [6.1137016, 49.5130988], [6.1136658, 49.5133863], [6.1136754, 49.5134209], [6.1136981, 49.5134373], [6.1137243, 49.513447]]]}}, {"type": "Feature", "properties": {"name": "Parc Aloyse Weber", "kind": "park"}, "geometry": {"type": "Polygon", "coordinates": [[[6.1310893, 49.5406347], [6.1311103, 49.5405635], [6.1314245, 49.5406056], [6.1316284, 49.5405864], [6.1315259, 49.5407507], [6.1310893, 49.5406347]]]}}, {"type": "Feature", "properties": {"name": "Parc Cessange", "kind": "park"}, "geometry": {"type": "Polygon", "coordinates": [[[6.1034149, 49.5893081], [6.1029972, 49.5892464], [6.1027958, 49.5892256], [6.1024841, 49.5891953], [6.1022266, 49.5891836], [6.1022406, 49.5891278], [6.1022672, 49.5888897], [6.1021045, 49.5888825], [6.1018538, 49.5888858], [6.1016016, 49.5888967], [6.1013228, 49.5889262], [6.101008, 49.5889715], [6.1001328, 49.5891904], [6.0998825, 49.5892312], [6.0995898, 49.589242], [6.0995962, 49.5893305], [6.0992479, 49.5893339], [6.0992288, 49.5896908], [6.099217, 49.5901117], [6.0992299, 49.5902504], [6.0993013, 49.5902974], [6.0999724, 49.5903572], [6.1002531, 49.5903913], [6.1003825, 49.5901373], [6.1004718, 49.5899277], [6.1008124, 49.5898636], [6.1010607, 49.5901334], [6.1011603, 49.5900934], [6.1009739, 49.5898332], [6.1016582, 49.5897044], [6.1017383, 49.5898658], [6.1019696, 49.5898337], [6.1019421, 49.5896728], [6.1025898, 49.5896437], [6.1032461, 49.5895997], [6.1034057, 49.5896503], [6.1033295, 49.5899205], [6.1035844, 49.589982], [6.1039225, 49.5900796], [6.1039537, 49.5900486], [6.1041042, 49.5898923], [6.1045786, 49.5901031], [6.1043858, 49.5902944], [6.1044674, 49.590343], [6.1046711, 49.590158], [6.105714, 49.5906683], [6.1056665, 49.5907699], [6.105536, 49.590891], [6.1058508, 49.5910313], [6.1060298, 49.5906416], [6.1060819, 49.5905282], [6.1061882, 49.5903037], [6.1061329, 49.5902638], [6.1058203, 49.590173], [6.1050115, 49.5897365], [6.1051798, 49.5895752], [6.1050366, 49.5895191], [6.1048825, 49.5896955], [6.1044691, 49.5895303], [6.1039029, 49.5893723], [6.1040149, 49.5891899], [6.103922, 49.5891687], [6.103821, 49.5893537], [6.1034587, 49.5892779], [6.1034149, 49.5893081]]]}}, {"type": "Feature", "properties": {"name": "Parc Cité du Soleil", "kind": "park"}, "geometry": {"type": "Polygon", "coordinates": [[[6.1119234, 49.5108293], [6.1118947, 49.5108196], [6.1113484, 49.510637], [6.1112553, 49.5107488], [6.1120024, 49.5110185], [6.1118774, 49.5111769], [6.1120459, 49.5112412], [6.1119443, 49.5113593], [6.1120312, 49.5113883], [6.1122065, 49.5113437], [6.1125223, 49.5112204], [6.1126449, 49.5111591], [6.1128835, 49.5113811], [6.1130368, 49.5113053], [6.112858, 49.5111466], [6.1129467, 49.5111032], [6.1129627, 49.5110429], [6.1128548, 49.51094], [6.1127231, 49.5108537], [6.1125407, 49.5107781], [6.1125181, 49.510808], [6.1120637, 49.5106576], [6.1119234, 49.5108293]]]}}, {"type": "Feature", "properties": {"name": "Parc Den Haff", "kind": "park"}, "geometry": {"type": "Polygon", "coordinates": [[[6.1182716, 49.6701658], [6.11833, 49.6701588], [6.1184111, 49.6699618], [6.1185466, 49.6697787], [6.1187853, 49.6694783], [6.118847, 49.6692956], [6.1188511, 49.6690877], [6.1188136, 49.6688977], [6.1188064, 49.6688614], [6.1187372, 49.6686733], [6.118599, 49.668447], [6.1184079, 49.6682891], [6.1181518, 49.6681168], [6.1181644, 49.6679932], [6.119442, 49.6680415], [6.1194418, 49.6680738], [6.1194612, 49.6681133], [6.1195001, 49.6681454], [6.1195545, 49.6681734], [6.1196209, 49.6681862], [6.1196382, 49.6685244], [6.1195993, 49.6695382], [6.1196101, 49.6696485], [6.119598, 49.6696645], [6.1195725, 49.6696706], [6.1195737, 49.6696947], [6.1195756, 49.669734], [6.1195765, 49.6697526], [6.1196054, 49.6697578], [6.1196201, 49.6697752], [6.119649, 49.6701106], [6.1196852, 49.6703576], [6.1197465, 49.6705339], [6.1198802, 49.6708661], [6.1189067, 49.6710432], [6.1188121, 49.6708809], [6.1186312, 49.6707016], [6.1185077, 49.6705728], [6.1184299, 49.6704565], [6.1183843, 49.670348], [6.1183742, 49.6702486], [6.1182716, 49.6701658]]]}}, {"type": "Feature", "properties": {"name": "Parc Edmond Dune", "kind": "park"}, "geometry": {"type": "Polygon", "coordinates": [[[5.8912489, 49.5218926], [5.891234, 49.521812], [5.8910939, 49.5214703], [5.8905221, 49.5201651], [5.8902733, 49.5202085], [5.8902483, 49.5202124], [5.8902618, 49.5202446], [5.8895398, 49.5202746], [5.8894395, 49.5206395], [5.8886457, 49.5206145], [5.8885203, 49.5206138], [5.8885007, 49.5206876], [5.8884908, 49.5207249], [5.8884885, 49.5207702], [5.8884855, 49.5208207], [5.8884687, 49.5210335], [5.8882541, 49.52102], [5.8882447, 49.521091], [5.8883044, 49.5211389], [5.8883581, 49.5211737], [5.8884191, 49.5212024], [5.8884781, 49.5212255], [5.8884965, 49.5212569], [5.8884918, 49.5212809], [5.8884871, 49.521305], [5.888468, 49.5213274], [5.8884278, 49.52134], [5.8884969, 49.5215616], [5.8885212, 49.5215905], [5.8885633, 49.5216405], [5.8886504, 49.5216569], [5.889612, 49.5217522], [5.8896106, 49.5217703], [5.8896047, 49.5218433], [5.890994, 49.5218862], [5.8912489, 49.5218926]]]}}, {"type": "Feature", "properties": {"name": "Parc Edmond J. Klein", "kind": "park"}, "geometry": {"type": "Polygon", "coordinates": [[[6.121792, 49.609887], [6.121957, 49.6094125], [6.1220616, 49.609436], [6.1223553, 49.6091579], [6.1224783, 49.6089289], [6.1225183, 49.6087742], [6.122413, 49.6087529], [6.1224894, 49.6086043], [6.1224921, 49.6083253], [6.1225149, 49.608215], [6.1225511, 49.6080846], [6.122633, 49.6079391], [6.1248685, 49.6090386], [6.1249109, 49.609164], [6.1248769, 49.6092166], [6.1248417, 49.6092346], [6.1245628, 49.609704], [6.1243646, 49.6101578], [6.124208, 49.6102302], [6.1237867, 49.6101719], [6.1229179, 49.6100506], [6.1224485, 49.6099821], [6.1224029, 49.6099569], [6.1220254, 49.6099022], [6.1218859, 49.6099013], [6.121792, 49.609887]]]}}, {"type": "Feature", "properties": {"name": "Parc Fernand Mertens", "kind": "park"}, "geometry": {"type": "Polygon", "coordinates": [[[6.1114135, 49.5181161], [6.1111495, 49.5181133], [6.1109038, 49.5181273], [6.1108166, 49.5181577], [6.1107404, 49.5181875], [6.1106942, 49.5182292], [6.1106472, 49.5182918], [6.1106002, 49.5183753], [6.1105388, 49.5185153], [6.1105286, 49.5185893], [6.1105259, 49.5186478], [6.1105414, 49.5186846], [6.1114481, 49.5181837], [6.1114135, 49.5181161]]]}}, {"type": "Feature", "properties": {"name": "Parc Flammant", "kind": "park"}, "geometry": {"type": "Polygon", "coordinates": [[[6.2490588, 49.7154323], [6.2485278, 49.7154184], [6.2485519, 49.7155849], [6.2484815, 49.7157628], [6.2481182, 49.716616], [6.2487151, 49.7167425], [6.2488822, 49.7161204], [6.2491243, 49.7160199], [6.2490588, 49.7154323]]]}}, {"type": "Feature", "properties": {"name": "Parc Gerlache", "kind": "park"}, "geometry": {"type": "Polygon", "coordinates": [[[5.8895635, 49.5239832], [5.8894958, 49.5240185], [5.8895721, 49.5240702], [5.889741, 49.5241846], [5.8897832, 49.524213], [5.8898534, 49.5241707], [5.8900603, 49.5242372], [5.8902077, 49.5242846], [5.8903456, 49.5243291], [5.890443, 49.5243603], [5.8905542, 49.5243974], [5.8906355, 49.5244231], [5.8907669, 49.5241373], [5.8908927, 49.5236501], [5.8903255, 49.5235613], [5.8895691, 49.5233846], [5.8895186, 49.5233952], [5.8894826, 49.5234202], [5.8895635, 49.5239832]]]}}, {"type": "Feature", "properties": {"name": "Parc Grande-Duchesse Charlotte", "kind": "park"}, "geometry": {"type": "Polygon", "coordinates": [[[6.0986271, 49.5191267], [6.0988766, 49.5192327], [6.0991334, 49.5189654], [6.0996534, 49.5191556], [6.0996702, 49.5191719], [6.0996658, 49.5191939], [6.0995939, 49.5192822], [6.0994932, 49.5194068], [6.0994477, 49.5193896], [6.0993756, 49.5193625], [6.0992635, 49.5193213], [6.0991864, 49.519408], [6.098579, 49.5191555], [6.0985594, 49.5191741], [6.0982805, 49.5194636], [6.0981036, 49.5193926], [6.0986459, 49.5188347], [6.0984893, 49.5187752], [6.0985232, 49.5187394], [6.0985832, 49.5187619], [6.0988779, 49.5188722], [6.0986271, 49.5191267]]]}}, {"type": "Feature", "properties": {"name": "Parc Heintz", "kind": "park"}, "geometry": {"type": "Polygon", "coordinates": [[[6.1213668, 49.6034418], [6.1213616, 49.6033185], [6.1214065, 49.6031907], [6.1214983, 49.6030682], [6.121611, 49.6029647], [6.1220214, 49.6027318], [6.122525, 49.6024693], [6.1229213, 49.6023198], [6.1228916, 49.602109], [6.1228658, 49.6019119], [6.1228375, 49.6016246], [6.1228099, 49.6014663], [6.1227328, 49.6013829], [6.1227036, 49.6014164], [6.1226188, 49.6015263], [6.1226099, 49.6015378], [6.1225655, 49.6015939], [6.1224916, 49.6016863], [6.1223915, 49.601812], [6.1222134, 49.6020357], [6.1221111, 49.602164], [6.1220884, 49.6021925], [6.1206125, 49.6024764], [6.1206385, 49.6025318], [6.1208654, 49.6030172], [6.1208921, 49.6030977], [6.1209102, 49.6032033], [6.1209196, 49.6033237], [6.1209122, 49.6034271], [6.1209223, 49.6034484], [6.1209532, 49.6034718], [6.1210075, 49.6035155], [6.1210873, 49.6035627], [6.1212764, 49.6037634], [6.1213639, 49.6039155], [6.1213454, 49.6039429], [6.1213679, 49.6039668], [6.1214121, 49.6039777], [6.1214574, 49.6039673], [6.1215634, 49.6039121], [6.1215801, 49.6038834], [6.1215841, 49.6038547], [6.1214732, 49.6036632], [6.1214273, 49.6035966], [6.1213908, 49.6035046], [6.1213113, 49.603518], [6.1212881, 49.6034599], [6.1213668, 49.6034418]]]}}, {"type": "Feature", "properties": {"name": "Parc Hummerland", "kind": "park"}, "geometry": {"type": "Polygon", "coordinates": [[[6.038208, 49.4748255], [6.0382882, 49.4749744], [6.0380394, 49.4750162], [6.0380624, 49.4750706], [6.0380036, 49.4751042], [6.037812, 49.475133], [6.0376139, 49.4751672], [6.0368044, 49.4753178], [6.0368261, 49.4753666], [6.0357439, 49.4755934], [6.035705, 49.4755118], [6.0361123, 49.4754257], [6.0359008, 49.4749195], [6.0363397, 49.4748501], [6.0364089, 49.474985], [6.0364715, 49.4749747], [6.0365022, 49.4749697], [6.0367913, 49.4749221], [6.0374705, 49.4748103], [6.0375329, 49.4747261], [6.0377478, 49.4746926], [6.0377736, 49.4747593], [6.0378468, 49.4747478], [6.0379026, 49.4748743], [6.038208, 49.4748255]]]}}, {"type": "Feature", "properties": {"name": "Parc Jaquinot", "kind": "park"}, "geometry": {"type": "Polygon", "coordinates": [[[6.1021516, 49.5135863], [6.1020704, 49.5135763], [6.1018128, 49.5134515], [6.10177, 49.5134992], [6.1017358, 49.5135741], [6.1017144, 49.5136585], [6.1017197, 49.5137326], [6.1019692, 49.5143316], [6.1020317, 49.5144949], [6.102331, 49.5154889], [6.1025832, 49.5154581], [6.1026742, 49.5157727], [6.102422, 49.5158034], [6.1024842, 49.5160108], [6.1025432, 49.5160042], [6.102564, 49.5160306], [6.1025992, 49.5160702], [6.102636, 49.5160998], [6.1026826, 49.5161122], [6.1027469, 49.5161116], [6.102801, 49.5161052], [6.1028506, 49.5160891], [6.1028949, 49.5160648], [6.1029396, 49.5160468], [6.1028829, 49.5157932], [6.10296, 49.5157859], [6.1031533, 49.5157677], [6.1032171, 49.5160661], [6.1033069, 49.51609], [6.1033862, 49.5159366], [6.1034857, 49.5157416], [6.1035, 49.5157184], [6.1036535, 49.5154432], [6.1037282, 49.5154608], [6.1038491, 49.515484], [6.1039165, 49.515499], [6.1042454, 49.515523], [6.1043922, 49.5156734], [6.1045216, 49.5156186], [6.1043278, 49.5155058], [6.1040412, 49.5152263], [6.1042877, 49.5151269], [6.1035742, 49.5144343], [6.1040322, 49.5142349], [6.1038013, 49.5140115], [6.1034512, 49.5141641], [6.1033207, 49.5142245], [6.10254, 49.5134845], [6.1023562, 49.513562], [6.1023286, 49.5135501], [6.1021516, 49.5135863]]]}}, {"type": "Feature", "properties": {"name": "Parc Kaltreis", "kind": "park"}, "geometry": {"type": "Polygon", "coordinates": [[[6.1536052, 49.5936224], [6.1533134, 49.5934354], [6.1529593, 49.5932337], [6.1525131, 49.5930188], [6.1521015, 49.5927969], [6.1516006, 49.5924555], [6.1512674, 49.5921968], [6.1511187, 49.592112], [6.150909, 49.5920337], [6.1508234, 49.5920116], [6.1506674, 49.5919827], [6.1503683, 49.5919593], [6.1498197, 49.5919539], [6.1495921, 49.5919522], [6.1495985, 49.5925261], [6.1499673, 49.592533], [6.1500853, 49.5925643], [6.1502199, 49.5927483], [6.1502156, 49.5930217], [6.1510656, 49.5930559], [6.151339, 49.5931584], [6.1516252, 49.593278], [6.1518601, 49.5933805], [6.1522104, 49.5935471], [6.1525666, 49.5938009], [6.1528107, 49.5940847], [6.1529319, 49.5942693], [6.153079, 49.5946527], [6.1531287, 49.5949737], [6.1531021, 49.5952744], [6.1531423, 49.5953297], [6.1534186, 49.5954035], [6.1534641, 49.5953927], [6.1535088, 49.5953649], [6.1534777, 49.5952992], [6.153479, 49.5952379], [6.1535105, 49.5951701], [6.1539745, 49.594427], [6.1537262, 49.5943488], [6.1535311, 49.5942763], [6.1534435, 49.5942117], [6.1533859, 49.5941453], [6.1534361, 49.5940321], [6.1535483, 49.5938745], [6.1535801, 49.5937076], [6.1536052, 49.5936224]]]}}, {"type": "Feature", "properties": {"name": "Parc Laval", "kind": "park"}, "geometry": {"type": "Polygon", "coordinates": [[[5.9769159, 49.4993472], [5.9770976, 49.4994121], [5.9771687, 49.499322], [5.9772945, 49.4993694], [5.9773631, 49.4992876], [5.9779472, 49.4995175], [5.9779266, 49.4995418], [5.9779854, 49.4995631], [5.978139, 49.4996613], [5.978253, 49.4995776], [5.9783757, 49.4994713], [5.9793186, 49.4984372], [5.9781638, 49.497968], [5.9769159, 49.4993472]]]}}, {"type": "Feature", "properties": {"name": "Parc Laval", "kind": "park"}, "geometry": {"type": "Polygon", "coordinates": [[[6.1327355, 49.6282631], [6.1330473, 49.6281352], [6.1328184, 49.6279577], [6.1327567, 49.6279098], [6.1322996, 49.6275553], [6.1326962, 49.6273701], [6.1327663, 49.6273373], [6.1324555, 49.627079], [6.1323469, 49.6269902], [6.132288, 49.6269557], [6.1320441, 49.6268126], [6.1320025, 49.6267678], [6.1319932, 49.6267131], [6.1320247, 49.6266627], [6.1318103, 49.6264953], [6.1318141, 49.62628], [6.1314706, 49.6260172], [6.1314077, 49.6259169], [6.1314982, 49.6254539], [6.131503, 49.6248379], [6.1314433, 49.6245304], [6.1312871, 49.6248171], [6.1311865, 49.6250638], [6.1310899, 49.62538], [6.1310095, 49.625724], [6.1309759, 49.6259404], [6.130984, 49.6261132], [6.1310084, 49.6262538], [6.1308089, 49.6262641], [6.1307748, 49.6264225], [6.1307842, 49.6266783], [6.1307935, 49.6267274], [6.1308244, 49.6267656], [6.1308639, 49.6267987], [6.130876, 49.6268364], [6.13087, 49.6268699], [6.1308385, 49.6269303], [6.1308385, 49.626978], [6.1308586, 49.6270241], [6.1309722, 49.6271111], [6.1310185, 49.6271609], [6.1311015, 49.6272344], [6.1311785, 49.627301], [6.1313166, 49.6273937], [6.1317474, 49.6277087], [6.1321018, 49.6279128], [6.1323807, 49.6281278], [6.1325128, 49.6281886], [6.1325465, 49.6281979], [6.132659, 49.6282064], [6.1327355, 49.6282631]]]}}, {"type": "Feature", "properties": {"name": "Parc Lentz", "kind": "park"}, "geometry": {"type": "Polygon", "coordinates": [[[6.0700113, 49.6051767], [6.0708824, 49.605121], [6.0709937, 49.6051454], [6.0710581, 49.6051819], [6.0711023, 49.6052505], [6.0710644, 49.6053957], [6.0716186, 49.6061948], [6.0718661, 49.6065012], [6.0719091, 49.6064866], [6.071962, 49.6064686], [6.0719921, 49.6064933], [6.0720732, 49.6064507], [6.0723137, 49.6063237], [6.0723537, 49.6063577], [6.0725219, 49.6062709], [6.0725038, 49.6062535], [6.0738824, 49.6055973], [6.0736742, 49.6054257], [6.0733159, 49.6051305], [6.0735418, 49.605128], [6.0736907, 49.6052388], [6.0741989, 49.6049629], [6.0742472, 49.6049985], [6.0743692, 49.6049337], [6.074426, 49.6049034], [6.0741815, 49.6046735], [6.0741855, 49.6045292], [6.0741292, 49.60453], [6.0741064, 49.6044857], [6.0741205, 49.6044462], [6.0740339, 49.6043717], [6.0738713, 49.6043799], [6.0735521, 49.6043953], [6.0715256, 49.6045463], [6.0710389, 49.6045794], [6.0711374, 49.6046173], [6.0706403, 49.6047817], [6.0704505, 49.6048147], [6.0700817, 49.6048551], [6.0697827, 49.6049203], [6.0697012, 49.6049634], [6.069725, 49.6050185], [6.0697581, 49.6050953], [6.069774, 49.6051319], [6.0697893, 49.6051675], [6.0698363, 49.6052088], [6.0700113, 49.6051767]]]}}, {"type": "Feature", "properties": {"name": "Parc Léi", "kind": "park"}, "geometry": {"type": "Polygon", "coordinates": [[[6.0999877, 49.4843493], [6.0999934, 49.484282], [6.0994459, 49.4842581], [6.0992787, 49.4842601], [6.0991193, 49.4842777], [6.0990027, 49.484309], [6.098886, 49.4843665], [6.0988002, 49.4844393], [6.0986835, 49.4845918], [6.0982718, 49.485375], [6.0982268, 49.4854329], [6.0981792, 49.4854705], [6.0981065, 49.4855329], [6.0981927, 49.4855458], [6.0984428, 49.4856399], [6.0984126, 49.4856525], [6.0984488, 49.4857305], [6.0982999, 49.485862], [6.0981102, 49.4858792], [6.0980869, 49.4861574], [6.0976771, 49.4861594], [6.0976822, 49.4863762], [6.0965538, 49.4864396], [6.0960039, 49.486383], [6.0955225, 49.4863752], [6.0955433, 49.4864268], [6.0955091, 49.4864598], [6.0954117, 49.4864763], [6.0953741, 49.4864827], [6.0953273, 49.4864634], [6.095288, 49.4863681], [6.0946078, 49.4863132], [6.0943474, 49.4863816], [6.0941828, 49.4861969], [6.0940709, 49.4862235], [6.0942162, 49.4865261], [6.0942294, 49.4865941], [6.0942887, 49.4867328], [6.0944184, 49.4867299], [6.0944805, 49.4866606], [6.0945904, 49.4867003], [6.0947818, 49.4867077], [6.0948867, 49.486684], [6.095034, 49.4866232], [6.0949285, 49.4867831], [6.0948946, 49.4868844], [6.0948747, 49.487043], [6.0949378, 49.4871061], [6.0947925, 49.4871358], [6.0947599, 49.4872246], [6.0945567, 49.4871302], [6.0943768, 49.486883], [6.0943209, 49.4868198], [6.0943379, 49.4868834], [6.0943762, 49.4869443], [6.0940942, 49.4873657], [6.0963315, 49.487977], [6.0962038, 49.4884338], [6.0963853, 49.4885224], [6.0972861, 49.4880179], [6.0974108, 49.4877739], [6.0976337, 49.4875933], [6.0977847, 49.4875344], [6.0980651, 49.4874882], [6.0981712, 49.4875322], [6.0984193, 49.4878388], [6.09854, 49.4877726], [6.0988062, 49.4879093], [6.0993889, 49.4880592], [6.0999048, 49.4883317], [6.1008089, 49.4885063], [6.1024046, 49.4885565], [6.1024887, 49.488503], [6.1026934, 49.4884765], [6.1026719, 49.4882927], [6.1027296, 49.4880636], [6.1029912, 49.4873623], [6.1029359, 49.4872893], [6.102979, 49.4871619], [6.1030112, 49.4870186], [6.1030763, 49.4870075], [6.1031459, 49.4869957], [6.1031481, 49.4869569], [6.1030139, 49.4869275], [6.1030152, 49.4868265], [6.1029916, 49.4867145], [6.1028381, 49.4864848], [6.1026853, 49.4863124], [6.1025727, 49.4862175], [6.1027377, 49.486192], [6.1034367, 49.4861708], [6.1047241, 49.4861904], [6.1048409, 49.4861998], [6.1056331, 49.4864085], [6.1056747, 49.4863602], [6.1060297, 49.4859459], [6.1064293, 49.4855151], [6.1063475, 49.4854792], [6.106323, 49.4854493], [6.1063293, 49.4854189], [6.1063507, 49.4853941], [6.1064123, 49.4853709], [6.1062602, 49.4851681], [6.1059676, 49.4849265], [6.1057186, 49.4847354], [6.1055788, 49.4846376], [6.1056768, 49.4843198], [6.1048869, 49.4841639], [6.1047788, 49.4840876], [6.1042094, 49.4840019], [6.1042246, 49.4840543], [6.1039627, 49.4839594], [6.103892, 49.483969], [6.1038763, 49.4839984], [6.1038117, 49.4839808], [6.1026505, 49.4837092], [6.1024754, 49.4836623], [6.102197, 49.4839809], [6.1021778, 49.4839594], [6.1020677, 49.4838361], [6.1020522, 49.4838249], [6.1020144, 49.4837974], [6.1019236, 49.4838473], [6.1015043, 49.484074], [6.1012506, 49.4841804], [6.100961, 49.4842554], [6.1007157, 49.4842931], [6.1006308, 49.4844698], [6.1001439, 49.4844497], [6.1001714, 49.4845495], [6.1002237, 49.4846793], [6.1002458, 49.4847198], [6.1002123, 49.4847242], [6.1001227, 49.4847319], [6.1000957, 49.484685], [6.0997188, 49.4845552], [6.099932, 49.4844872], [6.1000474, 49.4843905], [6.0999877, 49.4843493]], [[6.1023748, 49.4855848], [6.1027235, 49.4855201], [6.1028762, 49.4853677], [6.1028241, 49.4853184], [6.1028557, 49.4853124], [6.1029596, 49.4853924], [6.1028852, 49.4855009], [6.1030441, 49.4854608], [6.1033787, 49.4854639], [6.1035436, 49.4853776], [6.1036617, 49.4853445], [6.1037435, 49.4853959], [6.1036888, 49.4854475], [6.1035591, 49.4854661], [6.1036965, 49.4854682], [6.1036456, 49.4855562], [6.104303, 49.4854444], [6.1043067, 49.4852173], [6.1038843, 49.4851859], [6.1034323, 49.4854038], [6.1033321, 49.4853439], [6.1033824, 49.4852477], [6.1032171, 49.4852154], [6.1031631, 49.4851331], [6.1034538, 49.4849716], [6.1032633, 49.484854], [6.1029683, 49.4848462], [6.1022854, 49.4849887], [6.1022776, 49.4851816], [6.1020973, 49.48525], [6.101982, 49.4852509], [6.1019789, 49.4852877], [6.1019754, 49.4853305], [6.1022736, 49.4854072], [6.1022696, 49.4855687], [6.1023752, 49.4855698], [6.1023748, 49.4855848]], [[6.0997041, 49.4859632], [6.099465, 49.4862214], [6.0995733, 49.4862615], [6.0995941, 49.4862388], [6.0995518, 49.4862229], [6.0995633, 49.486209], [6.0996651, 49.4860988], [6.0996715, 49.4861013], [6.0997761, 49.4859825], [6.0997456, 49.4859635], [6.0997041, 49.4859632]], [[6.1008825, 49.4864272], [6.1009209, 49.486398], [6.1009703, 49.486377], [6.1010355, 49.486365], [6.1011031, 49.4863671], [6.1011662, 49.4863832], [6.101218, 49.4864115], [6.1012532, 49.4864491], [6.1012679, 49.48649], [6.1012626, 49.4865319], [6.1012379, 49.4865707], [6.1011962, 49.4866027], [6.1011461, 49.4866237], [6.1010889, 49.4866346], [6.1010293, 49.4866345], [6.1009722, 49.4866236], [6.1009221, 49.4866027], [6.1008831, 49.4865734], [6.1008584, 49.4865382], [6.10085, 49.4865002], [6.1008582, 49.4864622], [6.1008825, 49.4864272]], [[6.0987007, 49.4867269], [6.0988008, 49.4867677], [6.0991582, 49.4869118], [6.0993523, 49.4869899], [6.0993821, 49.4869566], [6.0994826, 49.4868444], [6.0994412, 49.4868291], [6.0989533, 49.4866396], [6.0986427, 49.4865131], [6.0984815, 49.4863714], [6.0980914, 49.4863621], [6.0981296, 49.4864344], [6.0981886, 49.4864884], [6.0982723, 49.4865382], [6.0987007, 49.4867269]], [[6.1003196, 49.4858991], [6.1001862, 49.4858472], [6.1001285, 49.4859095], [6.0998952, 49.4858189], [6.1000085, 49.4857074], [6.1000226, 49.4856673], [6.1000051, 49.4856316], [6.1000708, 49.4856351], [6.1002398, 49.4856873], [6.1004028, 49.4857514], [6.1004441, 49.4857769], [6.1005268, 49.485828], [6.1006301, 49.4859191], [6.1004859, 49.4860101], [6.1004645, 49.4860502], [6.1004571, 49.4861439], [6.1001771, 49.4861123], [6.1001397, 49.4860976], [6.1003196, 49.4858991]], [[6.0997761, 49.4859825], [6.0996715, 49.4861013], [6.0996651, 49.4860988], [6.0995633, 49.486209], [6.0995518, 49.4862229], [6.0995941, 49.4862388], [6.0995733, 49.4862615], [6.099465, 49.4862214], [6.0994496, 49.4862367], [6.0994466, 49.4862802], [6.0992786, 49.4864548], [6.0992413, 49.4864916], [6.0991535, 49.4865533], [6.0990657, 49.4865963], [6.0989533, 49.4866396], [6.0994412, 49.4868291], [6.0994826, 49.4868444], [6.0998911, 49.4864144], [6.1001771, 49.4861123], [6.1001397, 49.4860976], [6.1003196, 49.4858991], [6.1001862, 49.4858472], [6.1001285, 49.4859095], [6.0998952, 49.4858189], [6.0997711, 49.4859361], [6.0997979, 49.485947], [6.0998057, 49.4859503], [6.0997761, 49.4859825]], [[6.0997711, 49.4859361], [6.0997309, 49.4859343], [6.0997041, 49.4859632], [6.0997456, 49.4859635], [6.0997761, 49.4859825], [6.0998057, 49.4859503], [6.0997979, 49.485947], [6.0997711, 49.4859361]]]}}, {"type": "Feature", "properties": {"name": "Parc Léonie Koullen", "kind": "park"}, "geometry": {"type": "Polygon", "coordinates": [[[6.0105617, 49.5064801], [6.0103769, 49.5063976], [6.0104046, 49.5063256], [6.0104613, 49.5062663], [6.0104461, 49.5062346], [6.0104798, 49.5061743], [6.0105215, 49.506079], [6.0105284, 49.5059937], [6.0106433, 49.5060042], [6.0106611, 49.5059374], [6.0106845, 49.5058359], [6.0106949, 49.5058056], [6.0107266, 49.505797], [6.0109116, 49.50583], [6.0109909, 49.5057647], [6.0110044, 49.5057867], [6.0109883, 49.5058324], [6.0109199, 49.5058929], [6.0108877, 49.505926], [6.0108716, 49.5059591], [6.0108415, 49.5060497], [6.010826, 49.5060732], [6.0108161, 49.5060954], [6.0106723, 49.5062657], [6.0106839, 49.5062805], [6.010617, 49.5063813], [6.0105617, 49.5064801]]]}}, {"type": "Feature", "properties": {"name": "Parc Mansfeld", "kind": "park"}, "geometry": {"type": "Polygon", "coordinates": [[[6.1434275, 49.6147226], [6.1432821, 49.6145454], [6.1437553, 49.6143753], [6.1435934, 49.614198], [6.1436249, 49.6141863], [6.14365, 49.6141776], [6.1437466, 49.6142881], [6.1438921, 49.6142334], [6.1439464, 49.6142968], [6.1442227, 49.6141932], [6.144167, 49.6141294], [6.1442973, 49.6140874], [6.1443454, 49.6140703], [6.1444156, 49.6141517], [6.1444781, 49.6142246], [6.1445188, 49.6142736], [6.1445765, 49.6143421], [6.1446769, 49.6144614], [6.1447751, 49.614578], [6.14485, 49.6146667], [6.1449307, 49.6147631], [6.1449798, 49.6147458], [6.145133, 49.6146855], [6.1451514, 49.6147046], [6.145311, 49.614644], [6.1453914, 49.6147353], [6.1452745, 49.6147785], [6.1451919, 49.6148163], [6.1450637, 49.614866], [6.1450442, 49.6148758], [6.1448782, 49.6149436], [6.1445802, 49.6150568], [6.1446223, 49.6151032], [6.144429, 49.615172], [6.1443709, 49.6150997], [6.1440836, 49.6151923], [6.1440967, 49.6152136], [6.1438063, 49.6152555], [6.1436836, 49.6152876], [6.1436179, 49.6151897], [6.1436134, 49.6151836], [6.1432926, 49.6148107], [6.1432669, 49.6147793], [6.1434275, 49.6147226]]]}}, {"type": "Feature", "properties": {"name": "Parc Michel Hack", "kind": "park"}, "geometry": {"type": "Polygon", "coordinates": [[[6.0948749, 49.5144961], [6.0949121, 49.5144695], [6.0949506, 49.5144196], [6.0949555, 49.514389], [6.0949195, 49.5143431], [6.0948625, 49.5143084], [6.0947831, 49.5142843], [6.0947297, 49.5142802], [6.0946603, 49.5142996], [6.0946429, 49.5143237], [6.0946727, 49.5143568], [6.094659, 49.5144196], [6.0946789, 49.5144558], [6.094721, 49.5144824], [6.0947905, 49.5145042], [6.0948426, 49.5145042], [6.0948749, 49.5144961]]]}}, {"type": "Feature", "properties": {"name": "Parc Municipal", "kind": "park"}, "geometry": {"type": "Polygon", "coordinates": [[[6.1598838, 49.8660004], [6.159865, 49.8659701], [6.1598782, 49.8658655], [6.1598654, 49.8657854], [6.1598112, 49.8657158], [6.1597232, 49.8656571], [6.159622, 49.8656183], [6.1596256, 49.8655712], [6.159594, 49.8655288], [6.1594796, 49.8654462], [6.1590442, 49.8651986], [6.1585889, 49.8649206], [6.1583168, 49.8650273], [6.158143, 49.865075], [6.1580102, 49.8651038], [6.1579268, 49.8651114], [6.1578097, 49.8651221], [6.1578357, 49.865277], [6.1583395, 49.8654322], [6.1583819, 49.8654821], [6.1582742, 49.8656236], [6.158509, 49.865705], [6.1585274, 49.8656736], [6.1585832, 49.8656967], [6.1586399, 49.8656232], [6.1587579, 49.865661], [6.1587011, 49.8657345], [6.1586624, 49.8658138], [6.1588417, 49.8659045], [6.1589813, 49.8659796], [6.1591702, 49.8659352], [6.1593626, 49.8659287], [6.1595161, 49.8659406], [6.1596926, 49.8660114], [6.1600169, 49.8662005], [6.1603733, 49.8664166], [6.1604084, 49.8663842], [6.1605121, 49.8664584], [6.1605677, 49.8664264], [6.1606823, 49.8664401], [6.1605439, 49.8663647], [6.1604165, 49.8662316], [6.1603189, 49.8661747], [6.160096, 49.866079], [6.1598838, 49.8660004]]]}}, {"type": "Feature", "properties": {"name": "Parc Niedergrünewald", "kind": "park"}, "geometry": {"type": "Polygon", "coordinates": [[[6.136221, 49.6148897], [6.1361427, 49.614957], [6.1360535, 49.6150287], [6.1358763, 49.6151813], [6.1360654, 49.6151158], [6.1360926, 49.6151382], [6.1361673, 49.6151473], [6.1364583, 49.6150456], [6.1366192, 49.6150548], [6.1367512, 49.6151698], [6.1365383, 49.6153235], [6.1364178, 49.6154562], [6.1363774, 49.6155007], [6.1369067, 49.6156562], [6.1369068, 49.6156599], [6.1369089, 49.6156635], [6.1369125, 49.6156661], [6.1369171, 49.6156679], [6.1369224, 49.6156687], [6.1369278, 49.6156683], [6.1369327, 49.6156668], [6.1369366, 49.6156644], [6.1370749, 49.6157091], [6.13777, 49.6159193], [6.1383533, 49.6161409], [6.138529, 49.6162295], [6.1386967, 49.6163573], [6.1388703, 49.6165537], [6.1390246, 49.6167631], [6.1390896, 49.6168426], [6.1391506, 49.6169494], [6.1391667, 49.6170472], [6.1391667, 49.6171332], [6.1390953, 49.617356], [6.1390199, 49.6175911], [6.1396079, 49.6178351], [6.1396705, 49.6178611], [6.139899, 49.6176306], [6.1403067, 49.6176303], [6.1407433, 49.61763], [6.1407362, 49.6177301], [6.1407323, 49.6177777], [6.1405608, 49.6177588], [6.140483, 49.6179361], [6.1405206, 49.6179413], [6.1405242, 49.6179688], [6.1403538, 49.6184181], [6.1403475, 49.6185273], [6.140365, 49.6185634], [6.1404441, 49.6186077], [6.140311, 49.6186434], [6.1392362, 49.6182886], [6.1390169, 49.618119], [6.1389635, 49.6180725], [6.1387885, 49.6179752], [6.1386752, 49.6180386], [6.138238, 49.6180959], [6.138187, 49.6181359], [6.1379108, 49.6181707], [6.1378303, 49.6181194], [6.1375138, 49.6181116], [6.1372925, 49.618105], [6.1365623, 49.6181129], [6.1363122, 49.618115], [6.1361352, 49.6181585], [6.1355089, 49.6181298], [6.1352125, 49.6180264], [6.1351293, 49.6180707], [6.1349027, 49.6180064], [6.1347043, 49.617921], [6.1345151, 49.6180282], [6.1342254, 49.6179665], [6.1342112, 49.6180051], [6.1329118, 49.6178127], [6.1328337, 49.6178007], [6.1327818, 49.6177929], [6.1326987, 49.6177813], [6.1323857, 49.617735], [6.1323968, 49.6175212], [6.132427, 49.6173409], [6.1326771, 49.6169291], [6.1326876, 49.6169118], [6.1326968, 49.6168978], [6.1327457, 49.6168226], [6.1327502, 49.6164928], [6.1328705, 49.6165094], [6.1329179, 49.6165159], [6.1329587, 49.6164957], [6.1329977, 49.6164035], [6.1329899, 49.6163156], [6.1330753, 49.6162509], [6.133047, 49.616176], [6.1330872, 49.6161375], [6.1332008, 49.6161563], [6.1332082, 49.6161046], [6.133339, 49.6160831], [6.1334523, 49.6159341], [6.1335826, 49.6157397], [6.1340495, 49.615412], [6.1342804, 49.6155457], [6.1341091, 49.6157441], [6.1340221, 49.6158449], [6.1340672, 49.6158855], [6.1341108, 49.6158442], [6.1341885, 49.6158246], [6.1346506, 49.6158568], [6.1353119, 49.6158746], [6.1353218, 49.6159728], [6.1356836, 49.616015], [6.1356812, 49.6160771], [6.1358897, 49.616081], [6.1361425, 49.616054], [6.1362549, 49.6159391], [6.136043, 49.615865], [6.1360478, 49.6157102], [6.1356187, 49.6155866], [6.135567, 49.6155232], [6.1352922, 49.6154092], [6.1351568, 49.6152138], [6.1350127, 49.6151712], [6.1351344, 49.6150114], [6.1355064, 49.6148744], [6.1358656, 49.6147124], [6.1359467, 49.6146581], [6.1359561, 49.6146284], [6.1359635, 49.6145986], [6.1360574, 49.6145513], [6.1361888, 49.6145543], [6.1363792, 49.6146225], [6.1364416, 49.6147176], [6.1363725, 49.6147693], [6.1363424, 49.6147554], [6.136337, 49.6146429], [6.1361298, 49.6146459], [6.1360862, 49.614705], [6.1361969, 49.6147815], [6.136221, 49.6148897]]]}}, {"type": "Feature", "properties": {"name": "Parc Prince Charles de Luxembourg", "kind": "park"}, "geometry": {"type": "Polygon", "coordinates": [[[6.2603696, 49.6001708], [6.2604435, 49.6001383], [6.260614, 49.6000633], [6.2608206, 49.5999724], [6.2603419, 49.5995683], [6.2599534, 49.599803], [6.2603696, 49.6001708]]]}}, {"type": "Feature", "properties": {"name": "Parc Public Simon", "kind": "park"}, "geometry": {"type": "Polygon", "coordinates": [[[5.9299611, 49.9663044], [5.9300626, 49.9663716], [5.9304956, 49.9666581], [5.9305982, 49.9667288], [5.9306562, 49.9667825], [5.9306786, 49.9667927], [5.9307105, 49.9667984], [5.9307021, 49.966853], [5.9307376, 49.9668617], [5.9307691, 49.9668796], [5.9307856, 49.9669011], [5.930795, 49.9669576], [5.9308261, 49.9670379], [5.930862, 49.967081], [5.9308369, 49.9670995], [5.9313486, 49.9672931], [5.9313596, 49.9672839], [5.9314417, 49.9673098], [5.9314933, 49.9672576], [5.9315208, 49.9672606], [5.9315631, 49.9672546], [5.9315872, 49.9672386], [5.9315973, 49.9672223], [5.9315775, 49.967208], [5.9315808, 49.967199], [5.9315641, 49.9671873], [5.9316124, 49.9671617], [5.9316596, 49.9671953], [5.9316764, 49.9671957], [5.9316851, 49.967189], [5.9317156, 49.9671558], [5.9317368, 49.9671472], [5.9317787, 49.9671414], [5.9318035, 49.9671269], [5.9318219, 49.9671019], [5.9318471, 49.9670909], [5.9318766, 49.967087], [5.9318984, 49.9670765], [5.9319111, 49.9670614], [5.9319124, 49.9670398], [5.9319, 49.9670195], [5.9318675, 49.9669984], [5.9318876, 49.9669695], [5.9319084, 49.9669709], [5.9319327, 49.9669652], [5.9319403, 49.9669582], [5.9319405, 49.9669511], [5.9319315, 49.9669359], [5.9319034, 49.9669225], [5.9312774, 49.9665481], [5.9317516, 49.9661288], [5.9314893, 49.9660736], [5.9312184, 49.9659882], [5.9306565, 49.9657864], [5.9299611, 49.9663044]]]}}, {"type": "Feature", "properties": {"name": "Parc Riedgen", "kind": "park"}, "geometry": {"type": "Polygon", "coordinates": [[[6.0598905, 49.620117], [6.0598168, 49.6201187], [6.0598706, 49.6204158], [6.0599524, 49.6204444], [6.0599296, 49.6201916], [6.0613877, 49.6201519], [6.0613861, 49.6204531], [6.0614999, 49.6204499], [6.0617621, 49.6204433], [6.0618723, 49.620436], [6.0620691, 49.620438], [6.0622076, 49.6204572], [6.0622146, 49.6204445], [6.062216, 49.6204158], [6.0622213, 49.6203104], [6.0622589, 49.6203104], [6.0622643, 49.6202268], [6.0624135, 49.620232], [6.0625238, 49.620239], [6.0625265, 49.6202886], [6.0626717, 49.6202938], [6.062673, 49.6202494], [6.0628263, 49.6202538], [6.0629527, 49.6202085], [6.0629069, 49.6201693], [6.0631489, 49.6199393], [6.0631077, 49.6199255], [6.0630427, 49.619881], [6.0629755, 49.6198792], [6.0629764, 49.6199952], [6.0625005, 49.6199865], [6.0619671, 49.6199673], [6.0619489, 49.6203268], [6.0617967, 49.6203204], [6.061681, 49.6203236], [6.0616518, 49.6201844], [6.0616443, 49.6200303], [6.061644, 49.6197378], [6.0619785, 49.619743], [6.0619753, 49.619806], [6.0619965, 49.6198061], [6.0620146, 49.6198061], [6.0620166, 49.6197701], [6.0621164, 49.6197724], [6.0621189, 49.6197271], [6.0621237, 49.6196388], [6.0626873, 49.6196517], [6.062685, 49.6196947], [6.0630382, 49.6196974], [6.0630618, 49.6197556], [6.0631116, 49.6197568], [6.0630861, 49.6196145], [6.0631214, 49.6194705], [6.0639811, 49.6195287], [6.0639977, 49.619155], [6.0637231, 49.6191307], [6.0637127, 49.6190974], [6.0636276, 49.6189845], [6.0637501, 49.6189223], [6.0637685, 49.6188503], [6.0637345, 49.6188485], [6.0637169, 49.6188996], [6.0636015, 49.6189474], [6.0631469, 49.6189144], [6.0629162, 49.6188657], [6.0626131, 49.6189127], [6.0618326, 49.6188518], [6.0612023, 49.6187528], [6.0603788, 49.6187372], [6.0603332, 49.6191038], [6.0604003, 49.6191612], [6.0603815, 49.6193905], [6.0604969, 49.6195122], [6.0603842, 49.6195365], [6.0603554, 49.6197759], [6.0603291, 49.6198075], [6.0602953, 49.6198518], [6.0603628, 49.6199231], [6.0603413, 49.6200109], [6.0604244, 49.6201012], [6.0603815, 49.6201612], [6.06012, 49.6201673], [6.0600758, 49.6201403], [6.0598826, 49.6201725], [6.0598692, 49.6201377], [6.0598905, 49.620117]]]}}, {"type": "Feature", "properties": {"name": "Parc Square Émile Mayrisch", "kind": "park"}, "geometry": {"type": "Polygon", "coordinates": [[[6.0860187, 49.4822419], [6.0859296, 49.4820163], [6.0858773, 49.4818307], [6.0857016, 49.4818751], [6.0857021, 49.4818634], [6.0857083, 49.4817106], [6.0857418, 49.481534], [6.0850619, 49.4814464], [6.0850364, 49.4815066], [6.0849948, 49.4817828], [6.0849845, 49.481881], [6.084976, 49.4819623], [6.0849418, 49.4822763], [6.0853895, 49.4822864], [6.0857432, 49.482294], [6.0859544, 49.4822941], [6.0859836, 49.4822905], [6.0860071, 49.4822787], [6.0860197, 49.4822612], [6.0860187, 49.4822419]]]}}, {"type": "Feature", "properties": {"name": "Parc Square Émile Mayrisch", "kind": "park"}, "geometry": {"type": "Polygon", "coordinates": [[[6.0859464, 49.4804931], [6.0861725, 49.4804725], [6.0861862, 49.4805333], [6.0861934, 49.4805594], [6.0862676, 49.4808268], [6.0862758, 49.4808562], [6.0862906, 49.4809095], [6.0863494, 49.4811217], [6.0863536, 49.4811368], [6.0863645, 49.4811759], [6.0863014, 49.4811855], [6.0863265, 49.4813197], [6.0862434, 49.4813316], [6.0860744, 49.4813558], [6.086326, 49.4817476], [6.086297, 49.481755], [6.086223, 49.481774], [6.0863009, 49.4819302], [6.0860345, 49.4819714], [6.086004, 49.4819761], [6.0858981, 49.4816843], [6.085865, 49.4815364], [6.0858699, 49.4814042], [6.0859202, 49.481189], [6.0859222, 49.4810273], [6.0859108, 49.4808583], [6.0859464, 49.4804931]]]}}, {"type": "Feature", "properties": {"name": "Parc Street Workout", "kind": "park"}, "geometry": {"type": "Polygon", "coordinates": [[[6.0834391, 49.4763943], [6.0834834, 49.4763786], [6.0829999, 49.4758009], [6.082896, 49.4756685], [6.0833801, 49.4755608], [6.0832836, 49.4753068], [6.083238, 49.4752057], [6.083179, 49.4751073], [6.0836148, 49.4749421], [6.0836434, 49.4748606], [6.0836701, 49.4747818], [6.0835921, 49.4747691], [6.0834908, 49.4747604], [6.0833795, 49.4747648], [6.0825108, 49.4749582], [6.0823738, 49.4750033], [6.082493, 49.4750236], [6.082499, 49.475085], [6.082774, 49.4752502], [6.0828209, 49.4754157], [6.0828531, 49.4756667], [6.0834391, 49.4763943]]]}}, {"type": "Feature", "properties": {"name": "Parc Terrain AS", "kind": "park"}, "geometry": {"type": "Polygon", "coordinates": [[[5.9027494, 49.5225889], [5.9026898, 49.5226067], [5.9024625, 49.522608], [5.9024631, 49.5226498], [5.9022633, 49.5226319], [5.902264, 49.5225899], [5.9019881, 49.522589], [5.9018836, 49.5225879], [5.9017369, 49.5225836], [5.9017938, 49.5223071], [5.900847, 49.5224668], [5.9008623, 49.5225071], [5.9009438, 49.5228665], [5.9010016, 49.5230078], [5.9010133, 49.5230391], [5.9015452, 49.522994], [5.9018996, 49.5229642], [5.902517, 49.5229092], [5.9025121, 49.5227525], [5.9027555, 49.5227704], [5.9027608, 49.5227386], [5.9028044, 49.5227434], [5.9028159, 49.5226423], [5.9028218, 49.5226028], [5.9027742, 49.5226002], [5.9027494, 49.5225889]]]}}, {"type": "Feature", "properties": {"name": "Parc Théophile Kirsch", "kind": "park"}, "geometry": {"type": "Polygon", "coordinates": [[[5.8760729, 49.5580284], [5.876095, 49.5580554], [5.8766816, 49.5582166], [5.8767153, 49.558209], [5.8768018, 49.5582311], [5.8774227, 49.5571785], [5.8777204, 49.5572494], [5.8778262, 49.5570798], [5.8778445, 49.5570504], [5.877912, 49.5569419], [5.8776916, 49.5568841], [5.8776783, 49.5569041], [5.8776315, 49.5569843], [5.8775933, 49.5569743], [5.8775736, 49.5569692], [5.8774327, 49.5569323], [5.8774235, 49.556947], [5.8773349, 49.5569238], [5.8773434, 49.5569103], [5.8773193, 49.5569039], [5.87716, 49.5571644], [5.8771376, 49.557184], [5.8771054, 49.5571953], [5.8770696, 49.5571981], [5.8770296, 49.5571888], [5.877001, 49.5571689], [5.8769893, 49.5571451], [5.8768895, 49.5571187], [5.8767314, 49.5570772], [5.8762176, 49.5577986], [5.8760729, 49.5580284]]]}}, {"type": "Feature", "properties": {"name": "Parc Tony Neuman", "kind": "park"}, "geometry": {"type": "Polygon", "coordinates": [[[6.1112557, 49.6218964], [6.1113184, 49.6218617], [6.1115961, 49.6217032], [6.1117451, 49.6217076], [6.1114733, 49.6214869], [6.1118645, 49.6212988], [6.1120635, 49.6214587], [6.1122499, 49.6213649], [6.112367, 49.6214717], [6.1125395, 49.6214318], [6.112808, 49.6212579], [6.1127574, 49.6212271], [6.112296, 49.6209575], [6.1116991, 49.6204035], [6.1114809, 49.6198099], [6.1111169, 49.6194473], [6.1106239, 49.6194265], [6.1102845, 49.6195715], [6.1101768, 49.6196156], [6.11004, 49.6197054], [6.109818, 49.6198474], [6.1096798, 49.6197598], [6.1096162, 49.6197899], [6.1095405, 49.6198592], [6.1095924, 49.6199033], [6.1094334, 49.6200049], [6.1093913, 49.6200311], [6.1095185, 49.6201263], [6.1094279, 49.6202022], [6.1093556, 49.6202557], [6.1093354, 49.6202706], [6.1091765, 49.6203882], [6.1091513, 49.6203768], [6.1091364, 49.6203792], [6.1090996, 49.6203819], [6.1091109, 49.6204042], [6.1090197, 49.6205003], [6.1088962, 49.6205099], [6.1089059, 49.6205586], [6.1090517, 49.620785], [6.1090536, 49.6208191], [6.1091107, 49.6208423], [6.1091403, 49.6208615], [6.1093492, 49.6213127], [6.1095741, 49.6215948], [6.1097777, 49.6215447], [6.1101176, 49.6219855], [6.111039, 49.6217591], [6.1112557, 49.6218964]]]}}, {"type": "Feature", "properties": {"name": "Parc bei der Schoul", "kind": "park"}, "geometry": {"type": "Polygon", "coordinates": [[[6.0011788, 49.8020502], [6.0011912, 49.802067], [6.0012046, 49.8020864], [6.0018976, 49.8019083], [6.0020186, 49.80186], [6.002242, 49.8017708], [6.0019947, 49.8015141], [6.0014494, 49.8016757], [6.0012791, 49.8014004], [6.0002719, 49.8016757], [6.0003188, 49.8018046], [6.0002623, 49.8018135], [6.0003016, 49.8020039], [6.0007099, 49.8019611], [6.0007238, 49.8020177], [6.0009435, 49.8019954], [6.0009295, 49.8019381], [6.001146, 49.8019154], [6.0011788, 49.8020502]]]}}, {"type": "Feature", "properties": {"name": "Parc bei der Schwemm", "kind": "park"}, "geometry": {"type": "Polygon", "coordinates": [[[6.0979192, 49.5163949], [6.0980044, 49.5165596], [6.0981058, 49.5165532], [6.0981729, 49.5165493], [6.0982324, 49.5165398], [6.0982342, 49.5165171], [6.0982416, 49.5165034], [6.0982567, 49.5164953], [6.0985441, 49.5164556], [6.0985809, 49.5164505], [6.0986242, 49.5164755], [6.0986881, 49.5164679], [6.0986795, 49.5164374], [6.0988732, 49.5164143], [6.0989349, 49.5164069], [6.0988759, 49.5162119], [6.098602, 49.5162475], [6.0985836, 49.5161876], [6.0985269, 49.5161949], [6.0983871, 49.5157438], [6.0976306, 49.5158384], [6.0976763, 49.5159266], [6.0977854, 49.5161363], [6.0979192, 49.5163949]]]}}, {"type": "Feature", "properties": {"name": "Parc communal", "kind": "park"}, "geometry": {"type": "Polygon", "coordinates": [[[6.0924512, 49.8117236], [6.0925055, 49.8117079], [6.0934868, 49.8114283], [6.0936301, 49.811381], [6.0936514, 49.8113384], [6.0936051, 49.8112991], [6.0934959, 49.8112924], [6.0934458, 49.8112473], [6.093424, 49.8112277], [6.0933373, 49.8111498], [6.0927749, 49.809548], [6.0927565, 49.8094955], [6.0927492, 49.8094748], [6.0927445, 49.8094612], [6.0915751, 49.8096304], [6.0900535, 49.8098505], [6.0897306, 49.8098635], [6.089551, 49.8099393], [6.0894196, 49.8100212], [6.0894331, 49.8101165], [6.0894571, 49.8102326], [6.0894716, 49.8103335], [6.0894948, 49.8104413], [6.0894973, 49.8106458], [6.089491, 49.8107422], [6.0894685, 49.8109031], [6.0894757, 49.8110072], [6.0894985, 49.8110711], [6.0895355, 49.811144], [6.0895832, 49.8112165], [6.0896471, 49.811288], [6.0896998, 49.8113618], [6.0897675, 49.811425], [6.0899373, 49.811512], [6.0900357, 49.8115312], [6.0901305, 49.8115196], [6.0902059, 49.8114893], [6.0903169, 49.811458], [6.0906442, 49.8113845], [6.0907238, 49.8113465], [6.0908219, 49.8112879], [6.0909059, 49.8112457], [6.0909891, 49.811198], [6.0911817, 49.8111165], [6.0912664, 49.8111185], [6.091385, 49.8111185], [6.0914497, 49.8111582], [6.0914682, 49.8112288], [6.0914851, 49.8112855], [6.0915298, 49.8113511], [6.091576, 49.8114256], [6.0916238, 49.8114684], [6.0916772, 49.8115006], [6.0917705, 49.8115212], [6.0918786, 49.8115287], [6.0920132, 49.8115453], [6.0922091, 49.8115891], [6.0922665, 49.8115962], [6.0924512, 49.8117236]]]}}, {"type": "Feature", "properties": {"name": "Parc communal de Mersch", "kind": "park"}, "geometry": {"type": "Polygon", "coordinates": [[[6.1095136, 49.7452735], [6.1087823, 49.7458363], [6.1087028, 49.7460076], [6.1087716, 49.7460932], [6.1089429, 49.7463065], [6.108385, 49.7465244], [6.1082281, 49.7468281], [6.1082409, 49.7468684], [6.1080873, 49.7470409], [6.1080422, 49.7471614], [6.1079856, 49.7473204], [6.1079805, 49.7474964], [6.1080149, 49.747625], [6.1081588, 49.7477426], [6.1083201, 49.7478172], [6.1085381, 49.7478726], [6.1087614, 49.7479124], [6.108911, 49.7480043], [6.1089378, 49.7480927], [6.1089136, 49.7481635], [6.1086857, 49.748266], [6.1083182, 49.74833], [6.10801, 49.7484278], [6.1078305, 49.7484369], [6.1076923, 49.7483711], [6.107579, 49.7483373], [6.107467, 49.7483312], [6.1073323, 49.7482909], [6.1072404, 49.7483277], [6.1071908, 49.7483373], [6.1070969, 49.7483048], [6.1069742, 49.7482016], [6.1069091, 49.7481206], [6.1067022, 49.748027], [6.1066602, 49.7479927], [6.1066454, 49.7479683], [6.1066529, 49.7479313], [6.106703, 49.7478952], [6.106846, 49.7478406], [6.1068845, 49.7478051], [6.1069186, 49.7477136], [6.1069098, 49.7476289], [6.1068558, 49.7475657], [6.1067903, 49.7475342], [6.1067566, 49.747528], [6.1064841, 49.7475371], [6.1064135, 49.7475263], [6.1063752, 49.7475143], [6.1063533, 49.7474963], [6.1062233, 49.7470342], [6.1061612, 49.7469772], [6.1060443, 49.7469468], [6.1058749, 49.7469183], [6.105782, 49.7468785], [6.1055278, 49.7468353], [6.1053151, 49.7467586], [6.1052739, 49.7467182], [6.1052605, 49.7466639], [6.1053014, 49.7465564], [6.1052974, 49.7465314], [6.1052678, 49.7464518], [6.1051919, 49.7463353], [6.1051583, 49.7462475], [6.1050463, 49.7461063], [6.105045, 49.7460621], [6.104929, 49.7459598], [6.1048123, 49.7458948], [6.1047419, 49.7458069], [6.1046226, 49.7456158], [6.1044905, 49.7453649], [6.1044623, 49.7452596], [6.1043926, 49.7451643], [6.104304, 49.7451002], [6.1042108, 49.7450837], [6.104125, 49.7450915], [6.1040003, 49.7451335], [6.1039178, 49.7451227], [6.1038561, 49.7450742], [6.1037951, 49.7448857], [6.1036851, 49.7447097], [6.1037113, 49.7446183], [6.1039587, 49.744455], [6.1040144, 49.7444459], [6.1042397, 49.7444519], [6.1043724, 49.744471], [6.1044395, 49.7444511], [6.1044717, 49.744419], [6.1044931, 49.7443713], [6.1044501, 49.7441688], [6.1042122, 49.7440295], [6.1041324, 49.7439203], [6.1041706, 49.7438345], [6.104129, 49.7437487], [6.1040744, 49.7436972], [6.103983, 49.7436432], [6.1038923, 49.7435714], [6.1036643, 49.7434471], [6.1035866, 49.7434349], [6.1035161, 49.7434046], [6.1033921, 49.7433933], [6.103254, 49.743428], [6.1031628, 49.7434627], [6.1030374, 49.7435506], [6.1028503, 49.7435532], [6.1026677, 49.7434847], [6.102621, 49.743456], [6.1026603, 49.7434284], [6.1031666, 49.7430746], [6.1032849, 49.7429919], [6.1033264, 49.7430078], [6.1033698, 49.7430244], [6.1039899, 49.7432529], [6.1040459, 49.7432768], [6.1040865, 49.7433005], [6.1043074, 49.743425], [6.1045045, 49.7435584], [6.1045555, 49.7436083], [6.104613, 49.7437026], [6.105723, 49.7438006], [6.1057827, 49.7437475], [6.1060315, 49.7437581], [6.1061516, 49.743786], [6.1063121, 49.7438346], [6.1066085, 49.7439557], [6.1068735, 49.7441343], [6.1076009, 49.7436809], [6.1078997, 49.7440823], [6.1079552, 49.7441568], [6.108613, 49.7440103], [6.1085008, 49.7444389], [6.1090739, 49.7447718], [6.1096818, 49.745055], [6.1095136, 49.7452735]]]}}, {"type": "Feature", "properties": {"name": "Parc de Gasperich", "kind": "park"}, "geometry": {"type": "Polygon", "coordinates": [[[6.1265261, 49.5872105], [6.1271714, 49.5872389], [6.1277519, 49.5872453], [6.1279647, 49.5872972], [6.1281024, 49.5873485], [6.1282031, 49.5873878], [6.1288252, 49.5875653], [6.1292902, 49.5877209], [6.1293037, 49.5877787], [6.1294855, 49.5878437], [6.1295239, 49.5878583], [6.1296389, 49.5879019], [6.1302332, 49.5882406], [6.1304327, 49.5883779], [6.1305078, 49.5885206], [6.1305819, 49.5885807], [6.1310367, 49.5888347], [6.1309809, 49.5889221], [6.1310426, 49.5890474], [6.1311025, 49.5891654], [6.1311468, 49.5891952], [6.1314337, 49.5889207], [6.1319237, 49.5884573], [6.1319352, 49.5884461], [6.1326093, 49.5877869], [6.1327527, 49.5876786], [6.133451, 49.5871366], [6.1335019, 49.5870987], [6.1336898, 49.5871231], [6.1336398, 49.5870155], [6.1335752, 49.586911], [6.1334677, 49.5867725], [6.1333002, 49.5866025], [6.1331327, 49.5864564], [6.1329529, 49.5862666], [6.1328159, 49.5860439], [6.1327958, 49.5859944], [6.1327864, 49.5859118], [6.1327873, 49.5858301], [6.1325813, 49.5858283], [6.1323703, 49.5856476], [6.1306423, 49.5854555], [6.1306268, 49.5855179], [6.1304847, 49.5861424], [6.1304733, 49.5861795], [6.1304525, 49.5861939], [6.1304385, 49.5861935], [6.1295517, 49.5861017], [6.1292879, 49.5860744], [6.1292197, 49.5860217], [6.1292257, 49.5859954], [6.1292285, 49.5859831], [6.1285409, 49.5859166], [6.1286038, 49.5856704], [6.1285566, 49.5856602], [6.1285606, 49.5856521], [6.1285742, 49.5856079], [6.1282012, 49.5855642], [6.1282026, 49.5855516], [6.1282041, 49.5855459], [6.1282428, 49.5854063], [6.1282514, 49.5853753], [6.1282724, 49.5852996], [6.1282181, 49.5852924], [6.1282417, 49.5851872], [6.1268233, 49.5850309], [6.1267749, 49.5851539], [6.1261834, 49.5857252], [6.1258729, 49.5859528], [6.125667, 49.5860753], [6.1252809, 49.5862917], [6.1252614, 49.5862755], [6.125236, 49.5862545], [6.1251852, 49.5862097], [6.1251307, 49.5861781], [6.1250368, 49.5861452], [6.1250091, 49.5861383], [6.1249447, 49.5861362], [6.1248816, 49.5861423], [6.1248358, 49.5861586], [6.1247358, 49.586204], [6.1246714, 49.5862437], [6.1245679, 49.5863076], [6.1243411, 49.5863064], [6.1239642, 49.5863034], [6.1234236, 49.5862925], [6.1232593, 49.5862891], [6.1229935, 49.5862805], [6.1224354, 49.5862496], [6.1224774, 49.586553], [6.1225662, 49.5864848], [6.1246167, 49.5865478], [6.124702, 49.5864453], [6.1250271, 49.5864349], [6.1251084, 49.5864692], [6.1254093, 49.5864719], [6.1253158, 49.5865431], [6.1251725, 49.5865758], [6.1249249, 49.5866016], [6.124826, 49.5870172], [6.1250269, 49.5870473], [6.1252266, 49.5870775], [6.1255673, 49.5871203], [6.1260467, 49.5871654], [6.1265261, 49.5872105]]]}}, {"type": "Feature", "properties": {"name": "Parc de Merl", "kind": "park"}, "geometry": {"type": "Polygon", "coordinates": [[[6.1111081, 49.6058063], [6.1106514, 49.6063223], [6.1104491, 49.6065767], [6.1103948, 49.6065604], [6.110172, 49.6068345], [6.1102564, 49.6068661], [6.110166, 49.6069544], [6.1103601, 49.60707], [6.111253, 49.607328], [6.111542, 49.6074115], [6.111542, 49.607405], [6.1117157, 49.6073763], [6.1117468, 49.6074643], [6.1120529, 49.6075391], [6.1130025, 49.6073403], [6.1126725, 49.6071873], [6.1136904, 49.606927], [6.1137327, 49.6070476], [6.1142061, 49.6069568], [6.114019, 49.6065694], [6.113791, 49.6061238], [6.1136747, 49.6061481], [6.1135909, 49.6059749], [6.1135557, 49.6059021], [6.113669, 49.6058772], [6.1133994, 49.6053887], [6.1133381, 49.6053679], [6.1132938, 49.6054191], [6.112403, 49.6050924], [6.1123715, 49.6050307], [6.1125844, 49.6047762], [6.1124539, 49.6047284], [6.112265, 49.6046621], [6.1119079, 49.6045303], [6.1118642, 49.6045283], [6.1117212, 49.6045607], [6.1117022, 49.604565], [6.1115176, 49.6047793], [6.1113285, 49.6049955], [6.1107548, 49.6056516], [6.1107735, 49.6056842], [6.1110034, 49.6057681], [6.1111081, 49.6058063]]]}}, {"type": "Feature", "properties": {"name": "Parc de l'Alzette", "kind": "park"}, "geometry": {"type": "Polygon", "coordinates": [[[6.0948694, 49.8452515], [6.0949767, 49.8451904], [6.0951544, 49.8451398], [6.0957478, 49.8450248], [6.0958514, 49.8450049], [6.0959003, 49.8450079], [6.0959399, 49.8450189], [6.0961632, 49.8449646], [6.09618, 49.8449443], [6.0962095, 49.844924], [6.0962427, 49.8449093], [6.0969835, 49.8447082], [6.0974557, 49.8445814], [6.0981531, 49.8443931], [6.0982885, 49.8443578], [6.0983197, 49.8443874], [6.0983614, 49.8444156], [6.0984105, 49.8444388], [6.098475, 49.8444585], [6.0984734, 49.8444659], [6.0986458, 49.8444806], [6.098647, 49.8444749], [6.098706, 49.8444684], [6.0987625, 49.8444555], [6.0988147, 49.8444365], [6.0988615, 49.8444117], [6.0988863, 49.8444218], [6.0989363, 49.8444592], [6.0989752, 49.8444752], [6.0990952, 49.8445037], [6.0991126, 49.8444804], [6.0992081, 49.8445087], [6.0991904, 49.8445336], [6.0992461, 49.84455], [6.0992637, 49.8445251], [6.0996026, 49.8446204], [6.0996149, 49.8446239], [6.0998207, 49.8446737], [6.1000393, 49.8447169], [6.1000839, 49.8447044], [6.1001409, 49.8446972], [6.1008768, 49.8448431], [6.1010672, 49.8448735], [6.1012262, 49.8449041], [6.1018964, 49.8448007], [6.1019048, 49.8447515], [6.1020895, 49.8447554], [6.102118, 49.8447651], [6.1021395, 49.8447769], [6.1020695, 49.8448015], [6.1021765, 49.8449283], [6.1022887, 49.844889], [6.102387, 49.8448544], [6.1023159, 49.8447702], [6.1022493, 49.8447936], [6.1022465, 49.8447794], [6.1022515, 49.8447688], [6.1022693, 49.8447612], [6.10246, 49.8447645], [6.1024807, 49.8447734], [6.1024192, 49.8447944], [6.1024651, 49.8448495], [6.1025879, 49.844997], [6.1027293, 49.8451668], [6.1028053, 49.8451409], [6.1030479, 49.8450582], [6.1029605, 49.8449543], [6.1029722, 49.8449501], [6.1030534, 49.8449198], [6.1030731, 49.8449418], [6.1031058, 49.8449301], [6.1031856, 49.8450199], [6.1032533, 49.8450961], [6.1032908, 49.8450829], [6.103338, 49.8450624], [6.1033892, 49.8450402], [6.1035839, 49.8451848], [6.1036419, 49.845217], [6.103724, 49.8452447], [6.103951, 49.8453999], [6.1039317, 49.8454071], [6.1039104, 49.8454183], [6.1039584, 49.8454544], [6.1039885, 49.8454764], [6.1039229, 49.8454991], [6.1038423, 49.8454969], [6.1038099, 49.8454921], [6.1033886, 49.84543], [6.1021093, 49.8452413], [6.1019753, 49.8452162], [6.1018163, 49.8451864], [6.1005011, 49.84494], [6.0991908, 49.8446945], [6.0987895, 49.8446317], [6.098618, 49.8446159], [6.0984458, 49.8446], [6.0981917, 49.8446003], [6.0979072, 49.844616], [6.0978189, 49.8446209], [6.0975331, 49.844682], [6.0974243, 49.8447053], [6.0972458, 49.8447556], [6.0971491, 49.8447829], [6.0971249, 49.8447897], [6.0965007, 49.8449869], [6.0958794, 49.8451233], [6.0950501, 49.8453408], [6.0947765, 49.8453768], [6.0947348, 49.8453552], [6.0945562, 49.8452628], [6.0945059, 49.8451951], [6.0943266, 49.8450516], [6.094074, 49.8447913], [6.0941572, 49.8447031], [6.0942366, 49.8447106], [6.0943048, 49.8447102], [6.094352, 49.8447199], [6.0943862, 49.8447433], [6.0946846, 49.8451543], [6.094698, 49.8451848], [6.0948694, 49.8452515]]]}}, {"type": "Feature", "properties": {"name": "Parc de l'Europe", "kind": "park"}, "geometry": {"type": "Polygon", "coordinates": [[[6.2425385, 49.6582683], [6.2428691, 49.6582555], [6.2431669, 49.6581912], [6.2433761, 49.6582051], [6.2435746, 49.6582781], [6.2437891, 49.6582329], [6.2439367, 49.6580958], [6.2442704, 49.658013], [6.2443382, 49.6581389], [6.2443985, 49.6581272], [6.244548, 49.6585061], [6.2442263, 49.6584135], [6.2440654, 49.6584651], [6.244214, 49.6589779], [6.244272, 49.6590533], [6.2443019, 49.6591399], [6.2443636, 49.6592093], [6.2444361, 49.6593448], [6.2444635, 49.6595674], [6.2444635, 49.6597337], [6.2438138, 49.6597555], [6.2438213, 49.6599414], [6.2433117, 49.659964], [6.2430998, 49.6590303], [6.2430923, 49.6589944], [6.2426759, 49.6590273], [6.2426413, 49.6588473], [6.2426936, 49.6588425], [6.2426795, 49.6587631], [6.2426289, 49.6585404], [6.242582, 49.65851], [6.2425442, 49.6582999], [6.2425385, 49.6582683]]]}}, {"type": "Feature", "properties": {"name": "Parc de la Chiers", "kind": "park"}, "geometry": {"type": "Polygon", "coordinates": [[[5.8947283, 49.5201551], [5.8953526, 49.5206444], [5.8953962, 49.5206792], [5.8956114, 49.5208903], [5.8957294, 49.5209427], [5.8958125, 49.5210065], [5.8958333, 49.5210224], [5.8958541, 49.5210384], [5.895863, 49.521095], [5.8961445, 49.5211881], [5.896168, 49.5211872], [5.8962096, 49.521162], [5.8962163, 49.5211376], [5.8961646, 49.5210575], [5.8960155, 49.5206655], [5.8959983, 49.5206439], [5.8959695, 49.5206339], [5.8959588, 49.5206117], [5.8960587, 49.5205887], [5.8961512, 49.5205325], [5.8962706, 49.5204898], [5.8962669, 49.5204774], [5.896402, 49.5204539], [5.8964043, 49.5204602], [5.8964483, 49.5204557], [5.8964536, 49.5204644], [5.8964838, 49.520455], [5.8964487, 49.5202618], [5.8962157, 49.519997], [5.8960304, 49.5197424], [5.8958328, 49.5194691], [5.8958426, 49.5194482], [5.895461, 49.5191552], [5.8953226, 49.5190488], [5.8943367, 49.5180172], [5.8942549, 49.5181104], [5.8938504, 49.5176306], [5.8938204, 49.517595], [5.8935649, 49.5177047], [5.8931725, 49.5172331], [5.8924181, 49.5174106], [5.8923906, 49.5173613], [5.8923589, 49.5173676], [5.8921853, 49.5170125], [5.891998, 49.516622], [5.8918878, 49.5166588], [5.8917651, 49.5167152], [5.8916332, 49.5167887], [5.8916056, 49.5168484], [5.8915217, 49.5169211], [5.8914674, 49.5169933], [5.8914379, 49.5170848], [5.8914356, 49.5171572], [5.8914375, 49.5172058], [5.8914629, 49.5172977], [5.8914929, 49.5173859], [5.8915052, 49.5174414], [5.891509, 49.5174606], [5.8921292, 49.5174845], [5.8922131, 49.5174879], [5.8922779, 49.5177136], [5.8924337, 49.5180042], [5.892659, 49.5181539], [5.8929124, 49.5183516], [5.8936207, 49.5188139], [5.8939089, 49.5190333], [5.8942254, 49.5194869], [5.8944601, 49.519749], [5.894737, 49.5199749], [5.8947628, 49.520134], [5.8947283, 49.5201551]]]}}, {"type": "Feature", "properties": {"name": "Parc de la Grève 1942", "kind": "park"}, "geometry": {"type": "Polygon", "coordinates": [[[5.8955016, 49.522887], [5.8954849, 49.5229503], [5.8954415, 49.5230013], [5.8954762, 49.52303], [5.8955446, 49.523084], [5.8955797, 49.5231257], [5.8956517, 49.5231313], [5.8955834, 49.5233316], [5.895309, 49.5233806], [5.8952474, 49.5233819], [5.8951778, 49.5233767], [5.8950983, 49.5233574], [5.8950267, 49.5233354], [5.8949432, 49.523307], [5.8948657, 49.5232851], [5.8948279, 49.5232645], [5.894804, 49.5232412], [5.8947861, 49.5232141], [5.8947762, 49.5231819], [5.8947643, 49.5231457], [5.8947702, 49.5231122], [5.8947881, 49.523067], [5.894808, 49.5230283], [5.8948238, 49.5229993], [5.8948363, 49.522981], [5.8948483, 49.5229743], [5.8948614, 49.5229715], [5.8948996, 49.5229679], [5.8949897, 49.5229641], [5.8951143, 49.5229548], [5.8953064, 49.5229262], [5.89538, 49.5229118], [5.8955016, 49.522887]]]}}, {"type": "Feature", "properties": {"name": "Parc de la Mairie", "kind": "park"}, "geometry": {"type": "Polygon", "coordinates": [[[6.0302251, 49.4618122], [6.0302785, 49.4617889], [6.0304422, 49.4617173], [6.0307741, 49.4615721], [6.0311828, 49.4613934], [6.0320171, 49.4622733], [6.0316416, 49.4624058], [6.0313466, 49.462099], [6.0312868, 49.4621193], [6.0309739, 49.4617969], [6.0302395, 49.4621382], [6.0301727, 49.462035], [6.0302143, 49.4618588], [6.0302251, 49.4618122]]]}}, {"type": "Feature", "properties": {"name": "Parc du Château", "kind": "park"}, "geometry": {"type": "Polygon", "coordinates": [[[6.0960677, 49.5176545], [6.0959987, 49.5177905], [6.0960249, 49.5178323], [6.0969128, 49.5180526], [6.0975211, 49.5182043], [6.097656, 49.5180279], [6.0979703, 49.5181353], [6.0983187, 49.5176681], [6.0983482, 49.517595], [6.0989068, 49.5177708], [6.0990201, 49.5176385], [6.0990241, 49.5175767], [6.0990174, 49.5175445], [6.0989799, 49.5175036], [6.0989557, 49.5174618], [6.0989592, 49.5174151], [6.0989759, 49.5173462], [6.0984604, 49.5172882], [6.0984732, 49.5172395], [6.0983966, 49.5172333], [6.0982939, 49.5172963], [6.0980191, 49.5168015], [6.0979055, 49.5168342], [6.0976279, 49.5164677], [6.097569, 49.516457], [6.0973794, 49.5164565], [6.09731, 49.5163237], [6.0971184, 49.5162816], [6.0969454, 49.5166747], [6.0965297, 49.5165954], [6.0964122, 49.5168485], [6.096729, 49.5169039], [6.096669, 49.5170482], [6.0972633, 49.5171465], [6.0972504, 49.5171757], [6.0972113, 49.5172746], [6.0972062, 49.5172738], [6.0971664, 49.5173652], [6.0971598, 49.5173802], [6.0971204, 49.5174709], [6.0971368, 49.5174738], [6.0970785, 49.5176108], [6.0970037, 49.5175974], [6.096996, 49.5176156], [6.0969139, 49.5176009], [6.0969216, 49.5175827], [6.0963137, 49.5174736], [6.0961572, 49.517443], [6.0961452, 49.5174699], [6.0965283, 49.5175427], [6.0964639, 49.5177299], [6.0960677, 49.5176545]]]}}, {"type": "Feature", "properties": {"name": "Parc du Château", "kind": "park"}, "geometry": {"type": "Polygon", "coordinates": [[[6.0969636, 49.5140418], [6.097044, 49.5140325], [6.0970943, 49.5141866], [6.0971188, 49.5143331], [6.0970957, 49.5144774], [6.0970443, 49.5145789], [6.097019, 49.514632], [6.0969791, 49.5146519], [6.0968155, 49.5145234], [6.0969636, 49.5140418]]]}}, {"type": "Feature", "properties": {"name": "Parc du Château de Dommeldange", "kind": "park"}, "geometry": {"type": "Polygon", "coordinates": [[[6.1456315, 49.6367219], [6.1462015, 49.637005], [6.146695, 49.6372187], [6.1477545, 49.6376495], [6.148653, 49.6379986], [6.1492474, 49.6382622], [6.1484526, 49.6384693], [6.1469244, 49.6382649], [6.1468127, 49.6382012], [6.1458884, 49.6376741], [6.1457697, 49.6376265], [6.1453705, 49.6374802], [6.1449117, 49.6373121], [6.1449406, 49.6372882], [6.1449661, 49.6372672], [6.1456315, 49.6367219]]]}}, {"type": "Feature", "properties": {"name": "Parc municipal Edouard André", "kind": "park"}, "geometry": {"type": "Polygon", "coordinates": [[[6.1293123, 49.6149779], [6.1295823, 49.6150636], [6.1298353, 49.6151243], [6.1298638, 49.6151066], [6.1299503, 49.6151262], [6.1299221, 49.6151731], [6.1299167, 49.6151815], [6.1297927, 49.6153818], [6.1296701, 49.6155783], [6.1294754, 49.6158904], [6.1294391, 49.6158805], [6.1294067, 49.6158717], [6.1293881, 49.6158679], [6.1293664, 49.6158633], [6.1287536, 49.6157577], [6.1284113, 49.6157002], [6.1284063, 49.615713], [6.1284, 49.6157191], [6.1283894, 49.6157206], [6.1283549, 49.6157135], [6.1283427, 49.615711], [6.1283296, 49.6157083], [6.1282823, 49.6156985], [6.1282404, 49.6156899], [6.1282263, 49.615687], [6.1282119, 49.6156841], [6.1281833, 49.6156782], [6.1281778, 49.6156745], [6.1281731, 49.6156672], [6.1281749, 49.6156579], [6.1276654, 49.6154719], [6.1271643, 49.6152818], [6.1268992, 49.6152068], [6.1266567, 49.615676], [6.1266045, 49.6157245], [6.1264852, 49.61594], [6.1264595, 49.6159347], [6.1263918, 49.6160641], [6.1264333, 49.6160746], [6.1261846, 49.6165757], [6.1260246, 49.6165758], [6.1258791, 49.6166032], [6.1257684, 49.6163703], [6.1256705, 49.6162687], [6.125519, 49.6161183], [6.1253688, 49.6160462], [6.1251354, 49.6160314], [6.1251147, 49.6160245], [6.1249034, 49.6159541], [6.1247958, 49.61585], [6.1246472, 49.6157992], [6.1248069, 49.6156343], [6.1247036, 49.6154858], [6.1246345, 49.615418], [6.1245163, 49.6153461], [6.1243576, 49.6152846], [6.124263, 49.6152668], [6.1240411, 49.615232], [6.123622, 49.6151986], [6.1234101, 49.6151638], [6.1231231, 49.6151078], [6.1227167, 49.6149861], [6.122465, 49.6148654], [6.1223163, 49.6146998], [6.1221481, 49.6145478], [6.1223494, 49.6144132], [6.1221462, 49.6141273], [6.1222224, 49.6141057], [6.1221421, 49.6137513], [6.1219248, 49.6135011], [6.1216158, 49.6131875], [6.1215, 49.6130307], [6.1214281, 49.6128621], [6.121514, 49.6126397], [6.1213692, 49.6123907], [6.1213267, 49.6123009], [6.1212151, 49.612073], [6.121089, 49.611812], [6.1210154, 49.6116479], [6.1209384, 49.6113899], [6.1209302, 49.6112961], [6.1209307, 49.6112171], [6.1209723, 49.6111395], [6.1210061, 49.6110865], [6.1211053, 49.6109647], [6.1211672, 49.6109201], [6.1213634, 49.6107643], [6.1214626, 49.6106599], [6.1215397, 49.6105532], [6.1216272, 49.6103383], [6.121697, 49.6100683], [6.1231729, 49.6102703], [6.1240758, 49.6103938], [6.124143, 49.610403], [6.1242402, 49.6105183], [6.1241256, 49.6109142], [6.1240853, 49.6112426], [6.1240902, 49.6122139], [6.1241199, 49.6125139], [6.1241724, 49.6125383], [6.1242014, 49.6126177], [6.1242091, 49.6126385], [6.1242327, 49.6126996], [6.1243294, 49.612977], [6.1245559, 49.6133012], [6.1247288, 49.6134859], [6.1247685, 49.6135165], [6.1249651, 49.6136683], [6.1249691, 49.6136714], [6.1252373, 49.6138678], [6.1253691, 49.613947], [6.1253835, 49.6139553], [6.1254035, 49.6139669], [6.125578, 49.6140676], [6.125865, 49.6142084], [6.1261648, 49.614331], [6.1264725, 49.6144274], [6.1274886, 49.6146607], [6.127566, 49.6146326], [6.1276145, 49.6146415], [6.1276283, 49.6146636], [6.1283858, 49.6148059], [6.1284139, 49.6147979], [6.1286819, 49.6148487], [6.1287773, 49.6148665], [6.1290058, 49.614848], [6.1291406, 49.6149883], [6.1292929, 49.6149994], [6.1293123, 49.6149779]]]}}, {"type": "Feature", "properties": {"name": "Parc op Fankenacker", "kind": "park"}, "geometry": {"type": "Polygon", "coordinates": [[[6.1005485, 49.5298358], [6.1006231, 49.5298415], [6.1006889, 49.529833], [6.1007734, 49.5298009], [6.1008249, 49.5297632], [6.1008666, 49.5297183], [6.1008754, 49.5296571], [6.1008513, 49.5296421], [6.1009006, 49.5293003], [6.1008754, 49.5292711], [6.1008897, 49.5291664], [6.1007767, 49.5291608], [6.1007262, 49.5294143], [6.1006362, 49.5295852], [6.1005485, 49.5298358]]]}}, {"type": "Feature", "properties": {"name": "Park Aire de Jeux Belvaux", "kind": "park"}, "geometry": {"type": "Polygon", "coordinates": [[[5.9312122, 49.5042277], [5.9310196, 49.5042108], [5.9309694, 49.5043586], [5.9309516, 49.5044731], [5.9309551, 49.5044955], [5.9309577, 49.5045119], [5.9309998, 49.5046935], [5.9314834, 49.5046964], [5.9314512, 49.5044529], [5.9312122, 49.5044529], [5.9312122, 49.5042277]]]}}, {"type": "Feature", "properties": {"name": "Park Belvaux", "kind": "park"}, "geometry": {"type": "Polygon", "coordinates": [[[5.929727, 49.5064249], [5.9297016, 49.5064], [5.9297388, 49.5063483], [5.9300361, 49.5062988], [5.930146, 49.5062674], [5.9299503, 49.5061403], [5.9295954, 49.5063349], [5.9295722, 49.5063674], [5.929595, 49.5064083], [5.9296312, 49.5064313], [5.929727, 49.5064249]]]}}, {"type": "Feature", "properties": {"name": "Park Brill", "kind": "park"}, "geometry": {"type": "Polygon", "coordinates": [[[6.0253422, 49.6263584], [6.0252771, 49.626599], [6.0254631, 49.6266941], [6.02547, 49.6267888], [6.0252832, 49.6272335], [6.0249725, 49.6272546], [6.0252314, 49.6275979], [6.0253559, 49.6276543], [6.0254025, 49.6276935], [6.0255843, 49.627684], [6.0257465, 49.6276484], [6.026407, 49.6274504], [6.0282415, 49.6264057], [6.0292642, 49.6265442], [6.0296961, 49.6266224], [6.0303251, 49.6267492], [6.0303412, 49.626671], [6.0307385, 49.6264629], [6.031171, 49.6265391], [6.0314252, 49.6267522], [6.0315374, 49.6269091], [6.0316253, 49.6269016], [6.031644, 49.6268765], [6.0316025, 49.6268005], [6.0317098, 49.6267723], [6.0317352, 49.6268127], [6.0317614, 49.6268017], [6.0318837, 49.6263939], [6.0319052, 49.6261028], [6.0319649, 49.6259421], [6.0319112, 49.6258769], [6.0318214, 49.6258465], [6.0311535, 49.6257345], [6.0311634, 49.6257081], [6.0311978, 49.6256165], [6.0290292, 49.6253696], [6.027723, 49.6249092], [6.0273937, 49.6248646], [6.0270949, 49.6247836], [6.0270054, 49.6246644], [6.0270561, 49.6245872], [6.0272267, 49.6245087], [6.0274522, 49.6243814], [6.0273047, 49.6242998], [6.0272217, 49.6242803], [6.0267827, 49.6247308], [6.0265043, 49.6246078], [6.026407, 49.6246378], [6.026192, 49.6250317], [6.0260519, 49.6249996], [6.0257951, 49.6249408], [6.0254415, 49.6248506], [6.0254, 49.62484], [6.0250198, 49.6247652], [6.0254904, 49.625917], [6.0232438, 49.6255712], [6.0230858, 49.6259348], [6.0231388, 49.625946], [6.0232212, 49.6259309], [6.0233077, 49.6259305], [6.0233741, 49.6259531], [6.0234258, 49.6259935], [6.0234439, 49.6260347], [6.0235615, 49.6260523], [6.0235592, 49.6260196], [6.0235954, 49.6259901], [6.0236433, 49.6259625], [6.0237, 49.6259432], [6.0237657, 49.6259317], [6.0238281, 49.6259364], [6.0238368, 49.6259113], [6.023882, 49.6258728], [6.0239545, 49.6258483], [6.0240302, 49.6258478], [6.0240996, 49.6258672], [6.0241566, 49.6259065], [6.0241717, 49.6259503], [6.0241663, 49.6259779], [6.0242475, 49.6259951], [6.0243206, 49.6260416], [6.0243648, 49.6261041], [6.0243668, 49.6261606], [6.024357, 49.6261877], [6.0243496, 49.6262081], [6.024361, 49.6262286], [6.0253422, 49.6263584]]]}}, {"type": "Feature", "properties": {"name": "Park Dräi Eechelen", "kind": "park"}, "geometry": {"type": "Polygon", "coordinates": [[[6.1382548, 49.6149482], [6.1382524, 49.6149447], [6.1382521, 49.614941], [6.1382538, 49.6149374], [6.1382571, 49.6149344], [6.138262, 49.6149323], [6.1380538, 49.6147574], [6.1380251, 49.6147334], [6.1379322, 49.6146557], [6.137824, 49.6146451], [6.1377438, 49.6146372], [6.1376153, 49.6146213], [6.1375506, 49.6146182], [6.1373077, 49.6146449], [6.1371731, 49.6146517], [6.1371137, 49.6146289], [6.1367711, 49.6146482], [6.1362759, 49.6149553], [6.1361427, 49.614957], [6.1360535, 49.6150287], [6.1358763, 49.6151813], [6.1360654, 49.6151158], [6.1360926, 49.6151382], [6.1361673, 49.6151473], [6.1364583, 49.6150456], [6.1366192, 49.6150548], [6.1367512, 49.6151698], [6.1365383, 49.6153235], [6.1364178, 49.6154562], [6.1363774, 49.6155007], [6.1369067, 49.6156562], [6.1369068, 49.6156599], [6.1369089, 49.6156635], [6.1369125, 49.6156661], [6.1369171, 49.6156679], [6.1369224, 49.6156687], [6.1369278, 49.6156683], [6.1369327, 49.6156668], [6.1369366, 49.6156644], [6.1370749, 49.6157091], [6.13777, 49.6159193], [6.1383533, 49.6161409], [6.138529, 49.6162295], [6.1386967, 49.6163573], [6.1388703, 49.6165537], [6.1390246, 49.6167631], [6.1390896, 49.6168426], [6.1391506, 49.6169494], [6.1391667, 49.6170472], [6.1391667, 49.6171332], [6.1390953, 49.617356], [6.1390199, 49.6175911], [6.1396079, 49.6178351], [6.1396705, 49.6178611], [6.139899, 49.6176306], [6.1403067, 49.6176303], [6.1407433, 49.61763], [6.1407362, 49.6177301], [6.1407323, 49.6177777], [6.140764, 49.6177833], [6.1407958, 49.617789], [6.1408101, 49.6177338], [6.1408387, 49.6176497], [6.1409972, 49.6176729], [6.1417395, 49.6177815], [6.141867, 49.6178014], [6.1419609, 49.6175333], [6.1419633, 49.6175264], [6.1414795, 49.6172668], [6.1415618, 49.6171278], [6.1416838, 49.6171292], [6.1421006, 49.6171339], [6.1421739, 49.6169244], [6.1417761, 49.6168579], [6.1417206, 49.6168369], [6.1416773, 49.6168016], [6.1416572, 49.6167581], [6.1416625, 49.6167158], [6.1417004, 49.6166692], [6.1417531, 49.6166417], [6.1417383, 49.6165754], [6.1413682, 49.616601], [6.1412644, 49.6165179], [6.1410751, 49.6163647], [6.1407573, 49.6163329], [6.1407546, 49.6163907], [6.1393847, 49.6160384], [6.1393753, 49.6159663], [6.1394611, 49.6158464], [6.1394276, 49.6157525], [6.1392138, 49.6156807], [6.1391191, 49.6157512], [6.1393195, 49.6158611], [6.1392991, 49.615902], [6.1392094, 49.6158979], [6.1390541, 49.6158007], [6.1389796, 49.6158125], [6.1388247, 49.6156965], [6.1386754, 49.6154448], [6.1385626, 49.6154553], [6.1384045, 49.6152947], [6.1383067, 49.6151969], [6.1382652, 49.615078], [6.1383265, 49.6150576], [6.1382343, 49.6149543], [6.1382548, 49.6149482]]]}}, {"type": "Feature", "properties": {"name": "Park Old Mine Train", "kind": "park"}, "geometry": {"type": "Polygon", "coordinates": [[[5.9243889, 49.5080318], [5.9243838, 49.5080657], [5.9244558, 49.5080707], [5.9244607, 49.5080361], [5.92447, 49.5079806], [5.9248133, 49.5080093], [5.9249461, 49.5080159], [5.9250782, 49.5080106], [5.9252123, 49.5079854], [5.9253504, 49.507941], [5.9254008, 49.5079246], [5.9254268, 49.5079161], [5.9253108, 49.5077912], [5.925331, 49.5077532], [5.9241938, 49.5079127], [5.9241622, 49.5079096], [5.9241334, 49.5078966], [5.9241129, 49.5079008], [5.9241669, 49.5079762], [5.9242031, 49.5080037], [5.9242554, 49.5080237], [5.9243889, 49.5080318]]]}}, {"type": "Feature", "properties": {"name": "Park Ouerbett", "kind": "park"}, "geometry": {"type": "Polygon", "coordinates": [[[6.0399349, 49.4845326], [6.0399064, 49.484557], [6.0401349, 49.4845478], [6.0402576, 49.484556], [6.0402873, 49.484511], [6.0406827, 49.4845673], [6.0406563, 49.4846235], [6.040768, 49.4846749], [6.0407631, 49.4847623], [6.0409396, 49.4848715], [6.0407535, 49.4850025], [6.0415278, 49.485273], [6.0415544, 49.4853672], [6.0416396, 49.4853741], [6.0419226, 49.4854286], [6.0418662, 49.4852988], [6.0417712, 49.4850623], [6.0424054, 49.4850901], [6.0425214, 49.4847059], [6.0424524, 49.4847177], [6.0423927, 49.4847106], [6.0423518, 49.4846907], [6.0423263, 49.484659], [6.0423183, 49.4846221], [6.0423293, 49.4845884], [6.0423511, 49.4845633], [6.0424415, 49.4845198], [6.0424784, 49.4844622], [6.0421698, 49.4845211], [6.0420104, 49.4841685], [6.0421523, 49.4841414], [6.042319, 49.4841096], [6.0423737, 49.4840992], [6.0422308, 49.4838715], [6.0421192, 49.4838793], [6.0420995, 49.4837021], [6.0419037, 49.4832885], [6.0415855, 49.4833468], [6.0416018, 49.4834736], [6.0414466, 49.4834945], [6.0413238, 49.4834784], [6.0410846, 49.4835696], [6.0410134, 49.4835478], [6.0410294, 49.4837036], [6.0400889, 49.4837393], [6.0402321, 49.4840629], [6.0399349, 49.4845326]]]}}, {"type": "Feature", "properties": {"name": "Park Um Belval", "kind": "park"}, "geometry": {"type": "Polygon", "coordinates": [[[5.9351735, 49.5058199], [5.9344357, 49.5053732], [5.9343217, 49.5054233], [5.9340766, 49.5052754], [5.934011, 49.5053169], [5.9342462, 49.5054568], [5.9350158, 49.5059299], [5.9352499, 49.5060745], [5.9353217, 49.5061188], [5.9363419, 49.5067485], [5.9365349, 49.5068677], [5.936714, 49.5069782], [5.9369215, 49.5071063], [5.9370318, 49.5071688], [5.9370636, 49.5071446], [5.9371085, 49.5071681], [5.937296, 49.5072283], [5.9373888, 49.5072186], [5.9374281, 49.5072336], [5.937421, 49.5072584], [5.9375511, 49.507297], [5.937647, 49.5072513], [5.9378884, 49.5071411], [5.9379226, 49.5071274], [5.9380037, 49.5070932], [5.9380252, 49.5070854], [5.938282, 49.5069926], [5.9387715, 49.5068428], [5.9387386, 49.5068089], [5.9384139, 49.50687], [5.9383883, 49.5068629], [5.9384071, 49.5068433], [5.9387152, 49.5067848], [5.9386515, 49.5067191], [5.9389325, 49.5065581], [5.9389955, 49.5065171], [5.9389573, 49.5064936], [5.9392483, 49.5062833], [5.9394361, 49.5061309], [5.9395528, 49.5059724], [5.9396365, 49.5057795], [5.9396406, 49.5057708], [5.9394394, 49.5057725], [5.9394327, 49.5056576], [5.9393817, 49.5055478], [5.9392342, 49.5054104], [5.9385878, 49.50498], [5.9383464, 49.5048834], [5.9375082, 49.5047763], [5.9373008, 49.5047061], [5.937258, 49.5046529], [5.9371607, 49.5045319], [5.9371173, 49.5045455], [5.9369583, 49.5042615], [5.9368075, 49.5039881], [5.9364014, 49.5041584], [5.9362916, 49.5042048], [5.9363024, 49.5042235], [5.9366377, 49.5048041], [5.93519, 49.5058084], [5.9351735, 49.5058199]]]}}, {"type": "Feature", "properties": {"name": "Park Um Bierg", "kind": "park"}, "geometry": {"type": "Polygon", "coordinates": [[[5.8737843, 49.5084269], [5.8738755, 49.5085018], [5.8739626, 49.5086542], [5.8740297, 49.5089799], [5.8741142, 49.5091706], [5.8742295, 49.5093343], [5.8743124, 49.5094476], [5.8737775, 49.5102495], [5.8736944, 49.5102348], [5.8734316, 49.5101829], [5.8731627, 49.5100897], [5.8731941, 49.5100584], [5.8727487, 49.5098808], [5.8730069, 49.5095262], [5.8732997, 49.5091163], [5.8737843, 49.5084269]]]}}, {"type": "Feature", "properties": {"name": "Park Worré", "kind": "park"}, "geometry": {"type": "Polygon", "coordinates": [[[5.8906688, 49.7641657], [5.8908471, 49.7642748], [5.8910181, 49.7645273], [5.8910731, 49.7645815], [5.891064, 49.7645962], [5.891216, 49.7646423], [5.8910282, 49.764892], [5.8914278, 49.7650185], [5.8914654, 49.7650791], [5.8914426, 49.7651736], [5.8916746, 49.7652281], [5.8918248, 49.7652635], [5.8922338, 49.7653598], [5.8922044, 49.765422], [5.892614, 49.7655243], [5.8926912, 49.7653641], [5.892608, 49.7653364], [5.8926949, 49.7651689], [5.8929649, 49.7652133], [5.8930605, 49.7649688], [5.8931464, 49.7647489], [5.8930553, 49.7646018], [5.8928366, 49.7644252], [5.8924393, 49.7643272], [5.892296, 49.7642918], [5.8915611, 49.7641447], [5.8912878, 49.7641334], [5.8909104, 49.7641546], [5.8906688, 49.7641657]]]}}, {"type": "Feature", "properties": {"name": "Park Zärepesch", "kind": "park"}, "geometry": {"type": "Polygon", "coordinates": [[[5.9866278, 49.7286941], [5.9871959, 49.7289845], [5.9878358, 49.7285155], [5.9872722, 49.7282206], [5.98693, 49.7284549], [5.9866278, 49.7286941]]]}}, {"type": "Feature", "properties": {"name": "Park zu Bouferdeng", "kind": "park"}, "geometry": {"type": "Polygon", "coordinates": [[[6.1374561, 49.6905617], [6.1378478, 49.6905504], [6.1379226, 49.6906307], [6.1390507, 49.6902858], [6.140475, 49.6899474], [6.140357, 49.6895748], [6.1401801, 49.6895731], [6.140054, 49.6891925], [6.1399278, 49.6888143], [6.1400954, 49.6887649], [6.1399429, 49.6883063], [6.1398822, 49.6882987], [6.1398169, 49.6882912], [6.1397808, 49.6882604], [6.1394226, 49.6883243], [6.1392788, 49.6883558], [6.1387825, 49.6885245], [6.138069, 49.6887866], [6.1378223, 49.6888456], [6.1375843, 49.6888848], [6.1375926, 49.6889086], [6.1376727, 49.6890246], [6.1377767, 49.68917], [6.1375487, 49.6892581], [6.1376077, 49.6893418], [6.1373422, 49.6894459], [6.1370136, 49.6890431], [6.1367451, 49.6891761], [6.1369119, 49.6896683], [6.1371329, 49.6901235], [6.1373278, 49.6903959], [6.1374561, 49.6905617]]]}}, {"type": "Feature", "properties": {"name": "Place Mathias Hellers", "kind": "park"}, "geometry": {"type": "Polygon", "coordinates": [[[6.2417618, 49.6577938], [6.2415936, 49.6577895], [6.2415575, 49.6577885], [6.2415209, 49.6577859], [6.2414853, 49.657779], [6.2414614, 49.6577661], [6.2414431, 49.6577454], [6.2414396, 49.6577257], [6.2414411, 49.6577119], [6.2414518, 49.657701], [6.2416036, 49.6576065], [6.2416641, 49.657569], [6.241685, 49.6575559], [6.2417633, 49.6576178], [6.2417618, 49.6577938]]]}}, {"type": "Feature", "properties": {"name": "Place de Gand", "kind": "park"}, "geometry": {"type": "Polygon", "coordinates": [[[6.1066825, 49.6082254], [6.1066771, 49.6082354], [6.1066852, 49.6082471], [6.1067147, 49.6082545], [6.1067529, 49.6082528], [6.1067851, 49.6082432], [6.1068065, 49.608225], [6.1067972, 49.6082067], [6.1068884, 49.6081289], [6.1069044, 49.6081315], [6.1069172, 49.6081289], [6.1069306, 49.608112], [6.106934, 49.6080907], [6.1069226, 49.6080668], [6.1068629, 49.6080142], [6.1068508, 49.6080142], [6.1068327, 49.6080164], [6.10682, 49.6080129], [6.1067421, 49.6079381], [6.1067293, 49.6079301], [6.1067127, 49.6079215], [6.1066949, 49.6079176], [6.106668, 49.6079167], [6.1066367, 49.6079212], [6.1066097, 49.607939], [6.1064661, 49.6080606], [6.1064565, 49.6080795], [6.1064557, 49.608101], [6.106468, 49.608121], [6.1064915, 49.6081363], [6.1066825, 49.6082254]]]}}, {"type": "Feature", "properties": {"name": "Place de Lodève", "kind": "park"}, "geometry": {"type": "Polygon", "coordinates": [[[5.9802546, 49.5027257], [5.9803384, 49.5026233], [5.9803142, 49.5026151], [5.9804581, 49.502438], [5.9805519, 49.5023224], [5.979982, 49.5021275], [5.9796913, 49.5024857], [5.9802546, 49.5027257]]]}}, {"type": "Feature", "properties": {"name": "Place de la Résistance", "kind": "park"}, "geometry": {"type": "Polygon", "coordinates": [[[6.0840842, 49.484157], [6.0846089, 49.4840392], [6.0846369, 49.4840023], [6.0845041, 49.483751], [6.0843572, 49.4837893], [6.0842998, 49.4836953], [6.0840187, 49.48373], [6.0839557, 49.4837377], [6.0838343, 49.4837527], [6.0838575, 49.4837973], [6.0839826, 49.484022], [6.0840842, 49.484157]]]}}, {"type": "Feature", "properties": {"name": "Place des Pays-Bas", "kind": "park"}, "geometry": {"type": "Polygon", "coordinates": [[[6.1068587, 49.6127212], [6.1068638, 49.6127006], [6.1068925, 49.6127036], [6.1069327, 49.6127102], [6.1069562, 49.6127271], [6.1069566, 49.6127483], [6.1069314, 49.6127446], [6.1069256, 49.6127667], [6.1069486, 49.6127701], [6.1069424, 49.6127896], [6.1069239, 49.6128114], [6.1068894, 49.6128378], [6.1067748, 49.6128724], [6.106742, 49.6128911], [6.1067248, 49.6128916], [6.106704, 49.6128816], [6.1066974, 49.6128736], [6.1067195, 49.6127108], [6.1067314, 49.612695], [6.1067553, 49.6126901], [6.1067988, 49.6126939], [6.1067953, 49.6127155], [6.1068587, 49.6127212]]]}}, {"type": "Feature", "properties": {"name": "Private Park \"Banque de Luxembourg\"", "kind": "park"}, "geometry": {"type": "Polygon", "coordinates": [[[6.1345842, 49.5774391], [6.1344648, 49.5774804], [6.1343709, 49.5775761], [6.1336125, 49.5782974], [6.1335562, 49.5783609], [6.1335401, 49.5784583], [6.1335576, 49.57854], [6.1336769, 49.578734], [6.1338848, 49.5790244], [6.1340141, 49.5790483], [6.1343931, 49.5789361], [6.1343105, 49.5788189], [6.1342572, 49.5788018], [6.1341906, 49.5788199], [6.134183, 49.5788084], [6.1341762, 49.578798], [6.1342415, 49.5787761], [6.1342537, 49.5787423], [6.1342142, 49.5786841], [6.1339712, 49.5783323], [6.134095, 49.5782937], [6.1341203, 49.5782384], [6.1340876, 49.5781856], [6.1342907, 49.578123], [6.1342438, 49.5780602], [6.1344802, 49.5779866], [6.1344916, 49.5779557], [6.134437, 49.57789], [6.1344688, 49.5778796], [6.1345072, 49.5778671], [6.1345649, 49.5779342], [6.1346138, 49.5779428], [6.1348074, 49.5778863], [6.1347846, 49.5778457], [6.1349013, 49.5778235], [6.1350497, 49.5778297], [6.1357147, 49.5779761], [6.1357821, 49.5779885], [6.1358519, 49.5780014], [6.1360166, 49.5779411], [6.1353725, 49.5770945], [6.1345842, 49.5774391]]]}}, {"type": "Feature", "properties": {"name": "Private Park \"Banque de Luxembourg\"", "kind": "park"}, "geometry": {"type": "Polygon", "coordinates": [[[6.1346785, 49.5781095], [6.1346241, 49.5780459], [6.1346453, 49.5780006], [6.1347197, 49.577972], [6.1347471, 49.5780173], [6.1348762, 49.5779839], [6.1348519, 49.5779336], [6.1349658, 49.5779208], [6.1349817, 49.5779224], [6.1350565, 49.5779325], [6.1350343, 49.5779795], [6.1355649, 49.5781058], [6.1355897, 49.578055], [6.1357068, 49.5780823], [6.1356649, 49.5781632], [6.1355969, 49.5781465], [6.1354639, 49.5783857], [6.135152, 49.578477], [6.1351781, 49.57852], [6.1351214, 49.578539], [6.1351084, 49.5785437], [6.1350037, 49.5785724], [6.1349293, 49.5784693], [6.1350485, 49.5784355], [6.1349912, 49.5783539], [6.1352373, 49.5782812], [6.1351, 49.5780859], [6.1348522, 49.5781591], [6.1347942, 49.5780766], [6.1346785, 49.5781095]]]}}, {"type": "Feature", "properties": {"name": "Puddel", "kind": "park"}, "geometry": {"type": "Polygon", "coordinates": [[[6.386508, 49.6005543], [6.3873933, 49.6006914], [6.3878898, 49.6007393], [6.3884241, 49.6007594], [6.3884434, 49.6007601], [6.3887376, 49.6002434], [6.388637, 49.6001904], [6.3884573, 49.6001799], [6.3883466, 49.6001712], [6.3882816, 49.6001947], [6.3872403, 49.6001685], [6.3866959, 49.6001316], [6.3860704, 49.6000891], [6.3860144, 49.6000626], [6.385957, 49.6001148], [6.3859499, 49.6001266], [6.3859426, 49.6001386], [6.3861663, 49.6001503], [6.3860393, 49.6002321], [6.385919, 49.6004379], [6.386508, 49.6005543]]]}}, {"type": "Feature", "properties": {"name": "Pëttenerbësch", "kind": "nature_reserve"}, "geometry": {"type": "Polygon", "coordinates": [[[6.0919366, 49.7717898], [6.0917868, 49.7716818], [6.0925064, 49.7717651], [6.0920439, 49.7709742], [6.0919511, 49.7709168], [6.0906531, 49.7701256], [6.0916593, 49.7695726], [6.091411, 49.7693556], [6.0916284, 49.7692422], [6.0904248, 49.7683259], [6.0894896, 49.7675961], [6.0885167, 49.7677646], [6.0884277, 49.7678243], [6.0883165, 49.7682633], [6.0881682, 49.7685694], [6.0880098, 49.7689316], [6.0874079, 49.7703015], [6.0866931, 49.7718224], [6.0866034, 49.7722222], [6.0862922, 49.7732675], [6.0862745, 49.7733273], [6.0862588, 49.7733799], [6.0912618, 49.7720216], [6.0920665, 49.771864], [6.0919366, 49.7717898]]]}}, {"type": "Feature", "properties": {"name": "Pëttenerbësch", "kind": "nature_reserve"}, "geometry": {"type": "Polygon", "coordinates": [[[6.0935182, 49.7776711], [6.094608, 49.7779316], [6.0945145, 49.7780784], [6.0966995, 49.778636], [6.0973894, 49.7792364], [6.0976425, 49.7795469], [6.097826, 49.7796682], [6.0985073, 49.7802919], [6.0993307, 49.7807802], [6.0997348, 49.7802429], [6.0998838, 49.7800448], [6.1001158, 49.7787666], [6.0999978, 49.7778018], [6.0992158, 49.7762627], [6.0981513, 49.7757743], [6.0986443, 49.7753754], [6.099453, 49.774721], [6.0994977, 49.7746848], [6.0982071, 49.7740217], [6.0970799, 49.7748505], [6.0969007, 49.7749918], [6.0964684, 49.7753406], [6.0959217, 49.7751353], [6.0949805, 49.774782], [6.0948501, 49.774733], [6.0952543, 49.7743371], [6.0932939, 49.7734108], [6.0934706, 49.7729056], [6.0922119, 49.7719552], [6.0920048, 49.771987], [6.0895935, 49.772621], [6.0892491, 49.7727149], [6.0890919, 49.7727578], [6.0863358, 49.773486], [6.0863413, 49.7735188], [6.0862906, 49.7738013], [6.0862811, 49.7738903], [6.0862547, 49.7742819], [6.0862249, 49.7748023], [6.086227, 49.7752231], [6.0862396, 49.7756292], [6.0862675, 49.7757522], [6.0863183, 49.7758855], [6.0863637, 49.7759913], [6.0864727, 49.7761568], [6.0866593, 49.7764283], [6.0868689, 49.7766753], [6.0870587, 49.7768933], [6.0872759, 49.7771287], [6.0873693, 49.7772298], [6.0876184, 49.7774966], [6.0881936, 49.7780243], [6.0883091, 49.7781099], [6.0883729, 49.7781389], [6.0884764, 49.7781519], [6.0885481, 49.7781382], [6.0886088, 49.7781017], [6.0887302, 49.777963], [6.0887945, 49.7779014], [6.088848, 49.7778841], [6.0889249, 49.7778884], [6.0890361, 49.777915], [6.089175, 49.7777066], [6.0897644, 49.7768253], [6.092204, 49.7773569], [6.0927152, 49.7774515], [6.0930257, 49.7775473], [6.0935182, 49.7776711]]]}}, {"type": "Feature", "properties": {"name": "Ronnheck", "kind": "nature_reserve"}, "geometry": {"type": "Polygon", "coordinates": [[[6.2619078, 49.7442596], [6.2607907, 49.7444642], [6.2602368, 49.7445109], [6.2597823, 49.7444831], [6.258464, 49.7442725], [6.2573194, 49.7440747], [6.2565269, 49.743853], [6.2554237, 49.743438], [6.2521782, 49.7423269], [6.251792, 49.7423252], [6.2512878, 49.7424743], [6.2507705, 49.74215], [6.2510194, 49.7418949], [6.2514165, 49.7417255], [6.2516202, 49.7414512], [6.2513569, 49.7411142], [6.2508478, 49.7408632], [6.2507272, 49.7409836], [6.2487964, 49.7403474], [6.2474794, 49.7402448], [6.2472671, 49.7402885], [6.247239, 49.7396775], [6.2481012, 49.739613], [6.2481414, 49.73961], [6.248045, 49.7395631], [6.2474869, 49.7394054], [6.2471503, 49.7392398], [6.2471055, 49.7391939], [6.2468539, 49.7386469], [6.2466339, 49.7380784], [6.2463407, 49.7376362], [6.2460475, 49.7374309], [6.2459742, 49.7371229], [6.2441781, 49.7363485], [6.2444103, 49.7359616], [6.2440166, 49.7358305], [6.2433122, 49.735596], [6.2438942, 49.734952], [6.2440109, 49.734965], [6.244306, 49.7345004], [6.2445715, 49.7338815], [6.244736, 49.7335031], [6.2449725, 49.7329592], [6.2453721, 49.7330433], [6.2454298, 49.7325423], [6.2455022, 49.7323524], [6.2456687, 49.7319873], [6.2446037, 49.7314197], [6.2447096, 49.7313738], [6.2442389, 49.7311111], [6.2435295, 49.7307973], [6.2441537, 49.730013], [6.2400566, 49.7283261], [6.2399626, 49.7282874], [6.2400882, 49.7280644], [6.2402384, 49.7278672], [6.2405348, 49.7275577], [6.2404948, 49.7275417], [6.2396309, 49.7271965], [6.2398997, 49.7267858], [6.2374063, 49.7258771], [6.2373668, 49.7258627], [6.2375924, 49.7246294], [6.2376742, 49.7243662], [6.2377044, 49.7243721], [6.2399475, 49.7248386], [6.2400243, 49.7247217], [6.2404518, 49.7247537], [6.2409617, 49.7247537], [6.2415879, 49.724768], [6.2422161, 49.7248043], [6.2426954, 49.7248717], [6.2430618, 49.724938], [6.2432438, 49.7248523], [6.244507, 49.7251096], [6.2445643, 49.7251213], [6.2446225, 49.7251331], [6.2444468, 49.7252924], [6.2442523, 49.7254433], [6.2438299, 49.725686], [6.2439023, 49.7257476], [6.2439238, 49.7258351], [6.2438862, 49.7261221], [6.2438714, 49.7262981], [6.2439023, 49.7263848], [6.2439667, 49.7264671], [6.2449217, 49.7267396], [6.2449618, 49.7267742], [6.2453783, 49.7271345], [6.2457938, 49.7273398], [6.2462947, 49.7275294], [6.2468079, 49.7276715], [6.2475061, 49.7277656], [6.2475917, 49.7277771], [6.2476708, 49.7277034], [6.2488554, 49.7283397], [6.2497129, 49.7287504], [6.2501039, 49.7288609], [6.2506782, 49.7278974], [6.2501406, 49.727771], [6.250286, 49.7274268], [6.2503718, 49.7271823], [6.2503839, 49.7269015], [6.2503476, 49.7267203], [6.2502699, 49.726566], [6.2501277, 49.7263726], [6.2502283, 49.7261177], [6.2503557, 49.7259088], [6.2505636, 49.7256253], [6.2504844, 49.7256149], [6.2505135, 49.7255579], [6.250695, 49.7252018], [6.2500917, 49.7251629], [6.250556, 49.7240575], [6.2503114, 49.7240466], [6.2503624, 49.723757], [6.2503557, 49.7234613], [6.2502872, 49.7231808], [6.2501438, 49.7229273], [6.2500062, 49.7227306], [6.2514876, 49.7228657], [6.2513542, 49.7224946], [6.2510477, 49.7218765], [6.2505622, 49.7210268], [6.250471, 49.7207979], [6.2504482, 49.7207008], [6.2459119, 49.7201732], [6.2461714, 49.7193213], [6.2462962, 49.7190161], [6.246433, 49.718795], [6.2466824, 49.7184568], [6.2467689, 49.718387], [6.2471196, 49.7183675], [6.2475185, 49.7183959], [6.2482638, 49.7186013], [6.2496798, 49.7190984], [6.2496033, 49.719199], [6.2502323, 49.7193664], [6.2501961, 49.7194063], [6.2506276, 49.7194816], [6.2506226, 49.7195528], [6.2505528, 49.7196872], [6.2518885, 49.7198573], [6.2518412, 49.7199728], [6.2517719, 49.7201129], [6.2528555, 49.720184], [6.2529405, 49.7201815], [6.2533129, 49.7201313], [6.2538741, 49.7200526], [6.2539954, 49.720047], [6.2541153, 49.7200545], [6.2542368, 49.7200765], [6.254664, 49.7201636], [6.2553348, 49.7202755], [6.2558438, 49.7203797], [6.2562928, 49.7204385], [6.256561, 49.7204489], [6.2566907, 49.7204203], [6.2572082, 49.7202838], [6.2586966, 49.7200419], [6.2600157, 49.7209981], [6.2602193, 49.7211354], [6.2602832, 49.7211007], [6.2608391, 49.7213198], [6.2622379, 49.7217809], [6.2623808, 49.7218448], [6.2628347, 49.7221633], [6.2617832, 49.7225345], [6.2614842, 49.7225718], [6.2607171, 49.7223594], [6.2601983, 49.7223218], [6.2594269, 49.7222848], [6.2593253, 49.7224982], [6.258861, 49.7225623], [6.2588057, 49.7226011], [6.2587383, 49.7227261], [6.257828, 49.72199], [6.2566307, 49.7215539], [6.2565165, 49.7215872], [6.2563035, 49.7213467], [6.2557067, 49.7210953], [6.2555879, 49.7210974], [6.2560889, 49.7220778], [6.2564065, 49.7225044], [6.25604, 49.7227176], [6.2558567, 49.7228045], [6.25604, 49.7232153], [6.2564187, 49.7235865], [6.2569075, 49.723934], [6.2587443, 49.7249994], [6.2594084, 49.7252767], [6.2602919, 49.7255534], [6.2608588, 49.7257282], [6.2605548, 49.7263952], [6.2603939, 49.7269119], [6.2602866, 49.7270662], [6.2599741, 49.7272222], [6.2597917, 49.7275907], [6.2596656, 49.7277181], [6.2592727, 49.728377], [6.2589642, 49.7290115], [6.2589388, 49.7292508], [6.2588288, 49.7295889], [6.2588462, 49.7298446], [6.2588802, 49.7301526], [6.2588046, 49.7304081], [6.2591328, 49.7305862], [6.2591399, 49.7305901], [6.2594128, 49.73082], [6.2594108, 49.7309438], [6.2596795, 49.731074], [6.2597495, 49.7310234], [6.2597461, 49.7310834], [6.2597977, 49.7313067], [6.2598306, 49.7314492], [6.2598165, 49.7314942], [6.2596917, 49.7315109], [6.2596314, 49.731519], [6.2591794, 49.7313753], [6.2587711, 49.7311874], [6.2582722, 49.7309065], [6.2572329, 49.730304], [6.2567353, 49.7300258], [6.2559749, 49.7296279], [6.2554882, 49.7294086], [6.2553754, 49.7293826], [6.2552521, 49.7293765], [6.2552588, 49.7294558], [6.2552615, 49.7294835], [6.2554261, 49.730245], [6.2554298, 49.7303721], [6.2554049, 49.7304744], [6.2553562, 49.7305586], [6.2552777, 49.7306303], [6.255185, 49.7306898], [6.2546982, 49.7308614], [6.2546217, 49.7309057], [6.2545587, 49.7309568], [6.2545013, 49.7310529], [6.253809, 49.7317361], [6.2535086, 49.7316945], [6.2531009, 49.7317084], [6.2528633, 49.7316848], [6.2526932, 49.7315463], [6.2526754, 49.7314612], [6.2525645, 49.7314803], [6.2524317, 49.7314934], [6.2522896, 49.7315073], [6.2522252, 49.7315428], [6.252016, 49.7317396], [6.2516673, 49.7319762], [6.2515788, 49.7320655], [6.2515315, 49.7321269], [6.2514433, 49.7322415], [6.2516807, 49.7323221], [6.251729, 49.7323862], [6.2518705, 49.7325744], [6.2513964, 49.7330995], [6.2511134, 49.7339387], [6.2509552, 49.7343513], [6.2508157, 49.7345905], [6.2506923, 49.7347292], [6.2505233, 49.7348228], [6.2501666, 49.7350343], [6.2499976, 49.7353117], [6.2499507, 49.7355622], [6.249897, 49.7357832], [6.2499051, 49.735915], [6.2499547, 49.7360285], [6.250005, 49.736123], [6.2502509, 49.7364012], [6.2505582, 49.7367488], [6.2508237, 49.736962], [6.2514758, 49.7373308], [6.2516425, 49.7374251], [6.2518537, 49.7375445], [6.2521434, 49.7377265], [6.2522829, 49.7378895], [6.2523794, 49.7380836], [6.2523955, 49.7382812], [6.2523821, 49.7383991], [6.2523016, 49.7385204], [6.2520817, 49.7386972], [6.2520468, 49.738796], [6.2520844, 49.7388897], [6.2523526, 49.7390925], [6.2530446, 49.7394392], [6.2537339, 49.739609], [6.255126, 49.740103], [6.2547049, 49.7402712], [6.2547424, 49.740396], [6.2548363, 49.7405277], [6.2551662, 49.7408536], [6.2558234, 49.7413511], [6.2562257, 49.7415972], [6.2564242, 49.7416665], [6.2568104, 49.7417549], [6.2570384, 49.7418243], [6.2572559, 49.7419625], [6.2574515, 49.742086], [6.2576875, 49.7421969], [6.2581032, 49.7423356], [6.2583715, 49.7423737], [6.2585834, 49.7424309], [6.2589133, 49.7424951], [6.2593062, 49.7425306], [6.2597179, 49.7425843], [6.2600344, 49.7426485], [6.2602302, 49.7427083], [6.2603442, 49.7427629], [6.2608847, 49.7428365], [6.261338, 49.7428426], [6.2617041, 49.7428157], [6.2619388, 49.7428019], [6.2626845, 49.7428937], [6.2633067, 49.7429466], [6.2636686, 49.7430426], [6.2636125, 49.7430913], [6.2638043, 49.7431667], [6.2640618, 49.7433123], [6.2642321, 49.7432854], [6.2643957, 49.7431399], [6.2644373, 49.7430627], [6.2646807, 49.743035], [6.2653384, 49.7434421], [6.2654753, 49.7434983], [6.2656141, 49.7435215], [6.2657207, 49.7435297], [6.2657126, 49.7435761], [6.2657081, 49.7436019], [6.2655888, 49.7442836], [6.2649035, 49.744297], [6.26441, 49.74432], [6.2641974, 49.7442635], [6.2640899, 49.744211], [6.2637654, 49.7441226], [6.2633389, 49.7440472], [6.2631015, 49.7440429], [6.2627703, 49.7440893], [6.2619078, 49.7442596]]]}}, {"type": "Feature", "properties": {"name": "Rosport-Hëlt", "kind": "nature_reserve"}, "geometry": {"type": "Polygon", "coordinates": [[[6.5147348, 49.8030605], [6.5148301, 49.8031751], [6.5148481, 49.8032237], [6.5148721, 49.8032822], [6.5149423, 49.8033785], [6.5150066, 49.8034405], [6.5151944, 49.8036158], [6.5153173, 49.8037233], [6.5153739, 49.8037556], [6.5157937, 49.8042192], [6.516365, 49.8048466], [6.5166613, 49.8052054], [6.5169337, 49.8055744], [6.5170772, 49.8058467], [6.5172371, 49.8060733], [6.5173544, 49.8062949], [6.517472, 49.8064827], [6.517601, 49.8066901], [6.5177016, 49.8068866], [6.5177963, 49.807099], [6.5178285, 49.8071666], [6.5178416, 49.8072922], [6.5179209, 49.8074144], [6.5179072, 49.8075294], [6.5180031, 49.8075335], [6.5180121, 49.8076058], [6.5180589, 49.8076965], [6.518008, 49.8077275], [6.5180949, 49.8077936], [6.5181585, 49.8079264], [6.5182452, 49.807982], [6.5182397, 49.8081057], [6.5183163, 49.8081796], [6.518432, 49.8084842], [6.5185281, 49.8086281], [6.518527, 49.8088575], [6.5185775, 49.808992], [6.5185844, 49.8090987], [6.5184941, 49.8092669], [6.5184856, 49.8094173], [6.518439, 49.8096105], [6.5184103, 49.8099031], [6.5184445, 49.8102296], [6.518445, 49.810233], [6.5184717, 49.8103871], [6.5185421, 49.8105214], [6.5185755, 49.8106409], [6.5185924, 49.810767], [6.5186554, 49.8110486], [6.5187076, 49.8111471], [6.5187688, 49.8112625], [6.5188254, 49.811383], [6.5189734, 49.8117049], [6.5190897, 49.8119524], [6.5192476, 49.8121703], [6.5195462, 49.8124817], [6.5197547, 49.812646], [6.5199481, 49.8127808], [6.520231, 49.8129041], [6.5204578, 49.8129659], [6.5208703, 49.8130983], [6.5210937, 49.8131076], [6.521317, 49.8131127], [6.5216277, 49.8130381], [6.5219358, 49.8129105], [6.5224734, 49.8127292], [6.5226826, 49.8126741], [6.52291, 49.8125856], [6.5231012, 49.8125365], [6.5232719, 49.8124525], [6.5235916, 49.8123801], [6.5239766, 49.8122063], [6.5241191, 49.8122024], [6.5243593, 49.8120662], [6.52473, 49.8119127], [6.5250294, 49.8118109], [6.5252523, 49.8117113], [6.5255745, 49.8115947], [6.5260012, 49.8114373], [6.526176, 49.8113701], [6.5264315, 49.8112586], [6.5266378, 49.811167], [6.5269172, 49.8110176], [6.5272245, 49.8108227], [6.5273954, 49.8106905], [6.5277517, 49.8103717], [6.5279808, 49.8102171], [6.5282254, 49.8100656], [6.5285405, 49.8098602], [6.5287242, 49.8097346], [6.5290022, 49.8095502], [6.5294047, 49.8092435], [6.5294962, 49.8090867], [6.5295763, 49.8089141], [6.5295549, 49.8087359], [6.529487, 49.8087945], [6.5294478, 49.8087685], [6.5295576, 49.8083783], [6.5296389, 49.8082424], [6.5296859, 49.8080951], [6.5297465, 49.8078881], [6.5298022, 49.8076314], [6.5299824, 49.8072329], [6.5300252, 49.8071382], [6.5300924, 49.8069896], [6.5304082, 49.8066607], [6.5306556, 49.8063645], [6.5307435, 49.8061155], [6.530813, 49.8059986], [6.5308978, 49.8060065], [6.5308486, 49.8058277], [6.5308389, 49.8056709], [6.5307916, 49.8055663], [6.5307657, 49.8053494], [6.5306401, 49.8051481], [6.5304891, 49.8049977], [6.5297827, 49.8042868], [6.5297191, 49.804224], [6.5296742, 49.8041229], [6.5292592, 49.8038607], [6.5284166, 49.8033426], [6.5281603, 49.8031773], [6.5276041, 49.8028868], [6.5271621, 49.8026874], [6.5266446, 49.8024145], [6.5264877, 49.8023208], [6.5263282, 49.8021962], [6.5260744, 49.8020403], [6.5259258, 49.8018829], [6.5257755, 49.8017797], [6.5254688, 49.8015042], [6.5250818, 49.8011924], [6.5248941, 49.8010275], [6.5248003, 49.80088], [6.5246888, 49.8007537], [6.5245, 49.8005721], [6.5244602, 49.8005339], [6.5243384, 49.8003841], [6.5240441, 49.800121], [6.5238849, 49.7999627], [6.5235486, 49.799671], [6.5231854, 49.7994066], [6.5230031, 49.7992534], [6.5228995, 49.7991305], [6.5227859, 49.7989535], [6.5226854, 49.7988398], [6.5225877, 49.7987041], [6.5225842, 49.7987], [6.5223989, 49.7984803], [6.5222143, 49.7982741], [6.5221058, 49.7981321], [6.5216884, 49.7975806], [6.521607, 49.7974797], [6.5214174, 49.7972897], [6.5212019, 49.7971232], [6.5209672, 49.7969633], [6.5207012, 49.7967666], [6.520532, 49.7966553], [6.5203276, 49.796552], [6.5201159, 49.7964086], [6.5197647, 49.7962677], [6.5196572, 49.7962172], [6.5194328, 49.7961118], [6.5190753, 49.7959765], [6.5179652, 49.7955986], [6.5175347, 49.7955334], [6.5171981, 49.7954039], [6.516916, 49.7952661], [6.5167295, 49.795191], [6.516459, 49.7950783], [6.5161451, 49.7949354], [6.5157661, 49.7946992], [6.5154267, 49.794536], [6.5151534, 49.7944395], [6.5141817, 49.7940109], [6.5139646, 49.7939367], [6.5136328, 49.7938406], [6.513203, 49.7937039], [6.512681, 49.7935699], [6.5125133, 49.7937749], [6.512278, 49.7940626], [6.51223, 49.7941212], [6.5121223, 49.794253], [6.511892, 49.7945297], [6.5115531, 49.7949368], [6.5115007, 49.7950084], [6.5114317, 49.7951027], [6.5113967, 49.7952049], [6.5113767, 49.795295], [6.5113342, 49.7955378], [6.5112384, 49.7960238], [6.5112007, 49.7961341], [6.5111718, 49.7962185], [6.5110879, 49.7964501], [6.5096855, 49.7961135], [6.5095639, 49.7977015], [6.5094937, 49.7976906], [6.5093711, 49.7976694], [6.5093108, 49.7982342], [6.5092662, 49.7985902], [6.5092576, 49.7987099], [6.5092479, 49.7990275], [6.5092562, 49.7991664], [6.5092798, 49.7992763], [6.5093139, 49.7994346], [6.5094124, 49.7996455], [6.5095773, 49.7998839], [6.5097696, 49.8000469], [6.5099497, 49.8001644], [6.5100546, 49.8002269], [6.5104203, 49.8003895], [6.5108014, 49.8004872], [6.5111354, 49.8005612], [6.5113445, 49.8006214], [6.5115192, 49.8006904], [6.5116418, 49.8007691], [6.5117138, 49.800852], [6.51178, 49.8009827], [6.511809, 49.8010147], [6.5117841, 49.8010424], [6.5117075, 49.8011466], [6.5123784, 49.8013094], [6.5127246, 49.8014238], [6.5127931, 49.8014623], [6.5128491, 49.8015074], [6.5129577, 49.801622], [6.5130281, 49.8016792], [6.5130786, 49.8017078], [6.5132389, 49.8017692], [6.513302, 49.8018033], [6.5133689, 49.8018594], [6.5134268, 49.8019278], [6.5134654, 49.8019953], [6.5135388, 49.8020405], [6.5138837, 49.8022972], [6.5141394, 49.8025105], [6.5147348, 49.8030605]]]}}, {"type": "Feature", "properties": {"name": "Rousegärtchen", "kind": "park"}, "geometry": {"type": "Polygon", "coordinates": [[[5.9093774, 49.5751629], [5.9095998, 49.5751081], [5.9097949, 49.5751941], [5.9095796, 49.5754319], [5.9095148, 49.575387], [5.9094465, 49.5753214], [5.9094014, 49.5752592], [5.9093774, 49.5751629]]]}}, {"type": "Feature", "properties": {"name": "Réserve Naturelle Deiwelskopp", "kind": "nature_reserve"}, "geometry": {"type": "Polygon", "coordinates": [[[6.497127, 49.756], [6.4973281, 49.7560043], [6.4975843, 49.7560927], [6.4979383, 49.7561048], [6.4983018, 49.7560346], [6.4984305, 49.7559393], [6.4984453, 49.7558501], [6.4986518, 49.7558085], [6.4987755, 49.7557958], [6.4988155, 49.7557539], [6.4988002, 49.7557453], [6.4987735, 49.7557077], [6.4987606, 49.7556632], [6.4987658, 49.7556032], [6.4987794, 49.7555518], [6.4988013, 49.7555004], [6.4988275, 49.7554627], [6.4988399, 49.755396], [6.4990836, 49.7553034], [6.4991122, 49.7552633], [6.4991024, 49.755202], [6.4989831, 49.7549889], [6.4987899, 49.754521], [6.4986545, 49.7541328], [6.4984855, 49.7536892], [6.498338, 49.7534258], [6.4982939, 49.753268], [6.4982414, 49.7528245], [6.4981878, 49.7526477], [6.4981502, 49.7524224], [6.4981329, 49.7519943], [6.4981384, 49.751433], [6.498139, 49.7513637], [6.49815, 49.7502371], [6.4981512, 49.750113], [6.4981491, 49.7500249], [6.4982244, 49.7499888], [6.4991014, 49.7498864], [6.4998461, 49.7498991], [6.4998773, 49.748758], [6.4999249, 49.7485589], [6.4994029, 49.7485651], [6.4992708, 49.7485667], [6.4992663, 49.7485161], [6.499042, 49.7485282], [6.4988527, 49.7485384], [6.4988168, 49.7483353], [6.4987927, 49.7481993], [6.4987273, 49.7480668], [6.4986417, 49.7479591], [6.4985232, 49.7477226], [6.4984986, 49.7475537], [6.498693, 49.7475393], [6.4986347, 49.7474165], [6.4984885, 49.7473022], [6.4983928, 49.7471768], [6.4983942, 49.7471099], [6.4984632, 49.7470983], [6.4984174, 49.7470253], [6.4984719, 49.7469692], [6.4983587, 49.7468498], [6.4983729, 49.7468316], [6.498397, 49.746761], [6.498395, 49.7467077], [6.4983387, 49.7466193], [6.498338, 49.7465716], [6.4983687, 49.746511], [6.4984366, 49.7464265], [6.4985298, 49.7463723], [6.4985168, 49.746321], [6.4986029, 49.7462895], [6.4985566, 49.7461669], [6.4984958, 49.7460636], [6.4986813, 49.7460136], [6.499087, 49.7459211], [6.4991269, 49.7458564], [6.4991597, 49.7457833], [6.4990252, 49.7456293], [6.4988731, 49.7454451], [6.4992174, 49.7455503], [6.4992178, 49.7454676], [6.4991888, 49.7454261], [6.4991528, 49.7453999], [6.4988872, 49.7453005], [6.4983005, 49.7452171], [6.4983459, 49.7451121], [6.498286, 49.7451587], [6.4982252, 49.7451991], [6.4981539, 49.7452347], [6.4980571, 49.7452612], [6.497981, 49.7452748], [6.4978954, 49.745286], [6.4977981, 49.7452937], [6.4976955, 49.745294], [6.4971447, 49.7452559], [6.496994, 49.7452503], [6.4967199, 49.7453762], [6.496616, 49.7454095], [6.4962204, 49.7455075], [6.4955631, 49.745596], [6.4954019, 49.7456129], [6.4952576, 49.7456179], [6.4951958, 49.7456141], [6.4951436, 49.7456038], [6.4950272, 49.7455593], [6.4948331, 49.7454726], [6.4946496, 49.7453484], [6.4941381, 49.7449927], [6.4934425, 49.7446472], [6.4932489, 49.7445778], [6.4926062, 49.7443357], [6.4921707, 49.7442085], [6.4915406, 49.7440902], [6.4909613, 49.7440295], [6.4903563, 49.743995], [6.4897152, 49.7439836], [6.4894554, 49.7440034], [6.48915, 49.7440558], [6.4887888, 49.74415], [6.4883749, 49.744273], [6.4882267, 49.7443341], [6.4881429, 49.7443835], [6.4879438, 49.744656], [6.4878935, 49.7447682], [6.4877909, 49.7448926], [6.4875645, 49.7452037], [6.4875206, 49.7452639], [6.487352, 49.7453626], [6.4872274, 49.7453969], [6.4870385, 49.7454489], [6.4867667, 49.745532], [6.4862806, 49.7456806], [6.4859918, 49.7457874], [6.4858282, 49.7458922], [6.485627, 49.7461418], [6.4853534, 49.7463671], [6.485053, 49.7466566], [6.4847714, 49.7468767], [6.4838666, 49.7474527], [6.4841064, 49.7477715], [6.4848069, 49.7474493], [6.4852057, 49.7473147], [6.4858273, 49.7471476], [6.4862648, 49.7468486], [6.4866427, 49.7466853], [6.4868219, 49.7466847], [6.4870387, 49.7465758], [6.4876976, 49.746394], [6.4877128, 49.7463898], [6.4882823, 49.7463331], [6.4884474, 49.7463273], [6.4887794, 49.7463328], [6.4887837, 49.7462426], [6.4887928, 49.7461313], [6.4887975, 49.7460878], [6.4889158, 49.7460747], [6.4890957, 49.7460594], [6.4892265, 49.7460516], [6.4893573, 49.7460512], [6.4894603, 49.7460542], [6.4895371, 49.7460582], [6.4896251, 49.7460663], [6.4897951, 49.7460909], [6.4900888, 49.7461643], [6.4907841, 49.7466051], [6.4910525, 49.7468443], [6.4913066, 49.7470708], [6.491778, 49.7476078], [6.4921978, 49.7480929], [6.4924001, 49.7483267], [6.4926583, 49.748625], [6.4926693, 49.7486464], [6.492763, 49.748829], [6.492912, 49.7490853], [6.4930088, 49.7493743], [6.4929527, 49.7497539], [6.4931102, 49.7499726], [6.493179, 49.7500494], [6.4933566, 49.7502704], [6.4935176, 49.7505696], [6.4935212, 49.7508157], [6.4934596, 49.7510983], [6.4937543, 49.7516546], [6.4938151, 49.7519844], [6.493828, 49.7520194], [6.4939051, 49.7522288], [6.4937838, 49.7524083], [6.4935542, 49.7527153], [6.4936506, 49.7534757], [6.4937652, 49.753745], [6.4935762, 49.75415], [6.4932074, 49.7545076], [6.4933448, 49.7551891], [6.4938667, 49.7561793], [6.4940545, 49.7564427], [6.4942406, 49.7568468], [6.494364, 49.757023], [6.4943297, 49.7571957], [6.4947341, 49.7574947], [6.4951098, 49.7577725], [6.4953917, 49.7578282], [6.4954171, 49.7578341], [6.4954781, 49.7577921], [6.495576, 49.7577839], [6.4956082, 49.7577527], [6.4956041, 49.7576938], [6.4957416, 49.757602], [6.4958784, 49.7574243], [6.4958234, 49.7571618], [6.4959146, 49.7570856], [6.4960273, 49.7570457], [6.4960648, 49.7569816], [6.496034, 49.756934], [6.496046, 49.7568889], [6.4961413, 49.7568343], [6.4961493, 49.7567139], [6.4961962, 49.7566368], [6.4962573, 49.7566041], [6.4962983, 49.7565821], [6.4963384, 49.7565606], [6.4963464, 49.7565517], [6.4964859, 49.7563979], [6.4965852, 49.7562963], [6.4966254, 49.7561958], [6.4967839, 49.756134], [6.4970277, 49.756039], [6.497127, 49.756]]]}}, {"type": "Feature", "properties": {"name": "Réserve Naturelle Leiffrächen", "kind": "nature_reserve"}, "geometry": {"type": "Polygon", "coordinates": [[[6.0092519, 49.4834225], [6.0093659, 49.4837466], [6.0096958, 49.4839958], [6.0096918, 49.4841797], [6.0102953, 49.4843574], [6.0102645, 49.4847381], [6.0108556, 49.485016], [6.0107566, 49.4850858], [6.0103127, 49.4850091], [6.0098943, 49.4849098], [6.0093954, 49.4847521], [6.0084218, 49.48436], [6.0081455, 49.4842764], [6.0077351, 49.4841753], [6.0074079, 49.4841161], [6.0071182, 49.4840795], [6.0067722, 49.4840568], [6.0063176, 49.4840699], [6.0060373, 49.4840899], [6.0057154, 49.4841387], [6.005289, 49.4841631], [6.0051589, 49.4839592], [6.0051522, 49.4838381], [6.0051785, 49.4837696], [6.0054673, 49.4833136], [6.0055934, 49.4830941], [6.0056403, 49.4829189], [6.0056376, 49.4827621], [6.0056269, 49.4826053], [6.0054982, 49.4822602], [6.0054485, 49.4822689], [6.0052823, 49.4820886], [6.0049403, 49.4818316], [6.0048335, 49.481779], [6.0045218, 49.4815336], [6.004318, 49.4814578], [6.0041396, 49.4813549], [6.0041343, 49.4812922], [6.0039411, 49.4810944], [6.0038339, 49.4808461], [6.003799, 49.4806291], [6.0037413, 49.4805438], [6.0037514, 49.4803869], [6.0037702, 49.4803168], [6.0038171, 49.4801843], [6.0039197, 49.4800027], [6.0041707, 49.479619], [6.004934, 49.4785566], [6.0053681, 49.4779262], [6.0060273, 49.477], [6.0062408, 49.4767653], [6.0064219, 49.4768072], [6.0065587, 49.476651], [6.0069337, 49.4763667], [6.0069507, 49.4763586], [6.0069758, 49.4763465], [6.0073779, 49.4761728], [6.0081244, 49.4754912], [6.0077057, 49.4753311], [6.0081818, 49.4749036], [6.008814, 49.4743359], [6.0090843, 49.4740154], [6.0091835, 49.4737836], [6.0094464, 49.4727831], [6.0095751, 49.4724973], [6.009787, 49.4721818], [6.0102524, 49.4716485], [6.0105555, 49.4711865], [6.0106748, 49.4710964], [6.0106627, 49.4709966], [6.0107848, 49.4707282], [6.0108733, 49.470363], [6.0109001, 49.4701094], [6.0106131, 49.4670338], [6.0106198, 49.4669091], [6.0106507, 49.4667496], [6.0107177, 49.4665675], [6.010825, 49.4664054], [6.0109477, 49.4662646], [6.0110342, 49.4661875], [6.0142649, 49.4644129], [6.0144261, 49.4645017], [6.0146207, 49.4646383], [6.0147555, 49.4647609], [6.0148012, 49.4648324], [6.0151233, 49.465099], [6.0154412, 49.4652053], [6.0157183, 49.4652171], [6.0163815, 49.4653647], [6.0165288, 49.4653316], [6.016736, 49.4652169], [6.0185581, 49.4643197], [6.0191466, 49.4643327], [6.0196563, 49.4644163], [6.0199861, 49.464535], [6.0203998, 49.4646155], [6.0211736, 49.4648162], [6.0215794, 49.4649242], [6.0225101, 49.4652499], [6.0229372, 49.4654632], [6.0231684, 49.4657168], [6.0246814, 49.4658667], [6.0248189, 49.4658723], [6.0249454, 49.4658621], [6.0250992, 49.4658412], [6.0253787, 49.4657639], [6.025891, 49.4656018], [6.0260707, 49.4655721], [6.026229, 49.4655643], [6.0263912, 49.46558], [6.0265629, 49.4656166], [6.0267748, 49.4656785], [6.027039, 49.4657691], [6.0269345, 49.465996], [6.0268735, 49.4659844], [6.026799, 49.4660238], [6.0266915, 49.4661708], [6.0266832, 49.4665525], [6.0267399, 49.4666808], [6.0266404, 49.4668873], [6.0266583, 49.4670116], [6.0265536, 49.4673644], [6.0266005, 49.4674325], [6.0270392, 49.4676706], [6.0273551, 49.4678637], [6.0274705, 49.4678662], [6.0279322, 49.4677235], [6.0289082, 49.4671689], [6.0292508, 49.4674006], [6.0293878, 49.4674933], [6.0293369, 49.4675294], [6.0292029, 49.4677008], [6.0291378, 49.4677632], [6.0288868, 49.4679222], [6.0280829, 49.4683655], [6.028024, 49.4683311], [6.0278321, 49.4683972], [6.0277128, 49.4684302], [6.02733, 49.4683716], [6.0270162, 49.468464], [6.0269599, 49.4685986], [6.0266714, 49.4686754], [6.0270865, 49.468724], [6.0273554, 49.4686644], [6.027372, 49.4687502], [6.0274634, 49.4688256], [6.0273769, 49.4688749], [6.0272107, 49.4689459], [6.0269827, 49.4689965], [6.0268264, 49.4690161], [6.0266682, 49.4690139], [6.0264972, 49.4689895], [6.0257743, 49.4688169], [6.0257086, 49.4689102], [6.0259983, 49.469095], [6.0266371, 49.4693787], [6.027052, 49.4695423], [6.0276809, 49.4697663], [6.0279414, 49.4695834], [6.0282952, 49.4693288], [6.0284151, 49.4691844], [6.0285221, 49.4691375], [6.0286206, 49.4690034], [6.0287271, 49.4688285], [6.0287756, 49.4686694], [6.0289465, 49.4683265], [6.0291599, 49.4681646], [6.0295576, 49.467568], [6.0297839, 49.4676808], [6.0298503, 49.4674905], [6.0302221, 49.4670229], [6.0309086, 49.467068], [6.03092, 49.46711], [6.0314617, 49.467133], [6.0315, 49.467487], [6.031519, 49.4676395], [6.0315777, 49.4677746], [6.0316012, 49.4678286], [6.0316058, 49.4678423], [6.0315558, 49.4678567], [6.0315851, 49.4679077], [6.0316278, 49.4679818], [6.0316071, 49.4679868], [6.0309011, 49.4681581], [6.030975, 49.4683829], [6.0310661, 49.4685367], [6.0312655, 49.4688729], [6.0316309, 49.4687934], [6.031757, 49.4689302], [6.0321084, 49.4692013], [6.032673, 49.4690666], [6.0328802, 49.4694126], [6.0336291, 49.4709951], [6.0335112, 49.4713295], [6.0334979, 49.4714384], [6.0333749, 49.4724489], [6.0331965, 49.4727378], [6.0330633, 49.4728435], [6.0328709, 49.4729963], [6.0323633, 49.4732509], [6.0317776, 49.4733428], [6.031562, 49.4732967], [6.0315102, 49.4733931], [6.0314535, 49.4734105], [6.0315212, 49.4735442], [6.0297869, 49.4740066], [6.0296171, 49.4740261], [6.0289978, 49.4740524], [6.0281903, 49.4739672], [6.0272348, 49.4739291], [6.0271248, 49.4739631], [6.0268838, 49.4740116], [6.0258025, 49.4739866], [6.0253023, 49.4738629], [6.0251158, 49.4736903], [6.024, 49.4737034], [6.0236701, 49.4736555], [6.0236207, 49.4737724], [6.0223835, 49.4734476], [6.0224019, 49.473546], [6.0223899, 49.4737064], [6.0223694, 49.4737335], [6.0222479, 49.4737056], [6.0219827, 49.4735363], [6.0218624, 49.4734995], [6.021773, 49.4736408], [6.0217926, 49.4737147], [6.0217175, 49.4738188], [6.0216484, 49.4738393], [6.0214493, 49.474316], [6.0219897, 49.4742777], [6.0220373, 49.4741979], [6.0236348, 49.4746679], [6.024517, 49.4749426], [6.0255957, 49.4752194], [6.0258961, 49.4752939], [6.0271211, 49.475598], [6.0270845, 49.4758958], [6.0271949, 49.4759653], [6.0279711, 49.476119], [6.0299427, 49.4761128], [6.0300252, 49.4767981], [6.0301624, 49.4766932], [6.0306975, 49.4768091], [6.0315961, 49.4771132], [6.0319152, 49.4772709], [6.0322894, 49.4775263], [6.0325938, 49.4777999], [6.0328882, 49.4781345], [6.0326535, 49.4781846], [6.0326415, 49.4786696], [6.0325506, 49.4789677], [6.0323099, 49.4793749], [6.0327998, 49.4794137], [6.0325106, 49.4796761], [6.0324703, 49.4802439], [6.0324509, 49.4804412], [6.0322539, 49.4803569], [6.0313911, 49.4808075], [6.0305375, 49.481043], [6.0305149, 49.4811697], [6.0304096, 49.4812412], [6.0302932, 49.4810482], [6.0302674, 49.4810539], [6.0302212, 49.4810563], [6.0283747, 49.4811415], [6.0275406, 49.4812304], [6.02687, 49.4812304], [6.0265721, 49.4811809], [6.0256951, 49.4811408], [6.0252806, 49.4813949], [6.0242763, 49.4807686], [6.0242012, 49.4808095], [6.0233523, 49.4802436], [6.0231902, 49.4804377], [6.0232235, 49.4804662], [6.0236739, 49.4808421], [6.0238572, 49.4810042], [6.0235019, 49.4811928], [6.0231712, 49.4809925], [6.0217926, 49.4796925], [6.02135, 49.4792459], [6.021471, 49.4790934], [6.0214837, 49.47893], [6.0213736, 49.4787829], [6.0211679, 49.4786886], [6.0209177, 49.4786703], [6.020685, 49.4787328], [6.0204951, 49.4788403], [6.020072, 49.4786926], [6.0201558, 49.4786333], [6.0201833, 49.4784948], [6.0200293, 49.4784715], [6.0197582, 49.4785032], [6.0195181, 49.4786137], [6.0197977, 49.4787105], [6.0203294, 49.47889], [6.020443, 49.4789153], [6.020421, 49.4790202], [6.0204559, 49.4791383], [6.0205468, 49.4792429], [6.0206844, 49.4793233], [6.0208542, 49.479371], [6.0210386, 49.4793809], [6.0212182, 49.4793522], [6.0216451, 49.4797526], [6.0230212, 49.481136], [6.0233456, 49.4812757], [6.0245794, 49.4820424], [6.024279, 49.4822567], [6.0223746, 49.482614], [6.0214359, 49.4827011], [6.02054, 49.4825861], [6.0202074, 49.4827778], [6.0200196, 49.4826767], [6.0199177, 49.4827621], [6.0198587, 49.4827173], [6.0187, 49.4818368], [6.018354, 49.4820198], [6.0181394, 49.4818742], [6.0178394, 49.4820436], [6.0178048, 49.4820873], [6.0178559, 49.4821339], [6.0177886, 49.4821515], [6.0173053, 49.4822777], [6.0171202, 49.4823822], [6.0171336, 49.4826087], [6.0167394, 49.4828677], [6.0156515, 49.4830095], [6.0147853, 49.4829538], [6.014441, 49.4834347], [6.0144125, 49.4834739], [6.0144286, 49.4835227], [6.0143696, 49.483538], [6.0143776, 49.483575], [6.0143575, 49.4835807], [6.014161, 49.4836434], [6.0140008, 49.4835972], [6.0138291, 49.483558], [6.013514, 49.4835009], [6.0132142, 49.4834672], [6.0128327, 49.4834312], [6.0125539, 49.4834184], [6.0108155, 49.4833381], [6.0105481, 49.4832731], [6.0105608, 49.4831123], [6.0104093, 49.4827412], [6.0101759, 49.4827482], [6.0088657, 49.4829337], [6.0082712, 49.4829059], [6.0081657, 49.4826471], [6.0079328, 49.4824612], [6.0075007, 49.4823463], [6.0074231, 49.4824351], [6.006921, 49.4832926], [6.0068574, 49.4834132], [6.0067554, 49.4834956], [6.0068602, 49.4836389], [6.0071076, 49.4837263], [6.008245, 49.4835055], [6.0092519, 49.4834225]]]}}, {"type": "Feature", "properties": {"name": "Réserve naturelle Aarnescht", "kind": "nature_reserve"}, "geometry": {"type": "Polygon", "coordinates": [[[6.2526717, 49.6623243], [6.2515131, 49.6620936], [6.2512998, 49.6619283], [6.2510592, 49.6617922], [6.250864, 49.6617243], [6.2505153, 49.66168], [6.2494643, 49.6617538], [6.2491413, 49.6618673], [6.249004, 49.6619729], [6.2486006, 49.6616396], [6.2482229, 49.6613784], [6.2479311, 49.6612118], [6.2475097, 49.6610755], [6.2469612, 49.6611307], [6.2468527, 49.6611418], [6.2466017, 49.6611672], [6.2465698, 49.6611704], [6.2465228, 49.6611756], [6.246561, 49.6609113], [6.2465972, 49.6607212], [6.246612, 49.6606426], [6.2465421, 49.6607204], [6.2464692, 49.6608015], [6.2463632, 49.6609603], [6.2463243, 49.6611331], [6.2463431, 49.661272], [6.2463994, 49.6614326], [6.2464485, 49.6615273], [6.2464933, 49.6616168], [6.2467736, 49.6620064], [6.2471799, 49.6625098], [6.2473839, 49.6627923], [6.2475128, 49.6630181], [6.2478485, 49.663678], [6.2478723, 49.6637247], [6.2479119, 49.6640821], [6.2479862, 49.6643382], [6.2481201, 49.6645186], [6.2483482, 49.6647274], [6.2485669, 49.6648573], [6.2489117, 49.6649908], [6.2488084, 49.6650912], [6.248751, 49.665153], [6.2486838, 49.6652253], [6.2481477, 49.6654758], [6.2478956, 49.6655982], [6.2475352, 49.6658198], [6.2472685, 49.6660324], [6.24707, 49.6660724], [6.2468487, 49.6662642], [6.2467512, 49.6664003], [6.2467012, 49.6665637], [6.2467012, 49.6666435], [6.2467012, 49.6667312], [6.2467374, 49.666877], [6.2468184, 49.6670538], [6.2465776, 49.6670501], [6.2464395, 49.6670479], [6.2470056, 49.6678934], [6.2472117, 49.6683564], [6.2473794, 49.6688201], [6.2474785, 49.669479], [6.2475987, 49.6700946], [6.2475689, 49.6701475], [6.2476423, 49.670155], [6.2477653, 49.6701677], [6.2479867, 49.6701937], [6.2481952, 49.6704175], [6.2481979, 49.6704284], [6.248253, 49.6706494], [6.2482783, 49.6707508], [6.2482971, 49.6709092], [6.2483664, 49.671549], [6.2482445, 49.6715595], [6.2482617, 49.6716149], [6.2482748, 49.671698], [6.2482756, 49.6719329], [6.2484466, 49.6720189], [6.2485278, 49.6724849], [6.2485489, 49.6725333], [6.2485725, 49.6725874], [6.2487086, 49.6728993], [6.2491377, 49.6734103], [6.2493217, 49.673226], [6.2493952, 49.6727326], [6.2494853, 49.6724658], [6.24952, 49.6724299], [6.2496597, 49.6722852], [6.2500191, 49.6721169], [6.2503071, 49.6720475], [6.2508955, 49.6719808], [6.2509646, 49.6723132], [6.2512757, 49.672356], [6.2522668, 49.6720422], [6.252948, 49.6720544], [6.253374, 49.6720262], [6.2539701, 49.672279], [6.2544437, 49.6727071], [6.2545128, 49.6730207], [6.2544555, 49.6732489], [6.2544499, 49.6732713], [6.2545907, 49.6731773], [6.2549476, 49.672852], [6.2550724, 49.6727886], [6.255236, 49.6727661], [6.2553969, 49.6727851], [6.2558368, 49.6729362], [6.2560607, 49.673023], [6.2564939, 49.6731471], [6.2568614, 49.6732885], [6.2574533, 49.6734908], [6.2571967, 49.6727973], [6.2573565, 49.6727335], [6.257193, 49.6725046], [6.256907, 49.6723616], [6.2566276, 49.6720517], [6.2562954, 49.6711509], [6.2567031, 49.6710875], [6.2567458, 49.6705889], [6.2565055, 49.6698098], [6.2555059, 49.6683629], [6.2551475, 49.6680236], [6.2547424, 49.6679273], [6.2552065, 49.6676018], [6.2586424, 49.6684852], [6.2586967, 49.6683561], [6.2585646, 49.6683153], [6.2588891, 49.6670124], [6.2587539, 49.6669157], [6.2584511, 49.666836], [6.258232, 49.6661731], [6.2579691, 49.6657095], [6.2575641, 49.66522], [6.2572423, 49.6648988], [6.2564081, 49.6652391], [6.2561284, 49.6649317], [6.256557, 49.6647385], [6.2565677, 49.6646469], [6.2565023, 49.6646011], [6.2563689, 49.6646124], [6.2561327, 49.6647005], [6.2560433, 49.6647148], [6.2556866, 49.6643137], [6.255004, 49.6637182], [6.2549905, 49.6635576], [6.2548594, 49.6634422], [6.2547703, 49.6633639], [6.2540424, 49.6627234], [6.2537192, 49.662522], [6.2535381, 49.6623797], [6.25351, 49.6625246], [6.2535985, 49.6626036], [6.2536252, 49.6626685], [6.2536333, 49.662688], [6.2531733, 49.6625533], [6.2528565, 49.6624087], [6.2526717, 49.6623243]]]}}, {"type": "Feature", "properties": {"name": "Réserve naturelle Brill", "kind": "nature_reserve"}, "geometry": {"type": "Polygon", "coordinates": [[[6.0104408, 49.5111762], [6.0105172, 49.511038], [6.0105957, 49.5108739], [6.0106628, 49.5106666], [6.0107224, 49.5103819], [6.0107593, 49.5101544], [6.0107631, 49.5101153], [6.0107714, 49.5100292], [6.0107684, 49.5099553], [6.0106801, 49.509378], [6.0105179, 49.5093125], [6.0104752, 49.5091521], [6.0105668, 49.5090813], [6.0105622, 49.5090156], [6.0104012, 49.5089922], [6.0100361, 49.5089387], [6.009618, 49.50849], [6.0095899, 49.5083712], [6.0094772, 49.5083398], [6.0094343, 49.5082719], [6.00881, 49.5082035], [6.0081945, 49.5081238], [6.0079869, 49.5080926], [6.007708, 49.5080507], [6.0067836, 49.507897], [6.0064745, 49.5078487], [6.0059735, 49.5085099], [6.0052598, 49.508247], [6.0052582, 49.5081794], [6.0052078, 49.5081445], [6.0049157, 49.5081445], [6.0043197, 49.5079559], [6.004313, 49.50786], [6.003183, 49.5077107], [6.0031555, 49.5077076], [6.0031179, 49.507752], [6.0031121, 49.5077797], [6.0030715, 49.5079443], [6.0030683, 49.507953], [6.0030104, 49.5081003], [6.0028646, 49.5084668], [6.0027262, 49.5088172], [6.0026919, 49.5089041], [6.0025598, 49.5092794], [6.0025223, 49.5093709], [6.0022755, 49.5099726], [6.0020482, 49.5104812], [6.002018, 49.5106004], [6.0020267, 49.5106409], [6.0020556, 49.5106753], [6.0021092, 49.5107036], [6.0021756, 49.5107162], [6.002289, 49.5107181], [6.0027228, 49.5107276], [6.0028636, 49.5107261], [6.004205, 49.5107198], [6.0045984, 49.5107176], [6.0063739, 49.5107388], [6.0066438, 49.5107478], [6.0067892, 49.5107562], [6.0069139, 49.5107629], [6.00708, 49.510772], [6.0078994, 49.5108368], [6.0081622, 49.510858], [6.0083247, 49.5108754], [6.0087, 49.5109304], [6.0095223, 49.5110727], [6.0099245, 49.5111467], [6.0103299, 49.5112212], [6.0104408, 49.5111762]]]}}, {"type": "Feature", "properties": {"name": "Réserve naturelle Dreckwiss", "kind": "nature_reserve"}, "geometry": {"type": "Polygon", "coordinates": [[[5.9000833, 49.5549208], [5.9004193, 49.5548715], [5.9006755, 49.5548116], [5.9009037, 49.5547354], [5.9013621, 49.554544], [5.9019136, 49.5543137], [5.9024219, 49.5540825], [5.9026743, 49.5539613], [5.90319, 49.5537124], [5.9040087, 49.553246], [5.9042402, 49.553176], [5.9055428, 49.5523958], [5.9060936, 49.5520659], [5.9062551, 49.551955], [5.9065133, 49.5517701], [5.9070275, 49.5513475], [5.9070832, 49.5513229], [5.9080213, 49.5507926], [5.9085826, 49.5504956], [5.909233, 49.550083], [5.9094436, 49.5500287], [5.9096079, 49.5499443], [5.9108672, 49.5488723], [5.9120627, 49.548406], [5.912274, 49.5482913], [5.9123025, 49.5482775], [5.9125835, 49.5481109], [5.91291, 49.5479087], [5.9142259, 49.5470632], [5.9145771, 49.5468591], [5.9153152, 49.5463371], [5.9149635, 49.5457135], [5.9143111, 49.5455736], [5.9141626, 49.5456513], [5.9137693, 49.5458569], [5.9132741, 49.5461601], [5.912821, 49.546204], [5.9127562, 49.5463399], [5.912718, 49.54642], [5.912176, 49.54666], [5.911806, 49.546688], [5.911257, 49.54668], [5.910738, 49.5467], [5.910101, 49.546707], [5.9083157, 49.546967], [5.9077587, 49.54714], [5.907728, 49.54714], [5.907713, 49.547108], [5.9077053, 49.547043], [5.9077206, 49.547005], [5.907709, 49.546955], [5.9076443, 49.546944], [5.9075794, 49.54695], [5.9075565, 49.546974], [5.907526, 49.54703], [5.9074383, 49.547104], [5.907423, 49.547134], [5.9074306, 49.547188], [5.9074154, 49.547203], [5.907385, 49.54722], [5.9073505, 49.54722], [5.9073086, 49.547207], [5.9072247, 49.547157], [5.9072056, 49.547153], [5.907194, 49.547165], [5.9072247, 49.547226], [5.9072285, 49.547295], [5.907213, 49.547314], [5.90716, 49.54733], [5.9071026, 49.547306], [5.9070644, 49.5473], [5.9070263, 49.547306], [5.907011, 49.54733], [5.907007, 49.547417], [5.906996, 49.547436], [5.9069653, 49.54746], [5.9069195, 49.547462], [5.9068127, 49.54741], [5.9067783, 49.547405], [5.9066906, 49.547405], [5.90666, 49.547417], [5.9065914, 49.547436], [5.906534, 49.547447], [5.9065, 49.54743], [5.9064884, 49.547398], [5.906496, 49.547333], [5.9064846, 49.54732], [5.9064465, 49.547306], [5.906389, 49.547314], [5.9063396, 49.547337], [5.906271, 49.54739], [5.9062176, 49.54741], [5.906191, 49.547405], [5.906168, 49.547382], [5.9061756, 49.547337], [5.906168, 49.54732], [5.9061375, 49.547306], [5.9060764, 49.547318], [5.9060116, 49.547318], [5.9059887, 49.547306], [5.9059277, 49.54725], [5.905878, 49.54724], [5.9058285, 49.547237], [5.9057865, 49.547207], [5.905733, 49.54718], [5.905676, 49.547184], [5.9056377, 49.547215], [5.90563, 49.54723], [5.9056324, 49.5472393], [5.9056144, 49.5472323], [5.9055654, 49.5472221], [5.9054524, 49.5472101], [5.9046967, 49.5472317], [5.9045834, 49.547246], [5.9044882, 49.5472734], [5.9044258, 49.5473161], [5.9041895, 49.5473185], [5.9041584, 49.5469904], [5.90399, 49.5469891], [5.8993068, 49.5469661], [5.8991164, 49.5469632], [5.8986243, 49.5470075], [5.8973909, 49.5470036], [5.8971623, 49.5470073], [5.8979899, 49.5486234], [5.8986725, 49.5500173], [5.8987124, 49.5501344], [5.8987948, 49.5503765], [5.8988938, 49.550837], [5.8989461, 49.5512502], [5.8989823, 49.5512755], [5.898974, 49.5515111], [5.8989611, 49.551808], [5.8988252, 49.5536977], [5.8988088, 49.5537904], [5.8984364, 49.554448], [5.8983719, 49.5547299], [5.898396, 49.5547717], [5.8985534, 49.5548704], [5.8987895, 49.5549223], [5.9000833, 49.5549208]]]}}, {"type": "Feature", "properties": {"name": "Réserve naturelle Dumontshaff", "kind": "nature_reserve"}, "geometry": {"type": "Polygon", "coordinates": [[[6.0321314, 49.5131189], [6.0308939, 49.5132495], [6.0300872, 49.5133442], [6.029948, 49.5133605], [6.0298543, 49.5133588], [6.0297808, 49.5133483], [6.0297583, 49.5133555], [6.0296838, 49.5132331], [6.0295809, 49.5130387], [6.0294355, 49.5127695], [6.0292945, 49.5124979], [6.0288815, 49.5125814], [6.0286316, 49.51263], [6.0277481, 49.5126631], [6.028361, 49.5137038], [6.0272023, 49.5139222], [6.0273982, 49.5144326], [6.0275634, 49.514797], [6.0266836, 49.514992], [6.0267046, 49.5150894], [6.026455, 49.5151535], [6.0263094, 49.5152785], [6.0261874, 49.5153878], [6.0261306, 49.5153569], [6.0259813, 49.5153214], [6.0259225, 49.5153682], [6.02533, 49.5153165], [6.0252997, 49.5152842], [6.0253244, 49.515247], [6.0253153, 49.5152236], [6.0253096, 49.5152091], [6.024635, 49.5151223], [6.024573, 49.5150634], [6.0244771, 49.5149724], [6.0245539, 49.51474], [6.0236695, 49.5146346], [6.0239189, 49.5141341], [6.0206936, 49.5132715], [6.0207852, 49.5128598], [6.0207949, 49.5128183], [6.020264, 49.5127889], [6.019856, 49.5127778], [6.0189981, 49.5128327], [6.0182788, 49.5128788], [6.0181574, 49.5129128], [6.0179547, 49.5130639], [6.0178776, 49.5130972], [6.0179785, 49.5131775], [6.0181401, 49.5132322], [6.0181481, 49.5132349], [6.0181441, 49.5132458], [6.0181931, 49.5132639], [6.0182194, 49.5132798], [6.018533, 49.5134352], [6.0187047, 49.5134004], [6.0188904, 49.5134417], [6.0190856, 49.5135467], [6.0192063, 49.5136538], [6.0192539, 49.5136577], [6.019392, 49.5136124], [6.019443, 49.5136124], [6.0194832, 49.5136272], [6.0195704, 49.5139346], [6.0196555, 49.5139624], [6.0197729, 49.5140721], [6.0198051, 49.5141483], [6.0198748, 49.5143179], [6.0198124, 49.5144483], [6.0196495, 49.5144426], [6.0194832, 49.5146307], [6.019508, 49.5146403], [6.0194805, 49.5146708], [6.0194597, 49.5146627], [6.0194504, 49.5146729], [6.0194249, 49.5146631], [6.0192673, 49.5148423], [6.019201, 49.5148185], [6.0189843, 49.5152241], [6.0188958, 49.5152317], [6.0180824, 49.5160984], [6.0167572, 49.5170787], [6.0161465, 49.5172743], [6.0159024, 49.5173512], [6.0160034, 49.5178318], [6.0160748, 49.5181714], [6.0161326, 49.5183457], [6.0162391, 49.5186668], [6.0164489, 49.5191823], [6.0165557, 49.5191566], [6.0166122, 49.5192342], [6.016706, 49.5193633], [6.0173426, 49.519181], [6.0178507, 49.5190076], [6.0183542, 49.5188245], [6.0191521, 49.5185317], [6.019901, 49.5182308], [6.0204352, 49.5180443], [6.0208765, 49.5179291], [6.0210027, 49.5178951], [6.0211043, 49.5178671], [6.0210778, 49.5177388], [6.0210311, 49.5175135], [6.0209073, 49.5171288], [6.020884, 49.5170565], [6.0206737, 49.5164008], [6.0206501, 49.5162567], [6.0206715, 49.5162286], [6.0207202, 49.5161273], [6.0207306, 49.5161029], [6.0209101, 49.5160339], [6.0214862, 49.5159679], [6.0218945, 49.5159263], [6.0221547, 49.5158993], [6.0225567, 49.5159311], [6.0229378, 49.515928], [6.0230094, 49.5159386], [6.0230423, 49.5159461], [6.0230877, 49.5159574], [6.0233243, 49.5160144], [6.0233736, 49.5160263], [6.0235062, 49.5160582], [6.0246274, 49.5163235], [6.0247124, 49.5163452], [6.0247505, 49.5163538], [6.0248458, 49.5163772], [6.024842, 49.5163855], [6.0248365, 49.5163994], [6.0247987, 49.5164493], [6.0246444, 49.5166532], [6.0245163, 49.5168226], [6.0244383, 49.5169244], [6.0243724, 49.5170124], [6.0257006, 49.5174784], [6.0257856, 49.5175086], [6.0258706, 49.5175388], [6.0257009, 49.5176519], [6.025685, 49.5176706], [6.025624, 49.5177536], [6.0254353, 49.5178596], [6.0251793, 49.5181578], [6.0252164, 49.518177], [6.0252263, 49.5181819], [6.0255868, 49.5183722], [6.0266426, 49.5189362], [6.0278269, 49.51957], [6.0278731, 49.5195948], [6.0308016, 49.5179103], [6.0310331, 49.5178023], [6.033246, 49.5168628], [6.033315, 49.5168335], [6.0338263, 49.5168325], [6.0341514, 49.5166918], [6.0342154, 49.5166641], [6.0342794, 49.5166342], [6.0341995, 49.5165835], [6.0351198, 49.5161402], [6.0359258, 49.5160762], [6.0366305, 49.5158554], [6.0379972, 49.5154009], [6.0393586, 49.5152487], [6.0397416, 49.514692], [6.0400914, 49.5141835], [6.039802, 49.5141349], [6.0395675, 49.5142278], [6.0388633, 49.5142411], [6.0383733, 49.5141997], [6.037975, 49.51408], [6.0376972, 49.5141637], [6.0375822, 49.5141959], [6.0371422, 49.5142986], [6.0368085, 49.5145075], [6.0362444, 49.5145636], [6.0356754, 49.5146072], [6.0355042, 49.5145758], [6.0354292, 49.5145327], [6.035312, 49.514538], [6.0351058, 49.5145731], [6.034177, 49.5147374], [6.0331504, 49.5150198], [6.0327412, 49.5139983], [6.0325134, 49.5134299], [6.0324084, 49.5134413], [6.0322782, 49.5131039], [6.0321314, 49.5131189]]]}}, {"type": "Feature", "properties": {"name": "Réserve naturelle Haard", "kind": "nature_reserve"}, "geometry": {"type": "Polygon", "coordinates": [[[6.0322051, 49.4496125], [6.031521, 49.4503599], [6.0305103, 49.4510895], [6.0303482, 49.4511229], [6.0302268, 49.4511312], [6.0300954, 49.4511181], [6.0295455, 49.4509874], [6.029048, 49.4509481], [6.028901, 49.4509653], [6.0295997, 49.4516734], [6.0316773, 49.453324], [6.0332694, 49.4537511], [6.0355578, 49.4533012], [6.0361324, 49.4527938], [6.03725, 49.4530866], [6.0378036, 49.4537092], [6.0371301, 49.4544156], [6.0359787, 49.4544567], [6.0346909, 49.4547733], [6.0339154, 49.4552623], [6.0340674, 49.4554048], [6.034627, 49.4559296], [6.0349702, 49.4560786], [6.0350219, 49.4561262], [6.0351606, 49.4563353], [6.0352479, 49.4563123], [6.0357922, 49.4565654], [6.0357578, 49.4565975], [6.0359855, 49.4567196], [6.0364837, 49.456984], [6.0368103, 49.4572586], [6.0370369, 49.4573931], [6.0367788, 49.4574844], [6.0367726, 49.4576252], [6.0363704, 49.4578205], [6.0361895, 49.4580243], [6.0360425, 49.4581242], [6.0362679, 49.4582913], [6.0360847, 49.4583818], [6.035862, 49.4582168], [6.0357282, 49.4582881], [6.0353796, 49.458415], [6.0350937, 49.4585619], [6.0346457, 49.4588194], [6.034204, 49.4591206], [6.0339953, 49.4592296], [6.0338714, 49.4593075], [6.0335822, 49.459577], [6.0336158, 49.4597025], [6.0336258, 49.4597456], [6.0337336, 49.4598279], [6.0336748, 49.45986], [6.0336225, 49.4599204], [6.0336158, 49.4599858], [6.0334504, 49.4600596], [6.0339693, 49.4605294], [6.0348565, 49.4610485], [6.0365104, 49.4622226], [6.0358521, 49.4630323], [6.0373285, 49.4646467], [6.0391426, 49.4642263], [6.0423398, 49.4634707], [6.0409156, 49.4647829], [6.0402365, 49.4654994], [6.0397816, 49.4657227], [6.0394541, 49.465994], [6.0387725, 49.4658484], [6.038403, 49.4658219], [6.036873, 49.4657123], [6.0368487, 49.465889], [6.0368264, 49.466041], [6.0368344, 49.4662886], [6.0368814, 49.4664585], [6.0369551, 49.4666259], [6.0370597, 49.4668167], [6.0378335, 49.4678617], [6.0416493, 49.4670079], [6.0422357, 49.4670267], [6.0424208, 49.4671832], [6.0424067, 49.4688257], [6.0424092, 49.4688655], [6.0424188, 49.4690181], [6.042517, 49.4701079], [6.0450883, 49.4712536], [6.0480656, 49.470637], [6.0483465, 49.4712389], [6.0484263, 49.4715036], [6.0484522, 49.4715895], [6.0485188, 49.4715748], [6.0488199, 49.4715134], [6.0498381, 49.4717005], [6.0508765, 49.4718807], [6.0514872, 49.4720338], [6.0514415, 49.4722446], [6.0518046, 49.4722668], [6.0521943, 49.472282], [6.0525837, 49.4722772], [6.0523853, 49.472324], [6.053214, 49.4723613], [6.0535755, 49.472374], [6.0536332, 49.472554], [6.0524328, 49.4725313], [6.0514203, 49.4725043], [6.0497674, 49.472404], [6.0497278, 49.4724424], [6.0488722, 49.4725008], [6.0481238, 49.4726812], [6.0480031, 49.472533], [6.047738, 49.4726323], [6.0477225, 49.4726377], [6.0477097, 49.4726429], [6.046975, 49.4729433], [6.0462031, 49.4733178], [6.0453307, 49.4736721], [6.045679, 49.4741469], [6.0448878, 49.4744354], [6.0442138, 49.4747757], [6.0434373, 49.4753003], [6.043385, 49.475358], [6.0434011, 49.4753865], [6.0434474, 49.4755312], [6.0435762, 49.4757665], [6.0436901, 49.4759307], [6.0437787, 49.4760353], [6.0439175, 49.4761442], [6.0444278, 49.4764606], [6.0447201, 49.4766235], [6.0450339, 49.4767708], [6.0453102, 49.4768806], [6.0457389, 49.4773325], [6.0457991, 49.4773923], [6.0460706, 49.4774966], [6.0468811, 49.4776031], [6.0470523, 49.4776256], [6.0474171, 49.4775891], [6.0493979, 49.4771559], [6.0520504, 49.4766578], [6.0524556, 49.4767777], [6.0528673, 49.4768588], [6.0535352, 49.4768849], [6.0538168, 49.4769198], [6.0547462, 49.4772291], [6.0545987, 49.4773546], [6.0539711, 49.4773459], [6.0523091, 49.4780042], [6.0521391, 49.4782051], [6.0521726, 49.4783863], [6.0520204, 49.4784408], [6.0520023, 49.4785013], [6.0521391, 49.4786895], [6.0504292, 49.4796097], [6.0505478, 49.4796815], [6.0502321, 49.4798946], [6.0507047, 49.4803227], [6.0500242, 49.481036], [6.0498887, 49.4813584], [6.0498632, 49.4817192], [6.0501645, 49.4819182], [6.0503236, 49.4819746], [6.050427, 49.4820134], [6.0504711, 49.4820366], [6.0504514, 49.4820525], [6.0502029, 49.4821925], [6.0503809, 49.482289], [6.0508409, 49.4824702], [6.0507792, 49.4825364], [6.0514576, 49.4827288], [6.0529317, 49.4831463], [6.0528848, 49.4833099], [6.054486, 49.4839192], [6.0545558, 49.483954], [6.0547154, 49.483883], [6.0554449, 49.4843548], [6.0560689, 49.4841875], [6.0562657, 49.4841413], [6.0568625, 49.4850396], [6.0572165, 49.4852696], [6.0583761, 49.4856949], [6.0594308, 49.485966], [6.0612547, 49.4864853], [6.062714, 49.4869887], [6.0633466, 49.4872566], [6.0635271, 49.4873706], [6.0636431, 49.4873196], [6.0637785, 49.4872499], [6.0638899, 49.4871723], [6.0648353, 49.4864484], [6.0651022, 49.4862837], [6.0654124, 49.4861431], [6.0656339, 49.4860684], [6.0656749, 49.4860136], [6.0657263, 49.4858422], [6.0656816, 49.4853776], [6.0656916, 49.4851797], [6.0657044, 49.4850962], [6.0657419, 49.4850082], [6.0657728, 49.4848967], [6.0658197, 49.4848344], [6.0658854, 49.4847869], [6.0659713, 49.4847599], [6.0663307, 49.4847029], [6.066647, 49.4846657], [6.0669042, 49.4846424], [6.0671581, 49.4845081], [6.0672835, 49.4843992], [6.0673157, 49.4842106], [6.0673881, 49.4840342], [6.0675088, 49.4838234], [6.0674676, 49.4837519], [6.0667085, 49.4840658], [6.0665925, 49.4840985], [6.0665027, 49.4843689], [6.0646033, 49.4837327], [6.0638684, 49.4817671], [6.0651439, 49.4812322], [6.0666884, 49.4805777], [6.0701418, 49.479313], [6.0683537, 49.4780936], [6.0695007, 49.477044], [6.075434, 49.4771418], [6.0765602, 49.4770701], [6.077014, 49.4769481], [6.0775087, 49.4766924], [6.0780412, 49.4764745], [6.0788269, 49.4761371], [6.0794096, 49.4759142], [6.0794102, 49.4757283], [6.0793872, 49.4756679], [6.0793034, 49.4754482], [6.0792522, 49.4753173], [6.079194, 49.4753096], [6.0789889, 49.4752825], [6.0789838, 49.4751605], [6.07898, 49.4750824], [6.0788881, 49.4750829], [6.0788861, 49.4749861], [6.0789759, 49.4749861], [6.0790162, 49.4747883], [6.0790068, 49.4745147], [6.0788633, 49.4745228], [6.0788217, 49.4745251], [6.0787982, 49.4744857], [6.0786849, 49.4743109], [6.0785874, 49.4742222], [6.0784392, 49.4741284], [6.0784653, 49.474105], [6.0785004, 49.4740736], [6.0788007, 49.4741027], [6.0788324, 49.4741029], [6.0790415, 49.4741022], [6.0785602, 49.4739476], [6.0786021, 49.4738682], [6.0778966, 49.4736344], [6.0779438, 49.4735368], [6.0776617, 49.4734794], [6.0776764, 49.4734498], [6.0760342, 49.4731731], [6.0760818, 49.4730358], [6.075999, 49.4729729], [6.0756367, 49.472968], [6.0747434, 49.4729365], [6.0737201, 49.4728451], [6.0736846, 49.4728754], [6.0736903, 49.4729092], [6.0737034, 49.4729487], [6.0732726, 49.4729121], [6.0730731, 49.4729243], [6.0730384, 49.4729265], [6.0728519, 49.4728969], [6.0725786, 49.4728442], [6.0724411, 49.4728171], [6.0724104, 49.4728111], [6.0723745, 49.4727781], [6.0724706, 49.4727346], [6.0726029, 49.4726746], [6.0727648, 49.4726013], [6.0727809, 49.472594], [6.0728572, 49.4725618], [6.0716346, 49.4717599], [6.0715801, 49.4717241], [6.0712337, 49.4714968], [6.0712124, 49.471356], [6.0717655, 49.4709992], [6.0725185, 49.4714585], [6.0730628, 49.4713813], [6.0747074, 49.4714763], [6.0753269, 49.471258], [6.0758583, 49.4711956], [6.0761012, 49.471167], [6.076087, 49.4711026], [6.0766763, 49.4710325], [6.0769408, 49.4710656], [6.0771466, 49.4711999], [6.0772076, 49.4711856], [6.0772412, 49.4711709], [6.0773009, 49.471148], [6.0776427, 49.4710095], [6.0776783, 49.4709951], [6.0779602, 49.470905], [6.0782798, 49.4707432], [6.0784023, 49.470615], [6.0784566, 49.4706362], [6.0785354, 49.4706131], [6.0785406, 49.470605], [6.0786366, 49.4704545], [6.0786369, 49.4704491], [6.0786755, 49.4696553], [6.0786388, 49.4693835], [6.0786494, 49.4690382], [6.0786559, 49.4688288], [6.0786436, 49.4686889], [6.0786816, 49.4683302], [6.0786557, 49.4681395], [6.0785532, 49.4673852], [6.0784829, 49.4668681], [6.0784943, 49.4662937], [6.0787798, 49.4639025], [6.0785427, 49.463894], [6.077814, 49.463856], [6.076021, 49.463837], [6.0754223, 49.46381], [6.0748463, 49.46377], [6.0745144, 49.46375], [6.0742474, 49.463726], [6.074114, 49.463715], [6.0739727, 49.463696], [6.0736713, 49.463646], [6.0736065, 49.463844], [6.0735493, 49.464012], [6.073536, 49.4640501], [6.073351, 49.464573], [6.073221, 49.464756], [6.0730762, 49.464954], [6.07292, 49.46513], [6.0727863, 49.46527], [6.072645, 49.46542], [6.072382, 49.46554], [6.072233, 49.46561], [6.071993, 49.465633], [6.071848, 49.46562], [6.071703, 49.465595], [6.071493, 49.46555], [6.0713253, 49.465508], [6.0706463, 49.46532], [6.0703373, 49.46524], [6.0701504, 49.46519], [6.070036, 49.465157], [6.0698833, 49.465103], [6.069582, 49.464985], [6.069544, 49.464977], [6.0692883, 49.46495], [6.069048, 49.464928], [6.068777, 49.46491], [6.0678196, 49.46483], [6.0674267, 49.464817], [6.06719, 49.46481], [6.0666485, 49.464817], [6.066309, 49.46482], [6.066248, 49.464825], [6.0661945, 49.464832], [6.066141, 49.46484], [6.0659924, 49.464874], [6.06584, 49.464905], [6.0657177, 49.464928], [6.065592, 49.464943], [6.0654354, 49.46496], [6.065321, 49.46497], [6.064886, 49.464977], [6.0647182, 49.464985], [6.064352, 49.46498], [6.0638485, 49.46499], [6.0637226, 49.464985], [6.0636578, 49.46499], [6.0633984, 49.465034], [6.062971, 49.465115], [6.0627155, 49.46516], [6.062521, 49.46518], [6.0620785, 49.465233], [6.0618496, 49.465263], [6.0614033, 49.46534], [6.0611362, 49.46539], [6.060755, 49.465515], [6.060499, 49.465603], [6.060152, 49.465714], [6.059599, 49.465885], [6.0589886, 49.466103], [6.058588, 49.46625], [6.0584507, 49.466297], [6.058218, 49.466393], [6.058105, 49.4664378], [6.05805, 49.466366], [6.057844, 49.466164], [6.057783, 49.46609], [6.057638, 49.465935], [6.0575047, 49.46579], [6.057417, 49.465706], [6.057169, 49.46545], [6.0566235, 49.465176], [6.056467, 49.465103], [6.056059, 49.464916], [6.055975, 49.464878], [6.055235, 49.46472], [6.0550556, 49.46469], [6.054491, 49.464577], [6.054125, 49.464413], [6.0536823, 49.46421], [6.053095, 49.4639], [6.0526066, 49.463326], [6.0524654, 49.463154], [6.052126, 49.46271], [6.0519466, 49.462467], [6.0518703, 49.462357], [6.05163, 49.462044], [6.0512714, 49.46158], [6.0511417, 49.4614], [6.050947, 49.461132], [6.0504208, 49.460403], [6.0502605, 49.460205], [6.050131, 49.460033], [6.050066, 49.45995], [6.05002, 49.459873], [6.0499043, 49.4596737], [6.0497873, 49.4594203], [6.0496949, 49.4591095], [6.0496201, 49.4589455], [6.0494823, 49.4587229], [6.0492966, 49.4584922], [6.0490741, 49.4581928], [6.0489074, 49.4579796], [6.0482719, 49.4571832], [6.0481655, 49.4570268], [6.047922, 49.4566935], [6.0478494, 49.4566017], [6.0473805, 49.4560604], [6.0469311, 49.4555526], [6.04692, 49.4550872], [6.0465839, 49.4546344], [6.0464896, 49.454499], [6.0463472, 49.4542878], [6.0458274, 49.4534844], [6.0457112, 49.4533221], [6.0453871, 49.4530169], [6.0451292, 49.4527607], [6.0447208, 49.4523786], [6.0441681, 49.4514979], [6.044085, 49.4513761], [6.0440079, 49.451277], [6.0438135, 49.4509614], [6.0431263, 49.449977], [6.0430135, 49.4496975], [6.0427062, 49.4491125], [6.0422067, 49.4483831], [6.0417732, 49.4478587], [6.0388147, 49.4484655], [6.0382342, 49.4485899], [6.0361391, 49.4487433], [6.0357068, 49.4488541], [6.0353534, 49.4489748], [6.0343323, 49.4493057], [6.0340464, 49.449341], [6.0329766, 49.4494362], [6.0325816, 49.4495358], [6.0322051, 49.4496125]]]}}, {"type": "Feature", "properties": {"name": "Réserve naturelle Lalléngerbierg - Brucherbierg", "kind": "nature_reserve"}, "geometry": {"type": "Polygon", "coordinates": [[[6.0280698, 49.504478], [6.0275298, 49.5042032], [6.0276116, 49.5040612], [6.0278235, 49.5038252], [6.0280006, 49.503651], [6.0281682, 49.5035056], [6.0281977, 49.5034586], [6.0282393, 49.5034342], [6.0282909, 49.5034281], [6.028368, 49.5034307], [6.0284981, 49.5034176], [6.0289916, 49.5032809], [6.0293256, 49.5032356], [6.0297936, 49.5032347], [6.0301986, 49.503199], [6.0304628, 49.5031625], [6.0307887, 49.5030623], [6.031018, 49.5029761], [6.0312957, 49.5028507], [6.0308405, 49.5022874], [6.0318165, 49.50172], [6.032194, 49.501896], [6.0323544, 49.501957], [6.032966, 49.501477], [6.0331134, 49.5012192], [6.0329115, 49.5009123], [6.0328717, 49.5008746], [6.0328124, 49.5008092], [6.0326654, 49.5007455], [6.0314608, 49.5000237], [6.0314019, 49.4999863], [6.0313413, 49.5000388], [6.0312185, 49.5001617], [6.0295939, 49.4994398], [6.0295321, 49.4994827], [6.0298198, 49.4996325], [6.0297494, 49.4996878], [6.0294704, 49.4995541], [6.0290694, 49.4998154], [6.0289179, 49.4997875], [6.0279086, 49.4992454], [6.0280949, 49.499082], [6.0271656, 49.4983917], [6.0269303, 49.4983307], [6.0269035, 49.4979201], [6.027102, 49.4977633], [6.0274413, 49.4976945], [6.0277535, 49.4967487], [6.0277125, 49.4967003], [6.027562, 49.496786], [6.0274951, 49.4967365], [6.0275495, 49.4966444], [6.0277563, 49.4965297], [6.0271657, 49.4963029], [6.0261488, 49.4958895], [6.0260789, 49.4957953], [6.0259108, 49.4957546], [6.0257733, 49.4957214], [6.0252152, 49.4955863], [6.0240083, 49.4954365], [6.0238045, 49.4953019], [6.0237753, 49.4952413], [6.0213337, 49.4951257], [6.0208807, 49.4951558], [6.0200345, 49.4949815], [6.0197426, 49.4950317], [6.0186182, 49.4946917], [6.0183093, 49.494491], [6.0181376, 49.494307], [6.0180496, 49.4940875], [6.0179128, 49.4939377], [6.0176325, 49.4937965], [6.0176484, 49.493638], [6.01782, 49.4935767], [6.0180947, 49.4936882], [6.0188242, 49.4938889], [6.0194165, 49.4939446], [6.0202576, 49.4939558], [6.0208756, 49.4939223], [6.0214195, 49.4937933], [6.0217285, 49.4935815], [6.021677, 49.4931076], [6.0218596, 49.4930927], [6.020599, 49.4918627], [6.0195277, 49.4921593], [6.0180061, 49.4909283], [6.0178992, 49.4908528], [6.0176239, 49.4910366], [6.0166592, 49.4908072], [6.0164252, 49.4908156], [6.0153168, 49.4910876], [6.0151773, 49.4909198], [6.0147927, 49.4907728], [6.0147612, 49.4906718], [6.0148795, 49.4905877], [6.0141349, 49.4903034], [6.0147992, 49.489954], [6.0152842, 49.489785], [6.0155605, 49.4896604], [6.0155363, 49.489528], [6.0156557, 49.4894897], [6.0156369, 49.4894235], [6.0159549, 49.4893761], [6.0160017, 49.4892231], [6.016222, 49.4891882], [6.0162039, 49.4890398], [6.0153026, 49.4891252], [6.0147634, 49.4893061], [6.0140838, 49.4894598], [6.0136761, 49.4893646], [6.0124347, 49.4889064], [6.0118726, 49.4884425], [6.0117406, 49.4881885], [6.0117792, 49.4881308], [6.0116695, 49.4879411], [6.0115109, 49.4878904], [6.0115633, 49.487727], [6.0116908, 49.4878056], [6.0117615, 49.4877582], [6.0122642, 49.4867834], [6.012366, 49.486322], [6.0123904, 49.4862144], [6.0126851, 49.4863282], [6.0132363, 49.4869441], [6.0140035, 49.4870016], [6.0143682, 49.4870364], [6.014725, 49.4870451], [6.014788, 49.4870173], [6.0149847, 49.4864123], [6.0150307, 49.4863316], [6.0150196, 49.486327], [6.0134622, 49.4856772], [6.0132306, 49.4855856], [6.0132039, 49.4855764], [6.012942, 49.4854865], [6.0127665, 49.4854418], [6.0125779, 49.4854011], [6.0123096, 49.485355], [6.0107097, 49.4851825], [6.0102698, 49.4851093], [6.0098232, 49.4850065], [6.0093243, 49.4848645], [6.0091344, 49.4853531], [6.0090717, 49.4854387], [6.0081609, 49.485401], [6.0074131, 49.4853323], [6.0069195, 49.4853428], [6.006544, 49.4854264], [6.0062945, 49.4856985], [6.0056834, 49.4863651], [6.0047487, 49.4873166], [6.0045625, 49.4876779], [6.0044317, 49.4878164], [6.0044125, 49.4879032], [6.0043562, 49.4881252], [6.0042743, 49.488327], [6.0042228, 49.4885946], [6.0042486, 49.4887786], [6.0042743, 49.4889236], [6.0043716, 49.4890332], [6.0043824, 49.4891787], [6.0046863, 49.489509], [6.0049383, 49.4896984], [6.0049558, 49.4898188], [6.0048811, 49.4899324], [6.0045524, 49.4900705], [6.0040872, 49.4901763], [6.0035614, 49.4902425], [6.0030835, 49.4901808], [6.0005736, 49.4917041], [6.0001257, 49.4919411], [5.9998293, 49.4920064], [5.9996013, 49.4921066], [5.9993262, 49.4923322], [5.9980614, 49.4929686], [5.9979066, 49.493025], [5.9978118, 49.4930596], [5.9946717, 49.4942126], [5.9944093, 49.4944633], [5.9943216, 49.494547], [5.9942338, 49.494639], [5.9937569, 49.4948773], [5.9932944, 49.4950613], [5.9931748, 49.4950413], [5.9926752, 49.4955557], [5.9925847, 49.4956524], [5.992, 49.4962016], [5.9932766, 49.496876], [5.993269, 49.496975], [5.9932804, 49.49706], [5.9932957, 49.497116], [5.9933224, 49.49717], [5.9933567, 49.497227], [5.9935017, 49.497395], [5.993643, 49.49755], [5.993826, 49.497715], [5.994482, 49.498245], [5.994898, 49.498604], [5.995146, 49.49884], [5.9956417, 49.499268], [5.9958134, 49.49938], [5.99597, 49.499485], [5.996416, 49.499737], [5.9966717, 49.499866], [5.996935, 49.499973], [5.99716, 49.499653], [5.997568, 49.499767], [5.9973354, 49.500122], [5.9973392, 49.500153], [5.9975224, 49.50022], [5.9977474, 49.500305], [5.997919, 49.500366], [5.9980946, 49.500416], [5.998205, 49.500443], [5.998316, 49.50046], [5.9985485, 49.500507], [5.998602, 49.500515], [6.0001798, 49.5013208], [6.0011148, 49.5003959], [6.0018292, 49.500714], [6.002174, 49.5003897], [6.0032259, 49.5008639], [6.0052098, 49.4988503], [6.0053136, 49.4990062], [6.0055801, 49.4996205], [6.0058447, 49.5002431], [6.005901, 49.5005165], [6.0059412, 49.5011453], [6.0059922, 49.5013527], [6.0060026, 49.5015251], [6.0060054, 49.5015865], [6.0060282, 49.5016171], [6.0060383, 49.5016314], [6.0063327, 49.5020496], [6.006618, 49.502413], [6.0067481, 49.5025732], [6.006798, 49.5026347], [6.0070145, 49.5029007], [6.0070505, 49.5029526], [6.0083008, 49.5027701], [6.0082233, 49.5026746], [6.0071521, 49.5009216], [6.0070869, 49.5005803], [6.006909, 49.4999513], [6.0066838, 49.4993987], [6.0065894, 49.4991925], [6.0065207, 49.4990308], [6.0064435, 49.4988524], [6.0062653, 49.4985054], [6.0060936, 49.4982894], [6.0058951, 49.498096], [6.0056698, 49.4979218], [6.0054968, 49.4977511], [6.0053413, 49.4975743], [6.0052018, 49.4973339], [6.0051522, 49.4970264], [6.0050918, 49.4967494], [6.0050355, 49.4964411], [6.0050663, 49.4963427], [6.0051709, 49.4962521], [6.0053372, 49.4962338], [6.0054874, 49.4962773], [6.0070002, 49.4975734], [6.007601, 49.4975699], [6.0082787, 49.4973871], [6.0088713, 49.4967459], [6.0093964, 49.4961776], [6.0102088, 49.4945396], [6.0102571, 49.4944751], [6.0103483, 49.494422], [6.0104763, 49.4943845], [6.0106131, 49.4943958], [6.0107298, 49.4944455], [6.0108344, 49.4945396], [6.0110664, 49.494807], [6.0111965, 49.4949969], [6.0112354, 49.4951206], [6.0112502, 49.4952643], [6.0112475, 49.4956249], [6.011163, 49.496138], [6.0110181, 49.496617], [6.0103054, 49.4981953], [6.0100767, 49.4987423], [6.0100686, 49.4987625], [6.0101216, 49.498802], [6.0125738, 49.5007073], [6.0124417, 49.5008697], [6.0147079, 49.500292], [6.0149963, 49.4997481], [6.0151112, 49.4995741], [6.0151729, 49.4994949], [6.0152252, 49.4994609], [6.0153016, 49.4994383], [6.015417, 49.4994304], [6.0157134, 49.4994548], [6.0158649, 49.4994818], [6.0160004, 49.4995271], [6.0164799, 49.4997819], [6.0168432, 49.500031], [6.0169297, 49.5000741], [6.0170344, 49.5001185], [6.0172959, 49.5001934], [6.0177262, 49.5002917], [6.0179745, 49.5003284], [6.0181113, 49.500358], [6.0183769, 49.5004531], [6.0184797, 49.5004906], [6.0187858, 49.5003876], [6.0202265, 49.5006947], [6.0213209, 49.5011068], [6.0224135, 49.5014171], [6.0228601, 49.5014458], [6.0224245, 49.5015016], [6.0221911, 49.5016867], [6.0217531, 49.5020686], [6.0217711, 49.5023777], [6.0219374, 49.5027313], [6.0221627, 49.502983], [6.0224485, 49.5032161], [6.0226415, 49.5033554], [6.0229217, 49.5034857], [6.0228805, 49.5035527], [6.0227649, 49.5037407], [6.0231069, 49.5039889], [6.0236332, 49.5041114], [6.0235119, 49.5043138], [6.0234033, 49.5045498], [6.0234306, 49.5046012], [6.0236174, 49.5047023], [6.0233939, 49.5047101], [6.0234026, 49.504744], [6.0236721, 49.5047762], [6.0244158, 49.5049522], [6.0255168, 49.5050297], [6.0257998, 49.5049374], [6.0260975, 49.504899], [6.0271905, 49.5050706], [6.0279188, 49.5051168], [6.0282943, 49.5051163], [6.0284611, 49.5051645], [6.0283675, 49.5048907], [6.0280698, 49.504478]]]}}, {"type": "Feature", "properties": {"name": "Réserve naturelle Prënzebierg", "kind": "nature_reserve"}, "geometry": {"type": "Polygon", "coordinates": [[[5.8752461, 49.5374921], [5.875238, 49.5375461], [5.8752085, 49.5375996], [5.8751835, 49.537625], [5.8750865, 49.5376736], [5.8749765, 49.5376849], [5.8747009, 49.5376923], [5.8745226, 49.5376675], [5.8741323, 49.5375243], [5.8736864, 49.5373585], [5.8734359, 49.5372831], [5.8732104, 49.5372353], [5.8729504, 49.5372085], [5.8726903, 49.5372372], [5.872588, 49.5372913], [5.871626, 49.537952], [5.8715534, 49.53794], [5.8715, 49.537933], [5.8714551, 49.5379309], [5.8714123, 49.537933], [5.8713436, 49.537945], [5.871271, 49.53796], [5.871168, 49.53799], [5.870867, 49.53811], [5.870344, 49.538372], [5.869646, 49.538692], [5.8679256, 49.53951], [5.8677024, 49.5395569], [5.8661576, 49.5396548], [5.8658819, 49.5396947], [5.8655579, 49.5398119], [5.8652522, 49.539979], [5.8650926, 49.5400826], [5.8639312, 49.5409698], [5.8637884, 49.5411097], [5.8637803, 49.5412831], [5.8637515, 49.5424209], [5.863722, 49.5425801], [5.863663, 49.5427098], [5.8633827, 49.5432406], [5.8632365, 49.5434477], [5.8631127, 49.5435851], [5.8637829, 49.5439027], [5.8641625, 49.5441043], [5.8643436, 49.5442035], [5.864768, 49.5444546], [5.8649273, 49.5445581], [5.8651266, 49.5446974], [5.8645058, 49.545249], [5.8642329, 49.5454467], [5.8651583, 49.545249], [5.8654267, 49.5452273], [5.8653648, 49.5452764], [5.8654547, 49.5453108], [5.8655195, 49.5453526], [5.8654011, 49.5454447], [5.8653822, 49.5454631], [5.8651128, 49.5456501], [5.8653823, 49.5457781], [5.8657217, 49.5456002], [5.8658049, 49.5456832], [5.8658203, 49.5458708], [5.8658449, 49.5461696], [5.8667354, 49.5465812], [5.8671382, 49.5467465], [5.867418, 49.5468736], [5.8675522, 49.5469537], [5.8675991, 49.5470007], [5.8676508, 49.5470491], [5.8676099, 49.5471516], [5.8677777, 49.547249], [5.8679519, 49.5472483], [5.8678755, 49.5473255], [5.8677962, 49.5474005], [5.8679036, 49.5474494], [5.8679404, 49.5474666], [5.8680165, 49.5473827], [5.8683729, 49.5478978], [5.8687044, 49.5486763], [5.8699043, 49.5487268], [5.8698884, 49.548767], [5.8698682, 49.549062], [5.8697591, 49.5491465], [5.8697516, 49.5491777], [5.8697786, 49.5492247], [5.8698804, 49.5492659], [5.8700225, 49.5492364], [5.8700775, 49.5492055], [5.869994, 49.5495118], [5.8699621, 49.5498738], [5.8699674, 49.5499903], [5.8699876, 49.5503393], [5.8700064, 49.5504245], [5.8700868, 49.5506577], [5.8701686, 49.5508089], [5.8706903, 49.551044], [5.8709747, 49.5510945], [5.8716582, 49.5510579], [5.8718149, 49.5510689], [5.872153, 49.5511226], [5.8723807, 49.5511499], [5.8725523, 49.5511554], [5.8725176, 49.551253], [5.8730145, 49.5512285], [5.8742831, 49.5511394], [5.8749295, 49.5510371], [5.8760983, 49.5508163], [5.8771037, 49.5508252], [5.8771216, 49.5507594], [5.877178, 49.5505525], [5.8771881, 49.5505104], [5.8773062, 49.550019], [5.8773349, 49.5499802], [5.8791797, 49.5502898], [5.8793224, 49.5503029], [5.8821917, 49.5505668], [5.8826253, 49.5504453], [5.8830869, 49.5504995], [5.883648, 49.5503836], [5.8845949, 49.5500856], [5.8845446, 49.5499973], [5.8845399, 49.5499195], [5.8843904, 49.5498346], [5.8844046, 49.5496226], [5.8846197, 49.5497782], [5.8847008, 49.5497605], [5.8848564, 49.5495605], [5.8851662, 49.5496728], [5.8853974, 49.5496279], [5.8853831, 49.549718], [5.8852594, 49.5498797], [5.8852883, 49.5499213], [5.8853214, 49.5499626], [5.8853365, 49.5499815], [5.8850556, 49.550234], [5.8851875, 49.5503401], [5.8853078, 49.5502806], [5.8854469, 49.550156], [5.8857098, 49.5496265], [5.885818, 49.5493255], [5.8857849, 49.5490999], [5.8858274, 49.5484118], [5.8854394, 49.5470064], [5.8850462, 49.5470881], [5.8850048, 49.5473035], [5.8846566, 49.5473613], [5.8835332, 49.5473233], [5.8828832, 49.5471121], [5.8834891, 49.54677], [5.8846434, 49.5448686], [5.88491, 49.5439563], [5.8855711, 49.5439962], [5.8855741, 49.5439709], [5.885577, 49.5439464], [5.8856613, 49.5432411], [5.8858709, 49.5425969], [5.8859489, 49.5422], [5.8860206, 49.5415361], [5.8858927, 49.5415438], [5.8848403, 49.5415924], [5.8846546, 49.5416939], [5.8845226, 49.5416912], [5.8844219, 49.5414776], [5.8843642, 49.5410746], [5.8844072, 49.5408501], [5.8845611, 49.5407533], [5.884957, 49.5405042], [5.8862112, 49.5403833], [5.8864912, 49.5402418], [5.8866128, 49.5405419], [5.8866368, 49.5406012], [5.8867051, 49.5407274], [5.8867085, 49.5407526], [5.8872982, 49.540735], [5.8879323, 49.5407161], [5.8891491, 49.540647], [5.8891438, 49.5405629], [5.8891299, 49.5403358], [5.8891287, 49.5403105], [5.8887926, 49.5402396], [5.8888006, 49.5400782], [5.8893827, 49.539892], [5.8896106, 49.5394499], [5.8896375, 49.5390922], [5.8895986, 49.5389251], [5.8894256, 49.538671], [5.8887547, 49.5385556], [5.8885489, 49.5385247], [5.8878114, 49.5384091], [5.8877747, 49.5383794], [5.8877431, 49.5383539], [5.8880941, 49.538232], [5.8884071, 49.5381033], [5.8884226, 49.5377629], [5.8863773, 49.5374819], [5.8861219, 49.5374109], [5.8857878, 49.5373812], [5.8856908, 49.5373562], [5.8857389, 49.5372715], [5.8865234, 49.5360348], [5.8866374, 49.5360496], [5.886687, 49.5360191], [5.8868828, 49.5354377], [5.8869016, 49.5352819], [5.8870545, 49.5350478], [5.8870123, 49.5348929], [5.8863289, 49.5344503], [5.8824773, 49.5339315], [5.8825273, 49.533767], [5.8822507, 49.5337362], [5.8819972, 49.533697], [5.88182, 49.5337013], [5.881741, 49.5336848], [5.881682, 49.5336544], [5.8816579, 49.5336074], [5.8800016, 49.533153], [5.8794246, 49.5330049], [5.8791684, 49.5329602], [5.8790546, 49.5329181], [5.8788854, 49.5328876], [5.8787329, 49.5328536], [5.8786331, 49.5328211], [5.8785452, 49.5327866], [5.8784577, 49.5327433], [5.8783846, 49.5326983], [5.8782154, 49.5325778], [5.87806, 49.5324605], [5.8778204, 49.532295], [5.877694, 49.5322124], [5.8775168, 49.5321043], [5.8774061, 49.5320454], [5.8772015, 49.5319471], [5.8770829, 49.5318871], [5.8769621, 49.5318241], [5.876855, 49.5317598], [5.8767835, 49.5317116], [5.8767145, 49.5316625], [5.8765895, 49.5315712], [5.8764764, 49.5314802], [5.8762451, 49.5312944], [5.8759984, 49.5311981], [5.8758415, 49.5311842], [5.8757249, 49.5312616], [5.8756337, 49.5313417], [5.8751482, 49.5317264], [5.8745514, 49.5321825], [5.8741544, 49.5325024], [5.8741023, 49.5325927], [5.8739862, 49.5327149], [5.8739394, 49.5327532], [5.87385, 49.5328136], [5.8736845, 49.5329775], [5.8738218, 49.533066], [5.8728683, 49.5340295], [5.8726805, 49.5342384], [5.8725887, 49.5344219], [5.8726156, 49.5344796], [5.8727394, 49.5347109], [5.8729018, 49.5349095], [5.873041, 49.5352019], [5.8730755, 49.5352745], [5.8731052, 49.5353373], [5.8731416, 49.5354224], [5.8732384, 49.5356484], [5.8733404, 49.5357693], [5.873516, 49.5358902], [5.8738886, 49.5360937], [5.87412, 49.536245], [5.8746422, 49.5367224], [5.874837, 49.536936], [5.8749502, 49.5371046], [5.8749962, 49.5371731], [5.8752461, 49.5374921]]]}}, {"type": "Feature", "properties": {"name": "Réserve naturelle Vallée de la Haute-Sûre - Bruch/Pont Misère", "kind": "nature_reserve"}, "geometry": {"type": "Polygon", "coordinates": [[[5.8314496, 49.8711643], [5.8330697, 49.8713371], [5.8338475, 49.8716345], [5.8346227, 49.8717512], [5.8346817, 49.8716526], [5.8347367, 49.8715524], [5.8347554, 49.8714365], [5.8347407, 49.8712179], [5.8346401, 49.871102], [5.8345234, 49.8710139], [5.8340192, 49.8706491], [5.8335927, 49.8704157], [5.8333741, 49.8703388], [5.833075, 49.8702697], [5.8328819, 49.8702308], [5.8325775, 49.8702317], [5.8323804, 49.8702964], [5.8322462, 49.8702748], [5.8322471, 49.8701536], [5.8322483, 49.8699883], [5.8322751, 49.8699073], [5.8320343, 49.8699023], [5.8325361, 49.8692186], [5.8326124, 49.8691147], [5.8327404, 49.8690353], [5.8327646, 49.8689947], [5.8327679, 49.8688832], [5.8328641, 49.8688075], [5.8331321, 49.868825], [5.8333795, 49.8687916], [5.8334949, 49.8688194], [5.8335568, 49.8688343], [5.8348909, 49.8689705], [5.835595, 49.8691486], [5.8358055, 49.8692315], [5.8373129, 49.8701097], [5.8382501, 49.86998], [5.8384462, 49.8701979], [5.8387466, 49.8704105], [5.8388378, 49.8702843], [5.8388512, 49.8700133], [5.8388555, 49.869812], [5.8388824, 49.8697353], [5.8389021, 49.8693603], [5.8362441, 49.8677742], [5.8376576, 49.8672935], [5.8383389, 49.8671068], [5.838414, 49.8670887], [5.8383543, 49.8669512], [5.838308, 49.8668994], [5.838302, 49.8668581], [5.8383228, 49.8668352], [5.838362, 49.8668231], [5.8380559, 49.8664067], [5.8378402, 49.8661807], [5.8376616, 49.8660194], [5.8373693, 49.865773], [5.8370018, 49.8654929], [5.8367309, 49.8653157], [5.8364831, 49.8651911], [5.8359631, 49.8649865], [5.835776, 49.8649129], [5.8355534, 49.8648031], [5.8353791, 49.8647529], [5.835194, 49.8645705], [5.8348906, 49.8643126], [5.8344993, 49.8639801], [5.8342271, 49.8638158], [5.8339575, 49.8637268], [5.8337523, 49.8636931], [5.8335243, 49.8636905], [5.8332963, 49.8637147], [5.8330657, 49.8637718], [5.8328108, 49.8638686], [5.8325614, 49.8640052], [5.8320276, 49.8643553], [5.8317044, 49.864497], [5.8314148, 49.864606], [5.8295634, 49.8651381], [5.8293293, 49.8652137], [5.8289444, 49.8654142], [5.8288882, 49.8653912], [5.8288461, 49.8653739], [5.8287301, 49.8653803], [5.8283812, 49.8653996], [5.8280137, 49.8654419], [5.8277153, 49.865513], [5.8275403, 49.8655353], [5.8272681, 49.8655258], [5.8270106, 49.8654834], [5.8269274, 49.8654573], [5.8268175, 49.8654229], [5.8266239, 49.8653334], [5.826509, 49.8652803], [5.8263199, 49.8651808], [5.8261523, 49.8650806], [5.8260222, 49.8649872], [5.8259323, 49.8648822], [5.8218473, 49.864765], [5.8221625, 49.864587], [5.8223797, 49.8645273], [5.822647, 49.863971], [5.8227535, 49.8637493], [5.8230892, 49.8630508], [5.822748, 49.8628462], [5.8222031, 49.8625194], [5.8222523, 49.8623375], [5.8224012, 49.8620756], [5.8226001, 49.861796], [5.8226198, 49.8617683], [5.8227303, 49.8616742], [5.8223046, 49.8614938], [5.8220565, 49.861301], [5.8217163, 49.8608046], [5.8216297, 49.8608234], [5.8209997, 49.8598088], [5.8216368, 49.8595097], [5.8217313, 49.8594353], [5.821854, 49.859386], [5.8223154, 49.8592399], [5.8225621, 49.8591668], [5.8231052, 49.8589979], [5.8234593, 49.8588699], [5.8238187, 49.8586883], [5.8240347, 49.8585318], [5.8242852, 49.8582648], [5.8243713, 49.858173], [5.824614, 49.8580113], [5.8244638, 49.8579685], [5.8242439, 49.8579629], [5.8241688, 49.8579569], [5.8236766, 49.8580762], [5.8233708, 49.8580502], [5.8228867, 49.8581523], [5.8227594, 49.8578326], [5.8223871, 49.857838], [5.8224926, 49.8574387], [5.8225361, 49.8572739], [5.8225675, 49.8571549], [5.8223717, 49.8571182], [5.8221169, 49.8572937], [5.8211794, 49.8573456], [5.8208321, 49.857337], [5.820698, 49.8572868], [5.8206886, 49.8571735], [5.8201978, 49.857132], [5.8202729, 49.8568744], [5.8201186, 49.8568744], [5.82012, 49.8563824], [5.8198248, 49.8558966], [5.8197699, 49.8559518], [5.8196909, 49.8561048], [5.8195729, 49.8562397], [5.8192618, 49.8565025], [5.8191345, 49.8566249], [5.8190315, 49.856724], [5.8187956, 49.8569245], [5.8185221, 49.8571173], [5.81842, 49.8572081], [5.8182424, 49.8573811], [5.8181121, 49.8575206], [5.8179863, 49.8576698], [5.8178991, 49.8578194], [5.8178227, 49.8580174], [5.8177744, 49.8582292], [5.8177167, 49.8583736], [5.817645, 49.8585309], [5.8175207, 49.8588135], [5.8174115, 49.8590618], [5.8171755, 49.8596982], [5.8170904, 49.859839], [5.8168814, 49.8601023], [5.8166492, 49.8604157], [5.8165486, 49.8605826], [5.8164673, 49.8607909], [5.8164293, 49.8611298], [5.8160591, 49.8617212], [5.8172232, 49.8622917], [5.8178656, 49.8626453], [5.8180051, 49.8627681], [5.8180661, 49.8627564], [5.8180922, 49.8628442], [5.8180748, 49.8629392], [5.8180211, 49.8630387], [5.817828, 49.8632461], [5.8174941, 49.8635349], [5.8172768, 49.8636736], [5.8171848, 49.8637184], [5.8171099, 49.8641644], [5.8166693, 49.8645066], [5.8166197, 49.8646587], [5.8171427, 49.8650201], [5.8160019, 49.8659109], [5.8150753, 49.8662257], [5.8149509, 49.8661311], [5.8148682, 49.8660522], [5.8141386, 49.8660557], [5.8137363, 49.8659727], [5.8132642, 49.8657583], [5.812473, 49.8651722], [5.8126312, 49.8650201], [5.8123335, 49.8648212], [5.8116794, 49.8638479], [5.8114645, 49.8636153], [5.8114189, 49.8635228], [5.8119231, 49.8635556], [5.8137256, 49.8632513], [5.8127519, 49.862577], [5.8129237, 49.8622739], [5.8125056, 49.8621186], [5.811427, 49.8615417], [5.8121189, 49.8613217], [5.8118775, 49.8609949], [5.8103782, 49.8607365], [5.8101641, 49.8605122], [5.8101708, 49.8598826], [5.8106893, 49.8592183], [5.810905, 49.8591046], [5.8109843, 49.8590629], [5.8111305, 49.8589858], [5.8113971, 49.8585627], [5.8115143, 49.8583923], [5.8115838, 49.8582958], [5.811734, 49.8581272], [5.8120103, 49.8578868], [5.8122571, 49.8576629], [5.8123443, 49.8576283], [5.8125519, 49.8575729], [5.8129115, 49.8573983], [5.813158, 49.8572787], [5.8134359, 49.857171], [5.8134145, 49.8571381], [5.8132213, 49.8567533], [5.8131092, 49.8565481], [5.8141547, 49.8562865], [5.8145222, 49.856155], [5.8148414, 49.8559925], [5.8150989, 49.8558005], [5.8154449, 49.8552679], [5.8156004, 49.8551038], [5.8156239, 49.8550825], [5.8153924, 49.8548286], [5.8152803, 49.854674], [5.8149728, 49.8543255], [5.8148682, 49.8541733], [5.8148105, 49.8540229], [5.8148363, 49.8540145], [5.8158573, 49.8536826], [5.8157312, 49.8535607], [5.8156554, 49.8534349], [5.8155683, 49.853191], [5.8154234, 49.8530042], [5.8151391, 49.8529282], [5.8147716, 49.8529178], [5.8141842, 49.853063], [5.8139804, 49.853044], [5.8138182, 49.8529715], [5.8134466, 49.8529852], [5.8132502, 49.8524554], [5.8130282, 49.8518568], [5.8128431, 49.8517089], [5.8127768, 49.8514434], [5.8127278, 49.8512472], [5.8138635, 49.8514328], [5.8139759, 49.8511466], [5.8144391, 49.8511253], [5.8146409, 49.851464], [5.8147596, 49.8515732], [5.8148521, 49.8516311], [5.8149996, 49.8516112], [5.8148843, 49.8513769], [5.8148038, 49.8511175], [5.8148536, 49.850968], [5.8149342, 49.8507256], [5.8150989, 49.8503678], [5.8157775, 49.8505044], [5.8165668, 49.8502436], [5.8168916, 49.8501363], [5.8170527, 49.8500831], [5.8181266, 49.8497283], [5.8186561, 49.8494959], [5.8193904, 49.8491736], [5.8194772, 49.8491223], [5.8196774, 49.8490041], [5.8198815, 49.8487322], [5.8198527, 49.8483392], [5.8200625, 49.8480396], [5.8203379, 49.847583], [5.8201807, 49.8474897], [5.8194721, 49.8472628], [5.8189236, 49.8473768], [5.8185235, 49.84746], [5.8177958, 49.8477623], [5.8175343, 49.8477735], [5.8168584, 49.847598], [5.8159707, 49.8471262], [5.8160882, 49.8470707], [5.8177426, 49.8462833], [5.8184731, 49.8459445], [5.8183458, 49.8457831], [5.8185378, 49.845421], [5.8187655, 49.8448445], [5.8188552, 49.8442693], [5.8189036, 49.8439589], [5.8189881, 49.8437478], [5.8191105, 49.8435258], [5.8191825, 49.8434374], [5.8193153, 49.8434304], [5.8194226, 49.8433526], [5.8192053, 49.843216], [5.8191332, 49.8431744], [5.8181797, 49.8426243], [5.8179718, 49.8425044], [5.8174029, 49.8421764], [5.8174767, 49.8421254], [5.8176282, 49.8421998], [5.8177945, 49.8421876], [5.8179742, 49.8420037], [5.8180308, 49.8419458], [5.8176497, 49.8417483], [5.8167055, 49.8412916], [5.8162898, 49.8411273], [5.8157667, 49.8409474], [5.8151454, 49.8407777], [5.8149379, 49.8407139], [5.8145557, 49.8405703], [5.8143807, 49.8405556], [5.8143388, 49.8405279], [5.8133635, 49.8406776], [5.813059, 49.8407494], [5.8130041, 49.8407623], [5.8128767, 49.840771], [5.812768, 49.8408393], [5.8125696, 49.840873], [5.8125588, 49.8409093], [5.8125374, 49.841046], [5.8123805, 49.8410875], [5.8124441, 49.8412163], [5.8129598, 49.8422594], [5.8129665, 49.8423796], [5.8118367, 49.8425734], [5.8111078, 49.8425993], [5.8107832, 49.8425128], [5.8097023, 49.8425872], [5.8092087, 49.8420752], [5.8091229, 49.841814], [5.8091122, 49.8413522], [5.8089137, 49.8412864], [5.808439, 49.8412864], [5.8072494, 49.8412389], [5.8070167, 49.8412324], [5.80158, 49.840938], [5.8013381, 49.8413234], [5.8010936, 49.8417655], [5.8014045, 49.8417572], [5.8014223, 49.8417767], [5.8017325, 49.8421164], [5.8019147, 49.8423154], [5.802018, 49.8424281], [5.8021594, 49.842533], [5.8026124, 49.8427709], [5.802959, 49.8429939], [5.8026481, 49.8432696], [5.802931, 49.8433552], [5.8032462, 49.8435455], [5.8031175, 49.8436683], [5.8029833, 49.8436371], [5.802758, 49.8434849], [5.8024362, 49.8434452], [5.8012592, 49.8430565], [5.8000021, 49.8424408], [5.7999358, 49.8424084], [5.7998605, 49.8423715], [5.7984625, 49.8416869], [5.7980803, 49.8415701], [5.7974379, 49.8412138], [5.7970208, 49.8409301], [5.7974433, 49.8405679], [5.7965139, 49.8403437], [5.7964656, 49.8404285], [5.7947624, 49.8399216], [5.7947007, 49.8399943], [5.7923779, 49.8391986], [5.7924262, 49.8391467], [5.7917073, 49.8388586], [5.7921057, 49.8385316], [5.7909351, 49.838211], [5.7908209, 49.8381797], [5.7902522, 49.8380715], [5.7900994, 49.8380562], [5.7898982, 49.8380361], [5.7895594, 49.8380234], [5.7894762, 49.8380203], [5.7884994, 49.8380586], [5.788081, 49.8380534], [5.787515, 49.8379496], [5.7866822, 49.8379141], [5.786241, 49.8379349], [5.7858746, 49.8379415], [5.7854578, 49.8379176], [5.7852191, 49.8379262], [5.7850125, 49.8379643], [5.7848462, 49.8380248], [5.7847188, 49.8381113], [5.7846344, 49.8382004], [5.7846048, 49.8382774], [5.7846209, 49.8383734], [5.7846919, 49.8383674], [5.7849884, 49.8383423], [5.7852566, 49.8386537], [5.7857019, 49.8395705], [5.7855845, 49.8395996], [5.7852969, 49.8396708], [5.7855074, 49.8398645], [5.7855347, 49.8398716], [5.7855635, 49.8398791], [5.7857931, 49.8399389], [5.7861015, 49.8398602], [5.7862692, 49.8401664], [5.7861565, 49.8406879], [5.7862249, 49.8407787], [5.7863778, 49.8407953], [5.7866272, 49.8410685], [5.7871637, 49.8414266], [5.7875485, 49.8417372], [5.7875901, 49.8417708], [5.7875379, 49.8417978], [5.7872924, 49.8419247], [5.787904, 49.8423892], [5.7881648, 49.8426274], [5.7882746, 49.8427277], [5.7885396, 49.842608], [5.7897389, 49.8434654], [5.7899109, 49.843385], [5.7900538, 49.8432618], [5.7904209, 49.8430897], [5.79055, 49.8430292], [5.7906426, 49.8431188], [5.7908799, 49.8433483], [5.7910111, 49.8434529], [5.7911293, 49.8435472], [5.7914881, 49.8437837], [5.7920721, 49.8436242], [5.7923216, 49.843542], [5.7927158, 49.8433846], [5.7930189, 49.8435688], [5.7933676, 49.843529], [5.7937029, 49.8435978], [5.7939925, 49.8441967], [5.7943721, 49.844732], [5.7947463, 49.845148], [5.7950837, 49.8455047], [5.7952626, 49.8456937], [5.795095, 49.8457491], [5.7952143, 49.8458027], [5.7957682, 49.8458623], [5.7961088, 49.8459748], [5.7970094, 49.8464474], [5.7971448, 49.8464253], [5.7977664, 49.846389], [5.7980588, 49.8463561], [5.7983163, 49.8462922], [5.7986425, 49.846187], [5.7988826, 49.8461056], [5.7991049, 49.8461763], [5.8002301, 49.8464201], [5.8005827, 49.8465326], [5.8007973, 49.8466649], [5.800918, 49.8468231], [5.8009931, 49.8470117], [5.8019192, 49.8477874], [5.8021425, 49.847962], [5.8021317, 49.848122], [5.801826, 49.8484991], [5.8015658, 49.8485579], [5.8005217, 49.8483929], [5.8002569, 49.8484705], [5.8000477, 49.8485631], [5.7994536, 49.8486781], [5.7988798, 49.8488626], [5.7985148, 49.8489799], [5.7981393, 49.8487118], [5.7979797, 49.8488337], [5.7978939, 49.8489332], [5.7978442, 49.8490482], [5.797686, 49.8490586], [5.7973346, 49.8490473], [5.7973561, 49.8489695], [5.7971174, 49.8489963], [5.7970463, 49.8492185], [5.7970677, 49.8495151], [5.7971737, 49.84981], [5.7974794, 49.8500046], [5.7994549, 49.8506592], [5.7994616, 49.8507102], [5.7996156, 49.8507562], [5.7997604, 49.8507994], [5.7997245, 49.8508512], [5.8007901, 49.8511926], [5.8012386, 49.8513363], [5.8012752, 49.8516677], [5.8009382, 49.851754], [5.8005331, 49.8520384], [5.8004822, 49.8522061], [5.8005613, 49.8523445], [5.8007343, 49.8522987], [5.8008523, 49.8520738], [5.8010226, 49.8520548], [5.8010066, 49.8524292], [5.801146, 49.8526394], [5.8010253, 49.8529714], [5.800615, 49.853057], [5.8004782, 49.8531201], [5.8004969, 49.8532196], [5.8002555, 49.8533518], [5.7997085, 49.8533461], [5.7999766, 49.8535905], [5.7999063, 49.8536105], [5.7992712, 49.8537911], [5.7990257, 49.8535732], [5.7987964, 49.8534945], [5.7977825, 49.8541205], [5.7979542, 49.8542909], [5.7977316, 49.8545226], [5.7976323, 49.8547751], [5.7983458, 49.85551], [5.7988863, 49.8558057], [5.798635, 49.8560128], [5.7986958, 49.8560457], [5.7990351, 49.856264], [5.7995229, 49.856548], [5.7992233, 49.8570745], [5.7988756, 49.8571058], [5.7987381, 49.8573299], [5.7979993, 49.8571552], [5.7978904, 49.8571295], [5.7975964, 49.85706], [5.7973051, 49.8569911], [5.7971855, 49.8570401], [5.7972058, 49.8570983], [5.7971552, 49.8571529], [5.7967184, 49.8576245], [5.7964283, 49.8575452], [5.7962832, 49.8575056], [5.7961048, 49.8577286], [5.7957345, 49.8576772], [5.7957065, 49.8576733], [5.7956877, 49.8578946], [5.7958728, 49.8581229], [5.7965554, 49.8585093], [5.7966332, 49.85862], [5.7960665, 49.8592289], [5.7963001, 49.8594139], [5.7967601, 49.8597751], [5.7971, 49.860042], [5.7972877, 49.8601763], [5.7974429, 49.8602451], [5.7970069, 49.8606153], [5.7957045, 49.860402], [5.7946705, 49.8602327], [5.7932958, 49.8600076], [5.7928795, 49.8600699], [5.7925858, 49.8601918], [5.7918682, 49.8599364], [5.7915594, 49.8598265], [5.7908973, 49.8595909], [5.7891606, 49.8587635], [5.7888333, 49.8586918], [5.7885973, 49.8586615], [5.7878234, 49.8583984], [5.7867694, 49.8579742], [5.7859692, 49.8578261], [5.7857582, 49.8579517], [5.7854846, 49.8582569], [5.7853089, 49.8585379], [5.7852888, 49.8588288], [5.7853425, 49.8592507], [5.7854645, 49.8596324], [5.7856107, 49.8600561], [5.7857957, 49.8602601], [5.7859781, 49.8606543], [5.7872549, 49.8623401], [5.7871529, 49.8624309], [5.7875518, 49.8627841], [5.7880743, 49.863145], [5.7879452, 49.8632561], [5.7876746, 49.8634891], [5.7888293, 49.8641037], [5.7886111, 49.8644689], [5.7890637, 49.8646605], [5.789254, 49.864716], [5.7894594, 49.86476], [5.789119, 49.8652924], [5.7891002, 49.865467], [5.7891954, 49.8656096], [5.7890104, 49.8659251], [5.7877241, 49.8653846], [5.7864246, 49.8651412], [5.7863107, 49.8655335], [5.7853706, 49.8653952], [5.7848047, 49.8654212], [5.7850769, 49.8657185], [5.7853478, 49.8659174], [5.7850018, 49.8660488], [5.7852834, 49.8669262], [5.7840711, 49.8670627], [5.7841168, 49.8671339], [5.7843795, 49.8674465], [5.7844426, 49.8675265], [5.7846504, 49.8677897], [5.7842059, 49.8678129], [5.7803535, 49.8664827], [5.7794335, 49.8661352], [5.7789025, 49.8657756], [5.7790281, 49.8655711], [5.7790634, 49.8655137], [5.7788864, 49.8649786], [5.7789828, 49.8649404], [5.7791439, 49.8648766], [5.7794446, 49.8646427], [5.7795308, 49.8645409], [5.779683, 49.8643613], [5.7800236, 49.8642853], [5.7806513, 49.8647175], [5.7807773, 49.8646587], [5.7804152, 49.8643665], [5.7804152, 49.8642386], [5.7807425, 49.8639464], [5.7804935, 49.8637697], [5.7802626, 49.8636251], [5.7802437, 49.8634244], [5.7798898, 49.8633092], [5.7791492, 49.8632271], [5.778898, 49.8631568], [5.7784197, 49.8630231], [5.7772864, 49.86259], [5.777202, 49.8626794], [5.7771403, 49.8627447], [5.7763088, 49.8624958], [5.7753074, 49.8623471], [5.7752114, 49.8634471], [5.7745841, 49.8633896], [5.7746123, 49.863515], [5.7747263, 49.863853], [5.7748604, 49.8641763], [5.7746217, 49.8642368], [5.7746002, 49.8643631], [5.7744312, 49.8643475], [5.7728916, 49.8637752], [5.7728058, 49.8638997], [5.7728782, 49.8640812], [5.7720494, 49.863815], [5.7719555, 49.8639118], [5.7718641, 49.8638845], [5.7715296, 49.8637843], [5.7702309, 49.8633957], [5.7701444, 49.8635061], [5.769901, 49.8638167], [5.7675567, 49.8632885], [5.7671502, 49.8635611], [5.7669059, 49.8637379], [5.7668245, 49.8637968], [5.7666609, 49.863936], [5.7664275, 49.8641798], [5.766103, 49.8646293], [5.7658267, 49.8649768], [5.7658018, 49.865006], [5.7654657, 49.8653995], [5.7653667, 49.8655154], [5.7652483, 49.8656296], [5.7651549, 49.865703], [5.7649687, 49.8658477], [5.7647444, 49.866022], [5.7643624, 49.866255], [5.7643461, 49.8662649], [5.7641101, 49.8663565], [5.7638153, 49.866447], [5.7637158, 49.8664775], [5.7629889, 49.8667178], [5.7627046, 49.8667766], [5.7621065, 49.8668665], [5.7616854, 49.8669754], [5.7611033, 49.8671725], [5.7608454, 49.8672523], [5.7606749, 49.8673051], [5.7597005, 49.8676065], [5.7579464, 49.8668051], [5.7585405, 49.8663427], [5.7588121, 49.866229], [5.7594238, 49.8658205], [5.7596308, 49.8654177], [5.7600291, 49.8655085], [5.7602075, 49.8652396], [5.760336, 49.8649883], [5.7604355, 49.8647936], [5.7603416, 49.8644228], [5.760304, 49.8642714], [5.7602558, 49.8641426], [5.7602222, 49.8639602], [5.7602343, 49.8639023], [5.7602521, 49.8638735], [5.7604945, 49.8639619], [5.7608681, 49.8635023], [5.7610452, 49.8630238], [5.7610356, 49.8628191], [5.7610198, 49.8624836], [5.7610121, 49.8623194], [5.7610979, 49.8617393], [5.7611146, 49.8616257], [5.7611299, 49.8615227], [5.7611422, 49.8614393], [5.761534, 49.8614885], [5.7618316, 49.8615224], [5.7620908, 49.8615394], [5.7624931, 49.8615562], [5.7629318, 49.8615364], [5.7629487, 49.8613166], [5.7635656, 49.8612716], [5.7635793, 49.8614897], [5.7641852, 49.8612837], [5.7651977, 49.8607468], [5.7652742, 49.8606128], [5.7654324, 49.8602627], [5.7660302, 49.8606101], [5.7661539, 49.860682], [5.7663013, 49.860718], [5.7665294, 49.8607736], [5.7666327, 49.8606543], [5.7668567, 49.8601961], [5.7666475, 49.8601269], [5.765993, 49.8599748], [5.765284, 49.8598986], [5.765144, 49.8598835], [5.7648721, 49.8598084], [5.763638, 49.8597344], [5.7623734, 49.8594656], [5.7624525, 49.8592779], [5.7612838, 49.8590238], [5.7613877, 49.8588714], [5.7615191, 49.8587134], [5.7612211, 49.8586214], [5.7611478, 49.8585068], [5.7612734, 49.8583966], [5.7621521, 49.8583651], [5.7621312, 49.858237], [5.7633617, 49.8581834], [5.7633349, 49.8580866], [5.7628092, 49.8581056], [5.7627234, 49.8578661], [5.763807, 49.8578255], [5.7656068, 49.8576595], [5.7656772, 49.8578704], [5.7658106, 49.8582785], [5.766218, 49.8582121], [5.7662773, 49.8582024], [5.7664625, 49.8581839], [5.7668432, 49.8581458], [5.7669345, 49.8581367], [5.7679886, 49.8581454], [5.7685384, 49.8581073], [5.7685143, 49.8577303], [5.7692626, 49.8577805], [5.769579, 49.8577828], [5.7699599, 49.857788], [5.7706547, 49.8577978], [5.771506, 49.8578827], [5.7715505, 49.8577165], [5.772382, 49.857803], [5.772889, 49.857905], [5.7737553, 49.8582059], [5.7738009, 49.8581678], [5.7739867, 49.8582186], [5.7745638, 49.8583764], [5.7747149, 49.8584177], [5.7745136, 49.8587543], [5.7761961, 49.8591725], [5.7762958, 49.8591874], [5.7767671, 49.8592576], [5.7789704, 49.8595858], [5.77929, 49.8591993], [5.7793665, 49.8590895], [5.779455, 49.8589131], [5.779518, 49.8587376], [5.7795411, 49.8584847], [5.7795475, 49.8582733], [5.7795596, 49.8580874], [5.7796012, 49.8579162], [5.7798116, 49.8575198], [5.7800724, 49.8570496], [5.7801205, 49.8569959], [5.7803737, 49.8567133], [5.7756409, 49.8555636], [5.7757562, 49.8552506], [5.7761446, 49.8547385], [5.7758394, 49.8545174], [5.7766523, 49.8539669], [5.7771268, 49.8533761], [5.7771698, 49.8531616], [5.7770008, 49.8530077], [5.7773012, 49.8527777], [5.7777679, 49.852648], [5.7783083, 49.8525861], [5.7789025, 49.8525927], [5.7796052, 49.8526342], [5.7801604, 49.8527276], [5.7810938, 49.8529455], [5.782274, 49.8530708], [5.7823625, 49.8528261], [5.7833281, 49.8528521], [5.7841194, 49.8528209], [5.7839933, 49.8525183], [5.7853532, 49.8523938], [5.7852674, 49.8522727], [5.7857797, 49.8520375], [5.7859567, 49.8521534], [5.7860425, 49.8521067], [5.7861498, 49.8519096], [5.7853907, 49.8516761], [5.7856576, 49.8516225], [5.7858896, 49.8515256], [5.7867962, 49.8509774], [5.7873112, 49.8507725], [5.787621, 49.8506791], [5.7870698, 49.8500366], [5.7849053, 49.8507336], [5.7840362, 49.8509843], [5.783707, 49.8510427], [5.7836661, 49.8508045], [5.7831216, 49.8507993], [5.7824162, 49.8506592], [5.7819709, 49.8505087], [5.7816573, 49.8503519], [5.7812655, 49.8501559], [5.7801443, 49.8499484], [5.778347, 49.8498672], [5.7782292, 49.8498619], [5.7777679, 49.8497581], [5.7773656, 49.8495368], [5.7772558, 49.8493548], [5.7773106, 49.8492791], [5.7775734, 49.8494235], [5.7776633, 49.8493828], [5.7773951, 49.8491814], [5.7773568, 49.8490642], [5.77756, 49.8490625], [5.7776673, 49.8490854], [5.777778, 49.8488733], [5.7783271, 49.84818], [5.7785278, 49.8482012], [5.7786785, 49.8482993], [5.7788153, 49.848269], [5.7788073, 49.8480822], [5.7787509, 49.8479793], [5.7786302, 49.8478617], [5.7785806, 49.8474449], [5.7787198, 49.8468974], [5.7789132, 49.8465914], [5.7791117, 49.8466277], [5.7792833, 49.8466139], [5.7803616, 49.8459237], [5.7809649, 49.8456857], [5.7808958, 49.8455691], [5.7808698, 49.8455252], [5.7815605, 49.8453997], [5.7823706, 49.8453755], [5.7837385, 49.8454101], [5.7840443, 49.8449085], [5.7856053, 49.845244], [5.7862946, 49.8454706], [5.7871717, 49.8458632], [5.7904333, 49.8466242], [5.7905996, 49.8463994], [5.7899237, 49.8460881], [5.789178, 49.8458563], [5.7882714, 49.8455415], [5.7878047, 49.8452959], [5.7871035, 49.8448503], [5.7866916, 49.8445885], [5.7873072, 49.8441777], [5.7872522, 49.844054], [5.7873006, 49.8440361], [5.7876022, 49.8439243], [5.7877994, 49.8438127], [5.7879397, 49.8436352], [5.7857547, 49.8431736], [5.7856834, 49.8433049], [5.7837928, 49.8429719], [5.7837823, 49.8425844], [5.7830681, 49.8424359], [5.7826093, 49.8423848], [5.7819628, 49.842299], [5.7819253, 49.8428934], [5.7798882, 49.8428047], [5.7797863, 49.8428017], [5.779575, 49.8428168], [5.7793987, 49.8428294], [5.7792887, 49.8426097], [5.7792258, 49.8423586], [5.7787737, 49.8423736], [5.7780723, 49.8424402], [5.7780455, 49.842499], [5.7782145, 49.8428173], [5.7779825, 49.8428614], [5.7780294, 49.8431338], [5.7780629, 49.8432523], [5.7783412, 49.8432274], [5.7783124, 49.8432713], [5.7783231, 49.8433621], [5.7783915, 49.8434417], [5.7776194, 49.8435486], [5.7772777, 49.8435163], [5.7764402, 49.8433708], [5.7762323, 49.8433552], [5.7757938, 49.8433846], [5.7751937, 49.843547], [5.7746125, 49.8438559], [5.7741475, 49.8439814], [5.7734883, 49.8440848], [5.7734635, 49.8440887], [5.7734391, 49.8440925], [5.773243, 49.8438949], [5.7724904, 49.8442872], [5.7721584, 49.8444833], [5.7717193, 49.8450115], [5.7717021, 49.8450321], [5.7721674, 49.8452721], [5.7722493, 49.8452898], [5.7724389, 49.8453774], [5.7733422, 49.8457923], [5.7737124, 49.8460241], [5.7735408, 49.8461543], [5.7734529, 49.846221], [5.7729855, 49.8459653], [5.7729312, 49.8460505], [5.772838, 49.8461967], [5.7726757, 49.8464288], [5.7724799, 49.8463778], [5.7714204, 49.8458931], [5.770542, 49.8454913], [5.7702148, 49.8457836], [5.768981, 49.8452025], [5.7688182, 49.8451309], [5.7684175, 49.8449546], [5.7683531, 49.8449169], [5.7682638, 49.8448646], [5.7680236, 49.844724], [5.7675852, 49.8444674], [5.7669023, 49.8438291], [5.7664624, 49.843625], [5.765824, 49.8434365], [5.7647339, 49.8430302], [5.7641825, 49.8428207], [5.7638505, 49.8427435], [5.7627475, 49.8425059], [5.7630883, 49.8421516], [5.7636886, 49.8423135], [5.7641866, 49.8415793], [5.7641999, 49.8415597], [5.7639693, 49.8414888], [5.7635374, 49.841315], [5.7633658, 49.8412562], [5.7631878, 49.8412011], [5.7625718, 49.8410408], [5.7623023, 49.8409941], [5.7617658, 49.8409379], [5.7611328, 49.8408436], [5.7593948, 49.8406014], [5.7588288, 49.8404838], [5.7585284, 49.840444], [5.7581046, 49.8403991], [5.7579875, 49.8403862], [5.7575414, 49.8403056], [5.7566643, 49.8400764], [5.7562539, 49.8399303], [5.7552668, 49.8395532], [5.7549852, 49.8394113], [5.7545494, 49.8391389], [5.7540887, 49.8389376], [5.7536253, 49.8387116], [5.7532642, 49.8385012], [5.7531828, 49.8384435], [5.7528462, 49.8382298], [5.7525551, 49.8381105], [5.7518859, 49.8378917], [5.7517303, 49.8378398], [5.7515372, 49.8377896], [5.751316, 49.8377558], [5.7511403, 49.8377697], [5.751033, 49.8378345], [5.7509847, 49.837921], [5.7509807, 49.8380205], [5.7510263, 49.8381338], [5.7511792, 49.8383475], [5.751366, 49.8385366], [5.7513242, 49.8385169], [5.7510674, 49.8383957], [5.7509814, 49.8382646], [5.7504415, 49.8380274], [5.7502424, 49.8379677], [5.7502593, 49.8379327], [5.7498348, 49.8377157], [5.7496744, 49.8374924], [5.7491621, 49.8376053], [5.7488349, 49.8372594], [5.7481644, 49.8373242], [5.7483508, 49.8374583], [5.7476475, 49.8380721], [5.7475323, 49.8381598], [5.747412, 49.8382515], [5.7474662, 49.8385422], [5.7477703, 49.8384991], [5.7480297, 49.8385067], [5.7485447, 49.8386288], [5.7490444, 49.8387852], [5.7493191, 49.8388882], [5.7495251, 49.8390331], [5.750021, 49.8394108], [5.7502689, 49.8396854], [5.7504749, 49.8400898], [5.7504787, 49.8401051], [5.7505751, 49.840257], [5.7506161, 49.8404408], [5.750641, 49.8406733], [5.7506009, 49.8408134], [5.7504868, 49.8410589], [5.7503949, 49.8411577], [5.7502327, 49.8412466], [5.7498531, 49.8413804], [5.7497482, 49.8414223], [5.7493042, 49.8416033], [5.7490635, 49.8418598], [5.7487865, 49.8421116], [5.748579, 49.8423367], [5.7484473, 49.8426361], [5.7484112, 49.8428364], [5.7484303, 49.8432522], [5.7483718, 49.8437193], [5.7483335, 49.8438665], [5.748295, 49.8441278], [5.7482909, 49.8442032], [5.7483651, 49.8444934], [5.7484456, 49.8446719], [5.7485715, 49.8448082], [5.7486127, 49.8449362], [5.7486143, 49.8450618], [5.7485838, 49.8454294], [5.7484947, 49.8455318], [5.7483286, 49.8457607], [5.7482041, 49.845967], [5.7482031, 49.8460868], [5.7482294, 49.8462102], [5.7483162, 49.846375], [5.7484619, 49.8465673], [5.7486581, 49.8467325], [5.7489538, 49.8469276], [5.74914, 49.8470277], [5.7492964, 49.8470933], [5.7495377, 49.8471524], [5.7499473, 49.8472292], [5.750321, 49.8472808], [5.7507532, 49.8473088], [5.7509949, 49.8473131], [5.7512049, 49.847307], [5.7513339, 49.8472926], [5.7514789, 49.847252], [5.7516031, 49.8471806], [5.7516966, 49.8470781], [5.7518277, 49.8468598], [5.751847, 49.8468267], [5.75188, 49.8467808], [5.7519784, 49.846627], [5.7522878, 49.8462928], [5.7523112, 49.8462472], [5.7524343, 49.8457254], [5.7525307, 49.8454963], [5.7526072, 49.84542], [5.7526606, 49.84537], [5.7527501, 49.8453281], [5.7529213, 49.8452663], [5.7530062, 49.8452369], [5.7533444, 49.8451612], [5.7534736, 49.8451137], [5.7539456, 49.8449053], [5.7541209, 49.8448386], [5.7542234, 49.8448218], [5.7543399, 49.8448176], [5.7544844, 49.8448433], [5.7546743, 49.8449159], [5.7548677, 49.8449999], [5.7550345, 49.8450454], [5.7557916, 49.8451429], [5.7561331, 49.8452355], [5.7564491, 49.8453176], [5.7566228, 49.8453803], [5.7566348, 49.8453822], [5.756661, 49.8453908], [5.7566791, 49.8453948], [5.7567942, 49.8454136], [5.7570581, 49.8455025], [5.7572477, 49.8456219], [5.7573728, 49.8457502], [5.7574218, 49.8457972], [5.7576203, 49.8459053], [5.7579689, 49.8461074], [5.7581584, 49.846236], [5.7582944, 49.8464272], [5.7583612, 49.8466615], [5.7584089, 49.8470555], [5.7584213, 49.8472656], [5.7583952, 49.8475293], [5.7583904, 49.8476857], [5.7584035, 49.8479141], [5.7584195, 49.8482088], [5.7584622, 49.8483813], [5.7585058, 49.8484397], [5.7585412, 49.8485335], [5.758543, 49.8487356], [5.758477, 49.8489295], [5.7583873, 49.8490924], [5.7582543, 49.8492792], [5.7582048, 49.849343], [5.7581558, 49.8493886], [5.7578871, 49.849598], [5.7575947, 49.8498017], [5.7574381, 49.8499246], [5.7573848, 49.8499553], [5.7569809, 49.8501677], [5.7568351, 49.8502678], [5.7566894, 49.8503634], [5.7565548, 49.8505058], [5.7562773, 49.8507118], [5.7559244, 49.8509564], [5.7558442, 49.8510351], [5.7556524, 49.8512425], [5.7555259, 49.8513679], [5.75538, 49.8514737], [5.7551216, 49.8516203], [5.7549175, 49.8517179], [5.7547404, 49.8517619], [5.754512, 49.8518022], [5.7542555, 49.8518253], [5.7540284, 49.8518302], [5.7537527, 49.851819], [5.7534595, 49.8517962], [5.7533396, 49.8517626], [5.7531256, 49.8516864], [5.7529688, 49.8516161], [5.752826, 49.8515755], [5.7526761, 49.8515407], [5.7524889, 49.8515171], [5.7522177, 49.8515116], [5.7521186, 49.8515192], [5.7518903, 49.8515573], [5.7516812, 49.8516137], [5.7513977, 49.8517031], [5.7512214, 49.851747], [5.7511577, 49.8517559], [5.7510835, 49.85175], [5.7509919, 49.8517245], [5.7509374, 49.851682], [5.750827, 49.8515695], [5.7507654, 49.8515453], [5.7505467, 49.851493], [5.7502652, 49.8514394], [5.7500604, 49.8514124], [5.7498997, 49.8514004], [5.7497901, 49.8514023], [5.7496591, 49.8514224], [5.7495492, 49.8514609], [5.7493084, 49.8516098], [5.7491751, 49.8516974], [5.7489439, 49.8518612], [5.7487186, 49.8519576], [5.748466, 49.8520213], [5.7481414, 49.8520699], [5.7479197, 49.852089], [5.7476822, 49.8520649], [5.7475316, 49.8519913], [5.747376, 49.8518613], [5.7472685, 49.8518078], [5.7471281, 49.8518006], [5.7469331, 49.8518497], [5.7462554, 49.8521295], [5.7459835, 49.852331], [5.7458411, 49.8525563], [5.7458444, 49.852792], [5.7459068, 49.8530712], [5.7458731, 49.8532205], [5.7457695, 49.8533297], [5.7457148, 49.8534125], [5.7456978, 49.8534954], [5.7457393, 49.8536948], [5.7458937, 49.853961], [5.7460869, 49.8541111], [5.7462646, 49.8541781], [5.7468139, 49.8543202], [5.7473965, 49.8544407], [5.7476254, 49.8545017], [5.7478657, 49.8545704], [5.7481594, 49.8545818], [5.7487087, 49.854578], [5.7489796, 49.8545666], [5.7492733, 49.8545094], [5.7496395, 49.8543987], [5.7498302, 49.8543339], [5.7499752, 49.8543148], [5.7502155, 49.854353], [5.750536, 49.8544483], [5.7507038, 49.8545094], [5.7507801, 49.8545933], [5.7508717, 49.8546772], [5.7510052, 49.8547344], [5.7514095, 49.8547764], [5.7515278, 49.8548107], [5.7516994, 49.8548756], [5.7526531, 49.8555088], [5.7534924, 49.8559055], [5.7538738, 49.8561382], [5.7542706, 49.8564091], [5.7544384, 49.8565044], [5.7545567, 49.8565502], [5.754694, 49.8565693], [5.7550678, 49.8565655], [5.7555281, 49.8565281], [5.7560635, 49.8564472], [5.7564759, 49.8563535], [5.7566738, 49.8562489], [5.7570667, 49.8559132], [5.7572498, 49.8558598], [5.7575512, 49.8557835], [5.7578297, 49.8557606], [5.7580853, 49.8557568], [5.7586842, 49.8557911], [5.7591496, 49.8558674], [5.7604769, 49.8562336], [5.760664, 49.8563023], [5.7607365, 49.8563747], [5.7607746, 49.8564892], [5.7607268, 49.8566236], [5.7605991, 49.856863], [5.7604614, 49.8570178], [5.7601316, 49.8572474], [5.7595622, 49.8577073], [5.7594738, 49.8577824], [5.7591343, 49.8580685], [5.7584515, 49.8585033], [5.7581447, 49.8586759], [5.757963, 49.8587202], [5.7577774, 49.8587384], [5.7576199, 49.8587971], [5.7574216, 49.8589285], [5.757246, 49.8591099], [5.7570858, 49.8593578], [5.7569065, 49.8597813], [5.756733, 49.859983], [5.7565289, 49.8601742], [5.7562618, 49.8603687], [5.7560493, 49.8604704], [5.7558117, 49.860487], [5.7556553, 49.8605442], [5.7554247, 49.8607029], [5.755312, 49.8608456], [5.7552451, 49.8609629], [5.7552395, 49.8610592], [5.7553196, 49.8611736], [5.7553516, 49.8612572], [5.7552487, 49.8613856], [5.7550411, 49.8615475], [5.7546902, 49.8617649], [5.7545626, 49.8618706], [5.7544765, 49.8620548], [5.7544956, 49.8622112], [5.754675, 49.8624586], [5.7550763, 49.8629055], [5.7553539, 49.8631573], [5.7561445, 49.8640927], [5.7565365, 49.8644505], [5.7569218, 49.8647709], [5.7570133, 49.8649082], [5.7569752, 49.8651104], [5.7567463, 49.8655796], [5.7564578, 49.8662242], [5.7562084, 49.8665295], [5.7560368, 49.8668003], [5.7558193, 49.8669682], [5.7554913, 49.8671513], [5.7546339, 49.8675184], [5.7543087, 49.867609], [5.7538853, 49.867712], [5.7536024, 49.8677837], [5.7534473, 49.8678575], [5.7531643, 49.8680134], [5.7530689, 49.8680897], [5.752985, 49.8681927], [5.7529278, 49.8683987], [5.752882, 49.8685856], [5.7528133, 49.8687191], [5.7527027, 49.8688412], [5.7527027, 49.8689404], [5.7527256, 49.8690052], [5.7528261, 49.869071], [5.7529316, 49.8691349], [5.7530155, 49.8692303], [5.7532635, 49.8695583], [5.7534008, 49.8697491], [5.7534466, 49.8698788], [5.7534847, 49.8702984], [5.7535481, 49.8706098], [5.7535686, 49.8707104], [5.7536106, 49.8707867], [5.7537403, 49.8709087], [5.7538395, 49.8710194], [5.7539883, 49.8712177], [5.7539997, 49.8713284], [5.7539959, 49.8713818], [5.7539243, 49.8719176], [5.7547187, 49.8723917], [5.7549763, 49.8725452], [5.7553425, 49.8727398], [5.7556201, 49.8728852], [5.7559032, 49.8730335], [5.7561512, 49.8731747], [5.7564487, 49.873251], [5.7566738, 49.8732624], [5.7569637, 49.8732166], [5.7576351, 49.8730717], [5.7585468, 49.8728542], [5.7587148, 49.8728052], [5.7587339, 49.8728], [5.7589393, 49.8726925], [5.7592542, 49.8724143], [5.7593975, 49.8722683], [5.7595404, 49.8721675], [5.7598938, 49.8720257], [5.7600824, 49.8718972], [5.7603117, 49.8716606], [5.7606379, 49.871379], [5.7609065, 49.871202], [5.761169, 49.8710667], [5.7612719, 49.8709903], [5.7613528, 49.8708196], [5.7613774, 49.8706067], [5.7614235, 49.8705231], [5.7616467, 49.8703354], [5.7621778, 49.8700091], [5.7623492, 49.8698946], [5.7624359, 49.8697203], [5.7625106, 49.8696194], [5.7626591, 49.8695221], [5.7629267, 49.8694603], [5.7636829, 49.8694001], [5.7646551, 49.8693197], [5.7650983, 49.8693177], [5.7655581, 49.8693647], [5.766227, 49.869545], [5.7669129, 49.8697394], [5.7671562, 49.8698624], [5.7672361, 49.8699308], [5.767647, 49.8702829], [5.7681155, 49.8706545], [5.7684527, 49.8711095], [5.7687326, 49.8716166], [5.7688159, 49.8718542], [5.7688535, 49.8721231], [5.7689071, 49.8722742], [5.7690501, 49.8723995], [5.769316, 49.8725401], [5.7694805, 49.8725686], [5.7697194, 49.8725415], [5.7701973, 49.8724593], [5.7704822, 49.8723696], [5.7711377, 49.872117], [5.7715658, 49.8718776], [5.7718346, 49.8716551], [5.772064, 49.8713976], [5.7723004, 49.8709726], [5.772636, 49.8702372], [5.7729473, 49.8696798], [5.7736207, 49.8679228], [5.7737654, 49.8675964], [5.7740014, 49.8674165], [5.7742255, 49.8673167], [5.7744268, 49.8672853], [5.7745328, 49.8672994], [5.7746385, 49.8673398], [5.7747424, 49.8674488], [5.7747795, 49.8674661], [5.7749157, 49.8675969], [5.7750705, 49.8677798], [5.7751379, 49.8679676], [5.7751633, 49.8681467], [5.7752979, 49.8684774], [5.7754535, 49.8687974], [5.7755592, 49.8689621], [5.7757205, 49.8691485], [5.7758935, 49.8693413], [5.7760659, 49.8696021], [5.7762197, 49.8698506], [5.7763787, 49.8700498], [5.7764286, 49.8702037], [5.7764308, 49.8705138], [5.7763918, 49.8707317], [5.7764071, 49.8708561], [5.776478, 49.871005], [5.7765752, 49.8710768], [5.7767214, 49.8711152], [5.7768121, 49.8711212], [5.7769074, 49.8711315], [5.7770349, 49.8711934], [5.7772154, 49.8713241], [5.7772751, 49.8714243], [5.7773808, 49.8715784], [5.7774307, 49.8717415], [5.7774457, 49.8719102], [5.7774656, 49.8720368], [5.7775325, 49.8720984], [5.7776136, 49.8721416], [5.7780805, 49.8722447], [5.7784944, 49.8722832], [5.7787085, 49.8722832], [5.7788878, 49.8722638], [5.7790184, 49.8722314], [5.7790929, 49.8722259], [5.779158, 49.872229], [5.7792346, 49.872255], [5.7793298, 49.8722753], [5.7794484, 49.87229], [5.7795646, 49.8722989], [5.7797624, 49.8722967], [5.7799907, 49.8722754], [5.7803659, 49.872198], [5.7807247, 49.8721406], [5.7811301, 49.872079], [5.7815537, 49.8720583], [5.7820174, 49.8719855], [5.7826025, 49.8719061], [5.7828937, 49.8718685], [5.7830007, 49.871866], [5.7830937, 49.8718734], [5.7832237, 49.8719096], [5.783351, 49.8720001], [5.7837364, 49.872408], [5.7838859, 49.87262], [5.7839617, 49.8727489], [5.7840301, 49.8729243], [5.7840295, 49.8730072], [5.7839964, 49.8730642], [5.7838702, 49.873131], [5.7833934, 49.8733989], [5.783104, 49.8735108], [5.7819839, 49.8739123], [5.7816131, 49.8740126], [5.781298, 49.8741288], [5.7805883, 49.8744144], [5.779853, 49.8747114], [5.7794915, 49.8748017], [5.7791001, 49.8748619], [5.7789532, 49.8748971], [5.7788551, 49.8749425], [5.7787288, 49.8750314], [5.7784403, 49.8753135], [5.7781913, 49.8756007], [5.7780781, 49.875789], [5.7780377, 49.8758875], [5.7780601, 49.8760455], [5.7782307, 49.8762033], [5.778397, 49.8763597], [5.778544, 49.8765924], [5.7787214, 49.8768217], [5.7790148, 49.8770807], [5.7791376, 49.877154], [5.7792584, 49.8771773], [5.7793677, 49.8771834], [5.779908, 49.877138], [5.7802857, 49.8770514], [5.7805848, 49.8768951], [5.7809123, 49.8766775], [5.7812565, 49.8764135], [5.7813508, 49.8763614], [5.7813563, 49.8763584], [5.7816165, 49.8762146], [5.7823105, 49.8758546], [5.7825659, 49.8757251], [5.782991, 49.8754908], [5.7830305, 49.8755223], [5.7830435, 49.8755998], [5.7830384, 49.8756745], [5.7830004, 49.8757924], [5.7829756, 49.875899], [5.7829486, 49.8760364], [5.7829908, 49.876111], [5.7830854, 49.8762028], [5.78308, 49.8762779], [5.7831216, 49.8764434], [5.7831846, 49.8765455], [5.7831323, 49.876701], [5.783135, 49.8768151], [5.7832289, 49.8769257], [5.7833737, 49.8769845], [5.7835421, 49.8771493], [5.7836655, 49.8774673], [5.7836379, 49.8778816], [5.7834582, 49.8785427], [5.7833415, 49.8786447], [5.7833134, 49.8788512], [5.7833228, 49.8789523], [5.7832476, 49.8790405], [5.7829083, 49.8791295], [5.7828332, 49.8791839], [5.7827649, 49.8792021], [5.7827326, 49.8792808], [5.7826991, 49.8793274], [5.7827635, 49.8794138], [5.7827581, 49.8794847], [5.7825716, 49.879535], [5.7823884, 49.8794829], [5.7823366, 49.8793987], [5.7822708, 49.8793491], [5.7817449, 49.8794894], [5.7810627, 49.879781], [5.7810226, 49.8798583], [5.7810113, 49.8799081], [5.7810576, 49.880023], [5.780894, 49.8801847], [5.7807612, 49.880221], [5.78067, 49.8802106], [5.7805252, 49.8800965], [5.7804313, 49.8800862], [5.7803066, 49.8801328], [5.780276, 49.8802024], [5.7803361, 49.8803696], [5.7803079, 49.8804171], [5.7801618, 49.8804655], [5.7800062, 49.8804673], [5.7797796, 49.8805425], [5.7797226, 49.8806061], [5.779624, 49.8807732], [5.7793953, 49.8809424], [5.7792793, 49.8810126], [5.7791908, 49.8810203], [5.779101, 49.8809901], [5.77905, 49.8809663], [5.7789655, 49.8809676], [5.7788978, 49.8810099], [5.7788727, 49.8811432], [5.778773, 49.8812276], [5.7786923, 49.881266], [5.7781675, 49.881735], [5.7780071, 49.8820406], [5.7780616, 49.8821446], [5.7782668, 49.8822924], [5.7783017, 49.8825067], [5.7782601, 49.8826173], [5.7780683, 49.8827115], [5.7780203, 49.8828544], [5.7780871, 49.8831661], [5.7780664, 49.883244], [5.7781068, 49.8833629], [5.7781877, 49.8834244], [5.7787952, 49.8838271], [5.7803699, 49.8831646], [5.7804796, 49.8831185], [5.7804367, 49.8830563], [5.7804635, 49.8827936], [5.7805126, 49.8827432], [5.7806289, 49.8826239], [5.7810353, 49.8822067], [5.7810831, 49.8821576], [5.7815904, 49.8822381], [5.7821506, 49.882327], [5.7837358, 49.8828403], [5.7842325, 49.8830725], [5.7852035, 49.8835264], [5.787266, 49.8844905], [5.7882612, 49.8848427], [5.7885928, 49.88496], [5.7886495, 49.8849801], [5.7893027, 49.8849461], [5.7898546, 49.8849284], [5.7901, 49.8849235], [5.7908363, 49.8849465], [5.7911599, 49.8849775], [5.7915504, 49.8850399], [5.7935165, 49.8854197], [5.7937234, 49.8854601], [5.7938591, 49.8854965], [5.793973, 49.8855271], [5.7942201, 49.8856456], [5.79458, 49.8858941], [5.7947731, 49.8859736], [5.794989, 49.8860098], [5.7951955, 49.8860081], [5.7953739, 49.8859744], [5.7954893, 49.8859096], [5.7955603, 49.8858448], [5.7957038, 49.8856521], [5.7957789, 49.8855718], [5.795884, 49.8855072], [5.7960286, 49.8854797], [5.796161, 49.8854806], [5.7963383, 49.8855227], [5.7967261, 49.8856634], [5.7977436, 49.8862], [5.7987293, 49.8852928], [5.7988192, 49.8852728], [5.798917, 49.8852706], [5.7993395, 49.885261], [5.800083, 49.885244], [5.8003762, 49.885265], [5.8006525, 49.8853203], [5.8013298, 49.8854992], [5.8018139, 49.8855761], [5.8024092, 49.8857046], [5.802522, 49.8857186], [5.8030342, 49.8857358], [5.8032075, 49.8857416], [5.8034343, 49.8857493], [5.8039582, 49.8857669], [5.8042326, 49.8857908], [5.8044507, 49.8858217], [5.8046477, 49.8858586], [5.8048674, 49.8859082], [5.8049568, 49.8859273], [5.8051201, 49.8859677], [5.8053996, 49.8860443], [5.8055723, 49.8860721], [5.8058339, 49.885729], [5.805383, 49.885525], [5.8052259, 49.885457], [5.8051955, 49.8854439], [5.8047848, 49.8852646], [5.8047863, 49.8852388], [5.8047932, 49.8851363], [5.804818, 49.8847655], [5.8038229, 49.8844389], [5.8025247, 49.884146], [5.8024067, 49.8843257], [5.8015808, 49.8841929], [5.8012808, 49.8841447], [5.8010232, 49.8841352], [5.8004943, 49.8841157], [5.8002985, 49.8840475], [5.8001955, 49.8838979], [5.7999176, 49.8832551], [5.7996713, 49.8826687], [5.7996641, 49.8826515], [5.7991853, 49.8823097], [5.7990492, 49.8823144], [5.7985337, 49.8823717], [5.7982522, 49.8824159], [5.7982372, 49.8824048], [5.7980199, 49.8822442], [5.7973226, 49.8817289], [5.7969537, 49.8814144], [5.7969993, 49.8813764], [5.797363, 49.8814446], [5.7978538, 49.8815365], [5.7981151, 49.8815855], [5.7996896, 49.8816598], [5.8010294, 49.8815777], [5.8024642, 49.8814897], [5.8024936, 49.8812468], [5.8027339, 49.8811024], [5.8021921, 49.8809875], [5.8012158, 49.8805243], [5.8006698, 49.880072], [5.8009831, 49.8797708], [5.7998666, 49.8792522], [5.8000222, 49.8791416], [5.8002905, 49.8791042], [5.8003132, 49.879101], [5.8005487, 49.8791667], [5.8007638, 49.8792267], [5.8007867, 49.8792127], [5.8012399, 49.8789359], [5.8014947, 49.8786957], [5.8015913, 49.8784952], [5.8015174, 49.8780922], [5.8012748, 49.877802], [5.8004782, 49.8770986], [5.8006203, 49.8770398], [5.8003375, 49.8767268], [5.8003894, 49.8766001], [5.8006417, 49.8766862], [5.8007345, 49.8766121], [5.8008128, 49.8766354], [5.801255, 49.8767667], [5.8023346, 49.8770873], [5.803356, 49.8772581], [5.8037201, 49.8773263], [5.8049279, 49.8775955], [5.8051253, 49.8776358], [5.8051154, 49.8775185], [5.805092, 49.8774214], [5.8050374, 49.8772679], [5.8049061, 49.8770545], [5.8046171, 49.8767867], [5.8041237, 49.876425], [5.803446, 49.8758998], [5.8033713, 49.8758114], [5.8033949, 49.8758097], [5.8039633, 49.875768], [5.804316, 49.8757421], [5.8049387, 49.8757676], [5.8050903, 49.875387], [5.8051311, 49.8752913], [5.8052297, 49.8750601], [5.8053276, 49.8748307], [5.8054617, 49.8747668], [5.8060139, 49.8748723], [5.8063093, 49.8749509], [5.8063328, 49.8749088], [5.8066869, 49.8742762], [5.8062524, 49.8741056], [5.8062768, 49.8740806], [5.8063896, 49.8739646], [5.8054766, 49.8735478], [5.8052639, 49.8734507], [5.8047804, 49.87323], [5.8048111, 49.8731825], [5.8049816, 49.8729189], [5.8050701, 49.8727633], [5.805797, 49.8729621], [5.805911, 49.8727771], [5.8081536, 49.8730845], [5.809062, 49.8732571], [5.8094099, 49.8728005], [5.8095829, 49.8726734], [5.8096264, 49.8726027], [5.8096547, 49.8725566], [5.8097819, 49.8723496], [5.8101098, 49.8719429], [5.8101906, 49.871822], [5.8102865, 49.8716785], [5.8104369, 49.8714888], [5.810556, 49.8715212], [5.8106862, 49.871557], [5.8117667, 49.8718503], [5.8119392, 49.8718972], [5.8121824, 49.8712994], [5.8122557, 49.8711193], [5.8122475, 49.8710522], [5.812304, 49.8708254], [5.8128405, 49.8707667], [5.8130054, 49.8707834], [5.8132543, 49.8708085], [5.814549, 49.8709395], [5.8164641, 49.8713354], [5.8165859, 49.8712299], [5.8168326, 49.8710332], [5.816978, 49.8709281], [5.8172085, 49.8707843], [5.8174196, 49.87066], [5.8176721, 49.8705285], [5.817788, 49.870621], [5.81782, 49.8706465], [5.8178002, 49.8707154], [5.8174723, 49.8711236], [5.8173935, 49.871202], [5.8173101, 49.8712849], [5.8172126, 49.8713819], [5.8171307, 49.8714633], [5.8167163, 49.8719647], [5.8165825, 49.8728217], [5.8165367, 49.8731151], [5.8172446, 49.8730796], [5.8171159, 49.8734496], [5.8167594, 49.8739346], [5.8166337, 49.8741056], [5.8164883, 49.8743035], [5.8161892, 49.8749197], [5.8161023, 49.8751519], [5.8164285, 49.8751974], [5.8165567, 49.8752188], [5.8166816, 49.8752438], [5.8169744, 49.8753026], [5.817014, 49.8752909], [5.8170415, 49.8752434], [5.8171179, 49.8752062], [5.8171633, 49.875554], [5.8171219, 49.8761716], [5.8172795, 49.8761686], [5.8172819, 49.8762294], [5.8171239, 49.8762395], [5.8172445, 49.8769977], [5.8173734, 49.8775155], [5.8173513, 49.8776681], [5.8172815, 49.8777688], [5.8171481, 49.8778785], [5.8167659, 49.8781339], [5.8167956, 49.8781637], [5.8160662, 49.8785051], [5.8158157, 49.8785853], [5.8153605, 49.8788234], [5.814824, 49.8791415], [5.8147743, 49.879171], [5.8147714, 49.8791959], [5.8147683, 49.8792228], [5.8146657, 49.879247], [5.8143576, 49.879396], [5.8141729, 49.8794515], [5.8134743, 49.8799618], [5.8125408, 49.8809619], [5.8124017, 49.8811338], [5.8123235, 49.8813205], [5.8123235, 49.881539], [5.8123706, 49.8816523], [5.8124655, 49.8817594], [5.8126249, 49.8818677], [5.8128341, 49.8820583], [5.8129583, 49.882246], [5.8129845, 49.8824244], [5.8129344, 49.8827351], [5.8133085, 49.8827426], [5.8134668, 49.8827539], [5.8136223, 49.8827919], [5.8138114, 49.8828817], [5.8140057, 49.8829477], [5.8141494, 49.8829759], [5.8141299, 49.8830045], [5.8142352, 49.8830321], [5.8142842, 49.8830674], [5.8153135, 49.8824657], [5.8145365, 49.8816491], [5.8142536, 49.8814787], [5.8140487, 49.8813553], [5.8138458, 49.881211], [5.8138268, 49.8810954], [5.8139615, 49.8809839], [5.814368, 49.8808622], [5.8148311, 49.8805947], [5.8146503, 49.8805602], [5.8147435, 49.8803955], [5.8148722, 49.8803675], [5.8150171, 49.8803039], [5.8155209, 49.8802075], [5.8156677, 49.8802057], [5.815461, 49.879693], [5.8168544, 49.879171], [5.8168155, 49.8791183], [5.8170167, 49.8790163], [5.81695, 49.8788258], [5.8172427, 49.8787542], [5.8173677, 49.8787298], [5.8177582, 49.8786533], [5.8189507, 49.878584], [5.8192464, 49.8785573], [5.8193438, 49.8785485], [5.8201223, 49.878432], [5.8207829, 49.877421], [5.8208772, 49.8771955], [5.8208497, 49.8767268], [5.8215431, 49.8766829], [5.8215477, 49.8763706], [5.8208111, 49.8759926], [5.8206733, 49.8759219], [5.8204704, 49.8757571], [5.8203436, 49.8756541], [5.8201897, 49.8754184], [5.8203158, 49.8749846], [5.8211428, 49.8734232], [5.8213924, 49.8729519], [5.8215362, 49.8726803], [5.8216113, 49.8726682], [5.8217454, 49.8724055], [5.82176, 49.8723011], [5.821785, 49.8721978], [5.8218667, 49.8721074], [5.8219422, 49.8720308], [5.8219546, 49.8720182], [5.822314, 49.8718557], [5.8225635, 49.8717797], [5.8226286, 49.871771], [5.8229202, 49.8717321], [5.8232515, 49.8717313], [5.8241191, 49.8717935], [5.8245832, 49.8718056], [5.824948, 49.8717745], [5.8253208, 49.8717313], [5.8256829, 49.8716639], [5.8263937, 49.8714599], [5.8268014, 49.8713406], [5.8280539, 49.8711228], [5.8285689, 49.871045], [5.8286118, 49.8710121], [5.8292288, 49.8710052], [5.8295989, 49.8710225], [5.8300468, 49.8710778], [5.8303606, 49.8711453], [5.8306771, 49.8712317], [5.8314496, 49.8711643]]]}}, {"type": "Feature", "properties": {"name": "Réserve naturelle Weimericht", "kind": "nature_reserve"}, "geometry": {"type": "Polygon", "coordinates": [[[6.2621864, 49.7002371], [6.2619965, 49.7003843], [6.2617296, 49.7006211], [6.2615405, 49.7008197], [6.2614252, 49.7009811], [6.2613434, 49.7011485], [6.2613246, 49.7013081], [6.2612656, 49.7024721], [6.2612428, 49.7025883], [6.2611501, 49.7028226], [6.2611409, 49.7028459], [6.2611067, 49.7028529], [6.2610976, 49.7028695], [6.2609169, 49.7031981], [6.2610202, 49.7032232], [6.2609974, 49.7032588], [6.2609182, 49.703244], [6.260815, 49.7033932], [6.2606581, 49.7035572], [6.2604314, 49.703728], [6.2594898, 49.7042995], [6.2594639, 49.7043152], [6.2593409, 49.7043899], [6.2584025, 49.7049594], [6.2578377, 49.7053022], [6.2583852, 49.7056969], [6.2590208, 49.7061749], [6.2587261, 49.7066089], [6.2586674, 49.7066954], [6.2584974, 49.7069458], [6.2584868, 49.7069614], [6.2606728, 49.7075217], [6.2613192, 49.7076136], [6.2614618, 49.7076115], [6.261676, 49.7076084], [6.2624565, 49.7076032], [6.2629634, 49.7076257], [6.2636219, 49.7077296], [6.2637724, 49.7077533], [6.2638539, 49.7077662], [6.2636232, 49.7073586], [6.262722, 49.7072493], [6.2626657, 49.7071843], [6.2622285, 49.7071244], [6.2624243, 49.7067307], [6.2617028, 49.7062936], [6.2612361, 49.7060646], [6.260823, 49.7061427], [6.2607258, 49.7059797], [6.2603027, 49.7052701], [6.2600398, 49.7052806], [6.2600961, 49.705088], [6.2602571, 49.7049475], [6.2600934, 49.7048261], [6.2601707, 49.7047501], [6.2602941, 49.7046287], [6.2603509, 49.7045728], [6.2606969, 49.7046769], [6.2607077, 49.7045798], [6.2611985, 49.7045173], [6.2613648, 49.7044375], [6.2616196, 49.7043803], [6.2621255, 49.7043533], [6.2627564, 49.704363], [6.2637975, 49.7043789], [6.2654885, 49.7046468], [6.2652647, 49.7051531], [6.2652787, 49.7051807], [6.2652929, 49.7052086], [6.2652179, 49.7054842], [6.2652488, 49.7054967], [6.2658394, 49.7057355], [6.2660544, 49.7062218], [6.2658227, 49.7066659], [6.2658514, 49.7067122], [6.2658742, 49.7067491], [6.2661968, 49.7068773], [6.2666219, 49.7070377], [6.2669485, 49.7072306], [6.2669214, 49.7072736], [6.266823, 49.70743], [6.2662538, 49.707405], [6.266282, 49.7074744], [6.2663504, 49.7076266], [6.266351, 49.7077259], [6.2662887, 49.7078816], [6.2662128, 49.7079987], [6.2659836, 49.7083525], [6.2659366, 49.7084783], [6.2659273, 49.708565], [6.2659407, 49.7086725], [6.2659903, 49.7088694], [6.2660666, 49.7090941], [6.2660842, 49.709146], [6.2661559, 49.7092779], [6.2661083, 49.7093013], [6.2660003, 49.7093503], [6.2660573, 49.7094374], [6.2660265, 49.709465], [6.2658521, 49.7094893], [6.2655142, 49.7094442], [6.2654149, 49.709459], [6.2662303, 49.710668], [6.2662534, 49.7106897], [6.2663738, 49.7107312], [6.2665415, 49.7108051], [6.2669492, 49.7110566], [6.267547, 49.7115565], [6.2676626, 49.7116532], [6.2679872, 49.7119567], [6.2680113, 49.7120313], [6.2678987, 49.7121666], [6.2679389, 49.7121987], [6.2687137, 49.7127545], [6.2692451, 49.7131378], [6.2691324, 49.7131899], [6.2690386, 49.7132332], [6.2689737, 49.7132947], [6.2689225, 49.7133432], [6.2689147, 49.7133507], [6.2688629, 49.7133997], [6.2690585, 49.7134754], [6.2693873, 49.7136026], [6.2703556, 49.7140015], [6.2716095, 49.7146736], [6.2715157, 49.7147909], [6.2721473, 49.715167], [6.2724795, 49.7154355], [6.2725512, 49.7154934], [6.2725738, 49.7155117], [6.2724249, 49.7156266], [6.2723055, 49.7157558], [6.2721614, 49.7159357], [6.273255, 49.7164156], [6.2739819, 49.7168093], [6.2743561, 49.7170226], [6.275256, 49.7176643], [6.2758762, 49.7181082], [6.2759178, 49.7181624], [6.2759144, 49.7182483], [6.275861, 49.7183338], [6.2775023, 49.7188987], [6.2788842, 49.7193743], [6.2804713, 49.7198875], [6.2804983, 49.719888], [6.2805304, 49.7199026], [6.2817335, 49.7204502], [6.2821157, 49.7206513], [6.2823102, 49.7207745], [6.2824003, 49.7208235], [6.2824982, 49.7209384], [6.2825231, 49.7213194], [6.282528, 49.7213935], [6.2797559, 49.7227016], [6.2790233, 49.7237474], [6.2792525, 49.7238957], [6.2792877, 49.7239116], [6.2792974, 49.7239159], [6.2793963, 49.7239606], [6.2823477, 49.7239756], [6.2824845, 49.7237943], [6.2833992, 49.724063], [6.2833053, 49.7242555], [6.2835976, 49.7244896], [6.2840322, 49.7246942], [6.2839168, 49.7249656], [6.2832919, 49.7249317], [6.2826106, 49.7246838], [6.282789, 49.7247939], [6.2830988, 49.7254016], [6.2833438, 49.7254369], [6.2833742, 49.7254099], [6.2839259, 49.7255177], [6.2848895, 49.7257061], [6.285715, 49.7258269], [6.2875765, 49.7260992], [6.2876384, 49.7260943], [6.2877256, 49.7256877], [6.2865119, 49.72551], [6.2865222, 49.7254059], [6.2865239, 49.7253892], [6.2865265, 49.7253624], [6.286528, 49.7253479], [6.2873876, 49.725341], [6.2876549, 49.7253474], [6.2877658, 49.7253687], [6.2876424, 49.7250184], [6.2865615, 49.7237232], [6.2851164, 49.7239429], [6.2850969, 49.7237676], [6.2848271, 49.7231538], [6.2847068, 49.7231493], [6.2829995, 49.7230851], [6.2829889, 49.722734], [6.2829882, 49.7227119], [6.2829877, 49.7226963], [6.2829862, 49.7226444], [6.2832463, 49.7220533], [6.2835125, 49.7220668], [6.2836915, 49.7220308], [6.2840469, 49.7218981], [6.2837961, 49.7217955], [6.2838545, 49.7217812], [6.2841437, 49.7214794], [6.2843629, 49.7210626], [6.2845017, 49.7206793], [6.2846128, 49.7200883], [6.2840456, 49.7198996], [6.2831336, 49.7196985], [6.2824014, 49.719584], [6.2805077, 49.7191643], [6.2788233, 49.7187325], [6.2778886, 49.718403], [6.2771308, 49.7181499], [6.2767607, 49.7180094], [6.2763852, 49.7178464], [6.2761626, 49.7176938], [6.275944, 49.717542], [6.2756651, 49.717281], [6.2756141, 49.7172333], [6.2755681, 49.7171805], [6.275036, 49.71657], [6.2748376, 49.7164087], [6.2743326, 49.7161669], [6.274627, 49.7159717], [6.2749985, 49.7157106], [6.2752942, 49.7154757], [6.2742005, 49.7148852], [6.2737378, 49.7146428], [6.2737613, 49.7146189], [6.2730539, 49.7142703], [6.2719475, 49.7137032], [6.2719454, 49.713676], [6.2719421, 49.7136321], [6.2721731, 49.7135501], [6.27204, 49.71345], [6.2721339, 49.7133945], [6.2722519, 49.7133737], [6.272504, 49.7133165], [6.2728983, 49.7131725], [6.2732162, 49.7130225], [6.2731227, 49.7129779], [6.2728634, 49.7128543], [6.2720293, 49.7124406], [6.2713855, 49.7120747], [6.2713046, 49.7120351], [6.2711066, 49.7119383], [6.2709457, 49.7118596], [6.2708759, 49.7118184], [6.2707804, 49.7117621], [6.2707016, 49.7117156], [6.2701812, 49.711367], [6.2699532, 49.7112543], [6.2696582, 49.7111363], [6.2693015, 49.7109924], [6.2674373, 49.7103645], [6.2675244, 49.7102966], [6.2679201, 49.7099881], [6.2684543, 49.7095212], [6.2684995, 49.7094817], [6.2688133, 49.7092319], [6.269213, 49.7094053], [6.2693015, 49.7093542], [6.2694584, 49.7092284], [6.2697427, 49.7090003], [6.2700015, 49.7087514], [6.2703234, 49.7084115], [6.2705044, 49.7081834], [6.2704441, 49.7081305], [6.2706345, 49.7078157], [6.27066, 49.7077558], [6.2706842, 49.7076838], [6.2706412, 49.7074289], [6.2706493, 49.70733], [6.2710784, 49.7066171], [6.2711804, 49.7064002], [6.2712193, 49.706245], [6.2712179, 49.706082], [6.2711535, 49.705866], [6.2711965, 49.7058695], [6.2713802, 49.7058426], [6.2718576, 49.705709], [6.2722599, 49.7055598], [6.2725148, 49.7054349], [6.2733959, 49.7048955], [6.2738465, 49.7046309], [6.2739752, 49.7044948], [6.274057, 49.7043421], [6.2740865, 49.7042189], [6.2740839, 49.7039188], [6.2740135, 49.7035117], [6.2740114, 49.7034997], [6.2740074, 49.7034869], [6.2740651, 49.7034774], [6.2739927, 49.7033525], [6.2734114, 49.7029293], [6.2733315, 49.7028711], [6.2725649, 49.7022958], [6.272319, 49.7021113], [6.2722043, 49.7020411], [6.2720923, 49.7019725], [6.2719287, 49.7018944], [6.2714915, 49.701747], [6.2711679, 49.7016461], [6.2703931, 49.7014044], [6.2697145, 49.7011814], [6.2685357, 49.7007634], [6.2683667, 49.7007007], [6.2676358, 49.7004294], [6.2672767, 49.7003296], [6.2670095, 49.7003062], [6.2660399, 49.70017], [6.2659541, 49.7002117], [6.2655861, 49.7001381], [6.2653466, 49.7000902], [6.2650204, 49.6999963], [6.2646961, 49.6999029], [6.2639941, 49.6996685], [6.2635294, 49.6995134], [6.2632906, 49.6995542], [6.2629164, 49.6997856], [6.2621864, 49.7002371]]]}}, {"type": "Feature", "properties": {"name": "Réserve naturelle communale Driesch", "kind": "nature_reserve"}, "geometry": {"type": "Polygon", "coordinates": [[[6.0225339, 49.6433862], [6.0224242, 49.6433979], [6.0221949, 49.6431895], [6.0217704, 49.6425421], [6.0224725, 49.6425173], [6.0225584, 49.6429281], [6.0226595, 49.6430703], [6.0225339, 49.6433862]]]}}, {"type": "Feature", "properties": {"name": "Réserve naturelle communale Mimelsratt", "kind": "nature_reserve"}, "geometry": {"type": "Polygon", "coordinates": [[[6.0200505, 49.6404843], [6.0198775, 49.640288], [6.0196175, 49.6398257], [6.0195311, 49.6397505], [6.022949, 49.6394868], [6.022983, 49.6396052], [6.0227971, 49.6396273], [6.0228156, 49.6396751], [6.022962, 49.6399853], [6.0205194, 49.6404271], [6.0203306, 49.6404463], [6.0200505, 49.6404843]]]}}, {"type": "Feature", "properties": {"name": "Sauerpark", "kind": "park"}, "geometry": {"type": "Polygon", "coordinates": [[[6.5073046, 49.8059671], [6.5075395, 49.8060377], [6.5077313, 49.8060889], [6.5077611, 49.8060212], [6.5077616, 49.8058916], [6.5078513, 49.8057163], [6.5080006, 49.8054244], [6.5084264, 49.804555], [6.5087201, 49.8039767], [6.5087244, 49.8039675], [6.5087765, 49.8038656], [6.5088194, 49.8036985], [6.5089005, 49.803515], [6.5089488, 49.803499], [6.5093511, 49.8026096], [6.5094585, 49.8024464], [6.5096629, 49.802211], [6.5096428, 49.8022024], [6.5093659, 49.8020829], [6.509318, 49.8020611], [6.5092678, 49.8021036], [6.5092167, 49.8021533], [6.5088962, 49.8024651], [6.508732, 49.8026017], [6.5085179, 49.8027576], [6.5083039, 49.802884], [6.5080984, 49.8029794], [6.5077668, 49.8031233], [6.5077157, 49.8032212], [6.5075247, 49.8040114], [6.5075676, 49.8040198], [6.5073541, 49.8044775], [6.5069573, 49.805646], [6.5069586, 49.8057066], [6.5070069, 49.8057646], [6.5070364, 49.8058303], [6.5070954, 49.8058892], [6.5073046, 49.8059671]]]}}, {"type": "Feature", "properties": {"name": "Saueruecht", "kind": "nature_reserve"}, "geometry": {"type": "Polygon", "coordinates": [[[6.3176121, 49.8435152], [6.3178816, 49.8434901], [6.3178583, 49.8434275], [6.3178401, 49.8433786], [6.3174002, 49.8429807], [6.3178629, 49.8428847], [6.3178751, 49.8427196], [6.3178047, 49.8421702], [6.3176309, 49.8420233], [6.3179078, 49.8417643], [6.318009, 49.8416696], [6.3180962, 49.8415468], [6.3180882, 49.8415044], [6.3176939, 49.8414179], [6.3176591, 49.8412152], [6.3179617, 49.8411865], [6.3182276, 49.8411896], [6.3182631, 49.8411792], [6.3183369, 49.8411847], [6.318698, 49.8410291], [6.3190379, 49.8409319], [6.3190377, 49.8407269], [6.319145, 49.8404916], [6.319336, 49.8401411], [6.3194883, 49.8398862], [6.3197928, 49.839493], [6.3202019, 49.8389716], [6.3204378, 49.8387696], [6.3204891, 49.8387346], [6.320459, 49.8387152], [6.3201084, 49.8385426], [6.319967, 49.8384147], [6.3202903, 49.8381449], [6.3207644, 49.8376914], [6.3207992, 49.8376654], [6.3208428, 49.8376217], [6.3209874, 49.8375073], [6.3210852, 49.8373975], [6.3211843, 49.8374032], [6.3213833, 49.8373424], [6.3215754, 49.8373152], [6.3216446, 49.837239], [6.3217803, 49.8372525], [6.3218743, 49.8372219], [6.32206, 49.8371417], [6.3218969, 49.8371305], [6.3221478, 49.8370493], [6.3222282, 49.8370232], [6.3223906, 49.8371954], [6.3224341, 49.8371683], [6.3224717, 49.8371782], [6.3225997, 49.837025], [6.3227922, 49.836834], [6.3229845, 49.8368082], [6.3233124, 49.8366145], [6.3233273, 49.836541], [6.3238616, 49.8363209], [6.3245784, 49.8360674], [6.3246847, 49.8360443], [6.3247505, 49.83603], [6.3250847, 49.8359], [6.3256426, 49.8357422], [6.3259993, 49.8355709], [6.3261281, 49.8355199], [6.3263521, 49.8353788], [6.3266176, 49.8352379], [6.3267678, 49.8351523], [6.3268015, 49.8351421], [6.3269609, 49.8351099], [6.3272375, 49.8351396], [6.3272885, 49.8351485], [6.3275792, 49.8352258], [6.3278474, 49.8352742], [6.3281022, 49.8353132], [6.328349, 49.8353175], [6.3285474, 49.835295], [6.3286869, 49.8352413], [6.328753, 49.8351874], [6.3287875, 49.8351592], [6.3287379, 49.835109], [6.3287149, 49.8350329], [6.3286145, 49.8346705], [6.3284643, 49.8345844], [6.3283798, 49.8345186], [6.3281524, 49.8343437], [6.32807, 49.8342808], [6.3279957, 49.8342235], [6.3279337, 49.834172], [6.3277755, 49.8340527], [6.3279375, 49.8337221], [6.3279479, 49.8335171], [6.3280019, 49.8330976], [6.3278315, 49.8327489], [6.3278978, 49.8326455], [6.3274907, 49.8324385], [6.3272233, 49.8323489], [6.3249725, 49.8320429], [6.3248192, 49.8320486], [6.3246945, 49.8320468], [6.3246033, 49.8320252], [6.3244732, 49.8320269], [6.3241793, 49.831769], [6.3240769, 49.8316753], [6.3239877, 49.8316152], [6.3238549, 49.8315857], [6.3237148, 49.8315961], [6.3233426, 49.8317432], [6.3232823, 49.8317501], [6.3232206, 49.8317376], [6.3231884, 49.8317008], [6.3232031, 49.8316091], [6.3231643, 49.8314582], [6.3230851, 49.8313652], [6.3229752, 49.8312934], [6.3230565, 49.832258], [6.3219716, 49.8324581], [6.3220924, 49.8325812], [6.3222201, 49.8327112], [6.3222738, 49.8328357], [6.3222966, 49.8329785], [6.322259, 49.8332025], [6.3222255, 49.8332916], [6.322086, 49.8335018], [6.3220069, 49.8335728], [6.3219164, 49.8336203], [6.3208918, 49.8339707], [6.3205189, 49.8340736], [6.3203238, 49.8341056], [6.3202199, 49.8341787], [6.3199734, 49.8343069], [6.3198531, 49.8343694], [6.3192241, 49.8346852], [6.3189867, 49.8348651], [6.3186005, 49.8352024], [6.318284, 49.8354775], [6.3180989, 49.8356816], [6.3172942, 49.8367127], [6.3170689, 49.8369497], [6.3167471, 49.8372299], [6.3164345, 49.8375453], [6.3163292, 49.8376515], [6.3161089, 49.837911], [6.3158187, 49.8382356], [6.315575, 49.8385273], [6.3147354, 49.8393594], [6.3147649, 49.8394844], [6.3146509, 49.8395912], [6.3146174, 49.8396587], [6.3145423, 49.8397651], [6.3144886, 49.8398991], [6.3143733, 49.8400047], [6.314199, 49.8401828], [6.31414, 49.8402217], [6.3141145, 49.8402797], [6.3140555, 49.8403325], [6.3138503, 49.8404233], [6.3137604, 49.8405297], [6.3136317, 49.8406283], [6.3135606, 49.8406949], [6.3134868, 49.8407251], [6.3134614, 49.8407459], [6.3133889, 49.8408229], [6.3133286, 49.8408782], [6.3132629, 49.8409889], [6.3131368, 49.8411031], [6.3130044, 49.8412561], [6.3129222, 49.8413712], [6.3127734, 49.8415606], [6.3127264, 49.8417189], [6.3124962, 49.8423757], [6.3123989, 49.8425785], [6.3123724, 49.8426339], [6.3123264, 49.8426952], [6.3122705, 49.8427697], [6.3122638, 49.8428614], [6.3122316, 49.8429634], [6.3122463, 49.8430672], [6.3122343, 49.8433656], [6.3119595, 49.8438783], [6.3119219, 49.8439126], [6.3117962, 49.8440276], [6.3116724, 49.8441408], [6.3116, 49.8442069], [6.3113677, 49.8443524], [6.3112671, 49.8444154], [6.3111358, 49.8444976], [6.3110685, 49.8445398], [6.3109742, 49.8445988], [6.3109039, 49.8446428], [6.3107906, 49.8447333], [6.3107421, 49.8447644], [6.3104468, 49.8449536], [6.3103621, 49.8450079], [6.3098913, 49.8453097], [6.3097189, 49.8453953], [6.3095748, 49.8454637], [6.3096102, 49.8457272], [6.3099217, 49.8459124], [6.3101938, 49.846258], [6.3096862, 49.8464478], [6.3094769, 49.8465092], [6.3093013, 49.846555], [6.3089351, 49.8466216], [6.3084805, 49.8466675], [6.3079843, 49.846683], [6.3076253, 49.8466551], [6.3076148, 49.8467481], [6.3077002, 49.8467635], [6.3080997, 49.8467939], [6.3085747, 49.8467955], [6.3096419, 49.8467124], [6.3117313, 49.846587], [6.3130576, 49.8465194], [6.3132844, 49.8465147], [6.3137268, 49.8465388], [6.3147743, 49.8466292], [6.315213, 49.8466689], [6.3153789, 49.8467079], [6.3155262, 49.8467583], [6.315971, 49.8469657], [6.3161637, 49.8470627], [6.3163132, 49.8471683], [6.3164049, 49.8472735], [6.3164547, 49.847387], [6.3164802, 49.8475132], [6.3164681, 49.8476386], [6.3164198, 49.8477865], [6.3161597, 49.8482786], [6.3161033, 49.8484662], [6.3160765, 49.8486201], [6.3160699, 49.8488043], [6.316073, 49.8492358], [6.3161982, 49.8492628], [6.3163508, 49.8491292], [6.3166264, 49.848781], [6.3166629, 49.8486587], [6.316957, 49.8479162], [6.317431, 49.8479318], [6.3176277, 49.8479458], [6.3177197, 49.8475629], [6.3175434, 49.8475171], [6.3174437, 49.8474911], [6.3172731, 49.8474171], [6.3172547, 49.8473711], [6.3171972, 49.8471737], [6.3172073, 49.8470603], [6.3171467, 49.8469112], [6.3169263, 49.8466274], [6.3165089, 49.8462176], [6.3161414, 49.8459921], [6.3156942, 49.8458862], [6.3153317, 49.845876], [6.315339, 49.8458352], [6.3153671, 49.8458554], [6.3155428, 49.8458476], [6.3156152, 49.8456505], [6.3157761, 49.8455536], [6.3159183, 49.8455536], [6.3160095, 49.8454957], [6.316165, 49.8455017], [6.316385, 49.8454723], [6.3166398, 49.8454887], [6.3170639, 49.8456137], [6.3171226, 49.8455674], [6.3172902, 49.8455545], [6.3176389, 49.8456263], [6.3178937, 49.8457197], [6.3180265, 49.8457473], [6.3181378, 49.8457369], [6.3183711, 49.8456358], [6.3184288, 49.8456323], [6.3185602, 49.8456496], [6.3187614, 49.845615], [6.318811, 49.8455796], [6.319043, 49.8455052], [6.319102, 49.8454697], [6.3194494, 49.845385], [6.3197632, 49.8452838], [6.319709, 49.8450759], [6.3193206, 49.8449448], [6.318561, 49.8450554], [6.3180123, 49.8451047], [6.3179588, 49.8449361], [6.3179842, 49.8447861], [6.3179467, 49.8446058], [6.3179033, 49.8445194], [6.3178032, 49.8444328], [6.3178235, 49.8443059], [6.3175732, 49.8438888], [6.3176121, 49.8435152]]]}}, {"type": "Feature", "properties": {"name": "Scheiwisschen", "kind": "park"}, "geometry": {"type": "Polygon", "coordinates": [[[6.1018961, 49.6084387], [6.1012273, 49.6083807], [6.1012605, 49.6082224], [6.1011844, 49.6082139], [6.1011877, 49.6081787], [6.1012418, 49.6081621], [6.1012767, 49.6081372], [6.1013086, 49.6080962], [6.1012973, 49.6080628], [6.1012854, 49.6080274], [6.101235, 49.6080064], [6.1010853, 49.6079873], [6.1011751, 49.6074369], [6.1015795, 49.607462], [6.1019822, 49.6075049], [6.1026996, 49.6075975], [6.1027762, 49.6076407], [6.1018961, 49.6084387]]]}}, {"type": "Feature", "properties": {"name": "Schlënnerdall - Molberlay", "kind": "nature_reserve"}, "geometry": {"type": "Polygon", "coordinates": [[[6.0841919, 49.9881295], [6.0845327, 49.9882407], [6.0849009, 49.9876913], [6.085137, 49.9872333], [6.0845614, 49.9870419], [6.0844606, 49.9870132], [6.0842022, 49.9869315], [6.0840968, 49.9868749], [6.0839099, 49.9867332], [6.0838677, 49.9865819], [6.0838484, 49.9863933], [6.0840399, 49.9863887], [6.084074, 49.9863879], [6.0840661, 49.9859504], [6.0835105, 49.9856569], [6.0835798, 49.985573], [6.0831527, 49.9853994], [6.0820538, 49.9855881], [6.0816944, 49.9853035], [6.081595, 49.9846325], [6.0814413, 49.9841709], [6.081854, 49.9840971], [6.0817665, 49.9839357], [6.0825665, 49.984209], [6.0828692, 49.9842515], [6.0828531, 49.9841428], [6.0828019, 49.9838936], [6.0830664, 49.9839518], [6.0831267, 49.9838721], [6.0836673, 49.983742], [6.0838696, 49.983672], [6.0841352, 49.9836686], [6.0850715, 49.9841661], [6.0850431, 49.9840454], [6.0850016, 49.9834011], [6.0848964, 49.9833781], [6.084748, 49.9834221], [6.084536, 49.9833551], [6.0847628, 49.982939], [6.0849439, 49.9824431], [6.0849906, 49.982156], [6.084711, 49.982197], [6.084103, 49.982554], [6.0839741, 49.9825801], [6.0838442, 49.9825771], [6.0837831, 49.9825642], [6.0833309, 49.9823155], [6.0837649, 49.9816097], [6.0834499, 49.9815251], [6.0835122, 49.9811864], [6.0837449, 49.9804532], [6.0833758, 49.9803466], [6.0828209, 49.9801431], [6.0834029, 49.9796154], [6.083588, 49.979417], [6.0838026, 49.9792411], [6.0839608, 49.9793463], [6.0842371, 49.979716], [6.0853263, 49.9804104], [6.0855914, 49.979898], [6.0853479, 49.9797256], [6.0853389, 49.979624], [6.0853563, 49.9794718], [6.0866065, 49.9790444], [6.0861416, 49.978447], [6.086073, 49.978436], [6.086031, 49.978428], [6.0860157, 49.978405], [6.0860577, 49.978207], [6.085986, 49.9781846], [6.0854573, 49.9771807], [6.0857928, 49.9768073], [6.0864419, 49.9761173], [6.0867986, 49.9756895], [6.0868946, 49.9755288], [6.086557, 49.9754819], [6.0860196, 49.9752272], [6.0860598, 49.9750868], [6.0855404, 49.9748175], [6.0847418, 49.9746419], [6.08437, 49.9745679], [6.0837644, 49.9744473], [6.0831231, 49.9738942], [6.0831179, 49.9735241], [6.0832656, 49.9731511], [6.0834794, 49.9730624], [6.084095, 49.9731818], [6.0845678, 49.9731999], [6.0851231, 49.9733177], [6.0852377, 49.9730557], [6.0853936, 49.9724679], [6.0852429, 49.972431], [6.0850878, 49.9723796], [6.0852883, 49.9722729], [6.0863379, 49.9722961], [6.0862781, 49.971971], [6.0863651, 49.9715141], [6.0865065, 49.9711016], [6.086041, 49.9710716], [6.086407, 49.9705186], [6.0846806, 49.969639], [6.0839451, 49.9695505], [6.0832795, 49.9694957], [6.0828231, 49.9694514], [6.0822281, 49.9692084], [6.081949, 49.969012], [6.0818448, 49.9689298], [6.0815061, 49.9686109], [6.0817356, 49.9682863], [6.082491, 49.9678679], [6.083317, 49.9677213], [6.083738, 49.9677992], [6.0838269, 49.9677054], [6.083772, 49.9675545], [6.0837766, 49.9675095], [6.0839648, 49.9673074], [6.0840505, 49.9672082], [6.0840809, 49.9671706], [6.0839286, 49.967145], [6.0835027, 49.9670786], [6.0825991, 49.9669937], [6.0820377, 49.9669626], [6.0819988, 49.9672323], [6.0811509, 49.9672569], [6.08055, 49.9672113], [6.080307, 49.9671626], [6.0801747, 49.9670954], [6.0790199, 49.9677675], [6.0780888, 49.9682436], [6.0783725, 49.9684506], [6.0784004, 49.9687819], [6.0783577, 49.9688487], [6.0782528, 49.9689036], [6.0778655, 49.9690154], [6.0775073, 49.9690508], [6.0770555, 49.9690433], [6.0765029, 49.9689586], [6.0763171, 49.9689135], [6.0756985, 49.9686899], [6.0754335, 49.9685639], [6.075212, 49.9684117], [6.0749535, 49.9681667], [6.0748452, 49.9680447], [6.074773, 49.9678643], [6.0747834, 49.9677522], [6.0749174, 49.9674344], [6.0750322, 49.9673549], [6.0751659, 49.9672592], [6.0752571, 49.9671755], [6.0754894, 49.9670617], [6.0759594, 49.9668532], [6.0760659, 49.966817], [6.0761324, 49.9667943], [6.0777128, 49.9659655], [6.0782977, 49.9658051], [6.0788347, 49.965531], [6.0791674, 49.9656314], [6.0794026, 49.9654931], [6.0784242, 49.9649539], [6.0762583, 49.9649593], [6.0753671, 49.9648592], [6.0749771, 49.9648172], [6.0747333, 49.9650386], [6.074574, 49.9650722], [6.0738604, 49.9650961], [6.0737553, 49.9650889], [6.0734833, 49.9650408], [6.0733384, 49.9649879], [6.0730899, 49.9648113], [6.0728567, 49.9646353], [6.0733744, 49.9643578], [6.0733613, 49.9642847], [6.0732427, 49.9640895], [6.073133, 49.9639564], [6.0730307, 49.9636619], [6.0730258, 49.9635843], [6.0730762, 49.963467], [6.0735788, 49.9632981], [6.0737593, 49.963214], [6.0738257, 49.9631676], [6.0739951, 49.9629462], [6.0740321, 49.9628564], [6.0740523, 49.9625439], [6.0738526, 49.9624335], [6.0732631, 49.9621028], [6.0728055, 49.9619258], [6.0727572, 49.9617412], [6.0719776, 49.9617096], [6.0710621, 49.9615178], [6.0706893, 49.9614841], [6.0703513, 49.9614211], [6.0701261, 49.9613536], [6.0696525, 49.9610817], [6.0692837, 49.960702], [6.0691629, 49.9604406], [6.0686841, 49.9599071], [6.0693643, 49.9597475], [6.0694638, 49.9594934], [6.0694704, 49.9594765], [6.0698095, 49.9596689], [6.070114, 49.9597768], [6.0702414, 49.9598358], [6.070554, 49.9599201], [6.0721489, 49.9603504], [6.0722734, 49.9602255], [6.0730461, 49.9602949], [6.0753375, 49.9607163], [6.076102, 49.9606956], [6.0775606, 49.9611385], [6.0774762, 49.9612583], [6.0787817, 49.9617481], [6.0795678, 49.9622979], [6.0797037, 49.9622539], [6.0808631, 49.9630629], [6.0811053, 49.9632161], [6.081559, 49.9634079], [6.0829489, 49.9636048], [6.0834265, 49.9634967], [6.0838954, 49.9634765], [6.0850803, 49.9634009], [6.0855922, 49.9633466], [6.0856788, 49.9633092], [6.085952, 49.9631857], [6.0861183, 49.9630821], [6.0861981, 49.96302], [6.0862669, 49.9629511], [6.0863102, 49.9628932], [6.0863413, 49.9628332], [6.0859658, 49.9627972], [6.0858893, 49.9627861], [6.0857069, 49.9627428], [6.0855272, 49.9626859], [6.0855327, 49.962671], [6.0856631, 49.9623194], [6.0856736, 49.9622692], [6.08505, 49.9621834], [6.0849062, 49.9621747], [6.0847603, 49.9621813], [6.0844716, 49.9622066], [6.0843062, 49.9617796], [6.0841969, 49.9610362], [6.0838884, 49.961045], [6.0835907, 49.9605152], [6.0835665, 49.9604238], [6.0835733, 49.9603253], [6.0836944, 49.9600326], [6.0841225, 49.9592736], [6.0843169, 49.9592459], [6.0842629, 49.9589532], [6.0833644, 49.9588422], [6.0831447, 49.9588933], [6.082824, 49.9588643], [6.0826555, 49.9588491], [6.0821923, 49.9590974], [6.0818171, 49.9590296], [6.081401, 49.9589056], [6.0803754, 49.9585268], [6.0796773, 49.9582686], [6.0793231, 49.9581099], [6.0793241, 49.9581446], [6.0792375, 49.9581413], [6.0791872, 49.9580813], [6.079163, 49.9579898], [6.0786793, 49.9580231], [6.0786824, 49.957983], [6.0788338, 49.9577767], [6.0790113, 49.9576423], [6.0790289, 49.957629], [6.079136, 49.9575449], [6.0791515, 49.9575084], [6.079145, 49.9574555], [6.0790765, 49.9573514], [6.0789443, 49.9572387], [6.0782181, 49.9568521], [6.0781404, 49.9567846], [6.0780724, 49.9567442], [6.0780371, 49.956682], [6.0780405, 49.9566434], [6.0780871, 49.956587], [6.0782706, 49.9564521], [6.0786002, 49.9565231], [6.0789599, 49.9565827], [6.0794902, 49.956632], [6.0798965, 49.9566463], [6.0802353, 49.9566163], [6.0809504, 49.956542], [6.0813902, 49.9565019], [6.0816432, 49.9565168], [6.081875, 49.9565416], [6.0821374, 49.9565543], [6.0826377, 49.9565677], [6.0828603, 49.9562305], [6.0828792, 49.9561916], [6.082835, 49.9561551], [6.080558, 49.9552057], [6.0803631, 49.9551525], [6.0804286, 49.9550732], [6.0792512, 49.9547856], [6.0788839, 49.9547323], [6.0784696, 49.9546721], [6.0780367, 49.9546029], [6.0778885, 49.954579], [6.0775382, 49.9543976], [6.0773373, 49.9541473], [6.0773309, 49.9541394], [6.0773, 49.9540952], [6.0775709, 49.9539215], [6.0776466, 49.9538728], [6.0778441, 49.9536975], [6.0778773, 49.9536516], [6.0779537, 49.9534852], [6.0779955, 49.9533385], [6.0780211, 49.9532086], [6.0780803, 49.9525232], [6.0780768, 49.9524721], [6.0780491, 49.9524298], [6.0780105, 49.9524093], [6.0776372, 49.9522445], [6.0775025, 49.9521836], [6.0772846, 49.9523982], [6.0769118, 49.9525484], [6.0746393, 49.9525804], [6.0742473, 49.9526352], [6.073796, 49.9528555], [6.0741401, 49.9532381], [6.0735905, 49.9534191], [6.0732227, 49.9534926], [6.0725813, 49.9535431], [6.0722407, 49.9537284], [6.0722099, 49.9537853], [6.0720082, 49.9542795], [6.0718896, 49.9543254], [6.0713102, 49.9543746], [6.0707845, 49.9544014], [6.0701076, 49.9542846], [6.0696417, 49.95415], [6.0695839, 49.9541189], [6.069721, 49.9540243], [6.069147, 49.9537361], [6.0689513, 49.9536237], [6.068622, 49.9533914], [6.0684577, 49.9532534], [6.0683465, 49.9532722], [6.0682757, 49.9531712], [6.068194, 49.9530406], [6.0681646, 49.952987], [6.0681317, 49.9529206], [6.0680924, 49.9527964], [6.0680609, 49.9526586], [6.0680504, 49.9525787], [6.0680485, 49.9524046], [6.0680879, 49.9521092], [6.0681272, 49.9519686], [6.0681633, 49.9518823], [6.0682379, 49.9517361], [6.0682793, 49.9516883], [6.0684134, 49.9515828], [6.0685586, 49.9515137], [6.0687072, 49.9514634], [6.0688228, 49.9514485], [6.0689652, 49.9514588], [6.0691396, 49.9514878], [6.0699961, 49.9516676], [6.0705201, 49.9517893], [6.070825, 49.9518588], [6.0709225, 49.9518749], [6.0714488, 49.9519615], [6.0714934, 49.951975], [6.0715847, 49.9519524], [6.0717205, 49.9518998], [6.0718332, 49.9518326], [6.0719501, 49.9517059], [6.0721274, 49.9514944], [6.0724584, 49.9511194], [6.0728271, 49.9511471], [6.0731433, 49.9511268], [6.0736046, 49.9511358], [6.0739413, 49.9511262], [6.0744074, 49.951113], [6.0749588, 49.9510922], [6.0751261, 49.9509747], [6.0750829, 49.9508842], [6.0749188, 49.9505395], [6.0747849, 49.950489], [6.0743585, 49.9503829], [6.0742313, 49.9501999], [6.0738518, 49.9497585], [6.0733285, 49.9492448], [6.0735485, 49.9492492], [6.0738356, 49.9492595], [6.0741127, 49.9492694], [6.0747834, 49.9493029], [6.0752292, 49.9493218], [6.0755152, 49.949362], [6.0756004, 49.9493007], [6.0757735, 49.9491873], [6.0763219, 49.9488986], [6.0766817, 49.9486242], [6.076789, 49.9485423], [6.0767325, 49.9484316], [6.0767145, 49.9483811], [6.0769057, 49.9482515], [6.0769469, 49.9482311], [6.0770496, 49.9481803], [6.0771326, 49.9481382], [6.0762621, 49.9477254], [6.075669, 49.9474425], [6.075295, 49.9472574], [6.0749486, 49.9470898], [6.0747514, 49.9470154], [6.0746592, 49.9469807], [6.0745635, 49.946946], [6.0743278, 49.9471978], [6.0730898, 49.9467515], [6.0732905, 49.9464859], [6.0719524, 49.9460975], [6.0713236, 49.9458065], [6.0708798, 49.9454733], [6.0705384, 49.9456128], [6.0703604, 49.9456518], [6.0700648, 49.9453931], [6.0698288, 49.9451257], [6.0697453, 49.9449774], [6.0697165, 49.9449022], [6.0696902, 49.9448022], [6.0696705, 49.9446854], [6.0696647, 49.9445532], [6.0696454, 49.9439947], [6.0696166, 49.9433004], [6.0697457, 49.9432958], [6.0697237, 49.9431311], [6.0697157, 49.942942], [6.0697175, 49.9426358], [6.0696023, 49.9426446], [6.0693884, 49.9426659], [6.0693254, 49.9426531], [6.0692942, 49.9426406], [6.06911, 49.9424835], [6.0689523, 49.9423021], [6.0689061, 49.9422241], [6.0690115, 49.9419239], [6.0692366, 49.941902], [6.0692054, 49.9415558], [6.0691765, 49.9411658], [6.0689334, 49.9403668], [6.0692466, 49.9402956], [6.0697004, 49.9401924], [6.0699563, 49.9404731], [6.0701779, 49.9405425], [6.0702819, 49.9409822], [6.0704654, 49.9414273], [6.0705587, 49.941756], [6.0706047, 49.9420115], [6.0705693, 49.9420222], [6.070584, 49.9421148], [6.0707891, 49.9421485], [6.0708671, 49.9422798], [6.0710621, 49.9425951], [6.0711193, 49.9426983], [6.0708777, 49.9426914], [6.0709691, 49.9427463], [6.0713472, 49.9429688], [6.0717407, 49.9432009], [6.0719303, 49.9433081], [6.0720485, 49.9433623], [6.0724032, 49.9435406], [6.0726708, 49.9432756], [6.0732059, 49.9435815], [6.0733918, 49.9437144], [6.0736196, 49.9438859], [6.0737442, 49.9438666], [6.0743112, 49.9437788], [6.0746806, 49.9436813], [6.0752616, 49.9435647], [6.0754887, 49.9430853], [6.0759027, 49.9431815], [6.0759397, 49.9431395], [6.0760895, 49.9429738], [6.0756613, 49.942882], [6.0752906, 49.9427904], [6.0751338, 49.9427396], [6.0747396, 49.9425966], [6.0746253, 49.9425437], [6.0745602, 49.942513], [6.0744374, 49.942455], [6.0743244, 49.9423814], [6.0742243, 49.942305], [6.0741337, 49.9422043], [6.0740996, 49.9421315], [6.0740753, 49.9419723], [6.0746448, 49.9417804], [6.0745879, 49.9416916], [6.0745764, 49.9415043], [6.074621, 49.941399], [6.0747587, 49.9412281], [6.0748748, 49.9411566], [6.074869, 49.9411232], [6.0749649, 49.9410905], [6.0752524, 49.9410732], [6.0762405, 49.9412061], [6.0761905, 49.9413954], [6.0770568, 49.9415855], [6.0778144, 49.9418052], [6.0781172, 49.9419017], [6.078092, 49.9419493], [6.0780269, 49.9420726], [6.0792289, 49.9423912], [6.0793953, 49.9423245], [6.0796663, 49.9423773], [6.0796394, 49.9423491], [6.0796223, 49.9423311], [6.0795598, 49.9422655], [6.0797714, 49.9422781], [6.0801268, 49.9422896], [6.0801771, 49.9421497], [6.0802442, 49.9421489], [6.080248, 49.9420763], [6.0802473, 49.9418719], [6.0806188, 49.9418874], [6.0813714, 49.9418441], [6.0809572, 49.9414595], [6.0808147, 49.9413552], [6.0804249, 49.9410922], [6.0802942, 49.9408258], [6.080018, 49.9402665], [6.0797987, 49.9397774], [6.0794359, 49.9391893], [6.0792911, 49.9388786], [6.0792113, 49.938751], [6.0791033, 49.9385782], [6.0790282, 49.93834], [6.0792311, 49.9382355], [6.0791643, 49.9381028], [6.0791793, 49.9379579], [6.0792774, 49.9378317], [6.0794936, 49.9377211], [6.079869, 49.9376773], [6.0810894, 49.9376154], [6.0812627, 49.9376148], [6.0813942, 49.9376219], [6.0817066, 49.9376387], [6.0821634, 49.9376818], [6.0824568, 49.9377019], [6.0825654, 49.9372161], [6.0825729, 49.9371827], [6.0821272, 49.9371421], [6.0823327, 49.9369262], [6.0827762, 49.9369731], [6.0826879, 49.9367217], [6.08235, 49.9364779], [6.0823876, 49.9364054], [6.0827316, 49.9362141], [6.0826298, 49.9361781], [6.0820001, 49.9359011], [6.0817552, 49.9357998], [6.0813287, 49.9356675], [6.0806586, 49.9355086], [6.0805411, 49.9354729], [6.0799811, 49.9353249], [6.0786125, 49.9348121], [6.0770072, 49.9343874], [6.0768034, 49.9343538], [6.0764646, 49.9343128], [6.0761502, 49.9342821], [6.07565, 49.9342899], [6.0753751, 49.9342692], [6.0750974, 49.9342212], [6.0754417, 49.9339467], [6.0749943, 49.9337225], [6.0748457, 49.9336157], [6.074602, 49.933376], [6.0743656, 49.933178], [6.073942, 49.933357], [6.07374, 49.933914], [6.073515, 49.933956], [6.073332, 49.933994], [6.072569, 49.93419], [6.071313, 49.9345031], [6.071321, 49.9346454], [6.0714895, 49.9348098], [6.0717266, 49.9349542], [6.0730883, 49.935394], [6.0730657, 49.9354231], [6.0734198, 49.9355108], [6.0735962, 49.9355427], [6.0739556, 49.9356038], [6.0740582, 49.9356542], [6.0741181, 49.9357466], [6.0741621, 49.9358507], [6.0740738, 49.9359225], [6.0739496, 49.935897], [6.0738799, 49.9359057], [6.0732052, 49.9358886], [6.0721832, 49.9358084], [6.0716911, 49.935764], [6.0712305, 49.9357229], [6.0709682, 49.9357159], [6.0709027, 49.9355815], [6.0708287, 49.935467], [6.0704371, 49.9351333], [6.070185, 49.9348958], [6.0697773, 49.9347569], [6.0695171, 49.9347422], [6.0690845, 49.9346665], [6.0687152, 49.9346706], [6.0683598, 49.9347396], [6.0682399, 49.9348007], [6.0681278, 49.9348579], [6.0679758, 49.9348876], [6.0679202, 49.9347768], [6.0678428, 49.9346533], [6.0678405, 49.9345477], [6.0678515, 49.9344608], [6.0679963, 49.9342899], [6.0681442, 49.9341665], [6.0683046, 49.9340731], [6.0684602, 49.9339653], [6.0680866, 49.9335952], [6.0686347, 49.9333921], [6.0681278, 49.9333464], [6.0670388, 49.9331893], [6.0660738, 49.9330188], [6.0652307, 49.9330318], [6.0648631, 49.933086], [6.0637236, 49.9331487], [6.0635832, 49.9330698], [6.0633695, 49.9331055], [6.0633742, 49.9332601], [6.0632735, 49.9333389], [6.0629739, 49.9334923], [6.0629028, 49.9334595], [6.0627459, 49.9334871], [6.0625373, 49.9335216], [6.0625378, 49.9336341], [6.0618085, 49.9340914], [6.0614541, 49.9344172], [6.0607339, 49.9350726], [6.0607601, 49.9352309], [6.0604216, 49.9355611], [6.0602451, 49.936159], [6.0602446, 49.936764], [6.0602525, 49.9369097], [6.0602548, 49.9372137], [6.0602214, 49.9373151], [6.0600315, 49.9374449], [6.0597137, 49.9376012], [6.0593328, 49.9379067], [6.0591912, 49.9383137], [6.0591773, 49.9383634], [6.0591692, 49.9387422], [6.059357, 49.9391038], [6.0591584, 49.9392558], [6.0589412, 49.9396045], [6.0584891, 49.9398315], [6.0582438, 49.9399817], [6.0580619, 49.9401226], [6.0578779, 49.9402694], [6.0576886, 49.940386], [6.0577581, 49.9404643], [6.0578646, 49.9406231], [6.0579386, 49.9405682], [6.0582733, 49.940427], [6.0585576, 49.940793], [6.0584933, 49.9408741], [6.0585696, 49.9409557], [6.0583354, 49.9410454], [6.0583766, 49.9410675], [6.0586975, 49.941198], [6.0593564, 49.9409725], [6.0594025, 49.9410847], [6.0596524, 49.9412338], [6.059728, 49.9412895], [6.0600087, 49.9415301], [6.0599968, 49.9416334], [6.0598512, 49.941682], [6.0598075, 49.9416966], [6.059464, 49.9418113], [6.0583994, 49.9419104], [6.0582696, 49.9418954], [6.0582281, 49.9418444], [6.0581507, 49.9415135], [6.0581399, 49.9414672], [6.058131, 49.9414292], [6.057511, 49.9414691], [6.0568204, 49.9413307], [6.056301, 49.9412708], [6.0536009, 49.9414161], [6.05337, 49.9416452], [6.0533168, 49.9417632], [6.0532093, 49.9419599], [6.0532909, 49.9421255], [6.0537457, 49.9425019], [6.0538517, 49.9426374], [6.0536492, 49.9427099], [6.0534802, 49.9427453], [6.0534348, 49.9427727], [6.0535786, 49.9429002], [6.0537365, 49.9431527], [6.054064, 49.9435935], [6.0542793, 49.9442115], [6.0545357, 49.9440813], [6.0547301, 49.9443342], [6.0552961, 49.9447381], [6.0556638, 49.9451883], [6.0561247, 49.9458003], [6.0560149, 49.9458842], [6.0560023, 49.945895], [6.0559747, 49.9459187], [6.0563213, 49.9461982], [6.0565124, 49.9464011], [6.0565795, 49.9465358], [6.0566295, 49.9464601], [6.056829, 49.9460313], [6.0568949, 49.9460393], [6.0576435, 49.9460918], [6.0582911, 49.9460083], [6.0587807, 49.9460405], [6.0587829, 49.9462044], [6.0586211, 49.9465427], [6.0581873, 49.9472655], [6.0584558, 49.9477365], [6.0587516, 49.9477876], [6.059019, 49.9479493], [6.0591273, 49.9480616], [6.0592399, 49.9481967], [6.0592335, 49.948367], [6.0591, 49.948822], [6.0593018, 49.9492543], [6.0582048, 49.9493287], [6.0575134, 49.9495175], [6.0567807, 49.949746], [6.0568142, 49.9499376], [6.0569601, 49.9500798], [6.0571195, 49.9500852], [6.0572402, 49.9501757], [6.0573574, 49.9504823], [6.0569259, 49.9507007], [6.0575071, 49.9512671], [6.0572659, 49.9514841], [6.0573462, 49.951975], [6.0574404, 49.9519997], [6.0574723, 49.9520296], [6.0567805, 49.9518778], [6.0566203, 49.9520985], [6.0557586, 49.9519251], [6.0556704, 49.9519108], [6.0554905, 49.9523426], [6.0548887, 49.9534681], [6.0546513, 49.9537526], [6.0544753, 49.9539587], [6.0552156, 49.9540606], [6.0557386, 49.9540606], [6.055922, 49.9544648], [6.0559775, 49.9546937], [6.0559449, 49.9550578], [6.0558296, 49.9551901], [6.0556367, 49.9553082], [6.0558097, 49.9554282], [6.0560471, 49.9554653], [6.0555707, 49.9556737], [6.0552583, 49.9557892], [6.0551633, 49.9559795], [6.0551807, 49.9562341], [6.0551656, 49.9565219], [6.0547036, 49.9563487], [6.0542102, 49.9560176], [6.0540565, 49.9558443], [6.053055, 49.9553152], [6.0527225, 49.9555947], [6.0527869, 49.9557129], [6.0525602, 49.9558458], [6.0523711, 49.9559571], [6.0517354, 49.956681], [6.0511453, 49.9570861], [6.0509039, 49.9573255], [6.0506907, 49.9576293], [6.0504171, 49.958052], [6.0503474, 49.9582125], [6.0503152, 49.9583816], [6.0503974, 49.9585039], [6.0504269, 49.9585997], [6.0506978, 49.9589922], [6.0510535, 49.9595251], [6.0517252, 49.9591108], [6.0517684, 49.959082], [6.0520023, 49.9591633], [6.0524654, 49.9593632], [6.0527094, 49.9595306], [6.0527756, 49.9595848], [6.0529158, 49.9597561], [6.0528284, 49.9598121], [6.051923, 49.9604427], [6.0517596, 49.9605318], [6.0518656, 49.9608795], [6.0518792, 49.9611706], [6.0518662, 49.9613513], [6.051869, 49.9614506], [6.0528235, 49.9610579], [6.0532837, 49.9607967], [6.0546914, 49.961366], [6.0552924, 49.9615365], [6.0554168, 49.961862], [6.0553583, 49.9620398], [6.0554052, 49.9621761], [6.0554596, 49.9624289], [6.0556757, 49.9624119], [6.0557361, 49.9624513], [6.0564068, 49.9627832], [6.0567604, 49.9628522], [6.0577131, 49.9635672], [6.0577233, 49.9635749], [6.0577483, 49.9635753], [6.0583511, 49.9633032], [6.0584847, 49.9632223], [6.0586944, 49.9630543], [6.0589311, 49.9628045], [6.0594461, 49.9625522], [6.0596065, 49.9624601], [6.0596864, 49.9623634], [6.0599, 49.9624973], [6.0603052, 49.9627485], [6.0602196, 49.9628004], [6.0596593, 49.9631326], [6.0593681, 49.9632931], [6.0592287, 49.963348], [6.058632, 49.9636649], [6.0581552, 49.9640812], [6.0581328, 49.9641269], [6.057746, 49.9640789], [6.0577427, 49.9639353], [6.0577154, 49.9638262], [6.0575961, 49.9636497], [6.0568054, 49.9639111], [6.0571552, 49.9646798], [6.0573696, 49.9649307], [6.0578676, 49.9655135], [6.0583904, 49.9654636], [6.0584664, 49.9654563], [6.0586217, 49.9658164], [6.0589184, 49.9665048], [6.0594139, 49.9662411], [6.0594693, 49.9663759], [6.0597114, 49.9663954], [6.0604556, 49.96634], [6.0604516, 49.9663041], [6.0598859, 49.9660317], [6.0596825, 49.9660441], [6.0598284, 49.9658859], [6.0604308, 49.9656488], [6.060687, 49.9662878], [6.0607036, 49.9663415], [6.0607226, 49.966383], [6.0610954, 49.9662783], [6.0612766, 49.96611], [6.0614725, 49.965784], [6.0614986, 49.9656543], [6.0612571, 49.9650841], [6.0616769, 49.9649386], [6.0618218, 49.9648235], [6.062202, 49.96447], [6.0628438, 49.9641464], [6.0633454, 49.9637461], [6.0639033, 49.9634243], [6.0644672, 49.9636977], [6.0648591, 49.9640321], [6.0653034, 49.9645415], [6.0653537, 49.9647375], [6.065539, 49.9645655], [6.0678292, 49.9656295], [6.0677944, 49.9660772], [6.065959, 49.9656687], [6.0653876, 49.9657501], [6.0648145, 49.9657142], [6.0647035, 49.9660405], [6.0638765, 49.9661407], [6.0636975, 49.9660841], [6.063615, 49.9660094], [6.0632333, 49.9664946], [6.0629869, 49.9668874], [6.063003, 49.9670077], [6.0629517, 49.9670623], [6.0627245, 49.9671282], [6.062221, 49.9677701], [6.0622082, 49.9677983], [6.0622001, 49.9678348], [6.0619686, 49.9683992], [6.0617987, 49.9685392], [6.0615927, 49.9685944], [6.0613148, 49.9686214], [6.0608578, 49.9687215], [6.0605123, 49.9688035], [6.0603069, 49.968927], [6.0602928, 49.9692031], [6.0603567, 49.9693615], [6.0606388, 49.9696916], [6.0606971, 49.9703816], [6.0607672, 49.9706598], [6.0609638, 49.9707022], [6.0614467, 49.9706974], [6.0617782, 49.9706737], [6.0619792, 49.9707138], [6.0621213, 49.970782], [6.0625883, 49.9714596], [6.0625094, 49.9716342], [6.0624338, 49.9718015], [6.0622973, 49.971965], [6.0620162, 49.9720596], [6.0620864, 49.9722443], [6.0621763, 49.9724088], [6.0623909, 49.9726023], [6.0638312, 49.9736557], [6.0639272, 49.9739102], [6.0639702, 49.9743577], [6.0639186, 49.974545], [6.0636526, 49.9748821], [6.0643271, 49.9752419], [6.0641259, 49.9753946], [6.0639309, 49.9755119], [6.0634219, 49.9757516], [6.0625679, 49.9760198], [6.0623986, 49.9761157], [6.0622406, 49.9762052], [6.0620862, 49.976252], [6.0617809, 49.9762595], [6.0616291, 49.976255], [6.0615607, 49.9762198], [6.0614832, 49.97629], [6.061412, 49.9764461], [6.0614386, 49.9764811], [6.0621117, 49.976511], [6.0624863, 49.9765069], [6.0631045, 49.9765927], [6.0638674, 49.9765306], [6.0636798, 49.9767649], [6.0635024, 49.9769864], [6.0632459, 49.9774118], [6.0632362, 49.9776567], [6.0632942, 49.9779933], [6.0633773, 49.9780015], [6.0633945, 49.9782692], [6.0638416, 49.9783228], [6.063957, 49.9781626], [6.0640129, 49.9780799], [6.0640877, 49.9779201], [6.0641162, 49.9778263], [6.0641361, 49.9777499], [6.0641478, 49.977705], [6.0641926, 49.9775331], [6.0642443, 49.9774416], [6.0642799, 49.9773761], [6.0643522, 49.9773313], [6.0646285, 49.977261], [6.0646185, 49.9772496], [6.0645297, 49.9771484], [6.0650236, 49.9770545], [6.0651083, 49.9770042], [6.065117, 49.9769525], [6.0650858, 49.976872], [6.0648896, 49.976636], [6.065249, 49.9767254], [6.0656095, 49.9767585], [6.0656682, 49.9763174], [6.0657769, 49.9762142], [6.0659448, 49.975835], [6.0660387, 49.9755994], [6.0655584, 49.9754419], [6.0656916, 49.9751704], [6.0658019, 49.9743006], [6.0661143, 49.9746337], [6.0665542, 49.9749197], [6.0671305, 49.9751923], [6.0679545, 49.9756397], [6.0684243, 49.9757806], [6.068699, 49.9760642], [6.0687216, 49.9762327], [6.0684248, 49.9764108], [6.067884, 49.9769076], [6.0677209, 49.9771228], [6.0676601, 49.9773665], [6.0679518, 49.9774291], [6.0684274, 49.9774349], [6.068719, 49.9773317], [6.0692397, 49.9771583], [6.0693669, 49.9770739], [6.0692181, 49.9770104], [6.0696551, 49.9764921], [6.0697683, 49.9761811], [6.0697067, 49.9757524], [6.0691492, 49.975686], [6.0689268, 49.9754716], [6.0685628, 49.9751495], [6.0676258, 49.9744603], [6.0675436, 49.9743916], [6.0675377, 49.9743596], [6.0677938, 49.97429], [6.0678471, 49.9738988], [6.0678281, 49.9734183], [6.0677498, 49.9732717], [6.0675125, 49.9730292], [6.0671916, 49.9727595], [6.0672239, 49.9727376], [6.0674189, 49.9725904], [6.0677689, 49.972264], [6.0670206, 49.971987], [6.0675007, 49.9714437], [6.067488, 49.971389], [6.067366, 49.9713752], [6.0674581, 49.9707099], [6.0676265, 49.9702613], [6.0678293, 49.9698873], [6.0683069, 49.9695281], [6.0684414, 49.9695193], [6.0691114, 49.969908], [6.0699484, 49.9703906], [6.0700316, 49.9704385], [6.0700908, 49.9707236], [6.0703017, 49.9709884], [6.0703979, 49.9711092], [6.0709035, 49.971346], [6.0716974, 49.9716738], [6.0720294, 49.971852], [6.0722767, 49.9720382], [6.0717422, 49.9724215], [6.0716005, 49.9725523], [6.0713516, 49.9727068], [6.0712228, 49.9730877], [6.0715171, 49.9729675], [6.0718151, 49.9732368], [6.0720431, 49.9732663], [6.072496, 49.9733819], [6.0725974, 49.9734395], [6.0724847, 49.973561], [6.0724249, 49.9736241], [6.0721974, 49.9738647], [6.072133, 49.9739908], [6.0733951, 49.9743544], [6.0734106, 49.9744754], [6.0732098, 49.9747962], [6.0728842, 49.9751516], [6.0727592, 49.9752847], [6.0727829, 49.9754144], [6.0728965, 49.9760354], [6.0730632, 49.9763408], [6.0731437, 49.9764191], [6.0732667, 49.9765228], [6.073663, 49.9765994], [6.0740637, 49.9765526], [6.0744181, 49.9766412], [6.0749669, 49.9769465], [6.0762613, 49.977837], [6.0765204, 49.978032], [6.0763517, 49.9782422], [6.0761395, 49.9782735], [6.0759866, 49.9781708], [6.0759757, 49.9780704], [6.0749256, 49.9781734], [6.0745452, 49.9782232], [6.0743031, 49.9782608], [6.074523, 49.9788399], [6.0741548, 49.9788973], [6.0740318, 49.9789217], [6.073248, 49.9790913], [6.0731231, 49.9791616], [6.0725169, 49.9792879], [6.0721616, 49.9793135], [6.0721546, 49.9793985], [6.0721616, 49.9794507], [6.0721884, 49.9795002], [6.0722718, 49.9794895], [6.0728034, 49.9794504], [6.0728618, 49.9796007], [6.0731468, 49.980295], [6.0724381, 49.980328], [6.0722276, 49.9806556], [6.0720897, 49.9808761], [6.0721241, 49.9810472], [6.0722927, 49.9812556], [6.0726773, 49.9814161], [6.0731326, 49.9814791], [6.0736789, 49.9817924], [6.0740125, 49.982106], [6.0740651, 49.9823162], [6.0740548, 49.9824455], [6.0743484, 49.9824266], [6.0744522, 49.9826488], [6.0744488, 49.9828165], [6.0744083, 49.9828695], [6.075571, 49.9830733], [6.0755195, 49.9831895], [6.0758419, 49.9832424], [6.0763228, 49.9833273], [6.0767474, 49.9834286], [6.0769505, 49.9835016], [6.0770324, 49.9835975], [6.0771333, 49.983806], [6.0773147, 49.9837932], [6.0773351, 49.983961], [6.0773792, 49.9841626], [6.0775101, 49.9844378], [6.077718, 49.9847749], [6.0777542, 49.9849328], [6.0777663, 49.9850027], [6.0777498, 49.9850711], [6.0776899, 49.9851026], [6.0782143, 49.9852516], [6.0787842, 49.9853941], [6.0791476, 49.9854371], [6.0790994, 49.9857459], [6.0791167, 49.9860474], [6.0790898, 49.9863727], [6.0793891, 49.9864508], [6.0797028, 49.986232], [6.0797063, 49.9862292], [6.0799473, 49.986032], [6.0805007, 49.9863495], [6.0808335, 49.9865005], [6.0809943, 49.9866332], [6.0811068, 49.9870759], [6.0810827, 49.9871977], [6.0810111, 49.9872865], [6.0807668, 49.9874324], [6.0806778, 49.9875506], [6.080659, 49.987636], [6.080777, 49.9876515], [6.0808307, 49.9876332], [6.0813094, 49.9875748], [6.0813553, 49.9874581], [6.0813849, 49.9874673], [6.0814852, 49.9874768], [6.0815378, 49.9874946], [6.0816186, 49.9875219], [6.0820405, 49.9876642], [6.082193, 49.9877265], [6.0822925, 49.9877887], [6.0820525, 49.9880338], [6.0824513, 49.9881983], [6.0827489, 49.9883874], [6.0829926, 49.9882387], [6.0831159, 49.9881808], [6.0831956, 49.9881504], [6.0834543, 49.9880519], [6.0837897, 49.9884351], [6.0841919, 49.9881295]]]}}, {"type": "Feature", "properties": {"name": "Sicona Ouest", "kind": "nature_reserve"}, "geometry": {"type": "Polygon", "coordinates": [[[6.0335474, 49.5882531], [6.0329171, 49.5886261], [6.0329895, 49.5886974], [6.0325415, 49.5889278], [6.0319193, 49.5891591], [6.0320856, 49.5893694], [6.0325695, 49.589661], [6.0329742, 49.5892753], [6.0331198, 49.5891565], [6.0333263, 49.5890522], [6.0333756, 49.5890476], [6.0336681, 49.5885844], [6.0337056, 49.5884792], [6.0336801, 49.5883618], [6.0335474, 49.5882531]]]}}, {"type": "Feature", "properties": {"name": "Sonlez-Pamer", "kind": "nature_reserve"}, "geometry": {"type": "Polygon", "coordinates": [[[5.8045732, 49.9614945], [5.8045235, 49.9615025], [5.8020943, 49.9612351], [5.8020687, 49.9612498], [5.8020436, 49.9612691], [5.8007789, 49.9606625], [5.8000353, 49.9601882], [5.7996167, 49.9599261], [5.7990232, 49.9595977], [5.7980424, 49.9592243], [5.7977437, 49.9596926], [5.7973551, 49.9602664], [5.797026, 49.9601748], [5.796828, 49.9604324], [5.7961937, 49.9601985], [5.7963317, 49.9599867], [5.7945325, 49.9593689], [5.7943258, 49.9592963], [5.7941328, 49.9597117], [5.7936028, 49.9594247], [5.7932123, 49.9593213], [5.7925819, 49.9591855], [5.7914867, 49.9589987], [5.7907029, 49.9589978], [5.7904912, 49.9594705], [5.7904567, 49.9595403], [5.7904216, 49.9596112], [5.7904113, 49.9596445], [5.7901399, 49.9596922], [5.789656, 49.9598752], [5.7894777, 49.9599626], [5.7894416, 49.9599672], [5.7893953, 49.9601202], [5.7893875, 49.9601876], [5.7893059, 49.9604762], [5.7896276, 49.9604115], [5.7903379, 49.9601383], [5.790483, 49.9601077], [5.7909479, 49.9600081], [5.7912713, 49.9599564], [5.7922805, 49.9601242], [5.7928546, 49.960236], [5.7937365, 49.9604733], [5.7944772, 49.9606533], [5.7950221, 49.9607817], [5.7968107, 49.9612923], [5.7973757, 49.9615463], [5.7974733, 49.9614402], [5.7976573, 49.9615428], [5.7978136, 49.9616708], [5.7979026, 49.9617658], [5.797979, 49.9618352], [5.798043, 49.9618993], [5.7980679, 49.9618879], [5.7983501, 49.9617585], [5.7992073, 49.962276], [5.7997872, 49.962778], [5.7998502, 49.9628325], [5.7995062, 49.9629689], [5.7994291, 49.9630063], [5.7993833, 49.963096], [5.7993446, 49.963119], [5.7992556, 49.9631385], [5.799193, 49.963164], [5.7990985, 49.9632364], [5.7990221, 49.963275], [5.7989033, 49.9633186], [5.7987629, 49.9633992], [5.7987034, 49.9634852], [5.7981726, 49.9637701], [5.7980622, 49.9638035], [5.7980463, 49.9638034], [5.7980066, 49.9637816], [5.7979792, 49.9637798], [5.7979507, 49.9638123], [5.7979312, 49.9638191], [5.797894, 49.9638258], [5.7978701, 49.9638251], [5.7978381, 49.9638404], [5.7978158, 49.9638621], [5.7977933, 49.9639191], [5.7978014, 49.9639898], [5.7977564, 49.9640588], [5.7977225, 49.9640947], [5.7976531, 49.9641379], [5.7976016, 49.9641617], [5.7975523, 49.9641986], [5.7975202, 49.9642305], [5.797434, 49.964348], [5.7974873, 49.96436], [5.797529, 49.96436], [5.797579, 49.964355], [5.79764, 49.964344], [5.7976933, 49.96433], [5.797739, 49.96431], [5.7978115, 49.964275], [5.79788, 49.96425], [5.7979717, 49.96422], [5.7980747, 49.964188], [5.798155, 49.96417], [5.7982044, 49.964146], [5.7982655, 49.96412], [5.798315, 49.964085], [5.798376, 49.964043], [5.798437, 49.96399], [5.7985897, 49.963875], [5.798704, 49.963795], [5.798868, 49.963688], [5.798998, 49.963608], [5.7992916, 49.963444], [5.7995777, 49.963306], [5.7997074, 49.963245], [5.7999411, 49.9631028], [5.8002186, 49.96296], [5.8004704, 49.962936], [5.8007183, 49.962944], [5.800997, 49.963005], [5.801292, 49.9630178], [5.8014355, 49.963024], [5.801462, 49.963024], [5.802294, 49.96305], [5.8026867, 49.963036], [5.8027014, 49.9630797], [5.8027445, 49.9631192], [5.8027782, 49.96314], [5.803076, 49.963272], [5.803087, 49.96333], [5.803488, 49.9633], [5.803934, 49.96322], [5.80427, 49.963142], [5.804579, 49.96302], [5.804983, 49.962868], [5.8051231, 49.9628085], [5.805155, 49.962795], [5.8053256, 49.9627218], [5.8060351, 49.9624801], [5.8063841, 49.9623613], [5.8065434, 49.962307], [5.806593, 49.962303], [5.806757, 49.962334], [5.8070393, 49.9624], [5.8071957, 49.96246], [5.807243, 49.9624865], [5.807356, 49.962555], [5.8074894, 49.96266], [5.8076672, 49.962782], [5.8077692, 49.9628564], [5.8080235, 49.963024], [5.8080587, 49.9630401], [5.808157, 49.963085], [5.8085117, 49.963234], [5.8086033, 49.963264], [5.8090076, 49.96347], [5.8092213, 49.963566], [5.809576, 49.963707], [5.8096393, 49.9637325], [5.80986, 49.9638047], [5.8099678, 49.9638423], [5.8100262, 49.963846], [5.8101077, 49.9638453], [5.8105374, 49.9640923], [5.810484, 49.964153], [5.8103657, 49.964233], [5.810461, 49.964428], [5.8107324, 49.9643245], [5.8108722, 49.9642996], [5.810913, 49.9642915], [5.8109982, 49.9642882], [5.8110656, 49.9642899], [5.8111419, 49.9642994], [5.8114346, 49.9643674], [5.8115326, 49.9643935], [5.8116923, 49.9644514], [5.8121889, 49.9646724], [5.8124575, 49.9648169], [5.8125932, 49.9648914], [5.8126515, 49.9649164], [5.8127403, 49.9649416], [5.8129713, 49.9649757], [5.813279, 49.9649793], [5.8132924, 49.9649795], [5.8136176, 49.9650539], [5.8136898, 49.9651039], [5.8137574, 49.965135], [5.8138263, 49.9651532], [5.8138901, 49.9651586], [5.8140363, 49.9651565], [5.8140021, 49.9652433], [5.8139589, 49.9653684], [5.8160094, 49.9657965], [5.8159905, 49.9658867], [5.8174774, 49.9658381], [5.8174484, 49.9656839], [5.8173944, 49.9653994], [5.8176293, 49.9653652], [5.8177666, 49.9653452], [5.8177389, 49.9652009], [5.8182852, 49.9651264], [5.8181977, 49.9649504], [5.8183148, 49.9649401], [5.8191088, 49.9647538], [5.8197693, 49.9645639], [5.8196122, 49.9643524], [5.8195589, 49.9643158], [5.8194069, 49.9642485], [5.8187395, 49.9640485], [5.8185292, 49.9642639], [5.8181314, 49.9644178], [5.8179397, 49.9644618], [5.8173684, 49.9645613], [5.8168253, 49.9646042], [5.8163519, 49.9646499], [5.8159256, 49.9647138], [5.8155143, 49.9648129], [5.8150521, 49.9647026], [5.8146652, 49.9646414], [5.8144291, 49.9645901], [5.8141692, 49.964507], [5.8139217, 49.9644737], [5.8126817, 49.964427], [5.8126166, 49.9644225], [5.8125542, 49.9644112], [5.8124886, 49.9643922], [5.8121246, 49.9642452], [5.8117574, 49.9640968], [5.8116858, 49.9640688], [5.8114225, 49.9639665], [5.8112608, 49.9639337], [5.8109532, 49.9639059], [5.8108817, 49.9638955], [5.8104614, 49.9638111], [5.8104095, 49.9638599], [5.8101963, 49.9637525], [5.8102592, 49.9636932], [5.8100691, 49.9636028], [5.809969, 49.96356], [5.8099537, 49.96355], [5.8098125, 49.963497], [5.809328, 49.963333], [5.80916, 49.963272], [5.8088055, 49.963097], [5.8083744, 49.962914], [5.808317, 49.962822], [5.80826, 49.962746], [5.8082447, 49.96273], [5.808199, 49.962692], [5.808138, 49.962646], [5.807941, 49.9625059], [5.8079243, 49.962494], [5.8077282, 49.9622781], [5.8079772, 49.9622154], [5.808254, 49.9622207], [5.8092907, 49.9621924], [5.8094756, 49.962414], [5.8098176, 49.9625556], [5.8102186, 49.9626702], [5.8111713, 49.962199], [5.8112447, 49.9619603], [5.8112247, 49.9619624], [5.8108915, 49.9619399], [5.8103822, 49.9620526], [5.8102002, 49.9617094], [5.8102299, 49.9613358], [5.8114269, 49.9612516], [5.8114636, 49.961249], [5.811573, 49.9608804], [5.8115458, 49.9608772], [5.8109356, 49.9608046], [5.8100624, 49.9607709], [5.8103664, 49.9604832], [5.8105682, 49.9601581], [5.8096663, 49.9600467], [5.8089861, 49.9599536], [5.8077644, 49.9598147], [5.807417, 49.95978], [5.807501, 49.959625], [5.807501, 49.95937], [5.8077717, 49.95912], [5.808298, 49.95888], [5.8083977, 49.9588317], [5.808531, 49.9587698], [5.808817, 49.958557], [5.8090725, 49.958305], [5.8097324, 49.958485], [5.8097842, 49.9584984], [5.8100341, 49.9585622], [5.8100834, 49.958576], [5.8109264, 49.9588], [5.8110329, 49.9586734], [5.8111517, 49.9585587], [5.8120891, 49.9578903], [5.8125027, 49.9575582], [5.812671, 49.9574137], [5.8127879, 49.9573123], [5.8129087, 49.9571634], [5.8130291, 49.9569707], [5.8130614, 49.95689], [5.8130848, 49.9568007], [5.8131246, 49.9566482], [5.8131243, 49.956539], [5.8130879, 49.9563826], [5.8130319, 49.9562387], [5.8129722, 49.9561454], [5.8128736, 49.9560424], [5.8127511, 49.9559432], [5.8125193, 49.9557854], [5.8122958, 49.9556541], [5.8120528, 49.955534], [5.8118335, 49.9554414], [5.8114564, 49.9553126], [5.8111577, 49.9556844], [5.8109526, 49.9559046], [5.8107023, 49.9560761], [5.8104353, 49.9562591], [5.8103376, 49.9563806], [5.8099053, 49.9569185], [5.8097216, 49.9570717], [5.8094835, 49.957184], [5.8088758, 49.9573707], [5.8086627, 49.9574028], [5.8078532, 49.957432], [5.8075809, 49.9573609], [5.8075016, 49.9573402], [5.8074501, 49.9573732], [5.8067664, 49.9569927], [5.8067106, 49.9569616], [5.8062003, 49.9566431], [5.8061092, 49.9565627], [5.8061185, 49.9565324], [5.8060978, 49.9563595], [5.8057077, 49.9562679], [5.8055555, 49.9564007], [5.8057923, 49.9566166], [5.8058212, 49.9566429], [5.8057161, 49.9566541], [5.8055476, 49.9566395], [5.8054061, 49.9566144], [5.805078, 49.9565379], [5.8049132, 49.956513], [5.8043188, 49.9564343], [5.8043527, 49.9564812], [5.80443, 49.9565883], [5.8045638, 49.9567842], [5.8046721, 49.9569976], [5.8047008, 49.9571398], [5.8046763, 49.9572836], [5.8046244, 49.9574195], [5.8045783, 49.9575], [5.8045014, 49.9575707], [5.8043955, 49.957623], [5.8040409, 49.9577544], [5.8038628, 49.9578374], [5.8037481, 49.9579646], [5.8036677, 49.9581144], [5.803625, 49.958263], [5.8035886, 49.9586379], [5.8036355, 49.9589461], [5.8036319, 49.9591144], [5.8035907, 49.9592706], [5.8034878, 49.9594262], [5.8031537, 49.9597616], [5.8030745, 49.9598984], [5.8030652, 49.9599825], [5.8031, 49.9600821], [5.8031684, 49.9601667], [5.8044569, 49.9612122], [5.8045457, 49.9613314], [5.8045793, 49.9614091], [5.8046114, 49.9614832], [5.8045732, 49.9614945]]]}}, {"type": "Feature", "properties": {"name": "Sonnebierg", "kind": "nature_reserve"}, "geometry": {"type": "Polygon", "coordinates": [[[6.1436889, 49.6636675], [6.1441073, 49.6636072], [6.1441909, 49.6635961], [6.1443944, 49.6636022], [6.1446718, 49.6636654], [6.1447892, 49.663991], [6.1456496, 49.6653801], [6.1476955, 49.6658597], [6.1478135, 49.6657581], [6.1478966, 49.6656587], [6.1479711, 49.6655993], [6.1479342, 49.6654109], [6.1478913, 49.6652547], [6.1478162, 49.6651358], [6.1476673, 49.6650056], [6.147501, 49.664891], [6.1470598, 49.6644396], [6.1468251, 49.6642313], [6.1464939, 49.6639717], [6.1464013, 49.6637886], [6.1462913, 49.6635186], [6.1460709, 49.6632314], [6.1459306, 49.6628788], [6.1457428, 49.6626123], [6.1457147, 49.6625142], [6.1457241, 49.6624048], [6.1457737, 49.6622885], [6.1459896, 49.6619812], [6.1461438, 49.6618814], [6.1467473, 49.6616548], [6.1469557, 49.6615831], [6.1471872, 49.6615124], [6.1476071, 49.6614232], [6.1481972, 49.661326], [6.1486732, 49.661306], [6.1491157, 49.6612912], [6.1494684, 49.6613119], [6.149624, 49.6613128], [6.1503484, 49.6612955], [6.1505701, 49.6613187], [6.1508135, 49.6613614], [6.1511677, 49.6614531], [6.1513835, 49.6615151], [6.1513795, 49.6614248], [6.1510227, 49.6612293], [6.1501477, 49.6607929], [6.149793, 49.6606556], [6.1494848, 49.6605591], [6.1494564, 49.660548], [6.1490527, 49.6604577], [6.1478671, 49.6602493], [6.1475214, 49.6602003], [6.147261, 49.6601634], [6.1465086, 49.6600792], [6.1462095, 49.6600679], [6.1451903, 49.6600844], [6.1449003, 49.6600803], [6.1446222, 49.6600642], [6.1445464, 49.6600621], [6.1442562, 49.6600512], [6.1441751, 49.6604073], [6.1441155, 49.6605236], [6.1425579, 49.6605249], [6.1425645, 49.6606357], [6.1420782, 49.6607225], [6.1425097, 49.6617251], [6.1428621, 49.6625281], [6.1431558, 49.6624795], [6.1435473, 49.6633394], [6.1436489, 49.6635624], [6.1436889, 49.6636675]]]}}, {"type": "Feature", "properties": {"name": "Spillplatz", "kind": "park"}, "geometry": {"type": "Polygon", "coordinates": [[[5.9999749, 49.8022785], [5.9999914, 49.8022937], [6.0000168, 49.8023024], [6.0000455, 49.8023028], [6.0000714, 49.8022949], [6.0001063, 49.8022755], [6.0001264, 49.8022521], [6.0001472, 49.80224], [6.0001854, 49.8022331], [6.0002149, 49.8022218], [6.0002256, 49.8022045], [6.0002273, 49.8021855], [6.0002242, 49.8021603], [6.0001203, 49.8021712], [6.0000859, 49.8020285], [5.9995946, 49.8020834], [5.9995651, 49.8020942], [5.9995618, 49.8021149], [5.9996005, 49.8022508], [5.9996486, 49.8022369], [5.9997013, 49.802235], [5.9997516, 49.8022454], [5.9997928, 49.8022667], [5.9998195, 49.8022961], [5.9999749, 49.8022785]]]}}, {"type": "Feature", "properties": {"name": "Square Aloyse Meyer", "kind": "park"}, "geometry": {"type": "Polygon", "coordinates": [[[6.1447115, 49.6067971], [6.1443941, 49.6066753], [6.1443823, 49.6066363], [6.1445117, 49.6064863], [6.1445922, 49.6064727], [6.1449064, 49.6065903], [6.1449185, 49.6066322], [6.1447752, 49.6067875], [6.1447115, 49.6067971]]]}}, {"type": "Feature", "properties": {"name": "Square Robert Brasseur", "kind": "park"}, "geometry": {"type": "Polygon", "coordinates": [[[6.132362, 49.6128776], [6.1322959, 49.612893], [6.1322721, 49.6128901], [6.1315663, 49.6128129], [6.1315238, 49.6128085], [6.1314296, 49.6128296], [6.1314108, 49.6128444], [6.1314053, 49.6128617], [6.1313388, 49.613071], [6.1313108, 49.6131364], [6.1318134, 49.6131693], [6.1317596, 49.6133327], [6.131876, 49.6134545], [6.1319543, 49.6134201], [6.1320341, 49.6133901], [6.1320357, 49.6133814], [6.1321923, 49.6133032], [6.1322848, 49.6132439], [6.1323747, 49.6131726], [6.1325122, 49.6130345], [6.1324805, 49.6130254], [6.1324396, 49.6130138], [6.1325074, 49.6129194], [6.1325511, 49.6128278], [6.1325244, 49.6128196], [6.1324592, 49.6128429], [6.132362, 49.6128776]]]}}, {"type": "Feature", "properties": {"name": "Square Édouard André", "kind": "park"}, "geometry": {"type": "Polygon", "coordinates": [[[6.1189169, 49.624056], [6.1192195, 49.6240842], [6.1193004, 49.6237507], [6.1190285, 49.6237348], [6.1189741, 49.6237636], [6.1189169, 49.624056]]]}}, {"type": "Feature", "properties": {"name": "Steekollen", "kind": "nature_reserve"}, "geometry": {"type": "Polygon", "coordinates": [[[5.9060585, 49.6670515], [5.9062839, 49.6671308], [5.90511, 49.6674261], [5.9051075, 49.6674776], [5.9052697, 49.6675455], [5.9052025, 49.6676532], [5.9050316, 49.6676448], [5.9048513, 49.6677821], [5.9044754, 49.6672181], [5.9043843, 49.6671643], [5.9042528, 49.6669291], [5.9051313, 49.6669223], [5.9053337, 49.6666442], [5.9054923, 49.6662818], [5.9056838, 49.666127], [5.9060083, 49.6661236], [5.9061626, 49.666088], [5.9064992, 49.6661435], [5.906809, 49.6662329], [5.9071831, 49.666285], [5.9075466, 49.6663809], [5.9078752, 49.6663882], [5.9078069, 49.6664745], [5.9076431, 49.6665016], [5.907498, 49.6664742], [5.9072434, 49.6665211], [5.9070273, 49.6667917], [5.9067624, 49.6667533], [5.9065469, 49.6666766], [5.9063729, 49.666619], [5.9062997, 49.6666868], [5.9062642, 49.6668736], [5.9060585, 49.6670515]]]}}, {"type": "Feature", "properties": {"name": "Stengerscherswee", "kind": "park"}, "geometry": {"type": "Polygon", "coordinates": [[[5.8697309, 49.5142262], [5.8696486, 49.5142405], [5.8695994, 49.5142513], [5.8696182, 49.5143072], [5.8691503, 49.5143734], [5.869342, 49.5144399], [5.869702, 49.5143923], [5.8697667, 49.514516], [5.8707635, 49.5144779], [5.8707606, 49.5143052], [5.8704101, 49.5142646], [5.8697757, 49.5143098], [5.8697309, 49.5142262]]]}}, {"type": "Feature", "properties": {"name": "Stréissel", "kind": "nature_reserve"}, "geometry": {"type": "Polygon", "coordinates": [[[6.0989658, 49.5270643], [6.0990496, 49.5269572], [6.0991824, 49.5268205], [6.0993949, 49.5266208], [6.099466, 49.5265929], [6.0996236, 49.5265385], [6.0998134, 49.5264906], [6.100069, 49.5264363], [6.1001397, 49.5264245], [6.1001292, 49.5263771], [6.1000788, 49.526241], [6.0998607, 49.525709], [6.1002492, 49.5256719], [6.1005134, 49.5256301], [6.1005262, 49.5255605], [6.1004219, 49.5253735], [6.1000049, 49.5246272], [6.0998158, 49.5243092], [6.0997481, 49.5242029], [6.0996612, 49.5240666], [6.0995631, 49.5239126], [6.0994477, 49.5237316], [6.0994077, 49.5236633], [6.0993507, 49.523533], [6.0992826, 49.5233336], [6.099171, 49.5230926], [6.0991614, 49.5230726], [6.0991473, 49.5230432], [6.0989323, 49.5225951], [6.0988126, 49.5223547], [6.098808, 49.5223167], [6.0987814, 49.5223172], [6.098782, 49.5222175], [6.0983585, 49.522221], [6.0983871, 49.5220896], [6.0980719, 49.5220713], [6.0980864, 49.5220221], [6.0973833, 49.521865], [6.0973125, 49.5219529], [6.0971741, 49.5219107], [6.0971612, 49.5219326], [6.0970421, 49.5221418], [6.0969655, 49.5222781], [6.0966053, 49.5220853], [6.0963064, 49.5216999], [6.0960646, 49.521514], [6.0959412, 49.5213834], [6.0947835, 49.5209582], [6.0945716, 49.5208973], [6.0945998, 49.5208451], [6.0947326, 49.5206274], [6.0937206, 49.5202077], [6.0938241, 49.5200931], [6.0932844, 49.5198771], [6.0934693, 49.5197207], [6.0933378, 49.5196088], [6.093543, 49.519291], [6.0937549, 49.519244], [6.0938126, 49.5191752], [6.0937335, 49.5191617], [6.0938394, 49.5188696], [6.093883, 49.5188757], [6.0939386, 49.5185911], [6.0939706, 49.5184525], [6.0937713, 49.5184234], [6.0937361, 49.5184042], [6.0936734, 49.5183881], [6.0936208, 49.5183847], [6.0933486, 49.5186554], [6.0933203, 49.5186788], [6.0932802, 49.518712], [6.0919136, 49.519984], [6.0915095, 49.5203069], [6.0909678, 49.5207397], [6.0907921, 49.5208801], [6.0906248, 49.5210131], [6.0904166, 49.5211659], [6.0904542, 49.5212303], [6.0904314, 49.5212467], [6.090388, 49.5212779], [6.0903546, 49.5213583], [6.0903441, 49.5213835], [6.090271, 49.5215594], [6.0901701, 49.5216771], [6.0901447, 49.5217067], [6.0901863, 49.5217251], [6.0901391, 49.521777], [6.0903059, 49.5219116], [6.0905174, 49.5220937], [6.0909107, 49.5223788], [6.0911282, 49.5225398], [6.091404, 49.5228002], [6.0916353, 49.5230468], [6.0922905, 49.5238566], [6.0926194, 49.5242333], [6.0934176, 49.5248637], [6.0937256, 49.5252046], [6.094304, 49.5259259], [6.0946422, 49.5262756], [6.0947126, 49.5264711], [6.0947485, 49.5266484], [6.0947104, 49.5268394], [6.0945121, 49.5271451], [6.0944469, 49.5272188], [6.0966785, 49.5277565], [6.0974636, 49.527937], [6.0974971, 49.5278709], [6.0980933, 49.5280025], [6.0982861, 49.5277522], [6.0989658, 49.5270643]]]}}, {"type": "Feature", "properties": {"name": "Telpeschholz & Zone tampon", "kind": "nature_reserve"}, "geometry": {"type": "Polygon", "coordinates": [[[6.0236785, 49.6938166], [6.0243091, 49.6948151], [6.0250072, 49.6954103], [6.0251686, 49.6953579], [6.025398, 49.6952835], [6.026198, 49.6950196], [6.0272147, 49.6946842], [6.0291206, 49.6940107], [6.0284531, 49.6933448], [6.0291352, 49.6933807], [6.0293859, 49.6934127], [6.0291352, 49.6935541], [6.0294933, 49.6938713], [6.0300189, 49.6934515], [6.0299546, 49.6933812], [6.0299977, 49.6932246], [6.030073, 49.6931735], [6.0301429, 49.693072], [6.0303578, 49.692907], [6.030385, 49.6926403], [6.0303918, 49.6925501], [6.030438, 49.6925104], [6.030471, 49.6921378], [6.0304038, 49.6920305], [6.0305125, 49.6912792], [6.0304709, 49.6911256], [6.0304762, 49.6910076], [6.0301792, 49.6910008], [6.0301064, 49.6915275], [6.030008, 49.6917533], [6.0298057, 49.6922227], [6.0290386, 49.6920235], [6.0287891, 49.691935], [6.0290842, 49.6919541], [6.0290914, 49.6918878], [6.0284847, 49.6917755], [6.0287283, 49.6911656], [6.0286815, 49.6911574], [6.0287844, 49.6909117], [6.0288286, 49.6907896], [6.0289192, 49.6908584], [6.0290416, 49.6909122], [6.029377, 49.6902998], [6.0293685, 49.6895264], [6.0291804, 49.6888116], [6.029138, 49.688777], [6.0293612, 49.688685], [6.029571, 49.6885827], [6.0294811, 49.6882209], [6.0295085, 49.6882065], [6.0295019, 49.6879749], [6.0295415, 49.6879194], [6.0296328, 49.6878918], [6.0296512, 49.6877781], [6.0291367, 49.687751], [6.0287856, 49.6876492], [6.0279429, 49.6875407], [6.0275909, 49.6874838], [6.0272583, 49.6874214], [6.0266993, 49.6873577], [6.0265047, 49.6873179], [6.0261002, 49.6871593], [6.0259299, 49.6871112], [6.0256925, 49.68706], [6.0250072, 49.6869125], [6.0245164, 49.686778], [6.0239947, 49.6865585], [6.0236722, 49.686359], [6.0231364, 49.6860119], [6.0223049, 49.6853143], [6.0220273, 49.6850461], [6.0219025, 49.6849571], [6.0217503, 49.6848856], [6.0214254, 49.6848214], [6.0211408, 49.6847693], [6.0207767, 49.6846453], [6.0205252, 49.684601], [6.020249, 49.6845924], [6.0189149, 49.6860485], [6.0184492, 49.686601], [6.0183586, 49.6867021], [6.0182453, 49.6868845], [6.0180242, 49.687125], [6.0179081, 49.6872953], [6.0175811, 49.6879032], [6.017071, 49.6884347], [6.0168556, 49.6886177], [6.0165134, 49.6889153], [6.0163785, 49.6889905], [6.0162232, 49.689029], [6.0160524, 49.6890278], [6.0145443, 49.6884916], [6.0135893, 49.6881958], [6.0134885, 49.6881343], [6.0133808, 49.6880779], [6.013303, 49.6883221], [6.0132792, 49.6883966], [6.0132506, 49.6885639], [6.0132335, 49.6886112], [6.0131942, 49.6887459], [6.0138807, 49.6889119], [6.0162082, 49.6896134], [6.0166535, 49.6897513], [6.0163584, 49.6899665], [6.0170075, 49.6901123], [6.0187982, 49.6897191], [6.0195575, 49.6902866], [6.0204219, 49.6909512], [6.0229248, 49.6928504], [6.022899, 49.6929102], [6.0233829, 49.6933], [6.0234731, 49.6934002], [6.0236785, 49.6938166]]]}}, {"type": "Feature", "properties": {"name": "Um Bierg", "kind": "nature_reserve"}, "geometry": {"type": "Polygon", "coordinates": [[[6.1168512, 49.5153208], [6.1170673, 49.514908], [6.1177379, 49.5151214], [6.1181805, 49.5153268], [6.1186633, 49.5155976], [6.1197415, 49.5163029], [6.120111, 49.5165166], [6.1212569, 49.5171732], [6.1220719, 49.517726], [6.1217496, 49.517972], [6.1215879, 49.5180845], [6.1207911, 49.5186371], [6.1206114, 49.5187218], [6.1204655, 49.5187906], [6.1201694, 49.5189063], [6.1197509, 49.5190324], [6.1183635, 49.519979], [6.1187861, 49.5202334], [6.1181788, 49.5206677], [6.118153, 49.5206861], [6.1174464, 49.5207325], [6.1169835, 49.5206744], [6.1170298, 49.520408], [6.1170579, 49.5199797], [6.1171585, 49.5191038], [6.1171478, 49.5186197], [6.1171049, 49.5181931], [6.116944, 49.5173782], [6.1169936, 49.5169664], [6.1169976, 49.5167513], [6.1167686, 49.5156971], [6.1167582, 49.5156494], [6.1167607, 49.5155915], [6.1167629, 49.5155432], [6.1167654, 49.515488], [6.1168512, 49.5153208]]]}}, {"type": "Feature", "properties": {"name": "Um Kiem", "kind": "park"}, "geometry": {"type": "Polygon", "coordinates": [[[6.0787453, 49.6174631], [6.0782008, 49.6179323], [6.0781445, 49.6180365], [6.078182, 49.6181339], [6.0793541, 49.6179253], [6.0794105, 49.6177342], [6.0787453, 49.6174631]]]}}, {"type": "Feature", "properties": {"name": "Vallée de la Pétrusse", "kind": "park"}, "geometry": {"type": "Polygon", "coordinates": [[[6.1235013, 49.6034984], [6.1235177, 49.6034691], [6.1235489, 49.6034406], [6.1236631, 49.6033835], [6.123697, 49.6033746], [6.1237733, 49.6033545], [6.1244038, 49.6031883], [6.1244622, 49.6032346], [6.1250838, 49.6028804], [6.1252078, 49.6027905], [6.1252823, 49.6026975], [6.1257859, 49.6018096], [6.1257624, 49.6017714], [6.125704, 49.6017562], [6.1256041, 49.6017523], [6.125521, 49.6017649], [6.1254432, 49.6018001], [6.1253875, 49.6018514], [6.1253327, 49.6019313], [6.1253232, 49.6024224], [6.1252917, 49.6025111], [6.1252333, 49.6026119], [6.1250925, 49.6027444], [6.1249343, 49.60283], [6.1246788, 49.6029252], [6.1245004, 49.6029421], [6.1243643, 49.6029317], [6.1242577, 49.6029078], [6.1241505, 49.6028501], [6.1240915, 49.6028183], [6.124051, 49.6027966], [6.1239968, 49.6027479], [6.1239599, 49.6026866], [6.1239384, 49.6026061], [6.1239254, 49.6025714], [6.1239084, 49.6025256], [6.1236287, 49.6025932], [6.1233102, 49.6026879], [6.1230382, 49.6027755], [6.1227439, 49.6028913], [6.1225775, 49.6029841], [6.1224646, 49.6030803], [6.1221297, 49.6028153], [6.1219556, 49.6029107], [6.1219151, 49.6029324], [6.1217344, 49.6030343], [6.1216338, 49.6031177], [6.1215533, 49.6032246], [6.1215171, 49.6033272], [6.1215151, 49.6034202], [6.121556, 49.6035705], [6.1216825, 49.6037663], [6.1217233, 49.6038282], [6.1217255, 49.6038777], [6.1217061, 49.6039256], [6.1216669, 49.6039682], [6.1216108, 49.6040018], [6.1216257, 49.6040342], [6.1218135, 49.6040042], [6.1219055, 49.6041836], [6.1221313, 49.6045352], [6.122653, 49.6053374], [6.123113, 49.6052001], [6.1231989, 49.6055452], [6.1233481, 49.6060152], [6.123398, 49.6059988], [6.1234828, 49.6059719], [6.1237537, 49.6063867], [6.123801, 49.6063745], [6.1239949, 49.6066519], [6.1243153, 49.6065535], [6.1245668, 49.6068346], [6.1243549, 49.6069153], [6.124713, 49.6072251], [6.1248934, 49.6071269], [6.1250865, 49.6072603], [6.1253606, 49.6074293], [6.1251442, 49.6076454], [6.1252695, 49.6077657], [6.1252467, 49.6077909], [6.125464, 49.6079356], [6.1253855, 49.6079899], [6.1256357, 49.6082102], [6.1255941, 49.6082877], [6.1254351, 49.608248], [6.125396, 49.6082849], [6.1253715, 49.608308], [6.1253403, 49.6083393], [6.1254258, 49.6083763], [6.1248974, 49.6088329], [6.1248773, 49.6088501], [6.1250401, 49.6089141], [6.1250935, 49.6089356], [6.1253011, 49.6090362], [6.1256321, 49.6092039], [6.1256544, 49.6092152], [6.1256668, 49.6092043], [6.1256925, 49.6092153], [6.1257265, 49.6092174], [6.1257802, 49.6092135], [6.125862, 49.6091911], [6.1259213, 49.6091674], [6.1260276, 49.6090886], [6.1260991, 49.6090954], [6.1261573, 49.6090897], [6.1262063, 49.6090753], [6.1262539, 49.6090562], [6.1262915, 49.6090286], [6.1262754, 49.6090229], [6.1263087, 49.6089836], [6.1263247, 49.6089892], [6.1265652, 49.6090749], [6.1265834, 49.6090815], [6.1265504, 49.6091205], [6.1265322, 49.609114], [6.1265236, 49.6091483], [6.1265296, 49.6091892], [6.1265568, 49.6092243], [6.1266035, 49.6092565], [6.1266816, 49.6092831], [6.126759, 49.6092942], [6.1267644, 49.6093964], [6.126766, 49.6094285], [6.127091, 49.6094495], [6.1271272, 49.6094519], [6.1271563, 49.6094538], [6.1271575, 49.6094464], [6.1271702, 49.6093687], [6.1271726, 49.6093535], [6.1272118, 49.6093562], [6.1272183, 49.609316], [6.1275187, 49.6093365], [6.1275123, 49.609376], [6.1275526, 49.6093788], [6.1275427, 49.6094419], [6.1275362, 49.6094797], [6.1277629, 49.6094951], [6.1285951, 49.6094667], [6.1285999, 49.6094664], [6.1285363, 49.609263], [6.1293287, 49.6088815], [6.129918, 49.6091099], [6.1299865, 49.6091948], [6.1300913, 49.609317], [6.1301332, 49.6093671], [6.1301446, 49.6093808], [6.130177, 49.6093662], [6.1317554, 49.6086564], [6.1315469, 49.608434], [6.131794, 49.6082628], [6.131939, 49.6081735], [6.1319226, 49.6081642], [6.1318658, 49.6081018], [6.1318589, 49.6080845], [6.1318167, 49.6078307], [6.1318072, 49.6077729], [6.1317872, 49.6076525], [6.1317838, 49.6076334], [6.1317786, 49.607601], [6.1320028, 49.6075967], [6.1322225, 49.6075927], [6.1323532, 49.6075901], [6.1323929, 49.6076039], [6.1326016, 49.6076762], [6.1326751, 49.6077017], [6.1326976, 49.6076745], [6.1327443, 49.6076914], [6.1331542, 49.6071536], [6.1333968, 49.6068322], [6.1334105, 49.6068348], [6.1334408, 49.6068411], [6.1334613, 49.6068444], [6.1335066, 49.6067732], [6.1335463, 49.6066644], [6.1336198, 49.6066773], [6.1337023, 49.6066877], [6.1337299, 49.6066669], [6.1337587, 49.6066752], [6.1337768, 49.6066804], [6.133856, 49.6065761], [6.1344367, 49.6067775], [6.13449, 49.6069296], [6.1353315, 49.6069264], [6.1353962, 49.6068147], [6.1357392, 49.6069035], [6.1357909, 49.6068922], [6.1358046, 49.6068892], [6.1360295, 49.6069159], [6.1360627, 49.6069046], [6.1361176, 49.6069101], [6.1361642, 49.6068736], [6.1361884, 49.6068547], [6.1364155, 49.6066767], [6.1365456, 49.6067358], [6.1369391, 49.6069162], [6.1369363, 49.6069905], [6.1370471, 49.6069063], [6.1371182, 49.6068318], [6.1371242, 49.606791], [6.1371179, 49.6067593], [6.1371021, 49.6067332], [6.137077, 49.6067097], [6.1369836, 49.6066178], [6.1367245, 49.6063934], [6.1365536, 49.6062717], [6.1364668, 49.6062149], [6.1361834, 49.606064], [6.1359102, 49.6059391], [6.1352842, 49.6056877], [6.1351629, 49.6056496], [6.1350844, 49.6056247], [6.134522, 49.6054552], [6.1343562, 49.6054173], [6.1342308, 49.6055104], [6.1340176, 49.6054626], [6.1340582, 49.6053482], [6.133726, 49.6052978], [6.1337091, 49.6052981], [6.1336281, 49.6052998], [6.1334974, 49.6053026], [6.1334796, 49.6053029], [6.1334857, 49.6054315], [6.1330966, 49.6054505], [6.1331199, 49.605621], [6.1329474, 49.6056825], [6.1329504, 49.6057387], [6.1326493, 49.605863], [6.1322798, 49.6059536], [6.1322843, 49.6060189], [6.1322933, 49.60615], [6.132199, 49.6061647], [6.1320912, 49.6061815], [6.1320247, 49.6061919], [6.1317833, 49.6062296], [6.1313948, 49.606493], [6.1313406, 49.6065297], [6.1312259, 49.6064591], [6.1308658, 49.606713], [6.1305163, 49.6065155], [6.1305213, 49.6066333], [6.1303771, 49.6067606], [6.1303329, 49.6067717], [6.1302893, 49.6067623], [6.1302552, 49.6067458], [6.130222, 49.6067265], [6.1301951, 49.6067143], [6.130147, 49.6066923], [6.1302307, 49.6066116], [6.1302591, 49.6066253], [6.1302814, 49.6066355], [6.1305568, 49.6064051], [6.1305689, 49.6063608], [6.1306065, 49.6063295], [6.1306869, 49.6062874], [6.1307348, 49.6062502], [6.1307727, 49.6062091], [6.1308029, 49.6061648], [6.1308495, 49.6060668], [6.1308881, 49.6060019], [6.1314451, 49.6055082], [6.1316639, 49.6053835], [6.1317766, 49.6052876], [6.1320227, 49.6051476], [6.1322338, 49.6050692], [6.1323854, 49.6050272], [6.1326664, 49.6049707], [6.1327167, 49.6049508], [6.1327384, 49.6049333], [6.1327445, 49.6049112], [6.1327333, 49.6048899], [6.1327078, 49.6048747], [6.1326741, 49.6048694], [6.1326178, 49.6048739], [6.1320636, 49.6050298], [6.1317645, 49.6051219], [6.1315221, 49.6052375], [6.131253, 49.6054135], [6.1311849, 49.6054581], [6.1311558, 49.6054771], [6.1303248, 49.606265], [6.13035, 49.6062863], [6.1303446, 49.6063258], [6.1303265, 49.6063671], [6.1302843, 49.606398], [6.1302336, 49.6064225], [6.1301434, 49.6064372], [6.1292258, 49.6073085], [6.1290382, 49.6074602], [6.1288469, 49.6075543], [6.1286826, 49.6076223], [6.128522, 49.6076644], [6.1283547, 49.6076896], [6.1281884, 49.6077074], [6.1280623, 49.6077137], [6.1279278, 49.6077156], [6.1278251, 49.6077989], [6.1277663, 49.6077996], [6.1277093, 49.6078059], [6.127658, 49.6078208], [6.1276175, 49.60784], [6.1275851, 49.6078635], [6.1275629, 49.6078895], [6.1275806, 49.6078958], [6.1275474, 49.6079352], [6.1275297, 49.6079289], [6.1272891, 49.6078434], [6.1272727, 49.6078376], [6.127306, 49.6077983], [6.1273222, 49.607804], [6.1273442, 49.6077772], [6.1273576, 49.6077478], [6.1273623, 49.6077118], [6.1273539, 49.6076755], [6.127332, 49.6076413], [6.127298, 49.6076073], [6.1273054, 49.6075901], [6.1273488, 49.6074995], [6.1272977, 49.6074557], [6.1272407, 49.6074068], [6.127176, 49.6073429], [6.1271399, 49.6072804], [6.1270852, 49.6072281], [6.1270428, 49.6071946], [6.1269865, 49.6071597], [6.1265932, 49.6069661], [6.1262358, 49.6067636], [6.1256833, 49.6070856], [6.1254586, 49.6069635], [6.1249986, 49.6066228], [6.1248236, 49.6064316], [6.1244582, 49.6059713], [6.1244287, 49.6059304], [6.1241531, 49.6054826], [6.1240143, 49.6055113], [6.1238694, 49.605294], [6.1239848, 49.605261], [6.1237836, 49.6050115], [6.1242409, 49.6048842], [6.12408, 49.6046404], [6.1236012, 49.6047395], [6.1234101, 49.6042619], [6.1234362, 49.6038939], [6.1234548, 49.6037812], [6.1233987, 49.6037374], [6.123449, 49.6035462], [6.1234017, 49.603503], [6.1234148, 49.6034794], [6.1235013, 49.6034984]]]}}, {"type": "Feature", "properties": {"name": "Wolfswiss", "kind": "nature_reserve"}, "geometry": {"type": "Polygon", "coordinates": [[[5.9705376, 49.5417982], [5.9703031, 49.5419495], [5.9700017, 49.5421131], [5.9695525, 49.5423382], [5.9689268, 49.5426975], [5.9689149, 49.542681], [5.9688566, 49.5425997], [5.9687278, 49.542608], [5.9685239, 49.5424618], [5.9685427, 49.5423835], [5.9685051, 49.54234], [5.968363, 49.5423182], [5.9683843, 49.5422547], [5.9683308, 49.5422137], [5.9682574, 49.5422138], [5.968074, 49.5421677], [5.9682447, 49.5421325], [5.9682622, 49.5420985], [5.9689878, 49.5418841], [5.9690309, 49.5418713], [5.9690825, 49.5418935], [5.9691435, 49.5419057], [5.9692132, 49.5419053], [5.9705376, 49.5417982]]]}}, {"type": "Feature", "properties": {"name": "Wäschbour Park", "kind": "park"}, "geometry": {"type": "Polygon", "coordinates": [[[6.0043126, 49.8029784], [6.0043291, 49.8030114], [6.0043398, 49.8030327], [6.004369, 49.8031004], [6.0036765, 49.8032333], [6.0035432, 49.8032333], [6.0034678, 49.8032107], [6.0034294, 49.8031998], [6.0035157, 49.8031383], [6.0035563, 49.8031541], [6.0035596, 49.8032017], [6.0036677, 49.8032005], [6.0037841, 49.8031981], [6.0037841, 49.8031457], [6.0037897, 49.8031135], [6.0036844, 49.8031099], [6.0036535, 49.8030511], [6.0037118, 49.8030498], [6.0037112, 49.8030448], [6.0037098, 49.8030346], [6.0040189, 49.8030372], [6.0041857, 49.8030038], [6.0043126, 49.8029784]]]}}, {"type": "Feature", "properties": {"name": "Zeiwelt", "kind": "nature_reserve"}, "geometry": {"type": "Polygon", "coordinates": [[[6.0453147, 49.5925714], [6.0451589, 49.5932504], [6.0444369, 49.5930373], [6.0438311, 49.5930014], [6.0436769, 49.5929923], [6.043151, 49.5929611], [6.0432209, 49.5926592], [6.0432425, 49.592566], [6.0432664, 49.5924626], [6.0437277, 49.5925356], [6.0437435, 49.5924506], [6.0437863, 49.592221], [6.0438142, 49.5920708], [6.0438312, 49.5919797], [6.0438839, 49.5916968], [6.0447975, 49.5916853], [6.0451633, 49.5917153], [6.0452659, 49.5917237], [6.0453206, 49.5917592], [6.0453147, 49.5925714]]]}}, {"type": "Feature", "properties": {"name": "am Lëschbur", "kind": "park"}, "geometry": {"type": "Polygon", "coordinates": [[[5.8508352, 49.5512971], [5.8518405, 49.5514442], [5.8516228, 49.5520362], [5.8519743, 49.5520925], [5.8521979, 49.5514686], [5.8523628, 49.5508591], [5.85181, 49.550717], [5.8518344, 49.5506113], [5.851772, 49.5505287], [5.8516748, 49.5507743], [5.8508943, 49.5506664], [5.8510037, 49.5503467], [5.850077, 49.5502248], [5.8499275, 49.5504177], [5.849525, 49.5503847], [5.8495263, 49.5504337], [5.8495272, 49.5504668], [5.8495332, 49.550684], [5.8498778, 49.5507278], [5.8498592, 49.5508021], [5.8495893, 49.5507701], [5.8495849, 49.5507911], [5.849664, 49.5508019], [5.8496325, 49.5509203], [5.8496935, 49.550925], [5.8503136, 49.5509626], [5.850295, 49.5510838], [5.8496963, 49.5510693], [5.8496895, 49.5511488], [5.8504615, 49.5512601], [5.8505027, 49.5511441], [5.8508635, 49.551205], [5.8508352, 49.5512971]]]}}, {"type": "Feature", "properties": {"name": "Ënneschte Bësch", "kind": "nature_reserve"}, "geometry": {"type": "Polygon", "coordinates": [[[6.0593646, 49.5881354], [6.0591866, 49.5884879], [6.0595172, 49.5885396], [6.0594936, 49.5886058], [6.0594749, 49.5886583], [6.0591839, 49.5886165], [6.0587588, 49.5914177], [6.0587709, 49.5914794], [6.0589474, 49.5914645], [6.0589559, 49.5915399], [6.0589841, 49.5915681], [6.0592215, 49.5915568], [6.0591926, 49.5916489], [6.0593425, 49.5916832], [6.0596742, 49.5917148], [6.0600382, 49.5917332], [6.0605706, 49.591655], [6.0608013, 49.591642], [6.0613927, 49.5915524], [6.0615993, 49.5915602], [6.0619225, 49.5916037], [6.0622028, 49.5916585], [6.0624495, 49.5917437], [6.0624106, 49.5918923], [6.0628435, 49.5920441], [6.0632262, 49.5921517], [6.0637839, 49.5922618], [6.0641393, 49.592294], [6.0641366, 49.592367], [6.0644799, 49.5929095], [6.064657, 49.5929981], [6.0646489, 49.5931129], [6.064783, 49.5931755], [6.0648045, 49.5933406], [6.0649882, 49.5935006], [6.065188, 49.5935736], [6.0652551, 49.5936849], [6.0655314, 49.5938101], [6.0657419, 49.5939935], [6.0658908, 49.5939683], [6.0664701, 49.5943403], [6.0665694, 49.5944812], [6.066446, 49.5946724], [6.0666203, 49.5948237], [6.0664353, 49.5952757], [6.0665372, 49.595427], [6.0663468, 49.5955365], [6.0664728, 49.5958129], [6.0667732, 49.5961328], [6.0668459, 49.5962194], [6.066965, 49.5963157], [6.0670948, 49.5964205], [6.067239, 49.596537], [6.0674947, 49.5966491], [6.0677832, 49.5966379], [6.0682137, 49.5964538], [6.0683236, 49.596291], [6.0685901, 49.5962605], [6.0693037, 49.5957583], [6.069597, 49.595597], [6.0698692, 49.5952592], [6.06989, 49.595161], [6.0700428, 49.5950253], [6.070185, 49.5949871], [6.0703298, 49.5950166], [6.0704365, 49.5950896], [6.0704317, 49.5951628], [6.0703543, 49.5952614], [6.0698916, 49.5954518], [6.0698026, 49.5955629], [6.0698275, 49.5957181], [6.0694869, 49.5960936], [6.0691805, 49.5961993], [6.0687596, 49.5964504], [6.0685901, 49.5966301], [6.0686991, 49.5967691], [6.0690678, 49.5969276], [6.0695198, 49.5969815], [6.0698971, 49.5970271], [6.0704216, 49.5970686], [6.0707741, 49.5971805], [6.0708824, 49.597348], [6.0694098, 49.5984919], [6.0694286, 49.5986466], [6.069434, 49.5987118], [6.0695842, 49.5987518], [6.0696453, 49.5988069], [6.0697317, 49.5988848], [6.069809, 49.5990431], [6.0699243, 49.5991814], [6.0702611, 49.5993211], [6.0705003, 49.5993366], [6.0706112, 49.5993517], [6.0707054, 49.5994368], [6.0708609, 49.5995028], [6.0709709, 49.5996584], [6.0709789, 49.599741], [6.0710219, 49.5997853], [6.0713236, 49.5998583], [6.0715047, 49.5999061], [6.0717756, 49.5999279], [6.0718963, 49.5999852], [6.0719579, 49.6001599], [6.0721926, 49.6002929], [6.0723688, 49.6003575], [6.0726647, 49.6003416], [6.0728095, 49.600379], [6.0730689, 49.6005549], [6.0731199, 49.600631], [6.0731367, 49.6007257], [6.0732333, 49.6009066], [6.0734157, 49.6011074], [6.0735244, 49.6011439], [6.0736813, 49.6011552], [6.0738543, 49.6012299], [6.0739213, 49.6013603], [6.0741265, 49.6014898], [6.0741665, 49.6014632], [6.0749661, 49.6008672], [6.075614, 49.6001125], [6.0756306, 49.6000787], [6.075642, 49.6000548], [6.0754744, 49.5982711], [6.0755226, 49.5978278], [6.0758337, 49.5973619], [6.0756839, 49.5969774], [6.0766116, 49.5970029], [6.0768221, 49.5969056], [6.0778629, 49.5955582], [6.0757213, 49.5939232], [6.0748259, 49.5934424], [6.0743196, 49.5928008], [6.0731146, 49.5918018], [6.0729772, 49.5917724], [6.072918, 49.5917303], [6.0728429, 49.5916777], [6.0714684, 49.5907552], [6.071054, 49.5904979], [6.070362, 49.5901675], [6.0699892, 49.5900371], [6.0690705, 49.5897789], [6.0647386, 49.5885622], [6.064695, 49.5885342], [6.0646012, 49.5884738], [6.0649418, 49.5879634], [6.0604747, 49.5873476], [6.0603949, 49.587542], [6.0599644, 49.5874724], [6.0599099, 49.587503], [6.0593646, 49.5881354]]]}}, {"type": "Feature", "properties": {"name": "Kinnekswiss", "kind": "park"}, "geometry": {"type": "Polygon", "coordinates": [[[6.1246372, 49.6151901], [6.1247626, 49.6152577], [6.1248846, 49.6153824], [6.1249862, 49.6155548], [6.1250605, 49.6156381], [6.1251648, 49.6157371], [6.1253171, 49.6158355], [6.1255364, 49.6159454], [6.1257, 49.6159671], [6.1258616, 49.6159667], [6.1259944, 49.615955], [6.1261429, 49.6159202], [6.1262801, 49.6158598], [6.1263748, 49.6158039], [6.1264805, 49.6156856], [6.1265717, 49.615557], [6.126612, 49.6154545], [6.1266319, 49.6153539], [6.1265758, 49.6151756], [6.1264926, 49.6150648], [6.1262834, 49.6149031], [6.1260782, 49.6148358], [6.1250456, 49.6145234], [6.1246734, 49.6145947], [6.1245212, 49.6146373], [6.1243583, 49.6147002], [6.1243241, 49.6147546], [6.1243318, 49.6148178], [6.1243656, 49.6148968], [6.1244321, 49.6149686], [6.1246372, 49.6151901]]]}}]}