{"type": "FeatureCollection", "features": [{"type": "Feature", "properties": {"name": "Quartier Européen Sud"}, "geometry": {"type": "Point", "coordinates": [6.1434744, 49.6186422]}}, {"type": "Feature", "properties": {"name": "Grünewald"}, "geometry": {"type": "Point", "coordinates": [6.1743204, 49.6311566]}}, {"type": "Feature", "properties": {"name": "Quartier Européen Nord"}, "geometry": {"type": "Point", "coordinates": [6.1449582, 49.6220263]}}, {"type": "Feature", "properties": {"name": "Hollerich"}, "geometry": {"type": "Polygon", "coordinates": [[[6.1270466, 49.6084673], [6.1262975, 49.6081996], [6.1259301, 49.6080048], [6.1256829, 49.6077797], [6.1254825, 49.607533], [6.1251686, 49.6073079], [6.1247345, 49.6070196], [6.1243708, 49.6066757], [6.124081, 49.6062555], [6.1236789, 49.6055849], [6.1233516, 49.6051044], [6.1231378, 49.6047105], [6.1226969, 49.6041044], [6.1224919, 49.6038449], [6.1224144, 49.6035889], [6.122403, 49.6033641], [6.1224631, 49.6032342], [6.1224941, 49.6031021], [6.1226691, 49.6029786], [6.1230807, 49.6028063], [6.1233108, 49.6027332], [6.1237175, 49.6026295], [6.1242438, 49.6025199], [6.124387, 49.6024506], [6.1244738, 49.6022558], [6.124482, 49.602054], [6.1244285, 49.6018517], [6.1249809, 49.6017479], [6.1256204, 49.6016415], [6.1255562, 49.6014067], [6.1254152, 49.6012684], [6.1252555, 49.601087], [6.1251748, 49.6008415], [6.1252333, 49.6008293], [6.1251409, 49.6006589], [6.1249982, 49.6003959], [6.1252971, 49.5998035], [6.1253323, 49.5997522], [6.1247133, 49.5996227], [6.1247601, 49.5993945], [6.1241377, 49.5992605], [6.1241588, 49.599153], [6.1245055, 49.5991151], [6.1245139, 49.5988546], [6.1249731, 49.5988117], [6.1249889, 49.5985043], [6.1246842, 49.5985225], [6.1243021, 49.5982347], [6.1243399, 49.5979198], [6.1246859, 49.5979303], [6.1248696, 49.5976721], [6.1250178, 49.5976845], [6.1250038, 49.5975273], [6.1249823, 49.5968795], [6.1249739, 49.5964321], [6.1249775, 49.5963227], [6.1248427, 49.5961635], [6.1247268, 49.596125], [6.1244301, 49.5960548], [6.1246821, 49.5953614], [6.1148662, 49.5965868], [6.1077093, 49.5974096], [6.1017719, 49.5977983], [6.0984488, 49.5981291], [6.0954936, 49.598885], [6.0964474, 49.5992854], [6.0974419, 49.5996295], [6.0981605, 49.5998376], [6.0990518, 49.6000503], [6.1012064, 49.6003733], [6.103368, 49.6004637], [6.1066523, 49.6002829], [6.1078656, 49.6023572], [6.1078238, 49.6026419], [6.1082143, 49.602895], [6.1076774, 49.6035819], [6.1073967, 49.60347], [6.1072873, 49.6035756], [6.1062934, 49.6032274], [6.1061868, 49.60319], [6.1061538, 49.603234], [6.1061012, 49.6033006], [6.1060662, 49.603345], [6.1056002, 49.6038963], [6.1064297, 49.6041758], [6.1067877, 49.6043102], [6.1064972, 49.6048438], [6.1063014, 49.6053672], [6.1061982, 49.6060341], [6.1064897, 49.6061984], [6.1070793, 49.606349], [6.1071928, 49.6062839], [6.1073154, 49.6063784], [6.107857, 49.6062603], [6.1081073, 49.6062826], [6.1079227, 49.6065252], [6.1086067, 49.6066971], [6.1086816, 49.6066039], [6.1096122, 49.6068418], [6.1094265, 49.6070606], [6.109405, 49.607086], [6.1093788, 49.6071168], [6.1092875, 49.6072244], [6.1094389, 49.6072684], [6.1095035, 49.6072871], [6.1098687, 49.6073932], [6.1099178, 49.6073222], [6.110166, 49.6069544], [6.1103601, 49.60707], [6.111253, 49.607328], [6.111542, 49.6074115], [6.111542, 49.607405], [6.1117157, 49.6073763], [6.1117468, 49.6074643], [6.1120529, 49.6075391], [6.1130025, 49.6073403], [6.1126725, 49.6071873], [6.1136904, 49.606927], [6.1137327, 49.6070476], [6.1142061, 49.6069568], [6.1146384, 49.6072672], [6.1151161, 49.6071734], [6.1150341, 49.6069295], [6.1159196, 49.6067544], [6.1159654, 49.60682], [6.1163997, 49.606734], [6.1163105, 49.6063682], [6.1175168, 49.6061759], [6.1175603, 49.6063823], [6.1178787, 49.6063537], [6.1179053, 49.6064167], [6.1185061, 49.6063369], [6.1185133, 49.6062056], [6.1186484, 49.606179], [6.1186147, 49.6060483], [6.1198457, 49.605938], [6.1200048, 49.605703], [6.1218839, 49.6053203], [6.1220948, 49.6053021], [6.1221885, 49.605542], [6.1226712, 49.6060188], [6.1231258, 49.6065988], [6.1231211, 49.6070422], [6.1233413, 49.6073368], [6.1236178, 49.6074673], [6.1241848, 49.6076495], [6.1245165, 49.6077707], [6.1246863, 49.6078317], [6.1249299, 49.6079532], [6.1255626, 49.6083085], [6.1259937, 49.6084968], [6.1266872, 49.6087913], [6.1270466, 49.6084673]]]}}, {"type": "Feature", "properties": {"name": "Neudorf"}, "geometry": {"type": "Point", "coordinates": [6.1572172, 49.6185136]}}, {"type": "Feature", "properties": {"name": "Neudorf-Weimershof"}, "geometry": {"type": "Polygon", "coordinates": [[[6.147015, 49.6184948], [6.1477214, 49.6188863], [6.1476395, 49.6194749], [6.1484577, 49.619871], [6.1493232, 49.6201919], [6.1505634, 49.6205489], [6.15015, 49.6210734], [6.1525872, 49.6218796], [6.1552467, 49.6229073], [6.1565229, 49.6234752], [6.1593606, 49.6249229], [6.1613974, 49.6261391], [6.1632146, 49.6272381], [6.165211, 49.628444], [6.1672906, 49.629686], [6.1693205, 49.6309059], [6.1704778, 49.6316094], [6.1705194, 49.6316359], [6.1708685, 49.6318429], [6.1716168, 49.6323451], [6.1723642, 49.6328005], [6.1725905, 49.6329439], [6.1744887, 49.6341171], [6.1753361, 49.634628], [6.1766109, 49.6353748], [6.178078, 49.6361768], [6.1784916, 49.6363724], [6.1788282, 49.6364823], [6.1792669, 49.6365725], [6.1796625, 49.6366284], [6.1799228, 49.6364384], [6.1804882, 49.6362698], [6.1826343, 49.6364979], [6.1825801, 49.6358913], [6.1828145, 49.6356389], [6.1820441, 49.6351013], [6.1829604, 49.6343441], [6.1848888, 49.6329393], [6.1850489, 49.6325725], [6.1852265, 49.6322571], [6.1858826, 49.6325482], [6.1860947, 49.6323648], [6.18522, 49.6318902], [6.1845588, 49.6315765], [6.1839981, 49.6313313], [6.1838328, 49.6312654], [6.1832783, 49.631055], [6.183027, 49.6307475], [6.1832051, 49.6303813], [6.1822337, 49.6301023], [6.1824694, 49.6294744], [6.1811065, 49.6289444], [6.181092, 49.6283813], [6.181408, 49.62795], [6.1816523, 49.6275934], [6.1807821, 49.6270198], [6.1806725, 49.6270835], [6.179486, 49.6262029], [6.1798243, 49.6257759], [6.1792051, 49.6253596], [6.1794677, 49.624884], [6.1785744, 49.6245318], [6.1785224, 49.6245017], [6.1784427, 49.6244205], [6.1785091, 49.6243687], [6.1783073, 49.6242651], [6.1784343, 49.6241868], [6.1784371, 49.6241849], [6.1784646, 49.6241666], [6.1785353, 49.6241195], [6.1786032, 49.6240744], [6.1786241, 49.6240605], [6.1787128, 49.6240014], [6.1790548, 49.6237738], [6.1791829, 49.6236889], [6.1791095, 49.6236643], [6.1795611, 49.6234963], [6.1798696, 49.6233708], [6.180167, 49.6232857], [6.1804815, 49.6232422], [6.1805571, 49.6232918], [6.1806119, 49.6234434], [6.1806663, 49.6238582], [6.1806718, 49.6239865], [6.1822366, 49.6243169], [6.1828006, 49.6244298], [6.1830286, 49.6244791], [6.1837306, 49.6240166], [6.1844527, 49.6242438], [6.1850215, 49.6244066], [6.1856053, 49.6245779], [6.1861025, 49.6247188], [6.1862731, 49.6247629], [6.1870611, 49.6249188], [6.1876153, 49.6250319], [6.1878806, 49.6250907], [6.188024, 49.6251317], [6.1891453, 49.6255118], [6.1892893, 49.6255574], [6.1892531, 49.625499], [6.1894755, 49.6248788], [6.1895952, 49.6245453], [6.1896552, 49.6243767], [6.1896888, 49.6242842], [6.1897156, 49.6242095], [6.1897729, 49.6240457], [6.1898467, 49.6238254], [6.1901018, 49.6231029], [6.1902071, 49.6228547], [6.1903156, 49.6228012], [6.1903491, 49.6227847], [6.1896512, 49.6225293], [6.1878171, 49.6220378], [6.1872325, 49.6218939], [6.1871193, 49.6221178], [6.1870938, 49.6223291], [6.186858, 49.6223484], [6.1868489, 49.6222527], [6.1862695, 49.6222121], [6.1855464, 49.6221179], [6.1852161, 49.6220364], [6.1849, 49.6219457], [6.1847723, 49.6219368], [6.1843269, 49.622108], [6.1828634, 49.6222382], [6.1819451, 49.6223114], [6.1811224, 49.6223922], [6.1800031, 49.6225044], [6.1796669, 49.6225395], [6.1793235, 49.6226295], [6.1787583, 49.6228106], [6.1781237, 49.6228387], [6.1773863, 49.6226207], [6.1763435, 49.6225998], [6.1757043, 49.6226164], [6.1749722, 49.6226486], [6.1744407, 49.6227785], [6.1737275, 49.6229494], [6.1731058, 49.6231063], [6.1724868, 49.6232144], [6.1720239, 49.6232318], [6.1716821, 49.6231455], [6.1712838, 49.6230723], [6.1708478, 49.6229468], [6.1703365, 49.6227375], [6.1697552, 49.6224377], [6.1690285, 49.6221692], [6.1680974, 49.6217786], [6.1673922, 49.6213741], [6.1671393, 49.6213497], [6.1664557, 49.6209348], [6.1659992, 49.6207181], [6.1658313, 49.6206384], [6.1653684, 49.6206105], [6.1649862, 49.6204291], [6.1643888, 49.6202757], [6.1641304, 49.6205338], [6.1635868, 49.6204954], [6.1632907, 49.6205198], [6.1621173, 49.6201293], [6.1613099, 49.6198852], [6.1610139, 49.6199514], [6.160368, 49.619648], [6.1596844, 49.619397], [6.1591623, 49.6191633], [6.1580965, 49.618567], [6.1573214, 49.6182741], [6.1564656, 49.6179916], [6.1556098, 49.6175313], [6.1551738, 49.6173569], [6.1541242, 49.6169419], [6.1533545, 49.6167432], [6.152687, 49.6165548], [6.1524018, 49.6167432], [6.1510992, 49.616241], [6.1506901, 49.6161363], [6.1495471, 49.6159941], [6.148617, 49.6157441], [6.1483414, 49.6157374], [6.1474698, 49.6153557], [6.1470658, 49.6152291], [6.1467528, 49.6152701], [6.1465611, 49.615883], [6.1463593, 49.6158885], [6.1459976, 49.6158231], [6.1459724, 49.6156269], [6.1457958, 49.6156215], [6.1456024, 49.6153872], [6.1451424, 49.6153765], [6.144729, 49.6156101], [6.1445018, 49.6157384], [6.1445018, 49.6163557], [6.144896, 49.6164834], [6.1452857, 49.6169464], [6.145898, 49.6174838], [6.1471957, 49.6182819], [6.147015, 49.6184948]]]}}, {"type": "Feature", "properties": {"name": "Hamm"}, "geometry": {"type": "Polygon", "coordinates": [[[6.1576373, 49.6123935], [6.1594537, 49.6131155], [6.1615284, 49.6137926], [6.1620853, 49.6140397], [6.1637405, 49.6144845], [6.1643584, 49.6146723], [6.164961, 49.6148799], [6.1657619, 49.6151567], [6.1662043, 49.6153395], [6.1666772, 49.6155076], [6.1670739, 49.6156015], [6.1675773, 49.6157102], [6.168096, 49.6157992], [6.1685994, 49.6158733], [6.1692478, 49.6159524], [6.1698504, 49.6159968], [6.1719557, 49.6160018], [6.1719557, 49.6161649], [6.1726346, 49.6160809], [6.1729168, 49.6172917], [6.1735423, 49.6173905], [6.1743203, 49.6174152], [6.1752357, 49.6175042], [6.1760518, 49.6176129], [6.176868, 49.6177364], [6.177852, 49.6179341], [6.1798352, 49.6180379], [6.1801938, 49.6181713], [6.1807124, 49.6182405], [6.1815439, 49.6182998], [6.1819863, 49.6183196], [6.1825126, 49.6183295], [6.1834475, 49.6198417], [6.1836949, 49.6202419], [6.1846111, 49.6212598], [6.1847476, 49.6213835], [6.1854299, 49.6214502], [6.1854954, 49.6213993], [6.1855868, 49.6213122], [6.1864424, 49.62123], [6.1864898, 49.6212265], [6.1865204, 49.6212276], [6.1865488, 49.6212312], [6.1865857, 49.6212405], [6.1866375, 49.6212556], [6.186703, 49.62127], [6.1867379, 49.6212744], [6.1868848, 49.6212755], [6.1870817, 49.6212744], [6.1872976, 49.6212728], [6.1873813, 49.6212721], [6.187536, 49.6212653], [6.1878575, 49.6212559], [6.1882712, 49.6212333], [6.1886885, 49.6212067], [6.189237, 49.6211626], [6.1893891, 49.6211504], [6.1896722, 49.621121], [6.1897129, 49.6211168], [6.1907125, 49.6209996], [6.1907958, 49.6209838], [6.1908383, 49.6209757], [6.1909171, 49.6209608], [6.1910417, 49.6209371], [6.1912639, 49.6208949], [6.1914816, 49.6208536], [6.1915035, 49.6207323], [6.190406, 49.6208388], [6.1903532, 49.6203767], [6.1903395, 49.6202567], [6.1895065, 49.6203655], [6.1896401, 49.6197616], [6.1898033, 49.6190236], [6.189834, 49.6190249], [6.191226, 49.6190852], [6.1913341, 49.6181124], [6.1915858, 49.6181195], [6.1917034, 49.618117], [6.1918928, 49.6181043], [6.1920297, 49.6180899], [6.1921251, 49.6180762], [6.1922276, 49.6180583], [6.1923184, 49.618048], [6.1924535, 49.6180423], [6.1925499, 49.6180444], [6.1926632, 49.6180532], [6.1927754, 49.6180611], [6.192897, 49.6180651], [6.1929918, 49.6180624], [6.1930385, 49.618061], [6.1931452, 49.6180521], [6.1938013, 49.6179444], [6.1939861, 49.6179112], [6.1941769, 49.6178603], [6.1942882, 49.6178222], [6.1944286, 49.6177626], [6.1946412, 49.6176623], [6.1952532, 49.6173456], [6.1952658, 49.617339], [6.1961017, 49.6172897], [6.1965657, 49.6172108], [6.1972618, 49.6170009], [6.1977637, 49.6167916], [6.1983258, 49.6164612], [6.198407, 49.6164052], [6.1986591, 49.6162314], [6.1989308, 49.6160107], [6.1985011, 49.6158538], [6.1987408, 49.6155746], [6.1992152, 49.6152697], [6.199394, 49.6151548], [6.1993313, 49.6150797], [6.1992264, 49.6149541], [6.1995722, 49.6146774], [6.1996939, 49.6145799], [6.2002888, 49.6143057], [6.2009984, 49.6141159], [6.2012762, 49.6140055], [6.2026972, 49.6139747], [6.2030701, 49.6138729], [6.2032878, 49.6138062], [6.203301, 49.6137915], [6.2036491, 49.6130441], [6.203441, 49.6129929], [6.2031784, 49.6129284], [6.2030107, 49.6128872], [6.2027628, 49.6128263], [6.2023786, 49.6127319], [6.2023588, 49.6126194], [6.2022743, 49.6121727], [6.2022609, 49.6121212], [6.2021968, 49.6119196], [6.2021849, 49.6118813], [6.2021339, 49.6116903], [6.2021084, 49.6115757], [6.202064, 49.6113005], [6.2020563, 49.6112711], [6.2020426, 49.6111587], [6.2020105, 49.6110309], [6.2019906, 49.6109517], [6.2018739, 49.6107005], [6.2017787, 49.6105558], [6.2016978, 49.6105165], [6.2015475, 49.6104283], [6.2013296, 49.6103333], [6.2010576, 49.6101933], [6.2007915, 49.6100199], [6.2003261, 49.6096196], [6.2002159, 49.6095806], [6.1994264, 49.6092477], [6.1990977, 49.609137], [6.198219, 49.6086526], [6.19715, 49.6079698], [6.1963265, 49.6074521], [6.1959296, 49.6071708], [6.1956583, 49.6070097], [6.1949108, 49.6066228], [6.1941316, 49.6062896], [6.1938087, 49.6061918], [6.1937511, 49.6061621], [6.1934734, 49.6060609], [6.1934171, 49.606014], [6.1931877, 49.6057977], [6.1931235, 49.6057371], [6.1929771, 49.6056878], [6.1929753, 49.6056874], [6.1929111, 49.6056626], [6.192876, 49.6056491], [6.1926902, 49.6055765], [6.1925819, 49.6055154], [6.1924411, 49.6054264], [6.1923943, 49.6053916], [6.1922561, 49.6052889], [6.1920928, 49.6051255], [6.1920162, 49.6050421], [6.1919628, 49.6049591], [6.1918135, 49.6048859], [6.1918061, 49.604902], [6.1917441, 49.6049197], [6.1916518, 49.604964], [6.1915881, 49.6049829], [6.191495, 49.6049923], [6.1914218, 49.6049898], [6.1913716, 49.6049844], [6.191296, 49.6049677], [6.1912101, 49.6049427], [6.1909302, 49.6048338], [6.1907837, 49.6047867], [6.1906877, 49.6047621], [6.1905842, 49.6047469], [6.1904923, 49.6047445], [6.190369, 49.6047509], [6.1902981, 49.6047612], [6.1901496, 49.6047907], [6.1900103, 49.6048252], [6.1898277, 49.6048758], [6.1898503, 49.6051139], [6.1897189, 49.6051515], [6.1894625, 49.605226], [6.1892406, 49.6052892], [6.188925, 49.605381], [6.1887481, 49.6054337], [6.1886121, 49.6054783], [6.1885252, 49.6055141], [6.1884529, 49.6055475], [6.1883849, 49.6055861], [6.1883337, 49.6056233], [6.1882841, 49.6056673], [6.1882291, 49.6057206], [6.1881816, 49.605774], [6.1881622, 49.6058043], [6.1881471, 49.6058349], [6.1881363, 49.6059043], [6.1881256, 49.6060086], [6.188104, 49.6060952], [6.1880889, 49.6061336], [6.1880501, 49.6061963], [6.1880118, 49.6062418], [6.1879778, 49.6062694], [6.1879368, 49.6062984], [6.1878787, 49.6063346], [6.1877514, 49.6064319], [6.1877142, 49.6064664], [6.187677, 49.6065162], [6.1876398, 49.6065775], [6.1876129, 49.606656], [6.1875902, 49.6067556], [6.187591, 49.6068485], [6.187596, 49.6069067], [6.1876489, 49.6071205], [6.1876528, 49.607163], [6.1876316, 49.6072023], [6.1875889, 49.6072387], [6.1875114, 49.6072948], [6.1874242, 49.6073642], [6.1873064, 49.6074585], [6.1871122, 49.6076677], [6.1870767, 49.6077093], [6.1870224, 49.6077474], [6.1869633, 49.6077697], [6.1869083, 49.6077795], [6.1868555, 49.607788], [6.1868065, 49.6078041], [6.1867333, 49.6078438], [6.1866927, 49.6078585], [6.1866505, 49.6078656], [6.1865936, 49.6078715], [6.1865301, 49.6078828], [6.1864812, 49.6078963], [6.1863875, 49.6079273], [6.1862896, 49.607957], [6.1862452, 49.6079641], [6.1862011, 49.607966], [6.1861238, 49.6079594], [6.1860578, 49.607954], [6.1859695, 49.6079591], [6.1858584, 49.6079569], [6.1857642, 49.6079544], [6.1856926, 49.6079606], [6.1856352, 49.6079755], [6.1855704, 49.6080057], [6.1855243, 49.6080333], [6.1853601, 49.608179], [6.1853005, 49.6082125], [6.1852082, 49.6082409], [6.1850889, 49.6082528], [6.1849734, 49.6082481], [6.1848983, 49.6082451], [6.1847828, 49.6082597], [6.1846775, 49.6082743], [6.1846049, 49.6082757], [6.1845283, 49.6082566], [6.1844828, 49.6082297], [6.1844518, 49.6082016], [6.1844228, 49.6081838], [6.1843525, 49.6081646], [6.184216, 49.6081327], [6.1841374, 49.6081084], [6.1840186, 49.6080617], [6.1839276, 49.6080221], [6.1838635, 49.6080055], [6.1838118, 49.6080004], [6.1836732, 49.6079966], [6.1835512, 49.6079941], [6.1834705, 49.6079826], [6.1834064, 49.6079583], [6.1833319, 49.6079085], [6.1832595, 49.6078599], [6.1831499, 49.6078242], [6.1830361, 49.6077846], [6.1829041, 49.6077186], [6.1827883, 49.6076649], [6.1827448, 49.6076483], [6.1827076, 49.6076419], [6.1826869, 49.6076419], [6.1825877, 49.6076381], [6.1825483, 49.6076305], [6.1825194, 49.6076164], [6.1824635, 49.607587], [6.1823733, 49.6075493], [6.1822802, 49.6075085], [6.1821954, 49.6074714], [6.1821499, 49.6074446], [6.1821209, 49.6074114], [6.1821064, 49.6073718], [6.1820981, 49.6073258], [6.1820899, 49.6072823], [6.1820733, 49.6072466], [6.1820526, 49.607221], [6.1820174, 49.6071929], [6.1819678, 49.6071623], [6.1819016, 49.6071341], [6.1818437, 49.607115], [6.1817589, 49.607092], [6.1816492, 49.6070741], [6.1815355, 49.6070601], [6.1813762, 49.6070461], [6.1812331, 49.607035], [6.1809911, 49.6070235], [6.1808505, 49.6070235], [6.1807967, 49.6070312], [6.1807533, 49.6070401], [6.1807161, 49.6070593], [6.180683, 49.6070734], [6.1806582, 49.6070683], [6.1806065, 49.6070453], [6.1805299, 49.6070197], [6.18035, 49.6069929], [6.1800418, 49.6069738], [6.1796406, 49.6069585], [6.1794042, 49.606952], [6.1792263, 49.6069622], [6.1790423, 49.6069776], [6.1788789, 49.6069967], [6.1787817, 49.6070146], [6.1786969, 49.6070466], [6.1784384, 49.6071821], [6.1781902, 49.6073086], [6.1780178, 49.6073858], [6.1777327, 49.6074809], [6.1776652, 49.607505], [6.1776058, 49.60752], [6.1775585, 49.6075243], [6.1775112, 49.6075207], [6.17747, 49.6075198], [6.1773735, 49.6075284], [6.176517, 49.6076037], [6.176402, 49.6076164], [6.1763543, 49.6076259], [6.1761945, 49.6076691], [6.1761165, 49.6076789], [6.1760443, 49.6076625], [6.175906, 49.6076309], [6.1758215, 49.6076211], [6.1757084, 49.6076259], [6.1755008, 49.6076342], [6.1753507, 49.6076381], [6.1752865, 49.6076343], [6.1752449, 49.6076271], [6.1752052, 49.6076143], [6.1751822, 49.6075943], [6.1751759, 49.6075711], [6.1751716, 49.6075485], [6.1751634, 49.6075297], [6.1751376, 49.6075174], [6.1750433, 49.6074861], [6.1746391, 49.607363], [6.1740938, 49.6072042], [6.1738232, 49.6071242], [6.1737456, 49.6070956], [6.1737064, 49.6070811], [6.1735518, 49.6070249], [6.1732726, 49.6069264], [6.1731733, 49.6068934], [6.1730563, 49.6068544], [6.1728734, 49.6068016], [6.1727833, 49.6067879], [6.1726765, 49.6067845], [6.1724405, 49.6067819], [6.172199, 49.6067948], [6.1720035, 49.606804], [6.1718645, 49.6068114], [6.1716024, 49.6068261], [6.1712768, 49.6068377], [6.1711632, 49.6068328], [6.1710799, 49.6068211], [6.1709737, 49.6067838], [6.1708228, 49.6067206], [6.1702906, 49.606482], [6.16991, 49.6063101], [6.1695721, 49.6061621], [6.1694212, 49.6061057], [6.1692458, 49.6060504], [6.1691582, 49.6060193], [6.1690759, 49.6058429], [6.1690341, 49.6057535], [6.1690151, 49.605733], [6.1689502, 49.6057297], [6.168824, 49.6057016], [6.1686896, 49.6056493], [6.1685448, 49.6055713], [6.1684703, 49.6055292], [6.1683442, 49.6054959], [6.1682118, 49.6054781], [6.1680981, 49.6054755], [6.1679099, 49.6054857], [6.1676658, 49.6055087], [6.1661928, 49.6059775], [6.1649088, 49.6066082], [6.1645641, 49.606969], [6.1638187, 49.6076453], [6.1632727, 49.6079942], [6.1627647, 49.608244], [6.1624063, 49.6083477], [6.1619401, 49.6083193], [6.1617235, 49.6080528], [6.1614805, 49.6076783], [6.1609904, 49.6073002], [6.1601905, 49.6047179], [6.1596148, 49.6040856], [6.1588088, 49.6036489], [6.156495, 49.6028561], [6.1533064, 49.6023286], [6.150112, 49.601459], [6.147791, 49.6006401], [6.1465597, 49.6006125], [6.1459885, 49.6007856], [6.1455815, 49.6012681], [6.1456779, 49.6013715], [6.1461224, 49.6009765], [6.1466365, 49.601223], [6.1469578, 49.6009765], [6.1473219, 49.6010425], [6.1480984, 49.6013861], [6.1490302, 49.6019379], [6.1498314, 49.6024941], [6.1485463, 49.6036764], [6.1486877, 49.6040281], [6.1476105, 49.6040508], [6.1468217, 49.6041142], [6.1462642, 49.604104], [6.14555, 49.6039906], [6.1455178, 49.6040447], [6.1464337, 49.6045322], [6.1477495, 49.6050786], [6.1490939, 49.6057098], [6.1491167, 49.6059608], [6.1498743, 49.6062414], [6.1498743, 49.6063485], [6.1510193, 49.6068173], [6.1510307, 49.6069465], [6.151458, 49.6072381], [6.1516801, 49.6075076], [6.1521814, 49.6072233], [6.1527226, 49.6079063], [6.1525232, 49.60791], [6.152546, 49.6085707], [6.1519877, 49.6087996], [6.1524833, 49.6091023], [6.1529277, 49.6094456], [6.1536226, 49.6100251], [6.154198, 49.6102429], [6.155867, 49.6107301], [6.1568815, 49.6110533], [6.1579463, 49.6113576], [6.1583963, 49.6115459], [6.1576373, 49.6123935]]]}}, {"type": "Feature", "properties": {"name": "Merl"}, "geometry": {"type": "Polygon", "coordinates": [[[6.0916576, 49.6133224], [6.0916748, 49.6132864], [6.0918726, 49.6132632], [6.0919979, 49.613244], [6.092097, 49.6132279], [6.0921446, 49.6132178], [6.0935458, 49.6128619], [6.0936745, 49.6128289], [6.0941772, 49.6127021], [6.094435, 49.6126358], [6.0945814, 49.6125961], [6.0946825, 49.6125687], [6.0951499, 49.6124741], [6.0954772, 49.6124308], [6.0956137, 49.6124127], [6.0957063, 49.612406], [6.0959206, 49.6123905], [6.0962253, 49.6123745], [6.096292, 49.612373], [6.0964178, 49.6123703], [6.0965977, 49.6123652], [6.0969018, 49.6123636], [6.0971024, 49.612362], [6.097353, 49.6123592], [6.0974232, 49.6123587], [6.0975839, 49.6123577], [6.0975818, 49.612284], [6.0975779, 49.6121549], [6.097572, 49.611917], [6.0975602, 49.6115502], [6.0975286, 49.6108313], [6.0974893, 49.6105343], [6.0974602, 49.610318], [6.0974402, 49.6100654], [6.0974334, 49.6099794], [6.0974174, 49.6097878], [6.0974135, 49.6097479], [6.0974243, 49.6096582], [6.097426, 49.609591], [6.0974361, 49.6095422], [6.0974611, 49.6094559], [6.0974793, 49.6094008], [6.0982444, 49.6072075], [6.0982724, 49.6071273], [6.0983374, 49.606862], [6.098312, 49.6065531], [6.0981441, 49.6060286], [6.0980631, 49.6057971], [6.0983452, 49.6057707], [6.098509, 49.6057553], [6.0985621, 49.6057463], [6.0986014, 49.6059491], [6.1018011, 49.6062363], [6.1017901, 49.606781], [6.1015033, 49.6066915], [6.1012179, 49.6066289], [6.1010558, 49.6073636], [6.1017976, 49.6074163], [6.1018129, 49.6073412], [6.1018414, 49.6072001], [6.1018752, 49.6071043], [6.1019346, 49.6070122], [6.1027587, 49.6071113], [6.102625, 49.6075253], [6.1029437, 49.607574], [6.1031604, 49.6073705], [6.1033765, 49.6074733], [6.1035711, 49.6073602], [6.1036117, 49.6073362], [6.1036443, 49.6073175], [6.1037286, 49.6072644], [6.1037706, 49.6072398], [6.1038392, 49.6071981], [6.1038948, 49.607168], [6.1041373, 49.6070281], [6.1041578, 49.6070181], [6.1042304, 49.6069804], [6.1042502, 49.6069692], [6.1043598, 49.6068841], [6.1046124, 49.606666], [6.1047597, 49.6066151], [6.1047283, 49.6065744], [6.1047432, 49.6064844], [6.1048854, 49.6064919], [6.1049168, 49.6065048], [6.1049553, 49.6065926], [6.1050646, 49.6066025], [6.1053851, 49.6066315], [6.1054765, 49.6065984], [6.105603, 49.6065527], [6.1056578, 49.6065328], [6.1058431, 49.6064783], [6.105945, 49.6064152], [6.1064897, 49.6061984], [6.1061982, 49.6060341], [6.1063014, 49.6053672], [6.1064972, 49.6048438], [6.1067877, 49.6043102], [6.1064297, 49.6041758], [6.1056002, 49.6038963], [6.1060662, 49.603345], [6.1061012, 49.6033006], [6.1061538, 49.603234], [6.1061868, 49.60319], [6.1062934, 49.6032274], [6.1072873, 49.6035756], [6.1073967, 49.60347], [6.1076774, 49.6035819], [6.1082143, 49.602895], [6.1078238, 49.6026419], [6.1078656, 49.6023572], [6.1066523, 49.6002829], [6.103368, 49.6004637], [6.1012064, 49.6003733], [6.0990518, 49.6000503], [6.0981605, 49.5998376], [6.0974419, 49.5996295], [6.0964474, 49.5992854], [6.0954936, 49.598885], [6.092021, 49.6002934], [6.0911777, 49.5998784], [6.0906622, 49.6000403], [6.0888919, 49.5993281], [6.0867889, 49.598613], [6.0861173, 49.5982587], [6.0838713, 49.597118], [6.0836129, 49.5969677], [6.0808856, 49.5953812], [6.0804728, 49.5951085], [6.0772149, 49.593602], [6.0748878, 49.591729], [6.0739996, 49.5913098], [6.0730521, 49.5893264], [6.0729421, 49.5893132], [6.0726643, 49.5890547], [6.0726239, 49.5890171], [6.0725607, 49.5889725], [6.0723544, 49.5888269], [6.0722318, 49.5887404], [6.0720931, 49.5886671], [6.0717893, 49.5884588], [6.0716511, 49.5883397], [6.0712919, 49.5880314], [6.0709792, 49.5876887], [6.0709381, 49.5877728], [6.0707102, 49.5885727], [6.0706997, 49.588608], [6.0706462, 49.5887068], [6.0706241, 49.5887477], [6.0705868, 49.5888106], [6.0702456, 49.5886948], [6.0698785, 49.5886615], [6.0695962, 49.5892131], [6.0692872, 49.5898225], [6.0697394, 49.5899169], [6.0699784, 49.589971], [6.070206, 49.5900571], [6.0703504, 49.5901206], [6.070516, 49.5901933], [6.0709128, 49.5903804], [6.0714167, 49.5906642], [6.0718637, 49.5909727], [6.0722259, 49.5912276], [6.0724746, 49.5913959], [6.0727031, 49.5915554], [6.0728933, 49.5916939], [6.0730045, 49.5917793], [6.0730579, 49.5918205], [6.0736493, 49.5922966], [6.0739233, 49.5925461], [6.0741217, 49.5927223], [6.0741769, 49.5927718], [6.0742675, 49.5928547], [6.0743344, 49.5929214], [6.0744045, 49.5930017], [6.0744928, 49.5931133], [6.0746094, 49.5932698], [6.0746488, 49.5933213], [6.0747224, 49.5933929], [6.0747893, 49.5934462], [6.0748573, 49.5934905], [6.0748902, 49.5935108], [6.075002, 49.5935632], [6.0752402, 49.5936693], [6.0754285, 49.5937501], [6.0755067, 49.5937885], [6.0755656, 49.5938229], [6.0756688, 49.5938945], [6.0757581, 49.5939624], [6.0760266, 49.5941552], [6.0761581, 49.5942423], [6.0762792, 49.5943151], [6.0764537, 49.5944174], [6.0765683, 49.5944841], [6.0766961, 49.5945694], [6.0768287, 49.5946642], [6.0769194, 49.5947295], [6.0769974, 49.5947897], [6.0771493, 49.5949098], [6.0772477, 49.5949959], [6.0774209, 49.5951464], [6.0776916, 49.5953818], [6.0777857, 49.595464], [6.0778347, 49.5955068], [6.0775978, 49.5957913], [6.0775055, 49.5959143], [6.0773915, 49.5960605], [6.0773295, 49.5961427], [6.0772469, 49.5962513], [6.0771135, 49.5964374], [6.077046, 49.5965349], [6.0769771, 49.5966341], [6.0769208, 49.5967143], [6.0768602, 49.5967949], [6.0768578, 49.5967973], [6.0768176, 49.596839], [6.0767612, 49.5968865], [6.076712, 49.5969184], [6.0766515, 49.5969455], [6.0765993, 49.596959], [6.076521, 49.5969666], [6.0763644, 49.5969648], [6.0762014, 49.5969603], [6.0760627, 49.5969602], [6.0759367, 49.5969644], [6.075932, 49.5969646], [6.0758103, 49.5969719], [6.0756029, 49.5969887], [6.0756807, 49.5971989], [6.0757641, 49.5974212], [6.0756611, 49.5974608], [6.0756295, 49.5975223], [6.0755702, 49.5976496], [6.075567, 49.5976567], [6.0755384, 49.5977208], [6.0754916, 49.5978401], [6.0754681, 49.5979096], [6.0754529, 49.5979733], [6.075439, 49.5980513], [6.0754238, 49.5981579], [6.0754263, 49.5982452], [6.0754371, 49.5983214], [6.0754549, 49.5983969], [6.0754835, 49.5984979], [6.0754916, 49.5985654], [6.0754956, 49.598674], [6.0754884, 49.598828], [6.0754977, 49.5989841], [6.0755044, 49.5990596], [6.0755138, 49.5991364], [6.0755315, 49.5992476], [6.0755654, 49.5994099], [6.0755953, 49.5995652], [6.0756061, 49.5996637], [6.0756072, 49.5997921], [6.0755945, 49.600016], [6.0755848, 49.6000533], [6.075538, 49.6001228], [6.0754638, 49.6002294], [6.0753593, 49.6003588], [6.075252, 49.6004852], [6.0751351, 49.6006146], [6.0750553, 49.6006985], [6.0749536, 49.6007972], [6.0748531, 49.6008904], [6.0747885, 49.6009446], [6.0746553, 49.6010533], [6.0749776, 49.6011707], [6.0750309, 49.6011895], [6.0753606, 49.6013065], [6.0758039, 49.601468], [6.0758368, 49.6014797], [6.075997, 49.6015369], [6.0760764, 49.6015652], [6.0761977, 49.6016085], [6.0763392, 49.6016594], [6.0763883, 49.6016771], [6.0766265, 49.6017628], [6.0766609, 49.6017752], [6.0769828, 49.6018911], [6.0771165, 49.6014785], [6.0776607, 49.6015208], [6.0777988, 49.6015316], [6.0780614, 49.6015514], [6.0782303, 49.6015642], [6.0785111, 49.6015854], [6.0784773, 49.6016852], [6.0784347, 49.6018107], [6.0783905, 49.6019542], [6.0783813, 49.601994], [6.0783749, 49.6020224], [6.0783495, 49.6021366], [6.078324, 49.6022966], [6.078298, 49.6024831], [6.0782802, 49.6026626], [6.078275, 49.6027799], [6.0782767, 49.6028828], [6.0782777, 49.602974], [6.0782784, 49.6030283], [6.0782912, 49.6032237], [6.0786417, 49.6032298], [6.078755, 49.6032199], [6.0788265, 49.6032079], [6.0789478, 49.6031817], [6.0790549, 49.6031571], [6.0792803, 49.6030844], [6.0792937, 49.60308], [6.0793178, 49.6030848], [6.0793804, 49.6030972], [6.0794079, 49.6031027], [6.0795278, 49.6031328], [6.0799851, 49.6032395], [6.0800822, 49.6032622], [6.0802714, 49.6033063], [6.080376, 49.6033307], [6.0804244, 49.603345], [6.0806794, 49.6032732], [6.0808505, 49.6032227], [6.0809523, 49.6031927], [6.0809573, 49.603225], [6.0809867, 49.6034628], [6.0809936, 49.6035186], [6.0809794, 49.6036452], [6.0809697, 49.6037317], [6.0809573, 49.6038426], [6.0809415, 49.6039017], [6.0809392, 49.6039661], [6.0809407, 49.6040129], [6.0809459, 49.6040615], [6.080952, 49.6041097], [6.0809828, 49.6042264], [6.0809974, 49.6042642], [6.0810146, 49.6043083], [6.0810988, 49.6043921], [6.0815999, 49.604258], [6.0813906, 49.6043318], [6.0813674, 49.6044258], [6.0813245, 49.6045385], [6.0812884, 49.6046184], [6.0812611, 49.6046804], [6.081236, 49.6047514], [6.0812163, 49.6048254], [6.081209, 49.6048643], [6.0812004, 49.6049095], [6.0811873, 49.6049794], [6.0812628, 49.60501], [6.0813365, 49.6050397], [6.0815165, 49.6051125], [6.0816705, 49.6051772], [6.0817598, 49.6052153], [6.081911, 49.6052797], [6.0820051, 49.6053286], [6.0821758, 49.6054089], [6.0823658, 49.6054771], [6.0822685, 49.6055775], [6.0823195, 49.6055978], [6.0823999, 49.6056393], [6.0824305, 49.6056551], [6.0826152, 49.6057506], [6.0830413, 49.6059707], [6.0832644, 49.606086], [6.0833619, 49.6061364], [6.0833642, 49.6061374], [6.0838257, 49.6063479], [6.0843274, 49.6065841], [6.0848306, 49.6068299], [6.08501, 49.6069214], [6.0851982, 49.6070282], [6.0853599, 49.6071285], [6.0854499, 49.6071843], [6.0856006, 49.6072823], [6.0856765, 49.6073306], [6.0857567, 49.6073854], [6.0859456, 49.6075185], [6.0863093, 49.6077837], [6.0864921, 49.6079206], [6.0868035, 49.6081648], [6.0872527, 49.6085216], [6.0875425, 49.6087503], [6.0877305, 49.6089032], [6.0878424, 49.6089932], [6.0879083, 49.6090925], [6.0880676, 49.6092182], [6.0881789, 49.609336], [6.0884583, 49.6096524], [6.0887125, 49.6100004], [6.0888551, 49.6102397], [6.0889877, 49.610469], [6.0890766, 49.6106239], [6.0891392, 49.6107589], [6.089273, 49.6110463], [6.0893205, 49.6111521], [6.0893705, 49.6112569], [6.0894068, 49.6113275], [6.0894206, 49.6113562], [6.0895185, 49.61156], [6.0893664, 49.6116162], [6.0894702, 49.6117435], [6.0897608, 49.6121188], [6.0900388, 49.612479], [6.090234, 49.6127346], [6.0903317, 49.6128553], [6.0905147, 49.6130998], [6.0906687, 49.6133073], [6.0906918, 49.6133366], [6.0911829, 49.6133424], [6.0916576, 49.6133224]]]}}, {"type": "Feature", "properties": {"name": "Gasperich"}, "geometry": {"type": "Polygon", "coordinates": [[[6.1042083, 49.5702], [6.1063989, 49.571271], [6.1059436, 49.5719038], [6.1050329, 49.5716928], [6.1042523, 49.5725154], [6.1046999, 49.5733406], [6.1074584, 49.5738384], [6.1078934, 49.5742864], [6.1079889, 49.5744123], [6.108052, 49.5744955], [6.1083808, 49.5748081], [6.1086046, 49.5750208], [6.1087311, 49.5750894], [6.109178, 49.5753318], [6.1097399, 49.5754883], [6.1101555, 49.575604], [6.111179, 49.5758628], [6.1125967, 49.5760752], [6.1135486, 49.5762411], [6.1131954, 49.5769447], [6.1124738, 49.5773495], [6.1106314, 49.5774159], [6.1100326, 49.577907], [6.1119383, 49.5785726], [6.1131391, 49.5796691], [6.1128885, 49.5797921], [6.1124909, 49.5799837], [6.1122178, 49.5801153], [6.1107338, 49.5808305], [6.1120081, 49.5820649], [6.1120794, 49.5823031], [6.1123101, 49.5830736], [6.1124073, 49.5837637], [6.1126785, 49.5853398], [6.113088, 49.5874699], [6.1142906, 49.5885448], [6.1159642, 49.5884187], [6.1160057, 49.5897663], [6.1157636, 49.5897833], [6.1156974, 49.5898437], [6.1156046, 49.5899495], [6.1155623, 49.5900406], [6.1155185, 49.5901202], [6.1154557, 49.5902031], [6.1153815, 49.5902634], [6.1151644, 49.5903255], [6.1148532, 49.5903554], [6.1141898, 49.5903856], [6.1140266, 49.5914293], [6.1132469, 49.5928613], [6.1149762, 49.5929391], [6.1150662, 49.5934315], [6.1158588, 49.5936129], [6.1157259, 49.594831], [6.1162057, 49.5948245], [6.1161957, 49.5950383], [6.1164556, 49.5950448], [6.1164855, 49.595304], [6.1146763, 49.5954595], [6.1148662, 49.5965868], [6.1246821, 49.5953614], [6.1273483, 49.5952772], [6.1277121, 49.5952934], [6.1310935, 49.5957883], [6.1314112, 49.5959871], [6.1322672, 49.5956081], [6.1320675, 49.5951127], [6.1320273, 49.5945206], [6.1322207, 49.5927793], [6.1325617, 49.5914387], [6.1333613, 49.5902239], [6.1348767, 49.5878548], [6.1352182, 49.5868553], [6.1351559, 49.5861046], [6.135007, 49.5859807], [6.1348955, 49.5858591], [6.1348964, 49.5857593], [6.1349609, 49.5856967], [6.1350414, 49.5856341], [6.1351712, 49.585592], [6.1352224, 49.5855601], [6.1353075, 49.5854669], [6.1353694, 49.5854074], [6.1354358, 49.5853368], [6.1355043, 49.5852339], [6.1355373, 49.5851561], [6.1356048, 49.5850564], [6.1356701, 49.5849714], [6.1357259, 49.5849444], [6.1359544, 49.584937], [6.1359821, 49.5849361], [6.1359819, 49.5848889], [6.1359786, 49.5843396], [6.135973, 49.5842964], [6.1359634, 49.5842534], [6.1359528, 49.5842263], [6.1359435, 49.5842095], [6.1359133, 49.5841708], [6.1358832, 49.5841344], [6.1358739, 49.5841199], [6.1358615, 49.5840974], [6.1358448, 49.5840588], [6.1358405, 49.5840363], [6.1358399, 49.5840209], [6.13584, 49.5840152], [6.1358436, 49.5839808], [6.1358544, 49.5839417], [6.1358615, 49.5839267], [6.1358352, 49.5839213], [6.1350131, 49.5837524], [6.1349873, 49.5837606], [6.1349446, 49.5836996], [6.1347764, 49.5836566], [6.1347148, 49.5835822], [6.1346481, 49.5835498], [6.1345726, 49.583534], [6.1345077, 49.5835123], [6.1344477, 49.5834833], [6.1343885, 49.5834532], [6.1342951, 49.5834151], [6.1342342, 49.5833781], [6.1341791, 49.5832995], [6.1341418, 49.5832595], [6.1341053, 49.5832188], [6.1340615, 49.5831611], [6.1340088, 49.5831015], [6.1339828, 49.5830503], [6.1339147, 49.5829833], [6.1338766, 49.5829246], [6.1338616, 49.58288], [6.1338679, 49.5828078], [6.1338358, 49.582734], [6.1338354, 49.5826803], [6.1338483, 49.5826092], [6.1338628, 49.5825363], [6.133867, 49.5824778], [6.1338444, 49.5824492], [6.1338298, 49.5824308], [6.1336687, 49.5823122], [6.1336339, 49.5822733], [6.1336259, 49.5822286], [6.1336812, 49.5821244], [6.1336812, 49.5820774], [6.1335699, 49.5819205], [6.1334894, 49.5818547], [6.1333697, 49.5817648], [6.133343, 49.5817125], [6.133299, 49.5816515], [6.1332577, 49.5815871], [6.1331841, 49.5815523], [6.1330885, 49.5815254], [6.1329193, 49.5814811], [6.1327604, 49.5814059], [6.1323228, 49.5811639], [6.1318647, 49.5808968], [6.1316394, 49.5807379], [6.1314889, 49.5806067], [6.1314084, 49.5805366], [6.1311596, 49.5802964], [6.1308851, 49.5799888], [6.1306376, 49.5796995], [6.1304244, 49.5794146], [6.1304017, 49.5793813], [6.1288451, 49.5803841], [6.1272825, 49.582129], [6.1272723, 49.5821404], [6.1272177, 49.5820946], [6.1270215, 49.5819431], [6.126876, 49.581849], [6.1267116, 49.5817613], [6.1265967, 49.5817098], [6.1264067, 49.5816322], [6.1260803, 49.5815214], [6.1257388, 49.5814237], [6.1254726, 49.5813475], [6.125457, 49.5813381], [6.1252011, 49.5811832], [6.1251897, 49.5811763], [6.1251314, 49.5811411], [6.1248223, 49.5809537], [6.1245406, 49.5807589], [6.1242525, 49.580525], [6.1240432, 49.5802919], [6.1239436, 49.5801178], [6.1238701, 49.5798999], [6.1238253, 49.5796024], [6.1238003, 49.5794409], [6.1237844, 49.5793737], [6.1237444, 49.5792251], [6.1235309, 49.5787087], [6.1234246, 49.5784438], [6.123422, 49.5784373], [6.123412, 49.5784119], [6.1231976, 49.5780821], [6.1230433, 49.5778751], [6.1229787, 49.5777964], [6.1228929, 49.5776918], [6.1228434, 49.5776315], [6.1227998, 49.5775782], [6.122749, 49.5775163], [6.1226985, 49.5774548], [6.1226068, 49.577343], [6.1225493, 49.5772729], [6.1224875, 49.5771975], [6.1223913, 49.5770803], [6.1220933, 49.576717], [6.1218815, 49.5764802], [6.1218078, 49.5763978], [6.1217131, 49.5763208], [6.1216074, 49.5762348], [6.1215407, 49.5761807], [6.1214607, 49.5761156], [6.1214406, 49.5760992], [6.1214026, 49.5760683], [6.1212652, 49.5759566], [6.1212461, 49.5759411], [6.1209547, 49.5757618], [6.1203149, 49.5753558], [6.1202266, 49.5752838], [6.1202, 49.5752367], [6.1200558, 49.5748385], [6.1199032, 49.5744552], [6.1198399, 49.5742892], [6.1198065, 49.5741946], [6.1198408, 49.5741979], [6.1210541, 49.5742979], [6.121702, 49.5743558], [6.1220265, 49.5743848], [6.1227437, 49.5744492], [6.122793, 49.5743183], [6.1228637, 49.5741503], [6.1229172, 49.5740233], [6.1230503, 49.5737192], [6.1231462, 49.5735397], [6.1232998, 49.5733112], [6.1234006, 49.5731833], [6.1234591, 49.5731134], [6.1237022, 49.572854], [6.1241902, 49.5723334], [6.1242098, 49.5723073], [6.1243054, 49.5721798], [6.1245742, 49.5719329], [6.1246847, 49.5718314], [6.1250674, 49.5714088], [6.1252469, 49.5712106], [6.1256769, 49.5707294], [6.1254906, 49.5706207], [6.1252959, 49.570507], [6.1252089, 49.5704562], [6.1250072, 49.5703425], [6.1248979, 49.570281], [6.1247468, 49.5701921], [6.1243287, 49.5700333], [6.1237874, 49.5698805], [6.1235819, 49.5697984], [6.12299, 49.5696418], [6.122426, 49.569525], [6.1223195, 49.5694902], [6.1222423, 49.5694734], [6.1220507, 49.5694608], [6.1218189, 49.5694336], [6.1215475, 49.5693806], [6.1214, 49.5693461], [6.1212539, 49.5693008], [6.1210305, 49.569213], [6.1209491, 49.5691755], [6.1209032, 49.5691458], [6.1208448, 49.5690348], [6.1207304, 49.5689963], [6.1206197, 49.568955], [6.120507, 49.5688969], [6.1204199, 49.5688455], [6.1201735, 49.5687006], [6.1201956, 49.5686278], [6.11776, 49.568337], [6.1170679, 49.5682544], [6.1162486, 49.5681715], [6.1154718, 49.5680924], [6.1159889, 49.567599], [6.1165248, 49.5670876], [6.1165721, 49.5670096], [6.1165921, 49.5669766], [6.1167574, 49.5667039], [6.1170886, 49.5663961], [6.1173808, 49.5661244], [6.1175538, 49.5655403], [6.117564, 49.5655057], [6.117636, 49.5652625], [6.1177158, 49.5649931], [6.117925, 49.5650601], [6.1182206, 49.5651385], [6.1185189, 49.5652119], [6.1189384, 49.5652892], [6.1192567, 49.5653434], [6.1191439, 49.5651901], [6.1190854, 49.5651126], [6.1189412, 49.5649222], [6.1187603, 49.5647017], [6.1186811, 49.5646229], [6.1186411, 49.5645876], [6.1185605, 49.5645165], [6.1181481, 49.5641996], [6.1178611, 49.5639115], [6.1177701, 49.5638189], [6.1173838, 49.563426], [6.1171252, 49.5631607], [6.117092, 49.5631266], [6.1168569, 49.5628853], [6.1166025, 49.5626275], [6.1162751, 49.5622786], [6.1159709, 49.5618616], [6.1156778, 49.5610898], [6.1156557, 49.5610315], [6.1155555, 49.5610291], [6.1154523, 49.5610264], [6.1142555, 49.5609966], [6.1138559, 49.5609899], [6.1137146, 49.5609875], [6.1135171, 49.5610597], [6.1132696, 49.5611526], [6.1131382, 49.5611883], [6.1125182, 49.5613289], [6.1119213, 49.5614032], [6.1112063, 49.561507], [6.1101398, 49.5617123], [6.1093953, 49.5618631], [6.1089372, 49.5619571], [6.1086762, 49.5620109], [6.1084838, 49.5620506], [6.1083884, 49.5620669], [6.1082315, 49.5620965], [6.1082965, 49.5625554], [6.1085078, 49.5632978], [6.1087935, 49.564295], [6.1089461, 49.5648283], [6.1089969, 49.5650586], [6.1090257, 49.5652531], [6.1090488, 49.565601], [6.1090837, 49.565967], [6.1091468, 49.5665247], [6.1090318, 49.5665275], [6.1089474, 49.5665293], [6.1087884, 49.5665346], [6.1087477, 49.566536], [6.1086917, 49.5665414], [6.1086313, 49.5665515], [6.108573, 49.5665661], [6.108452, 49.5665966], [6.1081217, 49.5666922], [6.1070817, 49.5667929], [6.10619, 49.5667397], [6.105888, 49.5664676], [6.1057694, 49.5664365], [6.1054683, 49.5663614], [6.1052664, 49.5663093], [6.1050257, 49.5662478], [6.1048551, 49.5661974], [6.1044708, 49.5660366], [6.1042496, 49.5659521], [6.1041578, 49.5658939], [6.1039169, 49.5657005], [6.103893, 49.5656813], [6.1038626, 49.5656569], [6.1036991, 49.565508], [6.1035897, 49.5654108], [6.1034415, 49.5653034], [6.1033392, 49.5652486], [6.1029376, 49.5650333], [6.1025545, 49.5648415], [6.1023401, 49.5647462], [6.1021178, 49.5646557], [6.1017401, 49.5646474], [6.1017532, 49.5647175], [6.1017666, 49.5647854], [6.1017816, 49.564862], [6.1017433, 49.5649702], [6.1016508, 49.565096], [6.1015042, 49.56521], [6.1014182, 49.5652748], [6.1011939, 49.5654377], [6.1011192, 49.565492], [6.1004246, 49.5659384], [6.0996887, 49.5664155], [6.0996192, 49.5664605], [6.1004234, 49.5671368], [6.1012593, 49.5678312], [6.1018534, 49.5682793], [6.1021922, 49.568468], [6.1028262, 49.5687983], [6.1036184, 49.5691707], [6.1037381, 49.5692876], [6.1039442, 49.5694968], [6.103967, 49.5695199], [6.1041895, 49.5697641], [6.1043135, 49.5699177], [6.1043391, 49.5699796], [6.1043518, 49.5700367], [6.1043358, 49.5700878], [6.1043166, 49.570141], [6.1042083, 49.5702]]]}}, {"type": "Feature", "properties": {"name": "Kirchberg"}, "geometry": {"type": "Polygon", "coordinates": [[[6.1347355, 49.6217772], [6.134694, 49.6223469], [6.1344857, 49.6228381], [6.1340253, 49.6239235], [6.1349273, 49.6239285], [6.1350135, 49.6241888], [6.1355909, 49.6237017], [6.1356504, 49.6236515], [6.1369308, 49.6242584], [6.1365008, 49.6246685], [6.136709, 49.6247523], [6.1367534, 49.6247715], [6.136987, 49.6248724], [6.1374273, 49.6250625], [6.1389368, 49.6257145], [6.1391037, 49.6257866], [6.138794, 49.6261379], [6.1393261, 49.6263989], [6.1390559, 49.6266282], [6.1395846, 49.6268296], [6.1399423, 49.6270059], [6.1402377, 49.627162], [6.1404865, 49.6270613], [6.141023, 49.6272577], [6.1424692, 49.6278822], [6.1426153, 49.627934], [6.1427958, 49.6279981], [6.1423448, 49.6284765], [6.1433245, 49.628819], [6.1442653, 49.6291816], [6.1442264, 49.6293226], [6.1453927, 49.6298967], [6.1466522, 49.6306018], [6.1464656, 49.6307831], [6.1476397, 49.6312364], [6.1484483, 49.6315838], [6.1491947, 49.6319212], [6.1506098, 49.6325054], [6.1522426, 49.6329738], [6.1545985, 49.6335831], [6.1552827, 49.6336133], [6.1580195, 49.6342081], [6.1580379, 49.6342674], [6.157629, 49.6348179], [6.1574356, 49.6350782], [6.1573935, 49.6351457], [6.1569024, 49.6365761], [6.1564784, 49.6375308], [6.156283, 49.6379708], [6.1563814, 49.6379822], [6.1572542, 49.6380826], [6.1576086, 49.638152], [6.1577948, 49.6382094], [6.1583656, 49.6383755], [6.1589882, 49.6384221], [6.1594028, 49.6382387], [6.1595386, 49.6381911], [6.1596884, 49.6381792], [6.1604926, 49.638166], [6.1617878, 49.6384282], [6.1633996, 49.6382993], [6.1651627, 49.6387622], [6.1654753, 49.6386077], [6.1666164, 49.6384616], [6.1675178, 49.6380179], [6.1683457, 49.6379112], [6.1690436, 49.6376955], [6.1694374, 49.637735], [6.1696891, 49.6377992], [6.1707048, 49.6378947], [6.1717545, 49.6377879], [6.1726123, 49.6377499], [6.1735614, 49.6374075], [6.1738521, 49.6373012], [6.1747942, 49.6372816], [6.1754053, 49.6372761], [6.1760022, 49.6372618], [6.1762095, 49.6372444], [6.1767835, 49.6371584], [6.1775557, 49.636959], [6.1781923, 49.636908], [6.1791776, 49.6369836], [6.1796625, 49.6366284], [6.1792669, 49.6365725], [6.1788282, 49.6364823], [6.1784916, 49.6363724], [6.178078, 49.6361768], [6.1766109, 49.6353748], [6.1753361, 49.634628], [6.1744887, 49.6341171], [6.1725905, 49.6329439], [6.1723642, 49.6328005], [6.1716168, 49.6323451], [6.1708685, 49.6318429], [6.1705194, 49.6316359], [6.1704778, 49.6316094], [6.1693205, 49.6309059], [6.1672906, 49.629686], [6.165211, 49.628444], [6.1632146, 49.6272381], [6.1613974, 49.6261391], [6.1593606, 49.6249229], [6.1565229, 49.6234752], [6.1552467, 49.6229073], [6.1525872, 49.6218796], [6.15015, 49.6210734], [6.1505634, 49.6205489], [6.1493232, 49.6201919], [6.1484577, 49.619871], [6.1476395, 49.6194749], [6.1477214, 49.6188863], [6.147015, 49.6184948], [6.1445577, 49.6176762], [6.1432964, 49.6171684], [6.1425576, 49.6167598], [6.1421742, 49.6166918], [6.1418323, 49.6166821], [6.141771, 49.6164784], [6.1412892, 49.6164922], [6.1410986, 49.6163442], [6.1411549, 49.6163034], [6.1412247, 49.6162982], [6.141293, 49.6162834], [6.1412963, 49.6162461], [6.1410747, 49.6161861], [6.1408716, 49.6162143], [6.1408009, 49.616134], [6.140703, 49.6161079], [6.1405554, 49.6161096], [6.1404696, 49.6161322], [6.140365, 49.6161114], [6.1403047, 49.6160375], [6.1402979, 49.6159889], [6.1402443, 49.6159054], [6.1392692, 49.6155048], [6.1389989, 49.6154756], [6.1389539, 49.6152888], [6.1386566, 49.6152597], [6.1384043, 49.6149269], [6.1386205, 49.6146759], [6.1383592, 49.6142439], [6.1375339, 49.6141546], [6.1371666, 49.613947], [6.1361523, 49.6143936], [6.1354283, 49.6147442], [6.1349356, 49.6150174], [6.1352373, 49.6151983], [6.1353443, 49.6154064], [6.1355621, 49.6154159], [6.1356248, 49.6154637], [6.1356322, 49.6156024], [6.1358462, 49.6156789], [6.1358536, 49.61582], [6.1361783, 49.6159348], [6.1360602, 49.6160471], [6.1358757, 49.61604], [6.1357982, 49.6159826], [6.1356986, 49.6160328], [6.1354772, 49.6160208], [6.1354883, 49.6158726], [6.1348091, 49.6158679], [6.1343745, 49.6158263], [6.1337131, 49.6159287], [6.1334787, 49.6162107], [6.1332808, 49.6164871], [6.1331051, 49.6167919], [6.1330179, 49.6170211], [6.1328831, 49.6170952], [6.1326654, 49.6174517], [6.1329161, 49.6176807], [6.1329901, 49.6177525], [6.1330591, 49.6178321], [6.1335117, 49.6177573], [6.1335274, 49.6179804], [6.133616, 49.6179895], [6.1336348, 49.6181038], [6.1337496, 49.6180919], [6.1340203, 49.6183454], [6.1341524, 49.6184605], [6.1340834, 49.6186942], [6.1340873, 49.6188309], [6.1341124, 49.6189299], [6.1341885, 49.6191045], [6.1344916, 49.6197758], [6.1345347, 49.6199534], [6.1355608, 49.620321], [6.1356024, 49.6202443], [6.1357976, 49.6203525], [6.136096, 49.6204367], [6.1368077, 49.6207307], [6.1365886, 49.62091], [6.1368308, 49.6210146], [6.1369864, 49.6209772], [6.1369403, 49.6210968], [6.1377187, 49.6215861], [6.1374996, 49.6217915], [6.1382146, 49.6223108], [6.1386157, 49.6225517], [6.1384486, 49.6226416], [6.1380841, 49.6228377], [6.1375075, 49.6225867], [6.1370931, 49.6225342], [6.1366066, 49.6221023], [6.1364264, 49.6220556], [6.1364264, 49.6221665], [6.1361832, 49.6221665], [6.1361832, 49.6220731], [6.1357868, 49.6219213], [6.1351201, 49.6217579], [6.1347355, 49.6217772]]]}}, {"type": "Feature", "properties": {"name": "Cessange"}, "geometry": {"type": "Polygon", "coordinates": [[[6.1148662, 49.5965868], [6.1146763, 49.5954595], [6.1164855, 49.595304], [6.1164556, 49.5950448], [6.1161957, 49.5950383], [6.1162057, 49.5948245], [6.1157259, 49.594831], [6.1158588, 49.5936129], [6.1150662, 49.5934315], [6.1149762, 49.5929391], [6.1132469, 49.5928613], [6.1140266, 49.5914293], [6.1141898, 49.5903856], [6.1148532, 49.5903554], [6.1151644, 49.5903255], [6.1153815, 49.5902634], [6.1154557, 49.5902031], [6.1155185, 49.5901202], [6.1155623, 49.5900406], [6.1156046, 49.5899495], [6.1156974, 49.5898437], [6.1157636, 49.5897833], [6.1160057, 49.5897663], [6.1159642, 49.5884187], [6.1142906, 49.5885448], [6.113088, 49.5874699], [6.1126785, 49.5853398], [6.1124073, 49.5837637], [6.1123101, 49.5830736], [6.1120794, 49.5823031], [6.1120081, 49.5820649], [6.1107338, 49.5808305], [6.1122178, 49.5801153], [6.1124909, 49.5799837], [6.1128885, 49.5797921], [6.1131391, 49.5796691], [6.1119383, 49.5785726], [6.1100326, 49.577907], [6.1106314, 49.5774159], [6.1124738, 49.5773495], [6.1131954, 49.5769447], [6.1135486, 49.5762411], [6.1125967, 49.5760752], [6.111179, 49.5758628], [6.1101555, 49.575604], [6.1097399, 49.5754883], [6.109178, 49.5753318], [6.1087311, 49.5750894], [6.1086046, 49.5750208], [6.1083808, 49.5748081], [6.108052, 49.5744955], [6.1079889, 49.5744123], [6.1078934, 49.5742864], [6.1074584, 49.5738384], [6.1046999, 49.5733406], [6.1042523, 49.5725154], [6.1050329, 49.5716928], [6.1059436, 49.5719038], [6.1063989, 49.571271], [6.1042083, 49.5702], [6.1035743, 49.5705638], [6.1032588, 49.5707447], [6.1030463, 49.570844], [6.1027787, 49.5709599], [6.1025207, 49.5710405], [6.1020015, 49.5711957], [6.1018954, 49.5712247], [6.1016352, 49.5712959], [6.1014187, 49.5713489], [6.1012977, 49.5713606], [6.1007745, 49.5714141], [6.1007583, 49.5714158], [6.1006148, 49.5714802], [6.1004746, 49.5715433], [6.1004418, 49.571558], [6.1003973, 49.5715723], [6.1003495, 49.5715794], [6.100282, 49.5715753], [6.1002079, 49.5715599], [6.1001666, 49.5715502], [6.0999197, 49.5714916], [6.0997171, 49.5714294], [6.0996332, 49.5713795], [6.09936, 49.5711911], [6.0988309, 49.57131], [6.0987122, 49.5713367], [6.0982767, 49.5714347], [6.0981918, 49.5714538], [6.0980682, 49.5716267], [6.097857, 49.5719103], [6.0978543, 49.571914], [6.0978185, 49.5719612], [6.097755, 49.572045], [6.0976671, 49.5721608], [6.0975958, 49.5722532], [6.0975279, 49.5723086], [6.0971637, 49.5725766], [6.0970849, 49.5726601], [6.0969919, 49.5727587], [6.0968941, 49.572855], [6.0967989, 49.5729487], [6.0967871, 49.5729623], [6.0966947, 49.5730689], [6.0966764, 49.5730899], [6.0965619, 49.5732324], [6.0961802, 49.5737406], [6.0959231, 49.5740598], [6.0956965, 49.5743633], [6.0953449, 49.574813], [6.0952826, 49.574896], [6.0951796, 49.5750332], [6.0952692, 49.5751849], [6.0951429, 49.5752224], [6.0949271, 49.5752864], [6.0947842, 49.5753288], [6.0946213, 49.5753772], [6.0944463, 49.5754291], [6.0939816, 49.575567], [6.0939579, 49.5758663], [6.0939544, 49.5759106], [6.0939539, 49.5759167], [6.0939973, 49.5760987], [6.0940831, 49.5764622], [6.0940987, 49.5767992], [6.0941124, 49.5772017], [6.0941178, 49.5773541], [6.0941068, 49.577374], [6.0940737, 49.5774425], [6.0940055, 49.5775681], [6.0938999, 49.5777678], [6.0938217, 49.577916], [6.0938124, 49.5779336], [6.0937583, 49.5780363], [6.0936155, 49.5783073], [6.0935382, 49.5784541], [6.0935073, 49.5785127], [6.0932448, 49.5785311], [6.0928297, 49.578414], [6.0926409, 49.5783878], [6.0922859, 49.5782909], [6.0917648, 49.578149], [6.0911084, 49.5779713], [6.0910712, 49.5779603], [6.0910376, 49.577945], [6.0910005, 49.5779187], [6.0909851, 49.5778941], [6.0909831, 49.5778764], [6.0909803, 49.5778522], [6.0887356, 49.5771759], [6.0885131, 49.5771009], [6.0884095, 49.5770857], [6.0882611, 49.5770384], [6.0880821, 49.5769844], [6.0878776, 49.5769241], [6.087436, 49.5768227], [6.0872769, 49.5767842], [6.0870413, 49.5767], [6.0867537, 49.576597], [6.0866439, 49.5765685], [6.0856354, 49.5763701], [6.0849163, 49.5762307], [6.0844056, 49.5765778], [6.0837759, 49.5768564], [6.0832499, 49.5771021], [6.0825662, 49.5770904], [6.0816346, 49.5774108], [6.0811284, 49.5776632], [6.0805572, 49.5775245], [6.08047, 49.5775053], [6.0802446, 49.5774557], [6.079757, 49.5774105], [6.0794113, 49.5773784], [6.0793959, 49.577377], [6.0793044, 49.5776257], [6.0791947, 49.5778813], [6.0790299, 49.5782346], [6.0791186, 49.5786969], [6.0792288, 49.5791108], [6.0792227, 49.579123], [6.0790762, 49.5793992], [6.078811, 49.5798972], [6.0786104, 49.5801058], [6.0785296, 49.5801771], [6.0783576, 49.5803208], [6.0783244, 49.5803471], [6.0782875, 49.5803762], [6.0782297, 49.5804147], [6.0785632, 49.5808763], [6.0781382, 49.5813339], [6.0782077, 49.581575], [6.0782629, 49.5817461], [6.0783391, 49.5819465], [6.0783861, 49.5820972], [6.0784824, 49.5822545], [6.0785326, 49.5823974], [6.0785942, 49.5825551], [6.0786025, 49.5825866], [6.0786416, 49.5826954], [6.0787467, 49.5829628], [6.0787902, 49.5830512], [6.078831, 49.5831535], [6.0788414, 49.58319], [6.0788414, 49.5832228], [6.0788294, 49.5832751], [6.0788174, 49.5833337], [6.0788133, 49.5833915], [6.0788172, 49.5834501], [6.0788774, 49.5836302], [6.0790104, 49.5840371], [6.0790236, 49.5840777], [6.0790625, 49.5841968], [6.0791233, 49.5842187], [6.0791919, 49.5842461], [6.0792712, 49.5842891], [6.079349, 49.5843376], [6.0794058, 49.5843814], [6.0794528, 49.5844219], [6.0794898, 49.5844462], [6.0795347, 49.5844587], [6.0795835, 49.5844642], [6.07961, 49.5844619], [6.0796497, 49.5844424], [6.0797224, 49.5843924], [6.0797568, 49.5843675], [6.0796455, 49.5845525], [6.079427, 49.5848875], [6.0792975, 49.585098], [6.0792738, 49.5851366], [6.0792863, 49.5852397], [6.0789972, 49.5854338], [6.078755, 49.5855965], [6.0784978, 49.5857483], [6.0783424, 49.5858394], [6.0778504, 49.5861277], [6.0775888, 49.5862952], [6.076945, 49.5867075], [6.0768144, 49.5867981], [6.0763655, 49.5871097], [6.0762252, 49.5872752], [6.0767548, 49.5875002], [6.076684, 49.5876668], [6.0766675, 49.5877057], [6.0766184, 49.5878104], [6.0765521, 49.5879564], [6.0765242, 49.5880291], [6.0765042, 49.5880955], [6.0764682, 49.5883017], [6.0764041, 49.5886806], [6.076384, 49.5887678], [6.0763761, 49.5888017], [6.0763408, 49.5889335], [6.076307, 49.5890598], [6.0762757, 49.5891618], [6.076271, 49.589177], [6.0762442, 49.5892282], [6.0762214, 49.5892715], [6.0762053, 49.5893172], [6.0761929, 49.5893524], [6.0761153, 49.5893446], [6.0759213, 49.5893188], [6.0757057, 49.5892902], [6.0756689, 49.5894027], [6.0751402, 49.5893779], [6.0749948, 49.5893772], [6.0746859, 49.5893881], [6.074363, 49.5893943], [6.0743038, 49.5895882], [6.0742321, 49.589774], [6.0738073, 49.5893783], [6.0737636, 49.5893376], [6.0735742, 49.5893545], [6.0734878, 49.5893623], [6.0730521, 49.5893264], [6.0739996, 49.5913098], [6.0748878, 49.591729], [6.0772149, 49.593602], [6.0804728, 49.5951085], [6.0808856, 49.5953812], [6.0836129, 49.5969677], [6.0838713, 49.597118], [6.0861173, 49.5982587], [6.0867889, 49.598613], [6.0888919, 49.5993281], [6.0906622, 49.6000403], [6.0911777, 49.5998784], [6.092021, 49.6002934], [6.0954936, 49.598885], [6.0984488, 49.5981291], [6.1017719, 49.5977983], [6.1077093, 49.5974096], [6.1148662, 49.5965868]]]}}, {"type": "Feature", "properties": {"name": "Limpertsberg"}, "geometry": {"type": "Polygon", "coordinates": [[[6.1306295, 49.6176151], [6.1293408, 49.6174175], [6.1264939, 49.6169443], [6.1264901, 49.616886], [6.1264507, 49.6168276], [6.1263959, 49.6167786], [6.1263234, 49.6167405], [6.1262819, 49.6167259], [6.1262381, 49.6167159], [6.1261459, 49.6167064], [6.126053, 49.6167126], [6.1259658, 49.6167343], [6.1259283, 49.6167519], [6.1258902, 49.6167698], [6.1258314, 49.6168168], [6.1257933, 49.6168721], [6.1257814, 49.6169207], [6.1257787, 49.6169318], [6.1257884, 49.616992], [6.1258218, 49.6170485], [6.1258766, 49.6170975], [6.1247275, 49.6178556], [6.1246912, 49.6178472], [6.1221259, 49.6161697], [6.1217421, 49.6164003], [6.1215169, 49.6162447], [6.1204892, 49.6155696], [6.1202476, 49.6154129], [6.1198227, 49.6151088], [6.1194845, 49.6148613], [6.1192917, 49.6146727], [6.1186078, 49.6150967], [6.1185208, 49.6153952], [6.1175945, 49.6159323], [6.1170929, 49.6160086], [6.1169292, 49.6162739], [6.1171595, 49.6168011], [6.117301, 49.6173699], [6.1168751, 49.6177053], [6.1173684, 49.6178583], [6.1163045, 49.6184885], [6.1146164, 49.6189854], [6.1124479, 49.6189143], [6.111581, 49.6192209], [6.111293, 49.6191129], [6.1097975, 49.6198517], [6.108558, 49.6198725], [6.1071337, 49.619941], [6.1067754, 49.6202129], [6.1072514, 49.6214629], [6.1070627, 49.6224097], [6.1071519, 49.6223854], [6.1072498, 49.6223988], [6.1073101, 49.6224427], [6.1073256, 49.6225044], [6.1072501, 49.6227], [6.107276, 49.622794], [6.1073416, 49.6228658], [6.1074288, 49.6229093], [6.1075469, 49.6229319], [6.1076826, 49.6229202], [6.1078653, 49.622884], [6.1080531, 49.6228253], [6.1082358, 49.6227579], [6.1083019, 49.6228196], [6.1084015, 49.6229099], [6.1082563, 49.6229722], [6.1082053, 49.6230641], [6.1081443, 49.623091], [6.1085017, 49.6234574], [6.1080323, 49.6236245], [6.1082173, 49.6237712], [6.1079321, 49.6240953], [6.1077386, 49.6243837], [6.1070933, 49.6240947], [6.1066936, 49.6249076], [6.1066204, 49.626313], [6.1127643, 49.626365], [6.1132841, 49.6264747], [6.1176821, 49.6272436], [6.1196344, 49.6267884], [6.1198526, 49.6270213], [6.1204044, 49.6267778], [6.1207323, 49.6260837], [6.121324, 49.6257522], [6.1210361, 49.6255088], [6.1217504, 49.6249248], [6.1221157, 49.6249418], [6.1220557, 49.6251243], [6.1229194, 49.6251716], [6.123048, 49.6253561], [6.1246158, 49.625301], [6.1247463, 49.6259439], [6.1253242, 49.6259426], [6.1253583, 49.6258222], [6.1267321, 49.6258392], [6.1266876, 49.6259742], [6.1278187, 49.6259811], [6.1281166, 49.6259034], [6.1284033, 49.6257997], [6.1285494, 49.6256529], [6.1286262, 49.625084], [6.1285924, 49.624287], [6.1291738, 49.6237989], [6.1289302, 49.6237651], [6.128877, 49.6228892], [6.1295425, 49.6226435], [6.129616, 49.6221155], [6.1304491, 49.6221366], [6.130443, 49.6229265], [6.1307771, 49.6229214], [6.1310325, 49.6229066], [6.1312487, 49.621554], [6.1311718, 49.621032], [6.130891, 49.620731], [6.1311656, 49.6205299], [6.1311297, 49.6201548], [6.1307749, 49.6195524], [6.1307488, 49.6181801], [6.1306295, 49.6176151]]]}}, {"type": "Feature", "properties": {"name": "Ville Haute"}, "geometry": {"type": "Point", "coordinates": [6.1286101, 49.6123988]}}, {"type": "Feature", "properties": {"name": "Eich"}, "geometry": {"type": "Polygon", "coordinates": [[[6.1308653, 49.6244833], [6.1303811, 49.6244395], [6.1306739, 49.6236224], [6.1307771, 49.6229214], [6.130443, 49.6229265], [6.1304491, 49.6221366], [6.129616, 49.6221155], [6.1295425, 49.6226435], [6.128877, 49.6228892], [6.1289302, 49.6237651], [6.1291738, 49.6237989], [6.1285924, 49.624287], [6.1286262, 49.625084], [6.1285494, 49.6256529], [6.1284033, 49.6257997], [6.1281166, 49.6259034], [6.1278187, 49.6259811], [6.1266876, 49.6259742], [6.1267321, 49.6258392], [6.1253583, 49.6258222], [6.1253242, 49.6259426], [6.1247463, 49.6259439], [6.1248312, 49.6262801], [6.1243465, 49.6264116], [6.1251405, 49.6266464], [6.1244144, 49.6267546], [6.124006, 49.6269409], [6.1255985, 49.627866], [6.1259302, 49.627935], [6.1260168, 49.6282538], [6.1256889, 49.6283237], [6.125749, 49.6284677], [6.1257863, 49.6284556], [6.1259387, 49.6285054], [6.1260322, 49.6287189], [6.1265597, 49.6286796], [6.1268966, 49.6287366], [6.1275607, 49.6287429], [6.1277805, 49.6287777], [6.1281565, 49.6287429], [6.1298852, 49.6296886], [6.131062, 49.6301156], [6.1321706, 49.6310329], [6.1318238, 49.6317066], [6.1319069, 49.6319881], [6.132361, 49.6323676], [6.132488, 49.6327187], [6.1323757, 49.6327788], [6.1320387, 49.6327851], [6.1319996, 49.6327377], [6.1318092, 49.6327472], [6.1315211, 49.6331141], [6.131526, 49.6333639], [6.1297436, 49.6341894], [6.1295434, 49.6345341], [6.1293236, 49.6347808], [6.1288988, 49.6350497], [6.1287767, 49.6351192], [6.1282883, 49.6352647], [6.1277644, 49.6353588], [6.1290212, 49.6358423], [6.1284829, 49.6361288], [6.1295889, 49.6366754], [6.1309241, 49.6357721], [6.1315789, 49.6360805], [6.1321742, 49.635304], [6.1323797, 49.6353492], [6.1324263, 49.6352715], [6.1325997, 49.6353881], [6.133756, 49.6357446], [6.1336539, 49.6359428], [6.1340026, 49.6360585], [6.1335901, 49.6363735], [6.1320211, 49.6386861], [6.1317486, 49.6395265], [6.1317829, 49.6400077], [6.1323251, 49.6404637], [6.1331897, 49.6408316], [6.1332183, 49.6410616], [6.1340281, 49.6413015], [6.1344959, 49.6413621], [6.1350822, 49.6414598], [6.1360295, 49.6413319], [6.1360399, 49.6414028], [6.1362247, 49.6413891], [6.136206, 49.6412003], [6.1358784, 49.6375013], [6.1357778, 49.6358363], [6.1353497, 49.635692], [6.1349101, 49.6355674], [6.1354269, 49.6349132], [6.1354413, 49.6344666], [6.1356684, 49.6339257], [6.1359959, 49.6334724], [6.1363397, 49.633035], [6.1365874, 49.6326161], [6.1365464, 49.6322529], [6.1362371, 49.6318151], [6.1359666, 49.6313411], [6.1356052, 49.6306845], [6.1352014, 49.6302561], [6.1333152, 49.6289429], [6.1327297, 49.6284726], [6.131137, 49.6273803], [6.1307467, 49.6270465], [6.1307311, 49.6249731], [6.1308653, 49.6244833]]]}}, {"type": "Feature", "properties": {"name": "Pulvermuhl"}, "geometry": {"type": "Polygon", "coordinates": [[[6.1435923, 49.6098832], [6.1444165, 49.6098832], [6.144938, 49.6097797], [6.1449043, 49.6103083], [6.1448539, 49.6103792], [6.1454342, 49.6105099], [6.1457706, 49.6105099], [6.1466048, 49.6104244], [6.1467966, 49.6105917], [6.1468629, 49.6106425], [6.1471667, 49.6105917], [6.1475535, 49.61045], [6.1478311, 49.6104554], [6.1479657, 49.6105426], [6.1482276, 49.610543], [6.1481117, 49.6103018], [6.1480567, 49.6101634], [6.1482703, 49.6100922], [6.1491429, 49.6101317], [6.1500156, 49.6102504], [6.1509553, 49.6104955], [6.1517059, 49.6107486], [6.1526884, 49.6111005], [6.1536708, 49.6113733], [6.1548913, 49.6116699], [6.1567586, 49.6121523], [6.1576373, 49.6123935], [6.1583963, 49.6115459], [6.1579463, 49.6113576], [6.1568815, 49.6110533], [6.155867, 49.6107301], [6.154198, 49.6102429], [6.1536226, 49.6100251], [6.1529277, 49.6094456], [6.1524833, 49.6091023], [6.1519877, 49.6087996], [6.152546, 49.6085707], [6.1525232, 49.60791], [6.1527226, 49.6079063], [6.1521814, 49.6072233], [6.1516801, 49.6075076], [6.151458, 49.6072381], [6.1510307, 49.6069465], [6.1510193, 49.6068173], [6.1498743, 49.6063485], [6.1498743, 49.6062414], [6.1491167, 49.6059608], [6.1490939, 49.6057098], [6.1477495, 49.6050786], [6.1464337, 49.6045322], [6.1455178, 49.6040447], [6.1450403, 49.603784], [6.144721, 49.6034201], [6.1447962, 49.6029294], [6.1442983, 49.6028254], [6.1444006, 49.6025804], [6.1445972, 49.6023461], [6.1451455, 49.6020361], [6.1449924, 49.601895], [6.1451463, 49.6015443], [6.1444586, 49.6018406], [6.144053, 49.6021251], [6.1438901, 49.6022734], [6.1436445, 49.6025074], [6.1436465, 49.6028823], [6.1437081, 49.6031893], [6.1438064, 49.6033631], [6.1439343, 49.6034694], [6.1441446, 49.6036677], [6.1443611, 49.603881], [6.1446379, 49.6040834], [6.1449336, 49.6042711], [6.1451557, 49.6044129], [6.1453986, 49.6045522], [6.1464824, 49.6051801], [6.1472199, 49.6055578], [6.1477304, 49.6058004], [6.148268, 49.6060527], [6.1489784, 49.6064122], [6.1494275, 49.6066669], [6.1495234, 49.6067213], [6.1499313, 49.6069668], [6.150208, 49.6071881], [6.150216, 49.6071945], [6.1503358, 49.6073633], [6.1504167, 49.6075261], [6.150386, 49.6078634], [6.1503853, 49.6078715], [6.1502913, 49.6080064], [6.1501351, 49.6080971], [6.1499902, 49.6082431], [6.1497834, 49.6083441], [6.1495092, 49.6083864], [6.1489445, 49.6084938], [6.1488841, 49.6083937], [6.1488699, 49.6083501], [6.1488642, 49.6083022], [6.148602, 49.608139], [6.1482923, 49.6081235], [6.1482242, 49.6081354], [6.1474199, 49.6082681], [6.1470714, 49.608341], [6.146748, 49.6084251], [6.1464918, 49.6085011], [6.1461915, 49.608671], [6.1459812, 49.6087878], [6.1458045, 49.608908], [6.145646, 49.6089534], [6.1454053, 49.6090377], [6.1452999, 49.6090863], [6.1451698, 49.6091295], [6.1448146, 49.6092793], [6.1446481, 49.6093214], [6.1443215, 49.6093611], [6.1440694, 49.6093762], [6.1437326, 49.6094167], [6.1435525, 49.6094503], [6.1435923, 49.6098832]]]}}, {"type": "Feature", "properties": {"name": "Kiem"}, "geometry": {"type": "Point", "coordinates": [6.1670539, 49.6346781]}}, {"type": "Feature", "properties": {"name": "Weimerskirch"}, "geometry": {"type": "Polygon", "coordinates": [[[6.156283, 49.6379708], [6.1564784, 49.6375308], [6.1569024, 49.6365761], [6.1573935, 49.6351457], [6.1574356, 49.6350782], [6.157629, 49.6348179], [6.1580379, 49.6342674], [6.1580195, 49.6342081], [6.1552827, 49.6336133], [6.1545985, 49.6335831], [6.1522426, 49.6329738], [6.1506098, 49.6325054], [6.1491947, 49.6319212], [6.1484483, 49.6315838], [6.1476397, 49.6312364], [6.1464656, 49.6307831], [6.1466522, 49.6306018], [6.1453927, 49.6298967], [6.1442264, 49.6293226], [6.1442653, 49.6291816], [6.1433245, 49.628819], [6.1423448, 49.6284765], [6.1427958, 49.6279981], [6.1426153, 49.627934], [6.1424692, 49.6278822], [6.141023, 49.6272577], [6.1404865, 49.6270613], [6.1402377, 49.627162], [6.1399423, 49.6270059], [6.1395846, 49.6268296], [6.1390559, 49.6266282], [6.1393261, 49.6263989], [6.138794, 49.6261379], [6.1391037, 49.6257866], [6.1389368, 49.6257145], [6.1374273, 49.6250625], [6.136987, 49.6248724], [6.1367534, 49.6247715], [6.136709, 49.6247523], [6.1365008, 49.6246685], [6.1369308, 49.6242584], [6.1356504, 49.6236515], [6.1355909, 49.6237017], [6.1350135, 49.6241888], [6.1349273, 49.6239285], [6.1340253, 49.6239235], [6.1344857, 49.6228381], [6.134694, 49.6223469], [6.1347355, 49.6217772], [6.1338222, 49.6215322], [6.1331441, 49.6215621], [6.1331534, 49.622085], [6.1331395, 49.6223839], [6.132443, 49.6223869], [6.1324338, 49.622602], [6.1323323, 49.6228441], [6.1321893, 49.62311], [6.1319586, 49.623107], [6.1311053, 49.6238869], [6.1312944, 49.6239706], [6.1308653, 49.6244833], [6.1307311, 49.6249731], [6.1307467, 49.6270465], [6.131137, 49.6273803], [6.1327297, 49.6284726], [6.1333152, 49.6289429], [6.1352014, 49.6302561], [6.1357339, 49.6299813], [6.136456, 49.6307934], [6.1373574, 49.6313114], [6.1373709, 49.6315304], [6.1382768, 49.6322572], [6.139088, 49.6327213], [6.1393855, 49.6325199], [6.1422382, 49.6339297], [6.1419949, 49.6342275], [6.1453344, 49.6362852], [6.146416, 49.6369157], [6.1466864, 49.6369244], [6.1477816, 49.6373535], [6.1483541, 49.6373231], [6.1484262, 49.6372445], [6.1480896, 49.6371205], [6.1474977, 49.6369055], [6.1470318, 49.6367321], [6.1461097, 49.6362694], [6.1458751, 49.6361558], [6.1458741, 49.6361355], [6.145951, 49.6360852], [6.1456907, 49.6359015], [6.1453726, 49.6356576], [6.1451911, 49.6355185], [6.1447185, 49.6351588], [6.144585, 49.6350524], [6.1444397, 49.6349365], [6.14432, 49.634826], [6.1442402, 49.6347542], [6.1440972, 49.634626], [6.1440078, 49.6345365], [6.1439097, 49.6344383], [6.1438889, 49.6344172], [6.1437754, 49.6343227], [6.1436759, 49.6342387], [6.1435329, 49.6341181], [6.1434151, 49.6340187], [6.1433612, 49.6339768], [6.1433398, 49.63396], [6.1434802, 49.6337804], [6.1432227, 49.6336317], [6.1428149, 49.6333964], [6.1427675, 49.6333161], [6.1427613, 49.6331048], [6.1431216, 49.6332416], [6.1431728, 49.633264], [6.1436588, 49.6334753], [6.1441452, 49.6336986], [6.1445954, 49.6339034], [6.1448879, 49.6340939], [6.1451922, 49.634293], [6.145543, 49.6345193], [6.145817, 49.6344438], [6.1460033, 49.6346482], [6.1461576, 49.6348042], [6.14626, 49.6348929], [6.1463809, 49.6349853], [6.1464916, 49.6350558], [6.1466464, 49.6351406], [6.1467333, 49.6351813], [6.1467673, 49.6351971], [6.1468584, 49.6352375], [6.1471244, 49.6353398], [6.1473444, 49.6354085], [6.1475269, 49.635459], [6.1475165, 49.6354772], [6.1475428, 49.6354829], [6.1479089, 49.6355842], [6.1480511, 49.6356315], [6.1481304, 49.6356651], [6.1482405, 49.6357311], [6.1483785, 49.6358109], [6.148459, 49.6358481], [6.1488045, 49.6359683], [6.1493427, 49.6361623], [6.1497579, 49.6363004], [6.1500502, 49.6363889], [6.1503004, 49.6364615], [6.1506516, 49.6365584], [6.1509493, 49.6366384], [6.1510971, 49.6367746], [6.1521877, 49.6369054], [6.1524749, 49.6369413], [6.1525374, 49.6369575], [6.1527876, 49.6370453], [6.1530436, 49.6371332], [6.1540688, 49.6375035], [6.155094, 49.6378955], [6.1560756, 49.6380607], [6.156283, 49.6379708]]]}}, {"type": "Feature", "properties": {"name": "Grund"}, "geometry": {"type": "Polygon", "coordinates": [[[6.132084, 49.6070415], [6.1323743, 49.6071483], [6.1325409, 49.6070531], [6.1326879, 49.6070032], [6.1328509, 49.6069393], [6.1329907, 49.6069056], [6.1334118, 49.6066258], [6.1334799, 49.6065608], [6.1335712, 49.6064307], [6.133785, 49.606469], [6.1339666, 49.6065007], [6.1340958, 49.6065421], [6.1348031, 49.6067358], [6.1352225, 49.6067758], [6.1353794, 49.6067497], [6.1357362, 49.6068549], [6.1358009, 49.6068796], [6.1358046, 49.6068892], [6.1360295, 49.6069159], [6.1360627, 49.6069046], [6.1361176, 49.6069101], [6.1361502, 49.606924], [6.136159, 49.6069305], [6.136161, 49.6069394], [6.1361573, 49.60695], [6.1361197, 49.6069894], [6.1362518, 49.6071272], [6.1363302, 49.6071009], [6.1363436, 49.607099], [6.136355, 49.6071018], [6.1363614, 49.6071079], [6.1363873, 49.6071632], [6.13639, 49.6071748], [6.1363854, 49.6071861], [6.1363739, 49.6071938], [6.1362743, 49.6072138], [6.1362773, 49.6072233], [6.1362775, 49.6072388], [6.1362751, 49.6072524], [6.1362547, 49.6072803], [6.1362346, 49.6072977], [6.1361972, 49.6073135], [6.1361462, 49.6073242], [6.1360358, 49.6073365], [6.136019, 49.607416], [6.1360472, 49.6074389], [6.1360664, 49.607441], [6.1360758, 49.6074719], [6.1359642, 49.6075162], [6.135814, 49.6074732], [6.1357221, 49.6074934], [6.1355783, 49.6075721], [6.1355555, 49.6077059], [6.1353905, 49.6078489], [6.1352758, 49.607795], [6.1350081, 49.6078299], [6.1349017, 49.607966], [6.1343033, 49.6087033], [6.1344172, 49.6089034], [6.134171, 49.6089213], [6.1340371, 49.6092058], [6.1340121, 49.6092556], [6.1340002, 49.6093606], [6.1339975, 49.6094804], [6.1340113, 49.6095578], [6.1340384, 49.6096295], [6.13411, 49.6096651], [6.1343262, 49.6097573], [6.1344507, 49.6098836], [6.1345803, 49.6102694], [6.1348097, 49.6107062], [6.1349446, 49.610772], [6.1351547, 49.6108061], [6.1357799, 49.6112532], [6.1358847, 49.6116168], [6.1359839, 49.6116492], [6.136074, 49.6116917], [6.1360877, 49.6114634], [6.1361809, 49.6113646], [6.137197, 49.6116741], [6.1375441, 49.611198], [6.1376884, 49.6112021], [6.1380659, 49.6106025], [6.1385114, 49.6106367], [6.1400775, 49.6108192], [6.1409045, 49.6109674], [6.1417139, 49.6111498], [6.142189, 49.6110928], [6.1432307, 49.6113928], [6.1434325, 49.6107661], [6.1435923, 49.6098832], [6.1435525, 49.6094503], [6.1430024, 49.6095615], [6.142282, 49.6095001], [6.1419816, 49.6093993], [6.1417242, 49.6092829], [6.1413354, 49.6090877], [6.1410756, 49.6089232], [6.1408251, 49.6087503], [6.1406638, 49.6086161], [6.1405514, 49.6084904], [6.1401435, 49.6081314], [6.1399711, 49.607976], [6.139907, 49.6078901], [6.1398755, 49.6078506], [6.1398543, 49.6078245], [6.139501, 49.6075909], [6.1392133, 49.607455], [6.1389333, 49.6074147], [6.1386914, 49.6071507], [6.1386817, 49.6067971], [6.1385484, 49.6066536], [6.1383192, 49.6066096], [6.1381428, 49.6064935], [6.1378741, 49.606381], [6.1376949, 49.6063138], [6.1370064, 49.605922], [6.136369, 49.6055697], [6.1362256, 49.605527], [6.1360866, 49.6054387], [6.1358773, 49.6053495], [6.135732, 49.6052662], [6.1355723, 49.6051772], [6.1353273, 49.6050762], [6.135179, 49.6051888], [6.1350416, 49.6051182], [6.1348854, 49.6050709], [6.1346718, 49.6051201], [6.1343794, 49.60503], [6.1341127, 49.6049427], [6.1336658, 49.604808], [6.1335379, 49.6047569], [6.1333573, 49.6047123], [6.1331624, 49.604755], [6.1330491, 49.6048033], [6.1328212, 49.6048507], [6.132804, 49.6049817], [6.1326693, 49.6050291], [6.132331, 49.6051219], [6.1321346, 49.605173], [6.1318995, 49.6052669], [6.1315153, 49.6056087], [6.1309907, 49.606063], [6.1310915, 49.6061577], [6.1314205, 49.6063686], [6.1320224, 49.6068267], [6.132084, 49.6070415]]]}}, {"type": "Feature", "properties": {"name": "Pfaffenthal"}, "geometry": {"type": "Polygon", "coordinates": [[[6.1358847, 49.6116168], [6.1357132, 49.611701], [6.1351831, 49.6116814], [6.1349288, 49.6117636], [6.1344559, 49.6119812], [6.1341279, 49.6123469], [6.1339573, 49.6123641], [6.1336719, 49.6126424], [6.133513, 49.6127187], [6.1330953, 49.6127167], [6.1328069, 49.6130056], [6.132521, 49.613292], [6.1323393, 49.6135803], [6.1322215, 49.6135483], [6.13159, 49.6139949], [6.1311825, 49.6142572], [6.1315097, 49.6146295], [6.1312636, 49.614908], [6.1312026, 49.6148906], [6.1311089, 49.6150133], [6.1309669, 49.6149822], [6.1308626, 49.6151948], [6.1307063, 49.6154494], [6.1305785, 49.6154206], [6.1304848, 49.615565], [6.1307314, 49.6156246], [6.1308018, 49.615643], [6.1306623, 49.6158372], [6.130627, 49.6159935], [6.1305563, 49.6161098], [6.1305946, 49.6161803], [6.1307329, 49.6162127], [6.1309094, 49.6162813], [6.1308659, 49.616347], [6.1308162, 49.6164088], [6.1307191, 49.616563], [6.1307344, 49.6166504], [6.130674, 49.6168756], [6.1307164, 49.6171132], [6.1305457, 49.6171362], [6.1306295, 49.6176151], [6.1307488, 49.6181801], [6.1307749, 49.6195524], [6.1311297, 49.6201548], [6.1311656, 49.6205299], [6.130891, 49.620731], [6.1311718, 49.621032], [6.1312487, 49.621554], [6.1310325, 49.6229066], [6.1307771, 49.6229214], [6.1306739, 49.6236224], [6.1303811, 49.6244395], [6.1308653, 49.6244833], [6.1312944, 49.6239706], [6.1311053, 49.6238869], [6.1319586, 49.623107], [6.1321893, 49.62311], [6.1323323, 49.6228441], [6.1324338, 49.622602], [6.132443, 49.6223869], [6.1331395, 49.6223839], [6.1331534, 49.622085], [6.1331441, 49.6215621], [6.1338222, 49.6215322], [6.1347355, 49.6217772], [6.1351201, 49.6217579], [6.1357868, 49.6219213], [6.1361832, 49.6220731], [6.1361832, 49.6221665], [6.1364264, 49.6221665], [6.1364264, 49.6220556], [6.1366066, 49.6221023], [6.1370931, 49.6225342], [6.1375075, 49.6225867], [6.1380841, 49.6228377], [6.1384486, 49.6226416], [6.1386157, 49.6225517], [6.1382146, 49.6223108], [6.1374996, 49.6217915], [6.1377187, 49.6215861], [6.1369403, 49.6210968], [6.1369864, 49.6209772], [6.1368308, 49.6210146], [6.1365886, 49.62091], [6.1368077, 49.6207307], [6.136096, 49.6204367], [6.1357976, 49.6203525], [6.1356024, 49.6202443], [6.1355608, 49.620321], [6.1345347, 49.6199534], [6.1344916, 49.6197758], [6.1341885, 49.6191045], [6.1341124, 49.6189299], [6.1340873, 49.6188309], [6.1340834, 49.6186942], [6.1341524, 49.6184605], [6.1340203, 49.6183454], [6.1337496, 49.6180919], [6.1336348, 49.6181038], [6.133616, 49.6179895], [6.1335274, 49.6179804], [6.1335117, 49.6177573], [6.1330591, 49.6178321], [6.1329901, 49.6177525], [6.1329161, 49.6176807], [6.1326654, 49.6174517], [6.1328831, 49.6170952], [6.1330179, 49.6170211], [6.1331051, 49.6167919], [6.1332808, 49.6164871], [6.1334787, 49.6162107], [6.1337131, 49.6159287], [6.1343745, 49.6158263], [6.1348091, 49.6158679], [6.1354883, 49.6158726], [6.1354772, 49.6160208], [6.1356986, 49.6160328], [6.1357982, 49.6159826], [6.1358757, 49.61604], [6.1360602, 49.6160471], [6.1361783, 49.6159348], [6.1358536, 49.61582], [6.1358462, 49.6156789], [6.1356322, 49.6156024], [6.1356248, 49.6154637], [6.1355621, 49.6154159], [6.1353443, 49.6154064], [6.1352373, 49.6151983], [6.1349356, 49.6150174], [6.1354283, 49.6147442], [6.1361523, 49.6143936], [6.1371666, 49.613947], [6.1376904, 49.6137083], [6.1380609, 49.6135207], [6.138444, 49.6133327], [6.1387581, 49.613148], [6.1391529, 49.6128961], [6.1395073, 49.6126187], [6.1392824, 49.6125151], [6.1382813, 49.6122266], [6.1376134, 49.6121388], [6.1369916, 49.6119794], [6.1364875, 49.6119803], [6.1364012, 49.6118683], [6.1360384, 49.6117837], [6.136074, 49.6116917], [6.1359839, 49.6116492], [6.1358847, 49.6116168]]]}}, {"type": "Feature", "properties": {"name": "Weimershof"}, "geometry": {"type": "Point", "coordinates": [6.1607939, 49.6230078]}}, {"type": "Feature", "properties": {"name": "Beggen"}, "geometry": {"type": "Polygon", "coordinates": [[[6.133449, 49.6503104], [6.1336512, 49.6500324], [6.1337208, 49.6500471], [6.1345571, 49.6502072], [6.1346575, 49.650228], [6.1355, 49.6503252], [6.1359104, 49.6503705], [6.1361459, 49.6504066], [6.1373841, 49.6505735], [6.1385823, 49.6507331], [6.1387407, 49.6504881], [6.13862, 49.6502695], [6.1387311, 49.6497724], [6.1387813, 49.6489971], [6.139082, 49.6489322], [6.1394384, 49.6489106], [6.1390876, 49.6483337], [6.1391488, 49.6478325], [6.1392101, 49.6474899], [6.1386977, 49.6474971], [6.138642, 49.6467688], [6.1392602, 49.6467579], [6.1390541, 49.6463829], [6.139082, 49.6458276], [6.139296, 49.6451791], [6.1395142, 49.6451905], [6.1395235, 49.6450572], [6.1399035, 49.6450799], [6.1402866, 49.6447193], [6.1406163, 49.6444625], [6.1397431, 49.6442173], [6.1395381, 49.6441625], [6.1394134, 49.6441077], [6.1392684, 49.64411], [6.1392896, 49.6426162], [6.1363371, 49.6426409], [6.1362247, 49.6413891], [6.1360399, 49.6414028], [6.1360295, 49.6413319], [6.1350822, 49.6414598], [6.1344959, 49.6413621], [6.1340281, 49.6413015], [6.1332183, 49.6410616], [6.1331897, 49.6408316], [6.1323251, 49.6404637], [6.1317829, 49.6400077], [6.1317486, 49.6395265], [6.1320211, 49.6386861], [6.1335901, 49.6363735], [6.1340026, 49.6360585], [6.1336539, 49.6359428], [6.133756, 49.6357446], [6.1325997, 49.6353881], [6.1324263, 49.6352715], [6.1323797, 49.6353492], [6.1321742, 49.635304], [6.1315789, 49.6360805], [6.1309241, 49.6357721], [6.1295889, 49.6366754], [6.1284829, 49.6361288], [6.1290212, 49.6358423], [6.1277644, 49.6353588], [6.12749, 49.635246], [6.1271248, 49.6355472], [6.1272283, 49.6355737], [6.1270248, 49.6357113], [6.1264229, 49.6354677], [6.1259449, 49.6358116], [6.125498, 49.6361785], [6.1244115, 49.6370963], [6.1241036, 49.6374057], [6.1238271, 49.637685], [6.1234375, 49.6381581], [6.1232914, 49.6384419], [6.1230966, 49.6393881], [6.1230804, 49.6400819], [6.1230317, 49.6406075], [6.1228207, 49.640986], [6.1226096, 49.6410595], [6.1224148, 49.6412067], [6.1221876, 49.6414065], [6.1218629, 49.6416272], [6.121311, 49.6421213], [6.1206733, 49.6427625], [6.1204967, 49.6428365], [6.1200396, 49.6427289], [6.1198526, 49.6430585], [6.1197525, 49.64317], [6.1195929, 49.6433478], [6.1193124, 49.6436573], [6.1183358, 49.644256], [6.1174111, 49.6449153], [6.1175774, 49.6449691], [6.1173903, 49.6451507], [6.1166839, 49.6464154], [6.1164034, 49.6470679], [6.116341, 49.6477541], [6.1164969, 49.648299], [6.1167566, 49.6487766], [6.1171098, 49.6492676], [6.1175214, 49.6496731], [6.1175382, 49.6496487], [6.1176764, 49.649448], [6.1180203, 49.6489514], [6.1180619, 49.6488851], [6.1181317, 49.648774], [6.1182867, 49.6485279], [6.118473, 49.6483732], [6.1186266, 49.6483504], [6.1186581, 49.6483458], [6.1187672, 49.6483281], [6.1188177, 49.6483153], [6.1188403, 49.6483096], [6.1188769, 49.6482937], [6.1189171, 49.6482653], [6.1190262, 49.648176], [6.1190517, 49.6481595], [6.1191081, 49.6481229], [6.1191454, 49.6481097], [6.1192845, 49.6480956], [6.1193315, 49.6480923], [6.1193606, 49.6480903], [6.1194194, 49.6480885], [6.1194753, 49.6480921], [6.1195535, 49.6480982], [6.1196869, 49.6481124], [6.1198555, 49.6481263], [6.1198892, 49.6481284], [6.1201056, 49.6481267], [6.1201933, 49.6481264], [6.120348, 49.6481342], [6.1204718, 49.6481424], [6.1205506, 49.64815], [6.1205605, 49.6481515], [6.1206852, 49.6481702], [6.1210423, 49.6482236], [6.1214158, 49.6482795], [6.1215374, 49.6482977], [6.1217034, 49.6483339], [6.1217202, 49.6483377], [6.121756, 49.6483453], [6.121974, 49.6483935], [6.122179, 49.6484376], [6.1222633, 49.6484562], [6.1223489, 49.6484741], [6.1223731, 49.6484802], [6.1223986, 49.6484843], [6.1227526, 49.6485418], [6.1228725, 49.6485612], [6.1229661, 49.6485764], [6.1230372, 49.6485903], [6.123127, 49.6486038], [6.1232584, 49.6486231], [6.1234139, 49.648646], [6.1234794, 49.6486556], [6.123524, 49.6486622], [6.1235471, 49.6486656], [6.1236157, 49.6486753], [6.123698, 49.6486871], [6.1237876, 49.6486998], [6.123923, 49.6487189], [6.124118, 49.6487505], [6.1242329, 49.6487677], [6.1243616, 49.6487869], [6.1244904, 49.6488062], [6.1246418, 49.6488288], [6.1250704, 49.6488929], [6.1253173, 49.6489274], [6.1256519, 49.6489742], [6.1259172, 49.6490113], [6.1261984, 49.6490506], [6.1266151, 49.6491094], [6.1266717, 49.6491174], [6.1267207, 49.6491243], [6.1267573, 49.649127], [6.1267953, 49.6491297], [6.1268553, 49.6491341], [6.1270487, 49.6491483], [6.12721, 49.6491601], [6.1272231, 49.649161], [6.127277, 49.649165], [6.1273066, 49.6491681], [6.1273103, 49.6491685], [6.1273225, 49.6491697], [6.1274834, 49.6491866], [6.1276335, 49.6492022], [6.127648, 49.6492039], [6.1278507, 49.649226], [6.1278492, 49.6492451], [6.1278488, 49.6492473], [6.1279295, 49.6492546], [6.1280684, 49.6492672], [6.1281415, 49.6492749], [6.1282503, 49.6492863], [6.1282527, 49.6492865], [6.1282528, 49.6492868], [6.1282721, 49.64929], [6.1284601, 49.6493337], [6.1287232, 49.6493956], [6.1287515, 49.6494023], [6.1287771, 49.6492365], [6.1287793, 49.6492221], [6.1289035, 49.6492539], [6.1295156, 49.6494089], [6.1295478, 49.649417], [6.1303143, 49.6496118], [6.1305618, 49.6496747], [6.1306016, 49.6496848], [6.1306286, 49.6496917], [6.1306541, 49.6496982], [6.1313665, 49.6498514], [6.1321392, 49.6500229], [6.1330488, 49.6502171], [6.1333926, 49.6502835], [6.133449, 49.6503104]]]}}, {"type": "Feature", "properties": {"name": "Ville-Haute"}, "geometry": {"type": "Polygon", "coordinates": [[[6.1270466, 49.6084673], [6.1266872, 49.6087913], [6.1259937, 49.6084968], [6.1255626, 49.6083085], [6.1249299, 49.6079532], [6.1246863, 49.6078317], [6.1245165, 49.6077707], [6.1241848, 49.6076495], [6.1236178, 49.6074673], [6.1233413, 49.6073368], [6.1231211, 49.6070422], [6.1231258, 49.6065988], [6.1226712, 49.6060188], [6.1221885, 49.605542], [6.1220948, 49.6053021], [6.1218839, 49.6053203], [6.1200048, 49.605703], [6.1198457, 49.605938], [6.1199834, 49.6077464], [6.1193897, 49.6095252], [6.1193521, 49.6096365], [6.1183845, 49.611045], [6.1182963, 49.6112287], [6.1182815, 49.6114133], [6.1182998, 49.6115148], [6.1183469, 49.6116188], [6.1184225, 49.6117333], [6.1186481, 49.6119698], [6.118881, 49.6122139], [6.1191812, 49.6125731], [6.1198022, 49.6131794], [6.119886, 49.6132673], [6.1197771, 49.6133873], [6.1197423, 49.6134359], [6.11965, 49.6136432], [6.1191822, 49.6138061], [6.1191484, 49.6145409], [6.1192917, 49.6146727], [6.1194845, 49.6148613], [6.1198227, 49.6151088], [6.1202476, 49.6154129], [6.1204892, 49.6155696], [6.1215169, 49.6162447], [6.1217421, 49.6164003], [6.1221259, 49.6161697], [6.1246912, 49.6178472], [6.1247275, 49.6178556], [6.1258766, 49.6170975], [6.1258218, 49.6170485], [6.1257884, 49.616992], [6.1257787, 49.6169318], [6.1257814, 49.6169207], [6.1257933, 49.6168721], [6.1258314, 49.6168168], [6.1258902, 49.6167698], [6.1259283, 49.6167519], [6.1259658, 49.6167343], [6.126053, 49.6167126], [6.1261459, 49.6167064], [6.1262381, 49.6167159], [6.1262819, 49.6167259], [6.1263234, 49.6167405], [6.1263959, 49.6167786], [6.1264507, 49.6168276], [6.1264901, 49.616886], [6.1264939, 49.6169443], [6.1293408, 49.6174175], [6.1306295, 49.6176151], [6.1305457, 49.6171362], [6.1307164, 49.6171132], [6.130674, 49.6168756], [6.1307344, 49.6166504], [6.1307191, 49.616563], [6.1308162, 49.6164088], [6.1308659, 49.616347], [6.1309094, 49.6162813], [6.1307329, 49.6162127], [6.1305946, 49.6161803], [6.1305563, 49.6161098], [6.130627, 49.6159935], [6.1306623, 49.6158372], [6.1308018, 49.615643], [6.1307314, 49.6156246], [6.1304848, 49.615565], [6.1305785, 49.6154206], [6.1307063, 49.6154494], [6.1308626, 49.6151948], [6.1309669, 49.6149822], [6.1311089, 49.6150133], [6.1312026, 49.6148906], [6.1312636, 49.614908], [6.1315097, 49.6146295], [6.1311825, 49.6142572], [6.13159, 49.6139949], [6.1322215, 49.6135483], [6.1323393, 49.6135803], [6.132521, 49.613292], [6.1328069, 49.6130056], [6.1330953, 49.6127167], [6.133513, 49.6127187], [6.1336719, 49.6126424], [6.1339573, 49.6123641], [6.1341279, 49.6123469], [6.1344559, 49.6119812], [6.1349288, 49.6117636], [6.1351831, 49.6116814], [6.1357132, 49.611701], [6.1358847, 49.6116168], [6.1357799, 49.6112532], [6.1351547, 49.6108061], [6.1349446, 49.610772], [6.1348097, 49.6107062], [6.1345803, 49.6102694], [6.1344507, 49.6098836], [6.1343262, 49.6097573], [6.13411, 49.6096651], [6.1340384, 49.6096295], [6.1340113, 49.6095578], [6.1339975, 49.6094804], [6.1340002, 49.6093606], [6.1340121, 49.6092556], [6.1340371, 49.6092058], [6.134171, 49.6089213], [6.1344172, 49.6089034], [6.1343033, 49.6087033], [6.1349017, 49.607966], [6.1350081, 49.6078299], [6.1352758, 49.607795], [6.1353905, 49.6078489], [6.1355555, 49.6077059], [6.1355783, 49.6075721], [6.1357221, 49.6074934], [6.135814, 49.6074732], [6.1359642, 49.6075162], [6.1360758, 49.6074719], [6.1360664, 49.607441], [6.1360472, 49.6074389], [6.136019, 49.607416], [6.1360358, 49.6073365], [6.1361462, 49.6073242], [6.1361972, 49.6073135], [6.1362346, 49.6072977], [6.1362547, 49.6072803], [6.1362751, 49.6072524], [6.1362775, 49.6072388], [6.1362773, 49.6072233], [6.1362743, 49.6072138], [6.1363739, 49.6071938], [6.1363854, 49.6071861], [6.13639, 49.6071748], [6.1363873, 49.6071632], [6.1363614, 49.6071079], [6.136355, 49.6071018], [6.1363436, 49.607099], [6.1363302, 49.6071009], [6.1362518, 49.6071272], [6.1361197, 49.6069894], [6.1361573, 49.60695], [6.136161, 49.6069394], [6.136159, 49.6069305], [6.1361502, 49.606924], [6.1361176, 49.6069101], [6.1360627, 49.6069046], [6.1360295, 49.6069159], [6.1358046, 49.6068892], [6.1358009, 49.6068796], [6.1357362, 49.6068549], [6.1353794, 49.6067497], [6.1352225, 49.6067758], [6.1348031, 49.6067358], [6.1340958, 49.6065421], [6.1339666, 49.6065007], [6.133785, 49.606469], [6.1335712, 49.6064307], [6.1334799, 49.6065608], [6.1334118, 49.6066258], [6.1329907, 49.6069056], [6.1328509, 49.6069393], [6.1326879, 49.6070032], [6.1325409, 49.6070531], [6.1323743, 49.6071483], [6.132084, 49.6070415], [6.1319723, 49.6071283], [6.1318591, 49.6072365], [6.1317286, 49.6073559], [6.1315443, 49.6075189], [6.13141, 49.6076395], [6.1311571, 49.6078742], [6.130836, 49.6081383], [6.1305124, 49.6083302], [6.1301967, 49.6084008], [6.1301461, 49.6084045], [6.1287822, 49.6085982], [6.128418, 49.6086421], [6.1276396, 49.6086401], [6.1270466, 49.6084673]]]}}, {"type": "Feature", "properties": {"name": "Bonnevoie"}, "geometry": {"type": "Polygon", "coordinates": [[[6.1676658, 49.6055087], [6.1676418, 49.605475], [6.1676178, 49.6054391], [6.1675934, 49.6054024], [6.1675227, 49.6052965], [6.1674648, 49.6052098], [6.1673552, 49.6051025], [6.1673159, 49.6050756], [6.1672621, 49.6050399], [6.1670656, 49.6049427], [6.1670503, 49.6049327], [6.1669152, 49.6048446], [6.1668996, 49.604832], [6.1668126, 49.6047694], [6.1667498, 49.6047242], [6.1665693, 49.6045943], [6.1664411, 49.6045138], [6.166317, 49.6044436], [6.166095, 49.6043267], [6.1660202, 49.6042873], [6.1659125, 49.6042331], [6.1658517, 49.6042025], [6.1656577, 49.6041049], [6.1656402, 49.6040961], [6.1654515, 49.6040011], [6.1652978, 49.6039226], [6.1652103, 49.6038779], [6.1649844, 49.6037549], [6.1649342, 49.6037276], [6.164771, 49.6036387], [6.1646472, 49.6035713], [6.1646071, 49.6035494], [6.1643468, 49.6034076], [6.1639827, 49.6033523], [6.1638873, 49.6033378], [6.1637434, 49.6033159], [6.1634946, 49.6032781], [6.1636385, 49.6030625], [6.16365, 49.6030164], [6.1636576, 49.6029858], [6.1635295, 49.6029264], [6.1633037, 49.6028217], [6.1632687, 49.6028054], [6.1631421, 49.6027467], [6.1630224, 49.6026912], [6.1629506, 49.6026579], [6.1628989, 49.6026327], [6.1628573, 49.6026113], [6.1625519, 49.602454], [6.1625362, 49.6024459], [6.1623426, 49.6023462], [6.1622183, 49.6022823], [6.1621707, 49.6022577], [6.1621437, 49.6022437], [6.1621012, 49.6022217], [6.1620082, 49.6021737], [6.1619887, 49.6021636], [6.1619214, 49.6021288], [6.1618874, 49.6021112], [6.1618125, 49.6020725], [6.1617592, 49.602045], [6.1615119, 49.6019172], [6.1615535, 49.6018556], [6.1614435, 49.6017976], [6.1613804, 49.6017642], [6.1613385, 49.6017403], [6.1612693, 49.6017008], [6.1611291, 49.6016207], [6.1610993, 49.6016009], [6.1608984, 49.6014673], [6.1607751, 49.6013806], [6.1607146, 49.6014071], [6.1606423, 49.6013482], [6.1602357, 49.601017], [6.1595903, 49.6004521], [6.1595701, 49.6004353], [6.1592874, 49.6001938], [6.1590339, 49.5999735], [6.1589059, 49.5998622], [6.1588164, 49.5997835], [6.1587922, 49.5997615], [6.1586135, 49.5995992], [6.1584601, 49.5994599], [6.1582556, 49.5992742], [6.158214, 49.5992364], [6.1579235, 49.5989725], [6.1577499, 49.5988148], [6.157444, 49.5985578], [6.1569631, 49.598162], [6.1559196, 49.5973142], [6.1558976, 49.5973249], [6.1556132, 49.5971148], [6.1553275, 49.5969036], [6.1550768, 49.5967187], [6.1546997, 49.5963681], [6.154532, 49.596191], [6.153899, 49.5957503], [6.1536286, 49.5955198], [6.1535295, 49.5954351], [6.1534804, 49.5953435], [6.1534395, 49.5953199], [6.1532961, 49.5952397], [6.1531188, 49.5951264], [6.1532697, 49.5947349], [6.1533987, 49.5944285], [6.15357, 49.5940468], [6.1537086, 49.5937502], [6.1537259, 49.593722], [6.1534909, 49.59355], [6.1531796, 49.5933755], [6.152781, 49.5931752], [6.1525706, 49.5930679], [6.1523919, 49.5929673], [6.1520937, 49.592795], [6.1516627, 49.5925266], [6.1514207, 49.5923743], [6.1510873, 49.5921525], [6.150941, 49.5920738], [6.1508228, 49.5920304], [6.1506935, 49.5919988], [6.150478, 49.5919603], [6.1501638, 49.59192], [6.1499755, 49.5919072], [6.1496626, 49.5919042], [6.1489801, 49.5918971], [6.1490082, 49.5918776], [6.1491744, 49.5917688], [6.1496539, 49.5914547], [6.1503894, 49.5909624], [6.150272, 49.5908954], [6.1502326, 49.5908729], [6.1501501, 49.5908259], [6.1500511, 49.5908871], [6.1498402, 49.5907639], [6.1497184, 49.5906928], [6.1496112, 49.5906302], [6.1494756, 49.590551], [6.1493343, 49.5904684], [6.1492894, 49.5904417], [6.1491073, 49.5903332], [6.1490689, 49.5903104], [6.1489982, 49.5902683], [6.1484794, 49.5899593], [6.1473724, 49.5893312], [6.1472857, 49.5892747], [6.1468819, 49.5890361], [6.1467872, 49.5889803], [6.1466753, 49.5889142], [6.146601, 49.5888703], [6.1464524, 49.5887825], [6.1463404, 49.5888644], [6.1460553, 49.5890679], [6.1459751, 49.5891285], [6.145966, 49.5891353], [6.1458709, 49.5892069], [6.1458451, 49.5892239], [6.1457826, 49.589265], [6.1457358, 49.5892961], [6.1456961, 49.5893222], [6.1456423, 49.5893633], [6.1456107, 49.589401], [6.1455518, 49.5894674], [6.1453743, 49.5895876], [6.1452905, 49.5896443], [6.1452397, 49.5896787], [6.1450865, 49.5897673], [6.1449459, 49.5898485], [6.1448144, 49.589768], [6.1447872, 49.5897514], [6.1447348, 49.5897204], [6.1446517, 49.5896723], [6.1445684, 49.5896256], [6.1445142, 49.5895952], [6.1444526, 49.5895606], [6.1444077, 49.5895354], [6.144347, 49.5895014], [6.1442864, 49.5894673], [6.1442411, 49.5894418], [6.1441265, 49.5893774], [6.1439957, 49.5893037], [6.1438092, 49.5891988], [6.1437222, 49.5891499], [6.1436636, 49.5891172], [6.1434924, 49.5890216], [6.1433591, 49.5889523], [6.1432966, 49.5889198], [6.143052, 49.5888042], [6.1428112, 49.5887031], [6.142802, 49.5887007], [6.1427649, 49.5886869], [6.1426824, 49.5886581], [6.1425647, 49.5886169], [6.142475, 49.5885855], [6.1423165, 49.5885301], [6.1422304, 49.5885103], [6.1419126, 49.5890641], [6.141274, 49.5888842], [6.1399315, 49.588384], [6.1389937, 49.5880569], [6.1386548, 49.5878713], [6.1377254, 49.5873434], [6.1374141, 49.5872169], [6.1366776, 49.5869035], [6.1360846, 49.5865759], [6.1358232, 49.5864308], [6.1354322, 49.5862401], [6.1351559, 49.5861046], [6.1352182, 49.5868553], [6.1348767, 49.5878548], [6.1333613, 49.5902239], [6.1325617, 49.5914387], [6.1322207, 49.5927793], [6.1320273, 49.5945206], [6.1320675, 49.5951127], [6.1322672, 49.5956081], [6.1332707, 49.5953657], [6.1332909, 49.5954873], [6.1333196, 49.5956114], [6.1335216, 49.5966272], [6.1339109, 49.597189], [6.1349199, 49.5982173], [6.135629, 49.5986169], [6.1364553, 49.6001182], [6.136655, 49.6000788], [6.1367597, 49.5995837], [6.1369164, 49.5996053], [6.1370251, 49.5994625], [6.1375433, 49.5995298], [6.1377237, 49.5992205], [6.1380704, 49.5992667], [6.1380728, 49.5994052], [6.1383316, 49.599436], [6.1391139, 49.5989403], [6.1392837, 49.5988327], [6.140357, 49.5988589], [6.1403475, 49.5989789], [6.140649, 49.5989589], [6.1406513, 49.5989417], [6.1406566, 49.5988692], [6.140668, 49.5988373], [6.1409862, 49.598845], [6.1410157, 49.598587], [6.1415347, 49.5986394], [6.1417947, 49.5991116], [6.141812, 49.5991299], [6.1418268, 49.5991456], [6.1418932, 49.5992161], [6.1425073, 49.5998678], [6.143362, 49.6004961], [6.1432276, 49.6005839], [6.1438262, 49.601063], [6.1445782, 49.6011739], [6.1451463, 49.6015443], [6.1449924, 49.601895], [6.1451455, 49.6020361], [6.1445972, 49.6023461], [6.1444006, 49.6025804], [6.1442983, 49.6028254], [6.1447962, 49.6029294], [6.144721, 49.6034201], [6.1450403, 49.603784], [6.1455178, 49.6040447], [6.14555, 49.6039906], [6.1462642, 49.604104], [6.1468217, 49.6041142], [6.1476105, 49.6040508], [6.1486877, 49.6040281], [6.1485463, 49.6036764], [6.1498314, 49.6024941], [6.1490302, 49.6019379], [6.1480984, 49.6013861], [6.1473219, 49.6010425], [6.1469578, 49.6009765], [6.1466365, 49.601223], [6.1461224, 49.6009765], [6.1456779, 49.6013715], [6.1455815, 49.6012681], [6.1459885, 49.6007856], [6.1465597, 49.6006125], [6.147791, 49.6006401], [6.150112, 49.601459], [6.1533064, 49.6023286], [6.156495, 49.6028561], [6.1588088, 49.6036489], [6.1596148, 49.6040856], [6.1601905, 49.6047179], [6.1609904, 49.6073002], [6.1614805, 49.6076783], [6.1617235, 49.6080528], [6.1619401, 49.6083193], [6.1624063, 49.6083477], [6.1627647, 49.608244], [6.1632727, 49.6079942], [6.1638187, 49.6076453], [6.1645641, 49.606969], [6.1649088, 49.6066082], [6.1661928, 49.6059775], [6.1676658, 49.6055087]]]}}, {"type": "Feature", "properties": {"name": "Cents"}, "geometry": {"type": "Polygon", "coordinates": [[[6.1854299, 49.6214502], [6.1847476, 49.6213835], [6.1846111, 49.6212598], [6.1836949, 49.6202419], [6.1834475, 49.6198417], [6.1825126, 49.6183295], [6.1819863, 49.6183196], [6.1815439, 49.6182998], [6.1807124, 49.6182405], [6.1801938, 49.6181713], [6.1798352, 49.6180379], [6.177852, 49.6179341], [6.176868, 49.6177364], [6.1760518, 49.6176129], [6.1752357, 49.6175042], [6.1743203, 49.6174152], [6.1735423, 49.6173905], [6.1729168, 49.6172917], [6.1726346, 49.6160809], [6.1719557, 49.6161649], [6.1719557, 49.6160018], [6.1698504, 49.6159968], [6.1692478, 49.6159524], [6.1685994, 49.6158733], [6.168096, 49.6157992], [6.1675773, 49.6157102], [6.1670739, 49.6156015], [6.1666772, 49.6155076], [6.1662043, 49.6153395], [6.1657619, 49.6151567], [6.164961, 49.6148799], [6.1643584, 49.6146723], [6.1637405, 49.6144845], [6.1620853, 49.6140397], [6.1615284, 49.6137926], [6.1594537, 49.6131155], [6.1576373, 49.6123935], [6.1567586, 49.6121523], [6.1548913, 49.6116699], [6.1536708, 49.6113733], [6.1526884, 49.6111005], [6.1517059, 49.6107486], [6.1509553, 49.6104955], [6.1500156, 49.6102504], [6.1491429, 49.6101317], [6.1482703, 49.6100922], [6.1480567, 49.6101634], [6.1481117, 49.6103018], [6.1482276, 49.610543], [6.1479657, 49.6105426], [6.1478311, 49.6104554], [6.1475535, 49.61045], [6.1471667, 49.6105917], [6.1468629, 49.6106425], [6.1467966, 49.6105917], [6.1466048, 49.6104244], [6.1457706, 49.6105099], [6.1454342, 49.6105099], [6.1448539, 49.6103792], [6.1449043, 49.6103083], [6.144938, 49.6097797], [6.1444165, 49.6098832], [6.1435923, 49.6098832], [6.1434325, 49.6107661], [6.1432307, 49.6113928], [6.1456865, 49.6124718], [6.1458631, 49.6123519], [6.1465735, 49.6125565], [6.1466116, 49.612777], [6.1470153, 49.6128642], [6.1469816, 49.6133982], [6.1479741, 49.6137252], [6.1476376, 49.6145916], [6.1470826, 49.6149785], [6.1470658, 49.6152291], [6.1474698, 49.6153557], [6.1483414, 49.6157374], [6.148617, 49.6157441], [6.1495471, 49.6159941], [6.1506901, 49.6161363], [6.1510992, 49.616241], [6.1524018, 49.6167432], [6.152687, 49.6165548], [6.1533545, 49.6167432], [6.1541242, 49.6169419], [6.1551738, 49.6173569], [6.1556098, 49.6175313], [6.1564656, 49.6179916], [6.1573214, 49.6182741], [6.1580965, 49.618567], [6.1591623, 49.6191633], [6.1596844, 49.619397], [6.160368, 49.619648], [6.1610139, 49.6199514], [6.1613099, 49.6198852], [6.1621173, 49.6201293], [6.1632907, 49.6205198], [6.1635868, 49.6204954], [6.1641304, 49.6205338], [6.1643888, 49.6202757], [6.1649862, 49.6204291], [6.1653684, 49.6206105], [6.1658313, 49.6206384], [6.1659992, 49.6207181], [6.1664557, 49.6209348], [6.1671393, 49.6213497], [6.1673922, 49.6213741], [6.1680974, 49.6217786], [6.1690285, 49.6221692], [6.1697552, 49.6224377], [6.1703365, 49.6227375], [6.1708478, 49.6229468], [6.1712838, 49.6230723], [6.1716821, 49.6231455], [6.1720239, 49.6232318], [6.1724868, 49.6232144], [6.1731058, 49.6231063], [6.1737275, 49.6229494], [6.1744407, 49.6227785], [6.1749722, 49.6226486], [6.1757043, 49.6226164], [6.1763435, 49.6225998], [6.1773863, 49.6226207], [6.1781237, 49.6228387], [6.1787583, 49.6228106], [6.1793235, 49.6226295], [6.1796669, 49.6225395], [6.1800031, 49.6225044], [6.1811224, 49.6223922], [6.1819451, 49.6223114], [6.1828634, 49.6222382], [6.1843269, 49.622108], [6.1847723, 49.6219368], [6.1849, 49.6219457], [6.1852161, 49.6220364], [6.1855464, 49.6221179], [6.1862695, 49.6222121], [6.1868489, 49.6222527], [6.186858, 49.6223484], [6.1870938, 49.6223291], [6.1871193, 49.6221178], [6.1872325, 49.6218939], [6.1854299, 49.6214502]]]}}, {"type": "Feature", "properties": {"name": "Verlorenkost"}, "geometry": {"type": "Polygon", "coordinates": [[[6.1435525, 49.6094503], [6.1437326, 49.6094167], [6.1440694, 49.6093762], [6.1443215, 49.6093611], [6.1446481, 49.6093214], [6.1448146, 49.6092793], [6.1451698, 49.6091295], [6.1452999, 49.6090863], [6.1454053, 49.6090377], [6.145646, 49.6089534], [6.1458045, 49.608908], [6.1459812, 49.6087878], [6.1461915, 49.608671], [6.1464918, 49.6085011], [6.146748, 49.6084251], [6.1470714, 49.608341], [6.1474199, 49.6082681], [6.1482242, 49.6081354], [6.1482923, 49.6081235], [6.148602, 49.608139], [6.1488642, 49.6083022], [6.1488699, 49.6083501], [6.1488841, 49.6083937], [6.1489445, 49.6084938], [6.1495092, 49.6083864], [6.1497834, 49.6083441], [6.1499902, 49.6082431], [6.1501351, 49.6080971], [6.1502913, 49.6080064], [6.1503853, 49.6078715], [6.150386, 49.6078634], [6.1504167, 49.6075261], [6.1503358, 49.6073633], [6.150216, 49.6071945], [6.150208, 49.6071881], [6.1499313, 49.6069668], [6.1495234, 49.6067213], [6.1494275, 49.6066669], [6.1489784, 49.6064122], [6.148268, 49.6060527], [6.1477304, 49.6058004], [6.1472199, 49.6055578], [6.1464824, 49.6051801], [6.1453986, 49.6045522], [6.1451557, 49.6044129], [6.1449336, 49.6042711], [6.1446379, 49.6040834], [6.1443611, 49.603881], [6.1441446, 49.6036677], [6.1439343, 49.6034694], [6.1438064, 49.6033631], [6.1437081, 49.6031893], [6.1436465, 49.6028823], [6.1436445, 49.6025074], [6.1438901, 49.6022734], [6.144053, 49.6021251], [6.1444586, 49.6018406], [6.1451463, 49.6015443], [6.1445782, 49.6011739], [6.1438262, 49.601063], [6.1432276, 49.6005839], [6.143362, 49.6004961], [6.1425073, 49.5998678], [6.1418932, 49.5992161], [6.1418268, 49.5991456], [6.141812, 49.5991299], [6.1417947, 49.5991116], [6.1415347, 49.5986394], [6.1410157, 49.598587], [6.1409862, 49.598845], [6.140668, 49.5988373], [6.1406566, 49.5988692], [6.1406513, 49.5989417], [6.140649, 49.5989589], [6.1403475, 49.5989789], [6.140357, 49.5988589], [6.1392837, 49.5988327], [6.1391139, 49.5989403], [6.1383316, 49.599436], [6.1380728, 49.5994052], [6.1380704, 49.5992667], [6.1377237, 49.5992205], [6.1375433, 49.5995298], [6.1370251, 49.5994625], [6.1369164, 49.5996053], [6.1367597, 49.5995837], [6.136655, 49.6000788], [6.1364553, 49.6001182], [6.135629, 49.5986169], [6.1349199, 49.5982173], [6.135524, 49.598751], [6.1363228, 49.600191], [6.136007, 49.6007754], [6.1359857, 49.6008198], [6.1359781, 49.600868], [6.1359882, 49.601009], [6.1360289, 49.6010584], [6.136036, 49.6012528], [6.1360165, 49.6012831], [6.1360258, 49.6013982], [6.1360282, 49.6015821], [6.136038, 49.6017534], [6.1360425, 49.6018477], [6.1360347, 49.6018943], [6.1360414, 49.6019412], [6.1360623, 49.6019863], [6.1361491, 49.6025026], [6.1370019, 49.6043266], [6.1372802, 49.6044196], [6.137325, 49.604447], [6.1375395, 49.6046758], [6.1376056, 49.6047965], [6.1381484, 49.6057115], [6.1383565, 49.6060688], [6.1383457, 49.6062892], [6.1383469, 49.6063772], [6.1385484, 49.6066536], [6.1386817, 49.6067971], [6.1386914, 49.6071507], [6.1389333, 49.6074147], [6.1392133, 49.607455], [6.139501, 49.6075909], [6.1398543, 49.6078245], [6.1398755, 49.6078506], [6.139907, 49.6078901], [6.1399711, 49.607976], [6.1401435, 49.6081314], [6.1405514, 49.6084904], [6.1406638, 49.6086161], [6.1408251, 49.6087503], [6.1410756, 49.6089232], [6.1413354, 49.6090877], [6.1417242, 49.6092829], [6.1419816, 49.6093993], [6.142282, 49.6095001], [6.1430024, 49.6095615], [6.1435525, 49.6094503]]]}}, {"type": "Feature", "properties": {"name": "Pulvermühle"}, "geometry": {"type": "Point", "coordinates": [6.150118, 49.6085184]}}, {"type": "Feature", "properties": {"name": "Belair"}, "geometry": {"type": "Polygon", "coordinates": [[[6.0916576, 49.6133224], [6.0916662, 49.613343], [6.0916727, 49.6133517], [6.091878, 49.613627], [6.0918858, 49.6136373], [6.0921784, 49.614027], [6.0922863, 49.6141707], [6.0923685, 49.6142796], [6.0924867, 49.6144364], [6.0926728, 49.6146834], [6.0929035, 49.6149894], [6.0930285, 49.6151552], [6.0930771, 49.6152189], [6.0932508, 49.615447], [6.0932621, 49.6154621], [6.0932922, 49.6155022], [6.0950586, 49.6151847], [6.095068, 49.6152063], [6.0950756, 49.6152239], [6.0951092, 49.6152916], [6.0952756, 49.6156261], [6.0954772, 49.6160477], [6.0956624, 49.6164467], [6.095739, 49.6166254], [6.0958025, 49.6167736], [6.0958264, 49.616834], [6.0958981, 49.6168859], [6.0959042, 49.616893], [6.0960795, 49.6171274], [6.0961421, 49.6172092], [6.0976451, 49.6170165], [6.0979853, 49.6170989], [6.1019966, 49.6165122], [6.1021105, 49.6167527], [6.1051611, 49.6163664], [6.1051812, 49.6166134], [6.1062531, 49.6164775], [6.1062111, 49.6157663], [6.1069055, 49.6156883], [6.1069104, 49.6157193], [6.1073969, 49.6156761], [6.1073239, 49.6154655], [6.1075115, 49.6154382], [6.1075686, 49.6154299], [6.1077296, 49.6154032], [6.1076969, 49.6152514], [6.107685, 49.6152242], [6.1077671, 49.6152145], [6.108045, 49.6151807], [6.1081419, 49.6154453], [6.108475, 49.6163547], [6.1113137, 49.6159583], [6.1110908, 49.6152092], [6.1128394, 49.61497], [6.1128866, 49.615122], [6.1133669, 49.6152312], [6.11346, 49.6154191], [6.1148469, 49.6152814], [6.1152967, 49.6150386], [6.1151309, 49.6144739], [6.1168239, 49.614199], [6.1173515, 49.6141439], [6.1180159, 49.6140847], [6.1190704, 49.6135606], [6.1191822, 49.6138061], [6.11965, 49.6136432], [6.1197423, 49.6134359], [6.1197771, 49.6133873], [6.119886, 49.6132673], [6.1198022, 49.6131794], [6.1191812, 49.6125731], [6.118881, 49.6122139], [6.1186481, 49.6119698], [6.1184225, 49.6117333], [6.1183469, 49.6116188], [6.1182998, 49.6115148], [6.1182815, 49.6114133], [6.1182963, 49.6112287], [6.1183845, 49.611045], [6.1193521, 49.6096365], [6.1193897, 49.6095252], [6.1199834, 49.6077464], [6.1198457, 49.605938], [6.1186147, 49.6060483], [6.1186484, 49.606179], [6.1185133, 49.6062056], [6.1185061, 49.6063369], [6.1179053, 49.6064167], [6.1178787, 49.6063537], [6.1175603, 49.6063823], [6.1175168, 49.6061759], [6.1163105, 49.6063682], [6.1163997, 49.606734], [6.1159654, 49.60682], [6.1159196, 49.6067544], [6.1150341, 49.6069295], [6.1151161, 49.6071734], [6.1146384, 49.6072672], [6.1142061, 49.6069568], [6.1137327, 49.6070476], [6.1136904, 49.606927], [6.1126725, 49.6071873], [6.1130025, 49.6073403], [6.1120529, 49.6075391], [6.1117468, 49.6074643], [6.1117157, 49.6073763], [6.111542, 49.607405], [6.111542, 49.6074115], [6.111253, 49.607328], [6.1103601, 49.60707], [6.110166, 49.6069544], [6.1099178, 49.6073222], [6.1098687, 49.6073932], [6.1095035, 49.6072871], [6.1094389, 49.6072684], [6.1092875, 49.6072244], [6.1093788, 49.6071168], [6.109405, 49.607086], [6.1094265, 49.6070606], [6.1096122, 49.6068418], [6.1086816, 49.6066039], [6.1086067, 49.6066971], [6.1079227, 49.6065252], [6.1081073, 49.6062826], [6.107857, 49.6062603], [6.1073154, 49.6063784], [6.1071928, 49.6062839], [6.1070793, 49.606349], [6.1064897, 49.6061984], [6.105945, 49.6064152], [6.1058431, 49.6064783], [6.1056578, 49.6065328], [6.105603, 49.6065527], [6.1054765, 49.6065984], [6.1053851, 49.6066315], [6.1050646, 49.6066025], [6.1049553, 49.6065926], [6.1049168, 49.6065048], [6.1048854, 49.6064919], [6.1047432, 49.6064844], [6.1047283, 49.6065744], [6.1047597, 49.6066151], [6.1046124, 49.606666], [6.1043598, 49.6068841], [6.1042502, 49.6069692], [6.1042304, 49.6069804], [6.1041578, 49.6070181], [6.1041373, 49.6070281], [6.1038948, 49.607168], [6.1038392, 49.6071981], [6.1037706, 49.6072398], [6.1037286, 49.6072644], [6.1036443, 49.6073175], [6.1036117, 49.6073362], [6.1035711, 49.6073602], [6.1033765, 49.6074733], [6.1031604, 49.6073705], [6.1029437, 49.607574], [6.102625, 49.6075253], [6.1027587, 49.6071113], [6.1019346, 49.6070122], [6.1018752, 49.6071043], [6.1018414, 49.6072001], [6.1018129, 49.6073412], [6.1017976, 49.6074163], [6.1010558, 49.6073636], [6.1012179, 49.6066289], [6.1015033, 49.6066915], [6.1017901, 49.606781], [6.1018011, 49.6062363], [6.0986014, 49.6059491], [6.0985621, 49.6057463], [6.098509, 49.6057553], [6.0983452, 49.6057707], [6.0980631, 49.6057971], [6.0981441, 49.6060286], [6.098312, 49.6065531], [6.0983374, 49.606862], [6.0982724, 49.6071273], [6.0982444, 49.6072075], [6.0974793, 49.6094008], [6.0974611, 49.6094559], [6.0974361, 49.6095422], [6.097426, 49.609591], [6.0974243, 49.6096582], [6.0974135, 49.6097479], [6.0974174, 49.6097878], [6.0974334, 49.6099794], [6.0974402, 49.6100654], [6.0974602, 49.610318], [6.0974893, 49.6105343], [6.0975286, 49.6108313], [6.0975602, 49.6115502], [6.097572, 49.611917], [6.0975779, 49.6121549], [6.0975818, 49.612284], [6.0975839, 49.6123577], [6.0974232, 49.6123587], [6.097353, 49.6123592], [6.0971024, 49.612362], [6.0969018, 49.6123636], [6.0965977, 49.6123652], [6.0964178, 49.6123703], [6.096292, 49.612373], [6.0962253, 49.6123745], [6.0959206, 49.6123905], [6.0957063, 49.612406], [6.0956137, 49.6124127], [6.0954772, 49.6124308], [6.0951499, 49.6124741], [6.0946825, 49.6125687], [6.0945814, 49.6125961], [6.094435, 49.6126358], [6.0941772, 49.6127021], [6.0936745, 49.6128289], [6.0935458, 49.6128619], [6.0921446, 49.6132178], [6.092097, 49.6132279], [6.0919979, 49.613244], [6.0918726, 49.6132632], [6.0916748, 49.6132864], [6.0916576, 49.6133224]]]}}, {"type": "Feature", "properties": {"name": "Rollingergrund"}, "geometry": {"type": "Polygon", "coordinates": [[[6.0961421, 49.6172092], [6.0963055, 49.6174124], [6.096362, 49.6174908], [6.0963779, 49.6175141], [6.0963948, 49.6175387], [6.0964539, 49.6176354], [6.0964773, 49.6176858], [6.0965132, 49.617763], [6.0965449, 49.6178329], [6.0964972, 49.6178215], [6.09653, 49.6178745], [6.0965703, 49.6179376], [6.0965834, 49.6179574], [6.0967047, 49.6181424], [6.0967289, 49.6181792], [6.0967519, 49.6182134], [6.0968738, 49.618409], [6.0968914, 49.6184368], [6.0969468, 49.6185259], [6.0969617, 49.6185506], [6.0969928, 49.6186021], [6.0970216, 49.6186532], [6.0970674, 49.6187368], [6.0971919, 49.6187107], [6.0972868, 49.6186791], [6.097459, 49.6186218], [6.0974873, 49.6186125], [6.0975635, 49.6185871], [6.0975828, 49.6186347], [6.0976047, 49.6186781], [6.0976272, 49.6187263], [6.0976452, 49.6187673], [6.0976642, 49.6188097], [6.0976879, 49.6188623], [6.0977041, 49.6188983], [6.097726, 49.6189484], [6.0977743, 49.6190593], [6.0978759, 49.6192613], [6.0978939, 49.6193104], [6.0979181, 49.6193767], [6.0979619, 49.6194964], [6.0979832, 49.6195545], [6.097977, 49.6196378], [6.0979829, 49.6196913], [6.0980186, 49.6197566], [6.0978577, 49.6198122], [6.0978389, 49.6198188], [6.0977379, 49.6198561], [6.0978364, 49.6199478], [6.0978637, 49.6199731], [6.0979125, 49.6200151], [6.0980294, 49.6201246], [6.0980423, 49.6201362], [6.0980684, 49.6201605], [6.0982042, 49.6202553], [6.0990257, 49.6208283], [6.0994249, 49.6211068], [6.0997622, 49.621342], [6.1002966, 49.6217148], [6.1006064, 49.6219309], [6.1008881, 49.6221274], [6.1009851, 49.622195], [6.1007883, 49.6224672], [6.1009195, 49.6224789], [6.1010457, 49.6224949], [6.1011799, 49.6225052], [6.1012594, 49.6225192], [6.1015671, 49.6225867], [6.101492, 49.6227263], [6.1014115, 49.6228791], [6.1013291, 49.6230306], [6.1014876, 49.6230615], [6.1016097, 49.6230855], [6.1018788, 49.6231418], [6.1020577, 49.6231798], [6.1019903, 49.6232947], [6.1019309, 49.6233959], [6.102134, 49.6234451], [6.1024552, 49.6235251], [6.1025855, 49.6235596], [6.102589, 49.6235605], [6.1026276, 49.6235701], [6.1027205, 49.6235988], [6.1029873, 49.6236811], [6.1028861, 49.6238106], [6.1030289, 49.6238549], [6.103094, 49.6239348], [6.1032051, 49.6240727], [6.1032831, 49.6241601], [6.103347, 49.6242318], [6.1034809, 49.6243994], [6.1035489, 49.6244871], [6.1036523, 49.6246122], [6.103731, 49.624711], [6.1037334, 49.6247485], [6.1037354, 49.6247786], [6.1037383, 49.6247957], [6.1037553, 49.6248426], [6.1037584, 49.6248514], [6.1037705, 49.6248838], [6.1037501, 49.625044], [6.1035984, 49.6250378], [6.1033459, 49.6249762], [6.1026724, 49.6247729], [6.1018845, 49.6245685], [6.1011769, 49.6244052], [6.1006406, 49.6242986], [6.1000176, 49.6242278], [6.099517, 49.6241861], [6.0992027, 49.6241729], [6.0988112, 49.624151], [6.0979851, 49.6241689], [6.0973774, 49.6241559], [6.096593, 49.6241605], [6.0961463, 49.6241632], [6.0956751, 49.6241722], [6.0954884, 49.6241857], [6.0953093, 49.6242097], [6.0950956, 49.6242587], [6.0949206, 49.6243129], [6.0947471, 49.6243684], [6.0943624, 49.624503], [6.0941778, 49.6245591], [6.0940113, 49.6246096], [6.0938888, 49.624639], [6.0934653, 49.6247061], [6.0931997, 49.6247493], [6.0930531, 49.6247524], [6.0929297, 49.6247452], [6.0927947, 49.6247229], [6.0925321, 49.6246687], [6.09225, 49.6246056], [6.0921287, 49.6245599], [6.0919458, 49.6244916], [6.0916581, 49.6243405], [6.0912296, 49.6241595], [6.0908842, 49.6240117], [6.0904733, 49.6238351], [6.0900164, 49.6236306], [6.0893507, 49.6233206], [6.0891104, 49.6232123], [6.0890905, 49.6232283], [6.0890159, 49.623233], [6.0890357, 49.62328], [6.0890661, 49.6233556], [6.0890766, 49.623394], [6.0890808, 49.6234325], [6.0890996, 49.6236422], [6.089128, 49.6238296], [6.0891685, 49.6240474], [6.089212, 49.6242806], [6.0892312, 49.6243737], [6.0892405, 49.6244189], [6.0892511, 49.6244423], [6.0892738, 49.6244573], [6.0893751, 49.6245097], [6.0897059, 49.6246694], [6.0901035, 49.6248637], [6.0902895, 49.6249577], [6.0905251, 49.6250767], [6.0907954, 49.6252242], [6.0910197, 49.625356], [6.0906122, 49.6255127], [6.0904639, 49.625572], [6.0900945, 49.6257196], [6.0898527, 49.6258229], [6.0895418, 49.6259608], [6.0894631, 49.6259962], [6.0893694, 49.6260557], [6.0892345, 49.6261519], [6.0890772, 49.6262684], [6.0888983, 49.6264094], [6.0887425, 49.6265285], [6.0885319, 49.6266788], [6.0884186, 49.626756], [6.0882428, 49.626868], [6.0880963, 49.626946], [6.0880522, 49.6269695], [6.0879719, 49.627011], [6.0878295, 49.6270847], [6.0883617, 49.6275279], [6.088474, 49.6276214], [6.0887143, 49.627821], [6.0875828, 49.6281387], [6.0868457, 49.628282], [6.0849811, 49.6284295], [6.0846958, 49.6284688], [6.0843194, 49.6285208], [6.0841519, 49.6285439], [6.0835948, 49.6286208], [6.083554, 49.6286264], [6.0833751, 49.6286511], [6.082769, 49.6287347], [6.0826689, 49.6287424], [6.0824789, 49.628759], [6.0793223, 49.6286836], [6.0782755, 49.6285331], [6.0781907, 49.6285166], [6.0766699, 49.6282228], [6.0757655, 49.6280481], [6.0754581, 49.6279762], [6.0749544, 49.6278698], [6.0747255, 49.6278214], [6.0745152, 49.6277769], [6.073765, 49.6276184], [6.0731369, 49.6274833], [6.0728622, 49.6274232], [6.0721559, 49.627899], [6.0718569, 49.6280627], [6.0714368, 49.6283205], [6.0712155, 49.628458], [6.0710432, 49.628565], [6.0708746, 49.6286904], [6.0707487, 49.6287839], [6.0706066, 49.6288894], [6.0704586, 49.6291205], [6.0703644, 49.629266], [6.070268, 49.6294149], [6.0702139, 49.6294951], [6.0701433, 49.6295997], [6.0699828, 49.6298468], [6.0698949, 49.6299736], [6.0697429, 49.6301994], [6.0695626, 49.6304764], [6.0694995, 49.6305783], [6.069468, 49.6306329], [6.069425, 49.6307204], [6.0693861, 49.6308066], [6.0693816, 49.6308242], [6.0693731, 49.6308572], [6.0693654, 49.6309281], [6.0693231, 49.6312119], [6.069274, 49.6315233], [6.0692663, 49.6315726], [6.06917, 49.6319673], [6.0692512, 49.6319665], [6.0692436, 49.6321591], [6.0697452, 49.633261], [6.069961, 49.633735], [6.0702442, 49.6339392], [6.0705203, 49.6341355], [6.0707365, 49.6342856], [6.0711932, 49.6346413], [6.071548, 49.6349441], [6.0716322, 49.6350394], [6.0717197, 49.6351699], [6.0718572, 49.6353945], [6.0719735, 49.6355719], [6.07202, 49.6356256], [6.0721491, 49.6357155], [6.0724145, 49.6358919], [6.0726899, 49.6360676], [6.0728082, 49.6361763], [6.0730232, 49.6364003], [6.0731501, 49.636565], [6.0733987, 49.6369347], [6.0734792, 49.637091], [6.0735718, 49.637343], [6.0736736, 49.637609], [6.0737022, 49.6376677], [6.07377, 49.6378192], [6.0738613, 49.6379755], [6.0739524, 49.6381126], [6.0740957, 49.6383088], [6.0742315, 49.6384656], [6.0743891, 49.638663], [6.0745086, 49.6387978], [6.0747756, 49.6390573], [6.0750584, 49.6393197], [6.0752681, 49.6395105], [6.0754326, 49.639655], [6.0758784, 49.6402043], [6.0762111, 49.6406702], [6.0765047, 49.6410772], [6.0765921, 49.641194], [6.0767712, 49.6414402], [6.0769054, 49.6416281], [6.0770517, 49.6419843], [6.0771533, 49.6423445], [6.0771834, 49.6425544], [6.0772117, 49.6427694], [6.0771914, 49.6430526], [6.0771678, 49.6432149], [6.0771166, 49.6436783], [6.0770838, 49.6439585], [6.0771532, 49.6443043], [6.0772215, 49.6445744], [6.0774282, 49.6451692], [6.0776603, 49.6456608], [6.0778082, 49.6460319], [6.0778923, 49.6462189], [6.0781292, 49.6465516], [6.0783705, 49.6468399], [6.0791879, 49.6466739], [6.0797405, 49.6464621], [6.0809305, 49.6464691], [6.0822248, 49.6464748], [6.0832846, 49.6464317], [6.0843215, 49.6463632], [6.0854512, 49.6462626], [6.08548, 49.64626], [6.086606, 49.6461841], [6.0878355, 49.6461093], [6.0890497, 49.6460698], [6.0902692, 49.6460435], [6.0914336, 49.6460074], [6.0925985, 49.6459902], [6.0938617, 49.645993], [6.09511, 49.6460685], [6.0963996, 49.6461024], [6.0976132, 49.6461195], [6.0976842, 49.6461205], [6.0986643, 49.6461662], [6.0988478, 49.6461748], [6.0992123, 49.6461918], [6.0992757, 49.646193], [6.1000052, 49.6462074], [6.1000256, 49.6462078], [6.1020518, 49.6449502], [6.1023946, 49.6445962], [6.1033567, 49.6432308], [6.1044315, 49.641544], [6.1050149, 49.6405762], [6.1058542, 49.639224], [6.106714, 49.6380011], [6.1073845, 49.6368974], [6.1082903, 49.6354589], [6.1091245, 49.6341695], [6.1100969, 49.6326017], [6.111013, 49.6311564], [6.1116783, 49.6298404], [6.1125279, 49.6291542], [6.1135924, 49.6284813], [6.1129782, 49.6283354], [6.1124818, 49.6282558], [6.1108799, 49.628236], [6.110753, 49.6276565], [6.1111348, 49.6275921], [6.1109567, 49.6266447], [6.1132841, 49.6264747], [6.1127643, 49.626365], [6.1066204, 49.626313], [6.1066936, 49.6249076], [6.1070933, 49.6240947], [6.1077386, 49.6243837], [6.1079321, 49.6240953], [6.1082173, 49.6237712], [6.1080323, 49.6236245], [6.1085017, 49.6234574], [6.1081443, 49.623091], [6.1082053, 49.6230641], [6.1082563, 49.6229722], [6.1084015, 49.6229099], [6.1083019, 49.6228196], [6.1082358, 49.6227579], [6.1080531, 49.6228253], [6.1078653, 49.622884], [6.1076826, 49.6229202], [6.1075469, 49.6229319], [6.1074288, 49.6229093], [6.1073416, 49.6228658], [6.107276, 49.622794], [6.1072501, 49.6227], [6.1073256, 49.6225044], [6.1073101, 49.6224427], [6.1072498, 49.6223988], [6.1071519, 49.6223854], [6.1070627, 49.6224097], [6.1072514, 49.6214629], [6.1067754, 49.6202129], [6.1071337, 49.619941], [6.108558, 49.6198725], [6.1097975, 49.6198517], [6.111293, 49.6191129], [6.111581, 49.6192209], [6.1124479, 49.6189143], [6.1146164, 49.6189854], [6.1163045, 49.6184885], [6.1173684, 49.6178583], [6.1168751, 49.6177053], [6.117301, 49.6173699], [6.1171595, 49.6168011], [6.1169292, 49.6162739], [6.1170929, 49.6160086], [6.1175945, 49.6159323], [6.1185208, 49.6153952], [6.1186078, 49.6150967], [6.1192917, 49.6146727], [6.1191484, 49.6145409], [6.1191822, 49.6138061], [6.1190704, 49.6135606], [6.1180159, 49.6140847], [6.1173515, 49.6141439], [6.1168239, 49.614199], [6.1151309, 49.6144739], [6.1152967, 49.6150386], [6.1148469, 49.6152814], [6.11346, 49.6154191], [6.1133669, 49.6152312], [6.1128866, 49.615122], [6.1128394, 49.61497], [6.1110908, 49.6152092], [6.1113137, 49.6159583], [6.108475, 49.6163547], [6.1081419, 49.6154453], [6.108045, 49.6151807], [6.1077671, 49.6152145], [6.107685, 49.6152242], [6.1076969, 49.6152514], [6.1077296, 49.6154032], [6.1075686, 49.6154299], [6.1075115, 49.6154382], [6.1073239, 49.6154655], [6.1073969, 49.6156761], [6.1069104, 49.6157193], [6.1069055, 49.6156883], [6.1062111, 49.6157663], [6.1062531, 49.6164775], [6.1051812, 49.6166134], [6.1051611, 49.6163664], [6.1021105, 49.6167527], [6.1019966, 49.6165122], [6.0979853, 49.6170989], [6.0976451, 49.6170165], [6.0961421, 49.6172092]]]}}, {"type": "Feature", "properties": {"name": "Clausen"}, "geometry": {"type": "Polygon", "coordinates": [[[6.1432307, 49.6113928], [6.142189, 49.6110928], [6.1417139, 49.6111498], [6.1409045, 49.6109674], [6.1400775, 49.6108192], [6.1385114, 49.6106367], [6.1380659, 49.6106025], [6.1376884, 49.6112021], [6.1375441, 49.611198], [6.137197, 49.6116741], [6.1361809, 49.6113646], [6.1360877, 49.6114634], [6.136074, 49.6116917], [6.1360384, 49.6117837], [6.1364012, 49.6118683], [6.1364875, 49.6119803], [6.1369916, 49.6119794], [6.1376134, 49.6121388], [6.1382813, 49.6122266], [6.1392824, 49.6125151], [6.1395073, 49.6126187], [6.1391529, 49.6128961], [6.1387581, 49.613148], [6.138444, 49.6133327], [6.1380609, 49.6135207], [6.1376904, 49.6137083], [6.1371666, 49.613947], [6.1375339, 49.6141546], [6.1383592, 49.6142439], [6.1386205, 49.6146759], [6.1384043, 49.6149269], [6.1386566, 49.6152597], [6.1389539, 49.6152888], [6.1389989, 49.6154756], [6.1392692, 49.6155048], [6.1402443, 49.6159054], [6.1402979, 49.6159889], [6.1403047, 49.6160375], [6.140365, 49.6161114], [6.1404696, 49.6161322], [6.1405554, 49.6161096], [6.140703, 49.6161079], [6.1408009, 49.616134], [6.1408716, 49.6162143], [6.1410747, 49.6161861], [6.1412963, 49.6162461], [6.141293, 49.6162834], [6.1412247, 49.6162982], [6.1411549, 49.6163034], [6.1410986, 49.6163442], [6.1412892, 49.6164922], [6.141771, 49.6164784], [6.1418323, 49.6166821], [6.1421742, 49.6166918], [6.1425576, 49.6167598], [6.1432964, 49.6171684], [6.1445577, 49.6176762], [6.147015, 49.6184948], [6.1471957, 49.6182819], [6.145898, 49.6174838], [6.1452857, 49.6169464], [6.144896, 49.6164834], [6.1445018, 49.6163557], [6.1445018, 49.6157384], [6.144729, 49.6156101], [6.1451424, 49.6153765], [6.1456024, 49.6153872], [6.1457958, 49.6156215], [6.1459724, 49.6156269], [6.1459976, 49.6158231], [6.1463593, 49.6158885], [6.1465611, 49.615883], [6.1467528, 49.6152701], [6.1470658, 49.6152291], [6.1470826, 49.6149785], [6.1476376, 49.6145916], [6.1479741, 49.6137252], [6.1469816, 49.6133982], [6.1470153, 49.6128642], [6.1466116, 49.612777], [6.1465735, 49.6125565], [6.1458631, 49.6123519], [6.1456865, 49.6124718], [6.1432307, 49.6113928]]]}}, {"type": "Feature", "properties": {"name": "Parc Central"}, "geometry": {"type": "Point", "coordinates": [6.1553683, 49.6256836]}}, {"type": "Feature", "properties": {"name": "Muhlenbach"}, "geometry": {"type": "Polygon", "coordinates": [[[6.1000256, 49.6462078], [6.1001489, 49.6462102], [6.1011644, 49.6462712], [6.1014558, 49.6463224], [6.1023962, 49.6464876], [6.1028712, 49.6465355], [6.1036222, 49.6466229], [6.1049386, 49.6467429], [6.10589, 49.6468908], [6.1063989, 49.6473043], [6.1067289, 49.6477131], [6.1067302, 49.6477123], [6.1068795, 49.6477515], [6.1067794, 49.6479333], [6.1073729, 49.6483086], [6.1074783, 49.6483936], [6.107761, 49.6487997], [6.1079503, 49.6489207], [6.1085692, 49.6491226], [6.1101355, 49.6494362], [6.1118977, 49.6500307], [6.1129976, 49.6503], [6.1131913, 49.6503302], [6.1134351, 49.6503229], [6.1140968, 49.6503105], [6.1155547, 49.6500695], [6.1155967, 49.6501093], [6.1168607, 49.6501636], [6.1175214, 49.6496731], [6.1171098, 49.6492676], [6.1167566, 49.6487766], [6.1164969, 49.648299], [6.116341, 49.6477541], [6.1164034, 49.6470679], [6.1166839, 49.6464154], [6.1173903, 49.6451507], [6.1175774, 49.6449691], [6.1174111, 49.6449153], [6.1183358, 49.644256], [6.1193124, 49.6436573], [6.1195929, 49.6433478], [6.1197525, 49.64317], [6.1198526, 49.6430585], [6.1200396, 49.6427289], [6.1204967, 49.6428365], [6.1206733, 49.6427625], [6.121311, 49.6421213], [6.1218629, 49.6416272], [6.1221876, 49.6414065], [6.1224148, 49.6412067], [6.1226096, 49.6410595], [6.1228207, 49.640986], [6.1230317, 49.6406075], [6.1230804, 49.6400819], [6.1230966, 49.6393881], [6.1232914, 49.6384419], [6.1234375, 49.6381581], [6.1238271, 49.637685], [6.1241036, 49.6374057], [6.1244115, 49.6370963], [6.125498, 49.6361785], [6.1259449, 49.6358116], [6.1264229, 49.6354677], [6.1270248, 49.6357113], [6.1272283, 49.6355737], [6.1271248, 49.6355472], [6.12749, 49.635246], [6.1277644, 49.6353588], [6.1282883, 49.6352647], [6.1287767, 49.6351192], [6.1288988, 49.6350497], [6.1293236, 49.6347808], [6.1295434, 49.6345341], [6.1297436, 49.6341894], [6.131526, 49.6333639], [6.1315211, 49.6331141], [6.1318092, 49.6327472], [6.1319996, 49.6327377], [6.1320387, 49.6327851], [6.1323757, 49.6327788], [6.132488, 49.6327187], [6.132361, 49.6323676], [6.1319069, 49.6319881], [6.1318238, 49.6317066], [6.1321706, 49.6310329], [6.131062, 49.6301156], [6.1298852, 49.6296886], [6.1281565, 49.6287429], [6.1277805, 49.6287777], [6.1275607, 49.6287429], [6.1268966, 49.6287366], [6.1265597, 49.6286796], [6.1260322, 49.6287189], [6.1259387, 49.6285054], [6.1257863, 49.6284556], [6.125749, 49.6284677], [6.1256889, 49.6283237], [6.1260168, 49.6282538], [6.1259302, 49.627935], [6.1255985, 49.627866], [6.124006, 49.6269409], [6.1244144, 49.6267546], [6.1251405, 49.6266464], [6.1243465, 49.6264116], [6.1248312, 49.6262801], [6.1247463, 49.6259439], [6.1246158, 49.625301], [6.123048, 49.6253561], [6.1229194, 49.6251716], [6.1220557, 49.6251243], [6.1221157, 49.6249418], [6.1217504, 49.6249248], [6.1210361, 49.6255088], [6.121324, 49.6257522], [6.1207323, 49.6260837], [6.1204044, 49.6267778], [6.1198526, 49.6270213], [6.1196344, 49.6267884], [6.1176821, 49.6272436], [6.1132841, 49.6264747], [6.1109567, 49.6266447], [6.1111348, 49.6275921], [6.110753, 49.6276565], [6.1108799, 49.628236], [6.1124818, 49.6282558], [6.1129782, 49.6283354], [6.1135924, 49.6284813], [6.1125279, 49.6291542], [6.1116783, 49.6298404], [6.111013, 49.6311564], [6.1100969, 49.6326017], [6.1091245, 49.6341695], [6.1082903, 49.6354589], [6.1073845, 49.6368974], [6.106714, 49.6380011], [6.1058542, 49.639224], [6.1050149, 49.6405762], [6.1044315, 49.641544], [6.1033567, 49.6432308], [6.1023946, 49.6445962], [6.1020518, 49.6449502], [6.1000256, 49.6462078]]]}}, {"type": "Feature", "properties": {"name": "Gare"}, "geometry": {"type": "Polygon", "coordinates": [[[6.1385484, 49.6066536], [6.1383469, 49.6063772], [6.1383457, 49.6062892], [6.1383565, 49.6060688], [6.1381484, 49.6057115], [6.1376056, 49.6047965], [6.1375395, 49.6046758], [6.137325, 49.604447], [6.1372802, 49.6044196], [6.1370019, 49.6043266], [6.1361491, 49.6025026], [6.1360623, 49.6019863], [6.1360414, 49.6019412], [6.1360347, 49.6018943], [6.1360425, 49.6018477], [6.136038, 49.6017534], [6.1360282, 49.6015821], [6.1360258, 49.6013982], [6.1360165, 49.6012831], [6.136036, 49.6012528], [6.1360289, 49.6010584], [6.1359882, 49.601009], [6.1359781, 49.600868], [6.1359857, 49.6008198], [6.136007, 49.6007754], [6.1363228, 49.600191], [6.135524, 49.598751], [6.1349199, 49.5982173], [6.1339109, 49.597189], [6.1335216, 49.5966272], [6.1333196, 49.5956114], [6.1332909, 49.5954873], [6.1332707, 49.5953657], [6.1322672, 49.5956081], [6.1314112, 49.5959871], [6.1310935, 49.5957883], [6.1277121, 49.5952934], [6.1273483, 49.5952772], [6.1246821, 49.5953614], [6.1244301, 49.5960548], [6.1247268, 49.596125], [6.1248427, 49.5961635], [6.1249775, 49.5963227], [6.1249739, 49.5964321], [6.1249823, 49.5968795], [6.1250038, 49.5975273], [6.1250178, 49.5976845], [6.1248696, 49.5976721], [6.1246859, 49.5979303], [6.1243399, 49.5979198], [6.1243021, 49.5982347], [6.1246842, 49.5985225], [6.1249889, 49.5985043], [6.1249731, 49.5988117], [6.1245139, 49.5988546], [6.1245055, 49.5991151], [6.1241588, 49.599153], [6.1241377, 49.5992605], [6.1247601, 49.5993945], [6.1247133, 49.5996227], [6.1253323, 49.5997522], [6.1252971, 49.5998035], [6.1249982, 49.6003959], [6.1251409, 49.6006589], [6.1252333, 49.6008293], [6.1251748, 49.6008415], [6.1252555, 49.601087], [6.1254152, 49.6012684], [6.1255562, 49.6014067], [6.1256204, 49.6016415], [6.1249809, 49.6017479], [6.1244285, 49.6018517], [6.124482, 49.602054], [6.1244738, 49.6022558], [6.124387, 49.6024506], [6.1242438, 49.6025199], [6.1237175, 49.6026295], [6.1233108, 49.6027332], [6.1230807, 49.6028063], [6.1226691, 49.6029786], [6.1224941, 49.6031021], [6.1224631, 49.6032342], [6.122403, 49.6033641], [6.1224144, 49.6035889], [6.1224919, 49.6038449], [6.1226969, 49.6041044], [6.1231378, 49.6047105], [6.1233516, 49.6051044], [6.1236789, 49.6055849], [6.124081, 49.6062555], [6.1243708, 49.6066757], [6.1247345, 49.6070196], [6.1251686, 49.6073079], [6.1254825, 49.607533], [6.1256829, 49.6077797], [6.1259301, 49.6080048], [6.1262975, 49.6081996], [6.1270466, 49.6084673], [6.1276396, 49.6086401], [6.128418, 49.6086421], [6.1287822, 49.6085982], [6.1301461, 49.6084045], [6.1301967, 49.6084008], [6.1305124, 49.6083302], [6.130836, 49.6081383], [6.1311571, 49.6078742], [6.13141, 49.6076395], [6.1315443, 49.6075189], [6.1317286, 49.6073559], [6.1318591, 49.6072365], [6.1319723, 49.6071283], [6.132084, 49.6070415], [6.1320224, 49.6068267], [6.1314205, 49.6063686], [6.1310915, 49.6061577], [6.1309907, 49.606063], [6.1315153, 49.6056087], [6.1318995, 49.6052669], [6.1321346, 49.605173], [6.132331, 49.6051219], [6.1326693, 49.6050291], [6.132804, 49.6049817], [6.1328212, 49.6048507], [6.1330491, 49.6048033], [6.1331624, 49.604755], [6.1333573, 49.6047123], [6.1335379, 49.6047569], [6.1336658, 49.604808], [6.1341127, 49.6049427], [6.1343794, 49.60503], [6.1346718, 49.6051201], [6.1348854, 49.6050709], [6.1350416, 49.6051182], [6.135179, 49.6051888], [6.1353273, 49.6050762], [6.1355723, 49.6051772], [6.135732, 49.6052662], [6.1358773, 49.6053495], [6.1360866, 49.6054387], [6.1362256, 49.605527], [6.136369, 49.6055697], [6.1370064, 49.605922], [6.1376949, 49.6063138], [6.1378741, 49.606381], [6.1381428, 49.6064935], [6.1383192, 49.6066096], [6.1385484, 49.6066536]]]}}, {"type": "Feature", "properties": {"name": "Dommeldange"}, "geometry": {"type": "Polygon", "coordinates": [[[6.1484262, 49.6372445], [6.1483541, 49.6373231], [6.1477816, 49.6373535], [6.1466864, 49.6369244], [6.146416, 49.6369157], [6.1453344, 49.6362852], [6.1419949, 49.6342275], [6.1422382, 49.6339297], [6.1393855, 49.6325199], [6.139088, 49.6327213], [6.1382768, 49.6322572], [6.1373709, 49.6315304], [6.1373574, 49.6313114], [6.136456, 49.6307934], [6.1357339, 49.6299813], [6.1352014, 49.6302561], [6.1356052, 49.6306845], [6.1359666, 49.6313411], [6.1362371, 49.6318151], [6.1365464, 49.6322529], [6.1365874, 49.6326161], [6.1363397, 49.633035], [6.1359959, 49.6334724], [6.1356684, 49.6339257], [6.1354413, 49.6344666], [6.1354269, 49.6349132], [6.1349101, 49.6355674], [6.1353497, 49.635692], [6.1357778, 49.6358363], [6.1358784, 49.6375013], [6.136206, 49.6412003], [6.1362247, 49.6413891], [6.1363371, 49.6426409], [6.1392896, 49.6426162], [6.1392684, 49.64411], [6.1394134, 49.6441077], [6.1395381, 49.6441625], [6.1397431, 49.6442173], [6.1406163, 49.6444625], [6.1402866, 49.6447193], [6.1399035, 49.6450799], [6.1395235, 49.6450572], [6.1395142, 49.6451905], [6.139296, 49.6451791], [6.139082, 49.6458276], [6.1390541, 49.6463829], [6.1392602, 49.6467579], [6.138642, 49.6467688], [6.1386977, 49.6474971], [6.1392101, 49.6474899], [6.1391488, 49.6478325], [6.1390876, 49.6483337], [6.1394384, 49.6489106], [6.139082, 49.6489322], [6.1387813, 49.6489971], [6.1387311, 49.6497724], [6.13862, 49.6502695], [6.1387407, 49.6504881], [6.1389718, 49.6505697], [6.1397925, 49.6508557], [6.1399909, 49.6506365], [6.1402579, 49.6504867], [6.1404856, 49.6502607], [6.1405795, 49.6501845], [6.1406716, 49.6501174], [6.1409969, 49.6499428], [6.1414231, 49.6497527], [6.1416928, 49.6496454], [6.142265, 49.6494101], [6.1423889, 49.6493975], [6.1425092, 49.649417], [6.1426263, 49.6494424], [6.1427545, 49.6494656], [6.1429277, 49.649504], [6.1430927, 49.6495352], [6.1432358, 49.6495588], [6.1436773, 49.6496171], [6.1435189, 49.6494623], [6.1434263, 49.6493681], [6.143309, 49.6492158], [6.1440683, 49.649389], [6.1443326, 49.6494396], [6.1447622, 49.6495192], [6.1451538, 49.6495865], [6.145599, 49.6496706], [6.1463487, 49.6498201], [6.1466357, 49.6498794], [6.1473082, 49.6500853], [6.1474842, 49.6501196], [6.1483161, 49.650288], [6.1484978, 49.6503278], [6.1490169, 49.6504312], [6.1495582, 49.6505456], [6.1499398, 49.6506379], [6.1502079, 49.6507068], [6.1511065, 49.6507043], [6.1524157, 49.6505922], [6.1533222, 49.6505172], [6.1535296, 49.6505606], [6.1543211, 49.650746], [6.1543978, 49.6507672], [6.1545084, 49.6508044], [6.1546737, 49.650869], [6.1551811, 49.6510763], [6.1559295, 49.6513793], [6.1561812, 49.6514937], [6.1566261, 49.6517056], [6.156922, 49.6518507], [6.1570277, 49.6518903], [6.157101, 49.6519157], [6.1574429, 49.6520404], [6.1580597, 49.6522609], [6.1580147, 49.6528321], [6.1579442, 49.6533886], [6.1574028, 49.6537494], [6.1573208, 49.6538091], [6.1572577, 49.6538698], [6.1578393, 49.6540923], [6.1580903, 49.6541906], [6.1589828, 49.6545574], [6.1597182, 49.6548682], [6.1598795, 49.6546325], [6.1602388, 49.6540224], [6.1608302, 49.6532817], [6.161091, 49.6529429], [6.1610047, 49.6526693], [6.1609159, 49.652281], [6.1609484, 49.652212], [6.1608523, 49.6518867], [6.1608065, 49.651642], [6.1607454, 49.6511056], [6.1605925, 49.6505962], [6.1605248, 49.6504586], [6.1604548, 49.6503682], [6.1602301, 49.6501517], [6.1596382, 49.6496114], [6.1593737, 49.6493536], [6.1594805, 49.6491695], [6.1596511, 49.6489495], [6.1597014, 49.6488578], [6.1595792, 49.6487368], [6.1587009, 49.6479269], [6.1585741, 49.6477772], [6.1585238, 49.6476316], [6.1585515, 49.6476078], [6.1588539, 49.6474116], [6.1578851, 49.6470657], [6.1574771, 49.6469237], [6.1576493, 49.6466748], [6.1573888, 49.6465017], [6.1569664, 49.6462264], [6.1565166, 49.6460952], [6.156027, 49.6459276], [6.1557767, 49.64583], [6.1555633, 49.645532], [6.1555341, 49.6454994], [6.1554441, 49.6454439], [6.1552118, 49.6453318], [6.1546724, 49.6450613], [6.1543828, 49.6449131], [6.1539256, 49.6446695], [6.1535416, 49.6444311], [6.1529237, 49.6440406], [6.1527425, 49.6439429], [6.1526478, 49.6438959], [6.1524265, 49.6437929], [6.1515937, 49.6434227], [6.151229, 49.6430055], [6.151158, 49.6429382], [6.1510241, 49.6428184], [6.1508212, 49.6426527], [6.1506922, 49.6425547], [6.1505884, 49.6424856], [6.1505006, 49.6424314], [6.150406, 49.6423794], [6.1502294, 49.6422932], [6.1498086, 49.6421124], [6.1497197, 49.6420782], [6.1495633, 49.642023], [6.1493267, 49.6419496], [6.1491836, 49.6419125], [6.1490358, 49.6418855], [6.1487198, 49.6418424], [6.148765, 49.6418092], [6.1488102, 49.6417841], [6.1488643, 49.6417616], [6.148938, 49.6417403], [6.1490228, 49.6417234], [6.1491079, 49.641713], [6.149264, 49.6417042], [6.1496023, 49.6416929], [6.1498436, 49.6416831], [6.1499421, 49.641619], [6.1502362, 49.6414207], [6.150548, 49.6414749], [6.1510494, 49.6415914], [6.1517117, 49.6417017], [6.1520233, 49.6417557], [6.15224, 49.6418453], [6.1524577, 49.6418926], [6.1525326, 49.6419065], [6.1526829, 49.6421352], [6.1527722, 49.6422354], [6.1528231, 49.6420124], [6.1528425, 49.6419767], [6.152881, 49.6419249], [6.1529599, 49.6418636], [6.1530393, 49.641807], [6.1532899, 49.6416516], [6.15332, 49.6416224], [6.1535232, 49.6412971], [6.1551845, 49.6414692], [6.156789, 49.6416387], [6.1573668, 49.6417025], [6.1575207, 49.6417165], [6.1585443, 49.6418224], [6.15938, 49.6419109], [6.1601821, 49.6420182], [6.1608578, 49.6421032], [6.1617871, 49.6422154], [6.1619536, 49.642229], [6.1625139, 49.6423133], [6.1629351, 49.6429575], [6.1635497, 49.6439358], [6.1635856, 49.6440029], [6.1648559, 49.6446973], [6.1651521, 49.6449584], [6.1652027, 49.6449374], [6.1654244, 49.6448367], [6.164931, 49.6444242], [6.1641593, 49.6437128], [6.1639747, 49.6434459], [6.1636563, 49.6429641], [6.1634271, 49.6424843], [6.163346, 49.6423273], [6.1631318, 49.6417669], [6.1634651, 49.6412885], [6.1639217, 49.6409646], [6.1642625, 49.6407265], [6.1643065, 49.6406937], [6.1635762, 49.6406395], [6.1627439, 49.6405738], [6.162471, 49.640545], [6.1622538, 49.64051], [6.1619258, 49.6404395], [6.1613417, 49.6403027], [6.1607948, 49.6401685], [6.1604992, 49.6401085], [6.1602183, 49.6400788], [6.1596632, 49.6400349], [6.1588354, 49.6399595], [6.1587368, 49.6399317], [6.1582265, 49.6398824], [6.1578868, 49.6397353], [6.1578988, 49.6397132], [6.1573888, 49.6396025], [6.1568089, 49.6394901], [6.1560429, 49.6393893], [6.1553147, 49.6393276], [6.1544108, 49.6392079], [6.1536011, 49.6388609], [6.1530996, 49.6386511], [6.1525019, 49.638459], [6.1503168, 49.6378113], [6.1491453, 49.6374739], [6.1487741, 49.6373727], [6.1484262, 49.6372445]]]}}]}