{"type": "FeatureCollection", "features": [{"type": "Feature", "properties": {"name": "District Grevenmacher"}, "geometry": {"type": "Polygon", "coordinates": [[[6.219316, 49.555008], [6.219774, 49.5551], [6.220038, 49.55515], [6.220091, 49.555164], [6.220266, 49.555202], [6.220472, 49.555256], [6.220575, 49.55528], [6.22106, 49.555397], [6.221544, 49.555515], [6.221731, 49.55557], [6.221777, 49.55558], [6.221853, 49.555603], [6.222444, 49.55579], [6.222658, 49.55586], [6.222967, 49.555977], [6.223516, 49.556183], [6.223822, 49.555836], [6.224188, 49.55604], [6.224478, 49.5562], [6.225042, 49.556454], [6.225203, 49.55652], [6.22547, 49.556614], [6.225542, 49.556637], [6.225706, 49.556686], [6.225828, 49.55672], [6.226122, 49.556805], [6.22624, 49.556835], [6.226507, 49.55684], [6.226603, 49.55681], [6.227137, 49.55575], [6.227358, 49.555492], [6.227991, 49.554867], [6.228296, 49.554615], [6.22912, 49.553978], [6.229734, 49.553463], [6.23028, 49.553024], [6.230326, 49.553032], [6.230921, 49.553127], [6.231176, 49.553177], [6.231386, 49.55323], [6.23179, 49.55334], [6.232145, 49.553474], [6.232561, 49.553658], [6.233267, 49.553997], [6.233412, 49.553932], [6.233519, 49.55388], [6.234057, 49.55363], [6.234545, 49.55343], [6.234953, 49.553307], [6.235022, 49.553417], [6.235044, 49.553463], [6.235102, 49.553555], [6.235163, 49.553665], [6.235193, 49.553715], [6.23522, 49.553764], [6.235251, 49.55381], [6.235258, 49.55383], [6.235308, 49.553905], [6.235475, 49.554195], [6.235334, 49.55425], [6.234865, 49.554474], [6.23448, 49.554676], [6.234098, 49.55491], [6.233896, 49.555065], [6.233713, 49.555202], [6.233484, 49.555412], [6.233335, 49.555565], [6.233068, 49.555927], [6.232965, 49.55589], [6.232904, 49.555977], [6.232847, 49.55606], [6.23276, 49.55619], [6.232664, 49.556328], [6.232626, 49.556385], [6.232443, 49.55656], [6.232332, 49.556664], [6.232229, 49.556763], [6.232084, 49.556904], [6.232023, 49.55696], [6.231928, 49.55705], [6.231821, 49.557148], [6.231707, 49.55725], [6.231646, 49.5573], [6.231585, 49.557358], [6.231531, 49.557404], [6.231463, 49.557465], [6.231218, 49.55768], [6.231165, 49.557804], [6.231108, 49.557945], [6.231054, 49.55811], [6.231012, 49.55832], [6.231001, 49.558586], [6.231024, 49.558853], [6.231024, 49.558887], [6.231051, 49.55904], [6.231081, 49.559177], [6.231108, 49.559284], [6.231169, 49.559464], [6.231199, 49.55956], [6.231302, 49.559704], [6.231566, 49.55998], [6.231607, 49.560017], [6.231684, 49.560062], [6.231813, 49.560135], [6.23197, 49.5602], [6.232054, 49.560226], [6.232199, 49.560272], [6.232698, 49.56039], [6.232744, 49.5604], [6.232843, 49.56041], [6.232962, 49.56043], [6.233072, 49.56044], [6.232935, 49.560673], [6.232855, 49.560806], [6.232515, 49.561672], [6.232439, 49.56185], [6.232367, 49.561974], [6.231978, 49.56233], [6.231939, 49.562363], [6.231806, 49.56249], [6.231741, 49.562546], [6.231642, 49.562645], [6.231676, 49.562687], [6.231714, 49.56274], [6.231829, 49.5629], [6.231878, 49.562973], [6.231993, 49.563133], [6.232054, 49.563213], [6.232092, 49.56327], [6.232122, 49.563297], [6.232267, 49.56342], [6.232401, 49.56353], [6.232687, 49.56377], [6.232782, 49.563877], [6.232946, 49.564053], [6.233019, 49.564133], [6.23308, 49.564198], [6.23311, 49.564228], [6.233126, 49.564247], [6.233183, 49.56431], [6.233236, 49.564365], [6.233343, 49.56448], [6.233381, 49.564526], [6.23345, 49.56459], [6.233511, 49.56465], [6.233526, 49.564667], [6.23361, 49.564735], [6.233713, 49.564827], [6.23382, 49.564915], [6.233847, 49.56494], [6.233889, 49.564976], [6.233679, 49.565384], [6.233652, 49.565434], [6.233606, 49.565525], [6.233599, 49.565594], [6.233595, 49.56561], [6.23353, 49.566086], [6.233339, 49.566284], [6.233049, 49.566574], [6.232904, 49.56672], [6.232553, 49.567043], [6.232252, 49.56737], [6.232038, 49.56761], [6.232401, 49.567894], [6.232248, 49.56802], [6.232061, 49.568172], [6.231806, 49.568382], [6.231516, 49.568516], [6.231375, 49.568615], [6.231134, 49.568787], [6.230825, 49.569004], [6.230887, 49.569202], [6.230982, 49.56949], [6.231008, 49.569546], [6.231127, 49.56981], [6.231207, 49.56998], [6.231237, 49.57004], [6.231302, 49.57003], [6.231443, 49.57001], [6.231554, 49.57], [6.23171, 49.569996], [6.231802, 49.569996], [6.23197, 49.570004], [6.23234, 49.570007], [6.23276, 49.569984], [6.232969, 49.569992], [6.233198, 49.57001], [6.233442, 49.57004], [6.233572, 49.570053], [6.233744, 49.570072], [6.234087, 49.570103], [6.234545, 49.57013], [6.235346, 49.570168], [6.23612, 49.570206], [6.236353, 49.570213], [6.236567, 49.57021], [6.23694, 49.570164], [6.23752, 49.570087], [6.237852, 49.570034], [6.238039, 49.569996], [6.238653, 49.569843], [6.239481, 49.56965], [6.239576, 49.569576], [6.239901, 49.569252], [6.240385, 49.568546], [6.240965, 49.568027], [6.241625, 49.56766], [6.241777, 49.567654], [6.24188, 49.567657], [6.242311, 49.56766], [6.242502, 49.567665], [6.24299, 49.56758], [6.243681, 49.567707], [6.24468, 49.56769], [6.245592, 49.567608], [6.245954, 49.567654], [6.246908, 49.567627], [6.247458, 49.567623], [6.248041, 49.567677], [6.248819, 49.567566], [6.249365, 49.567646], [6.250269, 49.56789], [6.250673, 49.567863], [6.251111, 49.56798], [6.251707, 49.56814], [6.252081, 49.568214], [6.2525, 49.568363], [6.25297, 49.56842], [6.25345, 49.568596], [6.253775, 49.568645], [6.253839, 49.568707], [6.253969, 49.56881], [6.254213, 49.56899], [6.254644, 49.569225], [6.254805, 49.569317], [6.255083, 49.56939], [6.255526, 49.56951], [6.255732, 49.56954], [6.255793, 49.56954], [6.256258, 49.569695], [6.2572, 49.570004], [6.257505, 49.57011], [6.257486, 49.570126], [6.257189, 49.570347], [6.256895, 49.570576], [6.256384, 49.570984], [6.256166, 49.571255], [6.256033, 49.57144], [6.25572, 49.571877], [6.255541, 49.572155], [6.255526, 49.572193], [6.25551, 49.572224], [6.255419, 49.57246], [6.255388, 49.57257], [6.255373, 49.572674], [6.255381, 49.572784], [6.255446, 49.57293], [6.255568, 49.57322], [6.255655, 49.573406], [6.255667, 49.57344], [6.25567, 49.573467], [6.255659, 49.57355], [6.255636, 49.57364], [6.255533, 49.574062], [6.255484, 49.57425], [6.255446, 49.57446], [6.255442, 49.574486], [6.255487, 49.574566], [6.255568, 49.574677], [6.255606, 49.574726], [6.255739, 49.574844], [6.255812, 49.57491], [6.255842, 49.574936], [6.255938, 49.575012], [6.256025, 49.575077], [6.256052, 49.5751], [6.256296, 49.57526], [6.256327, 49.575283], [6.256411, 49.575336], [6.256487, 49.57541], [6.256529, 49.575447], [6.256559, 49.57548], [6.256628, 49.575558], [6.256647, 49.57559], [6.256678, 49.575634], [6.256689, 49.575645], [6.256704, 49.575695], [6.256727, 49.575756], [6.256796, 49.576046], [6.256807, 49.576084], [6.256834, 49.576157], [6.256864, 49.576225], [6.256876, 49.576256], [6.256929, 49.57634], [6.256975, 49.576397], [6.257059, 49.576504], [6.257132, 49.5766], [6.257353, 49.576874], [6.257429, 49.576977], [6.257505, 49.577072], [6.257585, 49.577168], [6.25762, 49.577217], [6.257738, 49.577362], [6.257791, 49.57743], [6.25783, 49.577473], [6.258108, 49.577766], [6.258211, 49.577877], [6.258383, 49.577976], [6.258577, 49.578102], [6.258692, 49.578175], [6.258932, 49.578346], [6.259024, 49.578415], [6.259131, 49.5785], [6.259287, 49.578617], [6.259355, 49.578674], [6.259455, 49.578777], [6.260134, 49.578743], [6.260405, 49.578728], [6.260588, 49.57872], [6.260694, 49.578716], [6.261232, 49.57869], [6.261267, 49.57869], [6.261675, 49.57867], [6.261786, 49.578667], [6.261931, 49.57866], [6.262007, 49.578655], [6.262449, 49.57864], [6.262548, 49.578636], [6.263189, 49.578583], [6.263815, 49.578506], [6.263922, 49.578487], [6.265314, 49.57825], [6.265406, 49.578255], [6.265501, 49.578255], [6.265665, 49.57825], [6.265806, 49.57825], [6.265688, 49.578354], [6.265589, 49.578457], [6.265524, 49.57855], [6.265512, 49.578655], [6.265528, 49.579014], [6.265661, 49.57902], [6.265654, 49.57912], [6.265524, 49.579567], [6.265417, 49.579838], [6.265551, 49.5799], [6.265596, 49.5798], [6.265642, 49.579693], [6.26568, 49.579605], [6.265745, 49.57941], [6.265818, 49.5792], [6.265833, 49.579086], [6.265829, 49.578903], [6.265772, 49.578648], [6.265974, 49.578728], [6.266233, 49.57885], [6.266451, 49.578957], [6.266611, 49.579086], [6.266672, 49.579136], [6.266958, 49.579365], [6.267019, 49.57945], [6.267069, 49.57951], [6.267126, 49.579582], [6.267145, 49.57961], [6.267225, 49.579712], [6.267412, 49.579956], [6.26745, 49.57996], [6.267248, 49.5805], [6.267557, 49.581097], [6.267733, 49.581493], [6.267946, 49.581924], [6.268229, 49.582363], [6.268629, 49.582916], [6.268755, 49.58314], [6.268778, 49.583256], [6.268644, 49.583645], [6.268648, 49.583786], [6.268679, 49.583954], [6.26948, 49.58423], [6.269876, 49.58436], [6.271055, 49.584595], [6.272062, 49.58464], [6.273165, 49.58468], [6.274172, 49.584698], [6.274813, 49.584732], [6.276049, 49.58494], [6.276651, 49.585064], [6.277349, 49.5852], [6.278009, 49.58533], [6.278978, 49.585503], [6.27976, 49.585636], [6.280676, 49.58579], [6.281446, 49.585926], [6.282049, 49.586033], [6.282762, 49.586174], [6.283468, 49.58632], [6.28443, 49.58654], [6.284609, 49.58656], [6.284857, 49.58656], [6.285646, 49.586533], [6.287153, 49.58648], [6.287813, 49.586456], [6.28834, 49.58643], [6.289144, 49.586376], [6.289946, 49.586323], [6.290331, 49.586308], [6.29072, 49.5863], [6.291182, 49.586292], [6.291315, 49.586296], [6.291456, 49.586315], [6.291575, 49.58634], [6.291658, 49.586376], [6.291769, 49.586437], [6.29191, 49.58656], [6.293188, 49.586193], [6.294275, 49.585876], [6.295336, 49.58557], [6.296297, 49.585297], [6.296866, 49.585136], [6.29706, 49.585075], [6.297266, 49.585], [6.297449, 49.584904], [6.297941, 49.584583], [6.298384, 49.58428], [6.298796, 49.58399], [6.299272, 49.583664], [6.299994, 49.58316], [6.300711, 49.582664], [6.300764, 49.58263], [6.300821, 49.58267], [6.300833, 49.582676], [6.301065, 49.582817], [6.301149, 49.582867], [6.301184, 49.582886], [6.301558, 49.58313], [6.30187, 49.583336], [6.302187, 49.583588], [6.302301, 49.58369], [6.302362, 49.583748], [6.302412, 49.58381], [6.302549, 49.584194], [6.30261, 49.584362], [6.302694, 49.58457], [6.302813, 49.584885], [6.302854, 49.585014], [6.302816, 49.58517], [6.302744, 49.585423], [6.302671, 49.58568], [6.302633, 49.585804], [6.302534, 49.586113], [6.302469, 49.58632], [6.302378, 49.58647], [6.302317, 49.586575], [6.302271, 49.586697], [6.302248, 49.586906], [6.302229, 49.587048], [6.302175, 49.587486], [6.302126, 49.587856], [6.302076, 49.58824], [6.302031, 49.5886], [6.302004, 49.588844], [6.301741, 49.589256], [6.301516, 49.589615], [6.301325, 49.589912], [6.301558, 49.590206], [6.301763, 49.590473], [6.301306, 49.59063], [6.301256, 49.59065], [6.301203, 49.590664], [6.300741, 49.59082], [6.300299, 49.59097], [6.299948, 49.591087], [6.29973, 49.591164], [6.2997, 49.59179], [6.299684, 49.59207], [6.299673, 49.592194], [6.299654, 49.592537], [6.299627, 49.59289], [6.299612, 49.593136], [6.299524, 49.593212], [6.299337, 49.59336], [6.298925, 49.593685], [6.298677, 49.593876], [6.298418, 49.59408], [6.298254, 49.594215], [6.298185, 49.594273], [6.298075, 49.594387], [6.297876, 49.594585], [6.297731, 49.594734], [6.297586, 49.594833], [6.297491, 49.5949], [6.297228, 49.595066], [6.296942, 49.595303], [6.296923, 49.595318], [6.296652, 49.595543], [6.296637, 49.595566], [6.296557, 49.595695], [6.296385, 49.59595], [6.296324, 49.59605], [6.296206, 49.596237], [6.296148, 49.59633], [6.296087, 49.596424], [6.296041, 49.596504], [6.295984, 49.596615], [6.295843, 49.596912], [6.295584, 49.597466], [6.2955, 49.59764], [6.295431, 49.597775], [6.295324, 49.597965], [6.295179, 49.598217], [6.294718, 49.598312], [6.294409, 49.598377], [6.294168, 49.59843], [6.294062, 49.598454], [6.293715, 49.598526], [6.293558, 49.598553], [6.293478, 49.598568], [6.293314, 49.59859], [6.293047, 49.598625], [6.292875, 49.59864], [6.292791, 49.59865], [6.29265, 49.59866], [6.292559, 49.59866], [6.292479, 49.59865], [6.292402, 49.598648], [6.292242, 49.598648], [6.29217, 49.59864], [6.292067, 49.598637], [6.291979, 49.59865], [6.291918, 49.598663], [6.291868, 49.598682], [6.29178, 49.598717], [6.291582, 49.5988], [6.291391, 49.598877], [6.291265, 49.59893], [6.291166, 49.598965], [6.291044, 49.599], [6.290846, 49.599045], [6.290556, 49.599113], [6.290369, 49.599155], [6.290319, 49.599216], [6.290129, 49.599354], [6.290011, 49.59945], [6.289823, 49.59958], [6.289763, 49.59962], [6.289553, 49.59976], [6.289431, 49.6001], [6.289339, 49.60035], [6.289308, 49.60045], [6.289183, 49.60081], [6.289125, 49.600952], [6.288973, 49.601173], [6.288774, 49.601448], [6.28861, 49.60168], [6.288515, 49.601818], [6.288107, 49.601826], [6.28763, 49.60183], [6.287199, 49.601833], [6.286852, 49.60183], [6.286337, 49.601818], [6.285795, 49.602123], [6.285311, 49.6024], [6.284937, 49.602608], [6.284391, 49.60263], [6.283483, 49.602665], [6.283297, 49.602676], [6.283033, 49.60269], [6.282721, 49.60271], [6.282331, 49.602737], [6.28219, 49.60275], [6.282137, 49.60274], [6.282087, 49.602734], [6.281965, 49.602715], [6.281412, 49.60262], [6.280935, 49.60253], [6.280729, 49.602493], [6.280649, 49.60247], [6.279974, 49.602306], [6.279833, 49.602165], [6.279432, 49.602135], [6.279089, 49.602108], [6.278662, 49.602097], [6.278349, 49.602097], [6.278109, 49.6021], [6.27754, 49.602116], [6.277514, 49.601997], [6.277502, 49.60195], [6.277491, 49.601883], [6.277475, 49.6018], [6.277449, 49.60164], [6.277109, 49.6016], [6.27696, 49.601578], [6.276758, 49.60154], [6.276689, 49.601524], [6.276495, 49.60146], [6.276426, 49.601433], [6.276289, 49.601364], [6.276163, 49.6013], [6.276079, 49.601242], [6.275923, 49.60113], [6.275763, 49.60101], [6.275679, 49.60094], [6.275583, 49.600853], [6.275488, 49.60077], [6.275412, 49.60069], [6.275175, 49.600777], [6.274893, 49.60088], [6.274595, 49.600994], [6.274427, 49.601055], [6.274168, 49.601154], [6.273912, 49.601254], [6.273821, 49.601288], [6.273786, 49.6013], [6.273958, 49.601513], [6.274267, 49.601948], [6.274439, 49.602173], [6.274534, 49.60229], [6.274607, 49.60239], [6.274633, 49.602474], [6.274653, 49.60255], [6.274672, 49.602592], [6.274771, 49.60272], [6.274939, 49.602913], [6.275476, 49.6035], [6.275488, 49.60355], [6.275499, 49.603592], [6.275736, 49.603916], [6.275934, 49.60418], [6.276064, 49.60434], [6.27627, 49.604557], [6.276682, 49.60496], [6.276869, 49.605133], [6.277021, 49.60525], [6.277388, 49.60552], [6.277609, 49.605675], [6.278116, 49.605896], [6.278357, 49.606003], [6.278479, 49.60611], [6.278612, 49.606277], [6.278784, 49.606434], [6.279097, 49.606686], [6.27923, 49.6068], [6.279528, 49.607132], [6.279718, 49.607307], [6.279921, 49.607487], [6.280466, 49.607895], [6.281298, 49.60851], [6.281858, 49.60891], [6.282732, 49.60953], [6.283556, 49.610126], [6.284456, 49.610775], [6.285616, 49.61162], [6.285753, 49.611736], [6.285887, 49.611885], [6.286116, 49.61207], [6.286577, 49.61239], [6.286894, 49.612545], [6.287233, 49.61279], [6.288168, 49.61348], [6.289045, 49.614132], [6.289682, 49.61462], [6.290373, 49.61514], [6.291029, 49.615654], [6.291819, 49.616276], [6.292231, 49.616634], [6.292181, 49.616642], [6.292223, 49.616707], [6.292387, 49.616875], [6.292559, 49.617], [6.292879, 49.61717], [6.293058, 49.61728], [6.29384, 49.617886], [6.294542, 49.61842], [6.295385, 49.61907], [6.295923, 49.619537], [6.296434, 49.61999], [6.296698, 49.620213], [6.296934, 49.620384], [6.297304, 49.620655], [6.297884, 49.621086], [6.2983, 49.62141], [6.298487, 49.621536], [6.298788, 49.62171], [6.298868, 49.62177], [6.299032, 49.621925], [6.299547, 49.622437], [6.299589, 49.622444], [6.299643, 49.622498], [6.299665, 49.622513], [6.299852, 49.62265], [6.300264, 49.62295], [6.300562, 49.62317], [6.300825, 49.623363], [6.301348, 49.62375], [6.301855, 49.62412], [6.302423, 49.62453], [6.302641, 49.62469], [6.303171, 49.62507], [6.30345, 49.625263], [6.303659, 49.625412], [6.303793, 49.62551], [6.303915, 49.625603], [6.303991, 49.62566], [6.304293, 49.625893], [6.304468, 49.62605], [6.30472, 49.62622], [6.304953, 49.626354], [6.305605, 49.6267], [6.305998, 49.626904], [6.30652, 49.627132], [6.306784, 49.627235], [6.307035, 49.627308], [6.307173, 49.627354], [6.307718, 49.62757], [6.309034, 49.6281], [6.309687, 49.628384], [6.309282, 49.62875], [6.30924, 49.62882], [6.309214, 49.628906], [6.308866, 49.630177], [6.308718, 49.63067], [6.308603, 49.63102], [6.307879, 49.632248], [6.307474, 49.63292], [6.307424, 49.632973], [6.307077, 49.63314], [6.304956, 49.63415], [6.304796, 49.634235], [6.304754, 49.63431], [6.303999, 49.634705], [6.303888, 49.63495], [6.303827, 49.6351], [6.303793, 49.63518], [6.303358, 49.636177], [6.30327, 49.636395], [6.303248, 49.636456], [6.303175, 49.636635], [6.303038, 49.636654], [6.30295, 49.636665], [6.302603, 49.63671], [6.302622, 49.636753], [6.302641, 49.636787], [6.302675, 49.636883], [6.302702, 49.63701], [6.30271, 49.63711], [6.302706, 49.637157], [6.302694, 49.637203], [6.302664, 49.637287], [6.302526, 49.63722], [6.302393, 49.637154], [6.302248, 49.637085], [6.302134, 49.637028], [6.302031, 49.636982], [6.301966, 49.637062], [6.301844, 49.637222], [6.301737, 49.637356], [6.301603, 49.6375], [6.301542, 49.637558], [6.301424, 49.637512], [6.30131, 49.637466], [6.30126, 49.63745], [6.301199, 49.637424], [6.301104, 49.637386], [6.300932, 49.63732], [6.300844, 49.637287], [6.300703, 49.637238], [6.300688, 49.63723], [6.300661, 49.637226], [6.300554, 49.637207], [6.30044, 49.637188], [6.300379, 49.637177], [6.299932, 49.6371], [6.299746, 49.637066], [6.299662, 49.637054], [6.299543, 49.63703], [6.299467, 49.63702], [6.299292, 49.63699], [6.299147, 49.636963], [6.299059, 49.636948], [6.29896, 49.636932], [6.298857, 49.636917], [6.298613, 49.636875], [6.298544, 49.636864], [6.29822, 49.636806], [6.298109, 49.636787], [6.297998, 49.63677], [6.297785, 49.63673], [6.297693, 49.636715], [6.297648, 49.636707], [6.297613, 49.6367], [6.29756, 49.63669], [6.297228, 49.636635], [6.296995, 49.636597], [6.296862, 49.636574], [6.296778, 49.63656], [6.29656, 49.63652], [6.296225, 49.636467], [6.296015, 49.63643], [6.295565, 49.636356], [6.295637, 49.636623], [6.295664, 49.636726], [6.295713, 49.636963], [6.295725, 49.637074], [6.295717, 49.637234], [6.295702, 49.63737], [6.295679, 49.637512], [6.295645, 49.637688], [6.295622, 49.637783], [6.295572, 49.637955], [6.295519, 49.63815], [6.295481, 49.638256], [6.295469, 49.638294], [6.295012, 49.63822], [6.294809, 49.63819], [6.29392, 49.638046], [6.29384, 49.638165], [6.293821, 49.638187], [6.293787, 49.638233], [6.293741, 49.638298], [6.293653, 49.638424], [6.293432, 49.638695], [6.293299, 49.63866], [6.293192, 49.638638], [6.293123, 49.63862], [6.292917, 49.638573], [6.292784, 49.638535], [6.292669, 49.638504], [6.292555, 49.638607], [6.292463, 49.638687], [6.29233, 49.638805], [6.292242, 49.638878], [6.292192, 49.63892], [6.292135, 49.638966], [6.291975, 49.639107], [6.291895, 49.639175], [6.291868, 49.6392], [6.291842, 49.639217], [6.291807, 49.639248], [6.291773, 49.63928], [6.291693, 49.639347], [6.291674, 49.639366], [6.291559, 49.63947], [6.291437, 49.639576], [6.291327, 49.639675], [6.291235, 49.639755], [6.291037, 49.63993], [6.290972, 49.639988], [6.29085, 49.640095], [6.290712, 49.64022], [6.290529, 49.640385], [6.290461, 49.64044], [6.290373, 49.640545], [6.290297, 49.640633], [6.290285, 49.640686], [6.290247, 49.640926], [6.290209, 49.64116], [6.290197, 49.641228], [6.290178, 49.641453], [6.290171, 49.641514], [6.29014, 49.64188], [6.290136, 49.641937], [6.290129, 49.642002], [6.290125, 49.64205], [6.290121, 49.64211], [6.29011, 49.642345], [6.29011, 49.64239], [6.290102, 49.642513], [6.290102, 49.64258], [6.290098, 49.64261], [6.290102, 49.642624], [6.290129, 49.64274], [6.290152, 49.642834], [6.290194, 49.64302], [6.290209, 49.6431], [6.290209, 49.643147], [6.290205, 49.643166], [6.290205, 49.64318], [6.290201, 49.64325], [6.290197, 49.64326], [6.290194, 49.64333], [6.290186, 49.643433], [6.29019, 49.643517], [6.290216, 49.64374], [6.290228, 49.643803], [6.290232, 49.64382], [6.290228, 49.643932], [6.290213, 49.644073], [6.290186, 49.64417], [6.290129, 49.64436], [6.290075, 49.644516], [6.290041, 49.64462], [6.289934, 49.644875], [6.289877, 49.644997], [6.289835, 49.64511], [6.289812, 49.64522], [6.289801, 49.645344], [6.289785, 49.64543], [6.289763, 49.645546], [6.289717, 49.645626], [6.28961, 49.645775], [6.289373, 49.646114], [6.289087, 49.646503], [6.289267, 49.64657], [6.28937, 49.64662], [6.289484, 49.646698], [6.28977, 49.646908], [6.2899, 49.647057], [6.289988, 49.64716], [6.29006, 49.647274], [6.290014, 49.64725], [6.289843, 49.647167], [6.289515, 49.64728], [6.288588, 49.64792], [6.289144, 49.64809], [6.289209, 49.648106], [6.289274, 49.64812], [6.289602, 49.648197], [6.289267, 49.64858], [6.289175, 49.648586], [6.289167, 49.648598], [6.289137, 49.64865], [6.289022, 49.64884], [6.289385, 49.64898], [6.289446, 49.649002], [6.289328, 49.649197], [6.289183, 49.649734], [6.288828, 49.649925], [6.286955, 49.65055], [6.285582, 49.650864], [6.284666, 49.65108], [6.284044, 49.65134], [6.283667, 49.65161], [6.283224, 49.6519], [6.28306, 49.65201], [6.282572, 49.652363], [6.282126, 49.652714], [6.282076, 49.652756], [6.281733, 49.653107], [6.281714, 49.65316], [6.281721, 49.65328], [6.281725, 49.653408], [6.281729, 49.653465], [6.281729, 49.653522], [6.281736, 49.653667], [6.281736, 49.653717], [6.28174, 49.653736], [6.281744, 49.653873], [6.281744, 49.65391], [6.281748, 49.65402], [6.281824, 49.65403], [6.28179, 49.654438], [6.28179, 49.654453], [6.281782, 49.654522], [6.281775, 49.65458], [6.281771, 49.654644], [6.281752, 49.654808], [6.281748, 49.65485], [6.28166, 49.654846], [6.281668, 49.654884], [6.281706, 49.65512], [6.281858, 49.656], [6.281881, 49.656143], [6.281942, 49.656578], [6.281984, 49.656834], [6.282053, 49.65724], [6.281248, 49.657116], [6.281176, 49.657135], [6.281, 49.657448], [6.280989, 49.657475], [6.28097, 49.657513], [6.280943, 49.657574], [6.280912, 49.657623], [6.280851, 49.657726], [6.280809, 49.657795], [6.280802, 49.65781], [6.280767, 49.65787], [6.280706, 49.65797], [6.280687, 49.658005], [6.280622, 49.658108], [6.280573, 49.658195], [6.280531, 49.658264], [6.280508, 49.658306], [6.280481, 49.65835], [6.280417, 49.658463], [6.280371, 49.658535], [6.280333, 49.6586], [6.28026, 49.65872], [6.282774, 49.659103], [6.282808, 49.659107], [6.282865, 49.659115], [6.285486, 49.65941], [6.285509, 49.65953], [6.285665, 49.66039], [6.285643, 49.6634], [6.286192, 49.6644], [6.286402, 49.66478], [6.286371, 49.66477], [6.286318, 49.66476], [6.286283, 49.664757], [6.286245, 49.66476], [6.286223, 49.664772], [6.2862, 49.66478], [6.286173, 49.664776], [6.286154, 49.664764], [6.28615, 49.66475], [6.286142, 49.664738], [6.286119, 49.664734], [6.286093, 49.664738], [6.28607, 49.664753], [6.286062, 49.664776], [6.28599, 49.664803], [6.285948, 49.664806], [6.285906, 49.6648], [6.285883, 49.66479], [6.285856, 49.66476], [6.285845, 49.664757], [6.285822, 49.664757], [6.285807, 49.66476], [6.285795, 49.66477], [6.285784, 49.664783], [6.285768, 49.66479], [6.285753, 49.66479], [6.28573, 49.66478], [6.285708, 49.66475], [6.285696, 49.66474], [6.285669, 49.664722], [6.28565, 49.66472], [6.285627, 49.66472], [6.285612, 49.664726], [6.285604, 49.66474], [6.285604, 49.664776], [6.285585, 49.664787], [6.285559, 49.664795], [6.285524, 49.664787], [6.285459, 49.664783], [6.285425, 49.664772], [6.285395, 49.664757], [6.285372, 49.664753], [6.285311, 49.66476], [6.28528, 49.66477], [6.285257, 49.66477], [6.285208, 49.664757], [6.285177, 49.66474], [6.285139, 49.664726], [6.285097, 49.664722], [6.285051, 49.66472], [6.285006, 49.664726], [6.284971, 49.664726], [6.284925, 49.664722], [6.284899, 49.664707], [6.284872, 49.66469], [6.284845, 49.66468], [6.284815, 49.66468], [6.284769, 49.664692], [6.284742, 49.664707], [6.284719, 49.664715], [6.284693, 49.664715], [6.284628, 49.664696], [6.284609, 49.66468], [6.284597, 49.66464], [6.284582, 49.66463], [6.284525, 49.66463], [6.284487, 49.66464], [6.284452, 49.664665], [6.28441, 49.664692], [6.284384, 49.664703], [6.284346, 49.66471], [6.284304, 49.664707], [6.284269, 49.6647], [6.284235, 49.66469], [6.284208, 49.66469], [6.284185, 49.664684], [6.28414, 49.664684], [6.284109, 49.6647], [6.28409, 49.664715], [6.284098, 49.66474], [6.28409, 49.664753], [6.283999, 49.664764], [6.283979, 49.66476], [6.283953, 49.664753], [6.283918, 49.664745], [6.283884, 49.66475], [6.283861, 49.664757], [6.283804, 49.664783], [6.283777, 49.664776], [6.283758, 49.664776], [6.283735, 49.664787], [6.283728, 49.6648], [6.283728, 49.664818], [6.283705, 49.664814], [6.283701, 49.6648], [6.28369, 49.664787], [6.283667, 49.664783], [6.28364, 49.664795], [6.283621, 49.664818], [6.283617, 49.66484], [6.283613, 49.664875], [6.283606, 49.66489], [6.283587, 49.664906], [6.28359, 49.66492], [6.283609, 49.664936], [6.283602, 49.664948], [6.28359, 49.66495], [6.283567, 49.664948], [6.283548, 49.664936], [6.283537, 49.664894], [6.283525, 49.66488], [6.283506, 49.66487], [6.28348, 49.66487], [6.283461, 49.664883], [6.283445, 49.664944], [6.283449, 49.66497], [6.283438, 49.66499], [6.283411, 49.665005], [6.283388, 49.66501], [6.283365, 49.665012], [6.283354, 49.665005], [6.283331, 49.664963], [6.283331, 49.664944], [6.283327, 49.664932], [6.283312, 49.664925], [6.283281, 49.664925], [6.28327, 49.664932], [6.283243, 49.66498], [6.283232, 49.66499], [6.283216, 49.664986], [6.283201, 49.664974], [6.283201, 49.66496], [6.283197, 49.664944], [6.283182, 49.66494], [6.283159, 49.66494], [6.283098, 49.664948], [6.283064, 49.66495], [6.283045, 49.66495], [6.283026, 49.66494], [6.282953, 49.66492], [6.282927, 49.664917], [6.282908, 49.66492], [6.282888, 49.664936], [6.282869, 49.66495], [6.282846, 49.66495], [6.282831, 49.664948], [6.282824, 49.664936], [6.282827, 49.664917], [6.282839, 49.66488], [6.28282, 49.664875], [6.282805, 49.664886], [6.282759, 49.66491], [6.282732, 49.664917], [6.282698, 49.664917], [6.282663, 49.664913], [6.282641, 49.664906], [6.282625, 49.664894], [6.282618, 49.66486], [6.282602, 49.66485], [6.282579, 49.66484], [6.282545, 49.66484], [6.282515, 49.664845], [6.282499, 49.66484], [6.282484, 49.66483], [6.282492, 49.664787], [6.282488, 49.66477], [6.282473, 49.66476], [6.282453, 49.66476], [6.282434, 49.664764], [6.282427, 49.664783], [6.282404, 49.664795], [6.282381, 49.6648], [6.282362, 49.664795], [6.282324, 49.664772], [6.282293, 49.664757], [6.282247, 49.66475], [6.282221, 49.664745], [6.28219, 49.66473], [6.282171, 49.664726], [6.282148, 49.664734], [6.282133, 49.664745], [6.282133, 49.664783], [6.282103, 49.6648], [6.282083, 49.664795], [6.282064, 49.66478], [6.282045, 49.664772], [6.282034, 49.664783], [6.282023, 49.66479], [6.282003, 49.664795], [6.281984, 49.664787], [6.281973, 49.664776], [6.281969, 49.664757], [6.281942, 49.664745], [6.281916, 49.664745], [6.281828, 49.66478], [6.281813, 49.66478], [6.281801, 49.664764], [6.281786, 49.66476], [6.281767, 49.66476], [6.28174, 49.664772], [6.281736, 49.66481], [6.281702, 49.66482], [6.281679, 49.66482], [6.281645, 49.664814], [6.281614, 49.66481], [6.281584, 49.664814], [6.281553, 49.664825], [6.28153, 49.66483], [6.281508, 49.664825], [6.281466, 49.664814], [6.281439, 49.664814], [6.281424, 49.664825], [6.28137, 49.66483], [6.281347, 49.664837], [6.281336, 49.66485], [6.281332, 49.664864], [6.281321, 49.664864], [6.281298, 49.664867], [6.281279, 49.664864], [6.281271, 49.66485], [6.281263, 49.664795], [6.281252, 49.664772], [6.281237, 49.664757], [6.281202, 49.66474], [6.281156, 49.66473], [6.281118, 49.664734], [6.281088, 49.664745], [6.281069, 49.66476], [6.281057, 49.664783], [6.28105, 49.664795], [6.281031, 49.6648], [6.281019, 49.6648], [6.281008, 49.66479], [6.281008, 49.664764], [6.280996, 49.664757], [6.280977, 49.664757], [6.280939, 49.66477], [6.28092, 49.664772], [6.280901, 49.664776], [6.280886, 49.66477], [6.280882, 49.664757], [6.280882, 49.664703], [6.280874, 49.664692], [6.280848, 49.66468], [6.280829, 49.664677], [6.280806, 49.664684], [6.28079, 49.6647], [6.280752, 49.66477], [6.280741, 49.664776], [6.280729, 49.66478], [6.28071, 49.664772], [6.280699, 49.66475], [6.280691, 49.664738], [6.280672, 49.664726], [6.280638, 49.66472], [6.280615, 49.664715], [6.280588, 49.664703], [6.280565, 49.6647], [6.280477, 49.664707], [6.280447, 49.664707], [6.28042, 49.6647], [6.280409, 49.664692], [6.280401, 49.66468], [6.280413, 49.664665], [6.280447, 49.664646], [6.280458, 49.66463], [6.280405, 49.664616], [6.28039, 49.6646], [6.280374, 49.664593], [6.280352, 49.66459], [6.28034, 49.6646], [6.28034, 49.664616], [6.280336, 49.664635], [6.280321, 49.66464], [6.280302, 49.66463], [6.280271, 49.664608], [6.280249, 49.664597], [6.280191, 49.66459], [6.280165, 49.664593], [6.280146, 49.664604], [6.280138, 49.664616], [6.280138, 49.664635], [6.280119, 49.664646], [6.2801, 49.664642], [6.280073, 49.66463], [6.28005, 49.66461], [6.280039, 49.664604], [6.280016, 49.6646], [6.279997, 49.664604], [6.279985, 49.664616], [6.279978, 49.66463], [6.279962, 49.66464], [6.27994, 49.664642], [6.279921, 49.664635], [6.279882, 49.66461], [6.279863, 49.664604], [6.27984, 49.664608], [6.279779, 49.664627], [6.279764, 49.66464], [6.279722, 49.664715], [6.279451, 49.665215], [6.279142, 49.66578], [6.278959, 49.666107], [6.27881, 49.666378], [6.278437, 49.667015], [6.278158, 49.66747], [6.277651, 49.668427], [6.277403, 49.668888], [6.277334, 49.669014], [6.277372, 49.669014], [6.277391, 49.669018], [6.277414, 49.66902], [6.277433, 49.66903], [6.27746, 49.66904], [6.277479, 49.669044], [6.277525, 49.669044], [6.277556, 49.66904], [6.277582, 49.669025], [6.277601, 49.669006], [6.277624, 49.669], [6.277647, 49.669003], [6.277662, 49.66901], [6.277659, 49.669025], [6.277655, 49.66905], [6.27767, 49.669056], [6.277697, 49.669056], [6.277723, 49.66906], [6.277735, 49.669067], [6.277758, 49.669083], [6.277773, 49.669106], [6.27778, 49.669132], [6.277792, 49.669144], [6.277811, 49.669147], [6.277838, 49.669147], [6.277861, 49.669136], [6.27788, 49.66911], [6.277891, 49.6691], [6.27791, 49.669094], [6.277929, 49.669098], [6.277945, 49.669106], [6.277964, 49.669132], [6.277986, 49.669144], [6.278006, 49.669144], [6.278028, 49.66914], [6.278051, 49.66912], [6.27807, 49.669117], [6.278105, 49.669117], [6.278128, 49.66913], [6.278147, 49.669132], [6.278173, 49.669132], [6.2782, 49.669125], [6.278219, 49.66913], [6.278231, 49.66914], [6.278246, 49.669144], [6.278261, 49.66914], [6.278307, 49.669125], [6.278326, 49.66912], [6.278345, 49.669125], [6.27836, 49.669136], [6.27836, 49.66917], [6.278368, 49.669186], [6.278383, 49.66919], [6.278406, 49.669197], [6.278433, 49.66919], [6.27846, 49.669186], [6.278509, 49.66915], [6.278524, 49.669144], [6.278547, 49.66915], [6.278547, 49.66918], [6.278551, 49.669197], [6.278547, 49.66921], [6.278547, 49.66922], [6.278555, 49.66923], [6.278566, 49.66924], [6.278582, 49.669243], [6.278635, 49.669243], [6.278711, 49.670105], [6.278727, 49.67029], [6.278772, 49.670803], [6.278837, 49.6713], [6.278883, 49.671684], [6.27886, 49.67186], [6.278795, 49.672268], [6.278772, 49.672386], [6.278715, 49.67262], [6.278681, 49.672737], [6.278665, 49.672836], [6.278635, 49.672947], [6.278524, 49.67329], [6.278509, 49.673336], [6.278479, 49.673462], [6.278463, 49.673542], [6.27846, 49.673576], [6.278437, 49.67424], [6.278425, 49.674515], [6.278437, 49.674747], [6.278444, 49.67492], [6.278448, 49.675076], [6.278456, 49.67556], [6.278467, 49.67581], [6.278463, 49.67591], [6.278452, 49.67601], [6.278391, 49.67623], [6.278273, 49.67668], [6.278219, 49.676907], [6.278162, 49.67714], [6.278101, 49.677376], [6.278048, 49.677593], [6.278009, 49.677757], [6.277933, 49.6779], [6.277376, 49.67759], [6.277121, 49.677452], [6.276556, 49.677254], [6.276426, 49.677197], [6.276342, 49.677162], [6.276144, 49.677067], [6.275869, 49.676933], [6.275545, 49.676765], [6.275389, 49.67668], [6.275038, 49.676502], [6.274672, 49.676315], [6.274103, 49.676], [6.274305, 49.675583], [6.273642, 49.675434], [6.273645, 49.67542], [6.273169, 49.675278], [6.272482, 49.67507], [6.272417, 49.675053], [6.272097, 49.67553], [6.272009, 49.675648], [6.271868, 49.67585], [6.271856, 49.675865], [6.271707, 49.676083], [6.271578, 49.676292], [6.271483, 49.676468], [6.271387, 49.676632], [6.271208, 49.676964], [6.271341, 49.677124], [6.27117, 49.67723], [6.27075, 49.6775], [6.270353, 49.677727], [6.270025, 49.677902], [6.269865, 49.677685], [6.269705, 49.677464], [6.269598, 49.67731], [6.269438, 49.67709], [6.269094, 49.676598], [6.269026, 49.67651], [6.268805, 49.67623], [6.26874, 49.676147], [6.268705, 49.676105], [6.268553, 49.676258], [6.268412, 49.67643], [6.268377, 49.67649], [6.268362, 49.67652], [6.268351, 49.67657], [6.268339, 49.676647], [6.26832, 49.67681], [6.268305, 49.676895], [6.26829, 49.676964], [6.268206, 49.677193], [6.268129, 49.67739], [6.268068, 49.677536], [6.268011, 49.677647], [6.267988, 49.677685], [6.267805, 49.67791], [6.267778, 49.677948], [6.267763, 49.678017], [6.267767, 49.67824], [6.267759, 49.678616], [6.267748, 49.678917], [6.267733, 49.679024], [6.267691, 49.679207], [6.267633, 49.67941], [6.267561, 49.679676], [6.267519, 49.679817], [6.267485, 49.67996], [6.267466, 49.6801], [6.267447, 49.6803], [6.267416, 49.680634], [6.267416, 49.680717], [6.267408, 49.68091], [6.267401, 49.68098], [6.267389, 49.68101], [6.267332, 49.68106], [6.267233, 49.681133], [6.266939, 49.68134], [6.266596, 49.681587], [6.266417, 49.681725], [6.266184, 49.68192], [6.265955, 49.682133], [6.265886, 49.682213], [6.265703, 49.682438], [6.265406, 49.6828], [6.265188, 49.683064], [6.264997, 49.68327], [6.264795, 49.68349], [6.26454, 49.683765], [6.26446, 49.683838], [6.264307, 49.683937], [6.264177, 49.68402], [6.264082, 49.684067], [6.26401, 49.68409], [6.263956, 49.6841], [6.263899, 49.68411], [6.263834, 49.68412], [6.263838, 49.684147], [6.263865, 49.68439], [6.263708, 49.684383], [6.263285, 49.684345], [6.263174, 49.684326], [6.262991, 49.68428], [6.262716, 49.68422], [6.262178, 49.684097], [6.261889, 49.6842], [6.26156, 49.684307], [6.261332, 49.684383], [6.261145, 49.68445], [6.261126, 49.684464], [6.261038, 49.68454], [6.260965, 49.684605], [6.260885, 49.684673], [6.260805, 49.684742], [6.259985, 49.684944], [6.259489, 49.685318], [6.259298, 49.685455], [6.259134, 49.68556], [6.259001, 49.685642], [6.258856, 49.685726], [6.25878, 49.685772], [6.258654, 49.68583], [6.258478, 49.685898], [6.25828, 49.685963], [6.258085, 49.68603], [6.257982, 49.68607], [6.257902, 49.686092], [6.257856, 49.686108], [6.257544, 49.686287], [6.257219, 49.685936], [6.257124, 49.68584], [6.257036, 49.685753], [6.256998, 49.68571], [6.256937, 49.685654], [6.256872, 49.685608], [6.256811, 49.68557], [6.256708, 49.685513], [6.256525, 49.685432], [6.25635, 49.685375], [6.256044, 49.685272], [6.255537, 49.685535], [6.25503, 49.68536], [6.254656, 49.685234], [6.254431, 49.685165], [6.25395, 49.685047], [6.25358, 49.68495], [6.253401, 49.684902], [6.25329, 49.684868], [6.253038, 49.685123], [6.252962, 49.685123], [6.252878, 49.685127], [6.252783, 49.685127], [6.252749, 49.685104], [6.252268, 49.684757], [6.252218, 49.684723], [6.252165, 49.68469], [6.252047, 49.68469], [6.251711, 49.6847], [6.251478, 49.684704], [6.251203, 49.684708], [6.251036, 49.684715], [6.250826, 49.684723], [6.250421, 49.68473], [6.250082, 49.68469], [6.249903, 49.684654], [6.249548, 49.684624], [6.249517, 49.68462], [6.249445, 49.684616], [6.249441, 49.684673], [6.249437, 49.68478], [6.249407, 49.684902], [6.249357, 49.685036], [6.249258, 49.685207], [6.249201, 49.685287], [6.249124, 49.68538], [6.249041, 49.685455], [6.24888, 49.685604], [6.248705, 49.68576], [6.248453, 49.685593], [6.248423, 49.685585], [6.247938, 49.68542], [6.247892, 49.68541], [6.24785, 49.685394], [6.24769, 49.685356], [6.247534, 49.685314], [6.247465, 49.6853], [6.247408, 49.685284], [6.247278, 49.68526], [6.247148, 49.68524], [6.246817, 49.685184], [6.245874, 49.685055], [6.245604, 49.68501], [6.245298, 49.684944], [6.244703, 49.684807], [6.244635, 49.68479], [6.244371, 49.68473], [6.2437, 49.68457], [6.242811, 49.684357], [6.242556, 49.6843], [6.242342, 49.68425], [6.241621, 49.68408], [6.241137, 49.683964], [6.241198, 49.684067], [6.241198, 49.68418], [6.241163, 49.684174], [6.239988, 49.683933], [6.239485, 49.683823], [6.239077, 49.683716], [6.238832, 49.683655], [6.238634, 49.683598], [6.238485, 49.68355], [6.238317, 49.683506], [6.238169, 49.68347], [6.237825, 49.68341], [6.237715, 49.683395], [6.237471, 49.683384], [6.237299, 49.683384], [6.237158, 49.683388], [6.23707, 49.683395], [6.236643, 49.68347], [6.236219, 49.683567], [6.235842, 49.68365], [6.235453, 49.68372], [6.235361, 49.683838], [6.235258, 49.683968], [6.23501, 49.684284], [6.234316, 49.685177], [6.234274, 49.685238], [6.234022, 49.685234], [6.233728, 49.68522], [6.233492, 49.685207], [6.233267, 49.685184], [6.233038, 49.685158], [6.232817, 49.685123], [6.232538, 49.685062], [6.232348, 49.685017], [6.231985, 49.684925], [6.231806, 49.684868], [6.231752, 49.68485], [6.23176, 49.684868], [6.2316, 49.684883], [6.231276, 49.684933], [6.231184, 49.684944], [6.231008, 49.684967], [6.230902, 49.684982], [6.230719, 49.685005], [6.230631, 49.685017], [6.230448, 49.68504], [6.230257, 49.685062], [6.229868, 49.685097], [6.229334, 49.685143], [6.229151, 49.685158], [6.228575, 49.6852], [6.22846, 49.685207], [6.228304, 49.68522], [6.227778, 49.68525], [6.227739, 49.68525], [6.227419, 49.685154], [6.22735, 49.68516], [6.227018, 49.6852], [6.226786, 49.685253], [6.226633, 49.68526], [6.226442, 49.68525], [6.226271, 49.68523], [6.226007, 49.685192], [6.225969, 49.685184], [6.225729, 49.68514], [6.225634, 49.685116], [6.225382, 49.685055], [6.225287, 49.685024], [6.2251, 49.68484], [6.22492, 49.684624], [6.224749, 49.684353], [6.22468, 49.68421], [6.224646, 49.68415], [6.22455, 49.683964], [6.224298, 49.68343], [6.224245, 49.683434], [6.224184, 49.68344], [6.224123, 49.68345], [6.22407, 49.683456], [6.223925, 49.68347], [6.223867, 49.68348], [6.223574, 49.683514], [6.223539, 49.683807], [6.223825, 49.684387], [6.223337, 49.684467], [6.223005, 49.684517], [6.222967, 49.684525], [6.223104, 49.684914], [6.223345, 49.685574], [6.222662, 49.68551], [6.222437, 49.685486], [6.222238, 49.685463], [6.220949, 49.685307], [6.22035, 49.685234], [6.219847, 49.685192], [6.219568, 49.685173], [6.219076, 49.685146], [6.218954, 49.685143], [6.218561, 49.68513], [6.218142, 49.685112], [6.21784, 49.685085], [6.217558, 49.685043], [6.217283, 49.684986], [6.217161, 49.684975], [6.216227, 49.6849], [6.215456, 49.68483], [6.215288, 49.684814], [6.214952, 49.684784], [6.214853, 49.684902], [6.214723, 49.684896], [6.214773, 49.684998], [6.21475, 49.685024], [6.214483, 49.685364], [6.214201, 49.685722], [6.214289, 49.686012], [6.214373, 49.6863], [6.214434, 49.686493], [6.214479, 49.686623], [6.214251, 49.687076], [6.214008, 49.687486], [6.213763, 49.687644], [6.213388, 49.688015], [6.213316, 49.688118], [6.213179, 49.688316], [6.213099, 49.688435], [6.212992, 49.688496], [6.212873, 49.688689], [6.212393, 49.688835], [6.212015, 49.68906], [6.211725, 49.689026], [6.211058, 49.688953], [6.210497, 49.688885], [6.210329, 49.688866], [6.209234, 49.688732], [6.207739, 49.68855], [6.207601, 49.688534], [6.206751, 49.68843], [6.205893, 49.68832], [6.20471, 49.68816], [6.204382, 49.688118], [6.204328, 49.688114], [6.203524, 49.688156], [6.2031, 49.688175], [6.202089, 49.688225], [6.201296, 49.688263], [6.201185, 49.688267], [6.200884, 49.68828], [6.20035, 49.688297], [6.20019, 49.688305], [6.199999, 49.688305], [6.199133, 49.688293], [6.198149, 49.688274], [6.197741, 49.688263], [6.197378, 49.688175], [6.196276, 49.68791], [6.196283, 49.68789], [6.196348, 49.68765], [6.196466, 49.687202], [6.196573, 49.68682], [6.196692, 49.68637], [6.197023, 49.6862], [6.19808, 49.685673], [6.198603, 49.684753], [6.197668, 49.684357], [6.19731, 49.68421], [6.196341, 49.68381], [6.195375, 49.683403], [6.194658, 49.68311], [6.19372, 49.68271], [6.193396, 49.682888], [6.193296, 49.682945], [6.193159, 49.683018], [6.193003, 49.683098], [6.192812, 49.683193], [6.192694, 49.683243], [6.192621, 49.683273], [6.192541, 49.683315], [6.192457, 49.68336], [6.191931, 49.683598], [6.191355, 49.683865], [6.190851, 49.6841], [6.190565, 49.684235], [6.190229, 49.684258], [6.189997, 49.684273], [6.189444, 49.684322], [6.188745, 49.68438], [6.188536, 49.6844], [6.188253, 49.684418], [6.188021, 49.684437], [6.187765, 49.68446], [6.187765, 49.684486], [6.18619, 49.68447], [6.185053, 49.684464], [6.183924, 49.684418], [6.182913, 49.684387], [6.18252, 49.684383], [6.18199, 49.6844], [6.181467, 49.68439], [6.181051, 49.684376], [6.180986, 49.684254], [6.180895, 49.684265], [6.180819, 49.684177], [6.180593, 49.683937], [6.180334, 49.683662], [6.179709, 49.683613], [6.179686, 49.683613], [6.179705, 49.683697], [6.179712, 49.683884], [6.179693, 49.683933], [6.179689, 49.683968], [6.179693, 49.684], [6.179709, 49.684025], [6.179735, 49.684055], [6.17975, 49.68409], [6.179754, 49.68413], [6.179754, 49.684162], [6.179766, 49.68419], [6.179777, 49.684208], [6.179796, 49.684227], [6.179827, 49.684246], [6.179869, 49.684254], [6.179914, 49.684277], [6.179945, 49.684303], [6.17996, 49.68434], [6.179964, 49.684364], [6.179953, 49.684395], [6.179933, 49.68441], [6.179888, 49.68443], [6.179853, 49.68445], [6.179827, 49.684475], [6.179808, 49.684517], [6.179617, 49.68452], [6.17943, 49.684532], [6.179323, 49.684555], [6.179163, 49.68461], [6.179049, 49.684654], [6.17898, 49.684708], [6.178965, 49.684723], [6.178987, 49.684765], [6.179136, 49.685074], [6.179602, 49.68599], [6.179754, 49.6863], [6.179831, 49.686447], [6.179869, 49.686523], [6.179827, 49.686528], [6.179674, 49.686546], [6.179602, 49.686554], [6.179483, 49.68657], [6.179399, 49.68658], [6.179281, 49.686596], [6.179171, 49.68661], [6.179068, 49.686626], [6.178835, 49.686665], [6.17877, 49.686672], [6.178652, 49.68669], [6.178553, 49.686707], [6.178476, 49.686714], [6.178389, 49.68672], [6.178236, 49.686733], [6.178114, 49.686733], [6.177992, 49.686737], [6.177694, 49.686745], [6.177336, 49.68675], [6.177027, 49.686756], [6.176718, 49.686764], [6.176619, 49.686764], [6.176401, 49.686775], [6.176222, 49.686787], [6.17605, 49.686802], [6.175863, 49.68682], [6.175673, 49.686844], [6.175592, 49.68685], [6.175634, 49.68678], [6.175684, 49.68669], [6.175253, 49.68669], [6.174932, 49.686687], [6.174734, 49.686565], [6.174433, 49.686375], [6.174105, 49.68617], [6.174036, 49.686123], [6.173769, 49.685947], [6.173662, 49.685886], [6.173605, 49.685852], [6.173563, 49.685825], [6.173494, 49.685772], [6.173414, 49.6857], [6.173368, 49.685654], [6.17322, 49.685535], [6.173017, 49.68556], [6.172674, 49.685596], [6.17227, 49.68565], [6.171514, 49.68574], [6.170626, 49.685852], [6.17013, 49.685913], [6.169664, 49.685974], [6.169298, 49.68602], [6.169081, 49.685963], [6.169031, 49.68595], [6.168737, 49.68613], [6.168096, 49.686455], [6.167818, 49.686592], [6.167501, 49.68672], [6.166998, 49.686916], [6.167017, 49.686943], [6.167208, 49.687054], [6.167795, 49.687347], [6.168001, 49.687447], [6.168119, 49.687492], [6.168959, 49.687748], [6.169626, 49.687946], [6.169882, 49.688007], [6.170435, 49.688126], [6.170603, 49.688175], [6.170813, 49.688244], [6.170992, 49.688305], [6.171297, 49.688427], [6.171503, 49.688507], [6.171846, 49.688663], [6.172316, 49.688873], [6.172968, 49.68917], [6.173193, 49.689255], [6.173468, 49.689354], [6.173807, 49.689438], [6.174154, 49.689495], [6.174421, 49.68952], [6.174704, 49.689537], [6.174978, 49.68954], [6.175226, 49.689545], [6.175398, 49.68954], [6.175455, 49.68954], [6.175604, 49.68955], [6.175695, 49.689552], [6.176092, 49.689495], [6.176325, 49.689453], [6.176428, 49.689434], [6.176554, 49.689407], [6.176668, 49.68938], [6.176802, 49.68935], [6.176931, 49.689312], [6.177027, 49.68928], [6.177065, 49.689266], [6.177153, 49.689236], [6.177317, 49.68939], [6.177347, 49.689415], [6.177504, 49.68956], [6.177572, 49.689625], [6.177618, 49.68967], [6.177675, 49.68972], [6.177896, 49.689934], [6.178026, 49.69001], [6.178156, 49.690083], [6.178205, 49.69011], [6.178419, 49.690224], [6.178602, 49.69032], [6.178663, 49.690353], [6.178896, 49.690475], [6.179079, 49.690575], [6.179354, 49.69038], [6.179487, 49.69029], [6.179647, 49.690174], [6.179777, 49.690086], [6.179836, 49.690043], [6.179861, 49.690025], [6.180231, 49.690216], [6.180426, 49.69032], [6.180597, 49.69043], [6.180746, 49.69053], [6.180899, 49.690643], [6.180983, 49.690723], [6.181074, 49.69083], [6.181139, 49.690926], [6.1812, 49.69104], [6.181227, 49.691135], [6.181234, 49.691208], [6.181238, 49.69126], [6.181234, 49.691326], [6.181219, 49.691395], [6.181189, 49.691475], [6.181158, 49.691536], [6.18112, 49.69159], [6.181108, 49.691605], [6.18099, 49.69177], [6.181055, 49.69183], [6.181166, 49.691906], [6.181498, 49.692142], [6.18162, 49.69223], [6.181936, 49.692455], [6.182077, 49.692554], [6.182924, 49.693153], [6.18265, 49.693302], [6.182459, 49.6934], [6.182234, 49.693527], [6.182066, 49.69363], [6.181833, 49.693794], [6.181784, 49.693832], [6.181726, 49.693874], [6.181589, 49.693985], [6.181437, 49.694115], [6.181131, 49.69436], [6.181067, 49.694405], [6.180551, 49.694748], [6.180441, 49.69483], [6.180342, 49.69491], [6.180254, 49.69499], [6.180166, 49.695076], [6.180101, 49.695145], [6.180071, 49.695187], [6.179964, 49.69532], [6.179911, 49.6954], [6.179857, 49.695496], [6.179823, 49.69556], [6.179304, 49.69598], [6.179075, 49.696167], [6.17959, 49.69642], [6.180502, 49.69685], [6.181078, 49.69712], [6.181017, 49.69719], [6.181154, 49.697235], [6.181265, 49.69726], [6.181368, 49.69728], [6.181482, 49.69729], [6.181555, 49.69729], [6.181688, 49.697277], [6.181749, 49.697266], [6.181833, 49.697258], [6.181902, 49.697254], [6.181978, 49.697258], [6.182043, 49.69727], [6.182108, 49.697285], [6.182165, 49.697315], [6.182253, 49.697346], [6.182356, 49.69736], [6.182501, 49.69737], [6.182585, 49.697388], [6.182657, 49.697426], [6.182753, 49.6975], [6.182836, 49.697582], [6.18289, 49.697613], [6.182962, 49.697662], [6.183035, 49.697735], [6.183081, 49.697803], [6.183104, 49.69782], [6.183146, 49.697838], [6.18321, 49.697845], [6.183317, 49.697865], [6.183461, 49.697914], [6.18354, 49.697941], [6.183596, 49.69796], [6.183836, 49.698166], [6.183851, 49.698307], [6.184019, 49.698368], [6.184133, 49.69842], [6.18424, 49.69848], [6.18437, 49.69857], [6.184488, 49.698673], [6.184561, 49.698742], [6.184693, 49.698739], [6.184915, 49.698734], [6.184973, 49.69876], [6.185045, 49.69896], [6.185053, 49.698997], [6.185022, 49.6991], [6.184984, 49.699104], [6.184946, 49.699116], [6.184942, 49.699127], [6.184961, 49.69916], [6.185015, 49.699226], [6.185179, 49.699406], [6.185255, 49.699577], [6.185263, 49.69961], [6.185255, 49.69963], [6.185068, 49.699886], [6.184915, 49.700096], [6.184797, 49.700253], [6.184652, 49.700455], [6.184588, 49.700542], [6.184549, 49.7006], [6.184511, 49.700645], [6.184362, 49.700836], [6.183817, 49.70148], [6.183779, 49.701515], [6.183748, 49.701546], [6.184149, 49.701824], [6.184294, 49.701927], [6.184889, 49.702335], [6.184961, 49.702526], [6.185053, 49.702763], [6.185076, 49.702827], [6.18511, 49.70291], [6.185133, 49.702976], [6.185225, 49.70322], [6.18545, 49.70412], [6.185453, 49.704155], [6.185526, 49.704487], [6.185579, 49.704643], [6.185625, 49.70478], [6.185736, 49.70494], [6.185846, 49.705086], [6.186052, 49.705307], [6.186247, 49.70549], [6.186491, 49.705685], [6.186674, 49.705822], [6.186899, 49.705975], [6.186995, 49.706036], [6.187231, 49.706184], [6.187075, 49.706326], [6.187029, 49.706367], [6.186792, 49.706585], [6.186735, 49.70664], [6.186449, 49.706917], [6.186369, 49.70699], [6.186209, 49.70714], [6.18614, 49.707207], [6.186136, 49.707226], [6.185926, 49.708042], [6.185957, 49.70818], [6.185987, 49.708305], [6.186022, 49.70846], [6.186113, 49.708565], [6.186472, 49.70898], [6.186781, 49.709312], [6.186796, 49.70933], [6.186789, 49.709476], [6.186789, 49.709534], [6.186785, 49.709682], [6.186785, 49.709763], [6.186777, 49.70996], [6.186777, 49.710102], [6.186789, 49.71019], [6.186819, 49.710278], [6.18688, 49.710472], [6.187021, 49.71091], [6.187067, 49.711056], [6.18701, 49.71118], [6.18696, 49.711304], [6.186911, 49.711422], [6.186838, 49.711605], [6.186815, 49.71167], [6.186804, 49.712337], [6.1868, 49.712894], [6.186514, 49.713528], [6.186365, 49.713627], [6.185953, 49.713913], [6.185541, 49.714195], [6.185472, 49.714237], [6.185206, 49.714397], [6.185015, 49.714508], [6.184893, 49.71458], [6.18516, 49.71471], [6.185709, 49.714993], [6.186266, 49.715275], [6.186564, 49.715424], [6.187319, 49.71579], [6.18791, 49.71608], [6.188059, 49.716152], [6.188478, 49.71636], [6.188951, 49.71659], [6.189001, 49.716618], [6.189055, 49.71664], [6.189184, 49.716705], [6.189394, 49.716812], [6.189451, 49.71684], [6.189737, 49.716972], [6.1905, 49.717304], [6.19084, 49.717453], [6.191381, 49.717686], [6.191919, 49.717922], [6.19235, 49.718113], [6.192373, 49.718124], [6.192392, 49.718132], [6.192423, 49.718143], [6.193094, 49.71844], [6.193136, 49.718464], [6.193502, 49.718624], [6.193514, 49.718628], [6.193582, 49.718662], [6.19441, 49.719032], [6.194857, 49.719227], [6.195085, 49.719326], [6.195379, 49.719456], [6.195948, 49.7197], [6.196207, 49.719723], [6.196436, 49.719734], [6.196711, 49.719746], [6.197058, 49.71976], [6.197416, 49.719776], [6.197752, 49.7198], [6.197905, 49.719814], [6.198072, 49.71983], [6.198275, 49.71984], [6.198576, 49.719852], [6.198732, 49.71986], [6.19882, 49.71987], [6.198969, 49.7199], [6.199072, 49.719925], [6.199305, 49.719994], [6.19945, 49.72004], [6.199655, 49.720116], [6.199835, 49.720184], [6.200022, 49.72027], [6.200132, 49.720318], [6.200235, 49.720356], [6.20038, 49.7204], [6.200506, 49.720448], [6.20072, 49.720524], [6.200979, 49.720608], [6.201189, 49.720673], [6.20138, 49.720722], [6.201551, 49.720768], [6.201601, 49.720783], [6.201662, 49.72081], [6.201796, 49.72086], [6.201895, 49.720882], [6.202169, 49.72092], [6.202265, 49.72094], [6.202394, 49.72097], [6.202543, 49.721], [6.202661, 49.72102], [6.202898, 49.72102], [6.203001, 49.721024], [6.203051, 49.72102], [6.203066, 49.72102], [6.203058, 49.721035], [6.202978, 49.721172], [6.202803, 49.721485], [6.202581, 49.721912], [6.202249, 49.722248], [6.201925, 49.722572], [6.201902, 49.72262], [6.201902, 49.72265], [6.201914, 49.722767], [6.201944, 49.723045], [6.201948, 49.723263], [6.201963, 49.723267], [6.202383, 49.723392], [6.202604, 49.723454], [6.20289, 49.72353], [6.202997, 49.723553], [6.204447, 49.7238], [6.204428, 49.723835], [6.204413, 49.72387], [6.204199, 49.72432], [6.204222, 49.72433], [6.204599, 49.724464], [6.204657, 49.724487], [6.204695, 49.724506], [6.20476, 49.724537], [6.204809, 49.724564], [6.204863, 49.724598], [6.204947, 49.72466], [6.205011, 49.72471], [6.205118, 49.72479], [6.205389, 49.72499], [6.205454, 49.725033], [6.205542, 49.725086], [6.205687, 49.72517], [6.205782, 49.725212], [6.205851, 49.72524], [6.205908, 49.725266], [6.205999, 49.7253], [6.206247, 49.725403], [6.205744, 49.726376], [6.205675, 49.726498], [6.207251, 49.72736], [6.207327, 49.727398], [6.20743, 49.727448], [6.208425, 49.727882], [6.209513, 49.728107], [6.209547, 49.728115], [6.209833, 49.728172], [6.210241, 49.728245], [6.210531, 49.72829], [6.210993, 49.728348], [6.2111, 49.728355], [6.211237, 49.72837], [6.211302, 49.728374], [6.211348, 49.728374], [6.211431, 49.72838], [6.211893, 49.728397], [6.21208, 49.7284], [6.21266, 49.728527], [6.212976, 49.728622], [6.213614, 49.728825], [6.214029, 49.72937], [6.213949, 49.72991], [6.214125, 49.730015], [6.215094, 49.73061], [6.216204, 49.731262], [6.216429, 49.731445], [6.216707, 49.731667], [6.216997, 49.73191], [6.217302, 49.732174], [6.217402, 49.732254], [6.217771, 49.732407], [6.218248, 49.732594], [6.218794, 49.732807], [6.219896, 49.733685], [6.220114, 49.73385], [6.220179, 49.733917], [6.220331, 49.734108], [6.220499, 49.734306], [6.220537, 49.734356], [6.220594, 49.73445], [6.220762, 49.73475], [6.220762, 49.734814], [6.220747, 49.73498], [6.220735, 49.73505], [6.220728, 49.73509], [6.220735, 49.73512], [6.220758, 49.735172], [6.220854, 49.735348], [6.221422, 49.735313], [6.221827, 49.736107], [6.221987, 49.73643], [6.222055, 49.73652], [6.222166, 49.73676], [6.222567, 49.737534], [6.222567, 49.73779], [6.222609, 49.73804], [6.222719, 49.73859], [6.222803, 49.738914], [6.223036, 49.739292], [6.223028, 49.73932], [6.223127, 49.73946], [6.224295, 49.741127], [6.224474, 49.74133], [6.224661, 49.741543], [6.224909, 49.741833], [6.225096, 49.74205], [6.225302, 49.742287], [6.225302, 49.742603], [6.225306, 49.74271], [6.225313, 49.74285], [6.225321, 49.742935], [6.225325, 49.743], [6.225344, 49.7432], [6.225363, 49.743313], [6.225374, 49.743362], [6.225405, 49.743492], [6.22542, 49.74355], [6.225534, 49.744026], [6.22558, 49.744205], [6.225614, 49.74437], [6.225637, 49.74449], [6.225649, 49.744545], [6.22566, 49.744625], [6.225691, 49.74482], [6.225729, 49.745132], [6.225779, 49.74549], [6.225794, 49.745575], [6.225809, 49.745636], [6.225824, 49.745686], [6.225855, 49.74575], [6.22603, 49.74605], [6.226145, 49.746254], [6.226202, 49.746357], [6.226233, 49.746407], [6.226255, 49.746456], [6.226259, 49.746487], [6.226252, 49.746513], [6.22624, 49.746544], [6.226206, 49.74662], [6.226172, 49.74668], [6.226118, 49.746746], [6.226088, 49.746777], [6.226034, 49.746807], [6.225946, 49.746845], [6.225977, 49.74694], [6.226015, 49.747055], [6.226057, 49.747128], [6.226099, 49.747192], [6.226152, 49.74726], [6.226263, 49.747387], [6.226492, 49.747646], [6.226561, 49.74772], [6.226698, 49.747875], [6.226908, 49.74811], [6.227095, 49.748318], [6.227263, 49.7485], [6.2274, 49.748653], [6.227426, 49.748856], [6.227484, 49.74914], [6.227503, 49.74926], [6.227522, 49.74936], [6.227533, 49.74944], [6.227587, 49.74972], [6.227869, 49.74955], [6.228193, 49.749332], [6.228231, 49.749073], [6.228487, 49.748894], [6.229067, 49.748447], [6.229219, 49.74835], [6.22938, 49.748253], [6.229498, 49.748188], [6.229864, 49.74799], [6.230146, 49.74784], [6.230284, 49.747765], [6.230681, 49.747543], [6.230741, 49.747536], [6.230932, 49.747627], [6.231363, 49.74759], [6.232115, 49.74752], [6.232386, 49.747498], [6.233007, 49.74746], [6.233793, 49.747417], [6.234091, 49.747402], [6.234259, 49.74739], [6.234388, 49.74738], [6.23472, 49.74736], [6.23506, 49.747337], [6.235365, 49.74732], [6.235838, 49.74725], [6.23641, 49.747166], [6.236864, 49.747105], [6.23712, 49.747066], [6.237249, 49.747044], [6.23736, 49.74702], [6.23749, 49.746986], [6.237623, 49.746952], [6.237753, 49.746914], [6.238119, 49.746803], [6.238317, 49.746746], [6.238569, 49.746677], [6.23868, 49.746643], [6.23889, 49.746586], [6.238989, 49.746563], [6.23921, 49.746517], [6.239477, 49.746464], [6.24032, 49.74631], [6.240934, 49.746197], [6.241243, 49.746147], [6.241365, 49.74613], [6.241621, 49.746105], [6.242132, 49.746063], [6.242521, 49.746033], [6.242666, 49.74602], [6.242975, 49.746006], [6.243231, 49.746], [6.243452, 49.74599], [6.243978, 49.74597], [6.244379, 49.745956], [6.244833, 49.745945], [6.245142, 49.74593], [6.245287, 49.745926], [6.245443, 49.74592], [6.245504, 49.745914], [6.245611, 49.745914], [6.246328, 49.745884], [6.246729, 49.745865], [6.246824, 49.745865], [6.247088, 49.745857], [6.247145, 49.745853], [6.247236, 49.745853], [6.247553, 49.74584], [6.247892, 49.7458], [6.248434, 49.745728], [6.249083, 49.745605], [6.249235, 49.745537], [6.249411, 49.745464], [6.249605, 49.745396], [6.249842, 49.745304], [6.250166, 49.7452], [6.250269, 49.74518], [6.250376, 49.74516], [6.25049, 49.74514], [6.250643, 49.74512], [6.250822, 49.745106], [6.250879, 49.745102], [6.251207, 49.745083], [6.251753, 49.745075], [6.252417, 49.745075], [6.252661, 49.745083], [6.252878, 49.745087], [6.252955, 49.74509], [6.25313, 49.745094], [6.253519, 49.745113], [6.253782, 49.745125], [6.254328, 49.745155], [6.254717, 49.745174], [6.254988, 49.74519], [6.255018, 49.74519], [6.255022, 49.745064], [6.255076, 49.745068], [6.255339, 49.74509], [6.255598, 49.745113], [6.256254, 49.745163], [6.256369, 49.745174], [6.256945, 49.74522], [6.257074, 49.745224], [6.257166, 49.745224], [6.257196, 49.745228], [6.257303, 49.745228], [6.257765, 49.74523], [6.258047, 49.745235], [6.258108, 49.745235], [6.258455, 49.745266], [6.258661, 49.745277], [6.258745, 49.745285], [6.258875, 49.745296], [6.258959, 49.7453], [6.259069, 49.745308], [6.259298, 49.745316], [6.25952, 49.74532], [6.260118, 49.745335], [6.260298, 49.74534], [6.260488, 49.74535], [6.260721, 49.745365], [6.261045, 49.74539], [6.26156, 49.745426], [6.262007, 49.74529], [6.262137, 49.745247], [6.262609, 49.7451], [6.262987, 49.744984], [6.263205, 49.744915], [6.263357, 49.74485], [6.263632, 49.74468], [6.263964, 49.744476], [6.264299, 49.744263], [6.264337, 49.74425], [6.26441, 49.74432], [6.26483, 49.74426], [6.26486, 49.744255], [6.264933, 49.74432], [6.264929, 49.74437], [6.264925, 49.744442], [6.264952, 49.7445], [6.265024, 49.744545], [6.265196, 49.74462], [6.265245, 49.744656], [6.265264, 49.744705], [6.265257, 49.744774], [6.265234, 49.744858], [6.265177, 49.74495], [6.2651, 49.74506], [6.264963, 49.745224], [6.264875, 49.745315], [6.264837, 49.745354], [6.264788, 49.745415], [6.264772, 49.745476], [6.264814, 49.745533], [6.264894, 49.74558], [6.264914, 49.74561], [6.264936, 49.745686], [6.26499, 49.74579], [6.265104, 49.745953], [6.265173, 49.746063], [6.265184, 49.746124], [6.265192, 49.74618], [6.265165, 49.74623], [6.265154, 49.746265], [6.265181, 49.746296], [6.2652, 49.746326], [6.2652, 49.746357], [6.265161, 49.746403], [6.265116, 49.746452], [6.2651, 49.746506], [6.26512, 49.746544], [6.26515, 49.74658], [6.265215, 49.746593], [6.265249, 49.746593], [6.265409, 49.7466], [6.265505, 49.74661], [6.2656, 49.74664], [6.265661, 49.746674], [6.265707, 49.746708], [6.265738, 49.746754], [6.265741, 49.7468], [6.265715, 49.746857], [6.265665, 49.74692], [6.265619, 49.74698], [6.265531, 49.747044], [6.265497, 49.747074], [6.26549, 49.74712], [6.265497, 49.747177], [6.265516, 49.74727], [6.265547, 49.747353], [6.265585, 49.747463], [6.265634, 49.74756], [6.26568, 49.747616], [6.265753, 49.747684], [6.265822, 49.74775], [6.265936, 49.74787], [6.265963, 49.747913], [6.266005, 49.748047], [6.266024, 49.74808], [6.266062, 49.748127], [6.266176, 49.748238], [6.266245, 49.748302], [6.266321, 49.748352], [6.26639, 49.7484], [6.266428, 49.74844], [6.266462, 49.74848], [6.266489, 49.74851], [6.266523, 49.748535], [6.266592, 49.74856], [6.26668, 49.74859], [6.266714, 49.748608], [6.266768, 49.748646], [6.266809, 49.748688], [6.266836, 49.748737], [6.266855, 49.74878], [6.266874, 49.748802], [6.266913, 49.74884], [6.267012, 49.748913], [6.267153, 49.749004], [6.267221, 49.749023], [6.267351, 49.749065], [6.267454, 49.749115], [6.267668, 49.74921], [6.267775, 49.74927], [6.267878, 49.749344], [6.267981, 49.749424], [6.268061, 49.749493], [6.268126, 49.749554], [6.268194, 49.749615], [6.26829, 49.74969], [6.268393, 49.749756], [6.268545, 49.749844], [6.268736, 49.749977], [6.269068, 49.75023], [6.269464, 49.750526], [6.269526, 49.75058], [6.269583, 49.750652], [6.269628, 49.75072], [6.269671, 49.750774], [6.269697, 49.750805], [6.269777, 49.750877], [6.269896, 49.75098], [6.270029, 49.751095], [6.270212, 49.75126], [6.270334, 49.751366], [6.270666, 49.75168], [6.270819, 49.751854], [6.270899, 49.75194], [6.271238, 49.75225], [6.271494, 49.752506], [6.271696, 49.752743], [6.271898, 49.752995], [6.271952, 49.753082], [6.27199, 49.753174], [6.272005, 49.753277], [6.271994, 49.753437], [6.271921, 49.75372], [6.271868, 49.753944], [6.271807, 49.754074], [6.27162, 49.75431], [6.271483, 49.754524], [6.27146, 49.754597], [6.271452, 49.75467], [6.27149, 49.754757], [6.27157, 49.75483], [6.271692, 49.75492], [6.271818, 49.754997], [6.271948, 49.75506], [6.272119, 49.755146], [6.272207, 49.755226], [6.272261, 49.755333], [6.27231, 49.75545], [6.272425, 49.75556], [6.272478, 49.755634], [6.27247, 49.755733], [6.272417, 49.755848], [6.272375, 49.755947], [6.27236, 49.75602], [6.272356, 49.7561], [6.272364, 49.75624], [6.272364, 49.7563], [6.272379, 49.756405], [6.272375, 49.75644], [6.272364, 49.75656], [6.272387, 49.756676], [6.272383, 49.756737], [6.272409, 49.756844], [6.272398, 49.7571], [6.272383, 49.75728], [6.272379, 49.757347], [6.272409, 49.757416], [6.272489, 49.75747], [6.272646, 49.7575], [6.272722, 49.75751], [6.272783, 49.7575], [6.272871, 49.757484], [6.272974, 49.757492], [6.273153, 49.75753], [6.273268, 49.75758], [6.273325, 49.757626], [6.273367, 49.75765], [6.273642, 49.757717], [6.274076, 49.757812], [6.27426, 49.757847], [6.274359, 49.757854], [6.274492, 49.757885], [6.274706, 49.757977], [6.27479, 49.757996], [6.274935, 49.75801], [6.275186, 49.75806], [6.275309, 49.758076], [6.27553, 49.758152], [6.275633, 49.758217], [6.275652, 49.758244], [6.275682, 49.758316], [6.275724, 49.758392], [6.275782, 49.758476], [6.27582, 49.75858], [6.275869, 49.758648], [6.275984, 49.758755], [6.276117, 49.75883], [6.276255, 49.758945], [6.276434, 49.759132], [6.276537, 49.75925], [6.276564, 49.759308], [6.276567, 49.75935], [6.27656, 49.75939], [6.276655, 49.759567], [6.27677, 49.75976], [6.27688, 49.75988], [6.276999, 49.75994], [6.277067, 49.75997], [6.277136, 49.760006], [6.277185, 49.76006], [6.277197, 49.760113], [6.277182, 49.760185], [6.277182, 49.76025], [6.277208, 49.76031], [6.277227, 49.7604], [6.277224, 49.760445], [6.277197, 49.76056], [6.277212, 49.7606], [6.277296, 49.760757], [6.277403, 49.76092], [6.277491, 49.761024], [6.277708, 49.76121], [6.277838, 49.76127], [6.277986, 49.76135], [6.278078, 49.761402], [6.278086, 49.76145], [6.278112, 49.76157], [6.278151, 49.76175], [6.278204, 49.761875], [6.278295, 49.76205], [6.278326, 49.762085], [6.278383, 49.7621], [6.278479, 49.762104], [6.278696, 49.762085], [6.278776, 49.762085], [6.278841, 49.762108], [6.278879, 49.762142], [6.278894, 49.762173], [6.278879, 49.76224], [6.278887, 49.762295], [6.278929, 49.76237], [6.279024, 49.76254], [6.27902, 49.762554], [6.278986, 49.76263], [6.278982, 49.762646], [6.278913, 49.76276], [6.278864, 49.762897], [6.278841, 49.762928], [6.27881, 49.762947], [6.278757, 49.76296], [6.278681, 49.76297], [6.278589, 49.763004], [6.278532, 49.763016], [6.278463, 49.763027], [6.278414, 49.763046], [6.278364, 49.76307], [6.278307, 49.763084], [6.278204, 49.76312], [6.278131, 49.763138], [6.278074, 49.763145], [6.278044, 49.763157], [6.277994, 49.76314], [6.277945, 49.763145], [6.277895, 49.76316], [6.277872, 49.763176], [6.277823, 49.763203], [6.277765, 49.763214], [6.277639, 49.763214], [6.277609, 49.763218], [6.277544, 49.763237], [6.277487, 49.76325], [6.277445, 49.763245], [6.277395, 49.76321], [6.277365, 49.763184], [6.277323, 49.76316], [6.277273, 49.76314], [6.277224, 49.763107], [6.277204, 49.763084], [6.277174, 49.76306], [6.277136, 49.763058], [6.27709, 49.763065], [6.276922, 49.763107], [6.276732, 49.76314], [6.276525, 49.763172], [6.276297, 49.76319], [6.276274, 49.763195], [6.276094, 49.763203], [6.275656, 49.763214], [6.275587, 49.76333], [6.275553, 49.763374], [6.275522, 49.763424], [6.275469, 49.763515], [6.275343, 49.763718], [6.275236, 49.763893], [6.275042, 49.764194], [6.275366, 49.76435], [6.275538, 49.76443], [6.275625, 49.764477], [6.275694, 49.76451], [6.275797, 49.764565], [6.275991, 49.76469], [6.276689, 49.765125], [6.27717, 49.76544], [6.277609, 49.765766], [6.277971, 49.76604], [6.278601, 49.766376], [6.279444, 49.766697], [6.279493, 49.766834], [6.279539, 49.766968], [6.279474, 49.767128], [6.279383, 49.76735], [6.279268, 49.767548], [6.279142, 49.767746], [6.278685, 49.76821], [6.277327, 49.76789], [6.277155, 49.76826], [6.277121, 49.768337], [6.277094, 49.768387], [6.27706, 49.768467], [6.277044, 49.768494], [6.277025, 49.76854], [6.276999, 49.768593], [6.276968, 49.76866], [6.276705, 49.769222], [6.276213, 49.769196], [6.276003, 49.76918], [6.275801, 49.76917], [6.275763, 49.76925], [6.275709, 49.769352], [6.27564, 49.76948], [6.275576, 49.76961], [6.275495, 49.769768], [6.27548, 49.769794], [6.275427, 49.769894], [6.275381, 49.769978], [6.275251, 49.770226], [6.275228, 49.770245], [6.274904, 49.77026], [6.274748, 49.770252], [6.274561, 49.77023], [6.274386, 49.770203], [6.274336, 49.77019], [6.273931, 49.770115], [6.27376, 49.770084], [6.273195, 49.769978], [6.273134, 49.769962], [6.272997, 49.769943], [6.272924, 49.769936], [6.272539, 49.76988], [6.272341, 49.769848], [6.271998, 49.76979], [6.271799, 49.769753], [6.271593, 49.769695], [6.271463, 49.769653], [6.271212, 49.769577], [6.270906, 49.76949], [6.270674, 49.76943], [6.270285, 49.769344], [6.2694, 49.769157], [6.269358, 49.76915], [6.268724, 49.768997], [6.26827, 49.768753], [6.268045, 49.768806], [6.267645, 49.768898], [6.267603, 49.76898], [6.267603, 49.769005], [6.267588, 49.76902], [6.267553, 49.769047], [6.267527, 49.76907], [6.267485, 49.76909], [6.267435, 49.7691], [6.267355, 49.769104], [6.267275, 49.769096], [6.267168, 49.769077], [6.267126, 49.76907], [6.267065, 49.769043], [6.267035, 49.769016], [6.266993, 49.768986], [6.266958, 49.768974], [6.266924, 49.76897], [6.26689, 49.76898], [6.266684, 49.769], [6.266645, 49.768997], [6.266604, 49.768982], [6.266569, 49.769016], [6.266508, 49.7691], [6.267054, 49.769287], [6.267469, 49.769432], [6.267447, 49.769463], [6.267313, 49.769608], [6.267267, 49.76965], [6.267111, 49.769554], [6.266951, 49.769466], [6.266741, 49.76937], [6.266458, 49.76926], [6.265982, 49.7691], [6.265749, 49.769016], [6.265509, 49.768925], [6.265406, 49.76889], [6.265177, 49.768837], [6.264887, 49.768795], [6.264868, 49.76874], [6.264749, 49.768417], [6.263102, 49.76871], [6.263121, 49.769005], [6.263121, 49.76902], [6.263128, 49.769123], [6.263132, 49.769154], [6.26314, 49.76929], [6.263151, 49.76944], [6.263163, 49.76958], [6.263166, 49.76961], [6.263174, 49.769722], [6.263185, 49.769875], [6.263197, 49.770073], [6.263937, 49.77002], [6.264616, 49.769962], [6.264528, 49.770393], [6.264517, 49.77044], [6.264669, 49.77049], [6.264589, 49.770657], [6.264509, 49.770844], [6.264467, 49.770924], [6.264372, 49.771114], [6.264326, 49.7712], [6.264292, 49.771282], [6.264215, 49.771446], [6.264086, 49.77174], [6.263803, 49.772366], [6.263659, 49.772694], [6.263502, 49.77301], [6.263422, 49.7732], [6.2633, 49.77352], [6.263273, 49.77352], [6.263216, 49.77361], [6.263121, 49.77377], [6.262934, 49.774063], [6.262766, 49.774025], [6.262625, 49.774254], [6.262575, 49.774326], [6.262468, 49.77449], [6.262339, 49.774685], [6.262247, 49.77483], [6.26211, 49.77505], [6.26206, 49.775124], [6.262026, 49.775177], [6.261972, 49.77527], [6.261904, 49.77538], [6.261789, 49.775555], [6.26177, 49.775597], [6.261671, 49.775776], [6.261496, 49.776104], [6.261332, 49.776405], [6.261579, 49.77644], [6.261686, 49.77645], [6.261721, 49.776455], [6.261923, 49.77648], [6.262094, 49.776505], [6.262186, 49.776516], [6.263357, 49.776665], [6.263269, 49.776936], [6.26367, 49.776974], [6.263594, 49.77715], [6.263586, 49.777164], [6.263536, 49.77727], [6.263479, 49.7774], [6.26346, 49.777447], [6.263441, 49.77749], [6.263403, 49.777573], [6.263388, 49.77761], [6.263365, 49.77766], [6.263323, 49.777756], [6.263277, 49.777847], [6.263239, 49.777927], [6.263197, 49.778008], [6.263124, 49.77816], [6.263056, 49.778316], [6.262999, 49.77844], [6.262968, 49.778496], [6.262926, 49.778576], [6.262869, 49.778687], [6.262819, 49.77879], [6.262468, 49.778683], [6.262316, 49.778645], [6.262159, 49.778614], [6.261908, 49.778572], [6.26169, 49.778545], [6.261526, 49.778515], [6.261431, 49.7785], [6.261175, 49.778458], [6.260931, 49.77842], [6.260603, 49.77837], [6.259993, 49.778282], [6.259363, 49.7782], [6.258841, 49.778027], [6.258482, 49.77788], [6.257147, 49.77729], [6.256773, 49.777122], [6.25675, 49.77714], [6.256693, 49.77719], [6.256681, 49.777203], [6.256475, 49.777367], [6.256445, 49.77739], [6.256388, 49.777435], [6.256311, 49.7775], [6.256151, 49.777634], [6.255938, 49.77781], [6.255838, 49.777893], [6.25569, 49.778023], [6.255499, 49.778206], [6.255465, 49.77825], [6.255335, 49.77847], [6.255289, 49.77851], [6.25522, 49.778553], [6.255098, 49.77861], [6.254969, 49.778625], [6.254728, 49.77865], [6.254454, 49.77869], [6.253916, 49.778763], [6.253725, 49.77835], [6.253653, 49.778202], [6.253572, 49.77812], [6.253389, 49.777977], [6.253096, 49.777763], [6.252897, 49.777615], [6.252714, 49.777504], [6.252092, 49.77722], [6.251223, 49.77685], [6.250944, 49.777134], [6.250513, 49.777557], [6.250464, 49.777607], [6.250204, 49.77786], [6.249281, 49.778755], [6.248812, 49.779224], [6.248053, 49.77999], [6.247732, 49.78037], [6.248266, 49.7805], [6.248175, 49.780613], [6.248079, 49.780727], [6.247988, 49.78084], [6.247969, 49.780834], [6.247942, 49.780865], [6.246286, 49.780457], [6.246161, 49.780598], [6.24613, 49.78064], [6.246061, 49.780716], [6.245989, 49.7808], [6.245954, 49.780838], [6.245935, 49.78086], [6.244013, 49.780094], [6.243937, 49.78016], [6.243788, 49.78029], [6.243761, 49.780308], [6.243631, 49.780422], [6.243589, 49.78046], [6.24357, 49.780476], [6.243483, 49.780563], [6.243429, 49.780617], [6.243395, 49.780647], [6.24336, 49.78068], [6.243299, 49.780743], [6.2432, 49.78084], [6.243158, 49.780884], [6.243093, 49.780945], [6.243029, 49.78101], [6.242804, 49.78123], [6.242983, 49.78129], [6.24296, 49.781322], [6.242842, 49.78152], [6.242773, 49.78164], [6.242731, 49.78171], [6.242651, 49.78185], [6.242575, 49.781982], [6.241762, 49.781773], [6.241156, 49.78162], [6.240099, 49.78135], [6.240007, 49.781414], [6.237432, 49.781082], [6.236891, 49.78227], [6.236849, 49.782368], [6.23683, 49.78242], [6.236723, 49.782677], [6.236708, 49.78272], [6.236654, 49.782864], [6.236765, 49.782864], [6.236845, 49.78287], [6.236944, 49.78288], [6.237055, 49.782894], [6.237158, 49.782913], [6.237211, 49.78293], [6.237246, 49.782948], [6.237303, 49.782986], [6.237349, 49.78301], [6.237417, 49.783016], [6.237474, 49.783016], [6.237577, 49.78301], [6.237669, 49.782993], [6.237715, 49.782993], [6.237795, 49.782997], [6.237993, 49.78302], [6.238092, 49.783047], [6.238207, 49.783077], [6.238321, 49.783108], [6.238432, 49.783134], [6.238512, 49.783146], [6.238523, 49.78315], [6.238592, 49.783157], [6.238676, 49.78316], [6.238771, 49.783176], [6.238836, 49.7832], [6.238874, 49.78321], [6.23892, 49.78322], [6.238985, 49.783222], [6.239039, 49.783226], [6.239092, 49.78324], [6.239149, 49.78326], [6.23918, 49.783264], [6.239214, 49.783264], [6.239248, 49.783257], [6.239271, 49.783245], [6.239294, 49.783245], [6.239306, 49.783253], [6.239309, 49.783264], [6.239313, 49.783283], [6.239344, 49.78329], [6.239424, 49.783295], [6.239588, 49.783318], [6.239878, 49.783348], [6.24021, 49.78339], [6.240427, 49.783424], [6.240622, 49.783455], [6.240683, 49.783463], [6.240736, 49.783463], [6.240805, 49.783455], [6.240889, 49.783455], [6.240965, 49.783478], [6.241018, 49.783504], [6.241083, 49.78353], [6.241129, 49.78355], [6.241171, 49.783573], [6.241213, 49.7836], [6.241266, 49.783615], [6.24148, 49.783657], [6.241526, 49.78366], [6.241617, 49.78365], [6.241674, 49.78364], [6.241713, 49.783638], [6.241747, 49.783638], [6.241804, 49.78365], [6.241919, 49.78367], [6.242086, 49.783695], [6.242128, 49.78371], [6.242163, 49.78373], [6.242178, 49.783737], [6.242209, 49.783752], [6.242292, 49.78376], [6.242353, 49.783752], [6.242388, 49.783726], [6.242449, 49.78362], [6.242468, 49.78359], [6.243246, 49.78363], [6.243338, 49.783672], [6.243513, 49.783726], [6.24365, 49.783764], [6.244238, 49.78387], [6.245157, 49.78405], [6.248575, 49.785378], [6.249239, 49.785526], [6.249689, 49.785625], [6.250269, 49.78577], [6.250807, 49.785908], [6.250921, 49.78594], [6.251417, 49.786064], [6.251696, 49.78574], [6.251772, 49.785755], [6.251982, 49.7858], [6.251959, 49.78584], [6.251638, 49.78638], [6.25149, 49.786613], [6.251062, 49.787285], [6.250563, 49.78805], [6.251047, 49.788258], [6.251131, 49.788296], [6.251219, 49.78833], [6.250456, 49.788837], [6.249304, 49.789646], [6.248545, 49.790195], [6.248007, 49.790573], [6.247477, 49.79093], [6.246698, 49.79142], [6.245516, 49.792137], [6.245272, 49.792294], [6.244928, 49.792572], [6.244432, 49.79298], [6.244337, 49.793076], [6.24439, 49.79376], [6.244432, 49.79418], [6.244543, 49.79538], [6.24457, 49.795593], [6.244635, 49.795784], [6.244883, 49.796436], [6.248712, 49.797894], [6.24991, 49.79831], [6.251223, 49.798763], [6.252924, 49.799397], [6.254389, 49.79994], [6.254324, 49.800106], [6.254202, 49.800373], [6.254637, 49.800587], [6.255762, 49.80115], [6.256109, 49.801407], [6.256571, 49.801804], [6.256826, 49.80206], [6.256926, 49.80213], [6.257555, 49.802456], [6.257837, 49.80259], [6.258486, 49.802837], [6.258062, 49.803455], [6.257464, 49.804344], [6.256769, 49.805344], [6.256048, 49.806328], [6.255407, 49.80722], [6.254583, 49.80844], [6.254545, 49.80849], [6.25432, 49.80868], [6.254171, 49.80881], [6.253981, 49.80902], [6.253714, 49.809414], [6.253485, 49.80969], [6.252779, 49.810303], [6.252792, 49.810302], [6.252844, 49.810326], [6.253023, 49.81037], [6.253183, 49.81041], [6.253553, 49.810493], [6.253626, 49.81051], [6.25416, 49.810547], [6.254385, 49.810684], [6.25448, 49.810524], [6.254824, 49.810497], [6.255152, 49.81048], [6.255426, 49.810444], [6.255938, 49.810352], [6.256308, 49.810287], [6.256716, 49.81022], [6.257074, 49.810165], [6.257204, 49.81015], [6.257349, 49.810143], [6.257708, 49.81013], [6.257578, 49.810394], [6.258734, 49.8106], [6.259489, 49.81073], [6.260233, 49.810856], [6.260801, 49.810936], [6.261831, 49.811073], [6.263704, 49.81132], [6.263533, 49.811676], [6.263491, 49.811756], [6.263201, 49.811714], [6.263086, 49.81171], [6.262995, 49.811714], [6.262937, 49.811726], [6.262911, 49.811745], [6.262762, 49.811905], [6.262487, 49.812195], [6.262281, 49.812416], [6.262438, 49.81245], [6.26293, 49.81257], [6.263086, 49.812607], [6.263475, 49.812706], [6.263876, 49.81289], [6.264292, 49.81317], [6.264448, 49.8134], [6.264498, 49.8135], [6.264517, 49.813545], [6.264525, 49.813606], [6.264536, 49.81383], [6.264525, 49.813896], [6.264482, 49.813995], [6.264429, 49.814095], [6.264345, 49.814217], [6.264013, 49.814632], [6.263777, 49.81492], [6.263636, 49.81517], [6.263788, 49.815193], [6.264063, 49.81524], [6.264177, 49.81526], [6.264269, 49.815277], [6.264471, 49.81529], [6.264536, 49.815285], [6.264593, 49.815277], [6.264681, 49.815277], [6.264738, 49.81527], [6.264792, 49.815254], [6.264883, 49.815247], [6.264952, 49.815247], [6.26502, 49.81526], [6.2651, 49.815254], [6.265131, 49.815254], [6.265238, 49.81524], [6.265333, 49.815243], [6.265455, 49.81523], [6.265619, 49.81523], [6.265684, 49.815247], [6.265749, 49.815247], [6.265837, 49.81523], [6.265993, 49.815186], [6.266024, 49.815178], [6.266058, 49.815186], [6.266081, 49.815186], [6.266115, 49.81517], [6.266165, 49.81515], [6.266203, 49.815147], [6.266237, 49.81514], [6.266375, 49.81514], [6.26642, 49.815132], [6.26652, 49.815117], [6.266558, 49.815117], [6.266623, 49.81512], [6.266687, 49.815125], [6.266768, 49.81515], [6.266828, 49.815186], [6.266863, 49.8152], [6.266897, 49.81521], [6.266932, 49.815224], [6.266966, 49.81524], [6.267, 49.815243], [6.267038, 49.815247], [6.267061, 49.815254], [6.267092, 49.815277], [6.267115, 49.8153], [6.267134, 49.815327], [6.267145, 49.815346], [6.267157, 49.815357], [6.267267, 49.815422], [6.267294, 49.815453], [6.267336, 49.815483], [6.267374, 49.815514], [6.267405, 49.81552], [6.267427, 49.81552], [6.267466, 49.815506], [6.267488, 49.815514], [6.267492, 49.81553], [6.267492, 49.815548], [6.267485, 49.81565], [6.267496, 49.815727], [6.267523, 49.815773], [6.267588, 49.815826], [6.267668, 49.815865], [6.267813, 49.8159], [6.267904, 49.815937], [6.267954, 49.81597], [6.267954, 49.816017], [6.26795, 49.81607], [6.267977, 49.816093], [6.268022, 49.81611], [6.268213, 49.816154], [6.268412, 49.816208], [6.268499, 49.816257], [6.268545, 49.8163], [6.268553, 49.81634], [6.26856, 49.816406], [6.268579, 49.81643], [6.268618, 49.81645], [6.268675, 49.816452], [6.268713, 49.816452], [6.268747, 49.816467], [6.268751, 49.816498], [6.268736, 49.816544], [6.268759, 49.81658], [6.26882, 49.816635], [6.269018, 49.816757], [6.26903, 49.816788], [6.269014, 49.816807], [6.268976, 49.81681], [6.268816, 49.816788], [6.268774, 49.8168], [6.268759, 49.81684], [6.268766, 49.816936], [6.268778, 49.81703], [6.26885, 49.8172], [6.268862, 49.817314], [6.26885, 49.81742], [6.268675, 49.817795], [6.268682, 49.817825], [6.268705, 49.817856], [6.268755, 49.817955], [6.268721, 49.81804], [6.268713, 49.818115], [6.268698, 49.81816], [6.268614, 49.81831], [6.268583, 49.81838], [6.268579, 49.818436], [6.268591, 49.81848], [6.268614, 49.818512], [6.268724, 49.81858], [6.26882, 49.818657], [6.268854, 49.818703], [6.268896, 49.81883], [6.268923, 49.81892], [6.268953, 49.818947], [6.269033, 49.818985], [6.269113, 49.819016], [6.269178, 49.819077], [6.269213, 49.819115], [6.269239, 49.81919], [6.269251, 49.819405], [6.269262, 49.819473], [6.269335, 49.819534], [6.269507, 49.819603], [6.269628, 49.819675], [6.269766, 49.81984], [6.269815, 49.819923], [6.269815, 49.819996], [6.269789, 49.820045], [6.269712, 49.8201], [6.269682, 49.820152], [6.269693, 49.82021], [6.269735, 49.820274], [6.2698, 49.820385], [6.269819, 49.82047], [6.269796, 49.820557], [6.269739, 49.820675], [6.269739, 49.82072], [6.269793, 49.820744], [6.26988, 49.82077], [6.269953, 49.82083], [6.270033, 49.82096], [6.270147, 49.82113], [6.270205, 49.821182], [6.270334, 49.821266], [6.27043, 49.821274], [6.270346, 49.8213], [6.270285, 49.821312], [6.270193, 49.82132], [6.270159, 49.821297], [6.269754, 49.821053], [6.268911, 49.821087], [6.26882, 49.82106], [6.267858, 49.821068], [6.266657, 49.8211], [6.265779, 49.821136], [6.26549, 49.821182], [6.264696, 49.82132], [6.264254, 49.82141], [6.263243, 49.821644], [6.262087, 49.821926], [6.261667, 49.822033], [6.260191, 49.822304], [6.25963, 49.82244], [6.258856, 49.822662], [6.258459, 49.822773], [6.257662, 49.822937], [6.257254, 49.823025], [6.256926, 49.82312], [6.256601, 49.823227], [6.256052, 49.823395], [6.255693, 49.823486], [6.25569, 49.8235], [6.255659, 49.823692], [6.255655, 49.823727], [6.255617, 49.823956], [6.255602, 49.82406], [6.25559, 49.82412], [6.255529, 49.824486], [6.255449, 49.82503], [6.255373, 49.825447], [6.255293, 49.825977], [6.255205, 49.826485], [6.255125, 49.827026], [6.255045, 49.827534], [6.255003, 49.82778], [6.254961, 49.828064], [6.254877, 49.828568], [6.254824, 49.828964], [6.254808, 49.8291], [6.25469, 49.829967], [6.254694, 49.830013], [6.254675, 49.830135], [6.254892, 49.830276], [6.255171, 49.83046], [6.255446, 49.830643], [6.255991, 49.831005], [6.256022, 49.831028], [6.2568, 49.831547], [6.257009, 49.831688], [6.257105, 49.83175], [6.257467, 49.831993], [6.257666, 49.832123], [6.257936, 49.832302], [6.258223, 49.83248], [6.258375, 49.83258], [6.258799, 49.832863], [6.259348, 49.833233], [6.2595, 49.833332], [6.259661, 49.83344], [6.260088, 49.833725], [6.2605, 49.834003], [6.260511, 49.83401], [6.260958, 49.8343], [6.261023, 49.834347], [6.262087, 49.83504], [6.262838, 49.835533], [6.263224, 49.83578], [6.263334, 49.835854], [6.26367, 49.83608], [6.263857, 49.8362], [6.264113, 49.836372], [6.264875, 49.836864], [6.265478, 49.837254], [6.265989, 49.83757], [6.266024, 49.837593], [6.266302, 49.83777], [6.266604, 49.83796], [6.266962, 49.83819], [6.267111, 49.838284], [6.267149, 49.838306], [6.267408, 49.838474], [6.26755, 49.838562], [6.267729, 49.838673], [6.26782, 49.838734], [6.267939, 49.83881], [6.268328, 49.839058], [6.268412, 49.83911], [6.268877, 49.83941], [6.268984, 49.839478], [6.269197, 49.839615], [6.269262, 49.839664], [6.270086, 49.8402], [6.270666, 49.840576], [6.271223, 49.84094], [6.271429, 49.841072], [6.271456, 49.841087], [6.271143, 49.84115], [6.27096, 49.84118], [6.270792, 49.8412], [6.270643, 49.8412], [6.270418, 49.841194], [6.269636, 49.841152], [6.269308, 49.84115], [6.269041, 49.84116], [6.268736, 49.84119], [6.268423, 49.841232], [6.267885, 49.841366], [6.266973, 49.84162], [6.266531, 49.841747], [6.266321, 49.841824], [6.266169, 49.841896], [6.266073, 49.84195], [6.266046, 49.841988], [6.266024, 49.842026], [6.265886, 49.84215], [6.265291, 49.84272], [6.264898, 49.84309], [6.264624, 49.84337], [6.264509, 49.84349], [6.263704, 49.844223], [6.263239, 49.84464], [6.262781, 49.84503], [6.2628, 49.845047], [6.262987, 49.845146], [6.263323, 49.84532], [6.263422, 49.84537], [6.264055, 49.845703], [6.264502, 49.845943], [6.265417, 49.846443], [6.265459, 49.846472], [6.265486, 49.84649], [6.265576, 49.846536], [6.265619, 49.846558], [6.266123, 49.84683], [6.266844, 49.847218], [6.267019, 49.847313], [6.266966, 49.847355], [6.266901, 49.847404], [6.266821, 49.847466], [6.266806, 49.847477], [6.267061, 49.84765], [6.26745, 49.847916], [6.267786, 49.848087], [6.268358, 49.848373], [6.268675, 49.848537], [6.268885, 49.848644], [6.268957, 49.848694], [6.269319, 49.849003], [6.269518, 49.849182], [6.269545, 49.84918], [6.269663, 49.849167], [6.269991, 49.84914], [6.270338, 49.849113], [6.270552, 49.849094], [6.270933, 49.849064], [6.27112, 49.84904], [6.271318, 49.84902], [6.271524, 49.848995], [6.272322, 49.848892], [6.273886, 49.848675], [6.274103, 49.848648], [6.274416, 49.848602], [6.274511, 49.84859], [6.274797, 49.84855], [6.274935, 49.848545], [6.274977, 49.84855], [6.275011, 49.848534], [6.275087, 49.848537], [6.275591, 49.84848], [6.276144, 49.848415], [6.276915, 49.848328], [6.27696, 49.84832], [6.277105, 49.84827], [6.277247, 49.848267], [6.277514, 49.84821], [6.277762, 49.848156], [6.277983, 49.848106], [6.278238, 49.84805], [6.278719, 49.847942], [6.278849, 49.847916], [6.278944, 49.847893], [6.278994, 49.847885], [6.279051, 49.847878], [6.279287, 49.847847], [6.279764, 49.847786], [6.280171, 49.847733], [6.280195, 49.84773], [6.280436, 49.8477], [6.280684, 49.847668], [6.28097, 49.84763], [6.281389, 49.847576], [6.281496, 49.847565], [6.281535, 49.84756], [6.28163, 49.847546], [6.281954, 49.847504], [6.282126, 49.84748], [6.282393, 49.847441], [6.282511, 49.84743], [6.282877, 49.847385], [6.282977, 49.847377], [6.283022, 49.847374], [6.283041, 49.84737], [6.283182, 49.847358], [6.283266, 49.84735], [6.283323, 49.847347], [6.283407, 49.847339], [6.283697, 49.847313], [6.283735, 49.847313], [6.283915, 49.847298], [6.283976, 49.84729], [6.284166, 49.84727], [6.284262, 49.847263], [6.284372, 49.847256], [6.284468, 49.847244], [6.284563, 49.847237], [6.284601, 49.847233], [6.284742, 49.84722], [6.284998, 49.8472], [6.285326, 49.847168], [6.285444, 49.847157], [6.285601, 49.847145], [6.285642, 49.84714], [6.285665, 49.847137], [6.285756, 49.84713], [6.285891, 49.84712], [6.286062, 49.84711], [6.28615, 49.847107], [6.286303, 49.847107], [6.286528, 49.847103], [6.286577, 49.84709], [6.286619, 49.847084], [6.286646, 49.8471], [6.286757, 49.847107], [6.286966, 49.847126], [6.287088, 49.847145], [6.287176, 49.847164], [6.287283, 49.84719], [6.28742, 49.84723], [6.287672, 49.8473], [6.287798, 49.847343], [6.288156, 49.847446], [6.288233, 49.847466], [6.288347, 49.847485], [6.288557, 49.847507], [6.28874, 49.847534], [6.2889, 49.84756], [6.289225, 49.84764], [6.2894, 49.84769], [6.28948, 49.847706], [6.289526, 49.847713], [6.28961, 49.847717], [6.289793, 49.847713], [6.290094, 49.847713], [6.290514, 49.847706], [6.290655, 49.8477], [6.290754, 49.847694], [6.290831, 49.8477], [6.290937, 49.847706], [6.290998, 49.847702], [6.29109, 49.8477], [6.291216, 49.84768], [6.291315, 49.847668], [6.291391, 49.847668], [6.291586, 49.84768], [6.291704, 49.84768], [6.29209, 49.847656], [6.292181, 49.847645], [6.292372, 49.847595], [6.292517, 49.84757], [6.292624, 49.84755], [6.292749, 49.847546], [6.292807, 49.847538], [6.292917, 49.84752], [6.293028, 49.847515], [6.293055, 49.847507], [6.293158, 49.847485], [6.293241, 49.847473], [6.293337, 49.84748], [6.293421, 49.847492], [6.293508, 49.84751], [6.293585, 49.847523], [6.293814, 49.84754], [6.293928, 49.847572], [6.294088, 49.847626], [6.294344, 49.8477], [6.294657, 49.847786], [6.294779, 49.847816], [6.294928, 49.84785], [6.29532, 49.84793], [6.295496, 49.847977], [6.295664, 49.848026], [6.295801, 49.848057], [6.296068, 49.84811], [6.296167, 49.84814], [6.296331, 49.848206], [6.296537, 49.84829], [6.296797, 49.848408], [6.296949, 49.848473], [6.297026, 49.84849], [6.297117, 49.848503], [6.297262, 49.8485], [6.297453, 49.848507], [6.297701, 49.848515], [6.297949, 49.84853], [6.298136, 49.84854], [6.298201, 49.848545], [6.29825, 49.848537], [6.298506, 49.848465], [6.298822, 49.84841], [6.299013, 49.848385], [6.299307, 49.84835], [6.299536, 49.848324], [6.299704, 49.848312], [6.299765, 49.8483], [6.299803, 49.84829], [6.299837, 49.848255], [6.299959, 49.84812], [6.300005, 49.84808], [6.300047, 49.848057], [6.300112, 49.848038], [6.300157, 49.848022], [6.300196, 49.848007], [6.300253, 49.847973], [6.300314, 49.84795], [6.300386, 49.847927], [6.300558, 49.847885], [6.300676, 49.84785], [6.300787, 49.847816], [6.300852, 49.847786], [6.300947, 49.84773], [6.301142, 49.84761], [6.30134, 49.84749], [6.301691, 49.84729], [6.301844, 49.847206], [6.301973, 49.84715], [6.302259, 49.84703], [6.302359, 49.84699], [6.302454, 49.846928], [6.302519, 49.84689], [6.302622, 49.846848], [6.302698, 49.84681], [6.302813, 49.846775], [6.303049, 49.84671], [6.303297, 49.846638], [6.303434, 49.846596], [6.303579, 49.84656], [6.303751, 49.846523], [6.304041, 49.846474], [6.30438, 49.846413], [6.304552, 49.84637], [6.304869, 49.846294], [6.304949, 49.84627], [6.30501, 49.846275], [6.305078, 49.84629], [6.305239, 49.846333], [6.305342, 49.846363], [6.30538, 49.84637], [6.305418, 49.846478], [6.305448, 49.846542], [6.305532, 49.846664], [6.305636, 49.846756], [6.305803, 49.84688], [6.305948, 49.84699], [6.306509, 49.847336], [6.306734, 49.847504], [6.307291, 49.847622], [6.307798, 49.847706], [6.308058, 49.847733], [6.308363, 49.84776], [6.308859, 49.847794], [6.309034, 49.847805], [6.309473, 49.847805], [6.310396, 49.847797], [6.310408, 49.848335], [6.310419, 49.848785], [6.310423, 49.848915], [6.310423, 49.848995], [6.310434, 49.849422], [6.310446, 49.85011], [6.310419, 49.8503], [6.310404, 49.850346], [6.310335, 49.850655], [6.310209, 49.851063], [6.310137, 49.851315], [6.310121, 49.85138], [6.310103, 49.851444], [6.310038, 49.85172], [6.310011, 49.851826], [6.309881, 49.852108], [6.309664, 49.852566], [6.309683, 49.85281], [6.309751, 49.85387], [6.309755, 49.85392], [6.309221, 49.85493], [6.309031, 49.855194], [6.308897, 49.855362], [6.308828, 49.855453], [6.308752, 49.85555], [6.308432, 49.85595], [6.308367, 49.85604], [6.308195, 49.856274], [6.307756, 49.85685], [6.307451, 49.857254], [6.307997, 49.85747], [6.308569, 49.85769], [6.309053, 49.857872], [6.309343, 49.858], [6.309572, 49.858112], [6.310003, 49.858315], [6.310121, 49.858368], [6.310755, 49.85862], [6.310858, 49.858654], [6.311304, 49.858837], [6.311464, 49.858902], [6.311998, 49.85904], [6.312387, 49.859276], [6.312429, 49.859303], [6.312551, 49.859352], [6.312803, 49.859447], [6.313021, 49.85953], [6.31323, 49.859604], [6.313452, 49.85967], [6.313486, 49.859676], [6.313681, 49.859726], [6.31386, 49.859768], [6.314062, 49.85987], [6.314123, 49.859882], [6.314135, 49.859884], [6.314154, 49.859854], [6.314199, 49.859785], [6.314268, 49.859682], [6.314409, 49.859461], [6.314505, 49.859331], [6.314673, 49.85911], [6.314768, 49.859045], [6.314878, 49.858915], [6.31497, 49.858809], [6.315065, 49.858721], [6.315126, 49.858595], [6.31526, 49.858438], [6.315344, 49.858381], [6.315489, 49.858198], [6.315542, 49.858168], [6.315603, 49.858065], [6.315699, 49.85795], [6.315836, 49.85774], [6.315912, 49.857691], [6.315924, 49.857637], [6.316008, 49.857527], [6.316107, 49.85737], [6.316259, 49.857206], [6.316343, 49.857012], [6.316446, 49.856855], [6.316591, 49.856577], [6.316801, 49.856279], [6.317072, 49.855921], [6.317213, 49.855715], [6.317385, 49.855539], [6.317495, 49.85539], [6.317587, 49.855318], [6.317827, 49.855108], [6.317919, 49.85504], [6.318064, 49.854944], [6.318293, 49.854822], [6.318445, 49.85475], [6.318552, 49.854677], [6.318659, 49.854624], [6.318846, 49.854521], [6.319162, 49.854357], [6.319479, 49.854147], [6.319819, 49.853979], [6.320162, 49.853731], [6.320539, 49.853491], [6.320558, 49.853441], [6.320715, 49.853369], [6.320948, 49.853243], [6.321127, 49.853113], [6.321261, 49.853018], [6.321783, 49.85261], [6.321993, 49.852388], [6.322279, 49.852041], [6.322424, 49.851816], [6.32255, 49.851515], [6.322573, 49.851255], [6.322584, 49.850946], [6.322573, 49.850756], [6.322538, 49.850603], [6.32247, 49.850336], [6.322416, 49.850092], [6.32234, 49.84976], [6.322233, 49.849443], [6.322172, 49.849241], [6.322123, 49.849058], [6.32197, 49.848589], [6.321875, 49.848112], [6.321791, 49.84767], [6.321672, 49.847441], [6.321672, 49.847334], [6.321631, 49.847174], [6.321562, 49.846937], [6.321489, 49.846796], [6.321394, 49.846643], [6.321272, 49.846529], [6.321142, 49.846392], [6.321058, 49.846228], [6.320906, 49.846151], [6.320593, 49.845785], [6.320345, 49.845503], [6.32028, 49.845297], [6.320253, 49.845262], [6.320181, 49.845167], [6.320093, 49.845076], [6.320013, 49.844858], [6.31999, 49.844683], [6.320047, 49.844408], [6.319925, 49.844027], [6.319918, 49.843832], [6.319838, 49.843687], [6.319776, 49.843592], [6.31967, 49.843405], [6.319559, 49.843214], [6.319513, 49.84297], [6.319529, 49.842787], [6.319567, 49.842707], [6.31962, 49.842527], [6.319632, 49.84231], [6.319735, 49.84207], [6.319792, 49.842039], [6.319826, 49.841959], [6.31978, 49.841963], [6.319685, 49.841825], [6.319677, 49.841631], [6.319696, 49.841379], [6.319689, 49.841169], [6.319704, 49.840879], [6.319716, 49.840677], [6.319769, 49.840399], [6.320028, 49.839876], [6.320162, 49.839727], [6.320448, 49.839384], [6.32062, 49.839235], [6.320772, 49.83898], [6.320929, 49.838823], [6.321089, 49.838678], [6.321188, 49.838671], [6.321272, 49.838621], [6.321424, 49.838453], [6.321524, 49.838499], [6.321604, 49.838484], [6.32165, 49.8384], [6.321749, 49.838366], [6.322016, 49.838266], [6.322161, 49.83819], [6.322393, 49.838022], [6.322645, 49.837851], [6.323305, 49.837519], [6.323751, 49.837313], [6.32427, 49.837069], [6.32498, 49.836737], [6.325174, 49.836645], [6.325335, 49.836565], [6.325724, 49.836393], [6.326078, 49.836237], [6.326441, 49.836115], [6.326853, 49.836012], [6.327166, 49.835939], [6.327616, 49.835894], [6.328402, 49.835901], [6.328802, 49.835932], [6.329142, 49.835958], [6.329271, 49.835997], [6.32976, 49.836046], [6.329794, 49.836046], [6.32984, 49.83605], [6.329924, 49.836054], [6.330278, 49.836142], [6.330843, 49.836302], [6.331209, 49.836428], [6.331556, 49.836554], [6.331896, 49.836657], [6.332319, 49.836782], [6.332762, 49.836901], [6.333098, 49.837007], [6.333582, 49.837152], [6.334021, 49.837309], [6.334417, 49.837473], [6.334925, 49.837683], [6.335173, 49.837809], [6.335234, 49.837847], [6.335421, 49.837965], [6.335607, 49.838045], [6.33576, 49.838167], [6.335924, 49.838243], [6.336138, 49.838419], [6.33637, 49.838625], [6.336573, 49.838774], [6.336695, 49.838808], [6.336679, 49.838892], [6.336847, 49.838999], [6.337042, 49.839125], [6.337416, 49.839533], [6.337561, 49.839743], [6.337698, 49.839945], [6.337793, 49.840113], [6.337946, 49.840342], [6.338026, 49.840494], [6.338179, 49.840742], [6.338255, 49.840906], [6.338339, 49.841116], [6.338388, 49.841368], [6.338404, 49.841577], [6.338461, 49.841822], [6.33851, 49.842089], [6.338591, 49.842428], [6.338636, 49.842722], [6.338663, 49.842985], [6.338739, 49.843359], [6.338865, 49.843737], [6.338896, 49.84387], [6.338942, 49.844221], [6.338995, 49.844385], [6.339014, 49.844553], [6.339098, 49.844812], [6.339189, 49.84503], [6.339281, 49.845266], [6.339441, 49.845652], [6.339499, 49.845945], [6.339594, 49.846296], [6.339632, 49.846445], [6.339697, 49.84675], [6.3398, 49.847094], [6.339872, 49.847441], [6.340147, 49.847803], [6.340383, 49.848074], [6.340521, 49.848169], [6.34091, 49.848398], [6.341078, 49.848494], [6.341536, 49.84868], [6.342299, 49.848917], [6.342592, 49.849009], [6.342852, 49.849085], [6.343149, 49.849165], [6.343481, 49.849249], [6.343916, 49.849337], [6.344378, 49.849413], [6.344953, 49.849504], [6.34532, 49.849558], [6.345716, 49.8496], [6.346518, 49.849794], [6.346952, 49.849886], [6.34754, 49.849985], [6.348208, 49.850134], [6.348436, 49.850191], [6.348932, 49.850267], [6.349401, 49.85034], [6.34997, 49.850397], [6.35084, 49.850409], [6.351404, 49.850431], [6.351892, 49.850424], [6.352587, 49.850466], [6.353102, 49.850489], [6.353815, 49.850527], [6.35441, 49.850553], [6.3552, 49.850595], [6.356687, 49.850622], [6.357161, 49.850679], [6.35766, 49.850679], [6.358004, 49.85066], [6.358187, 49.850637], [6.358313, 49.850637], [6.358389, 49.850637], [6.358442, 49.850637], [6.359003, 49.850637], [6.359369, 49.850618], [6.359774, 49.850607], [6.360285, 49.850592], [6.360704, 49.850584], [6.361078, 49.850614], [6.361372, 49.850634], [6.361654, 49.850653], [6.362154, 49.850691], [6.362486, 49.850725], [6.362844, 49.850763], [6.363172, 49.850767], [6.363321, 49.850752], [6.363638, 49.85074], [6.363943, 49.850717], [6.364084, 49.850687], [6.364615, 49.850493], [6.364821, 49.850359], [6.365328, 49.850111], [6.365705, 49.849916], [6.365988, 49.849779], [6.366243, 49.849646], [6.366411, 49.849523], [6.366602, 49.849314], [6.366766, 49.8491], [6.366957, 49.848867], [6.367147, 49.848616], [6.367304, 49.848349], [6.367575, 49.848002], [6.367712, 49.847841], [6.367876, 49.847651], [6.368296, 49.847204], [6.368566, 49.846952], [6.368875, 49.846655], [6.369291, 49.846235], [6.369597, 49.845934], [6.370153, 49.845308], [6.370401, 49.845045], [6.370596, 49.844805], [6.370954, 49.844481], [6.371141, 49.844179], [6.371321, 49.843859], [6.371527, 49.843512], [6.371717, 49.843275], [6.371889, 49.843035], [6.372118, 49.842737], [6.372274, 49.842562], [6.372583, 49.842249], [6.372625, 49.842226], [6.372934, 49.842073], [6.373342, 49.841829], [6.373648, 49.841612], [6.374174, 49.841368], [6.374445, 49.841272], [6.374636, 49.841185], [6.374876, 49.841097], [6.375246, 49.840952], [6.375624, 49.84078], [6.375841, 49.840666], [6.376131, 49.840502], [6.376413, 49.840307], [6.376738, 49.840097], [6.376917, 49.839754], [6.37715, 49.839418], [6.37726, 49.83927], [6.377527, 49.838999], [6.377737, 49.8388], [6.37797, 49.83856], [6.378298, 49.838232], [6.378591, 49.837976], [6.378855, 49.837759], [6.378962, 49.837668], [6.379293, 49.83745], [6.379572, 49.837297], [6.379652, 49.837271], [6.37977, 49.83721], [6.380033, 49.837114], [6.380152, 49.837053], [6.380426, 49.836901], [6.380579, 49.836817], [6.380865, 49.836618], [6.381132, 49.836435], [6.381258, 49.836313], [6.381418, 49.836203], [6.381685, 49.835981], [6.381849, 49.83584], [6.381998, 49.835718], [6.382155, 49.835585], [6.382193, 49.835585], [6.382269, 49.835524], [6.382216, 49.83552], [6.382364, 49.835306], [6.382448, 49.83518], [6.382639, 49.834955], [6.382769, 49.834799], [6.382875, 49.834692], [6.383036, 49.834536], [6.38315, 49.834364], [6.383368, 49.834207], [6.38352, 49.834009], [6.383684, 49.83378], [6.383772, 49.833593], [6.383791, 49.833578], [6.383894, 49.833433], [6.384035, 49.83333], [6.384184, 49.833189], [6.384222, 49.833113], [6.38439, 49.83291], [6.384436, 49.832743], [6.384474, 49.832685], [6.384504, 49.832644], [6.384592, 49.832525], [6.384699, 49.832407], [6.384989, 49.832243], [6.385256, 49.832094], [6.385382, 49.831999], [6.385569, 49.831922], [6.385717, 49.831816], [6.385885, 49.831694], [6.386377, 49.831385], [6.386583, 49.831232], [6.3869, 49.831015], [6.38727, 49.83077], [6.387556, 49.830595], [6.387819, 49.830401], [6.387926, 49.830275], [6.388056, 49.830183], [6.388075, 49.830133], [6.388094, 49.830088], [6.388246, 49.829988], [6.388376, 49.829889], [6.388475, 49.829763], [6.388643, 49.829634], [6.388742, 49.829534], [6.388807, 49.829439], [6.389139, 49.829225], [6.389479, 49.829027], [6.389765, 49.828886], [6.390055, 49.828699], [6.390367, 49.828512], [6.390673, 49.828348], [6.390913, 49.828241], [6.391108, 49.82815], [6.391317, 49.828066], [6.39168, 49.827906], [6.391977, 49.827772], [6.392183, 49.82765], [6.392363, 49.827524], [6.392664, 49.827253], [6.392988, 49.826967], [6.393167, 49.82675], [6.393442, 49.826494], [6.39364, 49.826273], [6.393839, 49.826086], [6.393942, 49.825968], [6.394072, 49.825834], [6.394194, 49.825659], [6.394484, 49.8253], [6.39464, 49.825113], [6.395037, 49.82464], [6.395365, 49.824266], [6.395536, 49.824072], [6.395689, 49.823889], [6.395849, 49.823717], [6.396021, 49.823507], [6.396193, 49.82332], [6.396364, 49.823099], [6.396513, 49.822939], [6.396662, 49.82276], [6.396799, 49.822618], [6.396875, 49.822542], [6.397184, 49.822283], [6.397348, 49.822164], [6.397493, 49.822073], [6.39778, 49.821901], [6.397837, 49.821867], [6.398012, 49.821772], [6.398294, 49.821585], [6.398581, 49.821466], [6.398786, 49.821344], [6.399088, 49.821173], [6.399305, 49.821058], [6.399527, 49.820932], [6.399752, 49.820803], [6.400007, 49.820661], [6.400259, 49.820524], [6.400534, 49.820372], [6.400789, 49.820238], [6.401049, 49.820101], [6.4013, 49.819964], [6.401468, 49.819879], [6.401716, 49.819758], [6.401941, 49.819654], [6.402178, 49.819552], [6.402288, 49.819502], [6.40243, 49.819437], [6.402582, 49.819399], [6.402826, 49.819387], [6.403227, 49.819342], [6.403513, 49.819319], [6.403822, 49.819281], [6.404074, 49.819262], [6.40452, 49.819208], [6.404795, 49.819162], [6.404856, 49.819151], [6.405058, 49.819094], [6.405127, 49.819075], [6.40539, 49.818979], [6.405642, 49.818891], [6.405943, 49.8188], [6.406485, 49.818617], [6.407347, 49.818289], [6.407591, 49.818216], [6.407843, 49.818113], [6.408205, 49.817961], [6.408525, 49.817873], [6.408835, 49.817755], [6.409162, 49.817686], [6.409517, 49.817625], [6.409834, 49.81756], [6.410112, 49.817514], [6.410463, 49.81745], [6.410868, 49.817388], [6.411547, 49.817266], [6.411802, 49.817221], [6.412218, 49.817152], [6.412481, 49.81711], [6.412508, 49.817106], [6.412867, 49.817049], [6.413237, 49.816996], [6.413504, 49.816942], [6.413916, 49.816877], [6.41432, 49.816805], [6.414606, 49.816809], [6.414637, 49.816797], [6.414991, 49.816702], [6.4154, 49.816622], [6.415911, 49.816534], [6.416304, 49.816481], [6.416765, 49.816423], [6.41733, 49.816343], [6.417738, 49.816286], [6.418154, 49.816229], [6.418676, 49.816191], [6.419168, 49.816111], [6.419538, 49.81605], [6.419821, 49.816034], [6.42005, 49.815992], [6.420446, 49.815969], [6.420973, 49.815973], [6.421507, 49.815989], [6.421892, 49.815989], [6.422365, 49.815996], [6.422827, 49.815992], [6.423918, 49.816015], [6.42441, 49.816019], [6.424734, 49.815992], [6.424932, 49.815973], [6.425196, 49.815924], [6.425428, 49.815798], [6.425615, 49.815695], [6.425718, 49.81555], [6.425783, 49.815363], [6.425695, 49.814974], [6.425734, 49.814753], [6.425757, 49.814478], [6.425791, 49.814192], [6.425825, 49.813898], [6.425867, 49.813635], [6.425901, 49.813356], [6.425966, 49.813147], [6.42618, 49.812731], [6.426229, 49.812655], [6.426413, 49.812433], [6.426573, 49.812235], [6.426729, 49.812052], [6.426867, 49.811914], [6.427065, 49.81175], [6.427305, 49.811579], [6.42761, 49.811407], [6.427721, 49.811335], [6.427851, 49.811262], [6.427904, 49.811232], [6.428266, 49.811045], [6.428472, 49.810953], [6.42869, 49.810862], [6.428961, 49.810762], [6.429247, 49.810671], [6.429434, 49.810614], [6.429464, 49.810606], [6.429644, 49.810545], [6.429888, 49.81048], [6.430002, 49.810461], [6.430273, 49.810377], [6.430304, 49.810373], [6.430593, 49.81032], [6.430895, 49.81027], [6.431066, 49.810247], [6.431295, 49.810259], [6.431517, 49.810301], [6.431669, 49.810339], [6.431845, 49.810404], [6.432253, 49.810568], [6.432463, 49.810663], [6.432737, 49.810835], [6.432974, 49.810995], [6.433157, 49.811121], [6.433466, 49.811354], [6.433763, 49.811571], [6.434023, 49.811758], [6.434202, 49.811876], [6.434408, 49.812025], [6.434668, 49.812193], [6.434713, 49.81222], [6.434896, 49.812319], [6.434912, 49.812326], [6.435141, 49.812445], [6.435812, 49.812773], [6.436113, 49.81291], [6.436518, 49.813082], [6.436899, 49.813238], [6.437246, 49.813372], [6.437643, 49.813479], [6.437902, 49.813539], [6.438349, 49.813623], [6.438738, 49.813704], [6.43891, 49.813742], [6.439375, 49.813845], [6.439825, 49.813944], [6.440268, 49.814047], [6.440508, 49.814104], [6.440855, 49.814158], [6.441137, 49.814169], [6.441355, 49.814188], [6.441568, 49.814161], [6.441721, 49.814104], [6.441843, 49.813974], [6.441885, 49.813848], [6.441919, 49.813673], [6.441961, 49.813181], [6.441965, 49.813013], [6.442018, 49.812868], [6.442118, 49.812677], [6.442228, 49.812532], [6.442312, 49.812376], [6.442461, 49.81214], [6.442663, 49.811941], [6.442862, 49.811766], [6.442987, 49.811644], [6.443163, 49.811499], [6.443403, 49.811407], [6.443575, 49.811373], [6.443945, 49.811342], [6.444159, 49.811346], [6.444487, 49.811377], [6.444693, 49.811426], [6.44486, 49.811464], [6.445112, 49.811491], [6.445383, 49.811529], [6.445654, 49.811537], [6.445849, 49.811552], [6.446173, 49.811575], [6.446451, 49.811613], [6.446829, 49.811613], [6.447199, 49.811625], [6.447527, 49.811621], [6.447786, 49.811613], [6.448244, 49.811571], [6.448515, 49.811533], [6.448553, 49.811525], [6.449057, 49.81148], [6.449408, 49.811438], [6.449865, 49.811392], [6.450426, 49.811312], [6.450949, 49.81127], [6.4513, 49.811274], [6.451677, 49.811281], [6.451777, 49.811304], [6.451918, 49.811338], [6.452009, 49.811361], [6.452948, 49.8113], [6.453569, 49.811289], [6.45363, 49.811285], [6.454069, 49.811331], [6.454332, 49.811357], [6.454569, 49.811441], [6.454756, 49.811563], [6.455053, 49.811769], [6.455358, 49.811945], [6.455614, 49.81212], [6.455957, 49.812288], [6.456259, 49.812437], [6.456495, 49.812582], [6.456804, 49.812822], [6.45701, 49.812998], [6.45714, 49.813196], [6.457411, 49.813497], [6.457586, 49.813685], [6.457762, 49.813883], [6.457888, 49.814005], [6.458094, 49.814196], [6.4587, 49.814802], [6.459028, 49.815096], [6.459162, 49.815249], [6.459333, 49.815435], [6.459562, 49.815603], [6.459795, 49.815832], [6.460024, 49.816061], [6.460245, 49.816275], [6.460611, 49.816664], [6.46076, 49.816889], [6.460932, 49.817057], [6.461161, 49.817236], [6.461382, 49.817381], [6.461679, 49.817602], [6.461927, 49.817793], [6.462141, 49.817923], [6.462469, 49.818155], [6.46282, 49.818418], [6.463102, 49.818663], [6.463434, 49.818937], [6.463984, 49.819319], [6.464117, 49.819368], [6.464392, 49.819529], [6.464907, 49.819723], [6.465166, 49.819815], [6.465262, 49.819841], [6.465609, 49.819902], [6.46591, 49.820044], [6.466211, 49.820124], [6.466375, 49.820189], [6.466669, 49.820333], [6.466837, 49.820448], [6.467024, 49.820558], [6.467413, 49.820826], [6.467653, 49.820993], [6.468096, 49.821261], [6.468344, 49.821398], [6.468588, 49.821489], [6.468782, 49.821611], [6.46911, 49.821821], [6.469378, 49.821959], [6.469625, 49.822069], [6.470072, 49.822206], [6.470377, 49.822283], [6.470633, 49.822317], [6.470987, 49.822325], [6.471296, 49.82229], [6.47172, 49.822237], [6.471918, 49.822195], [6.472567, 49.821997], [6.473036, 49.821806], [6.473417, 49.821642], [6.473585, 49.821569], [6.473944, 49.821413], [6.474287, 49.821268], [6.474756, 49.821058], [6.475046, 49.820932], [6.475336, 49.820807], [6.475645, 49.820673], [6.475923, 49.820555], [6.476217, 49.820429], [6.476412, 49.820345], [6.47674, 49.820204], [6.477446, 49.819895], [6.47798, 49.819674], [6.478331, 49.819521], [6.478785, 49.819323], [6.479116, 49.819166], [6.479517, 49.818972], [6.479849, 49.8188], [6.480166, 49.818613], [6.480455, 49.818411], [6.480722, 49.818213], [6.48102, 49.817942], [6.481298, 49.817644], [6.481554, 49.817305], [6.481829, 49.816927], [6.481993, 49.816687], [6.482092, 49.816561], [6.482279, 49.816294], [6.482462, 49.816053], [6.48279, 49.815599], [6.483, 49.815317], [6.483232, 49.815], [6.483404, 49.81476], [6.483553, 49.81452], [6.483702, 49.814302], [6.483911, 49.814009], [6.484045, 49.813848], [6.484415, 49.813532], [6.48451, 49.813452], [6.4848, 49.813326], [6.484976, 49.813253], [6.485243, 49.813128], [6.485472, 49.813017], [6.485647, 49.812952], [6.4858, 49.812887], [6.486025, 49.812784], [6.486265, 49.81267], [6.48646, 49.812578], [6.486666, 49.812483], [6.486876, 49.812384], [6.487101, 49.812284], [6.487341, 49.812162], [6.487528, 49.812094], [6.487825, 49.811968], [6.488001, 49.81188], [6.488329, 49.811735], [6.488504, 49.811667], [6.488649, 49.811613], [6.488878, 49.811575], [6.489157, 49.81151], [6.489424, 49.811457], [6.489656, 49.811422], [6.489809, 49.811396], [6.49008, 49.811342], [6.490252, 49.811304], [6.490412, 49.811277], [6.49074, 49.811232], [6.490866, 49.811216], [6.490915, 49.811209], [6.491091, 49.811182], [6.491331, 49.811152], [6.491552, 49.811129], [6.491724, 49.811113], [6.491995, 49.811094], [6.492212, 49.811098], [6.492395, 49.811087], [6.492601, 49.811087], [6.492861, 49.811102], [6.493032, 49.811125], [6.493128, 49.811148], [6.493319, 49.81119], [6.493486, 49.811247], [6.493647, 49.811354], [6.493757, 49.811438], [6.493944, 49.811583], [6.49407, 49.811689], [6.494204, 49.811781], [6.494474, 49.811892], [6.49452, 49.811911], [6.494821, 49.812063], [6.495157, 49.812185], [6.495336, 49.81222], [6.495497, 49.812242], [6.495707, 49.812235], [6.495871, 49.8122], [6.49618, 49.812086], [6.496447, 49.811964], [6.49663, 49.811888], [6.496725, 49.811827], [6.496943, 49.81172], [6.497057, 49.811667], [6.497381, 49.811514], [6.497587, 49.811422], [6.497728, 49.811354], [6.497942, 49.811232], [6.49814, 49.811144], [6.498282, 49.811083], [6.498419, 49.810991], [6.498545, 49.810934], [6.498869, 49.810774], [6.499063, 49.810698], [6.499346, 49.810617], [6.49959, 49.810537], [6.500094, 49.810373], [6.500361, 49.810282], [6.500711, 49.810144], [6.501219, 49.809969], [6.501596, 49.80987], [6.502237, 49.809748], [6.502474, 49.809725], [6.502676, 49.809698], [6.502993, 49.809648], [6.503382, 49.809595], [6.503839, 49.809538], [6.504042, 49.809515], [6.50448, 49.809462], [6.50506, 49.809309], [6.505415, 49.809137], [6.505751, 49.808901], [6.505987, 49.808676], [6.506208, 49.808424], [6.506342, 49.808252], [6.506533, 49.807981], [6.506742, 49.807665], [6.506788, 49.807596], [6.506849, 49.807512], [6.507036, 49.807203], [6.507246, 49.806852], [6.507448, 49.806505], [6.507608, 49.806272], [6.507669, 49.806212], [6.507704, 49.806162], [6.50775, 49.806093], [6.507776, 49.805925], [6.507982, 49.805506], [6.508028, 49.805422], [6.50823, 49.805017], [6.508417, 49.804636], [6.508459, 49.804552], [6.508738, 49.803961], [6.50881, 49.803747], [6.508818, 49.803698], [6.508837, 49.803656], [6.508913, 49.803492], [6.508955, 49.803492], [6.509073, 49.803221], [6.509306, 49.802713], [6.509382, 49.802557], [6.509459, 49.802446], [6.509665, 49.80221], [6.509695, 49.802172], [6.509832, 49.802046], [6.509848, 49.802031], [6.50989, 49.801989], [6.51013, 49.801767], [6.510244, 49.801664], [6.510302, 49.801611], [6.510313, 49.801607], [6.510664, 49.801481], [6.510931, 49.80142], [6.511129, 49.801378], [6.511408, 49.801371], [6.511553, 49.801367], [6.511881, 49.801386], [6.512274, 49.801458], [6.512816, 49.801634], [6.513174, 49.801813], [6.51354, 49.802042], [6.513884, 49.802298], [6.514139, 49.802511], [6.514715, 49.803045], [6.514807, 49.803114], [6.514849, 49.803225], [6.514872, 49.803282], [6.514944, 49.803381], [6.515009, 49.803442], [6.515051, 49.80348], [6.515074, 49.803507], [6.515127, 49.803556], [6.515154, 49.803579], [6.515196, 49.803618], [6.515318, 49.803724], [6.515375, 49.803755], [6.515551, 49.803945], [6.515795, 49.80422], [6.515959, 49.804388], [6.516367, 49.804846], [6.516661, 49.805208], [6.516935, 49.805574], [6.517076, 49.805849], [6.517237, 49.806074], [6.517355, 49.806295], [6.517473, 49.806482], [6.517603, 49.806692], [6.517702, 49.806887], [6.517798, 49.8071], [6.517828, 49.807169], [6.517843, 49.807295], [6.517923, 49.807417], [6.517908, 49.807531], [6.518003, 49.807535], [6.518015, 49.807608], [6.518061, 49.807699], [6.518007, 49.80773], [6.518095, 49.807795], [6.51816, 49.807928], [6.518248, 49.807981], [6.51824, 49.808107], [6.518316, 49.80818], [6.518434, 49.808485], [6.51853, 49.80863], [6.51853, 49.808859], [6.51858, 49.808992], [6.518587, 49.809099], [6.518496, 49.809267], [6.518488, 49.80942], [6.518438, 49.80961], [6.518412, 49.809904], [6.518446, 49.810232], [6.518473, 49.810389], [6.518545, 49.810522], [6.518576, 49.81064], [6.518595, 49.810766], [6.518656, 49.811048], [6.51877, 49.811262], [6.518827, 49.811384], [6.518862, 49.811468], [6.518976, 49.811705], [6.519091, 49.811953], [6.519247, 49.81217], [6.519388, 49.812307], [6.519548, 49.812483], [6.519754, 49.812647], [6.519949, 49.81278], [6.520231, 49.812906], [6.52046, 49.812967], [6.520872, 49.813101], [6.521093, 49.813108], [6.521318, 49.813112], [6.521627, 49.81304], [6.521936, 49.81291], [6.522402, 49.812742], [6.522474, 49.812731], [6.522684, 49.812674], [6.522913, 49.812586], [6.523104, 49.812536], [6.523272, 49.812452], [6.523592, 49.81238], [6.523977, 49.812208], [6.524118, 49.812204], [6.524359, 49.812067], [6.524733, 49.811914], [6.52503, 49.811811], [6.525255, 49.811712], [6.525618, 49.811579], [6.526003, 49.811438], [6.526178, 49.811373], [6.526434, 49.811258], [6.52664, 49.811167], [6.526918, 49.811018], [6.527227, 49.810823], [6.527395, 49.81069], [6.527517, 49.810587], [6.527754, 49.810373], [6.527983, 49.810217], [6.528227, 49.810068], [6.528543, 49.809862], [6.528727, 49.809736], [6.529005, 49.809553], [6.529406, 49.809244], [6.529497, 49.809088], [6.529577, 49.808916], [6.529554, 49.808737], [6.52949, 49.808794], [6.529448, 49.808771], [6.529558, 49.808378], [6.529638, 49.808245], [6.529688, 49.808096], [6.529749, 49.80789], [6.529802, 49.807634], [6.530092, 49.80699], [6.53013, 49.806948], [6.530409, 49.806662], [6.530657, 49.806364], [6.530745, 49.806116], [6.530813, 49.805998], [6.530897, 49.806009], [6.530851, 49.80583], [6.53084, 49.805674], [6.530794, 49.805567], [6.530767, 49.805349], [6.530642, 49.805151], [6.530489, 49.804998], [6.530107, 49.804606], [6.529932, 49.804434], [6.529718, 49.804224], [6.529676, 49.804125], [6.529261, 49.803862], [6.528814, 49.803583], [6.528501, 49.8034], [6.528349, 49.803297], [6.528162, 49.803179], [6.527895, 49.803034], [6.527605, 49.802889], [6.527372, 49.802778], [6.527163, 49.802687], [6.527109, 49.802652], [6.526907, 49.802557], [6.526648, 49.802416], [6.526487, 49.80232], [6.526331, 49.802198], [6.526075, 49.802042], [6.525927, 49.801886], [6.525778, 49.801783], [6.525595, 49.801615], [6.525408, 49.801451], [6.525217, 49.801302], [6.525084, 49.801195], [6.524904, 49.801043], [6.524801, 49.800882], [6.524691, 49.800756], [6.524462, 49.800535], [6.52434, 49.800386], [6.524046, 49.800123], [6.523886, 49.799963], [6.52355, 49.799673], [6.523363, 49.799524], [6.523188, 49.799406], [6.523004, 49.799253], [6.522867, 49.799093], [6.522787, 49.798956], [6.522688, 49.798842], [6.522589, 49.798704], [6.522402, 49.798483], [6.522215, 49.798277], [6.522108, 49.798132], [6.521948, 49.797911], [6.521841, 49.797773], [6.521688, 49.797583], [6.521608, 49.79748], [6.521418, 49.797293], [6.521238, 49.797148], [6.521051, 49.797014], [6.520968, 49.796965], [6.520704, 49.796766], [6.520533, 49.796656], [6.52033, 49.796553], [6.520117, 49.796411], [6.519766, 49.79627], [6.519434, 49.796114], [6.519075, 49.795977], [6.518949, 49.795935], [6.518534, 49.79579], [6.518152, 49.795652], [6.517965, 49.795599], [6.517534, 49.795534], [6.517267, 49.795439], [6.517168, 49.795389], [6.516916, 49.795267], [6.516729, 49.795191], [6.516458, 49.79508], [6.516146, 49.794935], [6.515818, 49.794733], [6.515779, 49.794706], [6.515428, 49.794539], [6.515154, 49.794439], [6.514608, 49.794176], [6.51441, 49.7941], [6.514181, 49.794012], [6.513967, 49.79394], [6.513636, 49.79384], [6.513205, 49.793703], [6.512545, 49.793535], [6.512083, 49.793447], [6.511923, 49.793421], [6.511637, 49.793371], [6.511286, 49.793306], [6.510759, 49.793188], [6.510218, 49.79302], [6.509748, 49.792871], [6.509279, 49.792738], [6.509142, 49.792688], [6.509096, 49.79265], [6.508699, 49.792444], [6.508577, 49.792395], [6.508486, 49.792349], [6.508387, 49.792299], [6.508306, 49.792292], [6.507326, 49.791944], [6.507227, 49.791849], [6.507013, 49.791616], [6.506762, 49.791357], [6.506537, 49.791124], [6.506395, 49.790991], [6.506227, 49.790808], [6.506082, 49.790617], [6.505831, 49.790255], [6.505739, 49.79006], [6.505655, 49.789823], [6.50561, 49.789637], [6.505583, 49.789442], [6.505579, 49.789305], [6.505594, 49.789095], [6.505625, 49.788938], [6.505674, 49.788721], [6.505701, 49.788679], [6.505739, 49.788546], [6.505903, 49.788244], [6.506037, 49.788061], [6.506212, 49.787844], [6.506357, 49.787691], [6.506659, 49.787439], [6.506861, 49.787294], [6.507139, 49.787111], [6.507338, 49.786993], [6.507437, 49.786943], [6.507639, 49.78684], [6.50783, 49.786737], [6.507986, 49.786646], [6.508291, 49.786516], [6.508734, 49.786322], [6.50923, 49.786131], [6.509665, 49.785936], [6.510233, 49.785726], [6.510611, 49.785574], [6.510973, 49.785467], [6.511312, 49.785391], [6.511919, 49.785261], [6.512419, 49.785151], [6.512842, 49.785051], [6.513109, 49.784979], [6.513487, 49.784857], [6.513811, 49.78472], [6.513956, 49.784651], [6.514277, 49.784529], [6.514646, 49.784399], [6.514925, 49.784281], [6.515307, 49.784098], [6.51544, 49.784033], [6.515577, 49.783964], [6.515619, 49.78393], [6.515802, 49.783838], [6.51594, 49.783747], [6.515966, 49.783712], [6.516191, 49.783594], [6.516298, 49.783392], [6.516348, 49.783293], [6.516485, 49.783205], [6.516604, 49.783125], [6.516684, 49.782972], [6.516813, 49.78277], [6.516901, 49.782579], [6.516855, 49.78245], [6.516783, 49.782282], [6.516699, 49.782125], [6.516626, 49.781992], [6.516466, 49.781794], [6.516371, 49.781668], [6.516302, 49.781618], [6.516241, 49.781553], [6.516146, 49.781466], [6.516062, 49.781397], [6.51597, 49.781271], [6.515822, 49.781153], [6.515726, 49.781069], [6.515589, 49.780935], [6.515486, 49.780867], [6.515337, 49.780756], [6.515249, 49.780664], [6.515051, 49.780497], [6.514944, 49.780371], [6.514441, 49.779978], [6.51428, 49.779848], [6.514017, 49.77965], [6.513666, 49.779402], [6.51309, 49.778974], [6.512972, 49.778868], [6.512816, 49.778742], [6.512701, 49.77865], [6.512552, 49.778536], [6.512407, 49.778421], [6.51222, 49.778284], [6.51169, 49.777903], [6.511507, 49.777777], [6.511248, 49.777624], [6.511045, 49.777452], [6.510881, 49.777304], [6.510763, 49.777205], [6.510576, 49.777006], [6.510477, 49.776861], [6.510344, 49.776697], [6.510252, 49.776495], [6.510199, 49.776339], [6.510065, 49.776045], [6.50997, 49.775774], [6.509848, 49.775545], [6.509726, 49.775217], [6.509649, 49.774939], [6.509607, 49.774691], [6.509592, 49.774458], [6.509584, 49.774279], [6.509565, 49.774115], [6.509573, 49.773798], [6.509653, 49.773623], [6.509817, 49.773447], [6.510061, 49.773298], [6.51053, 49.773077], [6.510824, 49.77297], [6.510981, 49.772898], [6.511175, 49.772833], [6.511545, 49.772695], [6.511759, 49.772604], [6.511778, 49.772558], [6.511808, 49.772509], [6.511934, 49.772448], [6.512091, 49.772409], [6.512365, 49.772295], [6.512526, 49.772257], [6.512728, 49.772158], [6.512949, 49.772062], [6.513033, 49.771967], [6.513155, 49.771913], [6.513273, 49.771856], [6.513399, 49.771769], [6.513525, 49.7717], [6.513674, 49.771593], [6.513693, 49.771582], [6.513815, 49.771524], [6.513918, 49.77144], [6.514067, 49.771353], [6.514231, 49.771254], [6.514322, 49.771204], [6.514406, 49.771139], [6.51454, 49.771059], [6.514608, 49.771021], [6.514719, 49.770952], [6.514788, 49.770895], [6.514925, 49.770822], [6.515066, 49.770723], [6.515329, 49.770517], [6.515688, 49.770262], [6.515822, 49.770151], [6.516119, 49.769903], [6.516363, 49.769705], [6.516523, 49.769552], [6.516664, 49.769404], [6.516874, 49.769194], [6.517099, 49.768949], [6.517279, 49.76874], [6.517443, 49.768534], [6.5175, 49.768393], [6.517591, 49.76824], [6.517698, 49.767996], [6.517767, 49.767691], [6.517916, 49.767515], [6.517946, 49.767347], [6.517855, 49.767149], [6.517836, 49.766901], [6.51771, 49.766706], [6.517645, 49.76655], [6.517618, 49.766161], [6.517565, 49.76597], [6.517557, 49.765856], [6.517527, 49.765799], [6.517557, 49.765711], [6.517492, 49.765638], [6.517561, 49.765581], [6.517557, 49.76544], [6.51753, 49.765367], [6.51758, 49.765318], [6.517542, 49.765226], [6.517565, 49.765181], [6.517588, 49.765009], [6.517649, 49.764795], [6.517687, 49.764616], [6.517729, 49.764395], [6.517778, 49.764231], [6.517813, 49.764101], [6.51787, 49.763903], [6.517923, 49.76372], [6.517988, 49.763437], [6.518114, 49.763029], [6.518167, 49.762785], [6.518164, 49.762518], [6.518167, 49.762457], [6.518167, 49.762354], [6.518152, 49.762106], [6.518034, 49.761797], [6.517965, 49.761602], [6.517729, 49.761209], [6.51753, 49.761019], [6.517302, 49.760832], [6.517122, 49.760683], [6.516863, 49.760454], [6.516584, 49.760248], [6.516348, 49.760061], [6.516127, 49.759878], [6.515837, 49.759653], [6.515619, 49.759485], [6.515367, 49.759287], [6.515135, 49.75913], [6.515146, 49.759111], [6.514795, 49.758852], [6.514513, 49.758696], [6.514181, 49.758535], [6.513899, 49.75839], [6.513666, 49.758272], [6.513495, 49.758184], [6.513319, 49.758097], [6.5133, 49.758085], [6.513288, 49.758062], [6.513262, 49.758062], [6.513052, 49.757959], [6.51277, 49.757826], [6.512484, 49.757746], [6.512281, 49.757666], [6.512114, 49.757639], [6.511805, 49.757524], [6.511538, 49.75741], [6.51129, 49.757341], [6.511103, 49.757299], [6.510904, 49.75725], [6.510614, 49.757189], [6.510313, 49.757105], [6.510141, 49.757097], [6.509775, 49.75704], [6.509558, 49.756971], [6.509241, 49.756906], [6.50905, 49.756868], [6.508612, 49.756746], [6.508295, 49.756659], [6.507956, 49.756567], [6.507612, 49.756495], [6.507296, 49.756388], [6.507112, 49.756338], [6.506868, 49.756269], [6.506632, 49.756178], [6.506498, 49.756117], [6.506151, 49.756052], [6.505972, 49.755991], [6.505751, 49.755918], [6.505537, 49.755842], [6.505255, 49.755773], [6.50495, 49.755671], [6.504717, 49.755598], [6.504557, 49.755522], [6.504263, 49.755434], [6.503859, 49.75527], [6.503591, 49.755136], [6.503355, 49.755045], [6.503138, 49.754938], [6.502867, 49.754789], [6.502695, 49.754694], [6.502409, 49.754522], [6.502024, 49.75424], [6.501768, 49.754072], [6.501661, 49.753969], [6.501539, 49.75379], [6.501337, 49.753637], [6.501314, 49.753599], [6.501223, 49.753576], [6.501165, 49.753466], [6.501078, 49.753355], [6.500944, 49.753176], [6.500887, 49.753088], [6.500731, 49.752928], [6.500643, 49.752867], [6.500574, 49.752756], [6.500444, 49.752569], [6.500322, 49.752382], [6.500197, 49.752123], [6.500151, 49.751978], [6.500147, 49.751932], [6.50012, 49.751776], [6.500116, 49.751661], [6.500116, 49.75144], [6.500158, 49.751211], [6.500181, 49.75107], [6.500208, 49.750925], [6.500235, 49.750681], [6.500238, 49.750494], [6.500223, 49.750265], [6.500258, 49.749979], [6.500235, 49.749712], [6.500227, 49.749552], [6.500216, 49.749411], [6.500219, 49.749273], [6.500208, 49.749124], [6.500189, 49.748991], [6.500216, 49.748827], [6.500242, 49.748655], [6.500299, 49.748495], [6.500353, 49.748308], [6.500429, 49.748137], [6.50065, 49.747866], [6.500761, 49.747717], [6.500963, 49.747496], [6.501123, 49.74729], [6.501188, 49.747187], [6.501265, 49.747049], [6.501326, 49.746962], [6.501436, 49.746862], [6.501657, 49.74666], [6.501822, 49.746466], [6.501909, 49.746363], [6.50202, 49.746267], [6.502157, 49.74605], [6.502192, 49.746008], [6.502268, 49.745962], [6.502294, 49.745909], [6.502352, 49.745787], [6.502348, 49.745653], [6.50231, 49.745523], [6.502306, 49.745508], [6.502237, 49.745382], [6.502203, 49.745314], [6.502089, 49.745119], [6.502031, 49.744986], [6.501925, 49.744787], [6.501841, 49.744631], [6.501772, 49.744501], [6.501726, 49.744398], [6.501726, 49.74428], [6.501696, 49.744215], [6.501654, 49.744078], [6.501604, 49.743895], [6.501635, 49.743635], [6.501627, 49.743387], [6.501562, 49.743155], [6.501539, 49.742952], [6.501566, 49.7428], [6.50168, 49.742594], [6.50176, 49.742464], [6.501822, 49.742327], [6.501886, 49.742174], [6.501932, 49.741995], [6.501932, 49.74164], [6.501902, 49.741484], [6.50189, 49.741255], [6.501932, 49.741049], [6.501997, 49.740816], [6.502016, 49.740614], [6.502008, 49.740477], [6.50205, 49.740232], [6.502054, 49.739992], [6.502066, 49.739786], [6.502077, 49.739573], [6.502058, 49.739515], [6.50205, 49.739187], [6.502012, 49.738985], [6.501963, 49.738813], [6.501867, 49.738489], [6.501822, 49.738298], [6.50178, 49.738127], [6.501734, 49.737913], [6.501673, 49.737696], [6.501596, 49.737448], [6.501585, 49.737249], [6.501581, 49.737226], [6.501558, 49.737024], [6.501539, 49.736826], [6.501493, 49.736616], [6.501482, 49.736368], [6.501455, 49.73612], [6.50144, 49.735815], [6.50144, 49.735647], [6.501429, 49.73543], [6.501425, 49.735289], [6.501436, 49.735003], [6.501459, 49.734839], [6.501535, 49.734629], [6.501566, 49.734488], [6.501612, 49.734178], [6.501604, 49.733999], [6.501589, 49.733759], [6.501593, 49.7334], [6.501627, 49.733271], [6.501604, 49.733156], [6.5016, 49.733126], [6.501581, 49.732985], [6.501589, 49.73295], [6.501604, 49.732878], [6.501677, 49.732656], [6.50176, 49.732435], [6.501825, 49.73229], [6.501982, 49.732069], [6.502108, 49.731909], [6.502302, 49.731703], [6.502512, 49.731524], [6.502668, 49.731352], [6.502806, 49.731245], [6.502947, 49.73115], [6.503073, 49.73105], [6.503164, 49.730982], [6.503515, 49.730738], [6.503733, 49.730562], [6.504034, 49.730345], [6.504244, 49.730181], [6.50453, 49.729982], [6.504721, 49.729834], [6.505262, 49.729479], [6.505701, 49.729204], [6.506369, 49.7288], [6.506681, 49.72864], [6.507048, 49.728453], [6.507376, 49.728296], [6.507753, 49.728132], [6.508066, 49.728018], [6.50839, 49.727938], [6.508703, 49.727842], [6.509157, 49.727674], [6.509359, 49.727617], [6.510195, 49.7274], [6.510565, 49.727301], [6.510748, 49.727243], [6.511038, 49.727129], [6.511221, 49.727049], [6.511511, 49.726927], [6.511747, 49.726767], [6.512098, 49.726576], [6.512239, 49.726538], [6.512285, 49.726484], [6.512461, 49.726377], [6.512575, 49.726297], [6.512751, 49.726214], [6.512926, 49.726133], [6.513025, 49.726088], [6.513136, 49.72603], [6.513285, 49.725958], [6.513498, 49.725828], [6.513662, 49.72574], [6.5138, 49.725664], [6.514063, 49.725496], [6.514299, 49.725405], [6.514792, 49.725233], [6.515066, 49.725161], [6.515314, 49.725088], [6.515482, 49.725042], [6.515634, 49.724989], [6.515894, 49.724882], [6.516123, 49.72476], [6.516272, 49.724665], [6.516439, 49.724565], [6.516619, 49.724443], [6.516756, 49.724314], [6.517016, 49.724035], [6.517073, 49.723818], [6.517149, 49.723471], [6.517061, 49.723364], [6.516985, 49.723272], [6.516836, 49.723131], [6.51671, 49.723002], [6.516611, 49.722898], [6.51652, 49.722792], [6.516321, 49.722681], [6.516218, 49.722582], [6.516043, 49.722467], [6.515951, 49.722376], [6.515764, 49.722242], [6.515547, 49.722082], [6.515333, 49.721956], [6.515165, 49.72188], [6.514914, 49.721731], [6.514704, 49.721651], [6.514463, 49.721548], [6.514299, 49.72151], [6.513933, 49.721487], [6.513605, 49.721472], [6.513044, 49.721449], [6.512625, 49.721376], [6.512308, 49.721342], [6.512049, 49.721312], [6.511831, 49.721292], [6.511499, 49.721235], [6.511305, 49.72125], [6.510954, 49.72127], [6.510889, 49.721323], [6.510817, 49.721384], [6.510633, 49.721453], [6.510553, 49.721567], [6.510309, 49.721754], [6.510222, 49.721842], [6.510115, 49.721891], [6.509829, 49.722158], [6.509466, 49.722536], [6.50931, 49.722708], [6.509111, 49.722895], [6.508947, 49.723059], [6.508711, 49.723261], [6.508562, 49.723421], [6.508528, 49.723448], [6.508284, 49.723627], [6.508039, 49.723791], [6.507807, 49.723978], [6.507624, 49.724115], [6.507418, 49.724306], [6.507105, 49.724554], [6.506868, 49.724699], [6.506681, 49.724863], [6.506537, 49.724989], [6.506258, 49.725298], [6.506033, 49.725504], [6.505838, 49.72571], [6.505667, 49.725843], [6.505381, 49.726023], [6.505148, 49.726141], [6.5049, 49.726233], [6.504679, 49.726297], [6.504316, 49.726381], [6.504042, 49.726473], [6.503389, 49.726721], [6.502806, 49.726915], [6.502565, 49.726969], [6.502279, 49.726999], [6.50205, 49.727026], [6.501696, 49.727037], [6.501299, 49.727057], [6.501032, 49.727072], [6.500666, 49.727087], [6.50033, 49.727076], [6.499941, 49.727064], [6.499514, 49.727045], [6.499197, 49.72703], [6.49888, 49.727011], [6.498602, 49.72698], [6.498262, 49.726934], [6.497484, 49.726854], [6.497126, 49.726808], [6.496771, 49.726706], [6.496244, 49.726454], [6.495863, 49.726286], [6.495768, 49.72621], [6.495756, 49.726202], [6.495726, 49.726187], [6.495714, 49.726179], [6.495478, 49.726084], [6.49531, 49.72595], [6.495188, 49.725824], [6.495153, 49.725794], [6.495031, 49.725653], [6.494909, 49.725439], [6.494791, 49.725214], [6.494722, 49.72502], [6.4947, 49.724787], [6.494696, 49.724569], [6.494776, 49.724337], [6.494898, 49.724062], [6.494932, 49.724001], [6.495054, 49.723803], [6.495104, 49.72373], [6.495455, 49.723276], [6.495874, 49.722841], [6.496035, 49.722692], [6.496256, 49.722521], [6.496512, 49.722357], [6.496752, 49.722227], [6.496904, 49.722139], [6.497213, 49.721945], [6.497454, 49.721773], [6.497511, 49.721731], [6.498011, 49.721369], [6.498701, 49.720858], [6.499037, 49.720594], [6.499262, 49.72043], [6.499659, 49.720152], [6.49999, 49.719923], [6.500277, 49.719729], [6.500689, 49.719454], [6.500914, 49.719316], [6.501257, 49.719099], [6.501753, 49.718794], [6.502192, 49.718527], [6.502749, 49.718214], [6.503164, 49.717978], [6.503511, 49.717783], [6.503958, 49.717535], [6.504255, 49.71739], [6.504648, 49.717184], [6.50495, 49.71702], [6.50519, 49.71689], [6.505518, 49.716707], [6.505575, 49.716677], [6.505724, 49.716581], [6.50577, 49.716547], [6.505957, 49.716429], [6.505976, 49.716413], [6.506094, 49.716314], [6.506178, 49.716208], [6.506243, 49.716108], [6.506296, 49.715948], [6.506361, 49.715715], [6.50638, 49.715593], [6.506399, 49.71546], [6.506403, 49.715406], [6.506414, 49.71525], [6.506422, 49.715082], [6.506418, 49.714941], [6.506399, 49.714739], [6.506373, 49.714651], [6.506338, 49.714399], [6.50633, 49.7143], [6.506327, 49.714247], [6.506323, 49.714212], [6.506315, 49.7139], [6.506315, 49.713812], [6.5063, 49.713705], [6.506266, 49.713503], [6.506166, 49.713507], [6.505861, 49.713518], [6.50503, 49.713549], [6.504927, 49.713549], [6.504812, 49.713602], [6.504557, 49.713594], [6.504271, 49.713579], [6.503977, 49.713556], [6.503973, 49.713491], [6.503725, 49.713461], [6.503336, 49.7134], [6.502958, 49.713335], [6.50268, 49.713282], [6.502294, 49.713201], [6.501833, 49.713095], [6.501726, 49.713068], [6.501375, 49.712984], [6.501131, 49.712927], [6.500944, 49.712874], [6.500757, 49.712812], [6.500559, 49.712748], [6.500345, 49.712671], [6.500109, 49.712584], [6.500113, 49.712568], [6.500063, 49.712549], [6.500055, 49.7125], [6.500029, 49.712465], [6.499971, 49.712442], [6.499708, 49.712343], [6.499414, 49.712236], [6.499205, 49.712141], [6.498938, 49.712023], [6.498659, 49.711882], [6.498373, 49.711729], [6.498117, 49.711576], [6.49761, 49.711248], [6.497339, 49.711054], [6.497156, 49.710924], [6.496683, 49.710585], [6.496187, 49.710253], [6.495752, 49.709955], [6.495256, 49.709604], [6.494989, 49.709417], [6.494493, 49.70907], [6.494043, 49.708757], [6.493708, 49.708506], [6.493322, 49.708223], [6.493265, 49.708181], [6.492998, 49.707983], [6.492662, 49.70772], [6.492037, 49.707205], [6.491766, 49.706934], [6.491423, 49.706514], [6.491281, 49.706366], [6.491056, 49.70616], [6.490828, 49.705961], [6.490576, 49.705744], [6.490354, 49.705545], [6.490141, 49.705381], [6.489946, 49.705225], [6.489748, 49.705072], [6.489416, 49.704828], [6.489126, 49.704603], [6.488668, 49.704298], [6.488531, 49.704199], [6.488214, 49.703989], [6.487974, 49.703814], [6.48768, 49.703619], [6.486933, 49.7031], [6.48662, 49.702875], [6.486341, 49.702661], [6.48604, 49.702417], [6.485807, 49.702223], [6.485518, 49.701967], [6.485243, 49.701715], [6.484961, 49.701448], [6.48464, 49.701155], [6.484308, 49.700853], [6.4839, 49.700483], [6.483522, 49.70019], [6.483538, 49.700163], [6.483538, 49.700151], [6.481897, 49.698664], [6.481886, 49.698656], [6.481615, 49.698477], [6.480596, 49.697802], [6.480566, 49.697782], [6.480486, 49.697683], [6.480337, 49.697603], [6.480162, 49.697496], [6.48004, 49.697432], [6.479895, 49.697367], [6.479685, 49.697252], [6.479509, 49.697184], [6.479258, 49.697058], [6.479479, 49.696696], [6.479203, 49.696494], [6.478594, 49.696273], [6.477378, 49.695907], [6.476228, 49.695644], [6.474858, 49.695281], [6.473881, 49.694977], [6.472947, 49.694626], [6.471295, 49.693913], [6.470143, 49.693462], [6.469514, 49.693268], [6.468754, 49.693073], [6.467559, 49.692863], [6.464175, 49.692451], [6.46311, 49.692283], [6.461917, 49.692062], [6.461429, 49.691948], [6.461331, 49.691921], [6.460667, 49.691713], [6.46007, 49.691429], [6.459565, 49.691135], [6.458346, 49.690323], [6.457561, 49.689594], [6.457299, 49.689296], [6.456927, 49.688735], [6.456534, 49.68806], [6.455921, 49.686965], [6.455287, 49.686008], [6.45437, 49.684971], [6.452933, 49.683597], [6.451539, 49.682461], [6.44968, 49.680778], [6.449599, 49.680706], [6.44919, 49.680297], [6.447898, 49.678851], [6.447336, 49.678165], [6.44648, 49.677447], [6.443787, 49.675602], [6.436218, 49.671173], [6.435782, 49.670978], [6.43511, 49.670757], [6.433958, 49.670574], [6.433307, 49.670421], [6.432177, 49.670032], [6.431872, 49.669864], [6.431395, 49.669513], [6.428975, 49.667225], [6.428038, 49.666214], [6.427163, 49.665161], [6.426639, 49.664417], [6.426356, 49.66399], [6.42613, 49.663498], [6.425938, 49.662967], [6.425849, 49.662433], [6.425846, 49.662082], [6.425953, 49.661689], [6.426211, 49.661334], [6.426556, 49.660983], [6.426924, 49.660701], [6.427465, 49.660419], [6.428136, 49.660236], [6.428893, 49.660117], [6.429653, 49.660075], [6.430565, 49.660129], [6.432278, 49.660293], [6.432907, 49.660392], [6.434253, 49.660472], [6.435105, 49.660423], [6.435987, 49.660274], [6.436832, 49.660072], [6.437741, 49.659747], [6.438412, 49.65945], [6.439016, 49.65911], [6.439535, 49.658744], [6.439988, 49.658306], [6.440225, 49.657898], [6.440375, 49.657444], [6.440475, 49.656879], [6.440405, 49.655967], [6.440247, 49.654869], [6.439957, 49.65324], [6.439758, 49.65248], [6.43956, 49.651946], [6.439144, 49.651061], [6.43875, 49.650386], [6.437954, 49.649269], [6.437089, 49.648056], [6.436329, 49.64693], [6.435274, 49.645202], [6.432061, 49.640274], [6.431104, 49.638859], [6.430231, 49.637806], [6.42855, 49.635585], [6.428156, 49.634941], [6.427164, 49.633147], [6.427084, 49.632999], [6.426799, 49.632424], [6.426623, 49.631962], [6.426091, 49.629993], [6.425805, 49.629219], [6.425258, 49.628135], [6.424035, 49.626453], [6.423357, 49.625427], [6.423073, 49.624877], [6.422918, 49.624416], [6.422638, 49.62233], [6.42253, 49.621727], [6.422442, 49.621528], [6.420979, 49.619701], [6.419319, 49.61737], [6.418993, 49.617118], [6.418123, 49.616714], [6.414103, 49.615272], [6.413624, 49.615047], [6.412711, 49.614575], [6.410014, 49.612709], [6.409474, 49.612285], [6.408531, 49.61129], [6.407883, 49.610733], [6.407034, 49.61021], [6.406529, 49.609874], [6.405946, 49.609428], [6.405335, 49.608852], [6.404567, 49.608077], [6.404267, 49.607688], [6.404069, 49.60728], [6.403479, 49.60617], [6.402648, 49.604934], [6.40219, 49.604488], [6.39962, 49.602577], [6.398075, 49.60168], [6.397099, 49.601219], [6.396142, 49.600841], [6.395253, 49.600563], [6.394471, 49.600353], [6.393927, 49.600242], [6.392672, 49.599998], [6.392428, 49.599952], [6.391712, 49.599853], [6.390628, 49.5998], [6.387614, 49.599906], [6.386768, 49.599906], [6.386269, 49.599826], [6.38551, 49.599575], [6.384073, 49.59893], [6.38292, 49.598369], [6.38219, 49.597957], [6.381297, 49.597343], [6.3801, 49.596466], [6.379088, 49.595589], [6.377246, 49.593918], [6.376173, 49.592853], [6.375465, 49.592056], [6.375001, 49.591392], [6.374639, 49.590717], [6.37446, 49.590122], [6.374432, 49.589816], [6.374401, 49.589484], [6.374464, 49.588515], [6.374714, 49.58752], [6.375106, 49.586689], [6.375599, 49.585976], [6.376765, 49.584839], [6.377543, 49.584243], [6.37834, 49.583755], [6.380691, 49.582439], [6.381448, 49.581939], [6.38194, 49.581516], [6.382437, 49.581001], [6.382761, 49.580512], [6.382885, 49.580089], [6.38295, 49.579585], [6.382917, 49.579112], [6.382821, 49.578716], [6.382773, 49.578541], [6.382451, 49.577835], [6.382094, 49.577213], [6.381684, 49.576828], [6.381101, 49.576526], [6.380429, 49.576404], [6.378923, 49.576343], [6.377367, 49.576443], [6.376105, 49.576717], [6.375193, 49.577023], [6.374493, 49.577286], [6.37364, 49.577705], [6.372694, 49.578246], [6.371958, 49.578601], [6.371306, 49.578876], [6.370897, 49.578956], [6.370286, 49.57898], [6.369739, 49.578952], [6.368455, 49.57875], [6.365935, 49.578095], [6.364389, 49.577599], [6.362603, 49.576935], [6.36145, 49.576404], [6.360639, 49.575924], [6.359807, 49.575351], [6.358998, 49.574688], [6.358065, 49.573837], [6.357722, 49.573402], [6.357519, 49.573001], [6.357381, 49.572486], [6.357382, 49.572143], [6.357507, 49.571769], [6.357754, 49.571414], [6.358451, 49.570781], [6.359187, 49.570266], [6.361477, 49.569027], [6.365785, 49.566906], [6.366032, 49.56678], [6.375493, 49.561786], [6.376627, 49.561183], [6.37841, 49.560177], [6.380394, 49.559013], [6.381458, 49.55825], [6.382216, 49.557483], [6.382443, 49.557087], [6.382526, 49.556808], [6.382467, 49.556503], [6.381968, 49.554817], [6.381423, 49.553252], [6.380878, 49.552284], [6.379993, 49.551064], [6.378412, 49.548999], [6.377842, 49.5485], [6.377598, 49.548313], [6.37646, 49.547729], [6.37585, 49.547386], [6.373956, 49.546153], [6.370184, 49.543314], [6.369865, 49.54304], [6.368488, 49.541321], [6.368103, 49.540897], [6.367614, 49.540458], [6.367003, 49.539993], [6.365837, 49.539344], [6.36324, 49.538001], [6.360881, 49.536533], [6.360654, 49.536365], [6.359718, 49.535358], [6.358781, 49.534222], [6.357744, 49.532894], [6.357153, 49.532062], [6.356828, 49.531662], [6.356624, 49.531254], [6.356543, 49.530884], [6.356483, 49.530182], [6.356524, 49.529769], [6.356666, 49.529174], [6.357562, 49.527347], [6.358418, 49.525718], [6.359173, 49.523441], [6.360924, 49.519489], [6.365643, 49.509925], [6.366462, 49.508281], [6.36683, 49.507419], [6.367117, 49.505799], [6.367635, 49.504351], [6.367922, 49.503282], [6.368029, 49.50164], [6.367555, 49.500157], [6.367198, 49.498404], [6.367048, 49.496475], [6.367052, 49.495746], [6.36739, 49.493671], [6.369288, 49.488998], [6.369158, 49.487022], [6.368617, 49.484787], [6.368064, 49.482276], [6.367908, 49.48099], [6.367715, 49.479276], [6.367914, 49.475884], [6.368424, 49.47159], [6.367727, 49.469418], [6.366279, 49.467784], [6.366214, 49.467398], [6.366216, 49.466549], [6.36709, 49.465764], [6.367439, 49.465362], [6.367563, 49.46506], [6.367697, 49.464252], [6.367845, 49.46352], [6.368109, 49.46249], [6.368311, 49.461617], [6.368589, 49.460854], [6.368891, 49.459872], [6.368078, 49.459805], [6.367983, 49.459797], [6.367956, 49.459795], [6.367605, 49.45977], [6.367201, 49.459766], [6.366739, 49.459682], [6.366507, 49.459663], [6.36622, 49.459644], [6.365126, 49.45958], [6.36445, 49.459503], [6.364351, 49.459576], [6.363642, 49.459923], [6.363455, 49.460075], [6.362654, 49.460354], [6.361788, 49.46078], [6.361364, 49.46101], [6.360548, 49.461422], [6.360273, 49.46164], [6.359713, 49.46206], [6.359304, 49.462345], [6.358439, 49.462925], [6.357069, 49.463875], [6.356039, 49.46462], [6.355295, 49.465256], [6.355246, 49.465298], [6.354471, 49.465935], [6.353689, 49.466564], [6.352854, 49.467316], [6.351099, 49.46704], [6.351042, 49.4671], [6.349897, 49.46691], [6.348745, 49.466167], [6.347254, 49.465878], [6.345865, 49.466534], [6.344328, 49.467655], [6.342676, 49.46908], [6.34265, 49.469105], [6.340101, 49.468227], [6.340075, 49.468235], [6.339232, 49.468502], [6.339052, 49.46855], [6.338846, 49.4686], [6.338751, 49.46862], [6.337961, 49.46845], [6.335401, 49.46749], [6.334024, 49.466938], [6.333681, 49.46745], [6.333113, 49.468742], [6.332804, 49.469593], [6.332789, 49.46963], [6.331949, 49.469788], [6.33103, 49.469944], [6.330442, 49.469994], [6.329897, 49.470062], [6.329786, 49.470142], [6.329615, 49.470367], [6.329569, 49.470573], [6.329496, 49.470875], [6.329428, 49.471058], [6.329258, 49.471395], [6.329119, 49.471672], [6.328953, 49.471916], [6.328806, 49.472134], [6.328671, 49.472312], [6.328543, 49.47248], [6.328302, 49.472733], [6.328257, 49.472713], [6.327444, 49.472366], [6.325335, 49.473812], [6.325106, 49.474003], [6.324804, 49.474304], [6.324499, 49.474678], [6.324701, 49.474762], [6.323271, 49.475647], [6.321638, 49.476673], [6.321573, 49.476675], [6.321508, 49.476677], [6.320959, 49.477184], [6.320692, 49.477386], [6.32065, 49.47742], [6.320585, 49.477417], [6.320288, 49.477455], [6.3202, 49.477455], [6.320116, 49.477463], [6.31996, 49.47748], [6.319887, 49.477493], [6.319826, 49.477493], [6.319559, 49.477585], [6.319479, 49.47766], [6.319403, 49.477676], [6.319197, 49.47774], [6.31912, 49.47779], [6.319048, 49.477825], [6.318762, 49.47794], [6.318685, 49.47802], [6.318651, 49.478024], [6.318609, 49.478012], [6.318525, 49.47791], [6.318479, 49.477848], [6.318411, 49.47782], [6.318247, 49.477787], [6.318197, 49.47777], [6.318071, 49.477734], [6.318041, 49.477745], [6.317995, 49.4778], [6.317953, 49.477844], [6.317915, 49.477913], [6.317865, 49.47796], [6.3178, 49.478024], [6.317766, 49.478046], [6.317713, 49.478054], [6.317686, 49.478046], [6.317667, 49.47803], [6.317625, 49.477993], [6.317564, 49.477966], [6.317473, 49.477947], [6.317347, 49.477943], [6.317278, 49.477947], [6.317083, 49.477943], [6.316999, 49.477936], [6.316843, 49.477898], [6.316381, 49.47784], [6.316313, 49.47783], [6.316267, 49.4778], [6.31624, 49.477795], [6.316229, 49.477783], [6.316248, 49.477726], [6.316271, 49.477688], [6.316298, 49.47763], [6.316286, 49.477592], [6.316256, 49.477524], [6.316179, 49.477386], [6.316153, 49.477375], [6.316095, 49.477364], [6.316019, 49.477325], [6.315897, 49.47731], [6.315718, 49.477287], [6.315596, 49.47724], [6.315527, 49.477234], [6.315424, 49.477207], [6.31529, 49.477203], [6.315134, 49.477177], [6.315081, 49.47716], [6.314966, 49.47714], [6.314882, 49.47713], [6.314604, 49.47707], [6.3146, 49.477123], [6.314589, 49.477375], [6.31455, 49.477474], [6.31452, 49.47757], [6.314493, 49.477623], [6.314466, 49.4777], [6.314432, 49.477745], [6.314421, 49.47781], [6.314428, 49.477848], [6.314421, 49.477886], [6.314413, 49.47791], [6.31436, 49.47796], [6.31444, 49.47797], [6.314432, 49.47803], [6.314424, 49.478045], [6.314249, 49.47836], [6.313719, 49.479168], [6.31349, 49.479572], [6.312988, 49.480362], [6.312965, 49.480396], [6.312964, 49.480398], [6.312732, 49.48033], [6.311123, 49.479852], [6.309563, 49.479387], [6.308538, 49.479101], [6.308023, 49.478926], [6.307955, 49.47887], [6.307917, 49.47878], [6.307775, 49.478607], [6.307615, 49.47848], [6.306883, 49.477962], [6.306143, 49.477432], [6.305636, 49.477173], [6.305441, 49.47714], [6.305357, 49.47733], [6.305246, 49.47752], [6.305143, 49.47767], [6.304804, 49.477966], [6.304293, 49.47832], [6.303999, 49.477936], [6.303942, 49.477882], [6.303877, 49.477875], [6.303865, 49.47791], [6.303782, 49.478004], [6.303701, 49.47809], [6.303579, 49.478165], [6.303423, 49.478306], [6.303331, 49.478363], [6.303202, 49.478413], [6.303011, 49.478462], [6.302675, 49.478596], [6.302286, 49.478714], [6.302111, 49.47886], [6.301931, 49.47896], [6.3016, 49.47908], [6.301546, 49.47912], [6.301416, 49.479153], [6.301287, 49.479145], [6.301004, 49.47918], [6.300722, 49.479233], [6.300654, 49.479237], [6.300566, 49.479275], [6.300493, 49.479336], [6.300398, 49.479427], [6.300242, 49.479507], [6.300177, 49.47953], [6.300108, 49.47954], [6.299963, 49.479534], [6.299784, 49.47956], [6.299662, 49.47955], [6.299582, 49.47956], [6.29944, 49.479595], [6.299334, 49.479626], [6.299257, 49.479652], [6.299204, 49.479683], [6.299192, 49.479725], [6.299162, 49.47981], [6.299101, 49.47989], [6.29907, 49.480026], [6.299108, 49.480167], [6.299112, 49.48022], [6.299063, 49.480274], [6.298975, 49.480316], [6.298868, 49.48034], [6.298742, 49.480354], [6.298632, 49.480347], [6.298502, 49.480335], [6.29838, 49.480347], [6.298143, 49.480354], [6.297857, 49.480328], [6.297678, 49.48035], [6.297548, 49.480335], [6.297461, 49.48031], [6.2974, 49.48028], [6.297319, 49.480213], [6.297163, 49.480125], [6.297091, 49.480103], [6.296957, 49.48008], [6.296812, 49.480045], [6.296778, 49.480045], [6.296568, 49.4801], [6.296404, 49.480125], [6.296225, 49.480194], [6.296202, 49.480232], [6.296019, 49.48049], [6.295973, 49.48054], [6.295713, 49.480732], [6.295591, 49.48085], [6.295523, 49.4809], [6.295328, 49.481106], [6.295126, 49.481358], [6.295107, 49.48139], [6.295271, 49.481792], [6.295298, 49.481907], [6.295294, 49.48197], [6.29534, 49.482014], [6.295439, 49.482162], [6.295454, 49.482265], [6.295587, 49.48243], [6.295683, 49.48256], [6.295679, 49.482685], [6.295706, 49.482758], [6.295996, 49.482845], [6.296106, 49.482933], [6.29648, 49.483173], [6.296579, 49.4834], [6.296816, 49.48375], [6.296866, 49.48386], [6.296953, 49.484005], [6.297014, 49.48412], [6.297072, 49.484318], [6.29711, 49.4845], [6.297178, 49.484615], [6.297346, 49.48482], [6.297495, 49.484978], [6.29759, 49.48508], [6.297686, 49.485252], [6.297766, 49.485367], [6.297846, 49.485474], [6.297873, 49.485546], [6.297953, 49.48563], [6.298147, 49.48588], [6.298201, 49.48597], [6.298258, 49.48609], [6.298304, 49.486332], [6.298319, 49.48648], [6.29833, 49.48655], [6.298387, 49.48666], [6.298628, 49.48684], [6.298685, 49.486897], [6.298765, 49.48701], [6.298864, 49.48722], [6.298876, 49.487293], [6.298925, 49.487423], [6.29904, 49.487537], [6.299067, 49.48761], [6.299204, 49.48766], [6.299326, 49.487682], [6.299482, 49.487797], [6.299482, 49.487926], [6.299467, 49.48801], [6.29933, 49.48816], [6.299253, 49.48823], [6.299227, 49.48825], [6.299208, 49.488266], [6.299154, 49.488308], [6.299128, 49.488426], [6.299051, 49.488503], [6.298914, 49.488583], [6.2988, 49.488632], [6.298658, 49.48865], [6.298445, 49.488655], [6.298262, 49.488605], [6.297995, 49.488495], [6.297441, 49.488205], [6.2974, 49.48817], [6.297106, 49.487854], [6.296312, 49.48741], [6.296049, 49.487286], [6.29579, 49.487232], [6.295347, 49.487125], [6.294859, 49.48711], [6.294702, 49.4871], [6.294485, 49.487057], [6.294134, 49.487133], [6.293947, 49.487514], [6.293749, 49.48772], [6.293711, 49.487747], [6.293611, 49.48777], [6.293455, 49.487732], [6.293188, 49.487583], [6.292719, 49.48752], [6.292269, 49.48749], [6.292116, 49.48744], [6.29207, 49.487408], [6.291952, 49.4873], [6.291727, 49.486973], [6.291658, 49.486843], [6.291677, 49.486546], [6.291666, 49.486183], [6.291761, 49.48583], [6.291739, 49.48567], [6.291677, 49.48553], [6.291567, 49.485336], [6.291521, 49.485226], [6.29112, 49.484955], [6.291124, 49.484806], [6.291212, 49.48469], [6.291212, 49.48468], [6.29117, 49.484653], [6.290941, 49.48461], [6.29075, 49.484592], [6.290232, 49.484615], [6.289926, 49.48466], [6.289328, 49.48478], [6.288904, 49.484814], [6.288843, 49.48482], [6.288805, 49.484844], [6.288752, 49.484886], [6.28837, 49.48529], [6.288298, 49.485435], [6.288195, 49.48561], [6.288088, 49.48571], [6.287714, 49.48594], [6.287615, 49.486], [6.287542, 49.486073], [6.287542, 49.486153], [6.28779, 49.48654], [6.287882, 49.48661], [6.28795, 49.48665], [6.288111, 49.4867], [6.288504, 49.486725], [6.288672, 49.48671], [6.288797, 49.486664], [6.288877, 49.48656], [6.289003, 49.486347], [6.289061, 49.48629], [6.289148, 49.486263], [6.289255, 49.486263], [6.289408, 49.486298], [6.289473, 49.486324], [6.289556, 49.486423], [6.289568, 49.486504], [6.289572, 49.486652], [6.289556, 49.48681], [6.28953, 49.48694], [6.289511, 49.487], [6.28948, 49.48707], [6.289392, 49.487194], [6.289007, 49.48737], [6.288843, 49.487503], [6.288721, 49.48759], [6.288599, 49.48766], [6.288481, 49.4877], [6.288347, 49.48774], [6.288153, 49.487774], [6.288008, 49.48779], [6.287672, 49.4878], [6.287458, 49.487816], [6.287283, 49.487843], [6.287073, 49.48788], [6.286802, 49.48796], [6.286421, 49.488052], [6.286223, 49.488144], [6.286104, 49.488308], [6.286009, 49.48843], [6.285894, 49.48866], [6.285734, 49.488934], [6.285665, 49.489033], [6.285585, 49.48921], [6.285513, 49.489365], [6.285406, 49.48954], [6.285273, 49.489727], [6.284849, 49.490086], [6.284754, 49.490204], [6.284639, 49.49057], [6.284559, 49.49081], [6.284506, 49.491035], [6.284388, 49.49143], [6.284388, 49.49147], [6.284452, 49.491573], [6.284609, 49.491703], [6.284769, 49.491802], [6.285154, 49.492], [6.285349, 49.49209], [6.28565, 49.492176], [6.285776, 49.49217], [6.285852, 49.492157], [6.28697, 49.49195], [6.287207, 49.491898], [6.287992, 49.491608], [6.288172, 49.49148], [6.288218, 49.491447], [6.288279, 49.491432], [6.288343, 49.49144], [6.288557, 49.49152], [6.288843, 49.491665], [6.2889, 49.49174], [6.288942, 49.491833], [6.288954, 49.491917], [6.288946, 49.49204], [6.288897, 49.49223], [6.288847, 49.492344], [6.288801, 49.49252], [6.288809, 49.492596], [6.288908, 49.492775], [6.289, 49.492855], [6.289091, 49.4929], [6.289156, 49.492928], [6.289354, 49.49298], [6.289526, 49.493008], [6.289618, 49.493042], [6.289671, 49.4931], [6.289705, 49.493225], [6.289686, 49.493286], [6.289667, 49.49332], [6.289648, 49.493393], [6.289618, 49.493713], [6.28956, 49.49383], [6.289446, 49.49394], [6.288919, 49.494324], [6.288633, 49.494434], [6.288534, 49.494457], [6.288416, 49.494473], [6.288252, 49.49446], [6.287748, 49.49438], [6.28747, 49.494297], [6.287256, 49.49417], [6.287062, 49.494022], [6.286932, 49.493916], [6.286413, 49.493626], [6.285982, 49.493397], [6.285902, 49.493366], [6.285391, 49.493214], [6.285158, 49.493137], [6.284834, 49.493095], [6.284639, 49.49308], [6.284273, 49.49303], [6.284105, 49.493], [6.283854, 49.49299], [6.283724, 49.493004], [6.283407, 49.493114], [6.283213, 49.493156], [6.283003, 49.493164], [6.282736, 49.493103], [6.282541, 49.4931], [6.282393, 49.493122], [6.282076, 49.493156], [6.281897, 49.493195], [6.281797, 49.493275], [6.281668, 49.493404], [6.281462, 49.493755], [6.281408, 49.493874], [6.281279, 49.493942], [6.280846, 49.49407], [6.280779, 49.49409], [6.280409, 49.494232], [6.280226, 49.494293], [6.279863, 49.494427], [6.279749, 49.49448], [6.279665, 49.49453], [6.279581, 49.494595], [6.279501, 49.49469], [6.279455, 49.494755], [6.279455, 49.49483], [6.279497, 49.49492], [6.279539, 49.495007], [6.279528, 49.49505], [6.279501, 49.495182], [6.279409, 49.49529], [6.279398, 49.495354], [6.279379, 49.49539], [6.279345, 49.49543], [6.279291, 49.495483], [6.279211, 49.49556], [6.279177, 49.495598], [6.279123, 49.495686], [6.279108, 49.49572], [6.279081, 49.49577], [6.279055, 49.49585], [6.279058, 49.4959], [6.279055, 49.495964], [6.27902, 49.49604], [6.279013, 49.496098], [6.278971, 49.496178], [6.278902, 49.49624], [6.278883, 49.496304], [6.278891, 49.496403], [6.278925, 49.49646], [6.278986, 49.49654], [6.279028, 49.496582], [6.279074, 49.496613], [6.279215, 49.49672], [6.279356, 49.496834], [6.279406, 49.496887], [6.279459, 49.49699], [6.279459, 49.49705], [6.279432, 49.49708], [6.279364, 49.49712], [6.279318, 49.49713], [6.27923, 49.497166], [6.279177, 49.497196], [6.279066, 49.497307], [6.279066, 49.49734], [6.279089, 49.497433], [6.279207, 49.49754], [6.279329, 49.49761], [6.279402, 49.49767], [6.279459, 49.497864], [6.279375, 49.497955], [6.279364, 49.498043], [6.279314, 49.49815], [6.279341, 49.498356], [6.279402, 49.498592], [6.279432, 49.49865], [6.27952, 49.498753], [6.279635, 49.49887], [6.279745, 49.49896], [6.279962, 49.4991], [6.280054, 49.499214], [6.280088, 49.499287], [6.280077, 49.499504], [6.280191, 49.49999], [6.280455, 49.500393], [6.280672, 49.500538], [6.280886, 49.50061], [6.280989, 49.50061], [6.281172, 49.500587], [6.281263, 49.500587], [6.281389, 49.500637], [6.281439, 49.50068], [6.281523, 49.50081], [6.28153, 49.50085], [6.28153, 49.500904], [6.281496, 49.500954], [6.281443, 49.501003], [6.281328, 49.501045], [6.281111, 49.501072], [6.280973, 49.501095], [6.280775, 49.50111], [6.280435, 49.501242], [6.280205, 49.501294], [6.279979, 49.501325], [6.279893, 49.501382], [6.279834, 49.501437], [6.279761, 49.501624], [6.279698, 49.501728], [6.279692, 49.501813], [6.279734, 49.50189], [6.27983, 49.501943], [6.279921, 49.501983], [6.280278, 49.5021], [6.280407, 49.502192], [6.280418, 49.502208], [6.280422, 49.502244], [6.280419, 49.502273], [6.280369, 49.502333], [6.280282, 49.502402], [6.280084, 49.502509], [6.279962, 49.502556], [6.279752, 49.502607], [6.279696, 49.502637], [6.279643, 49.502682], [6.279664, 49.502747], [6.279721, 49.502809], [6.279931, 49.50299], [6.279999, 49.503086], [6.279999, 49.503119], [6.279962, 49.503186], [6.279857, 49.503283], [6.279658, 49.503359], [6.279399, 49.503393], [6.27925, 49.503399], [6.279124, 49.503393], [6.279, 49.503376], [6.278788, 49.503376], [6.278499, 49.503401], [6.278308, 49.503427], [6.278188, 49.503459], [6.278056, 49.503475], [6.27798, 49.503479], [6.27762, 49.503526], [6.277426, 49.503571], [6.277313, 49.503584], [6.277273, 49.503584], [6.277226, 49.503578], [6.277143, 49.503543], [6.277024, 49.503463], [6.276934, 49.503387], [6.276857, 49.503307], [6.276819, 49.503295], [6.276775, 49.503292], [6.2767, 49.503308], [6.276289, 49.503492], [6.275932, 49.503573], [6.275569, 49.503655], [6.275424, 49.503677], [6.275337, 49.503682], [6.274853, 49.50374], [6.274794, 49.503749], [6.274642, 49.503791], [6.274572, 49.503835], [6.274512, 49.503881], [6.274493, 49.503903], [6.274467, 49.503944], [6.274406, 49.504177], [6.274384, 49.504243], [6.274342, 49.504299], [6.274265, 49.504386], [6.274151, 49.504435], [6.274064, 49.504457], [6.273943, 49.504465], [6.273662, 49.504457], [6.273357, 49.50447], [6.272985, 49.504504], [6.272817, 49.504523], [6.272407, 49.504579], [6.272235, 49.504623], [6.271992, 49.504702], [6.271921, 49.504719], [6.271857, 49.504726], [6.271787, 49.504725], [6.271717, 49.504718], [6.271568, 49.504692], [6.271365, 49.50463], [6.271201, 49.50456], [6.271066, 49.504483], [6.270954, 49.504419], [6.270643, 49.50426], [6.270529, 49.504166], [6.270498, 49.504112], [6.270369, 49.504032], [6.270151, 49.50403], [6.269938, 49.504055], [6.269808, 49.50408], [6.269472, 49.504147], [6.269186, 49.50423], [6.268938, 49.504303], [6.268789, 49.50432], [6.268511, 49.504314], [6.26819, 49.50426], [6.267736, 49.504192], [6.267519, 49.504143], [6.267168, 49.50408], [6.266668, 49.504025], [6.266577, 49.50403], [6.265985, 49.50404], [6.265673, 49.504036], [6.26507, 49.50401], [6.264719, 49.503983], [6.264261, 49.503933], [6.263758, 49.50392], [6.263617, 49.503918], [6.26343, 49.50393], [6.263296, 49.503952], [6.263056, 49.504097], [6.263052, 49.50416], [6.262785, 49.504494], [6.262526, 49.504776], [6.262396, 49.504932], [6.262354, 49.505047], [6.262308, 49.505333], [6.26232, 49.50549], [6.262369, 49.50566], [6.262449, 49.5058], [6.262747, 49.506138], [6.262835, 49.506268], [6.26285, 49.50638], [6.262819, 49.506485], [6.262713, 49.506622], [6.262632, 49.506695], [6.262503, 49.50679], [6.262445, 49.506866], [6.262301, 49.50698], [6.262137, 49.507076], [6.261946, 49.50714], [6.261541, 49.50721], [6.261274, 49.507236], [6.26111, 49.507233], [6.260889, 49.50719], [6.260672, 49.50714], [6.26034, 49.50705], [6.260145, 49.507015], [6.260019, 49.507008], [6.259939, 49.507015], [6.259661, 49.50706], [6.259092, 49.507126], [6.258883, 49.507187], [6.258558, 49.50735], [6.258272, 49.507477], [6.258051, 49.507545], [6.257971, 49.507595], [6.257868, 49.507706], [6.257723, 49.507927], [6.257662, 49.508022], [6.25757, 49.508167], [6.257422, 49.508423], [6.257364, 49.508625], [6.257319, 49.509064], [6.257219, 49.509434], [6.257135, 49.509624], [6.257063, 49.50973], [6.257006, 49.509796], [6.256926, 49.50982], [6.256586, 49.509903], [6.256281, 49.509968], [6.256006, 49.50996], [6.255529, 49.50985], [6.255331, 49.509785], [6.25506, 49.50976], [6.254694, 49.509693], [6.254389, 49.509674], [6.253942, 49.50959], [6.253488, 49.50942], [6.253099, 49.509262], [6.252684, 49.50911], [6.252459, 49.509007], [6.252371, 49.509], [6.252272, 49.508965], [6.252138, 49.508953], [6.251959, 49.508923], [6.25149, 49.50889], [6.251291, 49.508877], [6.250464, 49.50884], [6.250238, 49.50881], [6.250017, 49.508762], [6.24935, 49.508583], [6.249186, 49.508556], [6.249083, 49.50855], [6.248777, 49.508545], [6.248629, 49.508522], [6.248445, 49.508507], [6.248415, 49.50851], [6.248342, 49.508526], [6.248266, 49.508564], [6.248114, 49.508614], [6.247732, 49.508728], [6.247522, 49.508766], [6.246916, 49.508892], [6.246565, 49.509037], [6.246405, 49.509197], [6.246393, 49.50937], [6.246344, 49.50953], [6.246267, 49.509644], [6.24621, 49.509773], [6.246038, 49.51005], [6.245996, 49.510094], [6.245913, 49.510277], [6.245882, 49.51032], [6.24581, 49.510372], [6.245779, 49.510433], [6.245699, 49.51055], [6.245493, 49.510735], [6.245405, 49.510963], [6.245325, 49.511215], [6.24523, 49.511395], [6.245134, 49.51151], [6.244989, 49.511593], [6.244871, 49.511627], [6.244337, 49.511707], [6.244165, 49.51176], [6.243887, 49.511833], [6.243627, 49.511845], [6.243517, 49.511875], [6.242952, 49.51194], [6.242712, 49.51191], [6.242258, 49.511898], [6.242067, 49.511868], [6.241819, 49.511875], [6.241709, 49.511925], [6.241644, 49.511963], [6.241571, 49.512054], [6.241552, 49.51215], [6.241571, 49.512257], [6.241568, 49.51235], [6.241507, 49.512463], [6.241369, 49.512577], [6.241335, 49.51268], [6.241377, 49.512882], [6.241499, 49.51311], [6.241518, 49.513157], [6.241625, 49.513176], [6.24164, 49.513187], [6.241697, 49.51326], [6.241728, 49.51335], [6.241709, 49.513435], [6.241777, 49.51369], [6.241743, 49.51376], [6.241751, 49.513832], [6.241747, 49.5139], [6.241766, 49.514084], [6.241716, 49.51423], [6.241663, 49.514305], [6.241533, 49.51441], [6.24151, 49.514446], [6.241388, 49.514515], [6.241327, 49.514538], [6.241236, 49.5146], [6.241209, 49.514633], [6.241117, 49.514668], [6.240992, 49.514698], [6.240896, 49.51478], [6.240782, 49.514862], [6.240725, 49.514904], [6.240651, 49.514937], [6.240583, 49.515015], [6.240648, 49.515022], [6.240534, 49.51507], [6.24048, 49.515095], [6.24021, 49.51532], [6.240183, 49.51534], [6.240122, 49.51538], [6.24, 49.515587], [6.239824, 49.515717], [6.239683, 49.5158], [6.239004, 49.516285], [6.238588, 49.516567], [6.238485, 49.516724], [6.23842, 49.516808], [6.238333, 49.51686], [6.238085, 49.516945], [6.237802, 49.517006], [6.237555, 49.51702], [6.237253, 49.51701], [6.237063, 49.516983], [6.236815, 49.516922], [6.23612, 49.516796], [6.235472, 49.516663], [6.235132, 49.516613], [6.235121, 49.51664], [6.234987, 49.51693], [6.234865, 49.517067], [6.234841, 49.517098], [6.234739, 49.517326], [6.234659, 49.517487], [6.234755, 49.517506], [6.2348, 49.517517], [6.234976, 49.517555], [6.235102, 49.5176], [6.235334, 49.51769], [6.23543, 49.51775], [6.235487, 49.51781], [6.235533, 49.517883], [6.235567, 49.51796], [6.235624, 49.51811], [6.235689, 49.518276], [6.235704, 49.518303], [6.23572, 49.518337], [6.2358, 49.518448], [6.235857, 49.51852], [6.23591, 49.51859], [6.236132, 49.518867], [6.236235, 49.51902], [6.236265, 49.51907], [6.236303, 49.51914], [6.236349, 49.519264], [6.23638, 49.519398], [6.236402, 49.519527], [6.236452, 49.519714], [6.236483, 49.51979], [6.236528, 49.519867], [6.236578, 49.51994], [6.236673, 49.520046], [6.236761, 49.520138], [6.236994, 49.520405], [6.23707, 49.520515], [6.237108, 49.520596], [6.237162, 49.520714], [6.23733, 49.52114], [6.2372, 49.521183], [6.237299, 49.521286], [6.237391, 49.521385], [6.23749, 49.52147], [6.237608, 49.521576], [6.237871, 49.521793], [6.237993, 49.521896], [6.23802, 49.52193], [6.238031, 49.521965], [6.238154, 49.522293], [6.238253, 49.5225], [6.238298, 49.5226], [6.238375, 49.522717], [6.238508, 49.522907], [6.238707, 49.523163], [6.238874, 49.52341], [6.238771, 49.523438], [6.238661, 49.523464], [6.238936, 49.52396], [6.239084, 49.524246], [6.239107, 49.52428], [6.239141, 49.524326], [6.239252, 49.52444], [6.239344, 49.52453], [6.239355, 49.524536], [6.239492, 49.52467], [6.23918, 49.52489], [6.23871, 49.525223], [6.23868, 49.525246], [6.238405, 49.52546], [6.238348, 49.52551], [6.238203, 49.52564], [6.237841, 49.52598], [6.237818, 49.525997], [6.237555, 49.525887], [6.237528, 49.52591], [6.237116, 49.52624], [6.236753, 49.526505], [6.236402, 49.526737], [6.236048, 49.526962], [6.236223, 49.527077], [6.236269, 49.52711], [6.236414, 49.52721], [6.236219, 49.52735], [6.236204, 49.52736], [6.236135, 49.52741], [6.236063, 49.527454], [6.235899, 49.527573], [6.235315, 49.527992], [6.235434, 49.52806], [6.235666, 49.528187], [6.235796, 49.52826], [6.235983, 49.52836], [6.236422, 49.528587], [6.236513, 49.528637], [6.236681, 49.52873], [6.236799, 49.528793], [6.236948, 49.528877], [6.237287, 49.529083], [6.237478, 49.529198], [6.237669, 49.529312], [6.237738, 49.529346], [6.237822, 49.529392], [6.23786, 49.52941], [6.237905, 49.529438], [6.238016, 49.529495], [6.238062, 49.529522], [6.238173, 49.52958], [6.238253, 49.52962], [6.23842, 49.52971], [6.238501, 49.52975], [6.238577, 49.529793], [6.238592, 49.5298], [6.238668, 49.52984], [6.23871, 49.52986], [6.238893, 49.52996], [6.23897, 49.53], [6.239023, 49.53003], [6.239153, 49.530094], [6.239195, 49.530113], [6.239256, 49.530144], [6.23934, 49.53018], [6.239473, 49.530247], [6.239573, 49.530296], [6.23971, 49.530365], [6.239546, 49.530525], [6.239531, 49.530537], [6.239405, 49.53066], [6.239153, 49.5309], [6.239023, 49.531025], [6.238981, 49.531067], [6.238932, 49.531113], [6.238718, 49.53132], [6.238329, 49.531693], [6.238081, 49.531933], [6.237947, 49.532063], [6.23773, 49.532253], [6.237417, 49.532528], [6.237394, 49.532547], [6.237501, 49.532623], [6.237478, 49.532642], [6.237379, 49.532722], [6.237276, 49.53281], [6.237074, 49.53298], [6.236807, 49.533207], [6.236776, 49.53323], [6.236753, 49.533253], [6.236631, 49.533295], [6.236525, 49.533333], [6.23636, 49.533394], [6.236292, 49.533417], [6.236155, 49.533466], [6.236036, 49.533512], [6.235804, 49.533592], [6.235437, 49.533184], [6.234865, 49.53337], [6.23461, 49.533447], [6.234262, 49.53354], [6.234064, 49.53358], [6.233877, 49.533623], [6.233801, 49.533638], [6.233728, 49.533653], [6.233694, 49.533684], [6.233644, 49.533726], [6.233427, 49.533916], [6.232824, 49.534473], [6.232531, 49.534767], [6.23239, 49.534924], [6.232248, 49.5351], [6.232103, 49.53531], [6.231878, 49.5356], [6.231928, 49.53561], [6.231867, 49.535698], [6.231821, 49.535786], [6.231798, 49.53582], [6.231703, 49.535995], [6.231611, 49.536148], [6.231516, 49.536316], [6.231451, 49.536434], [6.23139, 49.536552], [6.231356, 49.536617], [6.231386, 49.536625], [6.231108, 49.537163], [6.230848, 49.53767], [6.230719, 49.537655], [6.230623, 49.537647], [6.230372, 49.537617], [6.229944, 49.53758], [6.229708, 49.537567], [6.229368, 49.53756], [6.228804, 49.53756], [6.228823, 49.537643], [6.228865, 49.537766], [6.228914, 49.537888], [6.228929, 49.537933], [6.229021, 49.53813], [6.229105, 49.538307], [6.229166, 49.538433], [6.228979, 49.538483], [6.228781, 49.53854], [6.228838, 49.5388], [6.228918, 49.539177], [6.228968, 49.53932], [6.229013, 49.53942], [6.229032, 49.539455], [6.229078, 49.53953], [6.229147, 49.539616], [6.229284, 49.539738], [6.22957, 49.539936], [6.22978, 49.540077], [6.229818, 49.5401], [6.229986, 49.540207], [6.230062, 49.540253], [6.230116, 49.540287], [6.229891, 49.540367], [6.229395, 49.540535], [6.228693, 49.540806], [6.22838, 49.540966], [6.228617, 49.541256], [6.228754, 49.54143], [6.228857, 49.541553], [6.2292, 49.542046], [6.229418, 49.54233], [6.229383, 49.54235], [6.229196, 49.542454], [6.229044, 49.54255], [6.22888, 49.542667], [6.228819, 49.542713], [6.228697, 49.54281], [6.228647, 49.542847], [6.22859, 49.542892], [6.228399, 49.543064], [6.228338, 49.54312], [6.228281, 49.543175], [6.228235, 49.543217], [6.228151, 49.5433], [6.228254, 49.54336], [6.228464, 49.543476], [6.228846, 49.543694], [6.229231, 49.543915], [6.229376, 49.544003], [6.229494, 49.54407], [6.229876, 49.544292], [6.230135, 49.54444], [6.23036, 49.54458], [6.230169, 49.544716], [6.229963, 49.54487], [6.229765, 49.545013], [6.229643, 49.5451], [6.229521, 49.545193], [6.229372, 49.545303], [6.229265, 49.545383], [6.229002, 49.545288], [6.228697, 49.545177], [6.228449, 49.54507], [6.228018, 49.544888], [6.227632, 49.544716], [6.227503, 49.54466], [6.227476, 49.54469], [6.226927, 49.545242], [6.22666, 49.545506], [6.226538, 49.545628], [6.226442, 49.545727], [6.226236, 49.545933], [6.226091, 49.546085], [6.226046, 49.546135], [6.226011, 49.54617], [6.225779, 49.54642], [6.225668, 49.546543], [6.225573, 49.546646], [6.225466, 49.546764], [6.225359, 49.54688], [6.22526, 49.546986], [6.225504, 49.547066], [6.225908, 49.547203], [6.226309, 49.54735], [6.226458, 49.547417], [6.226168, 49.547504], [6.22579, 49.547615], [6.225676, 49.54765], [6.225515, 49.547703], [6.22537, 49.547756], [6.225183, 49.547844], [6.225138, 49.547863], [6.22502, 49.547935], [6.224897, 49.548008], [6.22476, 49.54811], [6.224798, 49.548195], [6.224722, 49.548267], [6.224516, 49.548477], [6.224413, 49.54858], [6.22436, 49.548637], [6.224337, 49.548664], [6.224302, 49.54871], [6.224268, 49.54875], [6.224234, 49.548794], [6.224142, 49.54893], [6.224123, 49.548965], [6.2241, 49.549004], [6.224066, 49.54907], [6.224039, 49.549118], [6.22402, 49.549168], [6.223993, 49.54923], [6.223974, 49.54928], [6.223967, 49.549294], [6.223959, 49.54932], [6.223944, 49.549385], [6.223913, 49.54946], [6.22389, 49.549522], [6.223841, 49.549644], [6.223825, 49.549675], [6.223822, 49.549686], [6.223738, 49.549828], [6.223715, 49.54984], [6.223425, 49.549957], [6.223379, 49.54998], [6.223181, 49.550095], [6.222933, 49.55027], [6.222902, 49.55029], [6.222708, 49.55041], [6.222689, 49.550423], [6.222639, 49.550453], [6.222494, 49.550533], [6.222372, 49.550602], [6.222311, 49.550632], [6.222246, 49.55067], [6.222174, 49.550724], [6.222082, 49.550846], [6.222052, 49.550873], [6.221945, 49.550938], [6.221827, 49.551006], [6.2218, 49.55102], [6.221537, 49.551247], [6.221491, 49.551285], [6.221411, 49.551357], [6.221224, 49.55152], [6.221205, 49.55154], [6.220999, 49.551723], [6.220766, 49.551918], [6.220621, 49.552044], [6.220453, 49.552464], [6.220385, 49.55263], [6.220293, 49.552845], [6.220224, 49.553013], [6.220079, 49.553314], [6.219889, 49.553646], [6.219797, 49.55379], [6.219644, 49.553986], [6.21961, 49.55405], [6.219591, 49.5541], [6.219564, 49.554245], [6.219511, 49.554523], [6.219431, 49.55465], [6.219259, 49.55492], [6.219217, 49.55499], [6.219316, 49.555008]]]}}, {"type": "Feature", "properties": {"name": "District Diekirch"}, "geometry": {"type": "Polygon", "coordinates": [[[5.73937, 49.833788], [5.739523, 49.833986], [5.739641, 49.834207], [5.739683, 49.834364], [5.739702, 49.834463], [5.73971, 49.834681], [5.739702, 49.834841], [5.739771, 49.835009], [5.739973, 49.83552], [5.740045, 49.835794], [5.740045, 49.835878], [5.739996, 49.835939], [5.739794, 49.836168], [5.739725, 49.836252], [5.739687, 49.836336], [5.739675, 49.836451], [5.739733, 49.836542], [5.739862, 49.836664], [5.740015, 49.836805], [5.740091, 49.836943], [5.740374, 49.837431], [5.740538, 49.837793], [5.740622, 49.837995], [5.740713, 49.838423], [5.740789, 49.838747], [5.740938, 49.838903], [5.741304, 49.839094], [5.741823, 49.839289], [5.742529, 49.839483], [5.74296, 49.839563], [5.743666, 49.839617], [5.743883, 49.839613], [5.744089, 49.839579], [5.744169, 49.839548], [5.74428, 49.839399], [5.744436, 49.839346], [5.744696, 49.839243], [5.7451, 49.839006], [5.745527, 49.838812], [5.745916, 49.838705], [5.746542, 49.838629], [5.747038, 49.838591], [5.747469, 49.838545], [5.74777, 49.838499], [5.74803, 49.838507], [5.748545, 49.838629], [5.749044, 49.838785], [5.749319, 49.838888], [5.749525, 49.839033], [5.750021, 49.839411], [5.750269, 49.839685], [5.750475, 49.84009], [5.750479, 49.840105], [5.750578, 49.840258], [5.750616, 49.840441], [5.750643, 49.840673], [5.750605, 49.840811], [5.75049, 49.841059], [5.750399, 49.841158], [5.750238, 49.841246], [5.749853, 49.841383], [5.749308, 49.841604], [5.749063, 49.84186], [5.748789, 49.842112], [5.748579, 49.842337], [5.748449, 49.842634], [5.748411, 49.842836], [5.74843, 49.843252], [5.748373, 49.843721], [5.748335, 49.843866], [5.748297, 49.84413], [5.748293, 49.844206], [5.748365, 49.844496], [5.748445, 49.844671], [5.748571, 49.844809], [5.748613, 49.844938], [5.748617, 49.845064], [5.748587, 49.84543], [5.748495, 49.845533], [5.748331, 49.845762], [5.748205, 49.845968], [5.748205, 49.846086], [5.748232, 49.846212], [5.748316, 49.846376], [5.748465, 49.846567], [5.748659, 49.846735], [5.748957, 49.84693], [5.74914, 49.847029], [5.749296, 49.847094], [5.74954, 49.847155], [5.749949, 49.847231], [5.750322, 49.84728], [5.750753, 49.847311], [5.750998, 49.847315], [5.751207, 49.847307], [5.751333, 49.847292], [5.751478, 49.847254], [5.751604, 49.847181], [5.751699, 49.847078], [5.751829, 49.846861], [5.751848, 49.846827], [5.751883, 49.846781], [5.751978, 49.846628], [5.752291, 49.846292], [5.752314, 49.846247], [5.752436, 49.845728], [5.752531, 49.845499], [5.752661, 49.845369], [5.752752, 49.845327], [5.752794, 49.845313], [5.752924, 49.845266], [5.753008, 49.84524], [5.753347, 49.845163], [5.753473, 49.845114], [5.753946, 49.844908], [5.754122, 49.844839], [5.754225, 49.844824], [5.754339, 49.84482], [5.754484, 49.844843], [5.754675, 49.844915], [5.754869, 49.844999], [5.755037, 49.845045], [5.755793, 49.845144], [5.756449, 49.84532], [5.756624, 49.845381], [5.756636, 49.845385], [5.756662, 49.845392], [5.756681, 49.845396], [5.756796, 49.845415], [5.757059, 49.845503], [5.75725, 49.845621], [5.757376, 49.845751], [5.757422, 49.845797], [5.75762, 49.845907], [5.757971, 49.846109], [5.758158, 49.846235], [5.758295, 49.84643], [5.758364, 49.846663], [5.758409, 49.847055], [5.758421, 49.847265], [5.758398, 49.847529], [5.75839, 49.847685], [5.758406, 49.847914], [5.758421, 49.848211], [5.758463, 49.848383], [5.758509, 49.84844], [5.758543, 49.848535], [5.758543, 49.848738], [5.758478, 49.848928], [5.758387, 49.849092], [5.758257, 49.849279], [5.758207, 49.849344], [5.758158, 49.84939], [5.757887, 49.8496], [5.757597, 49.849802], [5.757441, 49.849924], [5.757387, 49.849955], [5.756983, 49.850168], [5.756838, 49.850267], [5.756689, 49.850363], [5.756556, 49.850508], [5.756277, 49.850714], [5.755926, 49.850958], [5.755846, 49.851034], [5.755655, 49.851244], [5.755526, 49.85137], [5.755381, 49.851473], [5.755121, 49.851622], [5.754919, 49.851717], [5.75474, 49.851763], [5.754515, 49.851805], [5.754255, 49.851828], [5.75403, 49.851831], [5.753756, 49.85182], [5.753462, 49.851797], [5.75334, 49.851763], [5.753126, 49.851686], [5.75297, 49.851618], [5.752829, 49.851576], [5.752676, 49.851541], [5.752489, 49.851519], [5.752218, 49.851511], [5.752119, 49.851519], [5.75189, 49.851557], [5.751684, 49.851614], [5.751398, 49.851706], [5.751223, 49.851748], [5.751158, 49.851755], [5.751085, 49.851751], [5.750994, 49.851725], [5.75094, 49.851683], [5.75083, 49.851572], [5.750765, 49.851545], [5.750547, 49.851496], [5.750265, 49.851439], [5.750063, 49.851412], [5.749903, 49.8514], [5.749792, 49.851404], [5.749659, 49.851423], [5.749552, 49.851461], [5.749311, 49.85161], [5.749178, 49.851698], [5.748945, 49.851862], [5.74872, 49.851957], [5.748468, 49.852022], [5.748144, 49.852072], [5.747919, 49.852091], [5.747683, 49.852064], [5.747534, 49.851992], [5.747377, 49.851862], [5.747271, 49.851808], [5.747129, 49.851801], [5.746935, 49.85185], [5.746256, 49.852129], [5.745985, 49.852331], [5.745844, 49.852556], [5.745844, 49.852793], [5.745909, 49.853071], [5.745874, 49.85322], [5.745771, 49.853331], [5.745714, 49.853414], [5.745699, 49.853495], [5.745741, 49.853697], [5.745894, 49.85396], [5.746088, 49.854113], [5.746267, 49.854177], [5.746805, 49.854313], [5.747396, 49.854441], [5.747625, 49.854502], [5.747866, 49.85457], [5.748159, 49.854582], [5.748709, 49.854578], [5.74898, 49.854567], [5.749273, 49.854509], [5.749639, 49.854399], [5.74983, 49.854334], [5.749975, 49.854315], [5.750216, 49.854353], [5.750536, 49.854448], [5.750704, 49.854509], [5.75078, 49.854593], [5.750872, 49.854677], [5.751005, 49.854734], [5.75141, 49.854776], [5.751528, 49.854811], [5.751699, 49.854876], [5.752653, 49.855509], [5.753492, 49.855905], [5.753874, 49.856138], [5.754271, 49.856409], [5.754438, 49.856504], [5.754557, 49.85655], [5.754694, 49.856569], [5.755068, 49.856565], [5.755529, 49.856531], [5.756063, 49.856447], [5.756479, 49.856356], [5.756674, 49.856249], [5.757067, 49.855913], [5.75725, 49.85586], [5.757551, 49.855783], [5.75783, 49.855761], [5.758085, 49.855757], [5.758684, 49.855791], [5.75915, 49.855867], [5.760481, 49.856234], [5.760664, 49.856302], [5.760737, 49.856375], [5.760775, 49.856489], [5.760729, 49.856623], [5.760599, 49.856863], [5.760469, 49.857016], [5.760138, 49.857248], [5.759474, 49.857782], [5.759134, 49.858069], [5.758451, 49.858503], [5.75815, 49.858675], [5.757967, 49.858721], [5.75778, 49.85874], [5.75762, 49.858797], [5.757425, 49.858927], [5.757246, 49.85911], [5.757086, 49.859358], [5.756907, 49.859781], [5.756731, 49.859987], [5.756529, 49.860174], [5.756262, 49.860369], [5.756052, 49.860472], [5.755812, 49.860487], [5.755655, 49.860544], [5.755426, 49.860704], [5.755312, 49.860846], [5.755247, 49.860964], [5.75524, 49.861059], [5.75532, 49.861174], [5.755354, 49.861258], [5.755255, 49.861383], [5.755041, 49.861547], [5.75469, 49.861765], [5.754564, 49.861872], [5.754476, 49.862055], [5.754496, 49.862211], [5.754679, 49.862459], [5.755079, 49.862905], [5.755354, 49.863157], [5.756151, 49.864096], [5.756536, 49.86445], [5.756922, 49.864771], [5.757013, 49.864908], [5.756975, 49.86511], [5.756746, 49.86558], [5.756208, 49.866529], [5.756037, 49.8668], [5.755819, 49.866968], [5.755491, 49.867151], [5.754641, 49.867517], [5.754309, 49.867609], [5.753885, 49.867712], [5.753565, 49.867792], [5.753164, 49.868013], [5.753069, 49.86809], [5.752985, 49.868193], [5.752928, 49.868399], [5.752882, 49.868586], [5.752813, 49.868719], [5.752703, 49.868841], [5.752703, 49.86894], [5.752726, 49.869005], [5.752825, 49.869066], [5.752932, 49.869135], [5.753016, 49.86923], [5.753264, 49.869558], [5.753401, 49.869749], [5.753447, 49.869879], [5.753485, 49.870298], [5.753569, 49.87071], [5.753611, 49.870787], [5.75374, 49.870909], [5.753839, 49.871019], [5.753988, 49.871218], [5.754, 49.871328], [5.753996, 49.871382], [5.753927, 49.87192], [5.75403, 49.871981], [5.754976, 49.872545], [5.755343, 49.87274], [5.755903, 49.873033], [5.756151, 49.873175], [5.756449, 49.873251], [5.756674, 49.873262], [5.756964, 49.873217], [5.757635, 49.873072], [5.758547, 49.872854], [5.758715, 49.872805], [5.758734, 49.872801], [5.75894, 49.872694], [5.759256, 49.872416], [5.759398, 49.872271], [5.759542, 49.872168], [5.759893, 49.872026], [5.760084, 49.871897], [5.760313, 49.87166], [5.760637, 49.871382], [5.760908, 49.871203], [5.761171, 49.871069], [5.761274, 49.870993], [5.761354, 49.870821], [5.761377, 49.870607], [5.761423, 49.870523], [5.761648, 49.870337], [5.762178, 49.870008], [5.76235, 49.869894], [5.762438, 49.869722], [5.76251, 49.869619], [5.762659, 49.869524], [5.762926, 49.869463], [5.763685, 49.869402], [5.764658, 49.869322], [5.7651, 49.869318], [5.765558, 49.869364], [5.76623, 49.869547], [5.766912, 49.869741], [5.767157, 49.869863], [5.767649, 49.870283], [5.768118, 49.870657], [5.768454, 49.871111], [5.768732, 49.871618], [5.768816, 49.871855], [5.768854, 49.872126], [5.768908, 49.872274], [5.769052, 49.8724], [5.769316, 49.872541], [5.76948, 49.872568], [5.76972, 49.872541], [5.770197, 49.872461], [5.770483, 49.87237], [5.771139, 49.872118], [5.771566, 49.871878], [5.771837, 49.871656], [5.772066, 49.871397], [5.772303, 49.870974], [5.772638, 49.870237], [5.772947, 49.86968], [5.773622, 49.867922], [5.773767, 49.867598], [5.774004, 49.867418], [5.774225, 49.867319], [5.774427, 49.867285], [5.774534, 49.8673], [5.774641, 49.867342], [5.774744, 49.867449], [5.774782, 49.867468], [5.774916, 49.867598], [5.775072, 49.867781], [5.775141, 49.867968], [5.775164, 49.868147], [5.775297, 49.868479], [5.775454, 49.868799], [5.77556, 49.868963], [5.775721, 49.86915], [5.775896, 49.869341], [5.776068, 49.869604], [5.77622, 49.869852], [5.776381, 49.87005], [5.77643, 49.870203], [5.77643, 49.870516], [5.776392, 49.870733], [5.776407, 49.870855], [5.77648, 49.871004], [5.776575, 49.871077], [5.776724, 49.871115], [5.776812, 49.871122], [5.776907, 49.871134], [5.777037, 49.871195], [5.777216, 49.871325], [5.777277, 49.871424], [5.777384, 49.87158], [5.777433, 49.871744], [5.777449, 49.871912], [5.777468, 49.872038], [5.777533, 49.872099], [5.777616, 49.872141], [5.778082, 49.872244], [5.778494, 49.872286], [5.778711, 49.872286], [5.778891, 49.872263], [5.77902, 49.872232], [5.779093, 49.872229], [5.779158, 49.872229], [5.779234, 49.872255], [5.779329, 49.872274], [5.779451, 49.87229], [5.779566, 49.872301], [5.779764, 49.872297], [5.779993, 49.872274], [5.780367, 49.872198], [5.780725, 49.872141], [5.78113, 49.87208], [5.781553, 49.872061], [5.782019, 49.871988], [5.782602, 49.871908], [5.782896, 49.87187], [5.783003, 49.871866], [5.783094, 49.871874], [5.783224, 49.871912], [5.783354, 49.872], [5.783739, 49.872408], [5.783888, 49.872622], [5.783964, 49.872751], [5.784033, 49.872927], [5.784029, 49.873007], [5.783998, 49.873064], [5.783873, 49.873133], [5.783396, 49.8734], [5.783106, 49.87351], [5.781984, 49.873915], [5.781614, 49.874014], [5.781298, 49.874128], [5.780588, 49.874414], [5.779856, 49.874712], [5.779493, 49.874803], [5.7791, 49.874865], [5.778956, 49.874899], [5.778856, 49.874945], [5.77873, 49.875032], [5.778441, 49.875315], [5.778193, 49.875601], [5.778078, 49.875792], [5.77804, 49.875887], [5.778063, 49.876047], [5.778398, 49.87636], [5.778543, 49.876593], [5.778723, 49.876821], [5.779016, 49.877081], [5.779139, 49.877153], [5.779261, 49.87718], [5.779367, 49.877184], [5.779909, 49.877138], [5.780287, 49.87705], [5.780584, 49.876898], [5.780912, 49.876677], [5.781259, 49.876413], [5.781355, 49.876364], [5.781618, 49.876215], [5.782312, 49.875856], [5.782568, 49.875727], [5.782701, 49.875748], [5.782812, 49.875793], [5.782881, 49.875835], [5.78293, 49.875877], [5.782965, 49.875927], [5.783033, 49.87608], [5.783064, 49.876167], [5.783133, 49.876446], [5.783182, 49.87655], [5.783331, 49.876907], [5.783434, 49.87715], [5.783533, 49.877415], [5.783571, 49.87753], [5.783579, 49.877594], [5.783575, 49.877705], [5.78356, 49.87784], [5.783514, 49.878105], [5.78343, 49.878532], [5.783415, 49.878628], [5.783392, 49.87869], [5.783365, 49.878742], [5.783335, 49.878777], [5.783152, 49.878937], [5.783041, 49.879044], [5.782968, 49.87911], [5.782915, 49.87915], [5.782835, 49.879196], [5.782675, 49.879257], [5.782534, 49.879326], [5.782461, 49.879356], [5.782423, 49.87937], [5.782312, 49.87942], [5.78203, 49.87946], [5.781828, 49.87949], [5.781698, 49.87953], [5.781378, 49.87968], [5.781176, 49.879784], [5.781, 49.87986], [5.780947, 49.87989], [5.780916, 49.879936], [5.780874, 49.88002], [5.780829, 49.880104], [5.780741, 49.88018], [5.78068, 49.880215], [5.780634, 49.88023], [5.780558, 49.880238], [5.780405, 49.88024], [5.780268, 49.880257], [5.780214, 49.880276], [5.780172, 49.880306], [5.780142, 49.88035], [5.780107, 49.880447], [5.780073, 49.880512], [5.780024, 49.88058], [5.779974, 49.880615], [5.779932, 49.880642], [5.779859, 49.880657], [5.77976, 49.880676], [5.779688, 49.880703], [5.7796, 49.880768], [5.779486, 49.880875], [5.779398, 49.880943], [5.77936, 49.880962], [5.779272, 49.881], [5.779047, 49.88106], [5.778921, 49.881096], [5.778868, 49.881123], [5.778845, 49.881145], [5.77883, 49.88121], [5.778822, 49.8814], [5.778814, 49.881466], [5.778727, 49.881657], [5.778704, 49.881695], [5.778662, 49.881737], [5.778631, 49.881756], [5.778597, 49.88175], [5.778555, 49.881714], [5.778505, 49.88167], [5.778463, 49.881653], [5.778429, 49.88166], [5.778368, 49.881706], [5.778234, 49.881813], [5.778162, 49.8819], [5.778101, 49.881992], [5.778059, 49.88208], [5.778051, 49.88215], [5.778055, 49.8822], [5.778082, 49.882294], [5.778128, 49.882393], [5.778292, 49.88259], [5.778322, 49.88268], [5.778341, 49.882824], [5.778338, 49.88293], [5.778307, 49.883022], [5.778212, 49.883198], [5.778177, 49.88332], [5.778196, 49.88342], [5.778227, 49.883453], [5.778265, 49.88346], [5.778318, 49.883457], [5.77836, 49.883446], [5.778402, 49.88345], [5.778437, 49.88347], [5.778433, 49.883488], [5.778109, 49.88376], [5.777937, 49.883884], [5.777838, 49.883892], [5.777536, 49.88395], [5.777338, 49.88399], [5.776808, 49.88408], [5.776613, 49.884117], [5.776422, 49.884155], [5.77585, 49.884274], [5.775759, 49.884285], [5.77564, 49.8843], [5.775347, 49.884315], [5.775068, 49.884335], [5.774877, 49.88434], [5.774713, 49.884342], [5.774607, 49.884342], [5.774523, 49.88435], [5.774435, 49.884354], [5.774355, 49.884357], [5.77389, 49.884415], [5.773478, 49.88448], [5.77321, 49.88453], [5.772707, 49.884636], [5.772551, 49.884686], [5.772406, 49.88474], [5.772203, 49.884842], [5.771997, 49.884964], [5.771833, 49.88507], [5.771784, 49.885113], [5.771734, 49.885166], [5.771631, 49.885303], [5.771509, 49.885468], [5.771444, 49.885563], [5.771414, 49.885647], [5.771334, 49.885853], [5.771231, 49.88603], [5.771181, 49.886112], [5.771048, 49.886402], [5.771013, 49.886467], [5.770952, 49.886536], [5.770884, 49.8866], [5.770754, 49.88669], [5.770609, 49.886784], [5.770556, 49.886837], [5.770533, 49.88687], [5.770513, 49.886936], [5.770506, 49.88697], [5.770506, 49.887016], [5.770513, 49.887047], [5.77054, 49.88712], [5.770651, 49.88733], [5.770609, 49.88735], [5.77022, 49.88709], [5.770132, 49.887024], [5.770063, 49.886993], [5.769972, 49.886963], [5.769903, 49.886948], [5.769671, 49.88694], [5.769247, 49.88693], [5.768892, 49.886936], [5.76874, 49.88695], [5.768629, 49.886963], [5.76837, 49.887005], [5.76821, 49.88704], [5.767981, 49.887096], [5.767782, 49.887154], [5.767534, 49.887245], [5.767469, 49.887264], [5.767355, 49.887295], [5.767351, 49.887352], [5.767351, 49.88737], [5.767317, 49.887413], [5.767225, 49.88751], [5.767145, 49.88758], [5.767027, 49.887688], [5.766966, 49.887726], [5.766794, 49.88783], [5.76671, 49.887886], [5.766588, 49.887978], [5.766542, 49.888], [5.766489, 49.888016], [5.766138, 49.88811], [5.765783, 49.888245], [5.765764, 49.88823], [5.765684, 49.888187], [5.765577, 49.888138], [5.765543, 49.888123], [5.765516, 49.88812], [5.765482, 49.888123], [5.765379, 49.888153], [5.765341, 49.888145], [5.765284, 49.888126], [5.765135, 49.888054], [5.76494, 49.888233], [5.764914, 49.888184], [5.764887, 49.88817], [5.764852, 49.888153], [5.764814, 49.888145], [5.76473, 49.88815], [5.764452, 49.88817], [5.764345, 49.888172], [5.763983, 49.888245], [5.763891, 49.88826], [5.763823, 49.88826], [5.76372, 49.888252], [5.763578, 49.88824], [5.763491, 49.888237], [5.763376, 49.888245], [5.763296, 49.88826], [5.763189, 49.888298], [5.762861, 49.888447], [5.762743, 49.888496], [5.762285, 49.888626], [5.761633, 49.88886], [5.761446, 49.888924], [5.761164, 49.88899], [5.760965, 49.889027], [5.760759, 49.88907], [5.76066, 49.889103], [5.760279, 49.889244], [5.760183, 49.889275], [5.760103, 49.88929], [5.759851, 49.889317], [5.759417, 49.88936], [5.758978, 49.88941], [5.758379, 49.88947], [5.758131, 49.88949], [5.757982, 49.88949], [5.757669, 49.889477], [5.757422, 49.889458], [5.75736, 49.889458], [5.757341, 49.88946], [5.757299, 49.889473], [5.757273, 49.88949], [5.757254, 49.88952], [5.757101, 49.88981], [5.756861, 49.889732], [5.756811, 49.88973], [5.756754, 49.889736], [5.756693, 49.88975], [5.756659, 49.88977], [5.756605, 49.88981], [5.756453, 49.889965], [5.756304, 49.890114], [5.756052, 49.890408], [5.755999, 49.89046], [5.755949, 49.8905], [5.7558, 49.89059], [5.755953, 49.890724], [5.755815, 49.89073], [5.755682, 49.89076], [5.755548, 49.890793], [5.755411, 49.890842], [5.755205, 49.89092], [5.755102, 49.89096], [5.754915, 49.891052], [5.75469, 49.891144], [5.754244, 49.891296], [5.754091, 49.891342], [5.753962, 49.89137], [5.753889, 49.891376], [5.753843, 49.891373], [5.753771, 49.89136], [5.753717, 49.891346], [5.753294, 49.89143], [5.753206, 49.891464], [5.753038, 49.89147], [5.752981, 49.891354], [5.752977, 49.891308], [5.752924, 49.891304], [5.752401, 49.89131], [5.75226, 49.89131], [5.752058, 49.891293], [5.75194, 49.891285], [5.751844, 49.89129], [5.751711, 49.891304], [5.751493, 49.89134], [5.75083, 49.891445], [5.750425, 49.891514], [5.750135, 49.891575], [5.749842, 49.891663], [5.749308, 49.891834], [5.749044, 49.89192], [5.74869, 49.89206], [5.748419, 49.892166], [5.74787, 49.89239], [5.747572, 49.892643], [5.747465, 49.892735], [5.747603, 49.892815], [5.747213, 49.893066], [5.746939, 49.89328], [5.746778, 49.893417], [5.746733, 49.89347], [5.746714, 49.893524], [5.746717, 49.89356], [5.746736, 49.89362], [5.746756, 49.89366], [5.746531, 49.893684], [5.746504, 49.893715], [5.746504, 49.893738], [5.746569, 49.893814], [5.746592, 49.893845], [5.746588, 49.893883], [5.746576, 49.89403], [5.746378, 49.894184], [5.746283, 49.894165], [5.746191, 49.89417], [5.74581, 49.89421], [5.745409, 49.894234], [5.745085, 49.8943], [5.744768, 49.89441], [5.744219, 49.89459], [5.744131, 49.89463], [5.744021, 49.894703], [5.743864, 49.894814], [5.743826, 49.89484], [5.743792, 49.894825], [5.743776, 49.894817], [5.743616, 49.89487], [5.743536, 49.8949], [5.743456, 49.89494], [5.743395, 49.89496], [5.743349, 49.89496], [5.74328, 49.894943], [5.743238, 49.894943], [5.743177, 49.894955], [5.743029, 49.894974], [5.742964, 49.89497], [5.742926, 49.894974], [5.74288, 49.895], [5.742788, 49.895077], [5.742746, 49.895092], [5.742731, 49.895107], [5.74272, 49.895126], [5.742685, 49.895126], [5.742544, 49.895115], [5.742506, 49.895103], [5.742163, 49.895065], [5.741949, 49.89505], [5.741877, 49.89505], [5.741724, 49.895065], [5.741346, 49.89512], [5.741209, 49.895134], [5.740976, 49.89514], [5.740808, 49.895134], [5.740686, 49.895126], [5.740213, 49.89507], [5.739759, 49.895], [5.739306, 49.89529], [5.739054, 49.89547], [5.738611, 49.895813], [5.738432, 49.89595], [5.738131, 49.896168], [5.738058, 49.896214], [5.737993, 49.896244], [5.73786, 49.896294], [5.737501, 49.896404], [5.73702, 49.896538], [5.736933, 49.896572], [5.736811, 49.896633], [5.736731, 49.89666], [5.736486, 49.89672], [5.73636, 49.896748], [5.736261, 49.896755], [5.736086, 49.89675], [5.735979, 49.896755], [5.735922, 49.896767], [5.73583, 49.896805], [5.735769, 49.89684], [5.735727, 49.896877], [5.735708, 49.896896], [5.735701, 49.896927], [5.735708, 49.896976], [5.735727, 49.897022], [5.735781, 49.897095], [5.735891, 49.89721], [5.736006, 49.89732], [5.736128, 49.897423], [5.736204, 49.8975], [5.736364, 49.897606], [5.736433, 49.89765], [5.736525, 49.897747], [5.736582, 49.897827], [5.736635, 49.897934], [5.736666, 49.898018], [5.7367, 49.89815], [5.736715, 49.89824], [5.736712, 49.89827], [5.736673, 49.898373], [5.736628, 49.898476], [5.736582, 49.89855], [5.736513, 49.898632], [5.736441, 49.89871], [5.736334, 49.898815], [5.736269, 49.898907], [5.736223, 49.89897], [5.736212, 49.899014], [5.736216, 49.89904], [5.73625, 49.89909], [5.736597, 49.899525], [5.736723, 49.899757], [5.736826, 49.89995], [5.73694, 49.900135], [5.737146, 49.90043], [5.737413, 49.900745], [5.737532, 49.90088], [5.737665, 49.901035], [5.737742, 49.9011], [5.737837, 49.90116], [5.738096, 49.90129], [5.738386, 49.901417], [5.738588, 49.901512], [5.738646, 49.901546], [5.738913, 49.90173], [5.739275, 49.90183], [5.739466, 49.901886], [5.739744, 49.901974], [5.739775, 49.90198], [5.740229, 49.902122], [5.740416, 49.902164], [5.740461, 49.902176], [5.740652, 49.902664], [5.740576, 49.903126], [5.740202, 49.90354], [5.740076, 49.90369], [5.739992, 49.903786], [5.739786, 49.904], [5.739782, 49.904022], [5.73979, 49.904057], [5.739836, 49.904125], [5.739889, 49.904198], [5.739916, 49.904217], [5.740259, 49.90434], [5.740278, 49.904358], [5.740786, 49.904476], [5.741446, 49.90468], [5.741625, 49.90473], [5.741644, 49.90476], [5.741716, 49.904797], [5.74177, 49.904808], [5.741839, 49.904823], [5.742136, 49.904907], [5.742273, 49.904957], [5.742384, 49.905], [5.742426, 49.905006], [5.74264, 49.905045], [5.742777, 49.905045], [5.742853, 49.905052], [5.742968, 49.90507], [5.743189, 49.905136], [5.743399, 49.905193], [5.743471, 49.90521], [5.74365, 49.905235], [5.743799, 49.90526], [5.743868, 49.905277], [5.743998, 49.905334], [5.744249, 49.905476], [5.744368, 49.90555], [5.744513, 49.905617], [5.744551, 49.905647], [5.744612, 49.905724], [5.744654, 49.905758], [5.744696, 49.90578], [5.744734, 49.905834], [5.744821, 49.905853], [5.74486, 49.905872], [5.744986, 49.905926], [5.745024, 49.90594], [5.745108, 49.905952], [5.745153, 49.90596], [5.745215, 49.90598], [5.745329, 49.905987], [5.745489, 49.906094], [5.745581, 49.90615], [5.745672, 49.90619], [5.745798, 49.906227], [5.746134, 49.90629], [5.746309, 49.906303], [5.746454, 49.906315], [5.746672, 49.906315], [5.746653, 49.906635], [5.74663, 49.907043], [5.74655, 49.907047], [5.746061, 49.90779], [5.746206, 49.907875], [5.746469, 49.907986], [5.746641, 49.908047], [5.746618, 49.908085], [5.746492, 49.908283], [5.747015, 49.908405], [5.74721, 49.90846], [5.747557, 49.908592], [5.747713, 49.908676], [5.747797, 49.90873], [5.747881, 49.908794], [5.74793, 49.90887], [5.747988, 49.90897], [5.748091, 49.909058], [5.748354, 49.909252], [5.748098, 49.909443], [5.748518, 49.909657], [5.74877, 49.909782], [5.749533, 49.91017], [5.749968, 49.910393], [5.750204, 49.910515], [5.750421, 49.910625], [5.750746, 49.910793], [5.751047, 49.910946], [5.751585, 49.911224], [5.752294, 49.911587], [5.752501, 49.91169], [5.75308, 49.911983], [5.753515, 49.91213], [5.753832, 49.912228], [5.754591, 49.912457], [5.755232, 49.91265], [5.75635, 49.912994], [5.757151, 49.91324], [5.757597, 49.913387], [5.757894, 49.913483], [5.75881, 49.913784], [5.75987, 49.914135], [5.760931, 49.914486], [5.761358, 49.914627], [5.762033, 49.914856], [5.762541, 49.915024], [5.762896, 49.915142], [5.763349, 49.915295], [5.763586, 49.91537], [5.763681, 49.915405], [5.763929, 49.91568], [5.764013, 49.91577], [5.763311, 49.916073], [5.763014, 49.916267], [5.762777, 49.9164], [5.76232, 49.916645], [5.761759, 49.916916], [5.761419, 49.917057], [5.760935, 49.917274], [5.760904, 49.917282], [5.760748, 49.917294], [5.760683, 49.91729], [5.760618, 49.917274], [5.76058, 49.91727], [5.760546, 49.91727], [5.760489, 49.917286], [5.760477, 49.91729], [5.760469, 49.9173], [5.760473, 49.917316], [5.760492, 49.917324], [5.760557, 49.917336], [5.760595, 49.917347], [5.760645, 49.91737], [5.760675, 49.9174], [5.760694, 49.91743], [5.760698, 49.917484], [5.760691, 49.917675], [5.760759, 49.917953], [5.760843, 49.918205], [5.760939, 49.91841], [5.761, 49.91853], [5.761149, 49.91859], [5.761255, 49.918663], [5.761366, 49.91875], [5.761576, 49.91895], [5.761694, 49.91912], [5.761843, 49.919395], [5.762026, 49.91969], [5.762106, 49.920208], [5.762136, 49.920395], [5.762182, 49.920593], [5.762198, 49.920696], [5.762194, 49.920834], [5.762182, 49.920937], [5.762178, 49.92098], [5.762182, 49.92106], [5.762209, 49.92117], [5.762247, 49.921295], [5.762255, 49.92135], [5.762247, 49.92149], [5.762236, 49.92159], [5.762213, 49.92167], [5.762156, 49.921783], [5.761999, 49.922062], [5.761995, 49.922104], [5.761991, 49.92219], [5.762026, 49.92225], [5.762098, 49.92235], [5.762102, 49.922455], [5.762075, 49.922512], [5.762072, 49.922543], [5.762064, 49.922634], [5.762045, 49.922703], [5.761923, 49.923096], [5.761904, 49.923138], [5.761877, 49.923157], [5.761827, 49.923176], [5.761743, 49.923195], [5.761702, 49.92321], [5.761675, 49.923225], [5.761679, 49.923252], [5.761743, 49.923283], [5.761908, 49.923347], [5.762072, 49.9234], [5.762274, 49.923435], [5.762499, 49.923523], [5.762808, 49.923676], [5.763086, 49.9238], [5.763273, 49.92388], [5.763388, 49.923912], [5.763586, 49.923954], [5.763952, 49.92402], [5.764349, 49.92408], [5.764494, 49.92412], [5.764479, 49.92413], [5.763594, 49.924503], [5.763929, 49.925087], [5.763956, 49.925137], [5.764063, 49.925274], [5.764418, 49.925682], [5.764631, 49.926052], [5.764715, 49.92622], [5.764753, 49.92631], [5.764792, 49.926434], [5.764067, 49.926456], [5.763613, 49.926476], [5.763617, 49.926735], [5.76364, 49.92689], [5.763658, 49.927006], [5.763464, 49.927017], [5.763445, 49.927017], [5.763452, 49.92711], [5.763433, 49.92719], [5.763411, 49.927315], [5.763426, 49.92738], [5.763472, 49.92748], [5.763586, 49.927685], [5.763723, 49.92791], [5.763742, 49.92791], [5.763918, 49.927994], [5.764063, 49.928066], [5.764303, 49.928204], [5.764109, 49.92842], [5.764097, 49.928432], [5.764097, 49.928455], [5.764112, 49.928467], [5.764181, 49.928513], [5.764681, 49.92883], [5.764936, 49.928993], [5.764746, 49.929016], [5.764662, 49.929024], [5.764605, 49.929043], [5.764574, 49.929066], [5.764486, 49.92918], [5.764444, 49.929222], [5.76404, 49.929592], [5.76399, 49.929638], [5.763884, 49.929733], [5.76383, 49.929783], [5.764517, 49.93002], [5.764524, 49.93005], [5.764593, 49.930344], [5.764631, 49.93052], [5.764547, 49.930622], [5.764437, 49.930782], [5.764418, 49.930805], [5.764318, 49.930874], [5.764212, 49.930935], [5.764093, 49.93099], [5.764055, 49.93101], [5.764036, 49.93103], [5.764006, 49.931095], [5.763994, 49.931126], [5.763979, 49.93117], [5.763964, 49.931282], [5.763956, 49.93138], [5.763948, 49.931458], [5.764223, 49.931458], [5.764471, 49.931446], [5.764666, 49.93143], [5.765028, 49.93139], [5.765421, 49.93135], [5.76586, 49.93132], [5.766214, 49.93125], [5.766386, 49.931225], [5.766501, 49.931217], [5.766813, 49.931217], [5.767008, 49.931232], [5.767202, 49.931255], [5.767355, 49.93128], [5.76753, 49.931313], [5.767672, 49.931347], [5.767988, 49.93144], [5.768564, 49.93158], [5.768766, 49.931625], [5.768915, 49.931652], [5.769037, 49.931664], [5.769297, 49.93168], [5.769575, 49.93169], [5.76988, 49.93169], [5.770235, 49.931694], [5.770517, 49.93169], [5.770578, 49.93168], [5.770971, 49.93165], [5.770468, 49.932426], [5.770357, 49.9326], [5.769774, 49.93311], [5.770075, 49.933205], [5.770079, 49.93322], [5.77009, 49.933414], [5.770101, 49.933533], [5.77014, 49.933643], [5.77033, 49.93411], [5.770269, 49.934124], [5.770319, 49.934376], [5.770353, 49.934624], [5.770388, 49.934944], [5.770395, 49.935146], [5.770388, 49.935387], [5.770361, 49.935703], [5.770701, 49.93579], [5.770636, 49.935932], [5.770506, 49.936317], [5.77046, 49.93653], [5.770426, 49.93668], [5.770906, 49.936687], [5.770994, 49.936687], [5.771563, 49.936707], [5.772421, 49.936733], [5.772512, 49.936733], [5.772512, 49.936924], [5.772516, 49.937054], [5.772516, 49.937164], [5.772818, 49.937176], [5.772825, 49.937225], [5.773016, 49.937225], [5.773012, 49.937435], [5.773008, 49.937584], [5.773004, 49.937634], [5.773123, 49.937695], [5.775156, 49.937714], [5.775084, 49.938114], [5.774862, 49.938477], [5.774782, 49.93861], [5.774668, 49.938953], [5.77453, 49.939354], [5.774492, 49.939777], [5.77442, 49.939766], [5.774115, 49.940754], [5.773836, 49.941372], [5.773861, 49.941406], [5.773886, 49.94144], [5.773108, 49.94254], [5.772539, 49.94334], [5.772196, 49.943684], [5.771776, 49.944477], [5.773249, 49.944756], [5.772867, 49.9453], [5.772707, 49.945606], [5.772722, 49.94579], [5.772825, 49.945972], [5.77281, 49.946518], [5.771337, 49.94613], [5.771326, 49.946163], [5.770956, 49.94732], [5.770784, 49.947838], [5.770792, 49.948227], [5.770781, 49.94861], [5.770681, 49.948803], [5.770586, 49.94902], [5.770369, 49.94959], [5.770487, 49.949615], [5.770598, 49.949657], [5.770857, 49.94976], [5.77109, 49.949894], [5.771486, 49.950127], [5.771238, 49.950535], [5.771185, 49.950615], [5.771227, 49.950672], [5.771391, 49.950836], [5.771742, 49.951168], [5.772169, 49.951508], [5.772455, 49.95166], [5.772974, 49.951897], [5.773401, 49.952072], [5.773928, 49.952305], [5.774015, 49.952362], [5.774187, 49.952488], [5.77463, 49.952824], [5.774736, 49.952904], [5.775034, 49.953148], [5.774439, 49.953663], [5.774618, 49.9538], [5.774523, 49.954266], [5.77495, 49.95462], [5.774858, 49.954937], [5.774557, 49.95533], [5.774435, 49.955482], [5.774241, 49.955727], [5.774095, 49.956017], [5.774034, 49.956135], [5.773981, 49.956264], [5.77379, 49.956413], [5.773668, 49.95651], [5.774107, 49.95668], [5.77458, 49.95687], [5.775011, 49.957115], [5.775175, 49.957203], [5.775271, 49.957115], [5.775332, 49.957066], [5.775484, 49.95712], [5.775614, 49.957165], [5.775827, 49.957245], [5.776792, 49.957603], [5.777227, 49.95774], [5.777006, 49.958008], [5.776686, 49.958305], [5.776289, 49.95864], [5.776174, 49.958797], [5.77574, 49.959373], [5.775671, 49.95946], [5.775564, 49.959732], [5.775431, 49.959953], [5.775335, 49.960133], [5.775038, 49.960773], [5.775023, 49.9608], [5.775221, 49.960873], [5.775495, 49.960987], [5.775843, 49.961105], [5.775999, 49.96117], [5.7768, 49.96148], [5.776991, 49.961544], [5.777315, 49.961647], [5.777609, 49.96174], [5.778124, 49.9619], [5.77907, 49.96221], [5.779116, 49.962227], [5.77936, 49.962303], [5.780607, 49.9627], [5.780947, 49.962616], [5.781202, 49.962555], [5.781275, 49.962543], [5.781431, 49.96252], [5.781782, 49.96243], [5.782061, 49.96234], [5.782377, 49.96224], [5.783186, 49.96199], [5.783358, 49.96209], [5.783377, 49.962105], [5.783812, 49.96181], [5.784369, 49.961456], [5.784391, 49.961468], [5.784723, 49.961597], [5.785433, 49.96105], [5.785471, 49.961063], [5.785627, 49.96099], [5.785761, 49.960995], [5.786516, 49.961067], [5.78689, 49.961098], [5.787313, 49.961147], [5.787462, 49.96117], [5.787794, 49.961227], [5.78805, 49.961273], [5.788107, 49.961277], [5.788195, 49.961285], [5.788191, 49.961357], [5.789034, 49.961452], [5.789026, 49.961487], [5.789232, 49.961555], [5.78927, 49.961563], [5.789793, 49.961647], [5.790361, 49.96174], [5.790442, 49.961754], [5.790564, 49.961773], [5.790644, 49.961784], [5.79075, 49.961792], [5.790781, 49.961796], [5.790991, 49.961796], [5.791185, 49.9618], [5.791223, 49.96186], [5.791258, 49.961952], [5.791292, 49.962048], [5.791323, 49.962173], [5.79133, 49.962227], [5.791319, 49.9623], [5.7913, 49.96237], [5.791258, 49.96247], [5.791223, 49.962543], [5.791159, 49.96264], [5.791044, 49.962784], [5.791033, 49.96302], [5.790964, 49.96361], [5.790964, 49.963646], [5.790949, 49.96381], [5.790941, 49.963882], [5.791262, 49.964016], [5.791559, 49.964104], [5.792276, 49.964287], [5.792452, 49.964336], [5.792658, 49.9644], [5.792917, 49.964493], [5.793241, 49.96462], [5.793489, 49.96473], [5.793692, 49.964825], [5.793867, 49.96492], [5.794092, 49.96504], [5.794321, 49.965157], [5.794371, 49.965183], [5.794466, 49.96523], [5.794538, 49.965267], [5.794577, 49.965282], [5.794592, 49.96529], [5.794672, 49.96532], [5.794848, 49.96539], [5.794893, 49.965405], [5.794931, 49.965416], [5.795004, 49.96544], [5.795484, 49.965538], [5.795549, 49.965508], [5.795782, 49.96569], [5.79608, 49.96563], [5.796102, 49.96562], [5.79624, 49.965534], [5.796362, 49.965446], [5.79648, 49.965355], [5.796659, 49.965202], [5.79674, 49.96513], [5.796759, 49.965107], [5.797068, 49.964687], [5.797083, 49.964657], [5.797087, 49.964645], [5.797094, 49.964634], [5.797125, 49.964603], [5.797171, 49.964573], [5.797209, 49.96455], [5.797236, 49.96453], [5.79727, 49.964497], [5.797346, 49.964413], [5.797434, 49.964348], [5.797487, 49.96436], [5.797529, 49.96436], [5.797579, 49.964355], [5.79764, 49.964344], [5.797693, 49.96433], [5.797739, 49.96431], [5.797811, 49.964275], [5.79788, 49.96425], [5.797972, 49.96422], [5.798075, 49.964188], [5.798155, 49.96417], [5.798204, 49.964146], [5.798266, 49.96412], [5.798315, 49.964085], [5.798376, 49.964043], [5.798437, 49.96399], [5.79859, 49.963875], [5.798704, 49.963795], [5.798868, 49.963688], [5.798998, 49.963608], [5.799292, 49.963444], [5.799578, 49.963306], [5.799707, 49.963245], [5.79994, 49.963104], [5.800219, 49.96296], [5.80047, 49.962936], [5.800718, 49.962944], [5.800997, 49.963005], [5.801436, 49.963024], [5.801462, 49.963024], [5.802294, 49.96305], [5.802687, 49.963036], [5.80271, 49.963104], [5.802778, 49.96314], [5.803076, 49.963272], [5.803087, 49.96333], [5.803488, 49.9633], [5.803934, 49.96322], [5.80427, 49.963142], [5.804579, 49.96302], [5.804983, 49.962868], [5.805155, 49.962795], [5.805326, 49.962723], [5.806543, 49.962307], [5.806593, 49.962303], [5.806757, 49.962334], [5.807039, 49.9624], [5.807196, 49.96246], [5.807245, 49.96249], [5.807356, 49.962555], [5.807489, 49.96266], [5.807665, 49.962788], [5.808024, 49.963024], [5.808157, 49.963085], [5.808512, 49.963234], [5.808603, 49.963264], [5.809008, 49.96347], [5.809221, 49.963566], [5.809576, 49.963707], [5.809639, 49.963732], [5.80986, 49.963805], [5.809968, 49.963842], [5.810026, 49.963846], [5.810124, 49.96382], [5.810495, 49.964035], [5.810553, 49.96407], [5.810484, 49.964153], [5.810366, 49.964233], [5.810461, 49.964428], [5.810179, 49.96455], [5.810579, 49.96494], [5.810999, 49.965805], [5.810694, 49.96595], [5.810732, 49.966026], [5.810705, 49.966045], [5.810579, 49.966194], [5.810312, 49.966503], [5.810083, 49.96678], [5.810057, 49.966824], [5.809977, 49.966995], [5.809927, 49.96706], [5.809877, 49.967133], [5.809675, 49.967606], [5.809671, 49.96763], [5.809679, 49.967644], [5.810064, 49.968025], [5.810217, 49.968407], [5.810308, 49.968735], [5.810404, 49.96898], [5.810511, 49.969017], [5.810812, 49.96987], [5.810801, 49.96998], [5.81077, 49.970093], [5.810709, 49.970222], [5.810473, 49.970646], [5.81061, 49.9708], [5.810782, 49.970955], [5.811056, 49.971176], [5.811235, 49.971302], [5.811266, 49.971325], [5.811285, 49.97134], [5.81135, 49.971386], [5.812067, 49.97191], [5.812391, 49.972134], [5.812475, 49.97219], [5.812616, 49.97226], [5.812822, 49.972347], [5.812902, 49.97238], [5.812952, 49.972412], [5.81299, 49.972454], [5.813047, 49.972504], [5.813097, 49.972538], [5.813139, 49.972553], [5.813185, 49.972557], [5.813231, 49.97255], [5.813291, 49.97255], [5.813391, 49.972534], [5.813444, 49.97252], [5.813509, 49.97252], [5.813555, 49.972515], [5.813631, 49.972485], [5.813692, 49.972477], [5.813829, 49.97247], [5.813978, 49.972473], [5.814135, 49.972473], [5.814165, 49.97247], [5.814199, 49.97245], [5.814226, 49.97243], [5.814245, 49.972427], [5.814264, 49.972435], [5.814283, 49.972458], [5.814283, 49.97248], [5.814302, 49.972496], [5.814352, 49.97251], [5.814398, 49.97252], [5.814508, 49.972523], [5.814653, 49.972534], [5.81473, 49.972534], [5.814897, 49.972523], [5.814943, 49.972523], [5.815168, 49.97253], [5.815191, 49.972527], [5.815207, 49.97252], [5.815214, 49.972504], [5.815226, 49.97249], [5.815249, 49.97247], [5.815306, 49.97244], [5.815382, 49.972397], [5.815424, 49.972378], [5.815466, 49.97236], [5.815504, 49.972355], [5.81555, 49.97236], [5.81558, 49.972366], [5.815596, 49.972378], [5.815615, 49.972397], [5.815634, 49.9724], [5.81566, 49.972393], [5.815683, 49.972374], [5.815702, 49.972366], [5.815809, 49.972366], [5.815859, 49.972347], [5.815885, 49.972343], [5.816015, 49.972347], [5.816099, 49.972355], [5.816183, 49.972374], [5.81629, 49.97241], [5.81637, 49.97242], [5.816546, 49.972427], [5.816595, 49.972446], [5.816622, 49.972466], [5.816641, 49.97249], [5.816683, 49.97252], [5.816774, 49.972572], [5.816813, 49.972584], [5.816847, 49.972588], [5.816896, 49.972584], [5.81695, 49.972572], [5.817038, 49.972534], [5.81708, 49.972527], [5.817137, 49.97253], [5.817183, 49.97253], [5.817228, 49.97252], [5.817259, 49.972504], [5.817316, 49.972454], [5.817362, 49.97244], [5.8174, 49.97243], [5.817472, 49.97242], [5.817514, 49.97242], [5.817564, 49.972427], [5.817598, 49.97242], [5.817625, 49.9724], [5.817671, 49.972385], [5.817705, 49.97238], [5.817736, 49.97239], [5.817804, 49.97241], [5.817881, 49.97241], [5.817965, 49.972427], [5.818071, 49.97242], [5.818113, 49.972416], [5.818136, 49.972412], [5.818178, 49.9724], [5.818266, 49.97236], [5.818289, 49.97235], [5.818308, 49.97235], [5.818308, 49.972378], [5.818403, 49.972378], [5.81843, 49.972393], [5.818464, 49.97241], [5.818487, 49.972404], [5.818506, 49.972397], [5.818522, 49.972374], [5.818567, 49.97235], [5.818617, 49.972332], [5.818678, 49.97232], [5.818838, 49.97231], [5.818979, 49.972286], [5.819117, 49.97227], [5.819208, 49.97224], [5.819288, 49.97221], [5.819342, 49.97217], [5.819361, 49.972145], [5.819376, 49.972134], [5.819426, 49.972103], [5.819452, 49.972076], [5.819479, 49.97205], [5.819532, 49.97204], [5.819582, 49.972076], [5.819628, 49.972095], [5.819654, 49.97211], [5.819677, 49.972137], [5.819693, 49.972176], [5.819727, 49.972298], [5.819761, 49.972363], [5.819807, 49.972416], [5.820055, 49.972572], [5.82004, 49.97264], [5.820028, 49.972664], [5.820009, 49.972694], [5.819944, 49.97276], [5.819963, 49.972782], [5.820009, 49.97281], [5.820032, 49.97283], [5.820047, 49.972862], [5.820063, 49.972885], [5.820089, 49.9729], [5.820185, 49.972935], [5.820288, 49.972958], [5.820322, 49.972973], [5.820345, 49.972992], [5.820372, 49.97304], [5.820398, 49.973095], [5.820456, 49.97317], [5.820501, 49.973225], [5.820513, 49.973255], [5.820513, 49.97328], [5.820501, 49.973328], [5.82049, 49.973408], [5.820475, 49.973465], [5.820452, 49.9735], [5.82041, 49.97353], [5.820368, 49.973564], [5.820318, 49.973625], [5.820265, 49.973675], [5.820253, 49.973682], [5.820242, 49.973705], [5.820242, 49.97376], [5.820223, 49.97378], [5.820684, 49.97396], [5.821352, 49.97423], [5.822088, 49.97453], [5.822428, 49.974674], [5.822722, 49.974792], [5.822958, 49.974884], [5.823198, 49.974968], [5.823263, 49.975025], [5.823317, 49.975067], [5.823378, 49.975113], [5.823458, 49.975155], [5.823523, 49.975178], [5.823584, 49.975193], [5.823885, 49.9752], [5.823969, 49.975204], [5.824019, 49.975204], [5.824087, 49.97523], [5.824163, 49.975254], [5.824236, 49.975266], [5.824289, 49.975266], [5.824343, 49.975254], [5.824427, 49.975227], [5.824484, 49.975204], [5.824537, 49.975197], [5.824598, 49.9752], [5.824812, 49.9752], [5.82501, 49.975197], [5.825277, 49.975185], [5.825586, 49.975204], [5.825846, 49.975006], [5.825968, 49.974922], [5.8262, 49.97477], [5.826399, 49.974663], [5.82649, 49.97471], [5.826563, 49.97475], [5.826666, 49.974815], [5.826796, 49.974903], [5.82686, 49.974945], [5.826941, 49.975006], [5.82699, 49.97505], [5.827116, 49.975185], [5.827292, 49.975376], [5.827402, 49.975494], [5.827551, 49.975628], [5.827715, 49.97576], [5.827795, 49.975826], [5.827955, 49.97597], [5.828592, 49.97595], [5.828646, 49.97595], [5.828814, 49.975983], [5.828939, 49.976], [5.829001, 49.976006], [5.829035, 49.976], [5.82913, 49.975986], [5.829214, 49.975975], [5.829336, 49.975967], [5.830141, 49.97596], [5.830206, 49.975956], [5.8305, 49.975956], [5.831259, 49.9762], [5.831427, 49.97627], [5.831591, 49.976334], [5.831755, 49.976402], [5.832037, 49.97653], [5.832117, 49.976696], [5.832178, 49.976818], [5.832422, 49.97695], [5.832441, 49.97704], [5.83246, 49.9771], [5.832487, 49.977158], [5.832525, 49.977215], [5.832773, 49.977566], [5.83293, 49.977768], [5.833143, 49.978035], [5.833208, 49.97812], [5.833391, 49.97835], [5.833548, 49.97854], [5.834166, 49.97823], [5.834738, 49.978725], [5.835119, 49.979053], [5.835138, 49.97907], [5.835779, 49.97892], [5.835791, 49.978943], [5.836027, 49.979355], [5.836348, 49.979935], [5.836386, 49.97995], [5.83647, 49.980015], [5.836565, 49.98009], [5.836641, 49.980164], [5.836706, 49.98022], [5.836798, 49.98031], [5.836935, 49.98044], [5.837168, 49.980644], [5.837267, 49.98073], [5.837381, 49.980827], [5.837408, 49.980854], [5.837503, 49.980946], [5.837713, 49.981346], [5.83779, 49.981495], [5.837805, 49.98153], [5.83798, 49.981865], [5.838255, 49.982395], [5.838388, 49.98235], [5.838556, 49.98229], [5.838678, 49.982517], [5.838873, 49.982903], [5.839025, 49.983192], [5.839109, 49.983356], [5.839182, 49.98351], [5.839327, 49.983788], [5.839468, 49.98407], [5.839262, 49.984127], [5.839075, 49.984184], [5.8389, 49.98424], [5.838846, 49.984272], [5.838762, 49.984367], [5.838755, 49.98454], [5.838758, 49.984673], [5.83877, 49.98477], [5.838781, 49.984837], [5.838831, 49.984993], [5.838797, 49.985184], [5.838777, 49.985313], [5.838785, 49.985435], [5.8388, 49.98556], [5.838827, 49.985752], [5.838846, 49.9859], [5.838858, 49.98612], [5.838884, 49.986263], [5.838903, 49.986404], [5.838926, 49.98656], [5.838953, 49.986702], [5.838957, 49.986794], [5.838976, 49.986816], [5.839098, 49.98689], [5.839121, 49.98691], [5.839174, 49.98699], [5.839216, 49.987038], [5.8393, 49.9871], [5.839399, 49.987274], [5.839407, 49.98732], [5.839415, 49.98742], [5.839415, 49.98748], [5.839403, 49.987526], [5.839388, 49.987556], [5.839289, 49.987656], [5.839262, 49.987713], [5.839247, 49.987797], [5.839231, 49.98792], [5.839216, 49.987976], [5.839182, 49.988018], [5.839132, 49.98809], [5.839109, 49.988136], [5.839109, 49.9882], [5.839113, 49.98828], [5.839113, 49.988323], [5.839086, 49.98838], [5.83906, 49.988445], [5.83906, 49.988483], [5.839067, 49.988525], [5.839117, 49.988625], [5.839224, 49.98887], [5.839239, 49.988888], [5.839266, 49.9889], [5.839441, 49.988968], [5.839487, 49.98899], [5.839815, 49.989174], [5.839941, 49.98924], [5.840132, 49.989338], [5.840136, 49.989437], [5.84009, 49.989456], [5.839945, 49.989513], [5.839865, 49.98953], [5.83956, 49.989605], [5.839491, 49.98962], [5.839441, 49.989643], [5.839418, 49.989655], [5.839376, 49.989727], [5.83935, 49.98976], [5.839323, 49.989784], [5.839262, 49.989822], [5.839186, 49.989857], [5.83906, 49.989918], [5.8388, 49.990025], [5.838674, 49.990078], [5.838469, 49.99018], [5.83832, 49.990257], [5.83835, 49.990295], [5.838228, 49.990353], [5.837927, 49.9905], [5.837763, 49.990578], [5.837614, 49.99065], [5.837046, 49.990883], [5.836882, 49.99101], [5.836748, 49.991108], [5.836695, 49.991142], [5.836672, 49.991154], [5.836637, 49.99116], [5.83642, 49.99117], [5.836206, 49.991184], [5.83592, 49.991196], [5.83581, 49.9912], [5.835711, 49.991188], [5.835642, 49.99115], [5.8356, 49.991116], [5.835562, 49.991074], [5.835405, 49.991074], [5.835283, 49.99106], [5.835154, 49.99103], [5.834959, 49.99104], [5.834913, 49.99104], [5.834833, 49.991024], [5.834772, 49.99099], [5.834711, 49.99097], [5.834654, 49.99096], [5.834517, 49.99096], [5.834421, 49.990944], [5.83436, 49.99094], [5.8342, 49.990936], [5.834097, 49.990906], [5.834028, 49.99089], [5.833952, 49.990875], [5.833902, 49.990856], [5.833818, 49.990795], [5.833795, 49.990788], [5.833731, 49.990788], [5.8337, 49.990784], [5.833632, 49.99075], [5.833479, 49.990704], [5.83338, 49.99067], [5.833158, 49.9906], [5.83309, 49.990593], [5.832937, 49.99059], [5.832838, 49.990562], [5.832758, 49.990543], [5.832426, 49.990517], [5.832315, 49.990643], [5.832167, 49.990814], [5.831888, 49.99114], [5.831747, 49.99131], [5.831606, 49.991486], [5.831423, 49.99172], [5.831015, 49.99226], [5.83069, 49.992783], [5.830664, 49.992825], [5.830522, 49.993073], [5.83045, 49.993206], [5.830397, 49.99328], [5.830236, 49.99348], [5.830133, 49.993607], [5.829988, 49.993793], [5.829813, 49.993977], [5.829702, 49.994095], [5.829645, 49.994144], [5.828772, 49.99469], [5.828661, 49.994762], [5.828604, 49.9948], [5.828287, 49.995018], [5.82802, 49.995216], [5.827898, 49.995304], [5.827661, 49.99548], [5.827547, 49.99556], [5.827349, 49.995674], [5.827154, 49.99578], [5.826826, 49.99593], [5.826731, 49.99597], [5.826361, 49.99611], [5.825487, 49.996445], [5.824686, 49.99675], [5.82461, 49.996773], [5.823793, 49.99704], [5.823595, 49.996994], [5.822729, 49.997936], [5.822042, 49.99872], [5.821547, 49.999275], [5.821264, 49.999653], [5.820875, 50.00015], [5.820849, 50.000183], [5.820806, 50.00024], [5.820795, 50.000267], [5.820757, 50.000435], [5.820684, 50.000813], [5.820715, 50.000862], [5.820806, 50.00095], [5.821474, 50.001606], [5.821543, 50.001667], [5.821684, 50.0018], [5.821699, 50.001816], [5.821627, 50.002155], [5.821623, 50.00219], [5.821623, 50.002235], [5.821642, 50.002506], [5.821646, 50.002575], [5.821661, 50.002766], [5.821669, 50.002846], [5.821234, 50.003155], [5.821073, 50.00329], [5.820826, 50.003513], [5.821035, 50.00361], [5.821142, 50.003654], [5.821165, 50.003666], [5.821356, 50.003746], [5.820448, 50.005142], [5.820429, 50.005177], [5.820528, 50.005196], [5.820791, 50.005238], [5.821077, 50.00529], [5.821184, 50.00532], [5.821409, 50.00539], [5.821581, 50.005455], [5.82173, 50.005535], [5.821875, 50.00561], [5.821932, 50.005653], [5.822237, 50.005894], [5.822245, 50.005918], [5.821913, 50.00627], [5.821543, 50.006657], [5.821283, 50.006966], [5.821112, 50.00722], [5.820883, 50.00759], [5.82078, 50.007763], [5.820688, 50.007946], [5.820471, 50.008495], [5.820406, 50.008663], [5.820127, 50.009148], [5.819998, 50.00935], [5.819918, 50.009575], [5.819879, 50.009693], [5.819796, 50.00989], [5.819727, 50.010017], [5.819609, 50.010246], [5.819544, 50.010406], [5.819525, 50.010498], [5.819479, 50.0108], [5.81946, 50.010868], [5.81941, 50.01106], [5.819372, 50.01122], [5.820059, 50.011204], [5.820055, 50.011234], [5.820036, 50.011288], [5.819994, 50.011375], [5.819952, 50.011436], [5.819902, 50.011497], [5.819723, 50.011703], [5.819513, 50.011963], [5.819349, 50.01218], [5.819254, 50.012333], [5.819101, 50.012608], [5.818987, 50.01281], [5.819162, 50.012905], [5.819319, 50.01301], [5.819456, 50.013123], [5.819685, 50.013287], [5.819776, 50.01334], [5.819868, 50.013382], [5.819948, 50.01341], [5.820215, 50.013474], [5.820414, 50.01354], [5.820631, 50.013615], [5.821318, 50.013878], [5.821524, 50.01396], [5.821661, 50.014023], [5.821745, 50.014065], [5.821947, 50.014187], [5.822077, 50.01427], [5.82229, 50.01441], [5.822313, 50.014393], [5.822889, 50.01401], [5.823511, 50.014435], [5.823702, 50.01458], [5.823824, 50.014675], [5.824045, 50.01487], [5.824163, 50.014973], [5.824583, 50.014782], [5.824736, 50.01471], [5.824766, 50.014694], [5.824785, 50.014675], [5.824827, 50.01462], [5.824865, 50.01459], [5.824907, 50.014572], [5.824995, 50.014545], [5.825129, 50.014515], [5.825178, 50.014503], [5.825289, 50.014465], [5.825457, 50.014404], [5.825575, 50.014526], [5.825605, 50.01458], [5.825659, 50.01467], [5.825716, 50.014763], [5.825777, 50.01484], [5.825857, 50.014923], [5.826544, 50.014557], [5.827436, 50.014076], [5.827532, 50.01429], [5.827547, 50.014328], [5.827578, 50.01441], [5.82765, 50.014587], [5.827738, 50.014805], [5.827757, 50.01485], [5.828116, 50.0148], [5.828352, 50.01478], [5.828539, 50.014767], [5.828691, 50.01476], [5.828909, 50.014755], [5.829061, 50.014763], [5.829367, 50.014786], [5.829836, 50.01482], [5.830133, 50.014843], [5.82992, 50.01507], [5.829771, 50.01524], [5.829676, 50.015335], [5.829618, 50.015385], [5.829584, 50.015423], [5.829485, 50.01554], [5.829302, 50.01577], [5.830042, 50.016026], [5.83, 50.01608], [5.830633, 50.01625], [5.830656, 50.016254], [5.831526, 50.016552], [5.831671, 50.016617], [5.831877, 50.016727], [5.83209, 50.016846], [5.832315, 50.01697], [5.832872, 50.017303], [5.832396, 50.017952], [5.832601, 50.01801], [5.833376, 50.018238], [5.833769, 50.01835], [5.833754, 50.01842], [5.834047, 50.01847], [5.834402, 50.018517], [5.835188, 50.018623], [5.835733, 50.018696], [5.836023, 50.018734], [5.836065, 50.01873], [5.836119, 50.018723], [5.836137, 50.018722], [5.83658, 50.018696], [5.836908, 50.01868], [5.837477, 50.018673], [5.837736, 50.018715], [5.837931, 50.018757], [5.838057, 50.01879], [5.838297, 50.018864], [5.838407, 50.018906], [5.838472, 50.018932], [5.838438, 50.01902], [5.838373, 50.019215], [5.838781, 50.019238], [5.839365, 50.01923], [5.83954, 50.01923], [5.83988, 50.01932], [5.839903, 50.019325], [5.839918, 50.019337], [5.839949, 50.019333], [5.839964, 50.01934], [5.839994, 50.019352], [5.84004, 50.01939], [5.840075, 50.01941], [5.840105, 50.019417], [5.840132, 50.01942], [5.840159, 50.019417], [5.8402, 50.01941], [5.840212, 50.0194], [5.840212, 50.01939], [5.840185, 50.01937], [5.840174, 50.01936], [5.84017, 50.01935], [5.84017, 50.019333], [5.840174, 50.019318], [5.840166, 50.019306], [5.840155, 50.019295], [5.840136, 50.019283], [5.840124, 50.019268], [5.840132, 50.019257], [5.840159, 50.01924], [5.84017, 50.019234], [5.84017, 50.019222], [5.840159, 50.019207], [5.840143, 50.019203], [5.840124, 50.0192], [5.840113, 50.019188], [5.840109, 50.019173], [5.840128, 50.019142], [5.840151, 50.019127], [5.840185, 50.01912], [5.840231, 50.01912], [5.840296, 50.019135], [5.840345, 50.019142], [5.840383, 50.019142], [5.840429, 50.01914], [5.840456, 50.01913], [5.840494, 50.019115], [5.840551, 50.019085], [5.840593, 50.019066], [5.840628, 50.019054], [5.840666, 50.019043], [5.840681, 50.01903], [5.840685, 50.019012], [5.840693, 50.01897], [5.8407, 50.0189], [5.840746, 50.018753], [5.840803, 50.018585], [5.840815, 50.01854], [5.840803, 50.0185], [5.840738, 50.018436], [5.840723, 50.018406], [5.840727, 50.01837], [5.840746, 50.018337], [5.840788, 50.018307], [5.840826, 50.0183], [5.840868, 50.018303], [5.840898, 50.01832], [5.840967, 50.018353], [5.841013, 50.018364], [5.841047, 50.018364], [5.841085, 50.018353], [5.841135, 50.018337], [5.841391, 50.01861], [5.841501, 50.01872], [5.84173, 50.018604], [5.841864, 50.01883], [5.842028, 50.01899], [5.842402, 50.019344], [5.842573, 50.019505], [5.842836, 50.01945], [5.843187, 50.019436], [5.843477, 50.019413], [5.843809, 50.01938], [5.843927, 50.019478], [5.844034, 50.019554], [5.844114, 50.019604], [5.844244, 50.01968], [5.844435, 50.019787], [5.844694, 50.019928], [5.844904, 50.020027], [5.845156, 50.020138], [5.845358, 50.020237], [5.845659, 50.020397], [5.845869, 50.020515], [5.846178, 50.020683], [5.84638, 50.020786], [5.846567, 50.020874], [5.846842, 50.020992], [5.846987, 50.021057], [5.847139, 50.021122], [5.84749, 50.021263], [5.847593, 50.02131], [5.847956, 50.021458], [5.848814, 50.021812], [5.849142, 50.02194], [5.849772, 50.022224], [5.849855, 50.022224], [5.850409, 50.022472], [5.850519, 50.022514], [5.850664, 50.02256], [5.850954, 50.02263], [5.851328, 50.022713], [5.851774, 50.022804], [5.852457, 50.022903], [5.852468, 50.02306], [5.852465, 50.023167], [5.852457, 50.02321], [5.85243, 50.023293], [5.8524, 50.023403], [5.85232, 50.02363], [5.852217, 50.02393], [5.852175, 50.02408], [5.852159, 50.024166], [5.852137, 50.02435], [5.852083, 50.024494], [5.852015, 50.024673], [5.851946, 50.02487], [5.851892, 50.02506], [5.851847, 50.025246], [5.851748, 50.02562], [5.851728, 50.025673], [5.85166, 50.025818], [5.851522, 50.026104], [5.85177, 50.02619], [5.851999, 50.026253], [5.852232, 50.026306], [5.852655, 50.026394], [5.85372, 50.02662], [5.853598, 50.027214], [5.853258, 50.027573], [5.8538, 50.027702], [5.855261, 50.02804], [5.856066, 50.028214], [5.856668, 50.028343], [5.856806, 50.02837], [5.857019, 50.028378], [5.8575, 50.028393], [5.858011, 50.028416], [5.85885, 50.02845], [5.859095, 50.028465], [5.859453, 50.028633], [5.859877, 50.028877], [5.859831, 50.029087], [5.859816, 50.029133], [5.859728, 50.02925], [5.859499, 50.029457], [5.8594, 50.02956], [5.859335, 50.02964], [5.859243, 50.029762], [5.859159, 50.0299], [5.859083, 50.030067], [5.859026, 50.030262], [5.859037, 50.03042], [5.859057, 50.030533], [5.859198, 50.03064], [5.859358, 50.030754], [5.859404, 50.0308], [5.859442, 50.030888], [5.859449, 50.03092], [5.859426, 50.03098], [5.859407, 50.03099], [5.859201, 50.03099], [5.859087, 50.031], [5.859011, 50.031113], [5.858992, 50.03118], [5.85898, 50.031235], [5.858942, 50.03134], [5.859072, 50.031296], [5.859159, 50.031258], [5.859194, 50.03126], [5.859224, 50.031277], [5.859243, 50.0313], [5.859266, 50.03133], [5.859274, 50.03135], [5.859262, 50.031376], [5.859026, 50.03179], [5.858881, 50.031994], [5.858648, 50.03223], [5.858553, 50.032322], [5.858507, 50.032364], [5.858232, 50.032528], [5.85795, 50.032707], [5.857744, 50.03287], [5.857641, 50.032997], [5.857573, 50.033104], [5.857523, 50.03323], [5.857508, 50.03342], [5.857573, 50.03366], [5.857725, 50.03399], [5.857863, 50.034237], [5.857927, 50.03433], [5.858087, 50.034485], [5.858087, 50.034542], [5.858076, 50.03469], [5.857996, 50.034744], [5.857801, 50.03488], [5.857496, 50.03505], [5.85734, 50.035122], [5.857161, 50.035187], [5.856787, 50.035313], [5.856516, 50.035397], [5.856855, 50.035706], [5.856523, 50.03585], [5.856119, 50.03604], [5.856127, 50.03608], [5.856161, 50.0361], [5.856089, 50.03619], [5.85607, 50.03623], [5.85607, 50.036278], [5.856111, 50.036316], [5.856184, 50.036346], [5.856794, 50.03656], [5.857027, 50.03665], [5.857279, 50.036762], [5.857462, 50.03685], [5.857657, 50.036953], [5.857763, 50.03706], [5.857954, 50.03726], [5.858, 50.037304], [5.858557, 50.037678], [5.859037, 50.038002], [5.859285, 50.038147], [5.859823, 50.0384], [5.860037, 50.038483], [5.860449, 50.038635], [5.860823, 50.03876], [5.861189, 50.038887], [5.861219, 50.038834], [5.861937, 50.038933], [5.862463, 50.039017], [5.862703, 50.03907], [5.86315, 50.039196], [5.863512, 50.039318], [5.863653, 50.03938], [5.863382, 50.039436], [5.863298, 50.0394], [5.863092, 50.039593], [5.862791, 50.039883], [5.862577, 50.04009], [5.862959, 50.04021], [5.862646, 50.04067], [5.862555, 50.0408], [5.862371, 50.041035], [5.862299, 50.041134], [5.862478, 50.041214], [5.862459, 50.04125], [5.862429, 50.041313], [5.862658, 50.041473], [5.862955, 50.041676], [5.863012, 50.041702], [5.863104, 50.04173], [5.86331, 50.041782], [5.863237, 50.042206], [5.863924, 50.042233], [5.864069, 50.042244], [5.864283, 50.042263], [5.864752, 50.04233], [5.865343, 50.042423], [5.865271, 50.04271], [5.86603, 50.04292], [5.866362, 50.043022], [5.866476, 50.043068], [5.866617, 50.043137], [5.867018, 50.04333], [5.867205, 50.043423], [5.867445, 50.043285], [5.867708, 50.04344], [5.867903, 50.04356], [5.86809, 50.043633], [5.868227, 50.043686], [5.868307, 50.04374], [5.868349, 50.04378], [5.868414, 50.04386], [5.868456, 50.043926], [5.868467, 50.043945], [5.868463, 50.04396], [5.86836, 50.04421], [5.868269, 50.04435], [5.868216, 50.04441], [5.868074, 50.044525], [5.868025, 50.04457], [5.867903, 50.04473], [5.867769, 50.044907], [5.867594, 50.045135], [5.86746, 50.04533], [5.8678, 50.04543], [5.868177, 50.0455], [5.868799, 50.045654], [5.869432, 50.04582], [5.869871, 50.045933], [5.869909, 50.045944], [5.869699, 50.046227], [5.869455, 50.04651], [5.869234, 50.04685], [5.868723, 50.04771], [5.86833, 50.048363], [5.867945, 50.04901], [5.867804, 50.04925], [5.867727, 50.049397], [5.867586, 50.049774], [5.867441, 50.050186], [5.867155, 50.05037], [5.866911, 50.050526], [5.866583, 50.050713], [5.866274, 50.050888], [5.866102, 50.05099], [5.86595, 50.051117], [5.865583, 50.05142], [5.865183, 50.05172], [5.86492, 50.05202], [5.864782, 50.05215], [5.86447, 50.052437], [5.864351, 50.052547], [5.864119, 50.05275], [5.863916, 50.052914], [5.863771, 50.053017], [5.86347, 50.05321], [5.86297, 50.053516], [5.862471, 50.053795], [5.862139, 50.053993], [5.861792, 50.05423], [5.86141, 50.05452], [5.861242, 50.05466], [5.861174, 50.054752], [5.861135, 50.05483], [5.86112, 50.05494], [5.861124, 50.05503], [5.861025, 50.055046], [5.861002, 50.054985], [5.860971, 50.054924], [5.860846, 50.05472], [5.86062, 50.05445], [5.860304, 50.0545], [5.860029, 50.05455], [5.859888, 50.054585], [5.85951, 50.054714], [5.859198, 50.054817], [5.858847, 50.054935], [5.858625, 50.054996], [5.858347, 50.05503], [5.858099, 50.055042], [5.857824, 50.055042], [5.857519, 50.055016], [5.857405, 50.05529], [5.857248, 50.05562], [5.857115, 50.055866], [5.856943, 50.056187], [5.856833, 50.056454], [5.856729, 50.05678], [5.856646, 50.057056], [5.856543, 50.057404], [5.856466, 50.057682], [5.85626, 50.05767], [5.856066, 50.057667], [5.855989, 50.057865], [5.855646, 50.057846], [5.855467, 50.058], [5.855162, 50.058258], [5.855055, 50.058346], [5.854826, 50.058514], [5.854452, 50.058754], [5.854204, 50.05889], [5.854467, 50.059044], [5.854574, 50.059376], [5.854776, 50.059998], [5.854948, 50.06012], [5.855257, 50.060352], [5.855581, 50.060623], [5.855883, 50.06089], [5.856287, 50.06126], [5.856573, 50.061527], [5.856646, 50.061596], [5.856588, 50.06176], [5.856451, 50.062126], [5.856489, 50.06222], [5.856554, 50.062344], [5.856596, 50.062428], [5.856592, 50.062584], [5.856604, 50.06274], [5.856626, 50.0633], [5.856668, 50.06366], [5.856729, 50.06394], [5.856844, 50.064247], [5.857012, 50.064583], [5.857183, 50.064884], [5.857317, 50.065094], [5.857473, 50.065327], [5.857649, 50.065563], [5.857866, 50.06588], [5.858156, 50.066383], [5.858351, 50.06668], [5.858442, 50.06681], [5.858686, 50.067074], [5.859049, 50.067417], [5.859095, 50.06746], [5.859274, 50.067654], [5.859602, 50.067997], [5.859827, 50.068222], [5.860167, 50.068596], [5.860411, 50.068855], [5.860559, 50.06904], [5.860663, 50.069214], [5.860971, 50.06925], [5.861277, 50.069305], [5.86149, 50.069347], [5.861608, 50.069366], [5.861822, 50.069386], [5.862005, 50.069393], [5.862291, 50.069427], [5.862551, 50.06948], [5.862738, 50.069523], [5.862913, 50.069572], [5.863195, 50.06972], [5.863317, 50.06978], [5.863451, 50.069836], [5.863584, 50.06988], [5.86384, 50.06995], [5.864141, 50.07002], [5.864412, 50.070076], [5.864656, 50.070137], [5.864958, 50.070248], [5.865541, 50.070488], [5.865751, 50.070568], [5.865934, 50.070656], [5.866255, 50.070854], [5.866575, 50.07106], [5.866831, 50.07123], [5.867193, 50.071507], [5.867441, 50.07171], [5.867636, 50.071873], [5.867888, 50.072086], [5.867842, 50.07244], [5.867781, 50.072872], [5.867716, 50.073353], [5.868074, 50.073494], [5.868486, 50.073643], [5.869253, 50.073883], [5.869821, 50.074055], [5.870306, 50.074207], [5.870851, 50.0744], [5.871332, 50.074554], [5.871767, 50.074684], [5.872251, 50.074863], [5.872923, 50.075043], [5.873808, 50.075264], [5.874235, 50.075375], [5.874746, 50.075493], [5.875174, 50.07559], [5.875876, 50.075752], [5.876459, 50.07589], [5.877279, 50.076088], [5.877852, 50.07621], [5.878531, 50.076344], [5.878779, 50.0764], [5.879301, 50.076477], [5.879705, 50.07653], [5.879999, 50.076565], [5.880842, 50.076687], [5.881502, 50.07677], [5.881876, 50.076805], [5.882196, 50.076824], [5.882254, 50.076565], [5.882338, 50.076134], [5.882357, 50.07605], [5.882517, 50.076363], [5.882631, 50.07656], [5.882822, 50.076717], [5.883085, 50.076893], [5.88352, 50.077152], [5.883776, 50.07726], [5.884249, 50.077415], [5.885225, 50.07772], [5.885782, 50.07796], [5.886011, 50.078087], [5.886167, 50.078186], [5.886454, 50.078396], [5.88674, 50.078667], [5.886927, 50.0789], [5.887137, 50.079212], [5.887239, 50.079407], [5.887304, 50.079704], [5.887403, 50.080326], [5.887434, 50.08056], [5.887503, 50.081127], [5.887537, 50.081524], [5.887548, 50.08192], [5.887529, 50.082146], [5.887423, 50.082806], [5.887258, 50.083645], [5.887236, 50.083874], [5.887316, 50.084343], [5.887335, 50.084827], [5.887323, 50.0853], [5.887301, 50.085655], [5.887247, 50.086025], [5.887178, 50.086414], [5.887133, 50.08655], [5.88706, 50.086823], [5.886854, 50.08753], [5.886808, 50.087837], [5.886702, 50.088284], [5.886641, 50.088585], [5.886583, 50.088943], [5.88648, 50.089855], [5.886476, 50.090096], [5.886457, 50.090412], [5.886469, 50.09051], [5.886526, 50.09066], [5.886583, 50.090786], [5.886705, 50.09098], [5.886999, 50.09142], [5.887465, 50.09209], [5.887846, 50.092617], [5.888018, 50.092903], [5.888334, 50.093353], [5.888693, 50.094006], [5.888784, 50.0942], [5.88909, 50.09508], [5.889185, 50.09528], [5.889288, 50.09555], [5.889341, 50.095627], [5.889513, 50.09575], [5.889593, 50.095818], [5.889761, 50.095993], [5.889879, 50.09616], [5.889978, 50.096317], [5.89023, 50.096596], [5.890478, 50.096867], [5.890707, 50.097103], [5.891016, 50.097565], [5.891119, 50.09782], [5.891306, 50.098312], [5.891546, 50.09873], [5.891981, 50.099323], [5.892084, 50.09942], [5.892752, 50.09979], [5.89358, 50.10033], [5.893915, 50.100574], [5.894152, 50.100742], [5.894434, 50.101017], [5.89456, 50.101154], [5.894606, 50.101334], [5.894598, 50.101406], [5.894491, 50.102005], [5.894396, 50.1027], [5.894384, 50.10292], [5.8944, 50.10311], [5.894438, 50.1033], [5.894541, 50.103565], [5.894693, 50.10389], [5.894949, 50.104355], [5.895006, 50.104489], [5.895052, 50.104595], [5.895201, 50.104954], [5.8953, 50.10528], [5.895323, 50.105515], [5.89533, 50.105927], [5.895315, 50.106125], [5.895212, 50.106705], [5.895075, 50.10733], [5.895067, 50.10791], [5.895052, 50.108593], [5.895041, 50.109184], [5.89506, 50.109352], [5.895186, 50.109898], [5.895246, 50.110214], [5.895418, 50.110703], [5.895502, 50.111103], [5.895513, 50.11128], [5.895456, 50.111526], [5.895316, 50.112162], [5.895385, 50.112208], [5.896723, 50.112865], [5.897924, 50.113457], [5.898161, 50.113575], [5.898249, 50.113632], [5.898306, 50.113674], [5.89842, 50.113773], [5.898581, 50.11391], [5.898619, 50.113945], [5.899008, 50.11429], [5.899157, 50.114426], [5.899256, 50.114532], [5.899446, 50.114727], [5.899656, 50.114956], [5.899794, 50.11511], [5.900007, 50.11536], [5.900263, 50.11567], [5.900354, 50.115765], [5.900465, 50.11587], [5.900526, 50.11592], [5.900667, 50.116024], [5.900743, 50.116077], [5.900827, 50.116127], [5.900888, 50.116158], [5.90101, 50.116203], [5.901213, 50.11626], [5.901461, 50.116337], [5.901522, 50.116352], [5.901983, 50.116493], [5.902395, 50.116623], [5.902411, 50.11663], [5.902491, 50.11666], [5.902723, 50.116783], [5.902849, 50.11685], [5.902956, 50.116913], [5.9032, 50.11705], [5.903494, 50.117214], [5.90354, 50.11723], [5.903913, 50.117332], [5.904325, 50.11745], [5.904604, 50.117546], [5.904856, 50.117645], [5.905024, 50.11771], [5.90526, 50.117798], [5.905817, 50.117996], [5.905943, 50.11803], [5.906244, 50.118126], [5.906561, 50.118217], [5.906836, 50.118294], [5.907003, 50.11835], [5.907167, 50.11841], [5.907347, 50.11847], [5.90769, 50.118595], [5.90798, 50.118656], [5.908339, 50.11872], [5.90869, 50.11879], [5.908792, 50.118813], [5.908895, 50.118847], [5.908964, 50.118877], [5.909151, 50.118946], [5.909525, 50.119087], [5.909716, 50.119232], [5.909899, 50.11937], [5.91028, 50.119663], [5.910395, 50.11976], [5.910421, 50.11978], [5.91049, 50.11986], [5.910585, 50.119987], [5.910681, 50.120106], [5.910871, 50.12035], [5.911074, 50.120598], [5.911188, 50.12074], [5.911253, 50.120678], [5.911722, 50.120876], [5.912153, 50.121063], [5.912512, 50.121216], [5.912859, 50.121365], [5.912874, 50.121372], [5.913221, 50.12152], [5.913542, 50.12166], [5.914061, 50.121883], [5.914095, 50.121902], [5.914579, 50.121815], [5.914823, 50.12177], [5.915262, 50.121662], [5.915548, 50.1216], [5.915949, 50.121544], [5.916082, 50.121536], [5.916224, 50.121532], [5.916441, 50.12154], [5.917013, 50.121544], [5.91741, 50.12154], [5.917444, 50.121555], [5.917669, 50.121647], [5.917894, 50.121735], [5.91815, 50.121834], [5.918413, 50.121937], [5.918985, 50.12216], [5.91963, 50.122414], [5.920359, 50.1227], [5.920843, 50.12288], [5.921492, 50.12313], [5.921568, 50.12318], [5.921637, 50.123226], [5.92227, 50.1234], [5.92285, 50.12356], [5.923571, 50.12376], [5.924639, 50.124054], [5.925898, 50.12441], [5.926218, 50.124557], [5.9265, 50.124695], [5.926539, 50.12471], [5.927095, 50.124973], [5.928083, 50.125446], [5.928427, 50.125607], [5.928812, 50.12579], [5.929239, 50.12599], [5.929663, 50.12619], [5.929754, 50.12621], [5.929937, 50.126255], [5.93014, 50.126293], [5.930345, 50.12632], [5.930559, 50.12634], [5.930845, 50.126358], [5.931185, 50.12638], [5.931402, 50.1264], [5.931623, 50.126427], [5.931921, 50.126472], [5.932215, 50.126526], [5.932371, 50.126556], [5.932756, 50.126656], [5.933146, 50.12676], [5.933397, 50.12683], [5.933573, 50.126873], [5.93371, 50.126896], [5.933889, 50.126923], [5.934008, 50.126934], [5.934141, 50.12695], [5.934305, 50.126762], [5.934317, 50.12675], [5.934492, 50.126766], [5.93471, 50.12678], [5.935327, 50.126827], [5.935507, 50.126842], [5.935778, 50.126957], [5.935789, 50.126965], [5.936289, 50.127018], [5.936678, 50.126965], [5.936777, 50.126953], [5.936884, 50.126945], [5.937174, 50.126938], [5.937414, 50.12715], [5.937502, 50.12722], [5.937613, 50.12729], [5.937784, 50.127373], [5.938044, 50.127487], [5.938246, 50.127563], [5.93849, 50.127647], [5.938734, 50.127728], [5.939123, 50.127842], [5.939531, 50.12796], [5.939798, 50.12804], [5.93984, 50.128056], [5.939913, 50.128048], [5.940042, 50.128098], [5.940309, 50.12818], [5.940809, 50.128326], [5.941595, 50.128567], [5.942343, 50.12877], [5.942705, 50.12883], [5.942751, 50.128838], [5.942644, 50.129], [5.942675, 50.12901], [5.943136, 50.129105], [5.94343, 50.129158], [5.943655, 50.129185], [5.943785, 50.12919], [5.94396, 50.129185], [5.94425, 50.129173], [5.944258, 50.12922], [5.944548, 50.12919], [5.944742, 50.129173], [5.945074, 50.129154], [5.945105, 50.129105], [5.945486, 50.12912], [5.945982, 50.12915], [5.94607, 50.12916], [5.946218, 50.129192], [5.94628, 50.129215], [5.946348, 50.129242], [5.946382, 50.129242], [5.946405, 50.129234], [5.94644, 50.129227], [5.94647, 50.12922], [5.946508, 50.129215], [5.946547, 50.129234], [5.946611, 50.129246], [5.946646, 50.129246], [5.946688, 50.129234], [5.946756, 50.129253], [5.946794, 50.12926], [5.946833, 50.12926], [5.946894, 50.12925], [5.94697, 50.129234], [5.947, 50.12923], [5.947035, 50.129234], [5.947111, 50.129246], [5.947168, 50.129253], [5.94729, 50.12925], [5.947298, 50.129204], [5.947523, 50.12914], [5.947592, 50.129128], [5.947649, 50.129124], [5.94776, 50.12913], [5.947943, 50.129135], [5.948069, 50.12913], [5.948202, 50.129128], [5.948393, 50.12912], [5.949106, 50.129143], [5.949743, 50.129166], [5.949865, 50.129173], [5.950003, 50.129185], [5.950129, 50.1292], [5.950224, 50.129215], [5.950777, 50.12933], [5.951521, 50.12949], [5.951723, 50.129536], [5.951883, 50.129578], [5.952143, 50.12965], [5.952406, 50.12973], [5.952738, 50.129837], [5.953375, 50.13003], [5.953669, 50.130108], [5.954016, 50.130215], [5.954042, 50.130222], [5.953993, 50.1303], [5.953753, 50.130688], [5.953787, 50.130737], [5.953852, 50.130806], [5.953943, 50.130905], [5.954008, 50.130978], [5.954119, 50.130978], [5.954222, 50.130985], [5.954321, 50.13101], [5.954668, 50.131092], [5.954859, 50.131073], [5.954973, 50.131058], [5.955229, 50.13105], [5.955347, 50.131054], [5.955793, 50.13106], [5.956156, 50.13107], [5.956297, 50.13107], [5.956419, 50.13106], [5.956678, 50.131054], [5.956823, 50.131042], [5.956904, 50.131042], [5.957018, 50.131046], [5.957109, 50.131054], [5.9573, 50.131077], [5.957476, 50.1311], [5.95764, 50.13112], [5.957701, 50.13112], [5.957808, 50.131115], [5.95796, 50.131107], [5.958261, 50.13108], [5.958559, 50.131054], [5.958841, 50.131027], [5.958952, 50.13102], [5.959131, 50.131004], [5.959269, 50.131], [5.959417, 50.131], [5.959677, 50.13101], [5.959848, 50.131023], [5.959955, 50.13104], [5.960199, 50.13109], [5.960482, 50.131134], [5.960638, 50.131165], [5.960794, 50.131203], [5.961332, 50.131363], [5.961164, 50.131584], [5.960905, 50.13201], [5.960791, 50.13218], [5.960463, 50.13276], [5.960382, 50.132923], [5.960062, 50.13369], [5.959829, 50.13427], [5.959764, 50.134457], [5.959631, 50.13498], [5.959627, 50.135017], [5.959616, 50.135082], [5.95957, 50.135387], [5.959539, 50.135567], [5.959352, 50.136154], [5.959082, 50.137093], [5.958883, 50.137756], [5.958666, 50.138424], [5.958563, 50.138786], [5.958555, 50.13881], [5.95854, 50.138866], [5.958632, 50.13898], [5.959207, 50.139732], [5.959475, 50.140083], [5.960237, 50.141098], [5.960955, 50.142044], [5.961168, 50.14233], [5.961348, 50.142567], [5.961302, 50.142967], [5.961226, 50.143692], [5.961149, 50.144203], [5.961042, 50.144844], [5.960909, 50.145096], [5.960722, 50.145454], [5.960657, 50.14561], [5.96055, 50.14587], [5.960459, 50.146126], [5.960329, 50.146534], [5.960249, 50.146843], [5.960199, 50.14709], [5.960184, 50.14731], [5.960173, 50.147556], [5.960276, 50.14761], [5.960302, 50.147823], [5.960329, 50.14802], [5.960367, 50.148235], [5.960405, 50.148388], [5.960463, 50.14858], [5.960543, 50.148815], [5.96063, 50.149002], [5.960802, 50.14928], [5.960936, 50.149464], [5.96121, 50.149815], [5.960745, 50.149994], [5.960394, 50.150116], [5.959963, 50.150238], [5.95973, 50.150322], [5.959566, 50.150364], [5.959402, 50.150402], [5.959211, 50.15044], [5.9587, 50.150528], [5.958727, 50.15065], [5.958826, 50.15118], [5.958136, 50.151398], [5.958261, 50.151447], [5.958422, 50.15152], [5.959257, 50.151936], [5.95957, 50.152077], [5.959906, 50.15222], [5.960337, 50.152393], [5.96044, 50.152313], [5.961348, 50.152683], [5.961683, 50.15285], [5.962133, 50.153076], [5.962122, 50.15309], [5.96269, 50.15334], [5.962892, 50.15311], [5.962935, 50.153057], [5.963533, 50.15318], [5.96398, 50.153286], [5.964495, 50.153423], [5.964968, 50.15357], [5.96509, 50.153606], [5.965265, 50.153664], [5.965418, 50.153717], [5.965586, 50.15379], [5.965712, 50.15385], [5.965868, 50.15394], [5.965998, 50.154026], [5.966135, 50.15412], [5.966242, 50.154205], [5.966398, 50.154327], [5.966585, 50.154488], [5.966829, 50.1547], [5.966997, 50.154858], [5.967077, 50.154945], [5.967127, 50.15501], [5.967146, 50.155094], [5.967154, 50.155163], [5.96715, 50.15526], [5.967142, 50.155304], [5.967115, 50.155376], [5.96707, 50.155437], [5.9667, 50.155823], [5.966616, 50.155907], [5.965921, 50.156597], [5.965326, 50.157196], [5.964911, 50.157623], [5.964308, 50.15824], [5.964182, 50.158543], [5.964022, 50.15892], [5.96377, 50.159523], [5.963587, 50.159966], [5.963324, 50.16063], [5.963198, 50.16094], [5.961771, 50.160763], [5.961863, 50.161053], [5.961924, 50.16124], [5.961954, 50.161304], [5.96224, 50.16164], [5.962347, 50.161785], [5.962938, 50.162655], [5.963701, 50.16372], [5.963804, 50.163834], [5.96388, 50.163933], [5.963938, 50.16405], [5.964025, 50.16433], [5.964129, 50.164692], [5.964178, 50.16489], [5.964193, 50.165264], [5.964197, 50.165737], [5.964197, 50.16608], [5.964155, 50.166344], [5.964086, 50.166527], [5.964064, 50.166584], [5.964071, 50.166664], [5.964121, 50.166847], [5.964247, 50.16715], [5.964285, 50.167282], [5.964315, 50.167442], [5.964327, 50.16761], [5.964308, 50.168053], [5.964281, 50.168255], [5.964235, 50.16866], [5.964228, 50.16886], [5.964235, 50.16906], [5.964285, 50.169373], [5.964292, 50.16946], [5.964277, 50.169933], [5.964243, 50.17039], [5.964254, 50.17126], [5.964239, 50.171413], [5.964201, 50.171535], [5.963976, 50.17194], [5.963831, 50.172253], [5.963678, 50.172634], [5.963793, 50.172676], [5.964144, 50.172802], [5.964373, 50.172867], [5.965101, 50.17306], [5.965139, 50.173042], [5.965658, 50.173035], [5.965727, 50.17305], [5.966307, 50.173035], [5.966673, 50.173], [5.967058, 50.17293], [5.967413, 50.172874], [5.967638, 50.17285], [5.967814, 50.172848], [5.968, 50.17285], [5.968359, 50.17285], [5.968561, 50.172928], [5.96892, 50.173084], [5.969316, 50.173294], [5.969492, 50.173405], [5.969645, 50.173546], [5.96985, 50.173805], [5.970072, 50.174065], [5.97019, 50.174168], [5.970427, 50.174347], [5.970503, 50.17444], [5.970579, 50.17458], [5.970675, 50.174805], [5.970739, 50.17487], [5.970808, 50.17491], [5.971033, 50.175014], [5.971067, 50.17502], [5.971602, 50.175026], [5.972231, 50.17503], [5.972998, 50.175037], [5.974119, 50.17505], [5.974745, 50.17506], [5.975347, 50.175064], [5.975779, 50.175068], [5.976114, 50.175076], [5.976835, 50.175087], [5.977224, 50.175087], [5.977686, 50.17509], [5.978079, 50.1751], [5.978514, 50.175102], [5.979124, 50.175106], [5.979578, 50.17511], [5.979902, 50.175114], [5.980623, 50.17512], [5.981386, 50.175125], [5.981916, 50.17513], [5.982058, 50.17513], [5.98242, 50.175133], [5.98282, 50.175137], [5.983591, 50.17514], [5.984976, 50.17514], [5.984999, 50.175194], [5.986101, 50.1752], [5.986765, 50.1752], [5.987844, 50.175213], [5.988733, 50.175213], [5.989298, 50.175205], [5.990049, 50.175213], [5.990953, 50.17522], [5.992216, 50.17532], [5.992636, 50.17535], [5.993311, 50.175396], [5.994833, 50.175507], [5.995832, 50.175575], [5.996477, 50.17562], [5.997179, 50.175674], [5.998671, 50.175777], [5.99922, 50.17582], [5.999739, 50.175858], [5.999933, 50.175873], [6.000471, 50.175934], [6.001081, 50.176014], [6.001703, 50.176098], [6.002562, 50.176247], [6.003012, 50.17634], [6.003538, 50.17646], [6.004206, 50.176632], [6.005217, 50.176937], [6.0063, 50.17726], [6.007429, 50.17758], [6.008051, 50.177765], [6.009172, 50.17814], [6.009516, 50.178257], [6.009661, 50.17829], [6.010923, 50.17842], [6.011293, 50.178463], [6.011507, 50.178497], [6.011999, 50.178642], [6.012281, 50.178722], [6.012753, 50.178846], [6.012983, 50.178913], [6.013212, 50.178986], [6.013464, 50.17909], [6.013662, 50.17919], [6.014158, 50.17951], [6.01438, 50.179623], [6.014597, 50.17972], [6.014872, 50.179848], [6.015203, 50.17996], [6.015837, 50.180153], [6.016245, 50.180286], [6.016684, 50.180447], [6.017023, 50.18058], [6.017103, 50.18062], [6.01716, 50.180653], [6.01721, 50.1807], [6.017393, 50.180943], [6.017488, 50.18108], [6.017572, 50.18117], [6.017641, 50.18121], [6.017805, 50.181274], [6.018202, 50.181377], [6.018549, 50.181446], [6.01885, 50.1815], [6.01906, 50.181526], [6.01972, 50.18161], [6.019926, 50.181644], [6.020185, 50.181705], [6.020327, 50.18175], [6.020494, 50.181816], [6.02099, 50.18207], [6.021254, 50.182182], [6.021536, 50.182274], [6.022127, 50.182434], [6.022276, 50.18246], [6.023439, 50.182575], [6.024734, 50.182771], [6.025038, 50.18181], [6.025275, 50.180953], [6.025457, 50.180317], [6.025686, 50.179543], [6.025824, 50.17916], [6.025957, 50.178818], [6.026449, 50.177494], [6.026567, 50.177216], [6.026663, 50.1771], [6.027372, 50.176464], [6.027468, 50.176315], [6.027807, 50.175743], [6.028116, 50.17522], [6.028273, 50.174797], [6.028605, 50.174126], [6.028669, 50.173992], [6.028845, 50.173645], [6.029005, 50.173317], [6.02915, 50.172863], [6.029161, 50.172794], [6.02928, 50.171944], [6.029314, 50.171764], [6.029455, 50.171352], [6.029528, 50.171074], [6.029562, 50.170742], [6.029554, 50.17028], [6.029509, 50.169815], [6.029417, 50.16933], [6.029356, 50.169033], [6.029348, 50.16892], [6.029367, 50.168808], [6.029444, 50.168434], [6.029505, 50.168037], [6.029554, 50.167656], [6.029577, 50.16747], [6.029577, 50.16737], [6.029524, 50.16714], [6.029421, 50.166885], [6.029291, 50.166557], [6.029257, 50.16646], [6.029249, 50.166378], [6.029265, 50.166283], [6.029291, 50.166187], [6.029409, 50.165985], [6.02947, 50.165924], [6.029699, 50.165676], [6.030111, 50.16522], [6.030443, 50.16484], [6.030733, 50.164516], [6.030806, 50.16452], [6.03116, 50.164234], [6.031137, 50.16419], [6.031244, 50.16406], [6.031393, 50.16392], [6.031797, 50.16372], [6.032099, 50.163498], [6.032824, 50.16285], [6.033297, 50.162468], [6.033594, 50.162273], [6.033842, 50.16217], [6.034224, 50.16208], [6.034906, 50.161957], [6.035219, 50.16191], [6.035353, 50.16187], [6.03565, 50.161644], [6.035994, 50.16142], [6.03652, 50.161083], [6.037111, 50.160583], [6.037249, 50.16048], [6.037527, 50.160385], [6.038057, 50.160202], [6.039076, 50.15979], [6.040049, 50.159405], [6.041071, 50.159176], [6.04204, 50.158947], [6.042299, 50.15887], [6.043146, 50.15863], [6.04352, 50.158504], [6.044123, 50.158226], [6.04484, 50.157906], [6.045172, 50.157703], [6.045656, 50.157593], [6.045725, 50.15769], [6.04619, 50.15761], [6.046938, 50.15749], [6.04767, 50.157375], [6.048067, 50.15731], [6.048391, 50.15726], [6.048624, 50.157227], [6.048777, 50.157196], [6.049318, 50.157063], [6.049906, 50.156918], [6.050299, 50.156822], [6.050623, 50.15671], [6.051191, 50.156525], [6.051729, 50.156338], [6.052057, 50.15624], [6.052252, 50.15618], [6.053, 50.155937], [6.053553, 50.155746], [6.054209, 50.155525], [6.054785, 50.15534], [6.055075, 50.155243], [6.055185, 50.15521], [6.055349, 50.15515], [6.05541, 50.15512], [6.055567, 50.155014], [6.055708, 50.15493], [6.055899, 50.15481], [6.055986, 50.154766], [6.056059, 50.154716], [6.056127, 50.15467], [6.056192, 50.15464], [6.056372, 50.154594], [6.056543, 50.154545], [6.056696, 50.154488], [6.05702, 50.154346], [6.057097, 50.154373], [6.057108, 50.15437], [6.057116, 50.15435], [6.057131, 50.154335], [6.05715, 50.154324], [6.057184, 50.154316], [6.057276, 50.154305], [6.057402, 50.154285], [6.057566, 50.154263], [6.057692, 50.15425], [6.057833, 50.154243], [6.057898, 50.154243], [6.058008, 50.154247], [6.058107, 50.15425], [6.058153, 50.154247], [6.058233, 50.154236], [6.058378, 50.154205], [6.058596, 50.154156], [6.058683, 50.15413], [6.058699, 50.154118], [6.058764, 50.154064], [6.058809, 50.15404], [6.058863, 50.154034], [6.058928, 50.154045], [6.058989, 50.154068], [6.059023, 50.15407], [6.059046, 50.154064], [6.059168, 50.153996], [6.059324, 50.153965], [6.059397, 50.153957], [6.059538, 50.153954], [6.059656, 50.153957], [6.059732, 50.153957], [6.059961, 50.153923], [6.059996, 50.153915], [6.060045, 50.15389], [6.060091, 50.153873], [6.060137, 50.15387], [6.060183, 50.153877], [6.060259, 50.15389], [6.060316, 50.153893], [6.060377, 50.15389], [6.06045, 50.153873], [6.060537, 50.153847], [6.060698, 50.153805], [6.060831, 50.153755], [6.060885, 50.153744], [6.060976, 50.15372], [6.061041, 50.153717], [6.061144, 50.153725], [6.061197, 50.15372], [6.061266, 50.1537], [6.061384, 50.15366], [6.061453, 50.153645], [6.061495, 50.15364], [6.061579, 50.153664], [6.061624, 50.153667], [6.061663, 50.153664], [6.061724, 50.153652], [6.061762, 50.153656], [6.06193, 50.153687], [6.061953, 50.153706], [6.061975, 50.15373], [6.061998, 50.15374], [6.062029, 50.153736], [6.062044, 50.153732], [6.062059, 50.153706], [6.062075, 50.153694], [6.062105, 50.15369], [6.062132, 50.153694], [6.062155, 50.153713], [6.062182, 50.153732], [6.062227, 50.15375], [6.062269, 50.153755], [6.062357, 50.153755], [6.062441, 50.153763], [6.062479, 50.153774], [6.062494, 50.15378], [6.062551, 50.153828], [6.062597, 50.153854], [6.062628, 50.153862], [6.062651, 50.15386], [6.062666, 50.15385], [6.062674, 50.15383], [6.062674, 50.1538], [6.062681, 50.153778], [6.062704, 50.15376], [6.062727, 50.153748], [6.062777, 50.15373], [6.062818, 50.1537], [6.062857, 50.153683], [6.06288, 50.15368], [6.062933, 50.153675], [6.063017, 50.15367], [6.063089, 50.15366], [6.063177, 50.153637], [6.063242, 50.153625], [6.063311, 50.15361], [6.063353, 50.153595], [6.063387, 50.153572], [6.063417, 50.15353], [6.063429, 50.153507], [6.063436, 50.15343], [6.063414, 50.153397], [6.063421, 50.153362], [6.063444, 50.153343], [6.063459, 50.153343], [6.063559, 50.153374], [6.063646, 50.15339], [6.063791, 50.153408], [6.063879, 50.15341], [6.064055, 50.15341], [6.064115, 50.15342], [6.064199, 50.153446], [6.064306, 50.1535], [6.064375, 50.153526], [6.064455, 50.153557], [6.064562, 50.15359], [6.0646, 50.153614], [6.064627, 50.153633], [6.064527, 50.15379], [6.064566, 50.1538], [6.064844, 50.15381], [6.065046, 50.15382], [6.065405, 50.153915], [6.065771, 50.15402], [6.065859, 50.154083], [6.066027, 50.154205], [6.06616, 50.15427], [6.066229, 50.1543], [6.066294, 50.154327], [6.066374, 50.154346], [6.0665, 50.154373], [6.066633, 50.154404], [6.066866, 50.15448], [6.067183, 50.15459], [6.067381, 50.15467], [6.067652, 50.154785], [6.068205, 50.15505], [6.068518, 50.15519], [6.068636, 50.15524], [6.068754, 50.15527], [6.068842, 50.1553], [6.068873, 50.155315], [6.068918, 50.155354], [6.068964, 50.1554], [6.069014, 50.155457], [6.06909, 50.155563], [6.069147, 50.15563], [6.069216, 50.1557], [6.069307, 50.15578], [6.069384, 50.15584], [6.06959, 50.156036], [6.069792, 50.156235], [6.06991, 50.15633], [6.070005, 50.1564], [6.070051, 50.156437], [6.0702, 50.156605], [6.070276, 50.156666], [6.070314, 50.156685], [6.07036, 50.156696], [6.070421, 50.156704], [6.070436, 50.156704], [6.070478, 50.15669], [6.07052, 50.156677], [6.070547, 50.15668], [6.070589, 50.156696], [6.070631, 50.15671], [6.070658, 50.156715], [6.070669, 50.15671], [6.070684, 50.1567], [6.070715, 50.156673], [6.070742, 50.156654], [6.070768, 50.156654], [6.070787, 50.156666], [6.070795, 50.15668], [6.070787, 50.1567], [6.070776, 50.156742], [6.07078, 50.156754], [6.070784, 50.156784], [6.070776, 50.156796], [6.070757, 50.15681], [6.070745, 50.156834], [6.070753, 50.15685], [6.070787, 50.156864], [6.070822, 50.156876], [6.070864, 50.15688], [6.070883, 50.15689], [6.070906, 50.156895], [6.070925, 50.156887], [6.070936, 50.156864], [6.07097, 50.156837], [6.071001, 50.156826], [6.07102, 50.15683], [6.071043, 50.156845], [6.071058, 50.15686], [6.071054, 50.156876], [6.071047, 50.156902], [6.071051, 50.15692], [6.071081, 50.156937], [6.071123, 50.15694], [6.071138, 50.15691], [6.071176, 50.156906], [6.071245, 50.15695], [6.071367, 50.157013], [6.071489, 50.15707], [6.071604, 50.15714], [6.071665, 50.15718], [6.071676, 50.157207], [6.07168, 50.157246], [6.071707, 50.157276], [6.071768, 50.157307], [6.07189, 50.157356], [6.072012, 50.157394], [6.072123, 50.157413], [6.07221, 50.15743], [6.072298, 50.15743], [6.07237, 50.15742], [6.072455, 50.157406], [6.072561, 50.157387], [6.072626, 50.15738], [6.072687, 50.1574], [6.072794, 50.157425], [6.072882, 50.15745], [6.072977, 50.15748], [6.073011, 50.157475], [6.073042, 50.15746], [6.073038, 50.157444], [6.073027, 50.15743], [6.073023, 50.157417], [6.073034, 50.15741], [6.073061, 50.15741], [6.073133, 50.15742], [6.07316, 50.157425], [6.073191, 50.15742], [6.073233, 50.15741], [6.073271, 50.15741], [6.07329, 50.157413], [6.073297, 50.15743], [6.07329, 50.157444], [6.073282, 50.157463], [6.07329, 50.15748], [6.073305, 50.15749], [6.073332, 50.15749], [6.073351, 50.157482], [6.073355, 50.15747], [6.073355, 50.15745], [6.073366, 50.15744], [6.073404, 50.157433], [6.0735, 50.157433], [6.073542, 50.15744], [6.073568, 50.15745], [6.07358, 50.157475], [6.073595, 50.157486], [6.073622, 50.157497], [6.073656, 50.1575], [6.073702, 50.157505], [6.073732, 50.157497], [6.073759, 50.157482], [6.073786, 50.15745], [6.073805, 50.15744], [6.073839, 50.157433], [6.073874, 50.15744], [6.073927, 50.157436], [6.073996, 50.157444], [6.074022, 50.157455], [6.07403, 50.157467], [6.074041, 50.15747], [6.074057, 50.157467], [6.074083, 50.15746], [6.074118, 50.15746], [6.074148, 50.157467], [6.074171, 50.15748], [6.07419, 50.15748], [6.074221, 50.157467], [6.074232, 50.15745], [6.074247, 50.157444], [6.07427, 50.157448], [6.074308, 50.157448], [6.074327, 50.15744], [6.07435, 50.15741], [6.074411, 50.15739], [6.074438, 50.157383], [6.074438, 50.157368], [6.074423, 50.157352], [6.074419, 50.157333], [6.074423, 50.157322], [6.074442, 50.157307], [6.074484, 50.157303], [6.074518, 50.157284], [6.074549, 50.157265], [6.074572, 50.15724], [6.074587, 50.15723], [6.074614, 50.15721], [6.07464, 50.157204], [6.074694, 50.15718], [6.07472, 50.15718], [6.074774, 50.15719], [6.074808, 50.15719], [6.074827, 50.15718], [6.07485, 50.15716], [6.07485, 50.157143], [6.074823, 50.157112], [6.074812, 50.157093], [6.074812, 50.15708], [6.074827, 50.157078], [6.074869, 50.157078], [6.074961, 50.15709], [6.074995, 50.157085], [6.075026, 50.157078], [6.075079, 50.157063], [6.075102, 50.15706], [6.075117, 50.157063], [6.075129, 50.157078], [6.075148, 50.15709], [6.07517, 50.157097], [6.075193, 50.157097], [6.075228, 50.15709], [6.075262, 50.15708], [6.075289, 50.157074], [6.075327, 50.157074], [6.075357, 50.157085], [6.075384, 50.157097], [6.075407, 50.157093], [6.075434, 50.15708], [6.075437, 50.157063], [6.075453, 50.15705], [6.07546, 50.157036], [6.075457, 50.157017], [6.07546, 50.156994], [6.075476, 50.156986], [6.075521, 50.15697], [6.075552, 50.156967], [6.075563, 50.15696], [6.075586, 50.156948], [6.075598, 50.156948], [6.075613, 50.156956], [6.075624, 50.156982], [6.075636, 50.156998], [6.075659, 50.15699], [6.075678, 50.156967], [6.075682, 50.156948], [6.075674, 50.15693], [6.075682, 50.156902], [6.075693, 50.15689], [6.075724, 50.156887], [6.075754, 50.15689], [6.075861, 50.156914], [6.075892, 50.156914], [6.075907, 50.156906], [6.075911, 50.156895], [6.075907, 50.15687], [6.075918, 50.15686], [6.075949, 50.156857], [6.075983, 50.156857], [6.076029, 50.156876], [6.076055, 50.15688], [6.076082, 50.156876], [6.076113, 50.15687], [6.076136, 50.15686], [6.07617, 50.156834], [6.0762, 50.15682], [6.076227, 50.156815], [6.076265, 50.156826], [6.076303, 50.15685], [6.07633, 50.15685], [6.076368, 50.156845], [6.076384, 50.156857], [6.07641, 50.15686], [6.076441, 50.15686], [6.076479, 50.156857], [6.076494, 50.15686], [6.076525, 50.156883], [6.076548, 50.156887], [6.076574, 50.15688], [6.076597, 50.156864], [6.076624, 50.15685], [6.076658, 50.15683], [6.076693, 50.156822], [6.076734, 50.156822], [6.076765, 50.156826], [6.076799, 50.156815], [6.076857, 50.156815], [6.076872, 50.156826], [6.076929, 50.156883], [6.076944, 50.15689], [6.076967, 50.15689], [6.076982, 50.156883], [6.077002, 50.156857], [6.077021, 50.156837], [6.077055, 50.156826], [6.07707, 50.15683], [6.077082, 50.156837], [6.077093, 50.15684], [6.077108, 50.156837], [6.077127, 50.15684], [6.077139, 50.15686], [6.077158, 50.156876], [6.077189, 50.156876], [6.077227, 50.156883], [6.077249, 50.15689], [6.077288, 50.15693], [6.077326, 50.156937], [6.07736, 50.15694], [6.077433, 50.156925], [6.077509, 50.156902], [6.077585, 50.156887], [6.077631, 50.15689], [6.077654, 50.156883], [6.077681, 50.156876], [6.0777, 50.15686], [6.077719, 50.15683], [6.077742, 50.15682], [6.077768, 50.156796], [6.07778, 50.156773], [6.077799, 50.156746], [6.077822, 50.156734], [6.077871, 50.156723], [6.077959, 50.156723], [6.078054, 50.15672], [6.078104, 50.156704], [6.07818, 50.156673], [6.07823, 50.156666], [6.078253, 50.15667], [6.078279, 50.15669], [6.078314, 50.156696], [6.078337, 50.15669], [6.078375, 50.156673], [6.078413, 50.15664], [6.078497, 50.15661], [6.078589, 50.15656], [6.078688, 50.1565], [6.078733, 50.15649], [6.078794, 50.1565], [6.078672, 50.156746], [6.078535, 50.15709], [6.07852, 50.15718], [6.078512, 50.15739], [6.078535, 50.158123], [6.078604, 50.15854], [6.078684, 50.158794], [6.078852, 50.15925], [6.078924, 50.15945], [6.079031, 50.15988], [6.079073, 50.15998], [6.079115, 50.160034], [6.079321, 50.16025], [6.080152, 50.161083], [6.080206, 50.16115], [6.080229, 50.16119], [6.08032, 50.161392], [6.080374, 50.161545], [6.080427, 50.16177], [6.080435, 50.161816], [6.0805, 50.16234], [6.080511, 50.162525], [6.080515, 50.162655], [6.0805, 50.16286], [6.080473, 50.163097], [6.080439, 50.163284], [6.08024, 50.16403], [6.08021, 50.16413], [6.080042, 50.16461], [6.079809, 50.165173], [6.079771, 50.165306], [6.07971, 50.165592], [6.079653, 50.165806], [6.079504, 50.166183], [6.07929, 50.16674], [6.079268, 50.16682], [6.07913, 50.167694], [6.079111, 50.16777], [6.079081, 50.167854], [6.078985, 50.167976], [6.078932, 50.16806], [6.078924, 50.168125], [6.078997, 50.16837], [6.079065, 50.16848], [6.079309, 50.16869], [6.079676, 50.169067], [6.079786, 50.169224], [6.079882, 50.169407], [6.079905, 50.169487], [6.079901, 50.16956], [6.079878, 50.16966], [6.079832, 50.16977], [6.079702, 50.169983], [6.079409, 50.1704], [6.079275, 50.170628], [6.079206, 50.17079], [6.07929, 50.17082], [6.079458, 50.170864], [6.079805, 50.17095], [6.080145, 50.171036], [6.080423, 50.171104], [6.080469, 50.171116], [6.080481, 50.17112], [6.081247, 50.171318], [6.081739, 50.17145], [6.082193, 50.171566], [6.082659, 50.17168], [6.08267, 50.171684], [6.083036, 50.17178], [6.083204, 50.171825], [6.083353, 50.171856], [6.083483, 50.17188], [6.083673, 50.17191], [6.084082, 50.171978], [6.084253, 50.172005], [6.084395, 50.171986], [6.084528, 50.171967], [6.084574, 50.17196], [6.084623, 50.171978], [6.084646, 50.171978], [6.084707, 50.171967], [6.084772, 50.17195], [6.084803, 50.171947], [6.084833, 50.17195], [6.084906, 50.17196], [6.084974, 50.171967], [6.084989, 50.171974], [6.085012, 50.171993], [6.085039, 50.172005], [6.085074, 50.17201], [6.085104, 50.172005], [6.085138, 50.17199], [6.085173, 50.171978], [6.085207, 50.17198], [6.085241, 50.171986], [6.085257, 50.17198], [6.085299, 50.171974], [6.085375, 50.171932], [6.085463, 50.171906], [6.085577, 50.17185], [6.085653, 50.17183], [6.085764, 50.171825], [6.085821, 50.17182], [6.085882, 50.171803], [6.085939, 50.171783], [6.086016, 50.17177], [6.086084, 50.17177], [6.086161, 50.171776], [6.086187, 50.171772], [6.086206, 50.17176], [6.086233, 50.17174], [6.08626, 50.17173], [6.086328, 50.171722], [6.086382, 50.171715], [6.086412, 50.171703], [6.086439, 50.17168], [6.086477, 50.17165], [6.086508, 50.171635], [6.086561, 50.171627], [6.086622, 50.171627], [6.086668, 50.17162], [6.086702, 50.171608], [6.086729, 50.171585], [6.086763, 50.171543], [6.086794, 50.171482], [6.086832, 50.17144], [6.08695, 50.171368], [6.086966, 50.171356], [6.086981, 50.17133], [6.086992, 50.171303], [6.087011, 50.171288], [6.087038, 50.171276], [6.087076, 50.17126], [6.087202, 50.171227], [6.087286, 50.171185], [6.087339, 50.17115], [6.087446, 50.171116], [6.087553, 50.171055], [6.087584, 50.171047], [6.087648, 50.171043], [6.087683, 50.17104], [6.087778, 50.171005], [6.08787, 50.17099], [6.087965, 50.170963], [6.088091, 50.17093], [6.088114, 50.170914], [6.088167, 50.17089], [6.088304, 50.17083], [6.088407, 50.17079], [6.088488, 50.170746], [6.088568, 50.170708], [6.088644, 50.17069], [6.088793, 50.17064], [6.088907, 50.170628], [6.088999, 50.170612], [6.089075, 50.1706], [6.089174, 50.170597], [6.089312, 50.17057], [6.089376, 50.17057], [6.089476, 50.170563], [6.089502, 50.170578], [6.089529, 50.17058], [6.089552, 50.17058], [6.089575, 50.17057], [6.08959, 50.17056], [6.089628, 50.170532], [6.08967, 50.17051], [6.08972, 50.170486], [6.089796, 50.17047], [6.089891, 50.17046], [6.089922, 50.17045], [6.090002, 50.170406], [6.090036, 50.170383], [6.090063, 50.170376], [6.09012, 50.170372], [6.090143, 50.170364], [6.09017, 50.17035], [6.090197, 50.170334], [6.0903, 50.170303], [6.090326, 50.17029], [6.090338, 50.17027], [6.090364, 50.170235], [6.090383, 50.17022], [6.09041, 50.170216], [6.090456, 50.170216], [6.090509, 50.170223], [6.09057, 50.17022], [6.090612, 50.170216], [6.090643, 50.17022], [6.090673, 50.170235], [6.090708, 50.17026], [6.090731, 50.170265], [6.090769, 50.17027], [6.090872, 50.17027], [6.090921, 50.17028], [6.09096, 50.17028], [6.091024, 50.17027], [6.09107, 50.170254], [6.091108, 50.170223], [6.091162, 50.170174], [6.09123, 50.170128], [6.091314, 50.170082], [6.091456, 50.170025], [6.091574, 50.169964], [6.091627, 50.169945], [6.091738, 50.169914], [6.091765, 50.1699], [6.091822, 50.16984], [6.091875, 50.169807], [6.091917, 50.169792], [6.091978, 50.169785], [6.092039, 50.169792], [6.092154, 50.169815], [6.09226, 50.169827], [6.092386, 50.16984], [6.092459, 50.169846], [6.092501, 50.16984], [6.092531, 50.16983], [6.092554, 50.16981], [6.092558, 50.169785], [6.092543, 50.16973], [6.092524, 50.169666], [6.092512, 50.16965], [6.092482, 50.169617], [6.092474, 50.16959], [6.092478, 50.169575], [6.092489, 50.169548], [6.092516, 50.169525], [6.092539, 50.1695], [6.09255, 50.16942], [6.092562, 50.169388], [6.092653, 50.169395], [6.092684, 50.169403], [6.092703, 50.169434], [6.092726, 50.169453], [6.092756, 50.169456], [6.092863, 50.16945], [6.092943, 50.16946], [6.092977, 50.16946], [6.093004, 50.169456], [6.093039, 50.16945], [6.093164, 50.1694], [6.093206, 50.169415], [6.093233, 50.169434], [6.09326, 50.169464], [6.093317, 50.169502], [6.09334, 50.16952], [6.093351, 50.169548], [6.093374, 50.169548], [6.093393, 50.169533], [6.093424, 50.16951], [6.093447, 50.169502], [6.093466, 50.1695], [6.093512, 50.1695], [6.093546, 50.169495], [6.093565, 50.169483], [6.093569, 50.169464], [6.093569, 50.169434], [6.093592, 50.169403], [6.093626, 50.16938], [6.093672, 50.169373], [6.093866, 50.16931], [6.093935, 50.169292], [6.093992, 50.16929], [6.094034, 50.169296], [6.094122, 50.16933], [6.094183, 50.169357], [6.094255, 50.16938], [6.094297, 50.169388], [6.094358, 50.16939], [6.094404, 50.169384], [6.094431, 50.169388], [6.094446, 50.169395], [6.094446, 50.16941], [6.094454, 50.169422], [6.094469, 50.169426], [6.094481, 50.169422], [6.094492, 50.169407], [6.094511, 50.169376], [6.094534, 50.16936], [6.094553, 50.169357], [6.094591, 50.169353], [6.094698, 50.169384], [6.09474, 50.169384], [6.094774, 50.16938], [6.094774, 50.16937], [6.094748, 50.169315], [6.094782, 50.16929], [6.094923, 50.1693], [6.095114, 50.16931], [6.095285, 50.169334], [6.095381, 50.169353], [6.095461, 50.169373], [6.095644, 50.16943], [6.095804, 50.169487], [6.0959, 50.16953], [6.095949, 50.169567], [6.09601, 50.169567], [6.096025, 50.16956], [6.096044, 50.169544], [6.096102, 50.16952], [6.096144, 50.169514], [6.096232, 50.169518], [6.096376, 50.169537], [6.096426, 50.16954], [6.09646, 50.16954], [6.096537, 50.169525], [6.096579, 50.16952], [6.096659, 50.169525], [6.096682, 50.169533], [6.096705, 50.169548], [6.096712, 50.169567], [6.09672, 50.169632], [6.096746, 50.169643], [6.096766, 50.169643], [6.096815, 50.16964], [6.096869, 50.16964], [6.096937, 50.16965], [6.096994, 50.169655], [6.097055, 50.16965], [6.097143, 50.16964], [6.097204, 50.169624], [6.097258, 50.169617], [6.097284, 50.16963], [6.09733, 50.169647], [6.097399, 50.169643], [6.097433, 50.16965], [6.097464, 50.169674], [6.09749, 50.169685], [6.097513, 50.16969], [6.097586, 50.169693], [6.097647, 50.16971], [6.097715, 50.169724], [6.097784, 50.169746], [6.097803, 50.169773], [6.097811, 50.16979], [6.097799, 50.16981], [6.097795, 50.169827], [6.097807, 50.16984], [6.097845, 50.169853], [6.097876, 50.169857], [6.097891, 50.16986], [6.097906, 50.169876], [6.097898, 50.169895], [6.097906, 50.169914], [6.097921, 50.169933], [6.097963, 50.16996], [6.098047, 50.17002], [6.098089, 50.170044], [6.098173, 50.170063], [6.098196, 50.170074], [6.098196, 50.17009], [6.098207, 50.1701], [6.098234, 50.1701], [6.098272, 50.17009], [6.09833, 50.170063], [6.098356, 50.17006], [6.098425, 50.170074], [6.098455, 50.17009], [6.098501, 50.170116], [6.098516, 50.17012], [6.098539, 50.170124], [6.098593, 50.170135], [6.098627, 50.17015], [6.098684, 50.170174], [6.098719, 50.170185], [6.098806, 50.170197], [6.098871, 50.170208], [6.098929, 50.170227], [6.098967, 50.170258], [6.099001, 50.170273], [6.099047, 50.17028], [6.099112, 50.170296], [6.099157, 50.17031], [6.099241, 50.170376], [6.099283, 50.170395], [6.099405, 50.17044], [6.099424, 50.170475], [6.099447, 50.17049], [6.099474, 50.170498], [6.099543, 50.170513], [6.099596, 50.17053], [6.099642, 50.17055], [6.099691, 50.170578], [6.099729, 50.17059], [6.099806, 50.170612], [6.099832, 50.170628], [6.099875, 50.170662], [6.099886, 50.17068], [6.099878, 50.170696], [6.099875, 50.17071], [6.099894, 50.17072], [6.09992, 50.17072], [6.099974, 50.170723], [6.100008, 50.17074], [6.100039, 50.170742], [6.100065, 50.17074], [6.100103, 50.170734], [6.100126, 50.17074], [6.100161, 50.170757], [6.10018, 50.17076], [6.100195, 50.170757], [6.100214, 50.170734], [6.100225, 50.170727], [6.100241, 50.170723], [6.100256, 50.170723], [6.100267, 50.17071], [6.10026, 50.1707], [6.100241, 50.17068], [6.100229, 50.170666], [6.100233, 50.170647], [6.100271, 50.17062], [6.100313, 50.170605], [6.100344, 50.17061], [6.100363, 50.170616], [6.100378, 50.170624], [6.100393, 50.170628], [6.100405, 50.170624], [6.100439, 50.170616], [6.100462, 50.170612], [6.1005, 50.17062], [6.100523, 50.170616], [6.10055, 50.170612], [6.100584, 50.1706], [6.100649, 50.170574], [6.100687, 50.17056], [6.100729, 50.170555], [6.100759, 50.170563], [6.10079, 50.17057], [6.100882, 50.17062], [6.100912, 50.170624], [6.100939, 50.170616], [6.100988, 50.1706], [6.101011, 50.17061], [6.101019, 50.170628], [6.10103, 50.170643], [6.101053, 50.17065], [6.101072, 50.170647], [6.101084, 50.17064], [6.101095, 50.17062], [6.101114, 50.17059], [6.101133, 50.170574], [6.10116, 50.170563], [6.10116, 50.170544], [6.101172, 50.17053], [6.101202, 50.17052], [6.10124, 50.170517], [6.101278, 50.170525], [6.101324, 50.170555], [6.101347, 50.17055], [6.101374, 50.17054], [6.101412, 50.170532], [6.101454, 50.170536], [6.101473, 50.170547], [6.101473, 50.170578], [6.101484, 50.170597], [6.101515, 50.170605], [6.101538, 50.17061], [6.101568, 50.170605], [6.101637, 50.170597], [6.101717, 50.170563], [6.101774, 50.170555], [6.101839, 50.170555], [6.101862, 50.17054], [6.101889, 50.17053], [6.101927, 50.17052], [6.102014, 50.17052], [6.102014, 50.17049], [6.102026, 50.170486], [6.102045, 50.170494], [6.102068, 50.17051], [6.102087, 50.170513], [6.102117, 50.17051], [6.10214, 50.1705], [6.102163, 50.17051], [6.102152, 50.17053], [6.102125, 50.17055], [6.102125, 50.170563], [6.102144, 50.17057], [6.102163, 50.170563], [6.102198, 50.17054], [6.10224, 50.170525], [6.102289, 50.170517], [6.102358, 50.17052], [6.102415, 50.17053], [6.102449, 50.17055], [6.102789, 50.170418], [6.103552, 50.1701], [6.104075, 50.169888], [6.104227, 50.169827], [6.104952, 50.16953], [6.105616, 50.16926], [6.10615, 50.169037], [6.106897, 50.168736], [6.107408, 50.16852], [6.108027, 50.168266], [6.108572, 50.168045], [6.109022, 50.16786], [6.109327, 50.167736], [6.109633, 50.16761], [6.110201, 50.16738], [6.110605, 50.167213], [6.111128, 50.166992], [6.111921, 50.166668], [6.112116, 50.166588], [6.112631, 50.166374], [6.113398, 50.16606], [6.113661, 50.16595], [6.114199, 50.165733], [6.115282, 50.165287], [6.115645, 50.165134], [6.116129, 50.164932], [6.116602, 50.164738], [6.117228, 50.164474], [6.11743, 50.164383], [6.117826, 50.164215], [6.117895, 50.16419], [6.118399, 50.16398], [6.119356, 50.163573], [6.119408, 50.163539], [6.119471, 50.1635], [6.119515, 50.163478], [6.1197, 50.16339], [6.119784, 50.163351], [6.120012, 50.162716], [6.120089, 50.162495], [6.120207, 50.162167], [6.120283, 50.162014], [6.120405, 50.16183], [6.120378, 50.161793], [6.120073, 50.161484], [6.119738, 50.16114], [6.119539, 50.16094], [6.119455, 50.160854], [6.119261, 50.160652], [6.119127, 50.160515], [6.119051, 50.160435], [6.11891, 50.160294], [6.118757, 50.16013], [6.118616, 50.159985], [6.118406, 50.159775], [6.118235, 50.1596], [6.118029, 50.159393], [6.117605, 50.15897], [6.117536, 50.158897], [6.117468, 50.15882], [6.117342, 50.15867], [6.11717, 50.15846], [6.117079, 50.15834], [6.117025, 50.158264], [6.116987, 50.158195], [6.116968, 50.15815], [6.116961, 50.15808], [6.116949, 50.15804], [6.116934, 50.15801], [6.116899, 50.157948], [6.116858, 50.15789], [6.116819, 50.157803], [6.116797, 50.15777], [6.116758, 50.15773], [6.116682, 50.157677], [6.115961, 50.15711], [6.115839, 50.157017], [6.115747, 50.156937], [6.115675, 50.156868], [6.115507, 50.156662], [6.115366, 50.156483], [6.115107, 50.156128], [6.11503, 50.156017], [6.114996, 50.155956], [6.114984, 50.1559], [6.114977, 50.155857], [6.114977, 50.155804], [6.114981, 50.15575], [6.114992, 50.155697], [6.115015, 50.155617], [6.115076, 50.155483], [6.115225, 50.15535], [6.115236, 50.155315], [6.115233, 50.155064], [6.115545, 50.155125], [6.115652, 50.155144], [6.115744, 50.15515], [6.115831, 50.155155], [6.115999, 50.155132], [6.116064, 50.15512], [6.116274, 50.155087], [6.1164, 50.155075], [6.116495, 50.15506], [6.116587, 50.155056], [6.116701, 50.155064], [6.116739, 50.15506], [6.116762, 50.155052], [6.1168, 50.155037], [6.116884, 50.154995], [6.116972, 50.15496], [6.117086, 50.154938], [6.117155, 50.154922], [6.117224, 50.154896], [6.117296, 50.154877], [6.117357, 50.154842], [6.117422, 50.154816], [6.117491, 50.154797], [6.117548, 50.154785], [6.117621, 50.154762], [6.117674, 50.154728], [6.117712, 50.1547], [6.117758, 50.154648], [6.117784, 50.154613], [6.117815, 50.154526], [6.117838, 50.15448], [6.117884, 50.154438], [6.117903, 50.154404], [6.117929, 50.15437], [6.117975, 50.154327], [6.118013, 50.15431], [6.118051, 50.15427], [6.118071, 50.154224], [6.118136, 50.154152], [6.118296, 50.154068], [6.118376, 50.154034], [6.118429, 50.153996], [6.118456, 50.153965], [6.118463, 50.15393], [6.118444, 50.15388], [6.118425, 50.153835], [6.118414, 50.15381], [6.118418, 50.153793], [6.118441, 50.153748], [6.118521, 50.15362], [6.118578, 50.15349], [6.118597, 50.153458], [6.118616, 50.153442], [6.11865, 50.153427], [6.118875, 50.153366], [6.118929, 50.15335], [6.118975, 50.153343], [6.119005, 50.153343], [6.11904, 50.153355], [6.119108, 50.153374], [6.119135, 50.153378], [6.119169, 50.153378], [6.119192, 50.153366], [6.119204, 50.15335], [6.1192, 50.153324], [6.119177, 50.1533], [6.119162, 50.15327], [6.119162, 50.153236], [6.119177, 50.153217], [6.119207, 50.15321], [6.119249, 50.153214], [6.119299, 50.153225], [6.119333, 50.153225], [6.119368, 50.153217], [6.119394, 50.153202], [6.119413, 50.153183], [6.119417, 50.153145], [6.119398, 50.153114], [6.119368, 50.15308], [6.11931, 50.15303], [6.119288, 50.153], [6.119284, 50.15298], [6.119295, 50.152966], [6.119375, 50.15293], [6.119398, 50.152912], [6.119421, 50.152885], [6.119429, 50.152843], [6.119421, 50.152824], [6.11939, 50.152786], [6.119375, 50.15276], [6.11936, 50.15274], [6.11933, 50.152718], [6.119318, 50.152702], [6.119303, 50.15269], [6.119291, 50.152668], [6.119295, 50.152653], [6.119322, 50.152645], [6.119352, 50.15265], [6.119398, 50.15266], [6.119448, 50.152664], [6.119478, 50.152664], [6.119532, 50.152657], [6.1196, 50.152634], [6.119684, 50.152603], [6.119749, 50.152584], [6.119795, 50.15258], [6.119821, 50.152584], [6.119841, 50.152596], [6.119856, 50.152615], [6.119871, 50.152622], [6.119894, 50.152634], [6.119924, 50.152626], [6.119951, 50.152615], [6.119966, 50.152596], [6.119982, 50.152565], [6.119997, 50.152546], [6.120012, 50.152534], [6.120069, 50.15251], [6.120096, 50.152485], [6.120104, 50.152473], [6.120096, 50.15246], [6.120085, 50.15245], [6.120066, 50.152443], [6.120005, 50.15244], [6.119974, 50.152435], [6.11994, 50.152424], [6.119932, 50.152412], [6.119947, 50.152393], [6.119982, 50.15238], [6.120035, 50.15238], [6.120054, 50.152378], [6.120085, 50.15237], [6.120123, 50.15235], [6.120211, 50.15231], [6.120287, 50.152267], [6.120336, 50.152233], [6.120371, 50.1522], [6.120371, 50.152184], [6.120348, 50.15217], [6.120352, 50.152145], [6.120382, 50.15213], [6.120405, 50.152107], [6.120417, 50.152084], [6.120417, 50.152065], [6.120401, 50.15204], [6.120394, 50.15202], [6.120398, 50.152008], [6.120424, 50.15199], [6.120443, 50.151978], [6.120489, 50.151962], [6.120562, 50.15195], [6.120623, 50.151936], [6.120661, 50.151928], [6.120695, 50.15193], [6.120722, 50.15194], [6.120726, 50.15195], [6.120737, 50.151974], [6.120764, 50.15198], [6.120794, 50.151978], [6.12084, 50.151966], [6.120867, 50.15196], [6.12089, 50.151966], [6.120905, 50.151978], [6.12092, 50.151993], [6.120943, 50.151997], [6.120981, 50.151993], [6.121042, 50.151978], [6.121077, 50.151962], [6.121096, 50.151962], [6.121126, 50.151966], [6.121141, 50.15198], [6.121153, 50.152008], [6.121153, 50.152035], [6.121164, 50.15205], [6.12118, 50.152058], [6.12121, 50.152058], [6.121244, 50.152054], [6.121271, 50.152035], [6.12129, 50.152016], [6.121317, 50.152004], [6.121359, 50.151997], [6.121428, 50.15201], [6.121481, 50.152016], [6.121512, 50.152008], [6.121542, 50.151997], [6.121561, 50.151978], [6.121561, 50.151962], [6.12155, 50.151947], [6.121515, 50.15193], [6.121485, 50.151928], [6.12145, 50.15193], [6.121431, 50.15192], [6.121424, 50.15191], [6.121435, 50.151894], [6.121454, 50.15188], [6.121473, 50.15186], [6.121481, 50.151817], [6.1215, 50.15181], [6.121527, 50.151817], [6.121565, 50.151844], [6.12158, 50.151848], [6.121618, 50.151848], [6.12166, 50.151833], [6.121683, 50.151833], [6.121702, 50.151848], [6.121714, 50.151867], [6.121729, 50.15187], [6.121759, 50.151867], [6.121794, 50.151855], [6.121817, 50.151836], [6.121824, 50.15181], [6.121836, 50.151794], [6.12187, 50.15178], [6.121939, 50.15176], [6.121958, 50.15175], [6.121969, 50.15173], [6.121969, 50.15172], [6.121984, 50.1517], [6.122007, 50.151684], [6.122045, 50.151665], [6.122068, 50.151646], [6.122076, 50.151627], [6.122072, 50.151615], [6.122053, 50.151592], [6.122019, 50.15157], [6.122, 50.15155], [6.122, 50.151535], [6.122015, 50.151524], [6.122057, 50.151512], [6.122088, 50.151512], [6.122129, 50.15151], [6.122164, 50.151497], [6.122194, 50.151466], [6.122206, 50.151463], [6.122229, 50.151463], [6.122286, 50.151474], [6.122312, 50.151474], [6.122351, 50.15147], [6.122518, 50.151443], [6.122583, 50.15144], [6.122644, 50.15145], [6.122686, 50.151455], [6.122751, 50.151443], [6.122778, 50.15144], [6.122847, 50.15144], [6.122896, 50.15143], [6.122934, 50.151413], [6.123015, 50.15137], [6.123064, 50.15134], [6.123125, 50.151306], [6.12322, 50.15127], [6.123331, 50.15123], [6.123495, 50.151207], [6.123545, 50.151203], [6.123564, 50.151207], [6.123579, 50.151222], [6.123579, 50.151234], [6.123552, 50.151268], [6.123552, 50.151287], [6.12356, 50.15131], [6.123556, 50.151325], [6.123552, 50.151344], [6.12356, 50.151367], [6.12359, 50.15139], [6.123613, 50.151394], [6.12364, 50.151398], [6.123667, 50.151398], [6.123686, 50.151386], [6.123712, 50.15136], [6.123739, 50.15131], [6.123758, 50.151295], [6.123789, 50.151276], [6.123861, 50.15126], [6.123919, 50.15125], [6.123983, 50.151253], [6.124052, 50.151257], [6.124086, 50.151253], [6.124121, 50.151245], [6.124155, 50.151226], [6.124174, 50.151207], [6.124178, 50.151184], [6.124189, 50.151157], [6.124205, 50.151142], [6.12422, 50.151142], [6.124243, 50.151134], [6.124254, 50.151123], [6.124269, 50.1511], [6.124266, 50.15109], [6.12425, 50.15106], [6.124224, 50.15103], [6.124208, 50.151016], [6.124212, 50.151005], [6.124224, 50.150997], [6.124243, 50.151005], [6.124262, 50.151016], [6.124281, 50.151035], [6.124292, 50.151043], [6.124308, 50.15104], [6.124327, 50.15103], [6.12435, 50.151005], [6.124372, 50.150963], [6.124399, 50.15091], [6.124395, 50.150894], [6.124384, 50.150887], [6.124357, 50.15088], [6.124357, 50.150867], [6.124372, 50.150856], [6.124395, 50.150845], [6.124418, 50.150826], [6.124464, 50.150764], [6.124533, 50.150707], [6.124563, 50.15067], [6.124617, 50.15064], [6.124643, 50.15061], [6.124685, 50.150585], [6.124762, 50.15056], [6.124807, 50.150536], [6.12483, 50.150517], [6.124846, 50.150486], [6.124846, 50.150455], [6.124842, 50.150414], [6.124849, 50.150383], [6.124872, 50.150356], [6.124952, 50.1503], [6.124964, 50.150295], [6.124983, 50.150295], [6.124994, 50.15033], [6.125029, 50.150375], [6.12504, 50.15038], [6.125067, 50.15038], [6.12509, 50.150375], [6.125109, 50.150364], [6.125139, 50.150352], [6.125166, 50.150333], [6.1252, 50.1503], [6.125238, 50.15027], [6.125296, 50.15024], [6.125345, 50.15023], [6.125471, 50.15023], [6.125494, 50.150223], [6.125574, 50.150192], [6.125635, 50.150158], [6.125681, 50.150116], [6.125658, 50.150105], [6.125624, 50.150078], [6.125597, 50.15007], [6.125509, 50.150024], [6.125353, 50.14994], [6.125208, 50.149868], [6.125109, 50.149826], [6.125021, 50.14979], [6.124929, 50.14976], [6.124742, 50.14972], [6.124521, 50.149677], [6.124258, 50.149643], [6.124102, 50.14963], [6.123999, 50.149555], [6.123423, 50.149536], [6.12324, 50.14952], [6.122778, 50.149498], [6.122324, 50.1493], [6.122148, 50.14923], [6.122053, 50.149204], [6.121881, 50.149174], [6.121824, 50.14916], [6.121778, 50.14913], [6.121729, 50.149105], [6.121595, 50.149063], [6.121244, 50.148945], [6.120836, 50.148773], [6.120275, 50.14853], [6.119394, 50.14812], [6.119017, 50.14795], [6.118883, 50.147903], [6.1187, 50.147778], [6.118551, 50.147682], [6.118353, 50.147568], [6.118196, 50.14746], [6.118155, 50.14743], [6.118059, 50.147396], [6.117983, 50.14736], [6.117907, 50.14732], [6.117815, 50.147263], [6.117701, 50.147186], [6.117586, 50.147095], [6.117506, 50.147026], [6.117437, 50.14697], [6.117392, 50.14692], [6.117346, 50.146854], [6.1173, 50.146774], [6.117269, 50.146717], [6.117224, 50.146606], [6.117212, 50.14657], [6.117182, 50.146454], [6.117155, 50.14636], [6.117113, 50.14617], [6.117102, 50.1461], [6.117094, 50.14603], [6.117098, 50.14599], [6.117125, 50.14584], [6.117125, 50.145794], [6.11709, 50.145405], [6.11706, 50.145092], [6.117029, 50.144806], [6.117014, 50.144657], [6.117006, 50.144535], [6.115534, 50.14451], [6.115068, 50.144188], [6.115049, 50.144115], [6.114962, 50.14381], [6.114817, 50.143295], [6.114702, 50.1429], [6.114557, 50.142754], [6.114363, 50.14244], [6.114042, 50.141907], [6.114, 50.141743], [6.113863, 50.14122], [6.113855, 50.141197], [6.113825, 50.141163], [6.113794, 50.141136], [6.113684, 50.140713], [6.113653, 50.140575], [6.113653, 50.14051], [6.113661, 50.140316], [6.113668, 50.140182], [6.113649, 50.139915], [6.113623, 50.13979], [6.113592, 50.139687], [6.113558, 50.139595], [6.113512, 50.139496], [6.113348, 50.139225], [6.11326, 50.139076], [6.113146, 50.138916], [6.113031, 50.13878], [6.112887, 50.138612], [6.112802, 50.138515], [6.112719, 50.13842], [6.112684, 50.138386], [6.112474, 50.138226], [6.112143, 50.137997], [6.112097, 50.13782], [6.112085, 50.137745], [6.112078, 50.13756], [6.112081, 50.137276], [6.112093, 50.136963], [6.112093, 50.136745], [6.112081, 50.136456], [6.112063, 50.136246], [6.112063, 50.136166], [6.11228, 50.136023], [6.11233, 50.136019], [6.112398, 50.136026], [6.112467, 50.136045], [6.112516, 50.136065], [6.112543, 50.13608], [6.112631, 50.136133], [6.112688, 50.136164], [6.112722, 50.136171], [6.112772, 50.136175], [6.112844, 50.136183], [6.112871, 50.136179], [6.112894, 50.136156], [6.112913, 50.136126], [6.112932, 50.136122], [6.112951, 50.136122], [6.112966, 50.136133], [6.11302, 50.136179], [6.113039, 50.13619], [6.113085, 50.136206], [6.113108, 50.136209], [6.113157, 50.136209], [6.113207, 50.136209], [6.113241, 50.136217], [6.113295, 50.136229], [6.113348, 50.136252], [6.113378, 50.136263], [6.113432, 50.136263], [6.113478, 50.136267], [6.113531, 50.136282], [6.113619, 50.136316], [6.113676, 50.136343], [6.113714, 50.136354], [6.113752, 50.136358], [6.11381, 50.136354], [6.11384, 50.136351], [6.113867, 50.136339], [6.113893, 50.136332], [6.11392, 50.136332], [6.114008, 50.136347], [6.114054, 50.136354], [6.114183, 50.136354], [6.114244, 50.136362], [6.114302, 50.13637], [6.114363, 50.136381], [6.114431, 50.136381], [6.114527, 50.136385], [6.114592, 50.136389], [6.114683, 50.136408], [6.11474, 50.136419], [6.114794, 50.136423], [6.114855, 50.136419], [6.114904, 50.136408], [6.114977, 50.136381], [6.115042, 50.136366], [6.115107, 50.136354], [6.115156, 50.136358], [6.11521, 50.136362], [6.115313, 50.136377], [6.115366, 50.136385], [6.115404, 50.136385], [6.115477, 50.136377], [6.115576, 50.136373], [6.115633, 50.136373], [6.115656, 50.136385], [6.11566, 50.136408], [6.115656, 50.136442], [6.115652, 50.136465], [6.11566, 50.136477], [6.115683, 50.13648], [6.115744, 50.13648], [6.115782, 50.136484], [6.115824, 50.136499], [6.115885, 50.136526], [6.115923, 50.136549], [6.11595, 50.136553], [6.11598, 50.136553], [6.116003, 50.136545], [6.116018, 50.13653], [6.116022, 50.136499], [6.116018, 50.136442], [6.116015, 50.136404], [6.116026, 50.136381], [6.116041, 50.136366], [6.116087, 50.136354], [6.116163, 50.136351], [6.116316, 50.136347], [6.116423, 50.136347], [6.116507, 50.136354], [6.116598, 50.136373], [6.116629, 50.136373], [6.116686, 50.136366], [6.116827, 50.136366], [6.116877, 50.136358], [6.116911, 50.136347], [6.116961, 50.136328], [6.116991, 50.136324], [6.117063, 50.136324], [6.117086, 50.136324], [6.117109, 50.136316], [6.117144, 50.136301], [6.117182, 50.136278], [6.117209, 50.136271], [6.117235, 50.136271], [6.117281, 50.136286], [6.117342, 50.136316], [6.117395, 50.136324], [6.117441, 50.136316], [6.11751, 50.136301], [6.117586, 50.136278], [6.117643, 50.136255], [6.117689, 50.136248], [6.117712, 50.136252], [6.117727, 50.136267], [6.11775, 50.136271], [6.117807, 50.136282], [6.117876, 50.136301], [6.117907, 50.136305], [6.117945, 50.136297], [6.117975, 50.136286], [6.11801, 50.136263], [6.118036, 50.136244], [6.118078, 50.136232], [6.118113, 50.136229], [6.118139, 50.136221], [6.118162, 50.136209], [6.118193, 50.136171], [6.118212, 50.136148], [6.118242, 50.136141], [6.118273, 50.136137], [6.118353, 50.136145], [6.118635, 50.13619], [6.118711, 50.136202], [6.118769, 50.136206], [6.118792, 50.136202], [6.118822, 50.13619], [6.118826, 50.136179], [6.118815, 50.136148], [6.118811, 50.136133], [6.118826, 50.136122], [6.11886, 50.13611], [6.118898, 50.136106], [6.118978, 50.136114], [6.118998, 50.136114], [6.119024, 50.13611], [6.119108, 50.136087], [6.119154, 50.13608], [6.119169, 50.136084], [6.119204, 50.136103], [6.119253, 50.136129], [6.119303, 50.136141], [6.11936, 50.136133], [6.119406, 50.136118], [6.119463, 50.136095], [6.119524, 50.13608], [6.119562, 50.136076], [6.119635, 50.136087], [6.119741, 50.136087], [6.11978, 50.136091], [6.119795, 50.136106], [6.119806, 50.136137], [6.119795, 50.136183], [6.119795, 50.136209], [6.119814, 50.136232], [6.119852, 50.136255], [6.119928, 50.136286], [6.119997, 50.136301], [6.12002, 50.136297], [6.120066, 50.13629], [6.120115, 50.136286], [6.120188, 50.13629], [6.120249, 50.136301], [6.120298, 50.136316], [6.120317, 50.136316], [6.12034, 50.136309], [6.120356, 50.136297], [6.120371, 50.136278], [6.12039, 50.136263], [6.120413, 50.136263], [6.120428, 50.136263], [6.120439, 50.13629], [6.120459, 50.136309], [6.120474, 50.136316], [6.120497, 50.136313], [6.120516, 50.136305], [6.120539, 50.136286], [6.12055, 50.136278], [6.120569, 50.136278], [6.120604, 50.136293], [6.120649, 50.136309], [6.120691, 50.136309], [6.120722, 50.136297], [6.120749, 50.136282], [6.120783, 50.136252], [6.120806, 50.136221], [6.12081, 50.136206], [6.120806, 50.136183], [6.120802, 50.136145], [6.120825, 50.136137], [6.120851, 50.136145], [6.120894, 50.136164], [6.120913, 50.136167], [6.120943, 50.136164], [6.120966, 50.13616], [6.120985, 50.136148], [6.121016, 50.136114], [6.121054, 50.136065], [6.121073, 50.136034], [6.121099, 50.136011], [6.121126, 50.136], [6.121164, 50.135988], [6.121267, 50.135973], [6.121321, 50.135961], [6.121378, 50.135942], [6.12142, 50.13592], [6.121443, 50.135904], [6.121458, 50.135862], [6.121466, 50.135847], [6.121496, 50.135836], [6.121569, 50.13582], [6.121679, 50.135801], [6.12171, 50.135794], [6.121824, 50.135752], [6.121962, 50.135714], [6.121996, 50.13571], [6.122038, 50.135721], [6.122084, 50.135737], [6.122126, 50.135759], [6.122148, 50.135767], [6.122187, 50.135775], [6.122232, 50.135778], [6.122278, 50.135767], [6.122312, 50.135752], [6.122339, 50.135737], [6.122343, 50.135725], [6.122339, 50.135706], [6.122324, 50.135683], [6.122278, 50.135614], [6.122263, 50.135591], [6.122263, 50.135572], [6.122278, 50.135565], [6.122335, 50.135546], [6.122385, 50.135504], [6.122435, 50.135469], [6.122549, 50.135412], [6.122606, 50.135389], [6.122625, 50.135389], [6.122648, 50.135401], [6.122683, 50.135424], [6.122702, 50.135427], [6.122732, 50.135424], [6.122751, 50.135408], [6.122816, 50.135347], [6.122831, 50.135325], [6.122831, 50.135298], [6.122854, 50.135271], [6.122889, 50.135256], [6.122961, 50.135237], [6.123003, 50.135222], [6.123026, 50.135206], [6.123121, 50.135134], [6.123171, 50.135096], [6.12324, 50.135065], [6.123266, 50.135057], [6.123289, 50.135065], [6.123312, 50.135073], [6.123342, 50.135065], [6.123381, 50.135038], [6.123404, 50.135008], [6.123442, 50.134958], [6.123465, 50.134939], [6.12351, 50.134912], [6.123541, 50.134897], [6.123579, 50.134855], [6.123598, 50.13484], [6.123922, 50.134699], [6.124014, 50.134661], [6.12409, 50.134634], [6.124124, 50.13463], [6.12417, 50.134634], [6.124239, 50.134649], [6.124319, 50.134672], [6.12443, 50.134703], [6.124495, 50.134718], [6.12454, 50.134726], [6.124582, 50.134729], [6.124655, 50.134733], [6.124742, 50.134726], [6.124769, 50.134718], [6.124792, 50.134703], [6.1248, 50.134684], [6.1248, 50.134661], [6.124807, 50.134645], [6.124826, 50.13463], [6.124857, 50.134615], [6.124968, 50.134588], [6.125135, 50.134527], [6.125345, 50.134447], [6.125597, 50.134344], [6.125788, 50.134256], [6.125944, 50.134188], [6.126055, 50.134138], [6.126131, 50.134115], [6.126215, 50.134096], [6.126261, 50.134088], [6.126329, 50.134077], [6.126402, 50.134054], [6.126478, 50.134024], [6.126528, 50.133997], [6.126555, 50.133966], [6.126581, 50.133928], [6.126589, 50.133894], [6.126593, 50.133856], [6.126604, 50.133829], [6.126623, 50.13381], [6.126665, 50.13378], [6.126783, 50.133715], [6.12686, 50.133669], [6.126909, 50.133631], [6.12694, 50.133596], [6.12697, 50.133547], [6.126986, 50.133509], [6.126982, 50.13349], [6.126955, 50.133451], [6.126928, 50.133413], [6.126936, 50.133387], [6.126974, 50.133352], [6.127027, 50.133326], [6.127123, 50.133276], [6.127176, 50.13323], [6.127279, 50.133146], [6.127459, 50.132986], [6.127554, 50.132902], [6.127588, 50.132853], [6.127619, 50.132811], [6.127665, 50.132757], [6.127726, 50.132715], [6.127825, 50.132673], [6.127951, 50.132643], [6.128035, 50.13262], [6.128088, 50.132585], [6.128222, 50.132505], [6.128283, 50.13246], [6.128305, 50.132433], [6.128344, 50.132364], [6.128374, 50.132326], [6.128416, 50.132303], [6.128458, 50.132292], [6.128538, 50.132292], [6.128588, 50.132284], [6.128614, 50.132273], [6.128637, 50.132254], [6.128637, 50.132238], [6.128634, 50.132216], [6.12863, 50.132189], [6.12863, 50.132162], [6.128637, 50.132147], [6.128683, 50.132105], [6.128779, 50.132048], [6.128839, 50.132006], [6.128878, 50.131971], [6.128931, 50.131914], [6.128984, 50.131842], [6.12903, 50.131784], [6.129103, 50.131723], [6.129164, 50.13167], [6.129183, 50.131636], [6.12919, 50.131609], [6.129183, 50.13159], [6.129156, 50.131571], [6.129141, 50.131552], [6.129145, 50.131521], [6.129171, 50.131491], [6.129213, 50.131468], [6.129244, 50.131433], [6.129301, 50.131361], [6.129362, 50.131311], [6.129427, 50.131254], [6.129442, 50.131228], [6.129454, 50.131189], [6.129465, 50.131166], [6.129484, 50.131147], [6.129545, 50.131117], [6.129564, 50.131098], [6.129572, 50.131082], [6.129572, 50.131067], [6.129568, 50.131052], [6.129557, 50.131037], [6.129561, 50.131002], [6.129572, 50.130983], [6.129625, 50.130949], [6.129633, 50.130918], [6.129644, 50.130888], [6.129667, 50.130865], [6.129705, 50.130846], [6.129751, 50.130827], [6.129793, 50.130804], [6.129847, 50.13077], [6.129931, 50.130732], [6.129995, 50.130705], [6.13006, 50.130659], [6.130098, 50.130629], [6.130171, 50.130526], [6.130224, 50.130461], [6.130259, 50.13043], [6.130289, 50.130411], [6.130354, 50.130388], [6.130438, 50.130377], [6.130495, 50.130358], [6.130522, 50.130342], [6.130529, 50.13032], [6.130526, 50.130308], [6.130507, 50.130289], [6.130495, 50.130266], [6.130507, 50.130243], [6.130533, 50.130213], [6.130583, 50.130171], [6.130632, 50.130125], [6.130655, 50.130091], [6.130667, 50.130049], [6.130667, 50.130003], [6.130667, 50.129973], [6.130682, 50.129942], [6.130724, 50.129892], [6.130785, 50.129843], [6.130835, 50.129808], [6.130861, 50.129801], [6.130899, 50.129793], [6.130949, 50.129789], [6.130979, 50.129797], [6.13101, 50.129805], [6.131029, 50.12982], [6.131056, 50.129835], [6.131079, 50.129839], [6.131098, 50.129835], [6.131117, 50.129824], [6.131193, 50.12977], [6.131231, 50.129751], [6.131277, 50.129732], [6.131327, 50.129721], [6.131353, 50.129728], [6.131376, 50.12974], [6.131395, 50.129751], [6.13143, 50.129763], [6.131456, 50.129763], [6.131491, 50.129751], [6.131529, 50.129724], [6.131552, 50.129705], [6.131586, 50.129694], [6.131769, 50.129656], [6.131941, 50.129621], [6.132013, 50.129614], [6.132067, 50.129614], [6.132124, 50.129621], [6.132216, 50.129641], [6.132311, 50.129663], [6.132368, 50.129671], [6.132418, 50.129671], [6.132505, 50.129667], [6.132597, 50.129663], [6.132654, 50.129663], [6.132727, 50.129671], [6.132776, 50.129679], [6.132833, 50.12969], [6.132883, 50.129694], [6.13294, 50.129675], [6.13299, 50.129656], [6.133074, 50.129625], [6.1332, 50.129595], [6.133253, 50.129572], [6.133306, 50.12953], [6.133364, 50.129507], [6.133421, 50.129488], [6.133451, 50.129488], [6.133497, 50.129492], [6.133585, 50.129511], [6.133669, 50.129519], [6.133722, 50.129522], [6.133787, 50.12953], [6.133856, 50.129541], [6.133921, 50.129545], [6.133993, 50.129549], [6.134035, 50.12956], [6.134062, 50.129579], [6.134085, 50.129614], [6.134111, 50.129629], [6.134146, 50.129633], [6.134176, 50.129629], [6.134192, 50.129618], [6.134195, 50.129595], [6.134184, 50.129568], [6.134192, 50.129553], [6.134218, 50.129549], [6.134268, 50.129564], [6.13431, 50.129595], [6.13439, 50.129663], [6.134401, 50.129667], [6.134462, 50.129675], [6.134508, 50.129682], [6.134531, 50.12969], [6.13455, 50.129717], [6.134565, 50.129728], [6.134596, 50.129732], [6.134626, 50.129724], [6.134668, 50.129702], [6.134703, 50.129682], [6.134737, 50.129675], [6.134771, 50.129679], [6.13481, 50.12969], [6.134832, 50.129713], [6.134897, 50.129763], [6.134901, 50.129782], [6.134863, 50.129808], [6.134829, 50.129835], [6.134821, 50.129877], [6.134806, 50.129896], [6.134783, 50.129931], [6.13479, 50.129961], [6.13481, 50.12998], [6.134832, 50.129984], [6.134882, 50.129988], [6.134909, 50.129999], [6.134962, 50.130022], [6.135004, 50.13003], [6.135077, 50.130068], [6.135134, 50.130083], [6.135176, 50.130098], [6.135195, 50.130129], [6.135202, 50.13014], [6.135222, 50.130148], [6.135248, 50.130148], [6.135279, 50.130136], [6.135313, 50.130133], [6.13534, 50.130136], [6.135385, 50.130152], [6.135454, 50.130178], [6.135508, 50.13019], [6.135565, 50.130186], [6.135645, 50.130171], [6.135748, 50.130148], [6.135824, 50.130133], [6.135927, 50.130117], [6.136026, 50.130106], [6.13608, 50.130098], [6.136126, 50.130087], [6.136152, 50.130072], [6.136167, 50.130049], [6.136183, 50.130018], [6.136225, 50.129969], [6.136244, 50.129934], [6.136278, 50.129915], [6.136316, 50.129904], [6.136374, 50.129892], [6.136419, 50.129866], [6.136465, 50.129862], [6.136522, 50.12985], [6.136564, 50.129827], [6.13661, 50.129839], [6.136648, 50.129858], [6.136679, 50.129888], [6.136694, 50.129923], [6.136698, 50.12998], [6.136705, 50.130045], [6.136732, 50.130094], [6.13677, 50.130125], [6.136808, 50.130136], [6.13685, 50.13014], [6.136889, 50.130133], [6.136946, 50.130106], [6.137007, 50.130068], [6.13706, 50.130053], [6.137163, 50.130026], [6.137198, 50.130003], [6.137247, 50.129961], [6.137297, 50.129923], [6.137369, 50.129888], [6.137464, 50.129888], [6.13764, 50.129866], [6.137857, 50.129869], [6.137854, 50.129858], [6.137808, 50.129721], [6.137777, 50.129641], [6.137766, 50.129579], [6.137762, 50.129526], [6.13777, 50.1294], [6.137789, 50.129324], [6.13785, 50.129076], [6.137918, 50.128813], [6.137945, 50.12871], [6.137953, 50.128614], [6.13796, 50.128439], [6.137957, 50.128408], [6.137953, 50.128366], [6.137937, 50.128286], [6.137903, 50.128191], [6.137823, 50.127958], [6.137724, 50.127832], [6.13769, 50.127783], [6.137491, 50.127504], [6.137453, 50.127455], [6.137361, 50.127153], [6.137339, 50.127081], [6.137297, 50.126932], [6.137278, 50.126612], [6.137228, 50.126368], [6.137239, 50.126123], [6.137239, 50.126089], [6.13719, 50.125666], [6.137011, 50.125296], [6.136801, 50.124891], [6.136747, 50.124788], [6.136694, 50.124674], [6.136663, 50.124594], [6.136629, 50.124498], [6.136587, 50.124372], [6.13656, 50.124273], [6.136515, 50.124201], [6.136316, 50.124006], [6.136061, 50.123751], [6.135588, 50.123526], [6.135469, 50.123472], [6.135393, 50.12343], [6.135302, 50.123381], [6.135176, 50.123327], [6.135004, 50.123243], [6.13476, 50.123167], [6.13452, 50.123114], [6.134165, 50.123079], [6.133776, 50.123049], [6.133425, 50.123022], [6.132986, 50.122946], [6.132627, 50.122854], [6.132269, 50.122702], [6.131537, 50.122408], [6.131136, 50.122255], [6.131002, 50.122206], [6.130739, 50.12211], [6.130449, 50.122061], [6.130358, 50.122023], [6.130274, 50.121985], [6.130209, 50.121946], [6.130125, 50.121893], [6.129953, 50.12182], [6.129614, 50.121599], [6.12919, 50.121321], [6.129198, 50.120958], [6.12919, 50.120874], [6.129187, 50.12084], [6.129168, 50.120718], [6.129133, 50.12052], [6.129129, 50.120508], [6.129106, 50.120409], [6.129042, 50.120108], [6.128984, 50.119844], [6.128908, 50.119554], [6.128866, 50.119413], [6.128859, 50.119314], [6.128828, 50.119249], [6.128759, 50.119085], [6.128664, 50.118822], [6.128675, 50.11854], [6.128672, 50.118483], [6.128588, 50.118174], [6.128553, 50.118032], [6.128542, 50.117998], [6.128519, 50.117933], [6.128477, 50.117804], [6.128469, 50.117788], [6.128405, 50.117628], [6.128294, 50.117464], [6.128225, 50.11735], [6.128141, 50.117083], [6.128103, 50.116957], [6.12808, 50.116846], [6.128077, 50.116816], [6.128038, 50.116659], [6.128016, 50.116556], [6.127996, 50.116522], [6.127905, 50.116365], [6.127836, 50.116262], [6.127851, 50.116148], [6.127867, 50.116091], [6.127916, 50.116018], [6.127954, 50.115957], [6.127966, 50.115942], [6.128065, 50.115831], [6.128199, 50.115671], [6.128336, 50.115492], [6.12845, 50.115339], [6.128531, 50.115206], [6.128611, 50.11511], [6.128752, 50.114931], [6.128851, 50.114805], [6.128935, 50.114698], [6.129003, 50.114649], [6.129171, 50.114519], [6.129206, 50.114492], [6.129347, 50.114382], [6.12937, 50.114367], [6.129393, 50.114344], [6.129515, 50.114252], [6.129785, 50.114138], [6.129881, 50.114096], [6.130133, 50.113996], [6.130201, 50.113977], [6.130377, 50.113935], [6.130571, 50.11389], [6.130815, 50.113833], [6.130972, 50.113794], [6.131342, 50.11376], [6.13167, 50.113726], [6.131788, 50.113718], [6.131975, 50.113714], [6.132425, 50.113707], [6.132894, 50.113752], [6.133268, 50.113791], [6.133799, 50.113745], [6.133905, 50.113737], [6.134432, 50.113695], [6.134748, 50.113565], [6.134867, 50.11339], [6.134897, 50.113195], [6.13476, 50.112913], [6.134733, 50.112852], [6.13471, 50.112787], [6.134588, 50.112482], [6.134409, 50.112253], [6.134272, 50.112089], [6.134142, 50.11191], [6.13394, 50.111784], [6.133829, 50.111628], [6.13381, 50.111463], [6.13373, 50.111319], [6.133638, 50.111223], [6.133448, 50.111078], [6.133245, 50.110903], [6.132719, 50.110453], [6.132509, 50.110266], [6.132391, 50.110167], [6.132181, 50.109976], [6.132086, 50.109899], [6.132013, 50.109842], [6.131876, 50.109667], [6.131762, 50.10951], [6.131613, 50.109324], [6.131468, 50.109152], [6.131308, 50.109003], [6.131098, 50.108831], [6.130949, 50.10869], [6.130907, 50.108641], [6.130877, 50.108603], [6.130655, 50.108332], [6.130659, 50.108263], [6.130674, 50.108023], [6.130686, 50.107977], [6.130712, 50.107881], [6.130732, 50.107714], [6.130732, 50.107698], [6.130766, 50.1075], [6.130785, 50.107416], [6.130819, 50.10726], [6.13088, 50.107069], [6.130911, 50.106981], [6.13096, 50.106684], [6.131029, 50.106474], [6.131056, 50.106443], [6.131208, 50.106314], [6.131373, 50.106188], [6.13138, 50.10618], [6.131582, 50.106031], [6.131845, 50.105883], [6.131861, 50.105875], [6.132166, 50.105734], [6.132681, 50.105558], [6.132978, 50.105482], [6.133253, 50.105394], [6.133371, 50.105345], [6.13344, 50.105314], [6.13352, 50.10528], [6.133757, 50.105162], [6.133863, 50.105108], [6.133886, 50.105104], [6.133909, 50.105123], [6.133936, 50.105131], [6.13397, 50.10515], [6.133997, 50.105131], [6.134218, 50.105082], [6.134447, 50.104963], [6.134569, 50.104902], [6.134745, 50.104799], [6.134855, 50.104704], [6.134935, 50.104574], [6.135187, 50.104197], [6.135332, 50.103926], [6.135366, 50.103884], [6.135401, 50.103842], [6.135454, 50.103769], [6.135569, 50.10367], [6.135565, 50.103483], [6.135538, 50.103449], [6.135424, 50.103277], [6.135172, 50.103167], [6.134851, 50.103022], [6.134615, 50.102922], [6.134336, 50.102831], [6.134062, 50.102751], [6.13373, 50.102671], [6.133696, 50.102659], [6.133657, 50.102655], [6.133482, 50.102632], [6.133345, 50.102617], [6.133074, 50.102598], [6.132921, 50.102587], [6.132521, 50.102594], [6.132273, 50.102606], [6.132147, 50.10261], [6.131876, 50.102655], [6.131529, 50.102743], [6.13117, 50.102842], [6.131128, 50.102884], [6.130827, 50.1029], [6.130808, 50.1029], [6.130686, 50.102896], [6.130617, 50.10293], [6.130278, 50.10293], [6.129965, 50.102911], [6.12961, 50.102854], [6.128744, 50.102674], [6.128344, 50.102549], [6.128008, 50.102472], [6.127729, 50.102423], [6.127699, 50.102415], [6.127241, 50.102316], [6.12681, 50.102179], [6.126509, 50.102053], [6.126146, 50.1019], [6.126036, 50.101858], [6.125822, 50.101774], [6.125765, 50.101709], [6.125669, 50.101606], [6.12557, 50.101488], [6.125532, 50.1014], [6.125414, 50.101107], [6.125402, 50.101038], [6.125368, 50.100809], [6.125399, 50.10066], [6.125433, 50.100512], [6.125433, 50.100397], [6.125425, 50.100233], [6.125418, 50.100084], [6.125402, 50.099871], [6.125429, 50.099653], [6.125441, 50.099562], [6.125456, 50.099459], [6.125536, 50.099131], [6.125593, 50.098963], [6.125696, 50.098791], [6.125734, 50.098726], [6.125902, 50.098497], [6.125971, 50.098379], [6.126089, 50.098173], [6.126288, 50.097914], [6.126299, 50.097898], [6.126577, 50.097483], [6.126902, 50.097044], [6.127001, 50.096891], [6.127173, 50.096628], [6.12718, 50.096613], [6.127344, 50.096422], [6.127581, 50.096193], [6.127707, 50.09606], [6.127882, 50.095835], [6.128233, 50.095495], [6.128386, 50.095331], [6.128618, 50.095148], [6.128801, 50.095095], [6.128965, 50.095072], [6.128988, 50.095068], [6.129343, 50.095003], [6.12966, 50.094919], [6.130011, 50.094915], [6.130312, 50.094904], [6.130423, 50.094904], [6.130667, 50.094904], [6.131037, 50.094896], [6.13125, 50.094866], [6.131338, 50.094866], [6.131388, 50.09487], [6.13154, 50.094915], [6.131811, 50.094961], [6.13204, 50.094984], [6.132208, 50.094965], [6.132399, 50.094904], [6.132521, 50.094828], [6.132769, 50.094545], [6.132929, 50.094274], [6.133017, 50.093981], [6.133066, 50.093809], [6.13307, 50.093637], [6.13299, 50.093359], [6.132894, 50.093226], [6.132711, 50.093035], [6.132513, 50.092913], [6.132196, 50.092737], [6.131971, 50.092642], [6.1317, 50.092569], [6.131453, 50.09252], [6.131182, 50.09247], [6.130922, 50.092436], [6.130659, 50.092417], [6.1304, 50.092409], [6.130133, 50.092413], [6.129911, 50.092421], [6.129446, 50.092428], [6.129278, 50.092436], [6.129019, 50.092501], [6.128767, 50.092562], [6.128748, 50.092569], [6.128488, 50.092634], [6.128275, 50.092688], [6.128145, 50.092749], [6.128054, 50.092791], [6.127947, 50.092817], [6.127832, 50.092848], [6.127604, 50.092909], [6.127199, 50.092962], [6.127153, 50.09297], [6.127123, 50.09297], [6.127088, 50.092974], [6.127047, 50.092981], [6.126768, 50.093012], [6.126276, 50.093058], [6.125967, 50.093111], [6.125677, 50.093157], [6.125551, 50.093184], [6.125502, 50.093195], [6.125219, 50.093195], [6.124746, 50.093294], [6.124407, 50.093435], [6.124178, 50.093565], [6.12409, 50.093611], [6.123724, 50.093729], [6.12369, 50.093733], [6.123652, 50.093741], [6.12343, 50.093775], [6.123373, 50.093786], [6.123121, 50.093798], [6.122911, 50.093782], [6.12274, 50.093767], [6.122606, 50.093752], [6.122499, 50.093729], [6.122255, 50.093679], [6.122057, 50.093618], [6.121943, 50.09358], [6.121664, 50.093454], [6.121401, 50.093283], [6.12137, 50.09326], [6.121195, 50.093142], [6.121092, 50.093077], [6.121008, 50.092917], [6.120851, 50.092753], [6.120806, 50.092711], [6.120707, 50.092615], [6.120596, 50.092527], [6.120504, 50.092451], [6.12039, 50.092329], [6.120241, 50.092161], [6.120218, 50.092146], [6.120119, 50.092081], [6.119993, 50.092012], [6.119982, 50.091963], [6.119955, 50.091852], [6.119947, 50.091772], [6.119951, 50.091753], [6.119936, 50.091738], [6.119917, 50.0917], [6.119852, 50.091581], [6.119745, 50.091257], [6.119707, 50.091093], [6.119703, 50.091078], [6.119654, 50.090925], [6.119593, 50.090738], [6.119574, 50.090551], [6.11952, 50.09038], [6.119471, 50.090227], [6.119356, 50.089933], [6.119352, 50.089914], [6.119295, 50.089613], [6.119345, 50.089182], [6.11939, 50.089041], [6.119413, 50.088873], [6.119387, 50.088682], [6.119394, 50.088537], [6.119387, 50.088335], [6.119387, 50.088324], [6.119375, 50.088255], [6.119349, 50.088091], [6.119375, 50.087912], [6.119371, 50.087812], [6.119364, 50.087728], [6.119471, 50.087652], [6.119543, 50.087477], [6.1196, 50.087351], [6.119638, 50.087229], [6.119654, 50.087191], [6.119696, 50.087095], [6.119665, 50.086912], [6.119654, 50.086733], [6.119554, 50.086554], [6.119551, 50.086233], [6.11952, 50.085951], [6.119513, 50.08589], [6.11957, 50.085756], [6.119585, 50.085714], [6.1196, 50.08568], [6.11973, 50.085482], [6.119821, 50.085333], [6.11997, 50.085177], [6.12015, 50.084986], [6.12031, 50.084814], [6.120474, 50.084684], [6.120607, 50.084551], [6.120791, 50.084368], [6.121031, 50.084246], [6.121187, 50.084124], [6.121241, 50.084082], [6.121469, 50.083895], [6.121794, 50.083658], [6.122049, 50.083464], [6.122095, 50.083357], [6.122148, 50.083181], [6.122114, 50.082972], [6.122061, 50.082769], [6.121965, 50.08259], [6.12195, 50.082434], [6.121946, 50.082403], [6.121901, 50.082201], [6.121881, 50.081999], [6.121874, 50.081839], [6.121874, 50.081743], [6.121874, 50.081694], [6.121874, 50.081407], [6.121805, 50.081133], [6.121798, 50.081114], [6.121736, 50.080969], [6.121695, 50.080866], [6.121565, 50.08066], [6.121458, 50.080454], [6.121374, 50.080301], [6.121283, 50.080122], [6.121145, 50.079886], [6.120993, 50.079657], [6.120913, 50.079515], [6.120909, 50.079504], [6.120756, 50.079306], [6.120642, 50.079115], [6.120542, 50.078894], [6.120409, 50.078718], [6.120272, 50.078585], [6.120165, 50.078463], [6.120146, 50.07844], [6.120012, 50.078329], [6.120001, 50.078318], [6.11981, 50.078161], [6.119799, 50.078154], [6.119497, 50.077951], [6.119432, 50.077902], [6.119257, 50.077776], [6.119162, 50.077707], [6.118986, 50.077532], [6.118834, 50.077356], [6.118673, 50.077211], [6.118586, 50.077124], [6.118399, 50.07694], [6.118368, 50.076918], [6.118101, 50.076643], [6.11796, 50.076334], [6.117971, 50.076181], [6.11796, 50.075983], [6.11796, 50.075952], [6.117945, 50.07583], [6.117773, 50.075605], [6.117685, 50.075563], [6.117136, 50.07538], [6.117071, 50.075361], [6.117041, 50.07535], [6.117002, 50.075338], [6.116934, 50.075316], [6.116762, 50.075262], [6.116549, 50.07519], [6.116289, 50.075033], [6.115999, 50.074861], [6.1159, 50.07477], [6.115774, 50.074648], [6.115789, 50.074591], [6.115812, 50.074568], [6.115912, 50.074472], [6.11622, 50.074186], [6.116297, 50.074083], [6.116377, 50.073984], [6.116613, 50.073683], [6.116632, 50.073698], [6.116884, 50.073462], [6.117189, 50.07321], [6.117258, 50.073156], [6.11743, 50.07305], [6.117651, 50.072931], [6.117819, 50.072859], [6.117952, 50.072813], [6.118376, 50.072691], [6.118719, 50.0725], [6.118921, 50.07239], [6.119303, 50.072352], [6.119833, 50.072332], [6.120321, 50.072359], [6.120535, 50.072386], [6.120764, 50.072439], [6.121195, 50.072584], [6.121347, 50.07266], [6.121542, 50.072783], [6.121569, 50.072802], [6.121611, 50.072855], [6.121691, 50.072947], [6.121809, 50.073057], [6.121847, 50.073107], [6.121904, 50.073237], [6.121874, 50.073237], [6.121901, 50.073313], [6.121912, 50.073347], [6.121965, 50.073462], [6.122053, 50.073652], [6.122045, 50.073778], [6.122042, 50.073946], [6.122049, 50.074034], [6.122118, 50.074324], [6.122141, 50.074411], [6.122263, 50.07464], [6.122419, 50.074892], [6.122671, 50.075205], [6.122713, 50.075262], [6.122885, 50.075522], [6.123049, 50.075716], [6.123121, 50.075815], [6.123182, 50.075911], [6.123224, 50.076025], [6.123266, 50.076128], [6.123381, 50.076303], [6.123419, 50.076384], [6.123495, 50.076445], [6.123869, 50.076673], [6.124174, 50.076792], [6.124624, 50.076925], [6.124792, 50.076975], [6.124846, 50.076986], [6.12488, 50.07699], [6.124929, 50.076986], [6.12496, 50.076982], [6.125021, 50.07696], [6.125051, 50.07694], [6.125174, 50.076849], [6.125334, 50.076677], [6.12541, 50.076605], [6.125475, 50.076532], [6.125521, 50.076487], [6.125555, 50.07646], [6.125876, 50.076208], [6.12623, 50.07593], [6.126329, 50.075857], [6.126436, 50.075781], [6.126715, 50.075598], [6.126917, 50.075464], [6.126955, 50.075437], [6.127077, 50.075357], [6.127474, 50.075113], [6.127558, 50.075106], [6.127817, 50.074953], [6.128008, 50.074907], [6.12826, 50.074759], [6.128302, 50.074732], [6.128519, 50.074568], [6.128561, 50.074522], [6.128599, 50.07448], [6.128607, 50.074461], [6.128637, 50.074388], [6.128672, 50.074301], [6.128694, 50.074251], [6.12887, 50.073973], [6.129026, 50.073717], [6.129149, 50.073526], [6.129137, 50.07337], [6.129114, 50.073332], [6.129091, 50.073298], [6.12908, 50.073278], [6.129042, 50.073244], [6.128954, 50.073187], [6.12882, 50.073088], [6.128687, 50.073], [6.128527, 50.072885], [6.128134, 50.072596], [6.127947, 50.072454], [6.127874, 50.072409], [6.127665, 50.072294], [6.127516, 50.07221], [6.127436, 50.072176], [6.127367, 50.072149], [6.127161, 50.072088], [6.127066, 50.072058], [6.126997, 50.072023], [6.126898, 50.071966], [6.126745, 50.071875], [6.126677, 50.071814], [6.126574, 50.071711], [6.126532, 50.071669], [6.126482, 50.071596], [6.126413, 50.071486], [6.126329, 50.071409], [6.126093, 50.071192], [6.125929, 50.071043], [6.125692, 50.070936], [6.125082, 50.070673], [6.124735, 50.070543], [6.124418, 50.07044], [6.124033, 50.070322], [6.123857, 50.070265], [6.123705, 50.070181], [6.123541, 50.070085], [6.123407, 50.070024], [6.12314, 50.069902], [6.122869, 50.06978], [6.122633, 50.069654], [6.122385, 50.069517], [6.12221, 50.069429], [6.122072, 50.069376], [6.121489, 50.069132], [6.121187, 50.069006], [6.12105, 50.068842], [6.120985, 50.068674], [6.120962, 50.068582], [6.120939, 50.068472], [6.120939, 50.068304], [6.120932, 50.068163], [6.120871, 50.067793], [6.120829, 50.067526], [6.120798, 50.067324], [6.120771, 50.067225], [6.120775, 50.066877], [6.120775, 50.066664], [6.120764, 50.066427], [6.120741, 50.066336], [6.12076, 50.066153], [6.120768, 50.066088], [6.120703, 50.065851], [6.120699, 50.065832], [6.12076, 50.065676], [6.120752, 50.065596], [6.120749, 50.065485], [6.120729, 50.065382], [6.120699, 50.065275], [6.120665, 50.065214], [6.120584, 50.065084], [6.120485, 50.064962], [6.120424, 50.064913], [6.12026, 50.064817], [6.120016, 50.06476], [6.119818, 50.06468], [6.119558, 50.064673], [6.119547, 50.064673], [6.119432, 50.06465], [6.119047, 50.064562], [6.118761, 50.06452], [6.118475, 50.064501], [6.118391, 50.064505], [6.118109, 50.064524], [6.117899, 50.064566], [6.117624, 50.064642], [6.117353, 50.064741], [6.117247, 50.064817], [6.116827, 50.065096], [6.116667, 50.065207], [6.116495, 50.065317], [6.11632, 50.06542], [6.116262, 50.065455], [6.115912, 50.065649], [6.115492, 50.065809], [6.115171, 50.065901], [6.115084, 50.065908], [6.114859, 50.065928], [6.114634, 50.06592], [6.114412, 50.065863], [6.1136, 50.065573], [6.113562, 50.065493], [6.113485, 50.065374], [6.113554, 50.065229], [6.113565, 50.065145], [6.1136, 50.064959], [6.113607, 50.064928], [6.113638, 50.064787], [6.113642, 50.06468], [6.113653, 50.0646], [6.113653, 50.064577], [6.113676, 50.064413], [6.113695, 50.064325], [6.113722, 50.064218], [6.113745, 50.064146], [6.113775, 50.064081], [6.113871, 50.063875], [6.11389, 50.063826], [6.113913, 50.063704], [6.113928, 50.06362], [6.113901, 50.063524], [6.113836, 50.063311], [6.113806, 50.063238], [6.113771, 50.063162], [6.113722, 50.063078], [6.113707, 50.063051], [6.113676, 50.063005], [6.113512, 50.062754], [6.113314, 50.06246], [6.113119, 50.062166], [6.113119, 50.062159], [6.113035, 50.062036], [6.112974, 50.06188], [6.112856, 50.061621], [6.112791, 50.061468], [6.112783, 50.061445], [6.112722, 50.061315], [6.112661, 50.06119], [6.112619, 50.061113], [6.112566, 50.061018], [6.11252, 50.060934], [6.11249, 50.060869], [6.112471, 50.060808], [6.112467, 50.060797], [6.11244, 50.06072], [6.112398, 50.060602], [6.112337, 50.060507], [6.112352, 50.060499], [6.112349, 50.060488], [6.112349, 50.060453], [6.112345, 50.060423], [6.112287, 50.06011], [6.112257, 50.059797], [6.112249, 50.059698], [6.112379, 50.0595], [6.11241, 50.059351], [6.112432, 50.059286], [6.11252, 50.059134], [6.112581, 50.059057], [6.112734, 50.058802], [6.112814, 50.05871], [6.112898, 50.058611], [6.112978, 50.05847], [6.113043, 50.058352], [6.113127, 50.058248], [6.11318, 50.058184], [6.113241, 50.058123], [6.11347, 50.057932], [6.113829, 50.057627], [6.114084, 50.05755], [6.114172, 50.057474], [6.11503, 50.057207], [6.116732, 50.056654], [6.1173, 50.056456], [6.117762, 50.056333], [6.118425, 50.056456], [6.119597, 50.056417], [6.119703, 50.056444], [6.119806, 50.056478], [6.119875, 50.056505], [6.120001, 50.056559], [6.120272, 50.056761], [6.120375, 50.05686], [6.120497, 50.056993], [6.120562, 50.057108], [6.120634, 50.057406], [6.120661, 50.057436], [6.12063, 50.057703], [6.120619, 50.057829], [6.120623, 50.057921], [6.120638, 50.057993], [6.120676, 50.058062], [6.120657, 50.058306], [6.120634, 50.058641], [6.120626, 50.058714], [6.120607, 50.058943], [6.120424, 50.059206], [6.120405, 50.05924], [6.120321, 50.059393], [6.120321, 50.059599], [6.120382, 50.059675], [6.120634, 50.060076], [6.120813, 50.060118], [6.120867, 50.060133], [6.121283, 50.060305], [6.121672, 50.060392], [6.121931, 50.060385], [6.12266, 50.060289], [6.122831, 50.060263], [6.123232, 50.060198], [6.123594, 50.060049], [6.123655, 50.059977], [6.123941, 50.059809], [6.124056, 50.059656], [6.124124, 50.059458], [6.124136, 50.05934], [6.124124, 50.058943], [6.124147, 50.05879], [6.124144, 50.058676], [6.124132, 50.05863], [6.124025, 50.05831], [6.123991, 50.058233], [6.123957, 50.058188], [6.123812, 50.05802], [6.12377, 50.05794], [6.123617, 50.057726], [6.12351, 50.057573], [6.123339, 50.057253], [6.123323, 50.05715], [6.123205, 50.056967], [6.123159, 50.056898], [6.123011, 50.056677], [6.122969, 50.05662], [6.122675, 50.056299], [6.122564, 50.056166], [6.122423, 50.055979], [6.122404, 50.055952], [6.122396, 50.05591], [6.122408, 50.055811], [6.122328, 50.055788], [6.122396, 50.055754], [6.122385, 50.055746], [6.122335, 50.055708], [6.122293, 50.055735], [6.122137, 50.055616], [6.121973, 50.055513], [6.121881, 50.055452], [6.121687, 50.055277], [6.121607, 50.055197], [6.12129, 50.054865], [6.121042, 50.054613], [6.120874, 50.054224], [6.120997, 50.054026], [6.121031, 50.053808], [6.12105, 50.053694], [6.12108, 50.053579], [6.121126, 50.053415], [6.121168, 50.05327], [6.121218, 50.053137], [6.121256, 50.053049], [6.121302, 50.052946], [6.121405, 50.052706], [6.121466, 50.052603], [6.121519, 50.052526], [6.121645, 50.052404], [6.121794, 50.052271], [6.121935, 50.052221], [6.122133, 50.05213], [6.12221, 50.052092], [6.12253, 50.051935], [6.122953, 50.051779], [6.123152, 50.051718], [6.123972, 50.051477], [6.124117, 50.051428], [6.124266, 50.051374], [6.124376, 50.051317], [6.124525, 50.051241], [6.124708, 50.051142], [6.124846, 50.051062], [6.124964, 50.050978], [6.125036, 50.05092], [6.125189, 50.050783], [6.125273, 50.050699], [6.12541, 50.05052], [6.125547, 50.050333], [6.12565, 50.050177], [6.125898, 50.049902], [6.125963, 50.049826], [6.125998, 50.049784], [6.126024, 50.049753], [6.126127, 50.04965], [6.126173, 50.049597], [6.126242, 50.049505], [6.126307, 50.049425], [6.12636, 50.049337], [6.126368, 50.049318], [6.126394, 50.049246], [6.126444, 50.049139], [6.126497, 50.049021], [6.126562, 50.048868], [6.126768, 50.048532], [6.126989, 50.04822], [6.127119, 50.047972], [6.127314, 50.047743], [6.127604, 50.047411], [6.12771, 50.047289], [6.127878, 50.047106], [6.127928, 50.047049], [6.128042, 50.046923], [6.128477, 50.04656], [6.129087, 50.045916], [6.129202, 50.045797], [6.129267, 50.04574], [6.129507, 50.045546], [6.129763, 50.045305], [6.129885, 50.045198], [6.130182, 50.044981], [6.130339, 50.044867], [6.130392, 50.044828], [6.130747, 50.044497], [6.131113, 50.044157], [6.131285, 50.044031], [6.131441, 50.04389], [6.13162, 50.043764], [6.131792, 50.043642], [6.132212, 50.043348], [6.132567, 50.042978], [6.132658, 50.042879], [6.13283, 50.0427], [6.132921, 50.042502], [6.132956, 50.042437], [6.132982, 50.042383], [6.133074, 50.042299], [6.133135, 50.042234], [6.133203, 50.04215], [6.133333, 50.041987], [6.133413, 50.041876], [6.133516, 50.041712], [6.133772, 50.0413], [6.133787, 50.041105], [6.13394, 50.040907], [6.134172, 50.040529], [6.134249, 50.040388], [6.134291, 50.0403], [6.134317, 50.040247], [6.134417, 50.039892], [6.134428, 50.039854], [6.134321, 50.03961], [6.134317, 50.039541], [6.134314, 50.039331], [6.134306, 50.039282], [6.134295, 50.039255], [6.134123, 50.039019], [6.133947, 50.038778], [6.13378, 50.038546], [6.133654, 50.038404], [6.13347, 50.038202], [6.133409, 50.038134], [6.133295, 50.037947], [6.13315, 50.037725], [6.133097, 50.037657], [6.132986, 50.037523], [6.132658, 50.037172], [6.132448, 50.036955], [6.132422, 50.036909], [6.132376, 50.036814], [6.132353, 50.036745], [6.132315, 50.036615], [6.132288, 50.036531], [6.132265, 50.036352], [6.132254, 50.036158], [6.132231, 50.035505], [6.132185, 50.035173], [6.132173, 50.035063], [6.132139, 50.03496], [6.132093, 50.034849], [6.132036, 50.034742], [6.131987, 50.034681], [6.131971, 50.034662], [6.131876, 50.034574], [6.131765, 50.034475], [6.131483, 50.034235], [6.131262, 50.034079], [6.130926, 50.033762], [6.130812, 50.033659], [6.130758, 50.03359], [6.13069, 50.033476], [6.130545, 50.033197], [6.130304, 50.032961], [6.13019, 50.03277], [6.129973, 50.032419], [6.129873, 50.032251], [6.129759, 50.032053], [6.129614, 50.031778], [6.129606, 50.031755], [6.129595, 50.031664], [6.129583, 50.031469], [6.129587, 50.031252], [6.129587, 50.031229], [6.129587, 50.031206], [6.129591, 50.031042], [6.129541, 50.031042], [6.129549, 50.030878], [6.129557, 50.030634], [6.129561, 50.0305], [6.129694, 50.030046], [6.129759, 50.029875], [6.12982, 50.029768], [6.130144, 50.029272], [6.130209, 50.029253], [6.130274, 50.029226], [6.130327, 50.029196], [6.13043, 50.029135], [6.130705, 50.028948], [6.130827, 50.028879], [6.131002, 50.028784], [6.131201, 50.028681], [6.131514, 50.02854], [6.131777, 50.028421], [6.132021, 50.028326], [6.1322, 50.028254], [6.132292, 50.028208], [6.132586, 50.028048], [6.132837, 50.027945], [6.133093, 50.027822], [6.133314, 50.027708], [6.13339, 50.02767], [6.133818, 50.027487], [6.134043, 50.027388], [6.134455, 50.027231], [6.134523, 50.027212], [6.134886, 50.027105], [6.13529, 50.026945], [6.135519, 50.026869], [6.135881, 50.026754], [6.136126, 50.026663], [6.136389, 50.026564], [6.136812, 50.026403], [6.137106, 50.026381], [6.137693, 50.0259], [6.137896, 50.025831], [6.13801, 50.025785], [6.138189, 50.025709], [6.138235, 50.025675], [6.1383, 50.025629], [6.138632, 50.025591], [6.138685, 50.025583], [6.138842, 50.025518], [6.139025, 50.025438], [6.139219, 50.025351], [6.139357, 50.025286], [6.139498, 50.025213], [6.139727, 50.02508], [6.139906, 50.025011], [6.139955, 50.024988], [6.13999, 50.02498], [6.140192, 50.024912], [6.140642, 50.024778], [6.141813, 50.02466], [6.141913, 50.024641], [6.142012, 50.024611], [6.142092, 50.024584], [6.142153, 50.024557], [6.142431, 50.024515], [6.142912, 50.024454], [6.142931, 50.02445], [6.14303, 50.024439], [6.143152, 50.024412], [6.143248, 50.024386], [6.143312, 50.024366], [6.143404, 50.024305], [6.14353, 50.024218], [6.143656, 50.024115], [6.143766, 50.024019], [6.14385, 50.023928], [6.143896, 50.023871], [6.143942, 50.023809], [6.144098, 50.023748], [6.144175, 50.02371], [6.144259, 50.023664], [6.144346, 50.023611], [6.144804, 50.023401], [6.144857, 50.023367], [6.145083, 50.023203], [6.145193, 50.023138], [6.145246, 50.023104], [6.145365, 50.023046], [6.145487, 50.022943], [6.145563, 50.022871], [6.145678, 50.022867], [6.145849, 50.022695], [6.145903, 50.022627], [6.145945, 50.022547], [6.145968, 50.022478], [6.145979, 50.022425], [6.145968, 50.022364], [6.145952, 50.022314], [6.14591, 50.022242], [6.145853, 50.022158], [6.145513, 50.021704], [6.145437, 50.021555], [6.145346, 50.021463], [6.145289, 50.021402], [6.144987, 50.021116], [6.144606, 50.020742], [6.144247, 50.020388], [6.144159, 50.020319], [6.143923, 50.020155], [6.143751, 50.020056], [6.143461, 50.019896], [6.143309, 50.0198], [6.143118, 50.019686], [6.142904, 50.019545], [6.142733, 50.019422], [6.142549, 50.019293], [6.142397, 50.019182], [6.142328, 50.019129], [6.141977, 50.018866], [6.14192, 50.018824], [6.141886, 50.01874], [6.141794, 50.018621], [6.141733, 50.018553], [6.141657, 50.018484], [6.141577, 50.018431], [6.141298, 50.018255], [6.140905, 50.018011], [6.140211, 50.017832], [6.140177, 50.017874], [6.139627, 50.017633], [6.139566, 50.017599], [6.139513, 50.017561], [6.13949, 50.017542], [6.139402, 50.017469], [6.139364, 50.017435], [6.139227, 50.017305], [6.138987, 50.017073], [6.138762, 50.01679], [6.138681, 50.016703], [6.138456, 50.016489], [6.13814, 50.016207], [6.137766, 50.015997], [6.137651, 50.015936], [6.137556, 50.015894], [6.137373, 50.015825], [6.137224, 50.015757], [6.137102, 50.015757], [6.136656, 50.015776], [6.136476, 50.015799], [6.136374, 50.015818], [6.136267, 50.015825], [6.136251, 50.01581], [6.136038, 50.015913], [6.135904, 50.01597], [6.135881, 50.015959], [6.13582, 50.015982], [6.135767, 50.016035], [6.135729, 50.016058], [6.135553, 50.016104], [6.135237, 50.016298], [6.135, 50.016417], [6.134909, 50.016489], [6.134829, 50.016565], [6.134699, 50.016714], [6.134401, 50.017099], [6.134348, 50.017153], [6.134256, 50.017244], [6.13394, 50.017618], [6.133841, 50.017775], [6.13381, 50.01782], [6.1336, 50.018129], [6.133375, 50.018446], [6.133261, 50.01858], [6.133161, 50.018686], [6.13307, 50.018766], [6.132956, 50.018854], [6.132803, 50.018957], [6.132708, 50.019014], [6.132597, 50.019064], [6.132181, 50.019232], [6.132017, 50.019281], [6.131807, 50.019342], [6.131643, 50.019381], [6.131373, 50.01943], [6.131086, 50.019342], [6.130926, 50.0193], [6.130552, 50.019216], [6.130091, 50.019113], [6.129911, 50.018999], [6.129858, 50.018957], [6.129705, 50.01882], [6.129625, 50.018721], [6.129564, 50.018625], [6.129545, 50.018576], [6.129526, 50.018488], [6.129484, 50.018183], [6.129614, 50.018019], [6.129751, 50.017904], [6.129927, 50.017778], [6.129973, 50.017755], [6.130445, 50.017542], [6.130613, 50.017462], [6.130732, 50.017397], [6.130873, 50.017309], [6.130999, 50.017218], [6.131395, 50.016935], [6.131628, 50.016817], [6.13172, 50.016756], [6.131842, 50.016664], [6.13209, 50.016439], [6.132296, 50.016314], [6.132338, 50.016287], [6.132631, 50.016092], [6.132994, 50.015844], [6.133368, 50.015574], [6.133959, 50.01515], [6.134169, 50.015001], [6.134245, 50.014936], [6.134355, 50.014826], [6.134443, 50.014738], [6.134497, 50.014662], [6.134634, 50.014536], [6.134672, 50.014502], [6.134798, 50.014391], [6.135183, 50.014044], [6.135279, 50.013967], [6.135355, 50.013922], [6.135683, 50.013727], [6.13579, 50.013655], [6.135859, 50.013594], [6.13592, 50.013529], [6.135981, 50.013445], [6.136042, 50.013349], [6.136183, 50.013079], [6.136255, 50.01296], [6.136305, 50.012903], [6.136393, 50.012831], [6.13648, 50.012766], [6.136591, 50.012686], [6.136793, 50.01256], [6.136843, 50.012518], [6.136999, 50.012358], [6.137236, 50.012041], [6.137365, 50.011866], [6.137426, 50.011789], [6.137606, 50.011591], [6.137678, 50.011515], [6.137869, 50.011351], [6.138006, 50.011263], [6.138201, 50.011145], [6.138273, 50.011099], [6.13846, 50.011004], [6.138529, 50.010969], [6.138674, 50.010908], [6.138857, 50.010839], [6.139036, 50.010782], [6.139196, 50.01074], [6.139852, 50.010576], [6.139997, 50.010572], [6.140104, 50.010569], [6.140394, 50.010561], [6.140608, 50.010553], [6.140871, 50.010538], [6.141123, 50.010515], [6.141249, 50.0105], [6.141367, 50.010485], [6.141878, 50.010431], [6.141985, 50.010424], [6.142118, 50.010412], [6.142427, 50.010397], [6.142645, 50.010389], [6.143095, 50.010382], [6.143251, 50.010378], [6.143499, 50.010359], [6.144026, 50.010321], [6.144472, 50.01029], [6.14488, 50.01026], [6.145178, 50.010237], [6.145464, 50.010206], [6.14583, 50.010172], [6.145914, 50.010176], [6.146067, 50.010187], [6.146261, 50.01021], [6.146406, 50.010237], [6.146791, 50.010309], [6.147108, 50.010347], [6.147486, 50.010366], [6.147619, 50.010366], [6.147795, 50.010347], [6.147917, 50.010321], [6.147928, 50.010317], [6.147963, 50.010309], [6.148073, 50.010267], [6.148127, 50.010241], [6.148176, 50.010195], [6.148214, 50.010141], [6.148314, 50.009996], [6.148413, 50.009897], [6.148527, 50.00979], [6.148626, 50.009737], [6.148695, 50.009661], [6.148924, 50.009497], [6.149263, 50.009256], [6.149374, 50.00918], [6.149569, 50.008993], [6.149614, 50.008928], [6.149668, 50.008837], [6.149687, 50.00878], [6.149691, 50.00873], [6.14966, 50.008619], [6.14961, 50.008501], [6.149595, 50.008467], [6.149538, 50.008154], [6.149405, 50.007624], [6.14937, 50.007471], [6.149351, 50.00709], [6.149336, 50.006781], [6.149336, 50.006765], [6.149324, 50.006548], [6.149317, 50.006449], [6.149214, 50.006281], [6.148947, 50.005934], [6.148726, 50.005686], [6.148481, 50.005419], [6.148443, 50.005377], [6.148424, 50.005358], [6.148176, 50.005075], [6.14794, 50.004805], [6.147867, 50.004713], [6.147741, 50.004469], [6.147631, 50.004213], [6.147627, 50.004202], [6.147619, 50.004183], [6.147585, 50.004133], [6.147535, 50.004034], [6.147436, 50.003893], [6.147306, 50.003725], [6.147219, 50.003622], [6.147081, 50.003428], [6.146948, 50.003267], [6.14686, 50.003172], [6.146692, 50.003015], [6.146574, 50.002855], [6.146528, 50.002783], [6.146395, 50.002577], [6.146315, 50.002443], [6.146395, 50.002294], [6.146433, 50.00223], [6.146559, 50.001997], [6.146532, 50.001741], [6.146517, 50.001608], [6.146513, 50.001539], [6.146528, 50.001425], [6.14654, 50.001356], [6.146555, 50.00128], [6.146563, 50.001204], [6.146551, 50.001139], [6.146532, 50.001032], [6.146521, 50.000994], [6.146475, 50.000841], [6.146456, 50.000788], [6.146437, 50.000731], [6.146383, 50.000601], [6.146357, 50.000536], [6.146303, 50.000433], [6.146238, 50.000303], [6.146231, 50.000292], [6.146147, 50.000177], [6.145945, 49.999922], [6.14591, 49.99988], [6.145861, 49.999792], [6.145845, 49.999762], [6.145838, 49.999701], [6.145834, 49.999628], [6.145834, 49.999563], [6.145803, 49.99951], [6.145777, 49.999456], [6.145761, 49.999361], [6.145742, 49.999273], [6.145701, 49.99914], [6.145651, 49.998991], [6.145533, 49.998796], [6.145506, 49.998754], [6.14543, 49.998644], [6.14538, 49.998579], [6.145273, 49.998465], [6.14525, 49.998438], [6.145147, 49.998327], [6.145067, 49.998239], [6.144972, 49.998167], [6.144846, 49.998098], [6.144819, 49.998091], [6.144781, 49.998083], [6.144686, 49.998075], [6.144533, 49.998075], [6.144316, 49.998079], [6.144201, 49.998087], [6.143904, 49.998114], [6.143816, 49.99814], [6.143606, 49.998201], [6.143488, 49.998259], [6.143477, 49.998266], [6.143415, 49.998297], [6.143129, 49.998426], [6.143038, 49.998472], [6.142614, 49.998705], [6.142397, 49.998823], [6.142061, 49.99914], [6.142, 49.999197], [6.141977, 49.999216], [6.141886, 49.999308], [6.141855, 49.99933], [6.141722, 49.999395], [6.1416, 49.999441], [6.141153, 49.999636], [6.14076, 49.999792], [6.140531, 49.999861], [6.140379, 49.999956], [6.140249, 50.000025], [6.140165, 50.000074], [6.140097, 50.000116], [6.140066, 50.000128], [6.140036, 50.000139], [6.139975, 50.000174], [6.139933, 50.000197], [6.139872, 50.000212], [6.139803, 50.000219], [6.139509, 50.000223], [6.139395, 50.000223], [6.139288, 50.000189], [6.139181, 50.000143], [6.139063, 50.000074], [6.138964, 50.000002], [6.138651, 49.999735], [6.138361, 49.999479], [6.138308, 49.999426], [6.138151, 49.999273], [6.138048, 49.999186], [6.137976, 49.999121], [6.137846, 49.998987], [6.137751, 49.998884], [6.13769, 49.998789], [6.137655, 49.998701], [6.137655, 49.998575], [6.137682, 49.998472], [6.137766, 49.998362], [6.137926, 49.998205], [6.138132, 49.998018], [6.138327, 49.997843], [6.138636, 49.997518], [6.138781, 49.997339], [6.139021, 49.997099], [6.139101, 49.997004], [6.139357, 49.996679], [6.139452, 49.996572], [6.139566, 49.996458], [6.139673, 49.996363], [6.139799, 49.996263], [6.139914, 49.996176], [6.140043, 49.996092], [6.140486, 49.995821], [6.140623, 49.995733], [6.140718, 49.995668], [6.140787, 49.995623], [6.140894, 49.995527], [6.141085, 49.995363], [6.14123, 49.995215], [6.141405, 49.995031], [6.141806, 49.994864], [6.141958, 49.994806], [6.142092, 49.994764], [6.14226, 49.994722], [6.14242, 49.994688], [6.142588, 49.994665], [6.14274, 49.994658], [6.14311, 49.994658], [6.14348, 49.994669], [6.143671, 49.994677], [6.143942, 49.994692], [6.144224, 49.994715], [6.144545, 49.994741], [6.145285, 49.994814], [6.145594, 49.994852], [6.145876, 49.994883], [6.146166, 49.994902], [6.146349, 49.994906], [6.146585, 49.994906], [6.146795, 49.994898], [6.146971, 49.99489], [6.147165, 49.994871], [6.147295, 49.994856], [6.147459, 49.994833], [6.147707, 49.994791], [6.147974, 49.994738], [6.148287, 49.994661], [6.1486, 49.994585], [6.148798, 49.994532], [6.149229, 49.994417], [6.149408, 49.994375], [6.149633, 49.994341], [6.149702, 49.994333], [6.149939, 49.994349], [6.150007, 49.994352], [6.15008, 49.994345], [6.150152, 49.994333], [6.150282, 49.994299], [6.150461, 49.994242], [6.150541, 49.994215], [6.15069, 49.994162], [6.150774, 49.994123], [6.150797, 49.994104], [6.150835, 49.994017], [6.150885, 49.993891], [6.150969, 49.993654], [6.151033, 49.993532], [6.151201, 49.993269], [6.151304, 49.993254], [6.151438, 49.992956], [6.151484, 49.992853], [6.151575, 49.992693], [6.151613, 49.992643], [6.15172, 49.99254], [6.151751, 49.992498], [6.151808, 49.992384], [6.151861, 49.992331], [6.15188, 49.992304], [6.151926, 49.992144], [6.15196, 49.992052], [6.152105, 49.991754], [6.152227, 49.991453], [6.152319, 49.991201], [6.152407, 49.990927], [6.152704, 49.990499], [6.153055, 49.989988], [6.153242, 49.989721], [6.15336, 49.989592], [6.153505, 49.98945], [6.153624, 49.989351], [6.153723, 49.989294], [6.153883, 49.98921], [6.154058, 49.989107], [6.154295, 49.988966], [6.154493, 49.988848], [6.154661, 49.988726], [6.154966, 49.988569], [6.155153, 49.988478], [6.15526, 49.988417], [6.155447, 49.988302], [6.155584, 49.988214], [6.155668, 49.988157], [6.155947, 49.987883], [6.156305, 49.98752], [6.156702, 49.987299], [6.156939, 49.987169], [6.157053, 49.98712], [6.157171, 49.987078], [6.1574, 49.98702], [6.157652, 49.986975], [6.157873, 49.986937], [6.158194, 49.986895], [6.158571, 49.986853], [6.158991, 49.986826], [6.159269, 49.986811], [6.159407, 49.986811], [6.159452, 49.986811], [6.159647, 49.986818], [6.159872, 49.986841], [6.159971, 49.98686], [6.160223, 49.986929], [6.160402, 49.986975], [6.160536, 49.987001], [6.160692, 49.987028], [6.160967, 49.987059], [6.161142, 49.987074], [6.161299, 49.987085], [6.161394, 49.987089], [6.16155, 49.987089], [6.161829, 49.987082], [6.161955, 49.987074], [6.162111, 49.987082], [6.16221, 49.987085], [6.162298, 49.987078], [6.162409, 49.987066], [6.162531, 49.987047], [6.162878, 49.986986], [6.163095, 49.986948], [6.163237, 49.986925], [6.163393, 49.986906], [6.163401, 49.986921], [6.163526, 49.986906], [6.163519, 49.986887], [6.163767, 49.986837], [6.163912, 49.986826], [6.164129, 49.986826], [6.164335, 49.986834], [6.16445, 49.986826], [6.164862, 49.986734], [6.165106, 49.986677], [6.165304, 49.986635], [6.165445, 49.986609], [6.165709, 49.986567], [6.165926, 49.986521], [6.166098, 49.986471], [6.166254, 49.986414], [6.166429, 49.986338], [6.16654, 49.986269], [6.166693, 49.9862], [6.166716, 49.986223], [6.167181, 49.986105], [6.167238, 49.986063], [6.167322, 49.98601], [6.167395, 49.985971], [6.167528, 49.985922], [6.167738, 49.985857], [6.16799, 49.985792], [6.168154, 49.985758], [6.168299, 49.985716], [6.168421, 49.985689], [6.168615, 49.985651], [6.168776, 49.985605], [6.168879, 49.985632], [6.169023, 49.98567], [6.169107, 49.985685], [6.169226, 49.985693], [6.169409, 49.985697], [6.169474, 49.985681], [6.169584, 49.985662], [6.16968, 49.985636], [6.169748, 49.985624], [6.169798, 49.985609], [6.169867, 49.985586], [6.169916, 49.985579], [6.170004, 49.985567], [6.170046, 49.985556], [6.170118, 49.985533], [6.170233, 49.985491], [6.17029, 49.985483], [6.170504, 49.98546], [6.170572, 49.985453], [6.170698, 49.98543], [6.170774, 49.985414], [6.171152, 49.985312], [6.171324, 49.985258], [6.171465, 49.985212], [6.171549, 49.985178], [6.171965, 49.98498], [6.172144, 49.984888], [6.172266, 49.984812], [6.172342, 49.984762], [6.172419, 49.98469], [6.172464, 49.984644], [6.172522, 49.984568], [6.172556, 49.984514], [6.17259, 49.98443], [6.172609, 49.984381], [6.172621, 49.984323], [6.172632, 49.984201], [6.17259, 49.984144], [6.172518, 49.984057], [6.172438, 49.983984], [6.172399, 49.983984], [6.172171, 49.984053], [6.171953, 49.98403], [6.171717, 49.984011], [6.171644, 49.984011], [6.171564, 49.984022], [6.171492, 49.984041], [6.171442, 49.98406], [6.171419, 49.984076], [6.171408, 49.984095], [6.1714, 49.984194], [6.171373, 49.984236], [6.17135, 49.984266], [6.17127, 49.984293], [6.170939, 49.984366], [6.170614, 49.984384], [6.170553, 49.984411], [6.170401, 49.984423], [6.170355, 49.984434], [6.170324, 49.984442], [6.17029, 49.984449], [6.170229, 49.984468], [6.170157, 49.984503], [6.169958, 49.984598], [6.169748, 49.984514], [6.169657, 49.984476], [6.169615, 49.984453], [6.169497, 49.984366], [6.169413, 49.984289], [6.169306, 49.984178], [6.169195, 49.984064], [6.169035, 49.983885], [6.169016, 49.983858], [6.168993, 49.983828], [6.168947, 49.983755], [6.168909, 49.983675], [6.168882, 49.983595], [6.168871, 49.983542], [6.168867, 49.983461], [6.168859, 49.9834], [6.168859, 49.983366], [6.168863, 49.983297], [6.168779, 49.983118], [6.168753, 49.982984], [6.168737, 49.982881], [6.16873, 49.982775], [6.168726, 49.982717], [6.168676, 49.982447], [6.168611, 49.982141], [6.168638, 49.98197], [6.168657, 49.981848], [6.168715, 49.981695], [6.168726, 49.981638], [6.168726, 49.981562], [6.168726, 49.981512], [6.168734, 49.98147], [6.168737, 49.981443], [6.168772, 49.981462], [6.168783, 49.981344], [6.168787, 49.981226], [6.168768, 49.981119], [6.168745, 49.981051], [6.168699, 49.980978], [6.168615, 49.980864], [6.168562, 49.980803], [6.168489, 49.980749], [6.168291, 49.980654], [6.168096, 49.980562], [6.167913, 49.980459], [6.167784, 49.980379], [6.167742, 49.980356], [6.167589, 49.980249], [6.167433, 49.980131], [6.167364, 49.980055], [6.167269, 49.979967], [6.167086, 49.979647], [6.167028, 49.979555], [6.166975, 49.979433], [6.166876, 49.979261], [6.166777, 49.978964], [6.166739, 49.978499], [6.166712, 49.978182], [6.166677, 49.977755], [6.166666, 49.977594], [6.166681, 49.977499], [6.166685, 49.977442], [6.166674, 49.9774], [6.166643, 49.97735], [6.166613, 49.977308], [6.16659, 49.977274], [6.166578, 49.977255], [6.166567, 49.977201], [6.166563, 49.977156], [6.166544, 49.977083], [6.166506, 49.977034], [6.16646, 49.97698], [6.166376, 49.976877], [6.166342, 49.976812], [6.166368, 49.976801], [6.166094, 49.976404], [6.165972, 49.976221], [6.165842, 49.97603], [6.165808, 49.975923], [6.165758, 49.975847], [6.165678, 49.975779], [6.16564, 49.975729], [6.165605, 49.975656], [6.16551, 49.975496], [6.165468, 49.975405], [6.165419, 49.975321], [6.165392, 49.975267], [6.16535, 49.975168], [6.165304, 49.9751], [6.165239, 49.974993], [6.165209, 49.974932], [6.165178, 49.974844], [6.165125, 49.974672], [6.165102, 49.974672], [6.164999, 49.974401], [6.164919, 49.974192], [6.164827, 49.973886], [6.164801, 49.9737], [6.164743, 49.973413], [6.164705, 49.973173], [6.164675, 49.972864], [6.164644, 49.972586], [6.164644, 49.972357], [6.164652, 49.972074], [6.164663, 49.971918], [6.164667, 49.971811], [6.164705, 49.971575], [6.164717, 49.971495], [6.164743, 49.971254], [6.164763, 49.971254], [6.16477, 49.971197], [6.164797, 49.970766], [6.164812, 49.970552], [6.164827, 49.970381], [6.164839, 49.970274], [6.164862, 49.970198], [6.164888, 49.970098], [6.164946, 49.96998], [6.165014, 49.969847], [6.165068, 49.969763], [6.165182, 49.969629], [6.165506, 49.969301], [6.165605, 49.969233], [6.1658, 49.969072], [6.165869, 49.969027], [6.165964, 49.968973], [6.166067, 49.96892], [6.166262, 49.968813], [6.166376, 49.968748], [6.166582, 49.968611], [6.166773, 49.968424], [6.16688, 49.968306], [6.166994, 49.968145], [6.167063, 49.968023], [6.167147, 49.967871], [6.1672, 49.967733], [6.167246, 49.967596], [6.167303, 49.96739], [6.167364, 49.967203], [6.167456, 49.966986], [6.167578, 49.966707], [6.167749, 49.966276], [6.167875, 49.966024], [6.167974, 49.965868], [6.168112, 49.965673], [6.168352, 49.965349], [6.168627, 49.964971], [6.168863, 49.964533], [6.168993, 49.964205], [6.169176, 49.963854], [6.169325, 49.963663], [6.169386, 49.963606], [6.169638, 49.963408], [6.169691, 49.963362], [6.169718, 49.963331], [6.169741, 49.963301], [6.169992, 49.96298], [6.170157, 49.962809], [6.170221, 49.962751], [6.170397, 49.962614], [6.1705, 49.962561], [6.170637, 49.962507], [6.170858, 49.962439], [6.17103, 49.962389], [6.17124, 49.962332], [6.17156, 49.962248], [6.1719, 49.962168], [6.172174, 49.962095], [6.17227, 49.96208], [6.172472, 49.962053], [6.172598, 49.962042], [6.17322, 49.961992], [6.17375, 49.961954], [6.174017, 49.961935], [6.174082, 49.961931], [6.174528, 49.96184], [6.174887, 49.961767], [6.17499, 49.961748], [6.17507, 49.96174], [6.175154, 49.961744], [6.175276, 49.961748], [6.175348, 49.96174], [6.175428, 49.961714], [6.175581, 49.96166], [6.175657, 49.961626], [6.175718, 49.961561], [6.17576, 49.961489], [6.175779, 49.96142], [6.175802, 49.961294], [6.175806, 49.961183], [6.175821, 49.961092], [6.17584, 49.961042], [6.17589, 49.960958], [6.175959, 49.960848], [6.175993, 49.960775], [6.17605, 49.960684], [6.176119, 49.960543], [6.176149, 49.960466], [6.176184, 49.960295], [6.176176, 49.960161], [6.176176, 49.960093], [6.176191, 49.96002], [6.176233, 49.959845], [6.176264, 49.959787], [6.17631, 49.959722], [6.176363, 49.959623], [6.17639, 49.959516], [6.176443, 49.959379], [6.176512, 49.959215], [6.17663, 49.958967], [6.176634, 49.958883], [6.176638, 49.95878], [6.176653, 49.958674], [6.176668, 49.958612], [6.176691, 49.958345], [6.176695, 49.958261], [6.17671, 49.958181], [6.176794, 49.957823], [6.176813, 49.957685], [6.176851, 49.957464], [6.17687, 49.9573], [6.176886, 49.957037], [6.176897, 49.956728], [6.176897, 49.956606], [6.176901, 49.956587], [6.176901, 49.956526], [6.176893, 49.956446], [6.176889, 49.956389], [6.176897, 49.95635], [6.176928, 49.956255], [6.176893, 49.956221], [6.176951, 49.955957], [6.176981, 49.955839], [6.177046, 49.95566], [6.177172, 49.955282], [6.177179, 49.955183], [6.177198, 49.955069], [6.177214, 49.95487], [6.177237, 49.954645], [6.177259, 49.954527], [6.17734, 49.954203], [6.177374, 49.954069], [6.177458, 49.953882], [6.177542, 49.953649], [6.177614, 49.953489], [6.177774, 49.953379], [6.177805, 49.95336], [6.177919, 49.953283], [6.17808, 49.95318], [6.178118, 49.953157], [6.178366, 49.953016], [6.178389, 49.953005], [6.178515, 49.952944], [6.178595, 49.952906], [6.178633, 49.952887], [6.17869, 49.95286], [6.178713, 49.952848], [6.178755, 49.952818], [6.178831, 49.952738], [6.17885, 49.952684], [6.178858, 49.95265], [6.17885, 49.952616], [6.178839, 49.952578], [6.17882, 49.952536], [6.178812, 49.952517], [6.179201, 49.952345], [6.179663, 49.952143], [6.179689, 49.952154], [6.179808, 49.952208], [6.179926, 49.952246], [6.180029, 49.952253], [6.180109, 49.952253], [6.180231, 49.952238], [6.180292, 49.952227], [6.180353, 49.952219], [6.180391, 49.952215], [6.180498, 49.952208], [6.180563, 49.952204], [6.180929, 49.952303], [6.181364, 49.952421], [6.181498, 49.952448], [6.18181, 49.952536], [6.181929, 49.95257], [6.182154, 49.952646], [6.182619, 49.952814], [6.183485, 49.953116], [6.183966, 49.953295], [6.184385, 49.953421], [6.184824, 49.953569], [6.185026, 49.953642], [6.185156, 49.953703], [6.185305, 49.953802], [6.18545, 49.953924], [6.185545, 49.954023], [6.185629, 49.9541], [6.18569, 49.954145], [6.185801, 49.954195], [6.185862, 49.954218], [6.185915, 49.954241], [6.185984, 49.954275], [6.186029, 49.954306], [6.186087, 49.954386], [6.186193, 49.954557], [6.186255, 49.954668], [6.186369, 49.954905], [6.186411, 49.954966], [6.186514, 49.955103], [6.186598, 49.955202], [6.186739, 49.955347], [6.186819, 49.955416], [6.186872, 49.955454], [6.186964, 49.955511], [6.187025, 49.955545], [6.187143, 49.955603], [6.18754, 49.955778], [6.187979, 49.955973], [6.188169, 49.956064], [6.188242, 49.95611], [6.188288, 49.956148], [6.188391, 49.956232], [6.188528, 49.956327], [6.188623, 49.956385], [6.188684, 49.956427], [6.188738, 49.95648], [6.188803, 49.956556], [6.188837, 49.956614], [6.188852, 49.956655], [6.188864, 49.956716], [6.188871, 49.956774], [6.188868, 49.956835], [6.188852, 49.956881], [6.188829, 49.956922], [6.188765, 49.956987], [6.188703, 49.957041], [6.188669, 49.957068], [6.188639, 49.957083], [6.188589, 49.957098], [6.188517, 49.95711], [6.188463, 49.957113], [6.188383, 49.957102], [6.188231, 49.957075], [6.188177, 49.957068], [6.188143, 49.957071], [6.18812, 49.957079], [6.188097, 49.957094], [6.188074, 49.957106], [6.188047, 49.957113], [6.188021, 49.957117], [6.187967, 49.95711], [6.187941, 49.95711], [6.187925, 49.957113], [6.187895, 49.957125], [6.187857, 49.957144], [6.187807, 49.957159], [6.187662, 49.957186], [6.187437, 49.957228], [6.187166, 49.957277], [6.187059, 49.957296], [6.186949, 49.957323], [6.186808, 49.957365], [6.186525, 49.957445], [6.1864, 49.957472], [6.186228, 49.957506], [6.185892, 49.957571], [6.18543, 49.957663], [6.185072, 49.957739], [6.184915, 49.957769], [6.184687, 49.957811], [6.184507, 49.957869], [6.184271, 49.957949], [6.183909, 49.958086], [6.183706, 49.958174], [6.183477, 49.958292], [6.183367, 49.958357], [6.183302, 49.958406], [6.183245, 49.95846], [6.183187, 49.958525], [6.183149, 49.958578], [6.18313, 49.958609], [6.183126, 49.958651], [6.18313, 49.9587], [6.183153, 49.958788], [6.183176, 49.958868], [6.183222, 49.958979], [6.183294, 49.959101], [6.183363, 49.959211], [6.183374, 49.959238], [6.183401, 49.959341], [6.183416, 49.959387], [6.183447, 49.95944], [6.183466, 49.95949], [6.183474, 49.959532], [6.183474, 49.9597], [6.183474, 49.959749], [6.183485, 49.959784], [6.183493, 49.959818], [6.183489, 49.959852], [6.183477, 49.959917], [6.183477, 49.959982], [6.183485, 49.960043], [6.183535, 49.96026], [6.183558, 49.960409], [6.183599, 49.960596], [6.183634, 49.960783], [6.183649, 49.960878], [6.183649, 49.96092], [6.183638, 49.961016], [6.183634, 49.961195], [6.183626, 49.961229], [6.183577, 49.961306], [6.183512, 49.961409], [6.183451, 49.961515], [6.183424, 49.96155], [6.183386, 49.961584], [6.183355, 49.961603], [6.18331, 49.961641], [6.183237, 49.961714], [6.183172, 49.961775], [6.183069, 49.961859], [6.18302, 49.961901], [6.182959, 49.961962], [6.182768, 49.962172], [6.182692, 49.962248], [6.182619, 49.962316], [6.182569, 49.962359], [6.182482, 49.962423], [6.182424, 49.962473], [6.182348, 49.962568], [6.182272, 49.96266], [6.182177, 49.962763], [6.182035, 49.962908], [6.181974, 49.962977], [6.18181, 49.963163], [6.181776, 49.963198], [6.181723, 49.96324], [6.181673, 49.963278], [6.181639, 49.963304], [6.181459, 49.96351], [6.18128, 49.963724], [6.181223, 49.963789], [6.181204, 49.963823], [6.181196, 49.963854], [6.181196, 49.963907], [6.181189, 49.963922], [6.181166, 49.963957], [6.181116, 49.963999], [6.181093, 49.964033], [6.181082, 49.964056], [6.181078, 49.964102], [6.181082, 49.964186], [6.181089, 49.964251], [6.181127, 49.964392], [6.181158, 49.964491], [6.181196, 49.964575], [6.181253, 49.964655], [6.181337, 49.964739], [6.181433, 49.964842], [6.181574, 49.964991], [6.181704, 49.965136], [6.181841, 49.965307], [6.181936, 49.965445], [6.182043, 49.965612], [6.182184, 49.965803], [6.18228, 49.965914], [6.182451, 49.966066], [6.182718, 49.966314], [6.182833, 49.966421], [6.182943, 49.966513], [6.183065, 49.966612], [6.183268, 49.966795], [6.183405, 49.966917], [6.183527, 49.967009], [6.183744, 49.96718], [6.183931, 49.967333], [6.18405, 49.967428], [6.184172, 49.96752], [6.184282, 49.967592], [6.18437, 49.967653], [6.184427, 49.96768], [6.184496, 49.967707], [6.18461, 49.967741], [6.184973, 49.967821], [6.185198, 49.967875], [6.185274, 49.96789], [6.18561, 49.96792], [6.185732, 49.967928], [6.185919, 49.967936], [6.186113, 49.967939], [6.186502, 49.967962], [6.186647, 49.96797], [6.186682, 49.967959], [6.186705, 49.967955], [6.186762, 49.967974], [6.186796, 49.967981], [6.186991, 49.968012], [6.18722, 49.968058], [6.187395, 49.968088], [6.187513, 49.968119], [6.187864, 49.968233], [6.18812, 49.968321], [6.188307, 49.968382], [6.188452, 49.968424], [6.18862, 49.968493], [6.188711, 49.968523], [6.188871, 49.968569], [6.188974, 49.968599], [6.189161, 49.968664], [6.189314, 49.96871], [6.189451, 49.968748], [6.189585, 49.968779], [6.189711, 49.968801], [6.189817, 49.968817], [6.189932, 49.968824], [6.190065, 49.968832], [6.19018, 49.96884], [6.190374, 49.968859], [6.190428, 49.968859], [6.190454, 49.968851], [6.190489, 49.968832], [6.190538, 49.968786], [6.190573, 49.968767], [6.190638, 49.968729], [6.190691, 49.968683], [6.190737, 49.968649], [6.19076, 49.968618], [6.190786, 49.968569], [6.190805, 49.968538], [6.190981, 49.968393], [6.191053, 49.968344], [6.191111, 49.968313], [6.191149, 49.968302], [6.191206, 49.968286], [6.191236, 49.968264], [6.191259, 49.968241], [6.191294, 49.968191], [6.191313, 49.96818], [6.191339, 49.968176], [6.191404, 49.968161], [6.19145, 49.968145], [6.191603, 49.968061], [6.19174, 49.967978], [6.191858, 49.967905], [6.191999, 49.967798], [6.192095, 49.967726], [6.192251, 49.967596], [6.192358, 49.967501], [6.192434, 49.967417], [6.192495, 49.967348], [6.192537, 49.967318], [6.192579, 49.967302], [6.192602, 49.967291], [6.192614, 49.967276], [6.192625, 49.96723], [6.192648, 49.967176], [6.192663, 49.967146], [6.192679, 49.967138], [6.192743, 49.967115], [6.192762, 49.9671], [6.192789, 49.967073], [6.192812, 49.967031], [6.192839, 49.966978], [6.192846, 49.966929], [6.192854, 49.966879], [6.192854, 49.966799], [6.192854, 49.966761], [6.192854, 49.966726], [6.192846, 49.966681], [6.192823, 49.966562], [6.19282, 49.966524], [6.192812, 49.966444], [6.192804, 49.966406], [6.192797, 49.966387], [6.192743, 49.966345], [6.192709, 49.966318], [6.19269, 49.966295], [6.192675, 49.966253], [6.192648, 49.966162], [6.192614, 49.965986], [6.192591, 49.965899], [6.192564, 49.965853], [6.192549, 49.965818], [6.192545, 49.965792], [6.192545, 49.965765], [6.192556, 49.965704], [6.192564, 49.965632], [6.192556, 49.965563], [6.192545, 49.965498], [6.192511, 49.965414], [6.192488, 49.965364], [6.192423, 49.965284], [6.192369, 49.965212], [6.192308, 49.96512], [6.192266, 49.96504], [6.192232, 49.96496], [6.192221, 49.964922], [6.192225, 49.964899], [6.192236, 49.964872], [6.192244, 49.964857], [6.192244, 49.964842], [6.192236, 49.964815], [6.192205, 49.964788], [6.192171, 49.964739], [6.192164, 49.964724], [6.192164, 49.964704], [6.192167, 49.964685], [6.192175, 49.964651], [6.192175, 49.964628], [6.192167, 49.964533], [6.192152, 49.964403], [6.192129, 49.964235], [6.192125, 49.964182], [6.192156, 49.964033], [6.192175, 49.963919], [6.192225, 49.963739], [6.192335, 49.963427], [6.1924, 49.96327], [6.1924, 49.963247], [6.192392, 49.963228], [6.192385, 49.963209], [6.192366, 49.963179], [6.192362, 49.963156], [6.192369, 49.96314], [6.192495, 49.962977], [6.192553, 49.962904], [6.192579, 49.962904], [6.192614, 49.962896], [6.192636, 49.962881], [6.192675, 49.962847], [6.192781, 49.962709], [6.1929, 49.962561], [6.192995, 49.962416], [6.193106, 49.962252], [6.193201, 49.962126], [6.193251, 49.962084], [6.193281, 49.962057], [6.193346, 49.962023], [6.19343, 49.961977], [6.193491, 49.961931], [6.193537, 49.961878], [6.193632, 49.961706], [6.193724, 49.96155], [6.193785, 49.961424], [6.193899, 49.961119], [6.193933, 49.961016], [6.193953, 49.960932], [6.193972, 49.960867], [6.193987, 49.960779], [6.193987, 49.960741], [6.193979, 49.960684], [6.193968, 49.960661], [6.193953, 49.960642], [6.193918, 49.960627], [6.19388, 49.960608], [6.193861, 49.960588], [6.193857, 49.960569], [6.193876, 49.960314], [6.193903, 49.959909], [6.193926, 49.959887], [6.193956, 49.959856], [6.193979, 49.959822], [6.194021, 49.959719], [6.194071, 49.959593], [6.194105, 49.959478], [6.194113, 49.959395], [6.194109, 49.959173], [6.194105, 49.959063], [6.194097, 49.95899], [6.19404, 49.958788], [6.194006, 49.958666], [6.193979, 49.958548], [6.193968, 49.95854], [6.193907, 49.958555], [6.193754, 49.958277], [6.19367, 49.958151], [6.193571, 49.95801], [6.193506, 49.957926], [6.19343, 49.957838], [6.193342, 49.95767], [6.193243, 49.957518], [6.193129, 49.957331], [6.192999, 49.95711], [6.192972, 49.957071], [6.192926, 49.957045], [6.1929, 49.957026], [6.192884, 49.957003], [6.192816, 49.956854], [6.192804, 49.956812], [6.192804, 49.956739], [6.192793, 49.95664], [6.192793, 49.956575], [6.1928, 49.956522], [6.192827, 49.956392], [6.192858, 49.956301], [6.192915, 49.956114], [6.192934, 49.956037], [6.192946, 49.955969], [6.192957, 49.955847], [6.192961, 49.955801], [6.192999, 49.955721], [6.193064, 49.95561], [6.193155, 49.955484], [6.193289, 49.95532], [6.19338, 49.955221], [6.193602, 49.955011], [6.193647, 49.954973], [6.193682, 49.954966], [6.19372, 49.954958], [6.193747, 49.954946], [6.193819, 49.954889], [6.193872, 49.954855], [6.193895, 49.954847], [6.193933, 49.954832], [6.193991, 49.954794], [6.19404, 49.954775], [6.194151, 49.954729], [6.194231, 49.954683], [6.194269, 49.954657], [6.194296, 49.954622], [6.19433, 49.954557], [6.194353, 49.954527], [6.194387, 49.9545], [6.194464, 49.954454], [6.194639, 49.954367], [6.1947, 49.954332], [6.19475, 49.954294], [6.194784, 49.954252], [6.19483, 49.954184], [6.194883, 49.954107], [6.194952, 49.954023], [6.195021, 49.953955], [6.195116, 49.953871], [6.195188, 49.953806], [6.195238, 49.953756], [6.195303, 49.953669], [6.195417, 49.953501], [6.195509, 49.953379], [6.195578, 49.953302], [6.19565, 49.953192], [6.195707, 49.9531], [6.19573, 49.953028], [6.195765, 49.952906], [6.195787, 49.952822], [6.195803, 49.952787], [6.195833, 49.952745], [6.195974, 49.952601], [6.196138, 49.952429], [6.196264, 49.952295], [6.196398, 49.952078], [6.196524, 49.951879], [6.196749, 49.951555], [6.196833, 49.951437], [6.196936, 49.951288], [6.196993, 49.951185], [6.197039, 49.951101], [6.197054, 49.951078], [6.197123, 49.951029], [6.197226, 49.950964], [6.197287, 49.950933], [6.197355, 49.950903], [6.197432, 49.95088], [6.197538, 49.950861], [6.197672, 49.950838], [6.197729, 49.950823], [6.197763, 49.950804], [6.197786, 49.950781], [6.197817, 49.950731], [6.197966, 49.950392], [6.198069, 49.950178], [6.198103, 49.950098], [6.198118, 49.950045], [6.198122, 49.949984], [6.19813, 49.949877], [6.198137, 49.949812], [6.19816, 49.949694], [6.198175, 49.949598], [6.198175, 49.949556], [6.198164, 49.949518], [6.198084, 49.949362], [6.197988, 49.94916], [6.197946, 49.94906], [6.19792, 49.949011], [6.197847, 49.9489], [6.19779, 49.948793], [6.197737, 49.948732], [6.197664, 49.948652], [6.197638, 49.948645], [6.197653, 49.94845], [6.197664, 49.948236], [6.19766, 49.948168], [6.198282, 49.948439], [6.198458, 49.94851], [6.198507, 49.9486], [6.198484, 49.948696], [6.198603, 49.948727], [6.198667, 49.94879], [6.198786, 49.948822], [6.198946, 49.949013], [6.199194, 49.94914], [6.199431, 49.94931], [6.199591, 49.949497], [6.199602, 49.94954], [6.199655, 49.94969], [6.199579, 49.950603], [6.19956, 49.950817], [6.199553, 49.950886], [6.199549, 49.950905], [6.199541, 49.95105], [6.199606, 49.951256], [6.199793, 49.95147], [6.200243, 49.951912], [6.200476, 49.952194], [6.20051, 49.9523], [6.200487, 49.952404], [6.200628, 49.952717], [6.200785, 49.95293], [6.2012, 49.953213], [6.201624, 49.95344], [6.201742, 49.953476], [6.201941, 49.953617], [6.201982, 49.95364], [6.202192, 49.95374], [6.202383, 49.95383], [6.202593, 49.95393], [6.203146, 49.954243], [6.203398, 49.954487], [6.204168, 49.954845], [6.204294, 49.954906], [6.204493, 49.955006], [6.204603, 49.955048], [6.204874, 49.955105], [6.205198, 49.95516], [6.205431, 49.955185], [6.205603, 49.955196], [6.205973, 49.955177], [6.206232, 49.955128], [6.206583, 49.95506], [6.206938, 49.95496], [6.20735, 49.954826], [6.207712, 49.954727], [6.208212, 49.95464], [6.208494, 49.95461], [6.208502, 49.954395], [6.208513, 49.953823], [6.208635, 49.95353], [6.208746, 49.95325], [6.208841, 49.95301], [6.209242, 49.952637], [6.209776, 49.95214], [6.209909, 49.952], [6.210306, 49.951553], [6.210848, 49.950974], [6.211115, 49.950684], [6.211741, 49.95023], [6.21306, 49.950214], [6.213152, 49.950214], [6.213213, 49.950214], [6.213839, 49.950207], [6.214487, 49.9502], [6.215159, 49.950195], [6.215795, 49.950188], [6.217096, 49.950172], [6.217955, 49.950165], [6.218306, 49.95016], [6.218626, 49.950157], [6.219171, 49.95015], [6.219507, 49.950146], [6.219641, 49.950146], [6.220072, 49.95014], [6.220457, 49.950138], [6.220552, 49.950138], [6.221407, 49.95013], [6.221979, 49.950123], [6.222719, 49.950108], [6.223307, 49.9501], [6.223913, 49.950085], [6.223646, 49.9493], [6.223631, 49.949245], [6.223551, 49.949013], [6.222994, 49.948673], [6.220171, 49.94717], [6.219358, 49.946587], [6.218859, 49.94614], [6.218626, 49.94599], [6.218508, 49.945496], [6.217642, 49.945408], [6.217428, 49.94536], [6.216894, 49.94539], [6.216684, 49.945168], [6.216543, 49.944508], [6.218233, 49.94382], [6.219723, 49.94341], [6.220003, 49.943333], [6.219988, 49.94325], [6.21985, 49.942932], [6.219801, 49.94282], [6.220781, 49.94243], [6.220938, 49.942253], [6.221151, 49.94166], [6.221334, 49.941547], [6.221437, 49.94155], [6.22151, 49.941555], [6.221979, 49.941406], [6.222876, 49.941006], [6.222856, 49.94092], [6.223146, 49.940712], [6.223139, 49.94043], [6.223883, 49.940044], [6.224215, 49.939774], [6.224565, 49.93937], [6.224558, 49.93911], [6.224554, 49.93907], [6.224409, 49.938774], [6.224619, 49.938652], [6.224863, 49.9387], [6.225035, 49.93873], [6.225306, 49.93876], [6.225553, 49.938534], [6.225851, 49.93815], [6.226431, 49.93747], [6.226748, 49.937225], [6.226782, 49.93719], [6.227011, 49.936928], [6.227076, 49.936867], [6.227102, 49.93684], [6.227331, 49.936623], [6.226374, 49.936016], [6.225241, 49.93546], [6.224749, 49.935135], [6.224173, 49.934692], [6.223688, 49.9343], [6.223604, 49.9343], [6.223524, 49.934002], [6.223535, 49.933987], [6.223589, 49.933914], [6.223787, 49.933628], [6.224825, 49.93349], [6.225225, 49.93336], [6.225168, 49.933144], [6.224909, 49.932735], [6.224455, 49.932804], [6.224413, 49.932636], [6.224268, 49.932407], [6.224226, 49.932335], [6.224028, 49.93207], [6.224058, 49.931946], [6.224619, 49.931965], [6.224703, 49.931583], [6.224859, 49.93157], [6.224913, 49.931416], [6.224932, 49.931362], [6.225027, 49.931366], [6.225183, 49.930912], [6.225428, 49.930614], [6.225622, 49.93037], [6.225847, 49.930122], [6.225958, 49.929635], [6.226183, 49.929371], [6.226187, 49.929314], [6.226084, 49.928932], [6.225828, 49.92867], [6.225733, 49.92859], [6.22563, 49.928497], [6.225275, 49.92821], [6.225157, 49.928135], [6.224955, 49.928], [6.224905, 49.927967], [6.224581, 49.927757], [6.22447, 49.92765], [6.224449, 49.927651], [6.224276, 49.92766], [6.223955, 49.927751], [6.223673, 49.927828], [6.223558, 49.927683], [6.223478, 49.927568], [6.223093, 49.927286], [6.222902, 49.927156], [6.222673, 49.927031], [6.222441, 49.92692], [6.222162, 49.926817], [6.222029, 49.926752], [6.221857, 49.926676], [6.221544, 49.926565], [6.221292, 49.926474], [6.221201, 49.926454], [6.221128, 49.926435], [6.220983, 49.926409], [6.220777, 49.926352], [6.22051, 49.926245], [6.220305, 49.926157], [6.220064, 49.926058], [6.219854, 49.925985], [6.219664, 49.925878], [6.21953, 49.92581], [6.219301, 49.925695], [6.219149, 49.925615], [6.219, 49.925535], [6.218836, 49.925425], [6.218645, 49.925306], [6.218634, 49.925299], [6.218557, 49.925253], [6.218485, 49.925139], [6.218397, 49.925051], [6.218328, 49.924955], [6.218218, 49.924788], [6.218039, 49.924322], [6.218, 49.924269], [6.21792, 49.923971], [6.217897, 49.92388], [6.217867, 49.923738], [6.217874, 49.923681], [6.217882, 49.923609], [6.217894, 49.923521], [6.217928, 49.92338], [6.217943, 49.923304], [6.217985, 49.92317], [6.218031, 49.923075], [6.218122, 49.922949], [6.218172, 49.922884], [6.218222, 49.922834], [6.218283, 49.922785], [6.218416, 49.922705], [6.21855, 49.92264], [6.218656, 49.922598], [6.21879, 49.92256], [6.218962, 49.922522], [6.219206, 49.922457], [6.219744, 49.922331], [6.220301, 49.92219], [6.22061, 49.922106], [6.220724, 49.922083], [6.220953, 49.922022], [6.221083, 49.921987], [6.221147, 49.921976], [6.221365, 49.921938], [6.22172, 49.921881], [6.221975, 49.921824], [6.222238, 49.92177], [6.222597, 49.921694], [6.222803, 49.921663], [6.223089, 49.921621], [6.223185, 49.92161], [6.223471, 49.921587], [6.223646, 49.921541], [6.22386, 49.921484], [6.223974, 49.921461], [6.224138, 49.921427], [6.224531, 49.921362], [6.22463, 49.921358], [6.225042, 49.921289], [6.225134, 49.921274], [6.225344, 49.921244], [6.225409, 49.921232], [6.225614, 49.921202], [6.225756, 49.92119], [6.225981, 49.921179], [6.226267, 49.921171], [6.226641, 49.921164], [6.226797, 49.92116], [6.2269, 49.92116], [6.227099, 49.921148], [6.227488, 49.921122], [6.227686, 49.92111], [6.22793, 49.921114], [6.22819, 49.92111], [6.228437, 49.921114], [6.228582, 49.921103], [6.228697, 49.921091], [6.228907, 49.921068], [6.229097, 49.921022], [6.229235, 49.920969], [6.229296, 49.920938], [6.22941, 49.92087], [6.22965, 49.920675], [6.229666, 49.920603], [6.229776, 49.920519], [6.229899, 49.920423], [6.230028, 49.920286], [6.230249, 49.920046], [6.230284, 49.920012], [6.230299, 49.919996], [6.230432, 49.919851], [6.230894, 49.919344], [6.231035, 49.919264], [6.231218, 49.919001], [6.231333, 49.91884], [6.231573, 49.918493], [6.231642, 49.918386], [6.231806, 49.918062], [6.231859, 49.917959], [6.231901, 49.917879], [6.231924, 49.917833], [6.232012, 49.917665], [6.232042, 49.917612], [6.2321, 49.917471], [6.232202, 49.917231], [6.232412, 49.916948], [6.232496, 49.9168], [6.23263, 49.916426], [6.232702, 49.916304], [6.23276, 49.916204], [6.232912, 49.916002], [6.232901, 49.915789], [6.233049, 49.915411], [6.233076, 49.915358], [6.233126, 49.915293], [6.233156, 49.915251], [6.233335, 49.915037], [6.233477, 49.914873], [6.233526, 49.914812], [6.233633, 49.914675], [6.233675, 49.914579], [6.233725, 49.914511], [6.233736, 49.914492], [6.233786, 49.914411], [6.233847, 49.914305], [6.233881, 49.914225], [6.233923, 49.914087], [6.233946, 49.913977], [6.233973, 49.913847], [6.233999, 49.913691], [6.234011, 49.913546], [6.234011, 49.913393], [6.234007, 49.913294], [6.233992, 49.91316], [6.23395, 49.91297], [6.233896, 49.912775], [6.233919, 49.912775], [6.233843, 49.912649], [6.233786, 49.912592], [6.233675, 49.9125], [6.233618, 49.912458], [6.233431, 49.912359], [6.233026, 49.912146], [6.232653, 49.911966], [6.232454, 49.911848], [6.232237, 49.911715], [6.23205, 49.9116], [6.231825, 49.911428], [6.23173, 49.911352], [6.231615, 49.911238], [6.231523, 49.911184], [6.231291, 49.911154], [6.231039, 49.91115], [6.230932, 49.911142], [6.230749, 49.911123], [6.230425, 49.911108], [6.230375, 49.911108], [6.230204, 49.911123], [6.23004, 49.911177], [6.229864, 49.911245], [6.229563, 49.911306], [6.229563, 49.911322], [6.229357, 49.911364], [6.228952, 49.91144], [6.228319, 49.911554], [6.228121, 49.911577], [6.227804, 49.911608], [6.227678, 49.911615], [6.227579, 49.911619], [6.227507, 49.911615], [6.227426, 49.911592], [6.227358, 49.91157], [6.22727, 49.911539], [6.227198, 49.911493], [6.22714, 49.911448], [6.22703, 49.911341], [6.226988, 49.911264], [6.226965, 49.911196], [6.226911, 49.911024], [6.226896, 49.910799], [6.226919, 49.910627], [6.226946, 49.910513], [6.226961, 49.910482], [6.227003, 49.910418], [6.227072, 49.910322], [6.227121, 49.910315], [6.227144, 49.910299], [6.22711, 49.91028], [6.227156, 49.91025], [6.227514, 49.909998], [6.227617, 49.910006], [6.227694, 49.909971], [6.227789, 49.90991], [6.227858, 49.909903], [6.227957, 49.909838], [6.227968, 49.909792], [6.228136, 49.909677], [6.228182, 49.909605], [6.228319, 49.909517], [6.228396, 49.909475], [6.228506, 49.909414], [6.228586, 49.909361], [6.228701, 49.909281], [6.228857, 49.90917], [6.22883, 49.909162], [6.228933, 49.909094], [6.22901, 49.909044], [6.229128, 49.908987], [6.229372, 49.908884], [6.229528, 49.908785], [6.22957, 49.908754], [6.229628, 49.90872], [6.229837, 49.90859], [6.230013, 49.908461], [6.230394, 49.908167], [6.230681, 49.907953], [6.230848, 49.90782], [6.231196, 49.907515], [6.231325, 49.907389], [6.231417, 49.907301], [6.231485, 49.907221], [6.231604, 49.907053], [6.231722, 49.906889], [6.231829, 49.906755], [6.231966, 49.90658], [6.232061, 49.906462], [6.232115, 49.906393], [6.232138, 49.906343], [6.232142, 49.906317], [6.232134, 49.906195], [6.232126, 49.906015], [6.232126, 49.905958], [6.232038, 49.90592], [6.232084, 49.905783], [6.232073, 49.905695], [6.232058, 49.905649], [6.231978, 49.90555], [6.232004, 49.905493], [6.232019, 49.905371], [6.232027, 49.90534], [6.232058, 49.905325], [6.232065, 49.905218], [6.232004, 49.905218], [6.232012, 49.905127], [6.232054, 49.905065], [6.232073, 49.904814], [6.2321, 49.904703], [6.232126, 49.904566], [6.23213, 49.904554], [6.232161, 49.904455], [6.23221, 49.904345], [6.232256, 49.904253], [6.232206, 49.904196], [6.232294, 49.904028], [6.232355, 49.903849], [6.232374, 49.903784], [6.232519, 49.903513], [6.232607, 49.903341], [6.23263, 49.903292], [6.232748, 49.903101], [6.23282, 49.902994], [6.23282, 49.902784], [6.232836, 49.902761], [6.232824, 49.90272], [6.232824, 49.902689], [6.232843, 49.902662], [6.232973, 49.902468], [6.232935, 49.902346], [6.232923, 49.902288], [6.23292, 49.902246], [6.232927, 49.902197], [6.232943, 49.902163], [6.232992, 49.902075], [6.233107, 49.901995], [6.233107, 49.901903], [6.233114, 49.901716], [6.233122, 49.901625], [6.233084, 49.901567], [6.233095, 49.901438], [6.233137, 49.901049], [6.233156, 49.900885], [6.233225, 49.900705], [6.233335, 49.900412], [6.233412, 49.900286], [6.233477, 49.90019], [6.233526, 49.900122], [6.233568, 49.900087], [6.233725, 49.899984], [6.23385, 49.899908], [6.233931, 49.899893], [6.234221, 49.899713], [6.234514, 49.899553], [6.235201, 49.89921], [6.23522, 49.899198], [6.235365, 49.899126], [6.235762, 49.899008], [6.236242, 49.898725], [6.236406, 49.898626], [6.237043, 49.898115], [6.237402, 49.897814], [6.237631, 49.897612], [6.237825, 49.897417], [6.237951, 49.897295], [6.237986, 49.897264], [6.238039, 49.897219], [6.238363, 49.89699], [6.238436, 49.896936], [6.238531, 49.896883], [6.239023, 49.896643], [6.239302, 49.896513], [6.239439, 49.896456], [6.239882, 49.89628], [6.240126, 49.896185], [6.240457, 49.896093], [6.240816, 49.89604], [6.241129, 49.895983], [6.241514, 49.895906], [6.241869, 49.895815], [6.242025, 49.895773], [6.242151, 49.895746], [6.242311, 49.895716], [6.242392, 49.895708], [6.242639, 49.895685], [6.243181, 49.895647], [6.243429, 49.89562], [6.243624, 49.895597], [6.243872, 49.895578], [6.244043, 49.895563], [6.244673, 49.89554], [6.245886, 49.895506], [6.246004, 49.895502], [6.246187, 49.895426], [6.246336, 49.895414], [6.246565, 49.895288], [6.246622, 49.89525], [6.246805, 49.895117], [6.246904, 49.895048], [6.24703, 49.894957], [6.247061, 49.894922], [6.247118, 49.894857], [6.247141, 49.894819], [6.247229, 49.894606], [6.247255, 49.894545], [6.247389, 49.894304], [6.247412, 49.894274], [6.247534, 49.89414], [6.247728, 49.893915], [6.248121, 49.893473], [6.248297, 49.893351], [6.248732, 49.893072], [6.249105, 49.892832], [6.249189, 49.892771], [6.249517, 49.892508], [6.249712, 49.892267], [6.24975, 49.892099], [6.24988, 49.891935], [6.249971, 49.891745], [6.250166, 49.891321], [6.250219, 49.891066], [6.250238, 49.890974], [6.250261, 49.890863], [6.25028, 49.890749], [6.250303, 49.890638], [6.250315, 49.890505], [6.250334, 49.89044], [6.250361, 49.89039], [6.250399, 49.890356], [6.25046, 49.890318], [6.250631, 49.890223], [6.250803, 49.890146], [6.251261, 49.889944], [6.251387, 49.889883], [6.252008, 49.889582], [6.252096, 49.88954], [6.252359, 49.889414], [6.252512, 49.889334], [6.252794, 49.889185], [6.252989, 49.889059], [6.253225, 49.888971], [6.253275, 49.888948], [6.253332, 49.888926], [6.253706, 49.888739], [6.253843, 49.888678], [6.254034, 49.888601], [6.254206, 49.888533], [6.254885, 49.888262], [6.254953, 49.888235], [6.25532, 49.888071], [6.25543, 49.888018], [6.255716, 49.88785], [6.255949, 49.887751], [6.256094, 49.887636], [6.256361, 49.887423], [6.256548, 49.887224], [6.256597, 49.88719], [6.25664, 49.887117], [6.256678, 49.887098], [6.256853, 49.886938], [6.256868, 49.886888], [6.257052, 49.886721], [6.257219, 49.886564], [6.257265, 49.886522], [6.257364, 49.886465], [6.257555, 49.886252], [6.257769, 49.886122], [6.257906, 49.885935], [6.258001, 49.885805], [6.258051, 49.885683], [6.258116, 49.885549], [6.258173, 49.88537], [6.258215, 49.885229], [6.258242, 49.885134], [6.258249, 49.885107], [6.258303, 49.884924], [6.25831, 49.884893], [6.258329, 49.884836], [6.258341, 49.88479], [6.258364, 49.88471], [6.258379, 49.884668], [6.258398, 49.884603], [6.258425, 49.88452], [6.258436, 49.884481], [6.258497, 49.884325], [6.258509, 49.884298], [6.258516, 49.884275], [6.25857, 49.884157], [6.258619, 49.884069], [6.258631, 49.884031], [6.258699, 49.883741], [6.258669, 49.883703], [6.258902, 49.883272], [6.259039, 49.883177], [6.2591, 49.883066], [6.259169, 49.88302], [6.259272, 49.882956], [6.259333, 49.882956], [6.259649, 49.882727], [6.259775, 49.882685], [6.259733, 49.882669], [6.259977, 49.882555], [6.260748, 49.882196], [6.260805, 49.882177], [6.261236, 49.881792], [6.26132, 49.881712], [6.26137, 49.881659], [6.261412, 49.88159], [6.261446, 49.881502], [6.26148, 49.881388], [6.261484, 49.881346], [6.261484, 49.881292], [6.261476, 49.881266], [6.261454, 49.881189], [6.261587, 49.881006], [6.261656, 49.880991], [6.261927, 49.88085], [6.261988, 49.880827], [6.262068, 49.8808], [6.262297, 49.880739], [6.262381, 49.88072], [6.262487, 49.880697], [6.262575, 49.880732], [6.262941, 49.880732], [6.263178, 49.880659], [6.263441, 49.880579], [6.263491, 49.880526], [6.26359, 49.88051], [6.264318, 49.880262], [6.264574, 49.88019], [6.264898, 49.880117], [6.2651, 49.880091], [6.265371, 49.880003], [6.265493, 49.879957], [6.265558, 49.879923], [6.265879, 49.879816], [6.266123, 49.879732], [6.266424, 49.879614], [6.266466, 49.87953], [6.266573, 49.879511], [6.266703, 49.879488], [6.266874, 49.879507], [6.267305, 49.879435], [6.267695, 49.87937], [6.267809, 49.879381], [6.268137, 49.879324], [6.268911, 49.879122], [6.269152, 49.879057], [6.269278, 49.879007], [6.2694, 49.878981], [6.269567, 49.878923], [6.270136, 49.878729], [6.270266, 49.878675], [6.270365, 49.878626], [6.270647, 49.878473], [6.271231, 49.878118], [6.271746, 49.877829], [6.271826, 49.877787], [6.272207, 49.877581], [6.272303, 49.877531], [6.272455, 49.877451], [6.272695, 49.877321], [6.273111, 49.877104], [6.273527, 49.877062], [6.2736, 49.877047], [6.273802, 49.877001], [6.273993, 49.876959], [6.274076, 49.876951], [6.274427, 49.876944], [6.274679, 49.876947], [6.275007, 49.876898], [6.275061, 49.876856], [6.275217, 49.876841], [6.275534, 49.876749], [6.275797, 49.876688], [6.275866, 49.876684], [6.276049, 49.876699], [6.276094, 49.876707], [6.276239, 49.876745], [6.276724, 49.876905], [6.277147, 49.877088], [6.277708, 49.87731], [6.277956, 49.877413], [6.278151, 49.8775], [6.278311, 49.877581], [6.278589, 49.877714], [6.278742, 49.877798], [6.278814, 49.877863], [6.278845, 49.877905], [6.278879, 49.877962], [6.279066, 49.878145], [6.279318, 49.878336], [6.27949, 49.878435], [6.27968, 49.878519], [6.279837, 49.878569], [6.280012, 49.878622], [6.280081, 49.878637], [6.280161, 49.878653], [6.280546, 49.878714], [6.280821, 49.878744], [6.28092, 49.878752], [6.281008, 49.878763], [6.281084, 49.878775], [6.281134, 49.878779], [6.281202, 49.878779], [6.281355, 49.878775], [6.281454, 49.878763], [6.281656, 49.87874], [6.282049, 49.878687], [6.28229, 49.878656], [6.282427, 49.878637], [6.282538, 49.878614], [6.282583, 49.878603], [6.282705, 49.878569], [6.282762, 49.878542], [6.282808, 49.878523], [6.282865, 49.878485], [6.282896, 49.87847], [6.283056, 49.878351], [6.283194, 49.878153], [6.28332, 49.877977], [6.28343, 49.877813], [6.283579, 49.877653], [6.28359, 49.877634], [6.283617, 49.877607], [6.283636, 49.877584], [6.283922, 49.87726], [6.28417, 49.876986], [6.28422, 49.876932], [6.284231, 49.876921], [6.284452, 49.876738], [6.284628, 49.8766], [6.284922, 49.87628], [6.285078, 49.876108], [6.285269, 49.87591], [6.285318, 49.87586], [6.285414, 49.875769], [6.285524, 49.875677], [6.285627, 49.875589], [6.285646, 49.87557], [6.285669, 49.875547], [6.285696, 49.875524], [6.285738, 49.875486], [6.285768, 49.875464], [6.285788, 49.875448], [6.285864, 49.875391], [6.285891, 49.875376], [6.285955, 49.875349], [6.286001, 49.875326], [6.286024, 49.875315], [6.286051, 49.875299], [6.286104, 49.875269], [6.2862, 49.875216], [6.286257, 49.875181], [6.28631, 49.875151], [6.286375, 49.875112], [6.286417, 49.87509], [6.286562, 49.87504], [6.28655, 49.875021], [6.286776, 49.874975], [6.287142, 49.874899], [6.287195, 49.874926], [6.287546, 49.875013], [6.287939, 49.875071], [6.288195, 49.875097], [6.288317, 49.875093], [6.288759, 49.875109], [6.288889, 49.875105], [6.289053, 49.875116], [6.289282, 49.875109], [6.289618, 49.875082], [6.289823, 49.875051], [6.290026, 49.875009], [6.290091, 49.874991], [6.290117, 49.874983], [6.290434, 49.874895], [6.290705, 49.874811], [6.290857, 49.874746], [6.291277, 49.874613], [6.291483, 49.874472], [6.291696, 49.874247], [6.29178, 49.873995], [6.29178, 49.873854], [6.291708, 49.873758], [6.291628, 49.87361], [6.291582, 49.873339], [6.291498, 49.873114], [6.291426, 49.872946], [6.291391, 49.872721], [6.291399, 49.872557], [6.291403, 49.872408], [6.291418, 49.872191], [6.291437, 49.87192], [6.291452, 49.871759], [6.291506, 49.871542], [6.291548, 49.871382], [6.291624, 49.871118], [6.291704, 49.87097], [6.29183, 49.870779], [6.291933, 49.870592], [6.29207, 49.870367], [6.292181, 49.870184], [6.292345, 49.869959], [6.292524, 49.869703], [6.292719, 49.869451], [6.292826, 49.869322], [6.292833, 49.869284], [6.292818, 49.869268], [6.292917, 49.8692], [6.292986, 49.86912], [6.29307, 49.86902], [6.293192, 49.868887], [6.293325, 49.86873], [6.293478, 49.868563], [6.29365, 49.868399], [6.293779, 49.868292], [6.293867, 49.868231], [6.294027, 49.868097], [6.294172, 49.86799], [6.294287, 49.867884], [6.294413, 49.867773], [6.294554, 49.867613], [6.294767, 49.867445], [6.294912, 49.867311], [6.295073, 49.867186], [6.295172, 49.867106], [6.295294, 49.867041], [6.295519, 49.866911], [6.295721, 49.866754], [6.295855, 49.866674], [6.296015, 49.866598], [6.296282, 49.866445], [6.296453, 49.866381], [6.296656, 49.866301], [6.296888, 49.866205], [6.297129, 49.86614], [6.297308, 49.866114], [6.297594, 49.866072], [6.297876, 49.866064], [6.298227, 49.866068], [6.298559, 49.866106], [6.2988, 49.866114], [6.29915, 49.866144], [6.299517, 49.86619], [6.299826, 49.866224], [6.300035, 49.866266], [6.300322, 49.866343], [6.300585, 49.866419], [6.300718, 49.866457], [6.300829, 49.866487], [6.30097, 49.866533], [6.300997, 49.866594], [6.301245, 49.866671], [6.301489, 49.866774], [6.301519, 49.86677], [6.301848, 49.866922], [6.302092, 49.867056], [6.302107, 49.867094], [6.302256, 49.867159], [6.302584, 49.867334], [6.302664, 49.867369], [6.302854, 49.867464], [6.303125, 49.867609], [6.303469, 49.867804], [6.30385, 49.868006], [6.304033, 49.868097], [6.304159, 49.868151], [6.304297, 49.868223], [6.304373, 49.868242], [6.304586, 49.868349], [6.304659, 49.868395], [6.304823, 49.868475], [6.304968, 49.868532], [6.305292, 49.868712], [6.305624, 49.868856], [6.305792, 49.86891], [6.306089, 49.869055], [6.306238, 49.869124], [6.306604, 49.869276], [6.306803, 49.869352], [6.307097, 49.869448], [6.307272, 49.869513], [6.307386, 49.869551], [6.307604, 49.869597], [6.307829, 49.869627], [6.308126, 49.869677], [6.30831, 49.869711], [6.308649, 49.869768], [6.308886, 49.869791], [6.309179, 49.869848], [6.309385, 49.869883], [6.309732, 49.869886], [6.310064, 49.869883], [6.310621, 49.869802], [6.310911, 49.869654], [6.311163, 49.86949], [6.311411, 49.869341], [6.311735, 49.869131], [6.311899, 49.868986], [6.312109, 49.868837], [6.31233, 49.868647], [6.312529, 49.868463], [6.312769, 49.868231], [6.312933, 49.868063], [6.313143, 49.867823], [6.313318, 49.867621], [6.31344, 49.867483], [6.313562, 49.867262], [6.313681, 49.867083], [6.313742, 49.86693], [6.313788, 49.866751], [6.313925, 49.866449], [6.314012, 49.86622], [6.314051, 49.86606], [6.31415, 49.865808], [6.314169, 49.865667], [6.314196, 49.865538], [6.314226, 49.865397], [6.314287, 49.865316], [6.314325, 49.865099], [6.31431, 49.864889], [6.314245, 49.864672], [6.314184, 49.864477], [6.314131, 49.864283], [6.314051, 49.864096], [6.313986, 49.863836], [6.313871, 49.863523], [6.313788, 49.86326], [6.313692, 49.863035], [6.313635, 49.862837], [6.313559, 49.862669], [6.31349, 49.862486], [6.313456, 49.862341], [6.31344, 49.862253], [6.313436, 49.862166], [6.31341, 49.862112], [6.313417, 49.861998], [6.313421, 49.861895], [6.313444, 49.861753], [6.313467, 49.861635], [6.313471, 49.861509], [6.313459, 49.861372], [6.313479, 49.861319], [6.313498, 49.861231], [6.313543, 49.861101], [6.313574, 49.860998], [6.313585, 49.860887], [6.313665, 49.860773], [6.313703, 49.860689], [6.313757, 49.860548], [6.313814, 49.86043], [6.313875, 49.860289], [6.314016, 49.860064], [6.314093, 49.859949], [6.314135, 49.859884], [6.314123, 49.859882], [6.314062, 49.85987], [6.31386, 49.859768], [6.313681, 49.859726], [6.313486, 49.859676], [6.313452, 49.85967], [6.31323, 49.859604], [6.313021, 49.85953], [6.312803, 49.859447], [6.312551, 49.859352], [6.312429, 49.859303], [6.312387, 49.859276], [6.311998, 49.85904], [6.311464, 49.858902], [6.311304, 49.858837], [6.310858, 49.858654], [6.310755, 49.85862], [6.310121, 49.858368], [6.310003, 49.858315], [6.309572, 49.858112], [6.309343, 49.858], [6.309053, 49.857872], [6.308569, 49.85769], [6.307997, 49.85747], [6.307451, 49.857254], [6.307756, 49.85685], [6.308195, 49.856274], [6.308367, 49.85604], [6.308432, 49.85595], [6.308752, 49.85555], [6.308828, 49.855453], [6.308897, 49.855362], [6.309031, 49.855194], [6.309221, 49.85493], [6.309755, 49.85392], [6.309751, 49.85387], [6.309683, 49.85281], [6.309664, 49.852566], [6.309881, 49.852108], [6.310011, 49.851826], [6.310038, 49.85172], [6.310103, 49.851444], [6.310121, 49.85138], [6.310137, 49.851315], [6.310209, 49.851063], [6.310335, 49.850655], [6.310404, 49.850346], [6.310419, 49.8503], [6.310446, 49.85011], [6.310434, 49.849422], [6.310423, 49.848995], [6.310423, 49.848915], [6.310419, 49.848785], [6.310408, 49.848335], [6.310396, 49.847797], [6.309473, 49.847805], [6.309034, 49.847805], [6.308859, 49.847794], [6.308363, 49.84776], [6.308058, 49.847733], [6.307798, 49.847706], [6.307291, 49.847622], [6.306734, 49.847504], [6.306509, 49.847336], [6.305948, 49.84699], [6.305803, 49.84688], [6.305636, 49.846756], [6.305532, 49.846664], [6.305448, 49.846542], [6.305418, 49.846478], [6.30538, 49.84637], [6.305342, 49.846363], [6.305239, 49.846333], [6.305078, 49.84629], [6.30501, 49.846275], [6.304949, 49.84627], [6.304869, 49.846294], [6.304552, 49.84637], [6.30438, 49.846413], [6.304041, 49.846474], [6.303751, 49.846523], [6.303579, 49.84656], [6.303434, 49.846596], [6.303297, 49.846638], [6.303049, 49.84671], [6.302813, 49.846775], [6.302698, 49.84681], [6.302622, 49.846848], [6.302519, 49.84689], [6.302454, 49.846928], [6.302359, 49.84699], [6.302259, 49.84703], [6.301973, 49.84715], [6.301844, 49.847206], [6.301691, 49.84729], [6.30134, 49.84749], [6.301142, 49.84761], [6.300947, 49.84773], [6.300852, 49.847786], [6.300787, 49.847816], [6.300676, 49.84785], [6.300558, 49.847885], [6.300386, 49.847927], [6.300314, 49.84795], [6.300253, 49.847973], [6.300196, 49.848007], [6.300157, 49.848022], [6.300112, 49.848038], [6.300047, 49.848057], [6.300005, 49.84808], [6.299959, 49.84812], [6.299837, 49.848255], [6.299803, 49.84829], [6.299765, 49.8483], [6.299704, 49.848312], [6.299536, 49.848324], [6.299307, 49.84835], [6.299013, 49.848385], [6.298822, 49.84841], [6.298506, 49.848465], [6.29825, 49.848537], [6.298201, 49.848545], [6.298136, 49.84854], [6.297949, 49.84853], [6.297701, 49.848515], [6.297453, 49.848507], [6.297262, 49.8485], [6.297117, 49.848503], [6.297026, 49.84849], [6.296949, 49.848473], [6.296797, 49.848408], [6.296537, 49.84829], [6.296331, 49.848206], [6.296167, 49.84814], [6.296068, 49.84811], [6.295801, 49.848057], [6.295664, 49.848026], [6.295496, 49.847977], [6.29532, 49.84793], [6.294928, 49.84785], [6.294779, 49.847816], [6.294657, 49.847786], [6.294344, 49.8477], [6.294088, 49.847626], [6.293928, 49.847572], [6.293814, 49.84754], [6.293585, 49.847523], [6.293508, 49.84751], [6.293421, 49.847492], [6.293337, 49.84748], [6.293241, 49.847473], [6.293158, 49.847485], [6.293055, 49.847507], [6.293028, 49.847515], [6.292917, 49.84752], [6.292807, 49.847538], [6.292749, 49.847546], [6.292624, 49.84755], [6.292517, 49.84757], [6.292372, 49.847595], [6.292181, 49.847645], [6.29209, 49.847656], [6.291704, 49.84768], [6.291586, 49.84768], [6.291391, 49.847668], [6.291315, 49.847668], [6.291216, 49.84768], [6.29109, 49.8477], [6.290998, 49.847702], [6.290937, 49.847706], [6.290831, 49.8477], [6.290754, 49.847694], [6.290655, 49.8477], [6.290514, 49.847706], [6.290094, 49.847713], [6.289793, 49.847713], [6.28961, 49.847717], [6.289526, 49.847713], [6.28948, 49.847706], [6.2894, 49.84769], [6.289225, 49.84764], [6.2889, 49.84756], [6.28874, 49.847534], [6.288557, 49.847507], [6.288347, 49.847485], [6.288233, 49.847466], [6.288156, 49.847446], [6.287798, 49.847343], [6.287672, 49.8473], [6.28742, 49.84723], [6.287283, 49.84719], [6.287176, 49.847164], [6.287088, 49.847145], [6.286966, 49.847126], [6.286757, 49.847107], [6.286646, 49.8471], [6.286619, 49.847084], [6.286577, 49.84709], [6.286528, 49.847103], [6.286303, 49.847107], [6.28615, 49.847107], [6.286062, 49.84711], [6.285891, 49.84712], [6.285756, 49.84713], [6.285665, 49.847137], [6.285642, 49.84714], [6.285601, 49.847145], [6.285444, 49.847157], [6.285326, 49.847168], [6.284998, 49.8472], [6.284742, 49.84722], [6.284601, 49.847233], [6.284563, 49.847237], [6.284468, 49.847244], [6.284372, 49.847256], [6.284262, 49.847263], [6.284166, 49.84727], [6.283976, 49.84729], [6.283915, 49.847298], [6.283735, 49.847313], [6.283697, 49.847313], [6.283407, 49.847339], [6.283323, 49.847347], [6.283266, 49.84735], [6.283182, 49.847358], [6.283041, 49.84737], [6.283022, 49.847374], [6.282977, 49.847377], [6.282877, 49.847385], [6.282511, 49.84743], [6.282393, 49.847441], [6.282126, 49.84748], [6.281954, 49.847504], [6.28163, 49.847546], [6.281535, 49.84756], [6.281496, 49.847565], [6.281389, 49.847576], [6.28097, 49.84763], [6.280684, 49.847668], [6.280436, 49.8477], [6.280195, 49.84773], [6.280171, 49.847733], [6.279764, 49.847786], [6.279287, 49.847847], [6.279051, 49.847878], [6.278994, 49.847885], [6.278944, 49.847893], [6.278849, 49.847916], [6.278719, 49.847942], [6.278238, 49.84805], [6.277983, 49.848106], [6.277762, 49.848156], [6.277514, 49.84821], [6.277247, 49.848267], [6.277105, 49.84827], [6.27696, 49.84832], [6.276915, 49.848328], [6.276144, 49.848415], [6.275591, 49.84848], [6.275087, 49.848537], [6.275011, 49.848534], [6.274977, 49.84855], [6.274935, 49.848545], [6.274797, 49.84855], [6.274511, 49.84859], [6.274416, 49.848602], [6.274103, 49.848648], [6.273886, 49.848675], [6.272322, 49.848892], [6.271524, 49.848995], [6.271318, 49.84902], [6.27112, 49.84904], [6.270933, 49.849064], [6.270552, 49.849094], [6.270338, 49.849113], [6.269991, 49.84914], [6.269663, 49.849167], [6.269545, 49.84918], [6.269518, 49.849182], [6.269319, 49.849003], [6.268957, 49.848694], [6.268885, 49.848644], [6.268675, 49.848537], [6.268358, 49.848373], [6.267786, 49.848087], [6.26745, 49.847916], [6.267061, 49.84765], [6.266806, 49.847477], [6.266821, 49.847466], [6.266901, 49.847404], [6.266966, 49.847355], [6.267019, 49.847313], [6.266844, 49.847218], [6.266123, 49.84683], [6.265619, 49.846558], [6.265576, 49.846536], [6.265486, 49.84649], [6.265459, 49.846472], [6.265417, 49.846443], [6.264502, 49.845943], [6.264055, 49.845703], [6.263422, 49.84537], [6.263323, 49.84532], [6.262987, 49.845146], [6.2628, 49.845047], [6.262781, 49.84503], [6.263239, 49.84464], [6.263704, 49.844223], [6.264509, 49.84349], [6.264624, 49.84337], [6.264898, 49.84309], [6.265291, 49.84272], [6.265886, 49.84215], [6.266024, 49.842026], [6.266046, 49.841988], [6.266073, 49.84195], [6.266169, 49.841896], [6.266321, 49.841824], [6.266531, 49.841747], [6.266973, 49.84162], [6.267885, 49.841366], [6.268423, 49.841232], [6.268736, 49.84119], [6.269041, 49.84116], [6.269308, 49.84115], [6.269636, 49.841152], [6.270418, 49.841194], [6.270643, 49.8412], [6.270792, 49.8412], [6.27096, 49.84118], [6.271143, 49.84115], [6.271456, 49.841087], [6.271429, 49.841072], [6.271223, 49.84094], [6.270666, 49.840576], [6.270086, 49.8402], [6.269262, 49.839664], [6.269197, 49.839615], [6.268984, 49.839478], [6.268877, 49.83941], [6.268412, 49.83911], [6.268328, 49.839058], [6.267939, 49.83881], [6.26782, 49.838734], [6.267729, 49.838673], [6.26755, 49.838562], [6.267408, 49.838474], [6.267149, 49.838306], [6.267111, 49.838284], [6.266962, 49.83819], [6.266604, 49.83796], [6.266302, 49.83777], [6.266024, 49.837593], [6.265989, 49.83757], [6.265478, 49.837254], [6.264875, 49.836864], [6.264113, 49.836372], [6.263857, 49.8362], [6.26367, 49.83608], [6.263334, 49.835854], [6.263224, 49.83578], [6.262838, 49.835533], [6.262087, 49.83504], [6.261023, 49.834347], [6.260958, 49.8343], [6.260511, 49.83401], [6.2605, 49.834003], [6.260088, 49.833725], [6.259661, 49.83344], [6.2595, 49.833332], [6.259348, 49.833233], [6.258799, 49.832863], [6.258375, 49.83258], [6.258223, 49.83248], [6.257936, 49.832302], [6.257666, 49.832123], [6.257467, 49.831993], [6.257105, 49.83175], [6.257009, 49.831688], [6.2568, 49.831547], [6.256022, 49.831028], [6.255991, 49.831005], [6.255446, 49.830643], [6.255171, 49.83046], [6.254892, 49.830276], [6.254675, 49.830135], [6.254694, 49.830013], [6.25469, 49.829967], [6.254808, 49.8291], [6.254824, 49.828964], [6.254877, 49.828568], [6.254961, 49.828064], [6.255003, 49.82778], [6.255045, 49.827534], [6.255125, 49.827026], [6.255205, 49.826485], [6.255293, 49.825977], [6.255373, 49.825447], [6.255449, 49.82503], [6.255529, 49.824486], [6.25559, 49.82412], [6.255602, 49.82406], [6.255617, 49.823956], [6.255655, 49.823727], [6.255659, 49.823692], [6.25569, 49.8235], [6.255693, 49.823486], [6.256052, 49.823395], [6.256601, 49.823227], [6.256926, 49.82312], [6.257254, 49.823025], [6.257662, 49.822937], [6.258459, 49.822773], [6.258856, 49.822662], [6.25963, 49.82244], [6.260191, 49.822304], [6.261667, 49.822033], [6.262087, 49.821926], [6.263243, 49.821644], [6.264254, 49.82141], [6.264696, 49.82132], [6.26549, 49.821182], [6.265779, 49.821136], [6.266657, 49.8211], [6.267858, 49.821068], [6.26882, 49.82106], [6.268911, 49.821087], [6.269754, 49.821053], [6.270159, 49.821297], [6.270193, 49.82132], [6.270285, 49.821312], [6.270346, 49.8213], [6.27043, 49.821274], [6.270334, 49.821266], [6.270205, 49.821182], [6.270147, 49.82113], [6.270033, 49.82096], [6.269953, 49.82083], [6.26988, 49.82077], [6.269793, 49.820744], [6.269739, 49.82072], [6.269739, 49.820675], [6.269796, 49.820557], [6.269819, 49.82047], [6.2698, 49.820385], [6.269735, 49.820274], [6.269693, 49.82021], [6.269682, 49.820152], [6.269712, 49.8201], [6.269789, 49.820045], [6.269815, 49.819996], [6.269815, 49.819923], [6.269766, 49.81984], [6.269628, 49.819675], [6.269507, 49.819603], [6.269335, 49.819534], [6.269262, 49.819473], [6.269251, 49.819405], [6.269239, 49.81919], [6.269213, 49.819115], [6.269178, 49.819077], [6.269113, 49.819016], [6.269033, 49.818985], [6.268953, 49.818947], [6.268923, 49.81892], [6.268896, 49.81883], [6.268854, 49.818703], [6.26882, 49.818657], [6.268724, 49.81858], [6.268614, 49.818512], [6.268591, 49.81848], [6.268579, 49.818436], [6.268583, 49.81838], [6.268614, 49.81831], [6.268698, 49.81816], [6.268713, 49.818115], [6.268721, 49.81804], [6.268755, 49.817955], [6.268705, 49.817856], [6.268682, 49.817825], [6.268675, 49.817795], [6.26885, 49.81742], [6.268862, 49.817314], [6.26885, 49.8172], [6.268778, 49.81703], [6.268766, 49.816936], [6.268759, 49.81684], [6.268774, 49.8168], [6.268816, 49.816788], [6.268976, 49.81681], [6.269014, 49.816807], [6.26903, 49.816788], [6.269018, 49.816757], [6.26882, 49.816635], [6.268759, 49.81658], [6.268736, 49.816544], [6.268751, 49.816498], [6.268747, 49.816467], [6.268713, 49.816452], [6.268675, 49.816452], [6.268618, 49.81645], [6.268579, 49.81643], [6.26856, 49.816406], [6.268553, 49.81634], [6.268545, 49.8163], [6.268499, 49.816257], [6.268412, 49.816208], [6.268213, 49.816154], [6.268022, 49.81611], [6.267977, 49.816093], [6.26795, 49.81607], [6.267954, 49.816017], [6.267954, 49.81597], [6.267904, 49.815937], [6.267813, 49.8159], [6.267668, 49.815865], [6.267588, 49.815826], [6.267523, 49.815773], [6.267496, 49.815727], [6.267485, 49.81565], [6.267492, 49.815548], [6.267492, 49.81553], [6.267488, 49.815514], [6.267466, 49.815506], [6.267427, 49.81552], [6.267405, 49.81552], [6.267374, 49.815514], [6.267336, 49.815483], [6.267294, 49.815453], [6.267267, 49.815422], [6.267157, 49.815357], [6.267145, 49.815346], [6.267134, 49.815327], [6.267115, 49.8153], [6.267092, 49.815277], [6.267061, 49.815254], [6.267038, 49.815247], [6.267, 49.815243], [6.266966, 49.81524], [6.266932, 49.815224], [6.266897, 49.81521], [6.266863, 49.8152], [6.266828, 49.815186], [6.266768, 49.81515], [6.266687, 49.815125], [6.266623, 49.81512], [6.266558, 49.815117], [6.26652, 49.815117], [6.26642, 49.815132], [6.266375, 49.81514], [6.266237, 49.81514], [6.266203, 49.815147], [6.266165, 49.81515], [6.266115, 49.81517], [6.266081, 49.815186], [6.266058, 49.815186], [6.266024, 49.815178], [6.265993, 49.815186], [6.265837, 49.81523], [6.265749, 49.815247], [6.265684, 49.815247], [6.265619, 49.81523], [6.265455, 49.81523], [6.265333, 49.815243], [6.265238, 49.81524], [6.265131, 49.815254], [6.2651, 49.815254], [6.26502, 49.81526], [6.264952, 49.815247], [6.264883, 49.815247], [6.264792, 49.815254], [6.264738, 49.81527], [6.264681, 49.815277], [6.264593, 49.815277], [6.264536, 49.815285], [6.264471, 49.81529], [6.264269, 49.815277], [6.264177, 49.81526], [6.264063, 49.81524], [6.263788, 49.815193], [6.263636, 49.81517], [6.263777, 49.81492], [6.264013, 49.814632], [6.264345, 49.814217], [6.264429, 49.814095], [6.264482, 49.813995], [6.264525, 49.813896], [6.264536, 49.81383], [6.264525, 49.813606], [6.264517, 49.813545], [6.264498, 49.8135], [6.264448, 49.8134], [6.264292, 49.81317], [6.263876, 49.81289], [6.263475, 49.812706], [6.263086, 49.812607], [6.26293, 49.81257], [6.262438, 49.81245], [6.262281, 49.812416], [6.262487, 49.812195], [6.262762, 49.811905], [6.262911, 49.811745], [6.262937, 49.811726], [6.262995, 49.811714], [6.263086, 49.81171], [6.263201, 49.811714], [6.263491, 49.811756], [6.263533, 49.811676], [6.263704, 49.81132], [6.261831, 49.811073], [6.260801, 49.810936], [6.260233, 49.810856], [6.259489, 49.81073], [6.258734, 49.8106], [6.257578, 49.810394], [6.257708, 49.81013], [6.257349, 49.810143], [6.257204, 49.81015], [6.257074, 49.810165], [6.256716, 49.81022], [6.256308, 49.810287], [6.255938, 49.810352], [6.255426, 49.810444], [6.255152, 49.81048], [6.254824, 49.810497], [6.25448, 49.810524], [6.254385, 49.810684], [6.25416, 49.810547], [6.253626, 49.81051], [6.253553, 49.810493], [6.253183, 49.81041], [6.253023, 49.81037], [6.252844, 49.810326], [6.252792, 49.810302], [6.252779, 49.810303], [6.253485, 49.80969], [6.253714, 49.809414], [6.253981, 49.80902], [6.254171, 49.80881], [6.25432, 49.80868], [6.254545, 49.80849], [6.254583, 49.80844], [6.255407, 49.80722], [6.256048, 49.806328], [6.256769, 49.805344], [6.257464, 49.804344], [6.258062, 49.803455], [6.258486, 49.802837], [6.257837, 49.80259], [6.257555, 49.802456], [6.256926, 49.80213], [6.256826, 49.80206], [6.256571, 49.801804], [6.256109, 49.801407], [6.255762, 49.80115], [6.254637, 49.800587], [6.254202, 49.800373], [6.254324, 49.800106], [6.254389, 49.79994], [6.252924, 49.799397], [6.251223, 49.798763], [6.24991, 49.79831], [6.248712, 49.797894], [6.244883, 49.796436], [6.244635, 49.795784], [6.24457, 49.795593], [6.244543, 49.79538], [6.244432, 49.79418], [6.24439, 49.79376], [6.244337, 49.793076], [6.244432, 49.79298], [6.244928, 49.792572], [6.245272, 49.792294], [6.245516, 49.792137], [6.246698, 49.79142], [6.247477, 49.79093], [6.248007, 49.790573], [6.248545, 49.790195], [6.249304, 49.789646], [6.250456, 49.788837], [6.251219, 49.78833], [6.251131, 49.788296], [6.251047, 49.788258], [6.250563, 49.78805], [6.251062, 49.787285], [6.25149, 49.786613], [6.251638, 49.78638], [6.251959, 49.78584], [6.251982, 49.7858], [6.251772, 49.785755], [6.251696, 49.78574], [6.251417, 49.786064], [6.250921, 49.78594], [6.250807, 49.785908], [6.250269, 49.78577], [6.249689, 49.785625], [6.249239, 49.785526], [6.248575, 49.785378], [6.24766, 49.78635], [6.246485, 49.787613], [6.246798, 49.787777], [6.246584, 49.787933], [6.246363, 49.78809], [6.246138, 49.788258], [6.245981, 49.788372], [6.245524, 49.788708], [6.245417, 49.788788], [6.245295, 49.788876], [6.245188, 49.78896], [6.245073, 49.78904], [6.244783, 49.78887], [6.244562, 49.78873], [6.243547, 49.787968], [6.243654, 49.787895], [6.243204, 49.787464], [6.242498, 49.786785], [6.242163, 49.786465], [6.242037, 49.786343], [6.24185, 49.786465], [6.241457, 49.786728], [6.241217, 49.78689], [6.241186, 49.786907], [6.24095, 49.787067], [6.23987, 49.786705], [6.239763, 49.78668], [6.239534, 49.786606], [6.239183, 49.786503], [6.238817, 49.786404], [6.238344, 49.786293], [6.237825, 49.786182], [6.237696, 49.78615], [6.23757, 49.786484], [6.237383, 49.78696], [6.237078, 49.78777], [6.236914, 49.7882], [6.236681, 49.78884], [6.236372, 49.78968], [6.23628, 49.789925], [6.236204, 49.790134], [6.236128, 49.790337], [6.236055, 49.790543], [6.235979, 49.790745], [6.235674, 49.79158], [6.235659, 49.791626], [6.235578, 49.79184], [6.234858, 49.79272], [6.23414, 49.793533], [6.233847, 49.793865], [6.233664, 49.7938], [6.23353, 49.79375], [6.233335, 49.793877], [6.233087, 49.79405], [6.232939, 49.794167], [6.232775, 49.794304], [6.23266, 49.794415], [6.232576, 49.794506], [6.232492, 49.79461], [6.23242, 49.794712], [6.232359, 49.79482], [6.232294, 49.79497], [6.232245, 49.795147], [6.232229, 49.795288], [6.232222, 49.79544], [6.232237, 49.79558], [6.232275, 49.795753], [6.232317, 49.795883], [6.232382, 49.796036], [6.232443, 49.796143], [6.232126, 49.7963], [6.231615, 49.79655], [6.231134, 49.796417], [6.230299, 49.79618], [6.23004, 49.796127], [6.229937, 49.7961], [6.22962, 49.795994], [6.228838, 49.795776], [6.228785, 49.795765], [6.228685, 49.79572], [6.228579, 49.795677], [6.228483, 49.795635], [6.228422, 49.795612], [6.228258, 49.79559], [6.228083, 49.79556], [6.227953, 49.795544], [6.227861, 49.795547], [6.227739, 49.79556], [6.227606, 49.795578], [6.227552, 49.795578], [6.227446, 49.795563], [6.227308, 49.79553], [6.227243, 49.795513], [6.227198, 49.795506], [6.227106, 49.795506], [6.226999, 49.795517], [6.226889, 49.795513], [6.226816, 49.795506], [6.226748, 49.795486], [6.226698, 49.79546], [6.226664, 49.795452], [6.22661, 49.79545], [6.226446, 49.795475], [6.226385, 49.79548], [6.226305, 49.79547], [6.226198, 49.795444], [6.226072, 49.795406], [6.226019, 49.795383], [6.225962, 49.79535], [6.225908, 49.795307], [6.225866, 49.79529], [6.225809, 49.79528], [6.225752, 49.79528], [6.225664, 49.795284], [6.225607, 49.795288], [6.225557, 49.79528], [6.225512, 49.79526], [6.22545, 49.795223], [6.225409, 49.795185], [6.225378, 49.79517], [6.225161, 49.795135], [6.224749, 49.79509], [6.224375, 49.795074], [6.224443, 49.794968], [6.22452, 49.794853], [6.223696, 49.79457], [6.223558, 49.794525], [6.222864, 49.794243], [6.222338, 49.79393], [6.222208, 49.793846], [6.221731, 49.793434], [6.221727, 49.793335], [6.221487, 49.792625], [6.221323, 49.79189], [6.221338, 49.791496], [6.221228, 49.791214], [6.2209, 49.791264], [6.220682, 49.791298], [6.220224, 49.791367], [6.220026, 49.791435], [6.219389, 49.791523], [6.219152, 49.791523], [6.219137, 49.79133], [6.219114, 49.79119], [6.219088, 49.791058], [6.219042, 49.790985], [6.218882, 49.7908], [6.218676, 49.790604], [6.218569, 49.79052], [6.218492, 49.7904], [6.21842, 49.790176], [6.21837, 49.790035], [6.218203, 49.7897], [6.218103, 49.789486], [6.218077, 49.789345], [6.218042, 49.789364], [6.217958, 49.789402], [6.217939, 49.78941], [6.217596, 49.789574], [6.217245, 49.78983], [6.21726, 49.789852], [6.217283, 49.789894], [6.217352, 49.79001], [6.217482, 49.790226], [6.217253, 49.790264], [6.216806, 49.790356], [6.216005, 49.79054], [6.215479, 49.790695], [6.215059, 49.790833], [6.214743, 49.790947], [6.214556, 49.791016], [6.214205, 49.791172], [6.213648, 49.79143], [6.213438, 49.791515], [6.212946, 49.791687], [6.212381, 49.791893], [6.211813, 49.792095], [6.211634, 49.792133], [6.211363, 49.792194], [6.21121, 49.79228], [6.211019, 49.792404], [6.210447, 49.792828], [6.209929, 49.7932], [6.209814, 49.793297], [6.209711, 49.793392], [6.209555, 49.793575], [6.209513, 49.79362], [6.209433, 49.793674], [6.209284, 49.793755], [6.209066, 49.793854], [6.208769, 49.79396], [6.208647, 49.794], [6.208494, 49.794033], [6.208338, 49.794056], [6.208227, 49.79407], [6.208178, 49.794075], [6.208128, 49.794067], [6.208082, 49.79405], [6.207827, 49.79425], [6.207579, 49.794567], [6.207632, 49.794956], [6.2078, 49.79494], [6.208029, 49.794926], [6.208128, 49.794914], [6.208227, 49.79509], [6.20825, 49.79515], [6.208273, 49.79527], [6.208281, 49.795403], [6.208261, 49.795517], [6.208231, 49.795647], [6.208158, 49.795887], [6.208151, 49.795937], [6.208151, 49.795982], [6.20817, 49.796055], [6.20817, 49.796124], [6.208124, 49.79619], [6.208067, 49.79624], [6.207979, 49.796295], [6.207853, 49.796368], [6.207727, 49.796444], [6.207628, 49.79652], [6.207502, 49.796623], [6.207338, 49.796776], [6.207212, 49.796898], [6.207171, 49.79693], [6.207083, 49.796986], [6.206976, 49.797047], [6.206816, 49.797123], [6.206617, 49.79722], [6.20648, 49.797283], [6.206343, 49.79736], [6.206167, 49.797478], [6.205954, 49.797623], [6.205805, 49.79771], [6.205637, 49.797836], [6.205446, 49.797985], [6.205336, 49.797863], [6.204992, 49.798023], [6.204763, 49.79812], [6.20455, 49.798176], [6.204435, 49.7982], [6.204218, 49.798233], [6.203764, 49.79829], [6.203268, 49.798367], [6.202898, 49.798435], [6.202501, 49.798523], [6.202509, 49.798534], [6.202612, 49.798725], [6.202513, 49.798737], [6.202475, 49.79875], [6.202337, 49.798805], [6.202204, 49.79886], [6.202009, 49.79893], [6.201521, 49.79911], [6.201487, 49.79913], [6.200758, 49.799236], [6.199331, 49.799477], [6.197973, 49.79971], [6.197901, 49.799725], [6.197962, 49.799877], [6.198133, 49.800293], [6.198214, 49.800495], [6.198248, 49.80065], [6.198256, 49.800804], [6.198244, 49.800972], [6.198194, 49.801147], [6.198133, 49.80137], [6.198034, 49.801662], [6.19795, 49.80167], [6.197435, 49.801723], [6.197119, 49.801754], [6.196779, 49.80179], [6.196733, 49.801796], [6.196676, 49.8018], [6.19602, 49.80198], [6.195906, 49.802017], [6.195528, 49.8022], [6.195265, 49.80224], [6.195295, 49.802315], [6.195067, 49.80242], [6.19504, 49.802437], [6.194727, 49.80259], [6.194304, 49.802822], [6.194284, 49.802834], [6.194193, 49.80291], [6.194151, 49.802948], [6.194101, 49.802986], [6.194086, 49.803], [6.193991, 49.803078], [6.19375, 49.803276], [6.193522, 49.803467], [6.193499, 49.80346], [6.193418, 49.803436], [6.193277, 49.803406], [6.193144, 49.803375], [6.193014, 49.803345], [6.192789, 49.80329], [6.192541, 49.803215], [6.19245, 49.803192], [6.192125, 49.803093], [6.191828, 49.802986], [6.19166, 49.802925], [6.191614, 49.80291], [6.191187, 49.802734], [6.19105, 49.802856], [6.190962, 49.80296], [6.190828, 49.80316], [6.190718, 49.80332], [6.190878, 49.80343], [6.190866, 49.803463], [6.191271, 49.803642], [6.191549, 49.803818], [6.191694, 49.80391], [6.191904, 49.804077], [6.192015, 49.804207], [6.192121, 49.80435], [6.192121, 49.804417], [6.192121, 49.804543], [6.192125, 49.80459], [6.192079, 49.804626], [6.191908, 49.804626], [6.191664, 49.80462], [6.191454, 49.80459], [6.191198, 49.804535], [6.191095, 49.804512], [6.190977, 49.804485], [6.190874, 49.80446], [6.190741, 49.80442], [6.190622, 49.80439], [6.190474, 49.804344], [6.190416, 49.804333], [6.190309, 49.804314], [6.189676, 49.80517], [6.189485, 49.80542], [6.189413, 49.80552], [6.189299, 49.805676], [6.188906, 49.806206], [6.188761, 49.806385], [6.188742, 49.806416], [6.188658, 49.806404], [6.188684, 49.806458], [6.188868, 49.806767], [6.189165, 49.80723], [6.189432, 49.80767], [6.189627, 49.808], [6.189909, 49.808456], [6.190016, 49.8086], [6.19, 49.808613], [6.190031, 49.80867], [6.19018, 49.808952], [6.190447, 49.808964], [6.190523, 49.808968], [6.190752, 49.808975], [6.190882, 49.808975], [6.190966, 49.808975], [6.191134, 49.8093], [6.191202, 49.80946], [6.191221, 49.809525], [6.191236, 49.80964], [6.191229, 49.80974], [6.191198, 49.809902], [6.191099, 49.810093], [6.190943, 49.810352], [6.191057, 49.810627], [6.191198, 49.81097], [6.191507, 49.81171], [6.191523, 49.811756], [6.191542, 49.811802], [6.191549, 49.811817], [6.191637, 49.812042], [6.191645, 49.812103], [6.191629, 49.81226], [6.191606, 49.812466], [6.191462, 49.812748], [6.191378, 49.812897], [6.191236, 49.81326], [6.191145, 49.81355], [6.191126, 49.81367], [6.191126, 49.813934], [6.191126, 49.8141], [6.19108, 49.814247], [6.190966, 49.814507], [6.190851, 49.814754], [6.190695, 49.81501], [6.190516, 49.81531], [6.190287, 49.8157], [6.190042, 49.81608], [6.189772, 49.816402], [6.189505, 49.816696], [6.189394, 49.816772], [6.189005, 49.817024], [6.18857, 49.81746], [6.188333, 49.817703], [6.188143, 49.817795], [6.187986, 49.81787], [6.187697, 49.818016], [6.187746, 49.818176], [6.187765, 49.81824], [6.187891, 49.81864], [6.188055, 49.81918], [6.188185, 49.819576], [6.188345, 49.820084], [6.188444, 49.82038], [6.188551, 49.820698], [6.1886, 49.82085], [6.18862, 49.82099], [6.188631, 49.82103], [6.188726, 49.821342], [6.188929, 49.8218], [6.189138, 49.822273], [6.188204, 49.822506], [6.187346, 49.82272], [6.185526, 49.823032], [6.18503, 49.822952], [6.184233, 49.82282], [6.183855, 49.822765], [6.183798, 49.822758], [6.183775, 49.822754], [6.182775, 49.82266], [6.181929, 49.8226], [6.181864, 49.822598], [6.180761, 49.82234], [6.179769, 49.822124], [6.178846, 49.82196], [6.178484, 49.821903], [6.178427, 49.82189], [6.177759, 49.821697], [6.176851, 49.82143], [6.175795, 49.821133], [6.175779, 49.82113], [6.175001, 49.820885], [6.172743, 49.82104], [6.170996, 49.82126], [6.168688, 49.821793], [6.167917, 49.822117], [6.167543, 49.82223], [6.166864, 49.82244], [6.165827, 49.822308], [6.164915, 49.82221], [6.164866, 49.8222], [6.164511, 49.822163], [6.164465, 49.82216], [6.164415, 49.82215], [6.164144, 49.82212], [6.162645, 49.822693], [6.16155, 49.821808], [6.160749, 49.821423], [6.160002, 49.82106], [6.159746, 49.82095], [6.158621, 49.820473], [6.157869, 49.820198], [6.156988, 49.819885], [6.156298, 49.81963], [6.155477, 49.81935], [6.154398, 49.819008], [6.154203, 49.81895], [6.153913, 49.818874], [6.153612, 49.818787], [6.152651, 49.818428], [6.152525, 49.818653], [6.152208, 49.81854], [6.152075, 49.818493], [6.151957, 49.81845], [6.151663, 49.818344], [6.151297, 49.818485], [6.151217, 49.818523], [6.151079, 49.81859], [6.150846, 49.818703], [6.150698, 49.818874], [6.150587, 49.81907], [6.150499, 49.819275], [6.150682, 49.819332], [6.150637, 49.81946], [6.150572, 49.819645], [6.150553, 49.81977], [6.150526, 49.82005], [6.150774, 49.82036], [6.150873, 49.820503], [6.150907, 49.820545], [6.150927, 49.820576], [6.150984, 49.820667], [6.150999, 49.820698], [6.151167, 49.821], [6.150705, 49.82144], [6.150679, 49.82147], [6.150446, 49.821697], [6.15048, 49.821888], [6.150522, 49.822136], [6.150568, 49.822277], [6.150614, 49.822433], [6.150629, 49.82247], [6.150732, 49.822758], [6.150755, 49.82283], [6.150774, 49.822876], [6.150553, 49.82325], [6.150103, 49.823994], [6.150091, 49.824017], [6.149763, 49.82463], [6.149477, 49.825157], [6.149134, 49.82566], [6.147913, 49.8264], [6.147814, 49.826366], [6.147581, 49.82629], [6.147459, 49.826252], [6.147032, 49.82612], [6.146715, 49.82604], [6.146414, 49.825962], [6.1462, 49.8262], [6.145981, 49.826443], [6.145959, 49.826466], [6.145716, 49.826736], [6.145264, 49.826496], [6.14466, 49.82619], [6.14413, 49.825897], [6.143568, 49.825596], [6.143257, 49.825447], [6.143158, 49.82541], [6.143032, 49.82537], [6.142972, 49.82536], [6.142889, 49.82534], [6.14275, 49.82532], [6.142557, 49.825287], [6.14233, 49.82523], [6.142198, 49.825184], [6.142178, 49.825176], [6.14208, 49.825146], [6.141514, 49.824917], [6.140979, 49.824703], [6.140352, 49.82446], [6.139879, 49.824272], [6.139661, 49.82417], [6.139307, 49.824005], [6.139043, 49.82387], [6.138689, 49.823666], [6.138582, 49.823605], [6.137832, 49.82316], [6.137354, 49.82285], [6.137209, 49.82275], [6.137062, 49.822655], [6.13662, 49.82236], [6.136001, 49.82206], [6.135467, 49.821747], [6.135144, 49.821552], [6.134924, 49.821423], [6.134617, 49.82123], [6.134393, 49.821125], [6.133977, 49.820942], [6.133816, 49.82087], [6.133266, 49.820595], [6.133092, 49.820507], [6.1329, 49.820404], [6.132708, 49.820274], [6.132439, 49.820084], [6.132075, 49.81982], [6.131862, 49.819637], [6.131688, 49.819496], [6.130775, 49.819084], [6.130729, 49.819054], [6.130685, 49.819103], [6.13058, 49.819088], [6.130391, 49.81905], [6.130227, 49.81901], [6.130161, 49.818985], [6.130083, 49.818954], [6.13006, 49.818935], [6.129956, 49.81885], [6.129911, 49.81881], [6.12985, 49.818764], [6.129747, 49.818707], [6.129654, 49.818645], [6.129583, 49.818577], [6.129497, 49.818493], [6.129395, 49.818447], [6.12932, 49.81839], [6.129249, 49.818367], [6.129155, 49.81832], [6.129042, 49.81828], [6.128984, 49.818264], [6.128767, 49.818237], [6.128704, 49.818222], [6.128563, 49.81818], [6.128412, 49.818157], [6.128328, 49.818134], [6.128287, 49.818115], [6.128264, 49.818104], [6.12825, 49.81808], [6.128254, 49.818], [6.128237, 49.81796], [6.1282, 49.817894], [6.128137, 49.81782], [6.128066, 49.81774], [6.127963, 49.817654], [6.127832, 49.81757], [6.127729, 49.817516], [6.127544, 49.817444], [6.127355, 49.81737], [6.127236, 49.81733], [6.12713, 49.817295], [6.126867, 49.817234], [6.126742, 49.817207], [6.126668, 49.817184], [6.126596, 49.81714], [6.126538, 49.8171], [6.126501, 49.817085], [6.126456, 49.817085], [6.126401, 49.817093], [6.126337, 49.817097], [6.126295, 49.817093], [6.126241, 49.817078], [6.126191, 49.817047], [6.12612, 49.816994], [6.126103, 49.816986], [6.126067, 49.816963], [6.126041, 49.816933], [6.12603, 49.8169], [6.126027, 49.816845], [6.126016, 49.816833], [6.125995, 49.81682], [6.125971, 49.816822], [6.12593, 49.816833], [6.125896, 49.81683], [6.125873, 49.81682], [6.125828, 49.81679], [6.125802, 49.816757], [6.125798, 49.816708], [6.125776, 49.816677], [6.125739, 49.816666], [6.125707, 49.81668], [6.125694, 49.8167], [6.125685, 49.81673], [6.125661, 49.816734], [6.125588, 49.81668], [6.125501, 49.81663], [6.125419, 49.81659], [6.125396, 49.816578], [6.125359, 49.816536], [6.125322, 49.816498], [6.125262, 49.81646], [6.125094, 49.816387], [6.124923, 49.81632], [6.124717, 49.81622], [6.124487, 49.816113], [6.124205, 49.81597], [6.124149, 49.81594], [6.124129, 49.815914], [6.124092, 49.815857], [6.124064, 49.81583], [6.124034, 49.81581], [6.12399, 49.81579], [6.123932, 49.815777], [6.1238, 49.815758], [6.123713, 49.815727], [6.123639, 49.815704], [6.123427, 49.815655], [6.123256, 49.815613], [6.123172, 49.815586], [6.123107, 49.815563], [6.122933, 49.815514], [6.122774, 49.81544], [6.12246, 49.815285], [6.122313, 49.81522], [6.122266, 49.8152], [6.122081, 49.815147], [6.121965, 49.815083], [6.12178, 49.814983], [6.121499, 49.81486], [6.120922, 49.81462], [6.120597, 49.814472], [6.120278, 49.81433], [6.120017, 49.814224], [6.119736, 49.814087], [6.119457, 49.81399], [6.119138, 49.813885], [6.118834, 49.813812], [6.11857, 49.81372], [6.118311, 49.813633], [6.11796, 49.81353], [6.117608, 49.813435], [6.117481, 49.81339], [6.117407, 49.813354], [6.117285, 49.813267], [6.117234, 49.81324], [6.117021, 49.81315], [6.116704, 49.812923], [6.116334, 49.812653], [6.116226, 49.812584], [6.116038, 49.81249], [6.1156, 49.81231], [6.11547, 49.81223], [6.115422, 49.812206], [6.115336, 49.812176], [6.115094, 49.812103], [6.114847, 49.812], [6.114662, 49.811928], [6.113631, 49.81161], [6.113286, 49.811485], [6.113269, 49.811466], [6.113264, 49.811443], [6.11325, 49.811424], [6.113231, 49.81141], [6.113207, 49.811405], [6.113156, 49.811398], [6.113109, 49.811386], [6.112926, 49.811283], [6.112806, 49.811226], [6.112682, 49.811146], [6.112239, 49.81094], [6.112161, 49.8109], [6.112146, 49.810898], [6.111868, 49.810905], [6.111705, 49.810917], [6.111566, 49.8109], [6.111323, 49.810863], [6.111256, 49.81085], [6.111095, 49.810852], [6.110813, 49.81077], [6.110799, 49.810764], [6.110666, 49.810726], [6.110647, 49.81072], [6.110464, 49.810665], [6.110194, 49.810596], [6.109992, 49.810547], [6.109564, 49.810436], [6.109472, 49.810413], [6.109338, 49.81038], [6.109228, 49.810467], [6.108976, 49.81064], [6.108751, 49.810852], [6.10853, 49.811142], [6.108381, 49.811417], [6.108229, 49.811653], [6.108152, 49.811882], [6.108133, 49.81207], [6.108168, 49.81237], [6.10813, 49.812645], [6.108065, 49.81281], [6.107855, 49.812973], [6.10739, 49.813232], [6.106836, 49.813545], [6.106493, 49.81371], [6.106131, 49.813843], [6.106043, 49.813965], [6.105574, 49.814354], [6.105196, 49.814537], [6.105017, 49.814606], [6.104963, 49.81462], [6.104227, 49.814873], [6.103834, 49.814987], [6.103777, 49.814995], [6.103605, 49.815002], [6.103418, 49.815002], [6.103186, 49.814987], [6.102991, 49.814953], [6.102785, 49.814995], [6.1028, 49.814926], [6.101885, 49.81475], [6.101847, 49.81466], [6.101839, 49.814644], [6.100988, 49.81462], [6.100824, 49.81463], [6.099875, 49.81476], [6.099798, 49.814766], [6.099474, 49.814774], [6.099302, 49.814796], [6.099222, 49.8148], [6.098997, 49.814827], [6.098841, 49.814857], [6.098726, 49.814884], [6.098589, 49.81494], [6.098444, 49.814987], [6.098356, 49.814995], [6.098146, 49.81495], [6.098127, 49.81495], [6.097982, 49.81492], [6.097959, 49.81492], [6.097639, 49.814857], [6.097303, 49.81482], [6.097067, 49.814842], [6.096777, 49.814896], [6.096522, 49.814978], [6.096254, 49.815097], [6.095869, 49.815357], [6.095758, 49.81543], [6.095617, 49.815514], [6.094957, 49.816036], [6.094656, 49.81637], [6.094545, 49.81658], [6.094496, 49.816734], [6.094503, 49.816944], [6.094599, 49.817093], [6.094801, 49.81724], [6.095038, 49.817368], [6.095766, 49.817726], [6.096266, 49.81792], [6.096457, 49.81803], [6.09654, 49.818123], [6.096544, 49.8182], [6.096495, 49.818367], [6.096392, 49.81861], [6.096247, 49.818924], [6.095968, 49.81932], [6.095598, 49.819916], [6.095304, 49.820335], [6.09506, 49.82064], [6.09474, 49.820984], [6.09445, 49.821236], [6.094202, 49.821476], [6.093763, 49.82174], [6.093199, 49.82206], [6.092684, 49.822285], [6.091974, 49.822456], [6.091524, 49.822544], [6.091291, 49.82264], [6.091196, 49.82275], [6.091169, 49.822834], [6.091074, 49.822845], [6.09099, 49.822872], [6.090918, 49.822857], [6.090258, 49.822796], [6.089838, 49.822758], [6.089766, 49.822777], [6.08946, 49.822754], [6.089025, 49.822716], [6.087927, 49.82264], [6.08769, 49.82262], [6.087461, 49.822605], [6.086718, 49.822548], [6.086344, 49.82252], [6.085768, 49.822487], [6.085314, 49.822487], [6.084745, 49.822517], [6.084215, 49.8227], [6.083571, 49.822952], [6.083078, 49.823013], [6.08259, 49.82307], [6.082575, 49.823074], [6.082132, 49.823147], [6.081282, 49.82339], [6.080271, 49.823696], [6.07942, 49.824043], [6.077059, 49.82474], [6.076136, 49.824936], [6.074854, 49.825058], [6.072992, 49.825413], [6.072844, 49.82544], [6.072779, 49.82545], [6.072916, 49.825577], [6.073332, 49.825993], [6.073793, 49.826447], [6.073683, 49.827057], [6.07353, 49.82777], [6.074022, 49.828316], [6.074469, 49.828735], [6.074591, 49.82883], [6.074701, 49.82876], [6.074873, 49.828854], [6.074743, 49.829], [6.075064, 49.829197], [6.075048, 49.829453], [6.074568, 49.829556], [6.074076, 49.829315], [6.07329, 49.829525], [6.072405, 49.829758], [6.072496, 49.830006], [6.072069, 49.830013], [6.071119, 49.829994], [6.07107, 49.829994], [6.070391, 49.830036], [6.070311, 49.83004], [6.069429, 49.83008], [6.068663, 49.83012], [6.067881, 49.83016], [6.067091, 49.83017], [6.066904, 49.830177], [6.066374, 49.83019], [6.066324, 49.830193], [6.066301, 49.830193], [6.066145, 49.830196], [6.065939, 49.830204], [6.064371, 49.83036], [6.064062, 49.83091], [6.064016, 49.830936], [6.06394, 49.83093], [6.063932, 49.830956], [6.063932, 49.83097], [6.06391, 49.831226], [6.063879, 49.8316], [6.063887, 49.831814], [6.063891, 49.831944], [6.063894, 49.832], [6.063898, 49.832043], [6.063925, 49.832146], [6.063948, 49.83225], [6.063997, 49.83242], [6.064028, 49.83248], [6.064108, 49.83264], [6.064188, 49.832794], [6.064238, 49.832882], [6.064398, 49.832836], [6.064573, 49.83308], [6.064665, 49.83321], [6.064867, 49.833492], [6.065111, 49.833775], [6.065439, 49.834152], [6.065321, 49.834175], [6.065245, 49.834255], [6.06518, 49.834244], [6.065119, 49.834236], [6.065069, 49.834236], [6.065039, 49.834244], [6.064959, 49.834274], [6.064875, 49.83431], [6.064573, 49.834442], [6.064253, 49.834167], [6.063459, 49.832882], [6.063456, 49.832798], [6.06238, 49.8312], [6.062147, 49.830864], [6.061979, 49.830624], [6.061895, 49.830555], [6.061777, 49.830505], [6.061583, 49.830452], [6.061129, 49.83038], [6.060236, 49.830296], [6.059828, 49.830254], [6.059545, 49.830208], [6.059286, 49.83015], [6.059004, 49.83006], [6.058798, 49.829975], [6.058149, 49.82969], [6.057348, 49.829334], [6.057127, 49.829224], [6.056673, 49.828976], [6.056646, 49.828846], [6.056539, 49.828762], [6.056448, 49.82872], [6.056135, 49.828606], [6.055815, 49.828495], [6.055376, 49.828354], [6.054632, 49.828136], [6.053598, 49.82784], [6.053247, 49.82773], [6.053019, 49.827652], [6.052885, 49.827595], [6.052229, 49.827267], [6.05179, 49.82705], [6.051462, 49.826916], [6.051188, 49.826817], [6.050928, 49.826736], [6.050703, 49.82668], [6.050432, 49.826626], [6.050169, 49.826572], [6.050192, 49.826553], [6.050348, 49.82643], [6.050482, 49.826332], [6.050631, 49.826218], [6.050734, 49.82612], [6.050814, 49.826035], [6.05094, 49.825893], [6.051024, 49.825794], [6.051153, 49.825653], [6.051474, 49.82532], [6.051027, 49.82515], [6.050955, 49.825123], [6.050135, 49.82482], [6.050074, 49.824802], [6.0497, 49.824665], [6.049616, 49.824635], [6.049421, 49.824562], [6.048971, 49.824398], [6.048101, 49.82497], [6.047449, 49.82539], [6.047354, 49.825455], [6.047075, 49.825634], [6.046812, 49.825798], [6.045275, 49.826603], [6.045088, 49.8267], [6.043829, 49.826748], [6.041895, 49.826588], [6.041834, 49.82657], [6.041815, 49.82656], [6.041689, 49.826523], [6.041555, 49.826477], [6.04035, 49.82609], [6.040777, 49.825466], [6.040998, 49.8247], [6.041159, 49.824158], [6.041124, 49.824066], [6.041101, 49.823997], [6.04104, 49.823772], [6.040983, 49.823586], [6.040972, 49.823544], [6.040766, 49.822823], [6.040007, 49.822723], [6.039103, 49.822594], [6.038954, 49.822567], [6.038851, 49.822544], [6.038027, 49.822388], [6.037645, 49.822304], [6.037287, 49.82222], [6.037119, 49.822178], [6.036863, 49.82212], [6.036478, 49.82203], [6.03591, 49.821796], [6.03541, 49.821526], [6.035284, 49.821438], [6.035181, 49.82137], [6.035021, 49.821274], [6.034784, 49.8211], [6.03454, 49.82094], [6.033724, 49.820526], [6.033079, 49.820213], [6.032778, 49.82004], [6.032263, 49.81974], [6.032145, 49.81929], [6.03211, 49.819168], [6.032061, 49.818962], [6.032049, 49.818924], [6.032026, 49.81881], [6.031988, 49.81858], [6.031927, 49.818222], [6.031885, 49.818207], [6.031748, 49.81742], [6.031755, 49.817326], [6.031599, 49.816902], [6.031256, 49.816345], [6.030939, 49.815834], [6.030626, 49.815315], [6.030554, 49.815193], [6.030477, 49.815056], [6.030214, 49.814606], [6.030062, 49.81436], [6.029776, 49.81391], [6.029516, 49.81364], [6.029379, 49.813507], [6.029238, 49.813343], [6.029036, 49.813137], [6.028933, 49.81304], [6.028597, 49.8127], [6.028547, 49.812355], [6.028593, 49.81227], [6.028665, 49.812157], [6.028768, 49.811947], [6.028872, 49.81157], [6.028772, 49.811455], [6.02841, 49.811047], [6.028204, 49.81076], [6.027918, 49.810364], [6.028009, 49.810173], [6.02833, 49.809666], [6.028345, 49.80964], [6.028646, 49.80953], [6.029223, 49.809315], [6.030043, 49.80912], [6.030146, 49.809074], [6.030592, 49.80887], [6.029947, 49.808197], [6.030008, 49.808167], [6.030138, 49.808067], [6.030436, 49.807835], [6.030508, 49.807774], [6.030603, 49.807697], [6.030996, 49.807514], [6.031069, 49.807484], [6.031393, 49.807327], [6.031447, 49.8073], [6.031568, 49.80724], [6.031664, 49.8072], [6.032469, 49.80682], [6.033125, 49.806522], [6.033247, 49.80647], [6.033567, 49.806324], [6.034143, 49.806053], [6.034479, 49.8059], [6.034731, 49.805782], [6.035582, 49.80538], [6.035837, 49.805264], [6.036741, 49.80484], [6.036901, 49.804768], [6.036917, 49.804756], [6.037062, 49.804676], [6.037893, 49.80417], [6.037905, 49.80416], [6.038572, 49.80377], [6.038168, 49.803722], [6.037542, 49.803654], [6.037382, 49.803635], [6.036806, 49.803585], [6.035933, 49.803513], [6.035105, 49.80344], [6.035063, 49.80344], [6.034594, 49.803284], [6.033716, 49.802994], [6.033457, 49.802864], [6.033304, 49.80279], [6.033045, 49.802685], [6.032801, 49.802597], [6.032549, 49.802517], [6.032457, 49.80249], [6.031969, 49.80234], [6.031828, 49.80229], [6.03171, 49.802258], [6.031282, 49.802105], [6.031107, 49.80204], [6.030989, 49.802002], [6.030691, 49.801895], [6.030336, 49.801773], [6.030188, 49.80172], [6.029844, 49.801582], [6.029108, 49.80128], [6.028795, 49.800877], [6.028746, 49.800793], [6.028708, 49.80079], [6.028677, 49.80078], [6.02865, 49.80077], [6.028597, 49.80076], [6.02854, 49.800747], [6.02849, 49.800747], [6.028452, 49.80074], [6.028376, 49.80072], [6.028284, 49.8007], [6.028208, 49.800682], [6.028143, 49.800674], [6.028063, 49.800674], [6.028017, 49.80068], [6.027983, 49.800674], [6.027777, 49.800636], [6.02767, 49.800625], [6.02759, 49.80061], [6.027494, 49.800602], [6.027437, 49.8006], [6.027391, 49.8006], [6.027357, 49.800594], [6.02733, 49.800583], [6.027304, 49.80057], [6.027277, 49.80056], [6.02725, 49.800556], [6.027204, 49.80055], [6.02717, 49.80055], [6.027124, 49.800545], [6.027082, 49.800533], [6.027002, 49.800507], [6.026819, 49.80055], [6.026716, 49.800507], [6.026636, 49.800495], [6.026625, 49.800488], [6.026575, 49.800446], [6.026396, 49.80048], [6.026354, 49.800453], [6.026339, 49.800446], [6.025915, 49.800156], [6.025854, 49.79996], [6.025847, 49.799934], [6.025526, 49.80002], [6.025476, 49.800003], [6.024988, 49.799877], [6.024569, 49.799778], [6.024286, 49.799713], [6.024126, 49.79968], [6.023828, 49.799606], [6.023371, 49.79949], [6.022844, 49.799328], [6.022661, 49.79927], [6.022333, 49.799168], [6.021917, 49.79905], [6.021761, 49.799015], [6.021315, 49.7989], [6.02112, 49.798855], [6.021028, 49.79883], [6.020414, 49.79867], [6.019983, 49.798576], [6.019503, 49.798466], [6.01972, 49.797897], [6.019941, 49.797653], [6.020361, 49.797207], [6.020578, 49.796967], [6.0207, 49.796818], [6.020632, 49.79679], [6.020563, 49.796764], [6.020502, 49.796745], [6.020449, 49.796734], [6.020361, 49.79671], [6.020323, 49.796703], [6.020285, 49.796688], [6.020239, 49.796665], [6.020136, 49.79662], [6.020021, 49.796577], [6.019873, 49.796535], [6.019781, 49.796513], [6.019705, 49.796486], [6.019671, 49.796467], [6.019606, 49.79644], [6.019323, 49.796356], [6.019186, 49.796314], [6.019083, 49.796288], [6.018988, 49.796265], [6.018843, 49.79624], [6.018744, 49.79622], [6.018686, 49.79621], [6.018614, 49.796207], [6.018545, 49.796192], [6.018446, 49.79616], [6.0184, 49.79615], [6.018347, 49.79614], [6.018286, 49.79613], [6.018232, 49.796112], [6.018171, 49.796093], [6.018099, 49.79608], [6.018026, 49.79607], [6.0179, 49.796036], [6.017851, 49.796024], [6.017775, 49.796013], [6.017668, 49.795986], [6.017588, 49.795967], [6.017504, 49.795956], [6.017279, 49.795925], [6.016981, 49.79585], [6.016768, 49.79582], [6.016687, 49.795807], [6.016546, 49.7958], [6.01642, 49.795776], [6.016317, 49.795757], [6.016253, 49.795734], [6.016153, 49.79568], [6.016096, 49.79566], [6.015986, 49.79563], [6.015917, 49.795597], [6.015886, 49.795586], [6.015791, 49.795563], [6.01568, 49.795532], [6.015631, 49.795525], [6.015501, 49.79551], [6.015425, 49.795498], [6.015345, 49.795475], [6.015226, 49.79544], [6.015257, 49.79533], [6.015268, 49.7953], [6.015345, 49.79505], [6.01536, 49.79499], [6.015448, 49.794636], [6.015543, 49.794132], [6.015551, 49.794083], [6.015589, 49.793743], [6.015593, 49.793625], [6.015535, 49.793365], [6.015467, 49.79308], [6.015337, 49.792664], [6.015234, 49.79248], [6.01515, 49.79235], [6.014864, 49.791924], [6.014811, 49.791843], [6.014689, 49.791668], [6.014532, 49.791435], [6.014536, 49.7913], [6.014536, 49.79114], [6.01454, 49.79095], [6.013994, 49.790752], [6.013239, 49.79047], [6.012609, 49.79024], [6.013029, 49.789753], [6.01314, 49.789627], [6.013304, 49.789417], [6.013445, 49.789154], [6.013502, 49.788994], [6.01354, 49.788868], [6.013575, 49.788696], [6.013582, 49.78851], [6.013582, 49.788334], [6.013578, 49.78816], [6.013567, 49.787983], [6.013285, 49.787983], [6.013262, 49.78798], [6.013266, 49.787914], [6.013262, 49.787827], [6.013258, 49.787766], [6.01325, 49.787724], [6.013201, 49.78768], [6.013155, 49.787655], [6.013124, 49.78762], [6.013117, 49.787598], [6.01314, 49.78753], [6.013151, 49.787502], [6.013159, 49.787476], [6.013159, 49.787445], [6.013155, 49.78738], [6.013151, 49.78736], [6.013159, 49.78733], [6.01317, 49.787308], [6.013201, 49.78727], [6.013281, 49.787163], [6.0133, 49.787148], [6.013311, 49.78714], [6.013334, 49.78713], [6.013376, 49.78711], [6.013407, 49.78709], [6.013433, 49.78708], [6.01346, 49.787075], [6.013483, 49.787075], [6.013517, 49.78708], [6.01354, 49.78708], [6.013563, 49.787075], [6.013586, 49.78706], [6.013598, 49.787037], [6.013605, 49.787003], [6.013605, 49.786983], [6.013609, 49.78697], [6.013594, 49.78696], [6.013536, 49.786926], [6.013262, 49.78697], [6.013143, 49.786983], [6.012968, 49.786995], [6.012835, 49.786995], [6.012739, 49.786987], [6.012304, 49.786926], [6.012056, 49.786907], [6.011824, 49.78688], [6.011686, 49.78687], [6.01148, 49.786858], [6.011141, 49.786835], [6.011076, 49.786793], [6.010965, 49.786736], [6.010481, 49.78681], [6.01037, 49.78679], [6.010279, 49.78678], [6.01008, 49.786774], [6.009878, 49.786777], [6.009638, 49.786804], [6.009279, 49.78685], [6.009138, 49.786877], [6.008955, 49.786922], [6.008711, 49.786995], [6.008589, 49.787025], [6.008444, 49.78705], [6.008154, 49.78709], [6.008104, 49.7871], [6.008024, 49.78713], [6.00794, 49.787163], [6.007765, 49.78725], [6.00773, 49.78727], [6.007677, 49.787296], [6.007563, 49.787304], [6.007448, 49.78731], [6.006445, 49.78739], [6.006395, 49.78738], [6.006025, 49.787285], [6.005949, 49.78727], [6.005674, 49.7872], [6.005613, 49.787186], [6.005358, 49.78712], [6.005217, 49.787086], [6.004, 49.786808], [6.003138, 49.7866], [6.002531, 49.78636], [6.002134, 49.786213], [6.001486, 49.785965], [6.001436, 49.785942], [6.001585, 49.78572], [6.001825, 49.785408], [6.001791, 49.78539], [6.00152, 49.785225], [6.00107, 49.78495], [6.00057, 49.78465], [5.999941, 49.78426], [5.999784, 49.784164], [5.999613, 49.784065], [5.999521, 49.78402], [5.99925, 49.7839], [5.998907, 49.78375], [5.998865, 49.78373], [5.99851, 49.783573], [5.999006, 49.78271], [5.998587, 49.782448], [5.998293, 49.782257], [5.998068, 49.782112], [5.997915, 49.782017], [5.997721, 49.78189], [5.997694, 49.78187], [5.997969, 49.781715], [5.998442, 49.78145], [5.999067, 49.781094], [5.999048, 49.781082], [5.998781, 49.78095], [5.998503, 49.78081], [5.998255, 49.78069], [5.998636, 49.780365], [5.999258, 49.779785], [5.999277, 49.779766], [5.999243, 49.77975], [5.99917, 49.77972], [5.999029, 49.779663], [5.999079, 49.779613], [5.999132, 49.779556], [5.999144, 49.779545], [5.999403, 49.779266], [5.99954, 49.779125], [5.999716, 49.778942], [6.000193, 49.77854], [6.000299, 49.778423], [6.000345, 49.778297], [6.000349, 49.77816], [6.00041, 49.777924], [6.000608, 49.77744], [6.000734, 49.77716], [6.000822, 49.776703], [6.000387, 49.776424], [6.000074, 49.776226], [5.999807, 49.775986], [5.999613, 49.77581], [5.999289, 49.775524], [5.998873, 49.77516], [5.998743, 49.775047], [5.998964, 49.775063], [5.999212, 49.775078], [5.999952, 49.775127], [5.999975, 49.774864], [6.000006, 49.774487], [6.000006, 49.774445], [6.001585, 49.774464], [6.001589, 49.774437], [6.001654, 49.774433], [6.001619, 49.774353], [6.001581, 49.774254], [6.001493, 49.77404], [6.001391, 49.773785], [6.002062, 49.773666], [6.00239, 49.77359], [6.002794, 49.773476], [6.003088, 49.773384], [6.002947, 49.773205], [6.002829, 49.773064], [6.002775, 49.77305], [6.002752, 49.77302], [6.002668, 49.77303], [6.002577, 49.77302], [6.002501, 49.773003], [6.002386, 49.772957], [6.002245, 49.772873], [6.002066, 49.77281], [6.001844, 49.772766], [6.001585, 49.772736], [6.001307, 49.77271], [6.001032, 49.772617], [6.000784, 49.77253], [6.000677, 49.7725], [6.00062, 49.77249], [6.000475, 49.772488], [6.000311, 49.772503], [6.000193, 49.7725], [6.000013, 49.772446], [5.999849, 49.772346], [5.999796, 49.77224], [5.999769, 49.77213], [5.999723, 49.77205], [5.99967, 49.772003], [5.999502, 49.77192], [5.999342, 49.771862], [5.999224, 49.771828], [5.999186, 49.771797], [5.999136, 49.771717], [5.999064, 49.771667], [5.9989, 49.771626], [5.998758, 49.77161], [5.998617, 49.771633], [5.998495, 49.771687], [5.998213, 49.771828], [5.99811, 49.77186], [5.998014, 49.771835], [5.997919, 49.771793], [5.997835, 49.77173], [5.997663, 49.771503], [5.997534, 49.771286], [5.99748, 49.7711], [5.997461, 49.77095], [5.997446, 49.770714], [5.997423, 49.770634], [5.99729, 49.770527], [5.99711, 49.77037], [5.996969, 49.770294], [5.996828, 49.770267], [5.996664, 49.770256], [5.99645, 49.770275], [5.996016, 49.770317], [5.996084, 49.77025], [5.997004, 49.7693], [5.997175, 49.769127], [5.996916, 49.768925], [5.996859, 49.768887], [5.996881, 49.768867], [5.997045, 49.768738], [5.997213, 49.76861], [5.997316, 49.768528], [5.997225, 49.768486], [5.997042, 49.768406], [5.996927, 49.768337], [5.996874, 49.768295], [5.996855, 49.768272], [5.996836, 49.768234], [5.996836, 49.768192], [5.996885, 49.76801], [5.996908, 49.767937], [5.996984, 49.767715], [5.99711, 49.767292], [5.997175, 49.76701], [5.997312, 49.76639], [5.99737, 49.766155], [5.997515, 49.765663], [5.997564, 49.765526], [5.997652, 49.765316], [5.997728, 49.765152], [5.997923, 49.764755], [5.998014, 49.76459], [5.998114, 49.764435], [5.998289, 49.764412], [5.998503, 49.76439], [5.998613, 49.764378], [5.99864, 49.76433], [5.998678, 49.764244], [5.999109, 49.763298], [5.999815, 49.76189], [5.999308, 49.761784], [5.999227, 49.761765], [5.998659, 49.761612], [5.998091, 49.761448], [5.997995, 49.761417], [5.997385, 49.761242], [5.996897, 49.7611], [5.996504, 49.760983], [5.996, 49.760803], [5.995794, 49.76071], [5.995462, 49.760536], [5.995733, 49.760246], [5.995863, 49.76011], [5.996088, 49.759865], [5.996164, 49.759842], [5.996111, 49.759804], [5.995462, 49.759407], [5.994394, 49.758728], [5.99365, 49.758236], [5.993593, 49.758183], [5.993578, 49.758125], [5.993586, 49.757915], [5.993551, 49.75774], [5.993483, 49.757614], [5.993334, 49.757362], [5.993174, 49.75711], [5.993082, 49.75697], [5.992983, 49.756878], [5.99283, 49.75677], [5.992521, 49.75662], [5.991968, 49.756348], [5.991472, 49.756096], [5.991125, 49.7559], [5.990828, 49.75573], [5.990591, 49.75558], [5.990225, 49.755295], [5.989809, 49.75498], [5.989744, 49.754948], [5.989592, 49.754917], [5.989206, 49.754845], [5.988779, 49.754772], [5.988428, 49.75472], [5.988077, 49.754684], [5.987966, 49.754627], [5.987955, 49.75435], [5.988954, 49.754158], [5.989042, 49.75414], [5.989687, 49.754017], [5.989233, 49.7536], [5.989134, 49.75348], [5.989088, 49.75341], [5.989065, 49.75336], [5.989054, 49.75333], [5.989023, 49.753235], [5.988996, 49.753117], [5.988974, 49.75296], [5.98897, 49.7528], [5.988993, 49.75264], [5.989004, 49.752472], [5.988375, 49.752174], [5.988691, 49.751938], [5.988867, 49.751804], [5.988913, 49.751762], [5.989073, 49.75136], [5.989164, 49.751057], [5.989244, 49.750824], [5.989412, 49.75033], [5.988886, 49.750275], [5.988932, 49.75019], [5.988985, 49.75008], [5.989069, 49.749958], [5.98916, 49.749817], [5.989057, 49.749794], [5.988401, 49.749645], [5.987665, 49.749447], [5.987421, 49.74937], [5.987028, 49.74923], [5.987017, 49.74922], [5.986815, 49.749123], [5.986486, 49.748943], [5.985933, 49.74861], [5.986143, 49.748466], [5.986376, 49.74831], [5.986532, 49.748203], [5.986914, 49.74794], [5.98704, 49.747852], [5.98744, 49.747578], [5.987635, 49.747444], [5.987825, 49.74731], [5.987848, 49.74729], [5.98797, 49.74718], [5.988165, 49.74701], [5.988394, 49.746838], [5.988481, 49.746765], [5.988546, 49.74669], [5.988646, 49.74657], [5.988798, 49.746365], [5.988897, 49.74624], [5.989141, 49.74593], [5.989252, 49.745792], [5.989363, 49.745655], [5.989534, 49.745438], [5.989573, 49.745384], [5.989607, 49.745342], [5.98966, 49.745266], [5.989763, 49.74513], [5.989782, 49.745102], [5.989843, 49.74502], [5.989916, 49.74492], [5.989935, 49.744896], [5.990103, 49.744667], [5.990858, 49.744957], [5.990988, 49.74482], [5.990999, 49.74481], [5.990232, 49.74447], [5.989729, 49.744236], [5.988642, 49.743744], [5.988226, 49.74356], [5.987635, 49.74329], [5.987013, 49.743008], [5.987028, 49.742996], [5.987959, 49.742508], [5.988115, 49.742424], [5.988157, 49.742397], [5.988317, 49.742313], [5.988638, 49.7421], [5.988871, 49.74194], [5.988596, 49.74182], [5.988829, 49.74135], [5.988874, 49.74126], [5.98892, 49.741165], [5.989611, 49.74147], [5.989721, 49.74152], [5.990534, 49.741882], [5.990541, 49.74187], [5.990637, 49.74174], [5.99066, 49.741703], [5.99135, 49.741978], [5.99164, 49.742073], [5.991907, 49.742146], [5.992273, 49.74222], [5.99264, 49.74229], [5.9928, 49.74232], [5.992815, 49.742306], [5.992842, 49.74228], [5.992918, 49.742203], [5.992933, 49.742184], [5.993002, 49.742115], [5.993097, 49.742023], [5.993227, 49.742092], [5.993261, 49.742107], [5.993463, 49.742214], [5.993708, 49.742344], [5.99399, 49.742077], [5.99449, 49.741608], [5.994867, 49.741222], [5.995165, 49.740925], [5.995432, 49.74101], [5.995459, 49.74102], [5.995607, 49.741066], [5.995771, 49.741123], [5.996107, 49.741234], [5.996286, 49.74129], [5.996477, 49.741356], [5.996676, 49.74142], [5.996836, 49.741474], [5.996992, 49.741524], [5.997103, 49.74156], [5.997206, 49.741596], [5.997415, 49.741665], [5.997637, 49.741737], [5.997747, 49.74177], [5.997507, 49.742115], [5.997366, 49.742287], [5.997259, 49.742393], [5.997374, 49.742443], [5.997454, 49.742474], [5.997465, 49.74248], [5.997576, 49.742523], [5.99774, 49.74259], [5.997759, 49.742577], [5.998171, 49.74222], [5.998365, 49.742043], [5.998514, 49.741894], [5.998587, 49.74181], [5.998712, 49.74165], [5.998938, 49.741383], [5.999155, 49.741116], [5.999426, 49.740788], [5.999594, 49.74062], [5.999823, 49.74042], [6.000036, 49.74026], [6.000162, 49.740173], [6.000238, 49.740124], [6.000612, 49.739727], [6.000906, 49.739403], [6.000956, 49.73934], [6.001566, 49.738552], [6.001993, 49.73796], [6.002005, 49.737934], [6.002218, 49.73792], [6.00255, 49.737877], [6.003012, 49.7378], [6.003191, 49.737762], [6.003427, 49.7377], [6.003672, 49.737625], [6.004114, 49.73749], [6.004664, 49.737324], [6.004713, 49.737293], [6.004801, 49.73721], [6.004896, 49.737103], [6.004992, 49.737026], [6.005033, 49.737007], [6.005144, 49.73697], [6.005262, 49.736935], [6.005461, 49.736897], [6.005598, 49.736874], [6.00577, 49.73686], [6.005922, 49.736847], [6.00635, 49.736828], [6.006845, 49.736816], [6.006864, 49.736782], [6.006918, 49.736626], [6.006964, 49.736504], [6.006983, 49.73644], [6.006998, 49.736404], [6.007044, 49.736275], [6.0068, 49.7363], [6.00664, 49.735878], [6.006617, 49.735813], [6.006575, 49.735706], [6.006617, 49.735577], [6.006605, 49.73556], [6.005785, 49.735405], [6.005552, 49.73536], [6.005209, 49.735283], [6.004904, 49.7352], [6.004618, 49.735104], [6.004335, 49.734993], [6.004164, 49.73493], [6.004011, 49.73487], [6.003668, 49.73476], [6.003164, 49.73462], [6.001631, 49.734207], [6.001006, 49.734031], [6.001017, 49.73401], [6.001085, 49.733913], [6.001169, 49.7338], [6.001226, 49.733727], [6.00123, 49.733715], [6.001261, 49.73368], [6.001516, 49.73333], [6.001718, 49.73305], [6.001863, 49.73309], [6.002008, 49.733128], [6.002688, 49.732582], [6.002798, 49.73248], [6.002863, 49.732414], [6.003084, 49.73212], [6.003168, 49.732006], [6.003248, 49.731842], [6.003294, 49.73171], [6.003317, 49.731503], [6.003328, 49.731415], [6.003321, 49.731358], [6.004877, 49.73115], [6.004755, 49.730793], [6.004705, 49.730656], [6.00469, 49.730618], [6.004656, 49.730515], [6.004644, 49.730488], [6.004595, 49.73035], [6.004446, 49.730015], [6.004423, 49.729965], [6.004351, 49.72979], [6.004332, 49.729748], [6.004274, 49.729607], [6.004259, 49.729576], [6.004217, 49.72947], [6.00419, 49.72941], [6.004126, 49.729244], [6.004015, 49.728977], [6.003984, 49.728912], [6.003973, 49.72888], [6.003946, 49.72882], [6.003809, 49.728516], [6.003813, 49.728447], [6.003824, 49.727955], [6.0044, 49.727722], [6.004538, 49.72767], [6.004793, 49.72749], [6.004976, 49.72738], [6.00524, 49.72722], [6.005011, 49.727047], [6.00498, 49.727036], [6.004885, 49.72701], [6.004782, 49.72698], [6.004686, 49.726948], [6.004587, 49.726917], [6.004347, 49.72684], [6.00416, 49.726784], [6.004099, 49.72677], [6.004129, 49.726727], [6.004465, 49.726322], [6.004717, 49.72599], [6.004934, 49.72569], [6.005056, 49.725525], [6.005213, 49.72529], [6.004896, 49.725193], [6.004747, 49.72515], [6.004599, 49.725105], [6.004404, 49.725048], [6.004175, 49.72498], [6.00395, 49.72491], [6.003859, 49.724884], [6.00345, 49.72476], [6.003382, 49.72474], [6.003469, 49.724575], [6.002688, 49.724327], [6.002542, 49.72428], [6.002073, 49.724133], [6.001852, 49.72406], [6.002153, 49.723747], [6.002585, 49.723274], [6.003057, 49.722736], [6.002909, 49.722687], [6.003279, 49.722168], [6.003569, 49.72176], [6.00358, 49.721737], [6.00342, 49.72172], [6.003061, 49.721695], [6.002852, 49.721664], [6.002436, 49.721573], [6.001539, 49.721344], [6.000727, 49.721127], [5.999498, 49.720875], [5.997679, 49.720474], [5.995844, 49.719986], [5.994326, 49.719597], [5.993074, 49.7193], [5.992792, 49.71925], [5.992426, 49.719223], [5.991884, 49.71915], [5.991045, 49.71901], [5.990622, 49.71895], [5.990389, 49.719], [5.990404, 49.719044], [5.990419, 49.719166], [5.990423, 49.719345], [5.990397, 49.7195], [5.990343, 49.71965], [5.990278, 49.719807], [5.989958, 49.720497], [5.989912, 49.720646], [5.989908, 49.720676], [5.989916, 49.7207], [5.990026, 49.720913], [5.990152, 49.72121], [5.990225, 49.72143], [5.990252, 49.72155], [5.990271, 49.72171], [5.990332, 49.722164], [5.990335, 49.72222], [5.990339, 49.722244], [5.990332, 49.722294], [5.990313, 49.722343], [5.990175, 49.72268], [5.99008, 49.722862], [5.989992, 49.72302], [5.989836, 49.72326], [5.989744, 49.72339], [5.989458, 49.723724], [5.98942, 49.723717], [5.989119, 49.723644], [5.988882, 49.723606], [5.988722, 49.723595], [5.988489, 49.723595], [5.988123, 49.723637], [5.988119, 49.723682], [5.987833, 49.72372], [5.987707, 49.72373], [5.987604, 49.723724], [5.987482, 49.72371], [5.987333, 49.72368], [5.987131, 49.723633], [5.986845, 49.723568], [5.986513, 49.723484], [5.986265, 49.72343], [5.986059, 49.723377], [5.985819, 49.723305], [5.98564, 49.72324], [5.985453, 49.723183], [5.985208, 49.723114], [5.985067, 49.723083], [5.985098, 49.72303], [5.985167, 49.722904], [5.984217, 49.722713], [5.98382, 49.722637], [5.98353, 49.722576], [5.983221, 49.722504], [5.983068, 49.722458], [5.982798, 49.72238], [5.982649, 49.72234], [5.98234, 49.722248], [5.982046, 49.722164], [5.981893, 49.722115], [5.981741, 49.72207], [5.981321, 49.72194], [5.981192, 49.721878], [5.980784, 49.72162], [5.980528, 49.721443], [5.980421, 49.72138], [5.980322, 49.721344], [5.980226, 49.72131], [5.980051, 49.721245], [5.979849, 49.721165], [5.97965, 49.721104], [5.979544, 49.72107], [5.979422, 49.72102], [5.979326, 49.720978], [5.979223, 49.72093], [5.979132, 49.720886], [5.978998, 49.72086], [5.978926, 49.720848], [5.978868, 49.720833], [5.978746, 49.720795], [5.978468, 49.720703], [5.978353, 49.720673], [5.978128, 49.72065], [5.977583, 49.72058], [5.977346, 49.720554], [5.977041, 49.72053], [5.976778, 49.72051], [5.976442, 49.720474], [5.976248, 49.720455], [5.975859, 49.720406], [5.975664, 49.72039], [5.975466, 49.720364], [5.975244, 49.720337], [5.974993, 49.7203], [5.974878, 49.72028], [5.974756, 49.72026], [5.97444, 49.720245], [5.974325, 49.720238], [5.974096, 49.720222], [5.973875, 49.7202], [5.973379, 49.72016], [5.973146, 49.720146], [5.972868, 49.72014], [5.97262, 49.720127], [5.972158, 49.720177], [5.972147, 49.720177], [5.971682, 49.720222], [5.971491, 49.72021], [5.971335, 49.720203], [5.971033, 49.720398], [5.970865, 49.720932], [5.970572, 49.720943], [5.970285, 49.72095], [5.970175, 49.72095], [5.970259, 49.721077], [5.970175, 49.721054], [5.969923, 49.72093], [5.969534, 49.720726], [5.969397, 49.720634], [5.969133, 49.72039], [5.968805, 49.72007], [5.968512, 49.719826], [5.967295, 49.719425], [5.966772, 49.71902], [5.966165, 49.718597], [5.9652, 49.71826], [5.96517, 49.718243], [5.965147, 49.718227], [5.965124, 49.71821], [5.96493, 49.71785], [5.964754, 49.71753], [5.964708, 49.717457], [5.964685, 49.717422], [5.96464, 49.717377], [5.964567, 49.71732], [5.964285, 49.71707], [5.964212, 49.71699], [5.963755, 49.716816], [5.963381, 49.716644], [5.962908, 49.716393], [5.962568, 49.71619], [5.962439, 49.716194], [5.961801, 49.71592], [5.961458, 49.71564], [5.961279, 49.71552], [5.96129, 49.715443], [5.96097, 49.71526], [5.960051, 49.714733], [5.959616, 49.7145], [5.957643, 49.713608], [5.957174, 49.713413], [5.956778, 49.71327], [5.95616, 49.713062], [5.955576, 49.7129], [5.955278, 49.712803], [5.954569, 49.712585], [5.954405, 49.71253], [5.954313, 49.712486], [5.95421, 49.712425], [5.953505, 49.71188], [5.952719, 49.71129], [5.952131, 49.71088], [5.951521, 49.71047], [5.951368, 49.71032], [5.951216, 49.710144], [5.95104, 49.70991], [5.950853, 49.709644], [5.950544, 49.709286], [5.950316, 49.709034], [5.950197, 49.708874], [5.950197, 49.70883], [5.95009, 49.70872], [5.950029, 49.708683], [5.949839, 49.708626], [5.949637, 49.7086], [5.94935, 49.70859], [5.949038, 49.708603], [5.948378, 49.708626], [5.94792, 49.708652], [5.947317, 49.70869], [5.946867, 49.708702], [5.946535, 49.708702], [5.946253, 49.708714], [5.945112, 49.708244], [5.944502, 49.707973], [5.943945, 49.70772], [5.943281, 49.707413], [5.942873, 49.707184], [5.942167, 49.706776], [5.941286, 49.70626], [5.940309, 49.70569], [5.939619, 49.705288], [5.938681, 49.704746], [5.938047, 49.704376], [5.93759, 49.70413], [5.937021, 49.703873], [5.936659, 49.70376], [5.936094, 49.703594], [5.935625, 49.70346], [5.934557, 49.70316], [5.934046, 49.703014], [5.932646, 49.702618], [5.932424, 49.702557], [5.932203, 49.7025], [5.931616, 49.702366], [5.931078, 49.702263], [5.930544, 49.702175], [5.929979, 49.70211], [5.929831, 49.702057], [5.929789, 49.70204], [5.929327, 49.701912], [5.929167, 49.701874], [5.929155, 49.701885], [5.929064, 49.701977], [5.928976, 49.702057], [5.928965, 49.70207], [5.928637, 49.70238], [5.928217, 49.7028], [5.92816, 49.70288], [5.928099, 49.702988], [5.927992, 49.70317], [5.92787, 49.70341], [5.92779, 49.70357], [5.927519, 49.703533], [5.927469, 49.703518], [5.927206, 49.703426], [5.927175, 49.703415], [5.926573, 49.703205], [5.926054, 49.70302], [5.925779, 49.702934], [5.925478, 49.702835], [5.925035, 49.70271], [5.924623, 49.702637], [5.924486, 49.702663], [5.924135, 49.702732], [5.923723, 49.702885], [5.923445, 49.70309], [5.9233, 49.703194], [5.922861, 49.70348], [5.922762, 49.703545], [5.922758, 49.70356], [5.922659, 49.703773], [5.922579, 49.703964], [5.922594, 49.704044], [5.922655, 49.70434], [5.922667, 49.704685], [5.922789, 49.704845], [5.92285, 49.704918], [5.922815, 49.705036], [5.922762, 49.70518], [5.922689, 49.705235], [5.922648, 49.705265], [5.922598, 49.705303], [5.922556, 49.705284], [5.922483, 49.70524], [5.922426, 49.705204], [5.922163, 49.705048], [5.921808, 49.70475], [5.921736, 49.704685], [5.921648, 49.704636], [5.921194, 49.70435], [5.920656, 49.70442], [5.920191, 49.704403], [5.919645, 49.704384], [5.919393, 49.70437], [5.919268, 49.704338], [5.918844, 49.704243], [5.918448, 49.70421], [5.918058, 49.704193], [5.918005, 49.704197], [5.917646, 49.70426], [5.917231, 49.704315], [5.916929, 49.704353], [5.916723, 49.70437], [5.916616, 49.70413], [5.916594, 49.704094], [5.91646, 49.703976], [5.916178, 49.703754], [5.915918, 49.703625], [5.915483, 49.70344], [5.91527, 49.703377], [5.915133, 49.703335], [5.914648, 49.703217], [5.914526, 49.703182], [5.913927, 49.70329], [5.913732, 49.70333], [5.913446, 49.70361], [5.913153, 49.703896], [5.912981, 49.704067], [5.912924, 49.70412], [5.912836, 49.7042], [5.912687, 49.704346], [5.912611, 49.70442], [5.912481, 49.704544], [5.912359, 49.704647], [5.912344, 49.704662], [5.912302, 49.704697], [5.912222, 49.704758], [5.912184, 49.70479], [5.912069, 49.70487], [5.911978, 49.70494], [5.911741, 49.704933], [5.911264, 49.705418], [5.910917, 49.705746], [5.91012, 49.70659], [5.909941, 49.706806], [5.909868, 49.70694], [5.9098, 49.707146], [5.909754, 49.707397], [5.909723, 49.707562], [5.909716, 49.70765], [5.909738, 49.707966], [5.909811, 49.708294], [5.909754, 49.7083], [5.90975, 49.708378], [5.909754, 49.708454], [5.909761, 49.708565], [5.909777, 49.708656], [5.909792, 49.708717], [5.909822, 49.708797], [5.909861, 49.708874], [5.909918, 49.708973], [5.909983, 49.70908], [5.910044, 49.709175], [5.910089, 49.709167], [5.910219, 49.709568], [5.910376, 49.71001], [5.910437, 49.71021], [5.910395, 49.710217], [5.910395, 49.710365], [5.910063, 49.71065], [5.909822, 49.710854], [5.909697, 49.710964], [5.909525, 49.71109], [5.909338, 49.711224], [5.909037, 49.711433], [5.908865, 49.711555], [5.908705, 49.711647], [5.908441, 49.711796], [5.90827, 49.71189], [5.908239, 49.711914], [5.907789, 49.71186], [5.907232, 49.71179], [5.906862, 49.71168], [5.906538, 49.711586], [5.905916, 49.7114], [5.905611, 49.71128], [5.905237, 49.711136], [5.90489, 49.711006], [5.904402, 49.7109], [5.90399, 49.710808], [5.903349, 49.710823], [5.903028, 49.710842], [5.902548, 49.710857], [5.902357, 49.710865], [5.902208, 49.71087], [5.901758, 49.71087], [5.901499, 49.710865], [5.90119, 49.710865], [5.900969, 49.71086], [5.900442, 49.71086], [5.900435, 49.710827], [5.899973, 49.710827], [5.899946, 49.710823], [5.899992, 49.710934], [5.900053, 49.7111], [5.900125, 49.71128], [5.900202, 49.711514], [5.900282, 49.71174], [5.900358, 49.711945], [5.900335, 49.71197], [5.900141, 49.71215], [5.899553, 49.71248], [5.899298, 49.712616], [5.898985, 49.712765], [5.898645, 49.712883], [5.898279, 49.712822], [5.897627, 49.71269], [5.896898, 49.712456], [5.896532, 49.712364], [5.896357, 49.71231], [5.896135, 49.712234], [5.895929, 49.71216], [5.895777, 49.712097], [5.895571, 49.711998], [5.895422, 49.711918], [5.895304, 49.711853], [5.89517, 49.711773], [5.895063, 49.711693], [5.894892, 49.711555], [5.894693, 49.7114], [5.894598, 49.71133], [5.89427, 49.711143], [5.893923, 49.710938], [5.893522, 49.710712], [5.893217, 49.710556], [5.892771, 49.71044], [5.892447, 49.710354], [5.89213, 49.710342], [5.891897, 49.710335], [5.891729, 49.710342], [5.891668, 49.710342], [5.89147, 49.71035], [5.891294, 49.710365], [5.89102, 49.71039], [5.890715, 49.710426], [5.890486, 49.71045], [5.89031, 49.710457], [5.890078, 49.71047], [5.889803, 49.71047], [5.889578, 49.71045], [5.889364, 49.710426], [5.888993, 49.710324], [5.888796, 49.71027], [5.888655, 49.710224], [5.888529, 49.710167], [5.888288, 49.71005], [5.887918, 49.70986], [5.887873, 49.709827], [5.88764, 49.70969], [5.887289, 49.70949], [5.886946, 49.70929], [5.886934, 49.709282], [5.886354, 49.709507], [5.886045, 49.709644], [5.885737, 49.709797], [5.885496, 49.709938], [5.885282, 49.710075], [5.885168, 49.710155], [5.885042, 49.710243], [5.884981, 49.710255], [5.88487, 49.710327], [5.884714, 49.71043], [5.884188, 49.710804], [5.88365, 49.711243], [5.883783, 49.71129], [5.883814, 49.711304], [5.883627, 49.711514], [5.883505, 49.71162], [5.883345, 49.71172], [5.88307, 49.71184], [5.882902, 49.7119], [5.882616, 49.71196], [5.882532, 49.711994], [5.882181, 49.7125], [5.882055, 49.712658], [5.881861, 49.712833], [5.881659, 49.71299], [5.881529, 49.713066], [5.881231, 49.713192], [5.880911, 49.713326], [5.880039, 49.713628], [5.879698, 49.713814], [5.879266, 49.714031], [5.878626, 49.714325], [5.878264, 49.7145], [5.877935, 49.714645], [5.877653, 49.714756], [5.877428, 49.714832], [5.877241, 49.714893], [5.876925, 49.71498], [5.87649, 49.715073], [5.876158, 49.715145], [5.876001, 49.715195], [5.875826, 49.71527], [5.875689, 49.71534], [5.875402, 49.71545], [5.87517, 49.715546], [5.874987, 49.715633], [5.874868, 49.7157], [5.874796, 49.715755], [5.874762, 49.715862], [5.874742, 49.716034], [5.87475, 49.716133], [5.874823, 49.716557], [5.874803, 49.71669], [5.874739, 49.71683], [5.874594, 49.717033], [5.874418, 49.71723], [5.874277, 49.717342], [5.874117, 49.717438], [5.874243, 49.7175], [5.874952, 49.717705], [5.876555, 49.71813], [5.876539, 49.71816], [5.876017, 49.71881], [5.875628, 49.719303], [5.875601, 49.719322], [5.875525, 49.71937], [5.875467, 49.719414], [5.875421, 49.719456], [5.875387, 49.719505], [5.875315, 49.719677], [5.875181, 49.719982], [5.87499, 49.72046], [5.874987, 49.720505], [5.875002, 49.720562], [5.875025, 49.720608], [5.875059, 49.72064], [5.875124, 49.72067], [5.875631, 49.72087], [5.875628, 49.721172], [5.875608, 49.721237], [5.875574, 49.72132], [5.875509, 49.721455], [5.875464, 49.72153], [5.875414, 49.721603], [5.875299, 49.72173], [5.875174, 49.72185], [5.874983, 49.72182], [5.874792, 49.721794], [5.874643, 49.721767], [5.874369, 49.721725], [5.874243, 49.721706], [5.874029, 49.721676], [5.873823, 49.721645], [5.873632, 49.721615], [5.873568, 49.721603], [5.8734, 49.721603], [5.87319, 49.721607], [5.872831, 49.721607], [5.871962, 49.721592], [5.871813, 49.721596], [5.8715, 49.72162], [5.871214, 49.72164], [5.871058, 49.72164], [5.870722, 49.72162], [5.870573, 49.721897], [5.870447, 49.722145], [5.87039, 49.72227], [5.870336, 49.722427], [5.870306, 49.72256], [5.870291, 49.7227], [5.870283, 49.722816], [5.870325, 49.72306], [5.87039, 49.723244], [5.870447, 49.723408], [5.870012, 49.723583], [5.869947, 49.72361], [5.869894, 49.723637], [5.86978, 49.72369], [5.869589, 49.723785], [5.869661, 49.72395], [5.869108, 49.72441], [5.868452, 49.724827], [5.8678, 49.72529], [5.867552, 49.725464], [5.867292, 49.72565], [5.866957, 49.725914], [5.866987, 49.725925], [5.866942, 49.726208], [5.866724, 49.72636], [5.86669, 49.72638], [5.866667, 49.726383], [5.866617, 49.726376], [5.866587, 49.72637], [5.866541, 49.72639], [5.866495, 49.726414], [5.866461, 49.726418], [5.866419, 49.726414], [5.866335, 49.7264], [5.866285, 49.726395], [5.866228, 49.726402], [5.866163, 49.726414], [5.866083, 49.726418], [5.866011, 49.726425], [5.865942, 49.726444], [5.865896, 49.726463], [5.865843, 49.726505], [5.865801, 49.726532], [5.865751, 49.72655], [5.865732, 49.72656], [5.865709, 49.726593], [5.865694, 49.726627], [5.865671, 49.726654], [5.865645, 49.72667], [5.865583, 49.726692], [5.865526, 49.726707], [5.86548, 49.726727], [5.865431, 49.72676], [5.865335, 49.726837], [5.865278, 49.72687], [5.865198, 49.726913], [5.865095, 49.72695], [5.865026, 49.726963], [5.864962, 49.726955], [5.864687, 49.7269], [5.864164, 49.72679], [5.863989, 49.726757], [5.86379, 49.726738], [5.863455, 49.726704], [5.862841, 49.726658], [5.862612, 49.7266], [5.862089, 49.72643], [5.861917, 49.726322], [5.861727, 49.726215], [5.861509, 49.726376], [5.861319, 49.726482], [5.861204, 49.726547], [5.861185, 49.72656], [5.861135, 49.726574], [5.861036, 49.726593], [5.861002, 49.72661], [5.86091, 49.726654], [5.860846, 49.726677], [5.86072, 49.726715], [5.860678, 49.726738], [5.860552, 49.72683], [5.860456, 49.726887], [5.860407, 49.726913], [5.860327, 49.726963], [5.860285, 49.726997], [5.860251, 49.727028], [5.860186, 49.72709], [5.860041, 49.727234], [5.859606, 49.72696], [5.859526, 49.726925], [5.859201, 49.7268], [5.859007, 49.72671], [5.858835, 49.72662], [5.857744, 49.726357], [5.8575, 49.72627], [5.857161, 49.72611], [5.856794, 49.72592], [5.85631, 49.725628], [5.856123, 49.725502], [5.856028, 49.725407], [5.855844, 49.725197], [5.85499, 49.72485], [5.854402, 49.724625], [5.853575, 49.72456], [5.852938, 49.724495], [5.852007, 49.724396], [5.851702, 49.72435], [5.851191, 49.72424], [5.850794, 49.72416], [5.8505, 49.72409], [5.85018, 49.724], [5.849909, 49.723915], [5.849634, 49.723793], [5.848871, 49.723457], [5.848555, 49.723328], [5.848215, 49.723206], [5.847734, 49.72305], [5.847536, 49.722973], [5.847231, 49.72281], [5.847029, 49.72269], [5.846891, 49.722588], [5.846575, 49.72233], [5.846281, 49.722126], [5.846022, 49.721992], [5.845636, 49.7218], [5.844828, 49.721424], [5.844675, 49.721375], [5.844519, 49.721336], [5.844294, 49.721306], [5.843893, 49.721268], [5.843279, 49.72123], [5.842897, 49.72122], [5.84273, 49.721222], [5.842306, 49.721264], [5.840929, 49.72144], [5.840661, 49.721508], [5.840372, 49.721703], [5.839777, 49.72197], [5.839598, 49.722034], [5.839045, 49.722206], [5.838984, 49.722237], [5.838694, 49.72245], [5.837843, 49.722992], [5.838316, 49.72357], [5.838221, 49.72361], [5.837961, 49.723713], [5.837923, 49.72373], [5.838011, 49.723843], [5.837744, 49.723957], [5.837618, 49.724003], [5.83758, 49.724003], [5.837156, 49.724014], [5.836668, 49.72403], [5.835497, 49.724285], [5.835306, 49.724472], [5.834715, 49.72439], [5.834715, 49.72413], [5.834524, 49.724117], [5.834475, 49.724117], [5.83449, 49.724037], [5.834192, 49.72408], [5.833712, 49.72413], [5.833494, 49.724155], [5.832914, 49.724297], [5.832579, 49.724384], [5.832262, 49.724434], [5.831926, 49.724464], [5.831583, 49.724483], [5.831392, 49.72447], [5.831211, 49.724437], [5.830965, 49.724392], [5.8305, 49.724293], [5.829843, 49.72414], [5.829294, 49.72399], [5.828478, 49.723778], [5.82826, 49.72372], [5.828061, 49.723682], [5.827967, 49.723656], [5.827524, 49.723583], [5.827227, 49.72354], [5.827024, 49.723526], [5.82657, 49.72351], [5.826334, 49.72352], [5.82617, 49.723732], [5.82614, 49.72375], [5.826082, 49.72385], [5.826044, 49.723904], [5.825979, 49.723965], [5.825926, 49.72402], [5.825754, 49.724136], [5.825556, 49.724285], [5.82543, 49.724377], [5.825304, 49.724487], [5.825151, 49.72464], [5.825045, 49.72476], [5.82498, 49.724846], [5.824869, 49.725025], [5.824801, 49.725143], [5.824758, 49.725224], [5.824614, 49.725548], [5.82445, 49.725883], [5.824366, 49.72605], [5.825232, 49.72637], [5.825605, 49.7265], [5.825975, 49.72662], [5.826277, 49.726723], [5.826502, 49.726788], [5.826857, 49.72687], [5.826922, 49.726887], [5.826761, 49.727352], [5.826765, 49.72745], [5.826769, 49.72764], [5.826677, 49.727814], [5.826788, 49.727894], [5.826689, 49.728092], [5.826582, 49.728313], [5.826658, 49.728462], [5.826708, 49.72852], [5.826796, 49.728596], [5.826883, 49.72867], [5.82696, 49.72873], [5.827192, 49.728874], [5.827024, 49.729095], [5.826994, 49.72913], [5.826902, 49.72925], [5.826742, 49.729458], [5.826708, 49.729504], [5.826632, 49.72962], [5.826536, 49.72977], [5.826426, 49.72995], [5.826136, 49.730457], [5.825853, 49.73097], [5.825624, 49.731487], [5.825418, 49.732002], [5.825728, 49.732082], [5.826098, 49.732174], [5.826277, 49.732224], [5.826456, 49.732273], [5.82683, 49.73238], [5.827181, 49.732483], [5.827539, 49.732605], [5.827723, 49.732704], [5.827807, 49.732758], [5.827822, 49.732765], [5.827948, 49.73285], [5.828085, 49.732937], [5.828287, 49.733322], [5.828268, 49.733383], [5.828245, 49.73345], [5.828138, 49.73375], [5.82815, 49.733883], [5.82818, 49.734165], [5.828215, 49.734474], [5.828234, 49.734657], [5.828234, 49.735325], [5.828222, 49.735474], [5.828219, 49.735516], [5.828215, 49.735584], [5.828207, 49.735695], [5.828134, 49.735973], [5.828081, 49.736183], [5.827871, 49.73694], [5.828459, 49.73716], [5.828104, 49.737602], [5.827807, 49.737976], [5.827681, 49.738297], [5.827654, 49.73836], [5.827555, 49.73863], [5.827391, 49.739113], [5.827497, 49.739174], [5.827822, 49.739357], [5.828062, 49.739483], [5.828424, 49.739666], [5.828608, 49.73976], [5.828878, 49.739918], [5.829161, 49.740078], [5.829325, 49.74017], [5.829393, 49.740204], [5.829508, 49.740273], [5.830019, 49.740578], [5.830217, 49.74065], [5.830298, 49.740677], [5.830656, 49.740795], [5.830885, 49.740852], [5.830965, 49.740875], [5.8314, 49.740997], [5.831572, 49.741047], [5.832022, 49.74121], [5.83222, 49.741283], [5.832518, 49.741398], [5.832628, 49.74145], [5.831911, 49.74199], [5.831785, 49.741962], [5.83161, 49.74219], [5.831522, 49.742313], [5.831488, 49.742374], [5.831442, 49.742462], [5.831377, 49.7426], [5.831301, 49.742584], [5.830385, 49.74338], [5.830572, 49.743633], [5.830763, 49.74394], [5.830828, 49.74404], [5.831026, 49.74437], [5.831133, 49.74455], [5.831236, 49.744717], [5.831297, 49.74482], [5.83135, 49.744915], [5.831434, 49.74516], [5.831472, 49.745243], [5.832403, 49.746864], [5.832434, 49.746925], [5.832239, 49.74716], [5.832087, 49.74733], [5.832083, 49.74741], [5.831907, 49.747673], [5.831686, 49.747803], [5.831602, 49.74782], [5.831106, 49.748333], [5.830915, 49.748535], [5.830858, 49.748608], [5.830828, 49.748665], [5.830755, 49.74895], [5.830629, 49.74939], [5.830603, 49.74947], [5.830561, 49.749546], [5.830465, 49.749615], [5.830313, 49.74968], [5.830088, 49.749752], [5.829615, 49.749855], [5.829172, 49.74997], [5.828951, 49.750046], [5.828886, 49.750088], [5.828741, 49.75008], [5.828608, 49.750076], [5.828493, 49.750084], [5.828383, 49.750095], [5.828257, 49.75011], [5.828169, 49.75014], [5.828058, 49.750187], [5.828001, 49.750225], [5.827978, 49.750256], [5.827848, 49.750256], [5.827723, 49.75026], [5.827704, 49.750233], [5.827692, 49.750175], [5.82704, 49.75002], [5.825323, 49.749615], [5.824621, 49.749447], [5.82419, 49.749348], [5.824026, 49.749317], [5.82398, 49.749317], [5.823805, 49.74936], [5.823584, 49.74938], [5.823458, 49.749397], [5.823252, 49.74943], [5.823019, 49.74947], [5.822844, 49.74963], [5.82263, 49.74986], [5.822535, 49.749973], [5.822454, 49.75006], [5.82234, 49.75017], [5.822264, 49.75024], [5.821917, 49.7505], [5.821772, 49.750595], [5.821394, 49.750847], [5.821333, 49.75088], [5.821215, 49.75094], [5.8211, 49.750984], [5.820879, 49.751064], [5.82073, 49.751125], [5.820639, 49.751163], [5.820459, 49.751266], [5.820467, 49.751328], [5.820555, 49.751793], [5.820631, 49.752148], [5.820707, 49.75252], [5.82086, 49.753258], [5.82065, 49.75336], [5.82044, 49.75346], [5.820311, 49.753513], [5.820116, 49.753586], [5.819967, 49.75364], [5.819792, 49.753693], [5.81962, 49.753727], [5.819513, 49.753742], [5.819155, 49.75379], [5.819101, 49.7538], [5.819006, 49.753815], [5.81883, 49.753845], [5.818701, 49.753864], [5.818224, 49.75393], [5.81785, 49.753975], [5.817911, 49.754726], [5.817751, 49.755146], [5.81774, 49.75517], [5.817728, 49.755196], [5.817251, 49.75642], [5.816694, 49.757862], [5.816633, 49.758015], [5.816576, 49.758274], [5.816542, 49.758488], [5.816484, 49.758797], [5.816481, 49.758823], [5.816473, 49.758865], [5.816412, 49.759327], [5.816339, 49.75984], [5.816259, 49.760307], [5.816194, 49.76073], [5.816099, 49.761333], [5.816069, 49.76154], [5.816034, 49.761757], [5.815973, 49.762207], [5.814878, 49.762894], [5.814531, 49.763107], [5.814482, 49.763145], [5.814333, 49.76324], [5.813841, 49.76357], [5.813551, 49.763756], [5.81341, 49.763847], [5.812796, 49.76425], [5.812635, 49.76436], [5.812513, 49.76444], [5.812376, 49.764526], [5.812185, 49.764652], [5.811926, 49.76482], [5.811628, 49.76501], [5.811411, 49.765156], [5.811113, 49.765354], [5.811045, 49.765354], [5.810648, 49.765347], [5.809446, 49.76533], [5.809114, 49.76602], [5.808977, 49.7663], [5.808851, 49.766544], [5.808641, 49.766987], [5.808618, 49.76702], [5.80863, 49.767082], [5.808645, 49.7672], [5.80866, 49.76733], [5.808649, 49.767532], [5.808638, 49.767654], [5.80863, 49.767708], [5.808618, 49.76773], [5.808577, 49.76782], [5.808531, 49.767895], [5.80846, 49.767975], [5.808439, 49.767998], [5.808382, 49.76807], [5.808329, 49.76814], [5.808287, 49.768208], [5.808249, 49.768284], [5.808229, 49.768328], [5.808203, 49.768387], [5.808184, 49.768456], [5.808172, 49.768524], [5.80816, 49.768613], [5.808142, 49.768757], [5.808123, 49.768894], [5.8081, 49.76902], [5.80809, 49.769181], [5.808046, 49.769234], [5.807997, 49.769405], [5.80792, 49.769615], [5.807836, 49.769855], [5.807836, 49.769917], [5.80784, 49.770103], [5.80784, 49.77027], [5.807829, 49.77042], [5.807817, 49.770535], [5.807772, 49.770836], [5.807749, 49.770958], [5.807707, 49.77117], [5.80765, 49.771507], [5.807634, 49.7716], [5.807577, 49.771843], [5.807539, 49.771942], [5.807501, 49.772026], [5.807428, 49.772156], [5.807321, 49.772335], [5.807238, 49.772465], [5.807104, 49.772602], [5.80691, 49.77279], [5.806742, 49.77296], [5.806551, 49.77316], [5.806452, 49.773266], [5.806356, 49.77338], [5.806185, 49.7736], [5.80599, 49.773865], [5.805868, 49.774002], [5.80575, 49.774124], [5.80559, 49.774277], [5.805468, 49.774384], [5.805334, 49.774494], [5.80525, 49.77458], [5.805132, 49.77472], [5.804861, 49.775105], [5.804606, 49.77551], [5.804209, 49.77607], [5.804144, 49.77616], [5.804056, 49.77625], [5.804007, 49.77629], [5.8039, 49.77636], [5.803678, 49.77648], [5.803431, 49.776604], [5.803217, 49.776672], [5.802813, 49.77679], [5.802156, 49.77699], [5.801806, 49.777103], [5.800913, 49.777393], [5.800211, 49.777596], [5.799986, 49.777668], [5.799887, 49.77771], [5.799624, 49.777878], [5.799501, 49.777973], [5.799429, 49.778065], [5.799395, 49.778175], [5.799364, 49.778366], [5.799334, 49.77851], [5.799223, 49.77892], [5.799143, 49.779335], [5.799044, 49.779728], [5.798994, 49.779892], [5.798964, 49.780163], [5.798941, 49.780434], [5.798914, 49.780617], [5.798864, 49.780796], [5.798731, 49.78118], [5.798582, 49.781544], [5.798468, 49.781834], [5.798426, 49.781902], [5.798384, 49.78195], [5.798048, 49.782345], [5.797663, 49.78262], [5.797422, 49.78284], [5.797087, 49.783146], [5.79656, 49.783485], [5.795796, 49.783868], [5.795252, 49.784267], [5.794817, 49.784527], [5.794658, 49.784631], [5.794519, 49.784904], [5.794485, 49.78495], [5.794435, 49.785], [5.793726, 49.78559], [5.792959, 49.786224], [5.792299, 49.78679], [5.79204, 49.787014], [5.791929, 49.787132], [5.791857, 49.787243], [5.791727, 49.787502], [5.791647, 49.78773], [5.791628, 49.787834], [5.791639, 49.787903], [5.791685, 49.78807], [5.791773, 49.788376], [5.791845, 49.788555], [5.791914, 49.788673], [5.792006, 49.7888], [5.792261, 49.78915], [5.792513, 49.789524], [5.792658, 49.789738], [5.792875, 49.79003], [5.793299, 49.790575], [5.793276, 49.790613], [5.792879, 49.791326], [5.792265, 49.792406], [5.7917, 49.793425], [5.791475, 49.793829], [5.791365, 49.793802], [5.791159, 49.794252], [5.790976, 49.794447], [5.790739, 49.794947], [5.790506, 49.795446], [5.790411, 49.795656], [5.790365, 49.795755], [5.790041, 49.795816], [5.789801, 49.795931], [5.789122, 49.796286], [5.788668, 49.796549], [5.788576, 49.796598], [5.788485, 49.796621], [5.788439, 49.796625], [5.78842, 49.796621], [5.788389, 49.796652], [5.788061, 49.796568], [5.788023, 49.796587], [5.787977, 49.796595], [5.78795, 49.796595], [5.787821, 49.796572], [5.787409, 49.796495], [5.786905, 49.7964], [5.786795, 49.796488], [5.786474, 49.796446], [5.786138, 49.796404], [5.785887, 49.796373], [5.785711, 49.796343], [5.785479, 49.796289], [5.785311, 49.796228], [5.785192, 49.796171], [5.785105, 49.796095], [5.785055, 49.796022], [5.785036, 49.795973], [5.785032, 49.795931], [5.785025, 49.795771], [5.785002, 49.795557], [5.78499, 49.79542], [5.784967, 49.795336], [5.784918, 49.795263], [5.784884, 49.795233], [5.7848, 49.79516], [5.784716, 49.795057], [5.78462, 49.794943], [5.784487, 49.794802], [5.78433, 49.794645], [5.784281, 49.794607], [5.784224, 49.794542], [5.784182, 49.794504], [5.784117, 49.794451], [5.783728, 49.794142], [5.783575, 49.794031], [5.783419, 49.793924], [5.783049, 49.793692], [5.782888, 49.793611], [5.78277, 49.793539], [5.782694, 49.793486], [5.782625, 49.793413], [5.782545, 49.793325], [5.782499, 49.793272], [5.782453, 49.793242], [5.782415, 49.79323], [5.782209, 49.793238], [5.782122, 49.793211], [5.782045, 49.793154], [5.781984, 49.793089], [5.781946, 49.793024], [5.781939, 49.792963], [5.781935, 49.792852], [5.781923, 49.79283], [5.781897, 49.79281], [5.781763, 49.792749], [5.781645, 49.792681], [5.781534, 49.79262], [5.781488, 49.792582], [5.781469, 49.792563], [5.781477, 49.792536], [5.781504, 49.792467], [5.7815, 49.792417], [5.781439, 49.792334], [5.781393, 49.792299], [5.781347, 49.792269], [5.781301, 49.792296], [5.781122, 49.792376], [5.780928, 49.79249], [5.780684, 49.792646], [5.780592, 49.7927], [5.780371, 49.792795], [5.78013, 49.792894], [5.779768, 49.793036], [5.779676, 49.793078], [5.779604, 49.793116], [5.779577, 49.793116], [5.779276, 49.793257], [5.779009, 49.793379], [5.778902, 49.79339], [5.778749, 49.793493], [5.778627, 49.793562], [5.778517, 49.793608], [5.778322, 49.793684], [5.778223, 49.793718], [5.778147, 49.793753], [5.778036, 49.793814], [5.777914, 49.793909], [5.777861, 49.793955], [5.777765, 49.794062], [5.777674, 49.79418], [5.777586, 49.794298], [5.777533, 49.794352], [5.777464, 49.794405], [5.777414, 49.794439], [5.777311, 49.794481], [5.77717, 49.794535], [5.776991, 49.794588], [5.776896, 49.794603], [5.776751, 49.794615], [5.776575, 49.794626], [5.776377, 49.794626], [5.776186, 49.794592], [5.776052, 49.794584], [5.775793, 49.794573], [5.775785, 49.794588], [5.77577, 49.794607], [5.775076, 49.79455], [5.77479, 49.794527], [5.774679, 49.794516], [5.774523, 49.794489], [5.774374, 49.794455], [5.774137, 49.79439], [5.773703, 49.794268], [5.773443, 49.794119], [5.7731, 49.793928], [5.772863, 49.793772], [5.772692, 49.793661], [5.77244, 49.793497], [5.772177, 49.793322], [5.7717, 49.793188], [5.771246, 49.793669], [5.771139, 49.793776], [5.770968, 49.793844], [5.770796, 49.793852], [5.770578, 49.794035], [5.770258, 49.794237], [5.769838, 49.793856], [5.76927, 49.794272], [5.768507, 49.794043], [5.768278, 49.793982], [5.768057, 49.793943], [5.767878, 49.793924], [5.767652, 49.793905], [5.76742, 49.793871], [5.76718, 49.793825], [5.766973, 49.793772], [5.766768, 49.793703], [5.766455, 49.793581], [5.766046, 49.793417], [5.765184, 49.793821], [5.764967, 49.793688], [5.764818, 49.793585], [5.764601, 49.793425], [5.764429, 49.793303], [5.764318, 49.793249], [5.764093, 49.793158], [5.764082, 49.793146], [5.764032, 49.793196], [5.764006, 49.793264], [5.764006, 49.793284], [5.763975, 49.79328], [5.763613, 49.793249], [5.763533, 49.793184], [5.763228, 49.793219], [5.763002, 49.793234], [5.762899, 49.793238], [5.762651, 49.793226], [5.762419, 49.793215], [5.762262, 49.793203], [5.76193, 49.793165], [5.761358, 49.793051], [5.761412, 49.792875], [5.760088, 49.792623], [5.759558, 49.792547], [5.758696, 49.792322], [5.758463, 49.792265], [5.758291, 49.792219], [5.757986, 49.79215], [5.757715, 49.792086], [5.757464, 49.792009], [5.757216, 49.791918], [5.756956, 49.791826], [5.756575, 49.791746], [5.756384, 49.7917], [5.756193, 49.791662], [5.755823, 49.79159], [5.755465, 49.791517], [5.755156, 49.791456], [5.754931, 49.792086], [5.754888, 49.792234], [5.754858, 49.792421], [5.754839, 49.792616], [5.754736, 49.792635], [5.754476, 49.792662], [5.754408, 49.792665], [5.754339, 49.792662], [5.754122, 49.792643], [5.754145, 49.79278], [5.754202, 49.793364], [5.754209, 49.793417], [5.753092, 49.793398], [5.753122, 49.793539], [5.753157, 49.793684], [5.753187, 49.793943], [5.753222, 49.794283], [5.753248, 49.794474], [5.753283, 49.794668], [5.753317, 49.794771], [5.753367, 49.794878], [5.753393, 49.794924], [5.753443, 49.794996], [5.75355, 49.795118], [5.753454, 49.795534], [5.753332, 49.796091], [5.753313, 49.796118], [5.753298, 49.796129], [5.753279, 49.796141], [5.753248, 49.796152], [5.753187, 49.796164], [5.753164, 49.796175], [5.753153, 49.796198], [5.753157, 49.796225], [5.753179, 49.796259], [5.75329, 49.796354], [5.753332, 49.796408], [5.75342, 49.796511], [5.753469, 49.796595], [5.753531, 49.796709], [5.753515, 49.79672], [5.752897, 49.796953], [5.752893, 49.79714], [5.752882, 49.797197], [5.752859, 49.797258], [5.752844, 49.797331], [5.752733, 49.797812], [5.752588, 49.798429], [5.752558, 49.798563], [5.752413, 49.799238], [5.752359, 49.79949], [5.752329, 49.799643], [5.752294, 49.799776], [5.752256, 49.799971], [5.752195, 49.800241], [5.75215, 49.800463], [5.752039, 49.800981], [5.751978, 49.801264], [5.75194, 49.801451], [5.751905, 49.801615], [5.751776, 49.80221], [5.751734, 49.802385], [5.751711, 49.802492], [5.751547, 49.803278], [5.751467, 49.803614], [5.751451, 49.803698], [5.75144, 49.803766], [5.751348, 49.804171], [5.751276, 49.804483], [5.751188, 49.804892], [5.751116, 49.805216], [5.751028, 49.805613], [5.750994, 49.805761], [5.75094, 49.805803], [5.750353, 49.806257], [5.75049, 49.806429], [5.750605, 49.806574], [5.750673, 49.806673], [5.750719, 49.806753], [5.75083, 49.806971], [5.750895, 49.8071], [5.750773, 49.807119], [5.750704, 49.807131], [5.750368, 49.807188], [5.750479, 49.807421], [5.750513, 49.807527], [5.75054, 49.807699], [5.750532, 49.807886], [5.750517, 49.808046], [5.750452, 49.808226], [5.750151, 49.808847], [5.750032, 49.809072], [5.750517, 49.809263], [5.750467, 49.809393], [5.750444, 49.809507], [5.750441, 49.80958], [5.750353, 49.809931], [5.750227, 49.810423], [5.750109, 49.810911], [5.750055, 49.811125], [5.750051, 49.811144], [5.750456, 49.811266], [5.750444, 49.811285], [5.750006, 49.811895], [5.749952, 49.811972], [5.750185, 49.812036], [5.750387, 49.812094], [5.75054, 49.812128], [5.750807, 49.812178], [5.750685, 49.812269], [5.750608, 49.812479], [5.750589, 49.812506], [5.750494, 49.812593], [5.750574, 49.812777], [5.750635, 49.812929], [5.750738, 49.813124], [5.750845, 49.81333], [5.750914, 49.81341], [5.750795, 49.813578], [5.751055, 49.813833], [5.751154, 49.81394], [5.751253, 49.814043], [5.751192, 49.814455], [5.751184, 49.81452], [5.751181, 49.814619], [5.751181, 49.814867], [5.751169, 49.81489], [5.750917, 49.814875], [5.750685, 49.814867], [5.750307, 49.814878], [5.750036, 49.814901], [5.749819, 49.814932], [5.749559, 49.814974], [5.749323, 49.815027], [5.74898, 49.815134], [5.748705, 49.815241], [5.748514, 49.815298], [5.748335, 49.815306], [5.74803, 49.815306], [5.747511, 49.815275], [5.747355, 49.815268], [5.747251, 49.815268], [5.747194, 49.815275], [5.747099, 49.815298], [5.746756, 49.815413], [5.746614, 49.815466], [5.746347, 49.815653], [5.746267, 49.815733], [5.746241, 49.815767], [5.746172, 49.816095], [5.746115, 49.816153], [5.745962, 49.816282], [5.745894, 49.816359], [5.745848, 49.81645], [5.745817, 49.816545], [5.745783, 49.81669], [5.745771, 49.81682], [5.745768, 49.816881], [5.745752, 49.816942], [5.745707, 49.817041], [5.745649, 49.817137], [5.745577, 49.817232], [5.745436, 49.817392], [5.745176, 49.817667], [5.745016, 49.817865], [5.74489, 49.818041], [5.744688, 49.818308], [5.744566, 49.81851], [5.744478, 49.818651], [5.744268, 49.818949], [5.744051, 49.819273], [5.743815, 49.819735], [5.743654, 49.820082], [5.743536, 49.820402], [5.74349, 49.820547], [5.743463, 49.820696], [5.743441, 49.821024], [5.743475, 49.821112], [5.744299, 49.821501], [5.745275, 49.821955], [5.746695, 49.822664], [5.7474, 49.823008], [5.747843, 49.823263], [5.747969, 49.823358], [5.748041, 49.823439], [5.748098, 49.823568], [5.748182, 49.823969], [5.748232, 49.824324], [5.74822, 49.824457], [5.748125, 49.824591], [5.747934, 49.824743], [5.747522, 49.824976], [5.747297, 49.825109], [5.747049, 49.825308], [5.74687, 49.825487], [5.746626, 49.825758], [5.746477, 49.825937], [5.746321, 49.826139], [5.746241, 49.826284], [5.746183, 49.826456], [5.746141, 49.826654], [5.746096, 49.826918], [5.746031, 49.827353], [5.745954, 49.827742], [5.745874, 49.828012], [5.74584, 49.828093], [5.745646, 49.82836], [5.745359, 49.828737], [5.7451, 49.829107], [5.744783, 49.829523], [5.744597, 49.829817], [5.74441, 49.830225], [5.744162, 49.830896], [5.744142, 49.830969], [5.744024, 49.831182], [5.743933, 49.831297], [5.743738, 49.831469], [5.743544, 49.831621], [5.743139, 49.831846], [5.742826, 49.831991], [5.742174, 49.832281], [5.741484, 49.832579], [5.74061, 49.832964], [5.740171, 49.833197], [5.739511, 49.833483], [5.739191, 49.833616], [5.739256, 49.833677], [5.73937, 49.833788]]]}}, {"type": "Feature", "properties": {"name": "District Luxembourg"}, "geometry": {"type": "Polygon", "coordinates": [[[5.808291, 49.5426], [5.808302, 49.54259], [5.808317, 49.542583], [5.808344, 49.542576], [5.808359, 49.542576], [5.809263, 49.542828], [5.810518, 49.54318], [5.810503, 49.5432], [5.810495, 49.54325], [5.810515, 49.543312], [5.810587, 49.543423], [5.810579, 49.543434], [5.81056, 49.543476], [5.814165, 49.54447], [5.815226, 49.54483], [5.815882, 49.54505], [5.815916, 49.545063], [5.81724, 49.54551], [5.817263, 49.545513], [5.817949, 49.545746], [5.818064, 49.54583], [5.818575, 49.546381], [5.818609, 49.546604], [5.81864, 49.54665], [5.818708, 49.5467], [5.818796, 49.546745], [5.81885, 49.546783], [5.818892, 49.546856], [5.818956, 49.546986], [5.819017, 49.547092], [5.81909, 49.54715], [5.819189, 49.547203], [5.819326, 49.547253], [5.819551, 49.54731], [5.819685, 49.547363], [5.819841, 49.54744], [5.819994, 49.54753], [5.820101, 49.547604], [5.82015, 49.547672], [5.820162, 49.547726], [5.82012, 49.547825], [5.820059, 49.547935], [5.81999, 49.54799], [5.819906, 49.54804], [5.819826, 49.548084], [5.819807, 49.548126], [5.819838, 49.54817], [5.819857, 49.548203], [5.819849, 49.54824], [5.81986, 49.54829], [5.81991, 49.54833], [5.820002, 49.548378], [5.82007, 49.548435], [5.820135, 49.548515], [5.820166, 49.54859], [5.820158, 49.548645], [5.82007, 49.548817], [5.820059, 49.548878], [5.820047, 49.548954], [5.820017, 49.549015], [5.81999, 49.549076], [5.819998, 49.549126], [5.820032, 49.54919], [5.820086, 49.549232], [5.820162, 49.54927], [5.820917, 49.549587], [5.82118, 49.54969], [5.821196, 49.549717], [5.821176, 49.54974], [5.821165, 49.54979], [5.821203, 49.549828], [5.821268, 49.54987], [5.821352, 49.549892], [5.821447, 49.5499], [5.821596, 49.549892], [5.821695, 49.549873], [5.821825, 49.54983], [5.821917, 49.54979], [5.821989, 49.54977], [5.822138, 49.54977], [5.822203, 49.549755], [5.822294, 49.549717], [5.822401, 49.54966], [5.822462, 49.549633], [5.822515, 49.54963], [5.822584, 49.549644], [5.82266, 49.54968], [5.822725, 49.54972], [5.822798, 49.549793], [5.822889, 49.549946], [5.822927, 49.550053], [5.822981, 49.55015], [5.823057, 49.550243], [5.823183, 49.550404], [5.823248, 49.550507], [5.823313, 49.550564], [5.823484, 49.550682], [5.823584, 49.550777], [5.82366, 49.550888], [5.82374, 49.550957], [5.824007, 49.551147], [5.824045, 49.551205], [5.824079, 49.55126], [5.824129, 49.551315], [5.824301, 49.55142], [5.824614, 49.551586], [5.824839, 49.55172], [5.824987, 49.551792], [5.825003, 49.5518], [5.825075, 49.551834], [5.825132, 49.55186], [5.82522, 49.55192], [5.82527, 49.551987], [5.825319, 49.552032], [5.82538, 49.552063], [5.825468, 49.552082], [5.82572, 49.552124], [5.825926, 49.55217], [5.826017, 49.55221], [5.82604, 49.552235], [5.82625, 49.552143], [5.826296, 49.552116], [5.82633, 49.552094], [5.826368, 49.55206], [5.826399, 49.552013], [5.826422, 49.551964], [5.826441, 49.55191], [5.826448, 49.55187], [5.826452, 49.551834], [5.826475, 49.55179], [5.82651, 49.551727], [5.826597, 49.55163], [5.826727, 49.55147], [5.826742, 49.551445], [5.826769, 49.55141], [5.826826, 49.551334], [5.82691, 49.551235], [5.827406, 49.550594], [5.827974, 49.550007], [5.828737, 49.55025], [5.829279, 49.55047], [5.829779, 49.550663], [5.829802, 49.550644], [5.829947, 49.550694], [5.830126, 49.550743], [5.83024, 49.55077], [5.83029, 49.55078], [5.830336, 49.550785], [5.83037, 49.550785], [5.83074, 49.55079], [5.830908, 49.55079], [5.830988, 49.550797], [5.831053, 49.5508], [5.831106, 49.550816], [5.831205, 49.550854], [5.831743, 49.551067], [5.831964, 49.55115], [5.832113, 49.5512], [5.83235, 49.551273], [5.8328, 49.551414], [5.832956, 49.551464], [5.833143, 49.551525], [5.83349, 49.55164], [5.833723, 49.551712], [5.834005, 49.551804], [5.834303, 49.5519], [5.834646, 49.552006], [5.834871, 49.552082], [5.83494, 49.55211], [5.835585, 49.552433], [5.835653, 49.552464], [5.836512, 49.55263], [5.837492, 49.552814], [5.837641, 49.552837], [5.837751, 49.552853], [5.837923, 49.552868], [5.838209, 49.55289], [5.838491, 49.552906], [5.838614, 49.552914], [5.838755, 49.55292], [5.839022, 49.552937], [5.839407, 49.55296], [5.839842, 49.55298], [5.840448, 49.553005], [5.841539, 49.553085], [5.84181, 49.55311], [5.841895, 49.553311], [5.841917, 49.553364], [5.842047, 49.553635], [5.842062, 49.553753], [5.842068, 49.553849], [5.842073, 49.553923], [5.842146, 49.553926], [5.842089, 49.554212], [5.842032, 49.554495], [5.842104, 49.554497], [5.842165, 49.55449], [5.842234, 49.554478], [5.842325, 49.554447], [5.842402, 49.554413], [5.842569, 49.55434], [5.842627, 49.55433], [5.842669, 49.55432], [5.842733, 49.55432], [5.842855, 49.55433], [5.843058, 49.554344], [5.843294, 49.55437], [5.843416, 49.55439], [5.843477, 49.554398], [5.843645, 49.554424], [5.843672, 49.554688], [5.843683, 49.554806], [5.843679, 49.554874], [5.843668, 49.554947], [5.843542, 49.55521], [5.843866, 49.55531], [5.844336, 49.555477], [5.844473, 49.55558], [5.844625, 49.5557], [5.84479, 49.55583], [5.844934, 49.556126], [5.844992, 49.556133], [5.84606, 49.55628], [5.845972, 49.556637], [5.846025, 49.556652], [5.846087, 49.556686], [5.846144, 49.556747], [5.84617, 49.55683], [5.846174, 49.556946], [5.846136, 49.55705], [5.84609, 49.55711], [5.845976, 49.557224], [5.845877, 49.55734], [5.845854, 49.557392], [5.845861, 49.55743], [5.845934, 49.557495], [5.846018, 49.557545], [5.846094, 49.557594], [5.846296, 49.5577], [5.845671, 49.558277], [5.845335, 49.55859], [5.8458, 49.558754], [5.84585, 49.55877], [5.845236, 49.55926], [5.844187, 49.559826], [5.843706, 49.560104], [5.843397, 49.560318], [5.843119, 49.560535], [5.84289, 49.560745], [5.842421, 49.561023], [5.843637, 49.560654], [5.844267, 49.560802], [5.84479, 49.560936], [5.845148, 49.56105], [5.845358, 49.56114], [5.845636, 49.561283], [5.845865, 49.561428], [5.846029, 49.561565], [5.846273, 49.56181], [5.846518, 49.562107], [5.846579, 49.56209], [5.846727, 49.562065], [5.846796, 49.56206], [5.846884, 49.56206], [5.846998, 49.562073], [5.847219, 49.56211], [5.847597, 49.562183], [5.848104, 49.56241], [5.848223, 49.56246], [5.848463, 49.56257], [5.848482, 49.562576], [5.848692, 49.562668], [5.848814, 49.56272], [5.849001, 49.562798], [5.849089, 49.562836], [5.849192, 49.562878], [5.849375, 49.562954], [5.84952, 49.563007], [5.849646, 49.563046], [5.849684, 49.56306], [5.849749, 49.56308], [5.849802, 49.563095], [5.849913, 49.56313], [5.849962, 49.563145], [5.849993, 49.563152], [5.850073, 49.56318], [5.85013, 49.563194], [5.850206, 49.563217], [5.850359, 49.563103], [5.850523, 49.563065], [5.85071, 49.563023], [5.850779, 49.563004], [5.850859, 49.56298], [5.85087, 49.562977], [5.850912, 49.562958], [5.850931, 49.562954], [5.850946, 49.562943], [5.850962, 49.56294], [5.850988, 49.562923], [5.851004, 49.562916], [5.851019, 49.56291], [5.851046, 49.56287], [5.851065, 49.562847], [5.851095, 49.562794], [5.851099, 49.562862], [5.851099, 49.562946], [5.85103, 49.562977], [5.851026, 49.56299], [5.851026, 49.56303], [5.850996, 49.563065], [5.850985, 49.56309], [5.850985, 49.56312], [5.850996, 49.56316], [5.850996, 49.563183], [5.850985, 49.563225], [5.850969, 49.56326], [5.85095, 49.56329], [5.850939, 49.563313], [5.850935, 49.56334], [5.850943, 49.56338], [5.850943, 49.56343], [5.850935, 49.5635], [5.850935, 49.563545], [5.850943, 49.563576], [5.850962, 49.563633], [5.850988, 49.563705], [5.851015, 49.563812], [5.851034, 49.56385], [5.851065, 49.563896], [5.851126, 49.56397], [5.851202, 49.56406], [5.851248, 49.56414], [5.851511, 49.564617], [5.851538, 49.56465], [5.85166, 49.564846], [5.851782, 49.56497], [5.851957, 49.565136], [5.852056, 49.56522], [5.852098, 49.56524], [5.852179, 49.56526], [5.852243, 49.56528], [5.852285, 49.565285], [5.852381, 49.56528], [5.852476, 49.565285], [5.852598, 49.56529], [5.852804, 49.5653], [5.852869, 49.565304], [5.852976, 49.5653], [5.853174, 49.565296], [5.853311, 49.565292], [5.853384, 49.56528], [5.853479, 49.565254], [5.853563, 49.56523], [5.853659, 49.565197], [5.853723, 49.565178], [5.853762, 49.56516], [5.854196, 49.565327], [5.854948, 49.56562], [5.855394, 49.56601], [5.856604, 49.566265], [5.858007, 49.56622], [5.8589, 49.56637], [5.858954, 49.56638], [5.859854, 49.56654], [5.860346, 49.56673], [5.860685, 49.566868], [5.861059, 49.567024], [5.861132, 49.567524], [5.86104, 49.568165], [5.861017, 49.568268], [5.860964, 49.568413], [5.860636, 49.56922], [5.860518, 49.569508], [5.860407, 49.56979], [5.86043, 49.56994], [5.860453, 49.570034], [5.860475, 49.570087], [5.860498, 49.570126], [5.860632, 49.570267], [5.860762, 49.57039], [5.861231, 49.570827], [5.861807, 49.57067], [5.861917, 49.570637], [5.861948, 49.570663], [5.861994, 49.570698], [5.862028, 49.57069], [5.862253, 49.57062], [5.862375, 49.570732], [5.862425, 49.57073], [5.862482, 49.57072], [5.862616, 49.570698], [5.862837, 49.570652], [5.862936, 49.57062], [5.86302, 49.570595], [5.863096, 49.570568], [5.863245, 49.570507], [5.863382, 49.570602], [5.863466, 49.570652], [5.863855, 49.570854], [5.863966, 49.57091], [5.864187, 49.57103], [5.864267, 49.57107], [5.864344, 49.57111], [5.864706, 49.571323], [5.865019, 49.571514], [5.865347, 49.571716], [5.866384, 49.57235], [5.867456, 49.573055], [5.867495, 49.573082], [5.867456, 49.573254], [5.867659, 49.573395], [5.867693, 49.573418], [5.867735, 49.57345], [5.868006, 49.573643], [5.868448, 49.57343], [5.868776, 49.57328], [5.868891, 49.57333], [5.868902, 49.573334], [5.869261, 49.57348], [5.869436, 49.57355], [5.869841, 49.573708], [5.870012, 49.573772], [5.870165, 49.57383], [5.870279, 49.573868], [5.870398, 49.5739], [5.870516, 49.57392], [5.870649, 49.573948], [5.870798, 49.573967], [5.871218, 49.57401], [5.871874, 49.57408], [5.872259, 49.574173], [5.872801, 49.574295], [5.872404, 49.57518], [5.872324, 49.575245], [5.872248, 49.575306], [5.872168, 49.57536], [5.872091, 49.57541], [5.87195, 49.575485], [5.87137, 49.575783], [5.871023, 49.575993], [5.87068, 49.576208], [5.870592, 49.576258], [5.869745, 49.57678], [5.870375, 49.577212], [5.871141, 49.577738], [5.871355, 49.578135], [5.871622, 49.578665], [5.871759, 49.57894], [5.87182, 49.579042], [5.87192, 49.5791], [5.87192, 49.579268], [5.871923, 49.57939], [5.871923, 49.57963], [5.871714, 49.579672], [5.87145, 49.579729], [5.871157, 49.579805], [5.87084, 49.579767], [5.870577, 49.579742], [5.870466, 49.579742], [5.870359, 49.579744], [5.870291, 49.579748], [5.870138, 49.579748], [5.868967, 49.579682], [5.868403, 49.579847], [5.868105, 49.579982], [5.867937, 49.580042], [5.867064, 49.580362], [5.866884, 49.580402], [5.866869, 49.580372], [5.866434, 49.580465], [5.866007, 49.580557], [5.866037, 49.58058], [5.866392, 49.580822], [5.866625, 49.580984], [5.866991, 49.581122], [5.86735, 49.581262], [5.867433, 49.581302], [5.867712, 49.581472], [5.867857, 49.581572], [5.867975, 49.581659], [5.868071, 49.58174], [5.868116, 49.581789], [5.868189, 49.581896], [5.868284, 49.582068], [5.868376, 49.582228], [5.869177, 49.582579], [5.869299, 49.582628], [5.869856, 49.582842], [5.870203, 49.582862], [5.870691, 49.582892], [5.870974, 49.582914], [5.871279, 49.582968], [5.872061, 49.583112], [5.872393, 49.583162], [5.872538, 49.583159], [5.872637, 49.583162], [5.87269, 49.583166], [5.872717, 49.583182], [5.872797, 49.583252], [5.873255, 49.583609], [5.873255, 49.583628], [5.87324, 49.583689], [5.873209, 49.583788], [5.873178, 49.583882], [5.873144, 49.583972], [5.873117, 49.584025], [5.873098, 49.584059], [5.873068, 49.584116], [5.872911, 49.584362], [5.872751, 49.584585], [5.872622, 49.584776], [5.872549, 49.584872], [5.872415, 49.585052], [5.872236, 49.585264], [5.872023, 49.585512], [5.871843, 49.585712], [5.871721, 49.585878], [5.87163, 49.586008], [5.871553, 49.586142], [5.871534, 49.586207], [5.871469, 49.586502], [5.871462, 49.586584], [5.871469, 49.586729], [5.871473, 49.586842], [5.871481, 49.586966], [5.871496, 49.587065], [5.871523, 49.587229], [5.871523, 49.587446], [5.871512, 49.587522], [5.871496, 49.587637], [5.871481, 49.587736], [5.871462, 49.587778], [5.87145, 49.587792], [5.871405, 49.587852], [5.871351, 49.587916], [5.871294, 49.587988], [5.871244, 49.588049], [5.871206, 49.588092], [5.871046, 49.588289], [5.870928, 49.588415], [5.870806, 49.588522], [5.870646, 49.588648], [5.870466, 49.588759], [5.869772, 49.589209], [5.869513, 49.589018], [5.869318, 49.588877], [5.869089, 49.588712], [5.868517, 49.589102], [5.868162, 49.589339], [5.867957, 49.589502], [5.867781, 49.589647], [5.867189, 49.589388], [5.867025, 49.58927], [5.866155, 49.588632], [5.865999, 49.588514], [5.865873, 49.588427], [5.866301, 49.588156], [5.865995, 49.587995], [5.865911, 49.587946], [5.865858, 49.587912], [5.865553, 49.587725], [5.865213, 49.587507], [5.865245, 49.587488], [5.865427, 49.587366], [5.865175, 49.587217], [5.864965, 49.587088], [5.864843, 49.587], [5.864721, 49.586908], [5.864606, 49.586809], [5.864519, 49.586718], [5.864302, 49.586477], [5.864084, 49.586588], [5.864004, 49.586622], [5.863924, 49.586649], [5.863882, 49.586661], [5.863821, 49.586672], [5.863764, 49.586672], [5.863672, 49.586668], [5.863607, 49.586656], [5.863535, 49.586641], [5.86347, 49.586622], [5.863317, 49.586622], [5.863287, 49.586607], [5.863275, 49.586599], [5.863188, 49.586538], [5.862921, 49.586279], [5.86289, 49.586294], [5.86204, 49.586836], [5.861269, 49.586482], [5.861063, 49.586599], [5.861002, 49.58663], [5.860887, 49.586588], [5.860823, 49.586569], [5.860739, 49.586557], [5.860712, 49.586546], [5.860666, 49.586516], [5.860628, 49.586492], [5.860594, 49.586477], [5.860498, 49.586439], [5.86046, 49.586422], [5.860426, 49.586397], [5.860392, 49.586374], [5.860354, 49.586359], [5.860296, 49.58634], [5.860201, 49.58631], [5.860159, 49.586294], [5.860136, 49.586282], [5.860106, 49.586256], [5.860079, 49.586237], [5.860041, 49.586229], [5.859968, 49.586222], [5.859919, 49.586207], [5.859861, 49.586192], [5.859804, 49.586172], [5.859762, 49.586165], [5.85972, 49.586157], [5.859671, 49.586142], [5.859652, 49.586122], [5.859613, 49.5861], [5.859579, 49.586077], [5.859537, 49.586052], [5.85951, 49.586035], [5.859476, 49.586027], [5.859449, 49.586027], [5.859426, 49.586035], [5.859388, 49.586046], [5.859354, 49.586054], [5.859327, 49.586058], [5.859289, 49.586054], [5.85911, 49.586027], [5.859041, 49.586022], [5.858938, 49.586022], [5.858694, 49.586027], [5.858637, 49.586035], [5.858526, 49.586062], [5.858446, 49.586084], [5.858335, 49.586107], [5.858259, 49.586122], [5.858221, 49.586126], [5.858152, 49.586126], [5.858065, 49.586119], [5.857981, 49.586115], [5.857939, 49.586119], [5.857893, 49.586122], [5.857843, 49.586134], [5.857779, 49.586138], [5.857683, 49.586138], [5.857504, 49.586134], [5.85737, 49.586123], [5.857226, 49.586111], [5.857054, 49.586104], [5.856901, 49.586096], [5.856814, 49.586092], [5.85668, 49.586092], [5.856637, 49.5861], [5.856504, 49.586138], [5.856375, 49.586172], [5.856302, 49.586199], [5.856135, 49.586256], [5.856012, 49.586294], [5.855943, 49.586313], [5.855818, 49.586344], [5.855707, 49.586382], [5.855581, 49.586428], [5.855508, 49.586451], [5.855448, 49.58647], [5.855346, 49.586492], [5.855261, 49.586512], [5.855211, 49.586531], [5.855177, 49.58655], [5.855146, 49.586565], [5.855093, 49.58658], [5.855005, 49.586592], [5.854891, 49.586615], [5.854784, 49.586638], [5.8547, 49.586657], [5.854635, 49.586661], [5.854574, 49.586668], [5.854525, 49.58668], [5.85446, 49.586691], [5.854383, 49.58671], [5.854326, 49.586718], [5.854196, 49.586741], [5.85396, 49.586782], [5.853811, 49.586817], [5.853677, 49.586851], [5.853479, 49.586905], [5.853331, 49.586935], [5.853285, 49.586954], [5.853247, 49.586962], [5.853209, 49.586966], [5.853163, 49.586962], [5.853129, 49.586951], [5.853068, 49.586928], [5.853021, 49.586908], [5.852976, 49.586889], [5.852919, 49.586878], [5.852857, 49.58687], [5.852812, 49.586874], [5.852675, 49.586889], [5.85264, 49.586893], [5.852606, 49.586897], [5.852552, 49.586893], [5.852468, 49.586885], [5.852377, 49.586882], [5.852308, 49.586882], [5.852258, 49.586886], [5.852213, 49.586897], [5.852155, 49.586912], [5.852087, 49.586923], [5.852025, 49.586931], [5.851934, 49.586939], [5.85182, 49.586943], [5.851706, 49.586954], [5.851637, 49.586966], [5.851507, 49.586985], [5.851397, 49.587004], [5.851336, 49.587008], [5.851301, 49.587004], [5.851248, 49.586992], [5.851202, 49.586988], [5.851129, 49.586996], [5.851034, 49.587008], [5.850958, 49.587015], [5.850893, 49.587019], [5.850832, 49.587019], [5.850763, 49.587011], [5.850714, 49.587], [5.850672, 49.586992], [5.850622, 49.586988], [5.850557, 49.586988], [5.8505, 49.586992], [5.850451, 49.586996], [5.850404, 49.586996], [5.850332, 49.586988], [5.850246, 49.586977], [5.850206, 49.586973], [5.850176, 49.586969], [5.850111, 49.586954], [5.850078, 49.586948], [5.850069, 49.586947], [5.850054, 49.587034], [5.850023, 49.587236], [5.850008, 49.587435], [5.850008, 49.587555], [5.850008, 49.587614], [5.850031, 49.587786], [5.85005, 49.587828], [5.850084, 49.587885], [5.850134, 49.587957], [5.850187, 49.588045], [5.850224, 49.588112], [5.850241, 49.588156], [5.850244, 49.588209], [5.850241, 49.588247], [5.849966, 49.588625], [5.849806, 49.588778], [5.849691, 49.588892], [5.849615, 49.588972], [5.849546, 49.589068], [5.84942, 49.589327], [5.849241, 49.589739], [5.849184, 49.589869], [5.849131, 49.589968], [5.848965, 49.59019], [5.848799, 49.590429], [5.848783, 49.590494], [5.848761, 49.59091], [5.848726, 49.591282], [5.848677, 49.591932], [5.848638, 49.592226], [5.848589, 49.592572], [5.848558, 49.592726], [5.848475, 49.593084], [5.848406, 49.593458], [5.848398, 49.593582], [5.848408, 49.593658], [5.84841, 49.593672], [5.848432, 49.593756], [5.848467, 49.593832], [5.848497, 49.593857], [5.848551, 49.593895], [5.8486, 49.593925], [5.848623, 49.593952], [5.848658, 49.594097], [5.848669, 49.59422], [5.848669, 49.59432], [5.84865, 49.594402], [5.848616, 49.594486], [5.848475, 49.59472], [5.848276, 49.595024], [5.84791, 49.595566], [5.847837, 49.595676], [5.847796, 49.595753], [5.847776, 49.5958], [5.847769, 49.595844], [5.847769, 49.595894], [5.84778, 49.595936], [5.847803, 49.595978], [5.847837, 49.596016], [5.847891, 49.59607], [5.847979, 49.59614], [5.848196, 49.59631], [5.848776, 49.596733], [5.848574, 49.597233], [5.848814, 49.597504], [5.849031, 49.597725], [5.849066, 49.597706], [5.849176, 49.59775], [5.849245, 49.597786], [5.849569, 49.59793], [5.849695, 49.597992], [5.849737, 49.598007], [5.849924, 49.598095], [5.849997, 49.598125], [5.85008, 49.598164], [5.850168, 49.598206], [5.850344, 49.59828], [5.850504, 49.598354], [5.850664, 49.598427], [5.850885, 49.598515], [5.851026, 49.59857], [5.851137, 49.598618], [5.85132, 49.59869], [5.851381, 49.598717], [5.851477, 49.59875], [5.851526, 49.59877], [5.851629, 49.598804], [5.851671, 49.598816], [5.851725, 49.598835], [5.85182, 49.598866], [5.851919, 49.5989], [5.851996, 49.598927], [5.85214, 49.598976], [5.852285, 49.59903], [5.852404, 49.59907], [5.852438, 49.599083], [5.85261, 49.599144], [5.852781, 49.5992], [5.852922, 49.59924], [5.852972, 49.599255], [5.85306, 49.599277], [5.853132, 49.599293], [5.853216, 49.59931], [5.853353, 49.599342], [5.853479, 49.59937], [5.853502, 49.599377], [5.853601, 49.599403], [5.853731, 49.599434], [5.853834, 49.599472], [5.853861, 49.59948], [5.853964, 49.599518], [5.854029, 49.59954], [5.854132, 49.59958], [5.854177, 49.599594], [5.854368, 49.599667], [5.854582, 49.59974], [5.854719, 49.599766], [5.854879, 49.599747], [5.854975, 49.599735], [5.855131, 49.599724], [5.855192, 49.599728], [5.855246, 49.59974], [5.855352, 49.59977], [5.8556, 49.599842], [5.855677, 49.599846], [5.855703, 49.599854], [5.855749, 49.59987], [5.85581, 49.5999], [5.85602, 49.600025], [5.856092, 49.600063], [5.856203, 49.60012], [5.856329, 49.6002], [5.856398, 49.600246], [5.856508, 49.600304], [5.856604, 49.600353], [5.856672, 49.600384], [5.856718, 49.600403], [5.856752, 49.600418], [5.856878, 49.60046], [5.856924, 49.60048], [5.857019, 49.600513], [5.857126, 49.600555], [5.857149, 49.600563], [5.857344, 49.600643], [5.857519, 49.60071], [5.857676, 49.600777], [5.857706, 49.600796], [5.857893, 49.600887], [5.858057, 49.60096], [5.85821, 49.601025], [5.858385, 49.601093], [5.858431, 49.601116], [5.858564, 49.60117], [5.858782, 49.60126], [5.859053, 49.60138], [5.859686, 49.601665], [5.860426, 49.60205], [5.860563, 49.60211], [5.860887, 49.602245], [5.861174, 49.60237], [5.86136, 49.602448], [5.861624, 49.602577], [5.863222, 49.603394], [5.863352, 49.603294], [5.863378, 49.603275], [5.863588, 49.603394], [5.863794, 49.603504], [5.864004, 49.603634], [5.864252, 49.6038], [5.864775, 49.604187], [5.864958, 49.604332], [5.865217, 49.604565], [5.865427, 49.60476], [5.865839, 49.605175], [5.866011, 49.605167], [5.866114, 49.605213], [5.866236, 49.605244], [5.866362, 49.605263], [5.866518, 49.605263], [5.866732, 49.605247], [5.866812, 49.60525], [5.866888, 49.605263], [5.86698, 49.6053], [5.866964, 49.60535], [5.866964, 49.605423], [5.867331, 49.60542], [5.867525, 49.60544], [5.8678, 49.605476], [5.868101, 49.60552], [5.868136, 49.605522], [5.86849, 49.60558], [5.868559, 49.605595], [5.868635, 49.605606], [5.868757, 49.60562], [5.869078, 49.60564], [5.869223, 49.60565], [5.869375, 49.605663], [5.869513, 49.605682], [5.869581, 49.60569], [5.869757, 49.605717], [5.869936, 49.605755], [5.870069, 49.605785], [5.870169, 49.605816], [5.870317, 49.60587], [5.870379, 49.605896], [5.870439, 49.605923], [5.870745, 49.60605], [5.870798, 49.60607], [5.871058, 49.60618], [5.871218, 49.60624], [5.871332, 49.606274], [5.871466, 49.6063], [5.871675, 49.606342], [5.871901, 49.606388], [5.871958, 49.606403], [5.872236, 49.60647], [5.872419, 49.606518], [5.872507, 49.606544], [5.872599, 49.606583], [5.87269, 49.606625], [5.872892, 49.606728], [5.872923, 49.60678], [5.872957, 49.606846], [5.872992, 49.606884], [5.87303, 49.606907], [5.87306, 49.606926], [5.873182, 49.60694], [5.87327, 49.606964], [5.873365, 49.607037], [5.873533, 49.60714], [5.873701, 49.60724], [5.874064, 49.60745], [5.874224, 49.607304], [5.874803, 49.60753], [5.875151, 49.607655], [5.875555, 49.607796], [5.875643, 49.60783], [5.875811, 49.60793], [5.875742, 49.60806], [5.875914, 49.608112], [5.876097, 49.60818], [5.876249, 49.608242], [5.876596, 49.608406], [5.876532, 49.60848], [5.876497, 49.60851], [5.876471, 49.608524], [5.876432, 49.608547], [5.876394, 49.608562], [5.876383, 49.608574], [5.876387, 49.608593], [5.876409, 49.60861], [5.876455, 49.608616], [5.876528, 49.608624], [5.876555, 49.60863], [5.876566, 49.608643], [5.87657, 49.608654], [5.876558, 49.608665], [5.876551, 49.60868], [5.876547, 49.608692], [5.876558, 49.608704], [5.876585, 49.608723], [5.876627, 49.608757], [5.876642, 49.608776], [5.876646, 49.608795], [5.876635, 49.60883], [5.876615, 49.608845], [5.876574, 49.608856], [5.876547, 49.608868], [5.876539, 49.608883], [5.876547, 49.608902], [5.876562, 49.608917], [5.876593, 49.608944], [5.876619, 49.60897], [5.876627, 49.608994], [5.876623, 49.609024], [5.876612, 49.60905], [5.876581, 49.609074], [5.876551, 49.609085], [5.876512, 49.60908], [5.876482, 49.609066], [5.876448, 49.609047], [5.876406, 49.609028], [5.876375, 49.60902], [5.876356, 49.609024], [5.876337, 49.60903], [5.876322, 49.60905], [5.876284, 49.60914], [5.876276, 49.609184], [5.876276, 49.609222], [5.876288, 49.609253], [5.876299, 49.60928], [5.876303, 49.609303], [5.876288, 49.609417], [5.876288, 49.60946], [5.876291, 49.609497], [5.876314, 49.60956], [5.876322, 49.609585], [5.876318, 49.60961], [5.876303, 49.60964], [5.876272, 49.60968], [5.87623, 49.609726], [5.876203, 49.60974], [5.876089, 49.609783], [5.876024, 49.609806], [5.875997, 49.60982], [5.875979, 49.609833], [5.875959, 49.609856], [5.875952, 49.609875], [5.875956, 49.6099], [5.875975, 49.609924], [5.876001, 49.60995], [5.87602, 49.60997], [5.876032, 49.60999], [5.87604, 49.610035], [5.876043, 49.610077], [5.876051, 49.6101], [5.87607, 49.61013], [5.876089, 49.610153], [5.876158, 49.61021], [5.876196, 49.610233], [5.876265, 49.61027], [5.876291, 49.61029], [5.87631, 49.610306], [5.876314, 49.61032], [5.876306, 49.61035], [5.876291, 49.61037], [5.876219, 49.61045], [5.876093, 49.610603], [5.876055, 49.610664], [5.87602, 49.610718], [5.875982, 49.610783], [5.875883, 49.610916], [5.875845, 49.61098], [5.875818, 49.611034], [5.875791, 49.611095], [5.875776, 49.611153], [5.875757, 49.611233], [5.87575, 49.61132], [5.87575, 49.611362], [5.875769, 49.611374], [5.875803, 49.61141], [5.876043, 49.61163], [5.876097, 49.61167], [5.876162, 49.61171], [5.876242, 49.611755], [5.876417, 49.611855], [5.876749, 49.61205], [5.876806, 49.612103], [5.87689, 49.61217], [5.877043, 49.612278], [5.877092, 49.612293], [5.87718, 49.61231], [5.877119, 49.612564], [5.877111, 49.61259], [5.877039, 49.612896], [5.876963, 49.612926], [5.876932, 49.612934], [5.876883, 49.612934], [5.876852, 49.612926], [5.876833, 49.61292], [5.877027, 49.61331], [5.876894, 49.613373], [5.876451, 49.613556], [5.876249, 49.61367], [5.876116, 49.613743], [5.876009, 49.613815], [5.875769, 49.61401], [5.87565, 49.614124], [5.875582, 49.614216], [5.875494, 49.61436], [5.875456, 49.614452], [5.875437, 49.614567], [5.875456, 49.6147], [5.875483, 49.61476], [5.875509, 49.61483], [5.875544, 49.61489], [5.875662, 49.61511], [5.875689, 49.615154], [5.875715, 49.615204], [5.875769, 49.6153], [5.875784, 49.615326], [5.875803, 49.615356], [5.875845, 49.615448], [5.875879, 49.615532], [5.875891, 49.615574], [5.875902, 49.61571], [5.87557, 49.61571], [5.875605, 49.615795], [5.875628, 49.615856], [5.875643, 49.615917], [5.875673, 49.616085], [5.875681, 49.616158], [5.875692, 49.61625], [5.8757, 49.616318], [5.875704, 49.616444], [5.875696, 49.616714], [5.875696, 49.616814], [5.875692, 49.61695], [5.875696, 49.617123], [5.875692, 49.61723], [5.875689, 49.6173], [5.875624, 49.61769], [5.875616, 49.61777], [5.875616, 49.617855], [5.87562, 49.61796], [5.875624, 49.618015], [5.87562, 49.618187], [5.875628, 49.618412], [5.875624, 49.61881], [5.875628, 49.61889], [5.875643, 49.618942], [5.875669, 49.61901], [5.8757, 49.619083], [5.875738, 49.619152], [5.875784, 49.61923], [5.875841, 49.619312], [5.875883, 49.619392], [5.875917, 49.619465], [5.875952, 49.61956], [5.875979, 49.619644], [5.876009, 49.619755], [5.876024, 49.619823], [5.876043, 49.619884], [5.876074, 49.61995], [5.876116, 49.620014], [5.876154, 49.620056], [5.876188, 49.62009], [5.876272, 49.620167], [5.876364, 49.62025], [5.876497, 49.62038], [5.876543, 49.62043], [5.87657, 49.620472], [5.876612, 49.62062], [5.876631, 49.620663], [5.876654, 49.6207], [5.876696, 49.620747], [5.87676, 49.62081], [5.876883, 49.620922], [5.877069, 49.621075], [5.877169, 49.621147], [5.877302, 49.621235], [5.877588, 49.62142], [5.877661, 49.621468], [5.877779, 49.621563], [5.878057, 49.621788], [5.878229, 49.62193], [5.878378, 49.62206], [5.878546, 49.622223], [5.878668, 49.62232], [5.878824, 49.622448], [5.878954, 49.622562], [5.879106, 49.62271], [5.87919, 49.622765], [5.879545, 49.622986], [5.879793, 49.623127], [5.880087, 49.623302], [5.880213, 49.62338], [5.880217, 49.623394], [5.880213, 49.623432], [5.880194, 49.623505], [5.880186, 49.62354], [5.880198, 49.623558], [5.88022, 49.62359], [5.880259, 49.623615], [5.880278, 49.623634], [5.880281, 49.623646], [5.880278, 49.623657], [5.880251, 49.623684], [5.880198, 49.623726], [5.880167, 49.623753], [5.880144, 49.62378], [5.880121, 49.62383], [5.88011, 49.623875], [5.88011, 49.62391], [5.880117, 49.623936], [5.88014, 49.62396], [5.880175, 49.623974], [5.88024, 49.62398], [5.8804, 49.62398], [5.88051, 49.623985], [5.880575, 49.623993], [5.880648, 49.624012], [5.880716, 49.624035], [5.880758, 49.62406], [5.8808, 49.624104], [5.880815, 49.62414], [5.880831, 49.62419], [5.880854, 49.624393], [5.880861, 49.624416], [5.880888, 49.624435], [5.880918, 49.624447], [5.880949, 49.62445], [5.880979, 49.62444], [5.881208, 49.624313], [5.881243, 49.6243], [5.881277, 49.624294], [5.881304, 49.6243], [5.881338, 49.624313], [5.881373, 49.624332], [5.881414, 49.624367], [5.881475, 49.62443], [5.881544, 49.624496], [5.881578, 49.62452], [5.881628, 49.62455], [5.881666, 49.624577], [5.881678, 49.624588], [5.881674, 49.624607], [5.881659, 49.624622], [5.881628, 49.62464], [5.881582, 49.624657], [5.881544, 49.624672], [5.881537, 49.624683], [5.88154, 49.6247], [5.881624, 49.62475], [5.88172, 49.624775], [5.881838, 49.6248], [5.881937, 49.624825], [5.882021, 49.624847], [5.882162, 49.624886], [5.882315, 49.62494], [5.882364, 49.624958], [5.88241, 49.624977], [5.882448, 49.625004], [5.882479, 49.625023], [5.882498, 49.625046], [5.882505, 49.625076], [5.882494, 49.625126], [5.882479, 49.62517], [5.882475, 49.6252], [5.882483, 49.62522], [5.882505, 49.625248], [5.882528, 49.62527], [5.882563, 49.62529], [5.882601, 49.625305], [5.882635, 49.625305], [5.882685, 49.625298], [5.882746, 49.62528], [5.882791, 49.62526], [5.882872, 49.62522], [5.882887, 49.625217], [5.882902, 49.62522], [5.882917, 49.625225], [5.882929, 49.625237], [5.88294, 49.62525], [5.882936, 49.62531], [5.88294, 49.62533], [5.882952, 49.62535], [5.882971, 49.625366], [5.883001, 49.625385], [5.88312, 49.625416], [5.883158, 49.625435], [5.883173, 49.625446], [5.883181, 49.62546], [5.883181, 49.625507], [5.883184, 49.625534], [5.883196, 49.625553], [5.883219, 49.625576], [5.883249, 49.625587], [5.883276, 49.625584], [5.883322, 49.625572], [5.883413, 49.625553], [5.88347, 49.625553], [5.883509, 49.62556], [5.883593, 49.625587], [5.883699, 49.625633], [5.883757, 49.625668], [5.883779, 49.62569], [5.883875, 49.625847], [5.883894, 49.62587], [5.883928, 49.62589], [5.883959, 49.625893], [5.884028, 49.625896], [5.884081, 49.6259], [5.884108, 49.625908], [5.884142, 49.625923], [5.884191, 49.625957], [5.884222, 49.625988], [5.884333, 49.62617], [5.884355, 49.626198], [5.884386, 49.626213], [5.884417, 49.626217], [5.884481, 49.626217], [5.884642, 49.626205], [5.884672, 49.62621], [5.884714, 49.626213], [5.884752, 49.626232], [5.884867, 49.626324], [5.884901, 49.626343], [5.885038, 49.62638], [5.885069, 49.626396], [5.885115, 49.62645], [5.885134, 49.626465], [5.885157, 49.62647], [5.885195, 49.62646], [5.885229, 49.626453], [5.88526, 49.626453], [5.885298, 49.62647], [5.885355, 49.626484], [5.885481, 49.62652], [5.885542, 49.626556], [5.885572, 49.626614], [5.885584, 49.626682], [5.885614, 49.62676], [5.885683, 49.626823], [5.886038, 49.62698], [5.88616, 49.627075], [5.886335, 49.62725], [5.886377, 49.627262], [5.88661, 49.62724], [5.886675, 49.62725], [5.886702, 49.62727], [5.886778, 49.627316], [5.886759, 49.62733], [5.886743, 49.627346], [5.886091, 49.62796], [5.886099, 49.627995], [5.885881, 49.628197], [5.885893, 49.628296], [5.885492, 49.628887], [5.885824, 49.62902], [5.885659, 49.629144], [5.885172, 49.62951], [5.884779, 49.62978], [5.884386, 49.629944], [5.884138, 49.63006], [5.883833, 49.630272], [5.883371, 49.630608], [5.882704, 49.630943], [5.883173, 49.631752], [5.883295, 49.631977], [5.883482, 49.63231], [5.883509, 49.632355], [5.883852, 49.632965], [5.883863, 49.63298], [5.884249, 49.63322], [5.884546, 49.63336], [5.88487, 49.633297], [5.885294, 49.63337], [5.885622, 49.633472], [5.885923, 49.633614], [5.88619, 49.63375], [5.88645, 49.63395], [5.886652, 49.634266], [5.886743, 49.63462], [5.886824, 49.634724], [5.886908, 49.634953], [5.88772, 49.635056], [5.887793, 49.635053], [5.887861, 49.635075], [5.887876, 49.635075], [5.888452, 49.63518], [5.889189, 49.635303], [5.889662, 49.63539], [5.889914, 49.635456], [5.890367, 49.635593], [5.890745, 49.635727], [5.891211, 49.635902], [5.891653, 49.636063], [5.891958, 49.636154], [5.892283, 49.636234], [5.89237, 49.636242], [5.892973, 49.63627], [5.893793, 49.636284], [5.893839, 49.636288], [5.894228, 49.63629], [5.89435, 49.63629], [5.895315, 49.636265], [5.895842, 49.636185], [5.896276, 49.636105], [5.897623, 49.63582], [5.898416, 49.63505], [5.898924, 49.634407], [5.898943, 49.634393], [5.898966, 49.634377], [5.899244, 49.63452], [5.901033, 49.63524], [5.903192, 49.636163], [5.90365, 49.63658], [5.903929, 49.636814], [5.904234, 49.637047], [5.904737, 49.637363], [5.905027, 49.63758], [5.905424, 49.637897], [5.905836, 49.638192], [5.905889, 49.63823], [5.906122, 49.638373], [5.906172, 49.638394], [5.906311, 49.638452], [5.906421, 49.638498], [5.906486, 49.638525], [5.906534, 49.638546], [5.90678, 49.638647], [5.906794, 49.638653], [5.907717, 49.639072], [5.907606, 49.639137], [5.907309, 49.639313], [5.906813, 49.639626], [5.906469, 49.63978], [5.905889, 49.63994], [5.905676, 49.640026], [5.905481, 49.64016], [5.905424, 49.64029], [5.905432, 49.6405], [5.905367, 49.64076], [5.90526, 49.640865], [5.904894, 49.641087], [5.904373, 49.641477], [5.904209, 49.641899], [5.904169, 49.64198], [5.904211, 49.642242], [5.904219, 49.642273], [5.904207, 49.643646], [5.904207, 49.643784], [5.904203, 49.643913], [5.904173, 49.644047], [5.904169, 49.644485], [5.904165, 49.644596], [5.904161, 49.64465], [5.904154, 49.64488], [5.904142, 49.645073], [5.90412, 49.645607], [5.903967, 49.64556], [5.903639, 49.645554], [5.903479, 49.6455], [5.903097, 49.645515], [5.903006, 49.645523], [5.90291, 49.645535], [5.90275, 49.64567], [5.902662, 49.6457], [5.902494, 49.64567], [5.902388, 49.645706], [5.90225, 49.64586], [5.902216, 49.645947], [5.902243, 49.646046], [5.902254, 49.646046], [5.902308, 49.646202], [5.902315, 49.64622], [5.902329, 49.64625], [5.902346, 49.646286], [5.902407, 49.646423], [5.902544, 49.646915], [5.902693, 49.646915], [5.902689, 49.64693], [5.902506, 49.64786], [5.90243, 49.64809], [5.902414, 49.64817], [5.90238, 49.648342], [5.902357, 49.648445], [5.902327, 49.64854], [5.902254, 49.64879], [5.902235, 49.64887], [5.902231, 49.648895], [5.902224, 49.649048], [5.90222, 49.64908], [5.902208, 49.649254], [5.902212, 49.649418], [5.902288, 49.650024], [5.90233, 49.650265], [5.902395, 49.65048], [5.90251, 49.65072], [5.90254, 49.65078], [5.902838, 49.65135], [5.90259, 49.651367], [5.902559, 49.65137], [5.902239, 49.651398], [5.901735, 49.65144], [5.901876, 49.651787], [5.90188, 49.65181], [5.902224, 49.65179], [5.902227, 49.651817], [5.902368, 49.65246], [5.902468, 49.652813], [5.902502, 49.65291], [5.902613, 49.653236], [5.902544, 49.653248], [5.902964, 49.653828], [5.903196, 49.65397], [5.90418, 49.654354], [5.904528, 49.65449], [5.905386, 49.654747], [5.905413, 49.65476], [5.905062, 49.65508], [5.904577, 49.655437], [5.904428, 49.65559], [5.904284, 49.655857], [5.904173, 49.656017], [5.903921, 49.656364], [5.903765, 49.656624], [5.903646, 49.656765], [5.903479, 49.65693], [5.903025, 49.657494], [5.902952, 49.65758], [5.903242, 49.658005], [5.903433, 49.658268], [5.903562, 49.65842], [5.903876, 49.658775], [5.903933, 49.658817], [5.904047, 49.65905], [5.904146, 49.659233], [5.904276, 49.659405], [5.904345, 49.65957], [5.90447, 49.659897], [5.904535, 49.66003], [5.904608, 49.660137], [5.90481, 49.66041], [5.904978, 49.66062], [5.905085, 49.660713], [5.905073, 49.66074], [5.904879, 49.661083], [5.905336, 49.661243], [5.905523, 49.66131], [5.905809, 49.661423], [5.906321, 49.66164], [5.906382, 49.661663], [5.906527, 49.661724], [5.906801, 49.66183], [5.907057, 49.66192], [5.907389, 49.66202], [5.907637, 49.662094], [5.907797, 49.66213], [5.907892, 49.66214], [5.908014, 49.662148], [5.908369, 49.662148], [5.908506, 49.66215], [5.90864, 49.66216], [5.90877, 49.662167], [5.908853, 49.662178], [5.909002, 49.66221], [5.909647, 49.662323], [5.910212, 49.66242], [5.910337, 49.66244], [5.910643, 49.662495], [5.910456, 49.662746], [5.910303, 49.66296], [5.910192, 49.66309], [5.910086, 49.663208], [5.910006, 49.663326], [5.90996, 49.66345], [5.909933, 49.66353], [5.909864, 49.663704], [5.909845, 49.663746], [5.90983, 49.663776], [5.909693, 49.66402], [5.909605, 49.66416], [5.909533, 49.66429], [5.909529, 49.664425], [5.909533, 49.66458], [5.909536, 49.664616], [5.909311, 49.664635], [5.909235, 49.66465], [5.909185, 49.6647], [5.909166, 49.664764], [5.90914, 49.66484], [5.909082, 49.664917], [5.909037, 49.66498], [5.909014, 49.665047], [5.90896, 49.665096], [5.90888, 49.665127], [5.908819, 49.66524], [5.908758, 49.665337], [5.908651, 49.665497], [5.908548, 49.665585], [5.908388, 49.665672], [5.90803, 49.665726], [5.907805, 49.665764], [5.907595, 49.665745], [5.907267, 49.66574], [5.906908, 49.66573], [5.906714, 49.66571], [5.906599, 49.665684], [5.906481, 49.66563], [5.906317, 49.6656], [5.906168, 49.6656], [5.906012, 49.665596], [5.905847, 49.665565], [5.905672, 49.665497], [5.905485, 49.665386], [5.905352, 49.66527], [5.905195, 49.665115], [5.905016, 49.664948], [5.904863, 49.664856], [5.90465, 49.664806], [5.904497, 49.664795], [5.904303, 49.664776], [5.904158, 49.664772], [5.904051, 49.664753], [5.903975, 49.664684], [5.903639, 49.66435], [5.903486, 49.664196], [5.903452, 49.66418], [5.903303, 49.66417], [5.90317, 49.664158], [5.903036, 49.664135], [5.902803, 49.664066], [5.902601, 49.66402], [5.902514, 49.664017], [5.902395, 49.664036], [5.902136, 49.664135], [5.901869, 49.664257], [5.901754, 49.664314], [5.901667, 49.66441], [5.90164, 49.664505], [5.901598, 49.664837], [5.901533, 49.664978], [5.901499, 49.665066], [5.901495, 49.665127], [5.901514, 49.66522], [5.901529, 49.665337], [5.901522, 49.66542], [5.901529, 49.665466], [5.901567, 49.66554], [5.901564, 49.665596], [5.901533, 49.665634], [5.901422, 49.665672], [5.901358, 49.665714], [5.901304, 49.665768], [5.901285, 49.66581], [5.901323, 49.66606], [5.901373, 49.66619], [5.901461, 49.666317], [5.901533, 49.666378], [5.901621, 49.666424], [5.90201, 49.666576], [5.902349, 49.666737], [5.902655, 49.666893], [5.903009, 49.66702], [5.903067, 49.667057], [5.903097, 49.6671], [5.903112, 49.667156], [5.903082, 49.667244], [5.903028, 49.667366], [5.902945, 49.667435], [5.902864, 49.66749], [5.902727, 49.667526], [5.902647, 49.667553], [5.902613, 49.6676], [5.902597, 49.667675], [5.902597, 49.66778], [5.902575, 49.667908], [5.902536, 49.66802], [5.90246, 49.668095], [5.902384, 49.668144], [5.902273, 49.66818], [5.902163, 49.66819], [5.901804, 49.668167], [5.901701, 49.668148], [5.901609, 49.66811], [5.901434, 49.66799], [5.901323, 49.667915], [5.901289, 49.667854], [5.901239, 49.667706], [5.901209, 49.66765], [5.901129, 49.6676], [5.900991, 49.667526], [5.900774, 49.667427], [5.900705, 49.667385], [5.900675, 49.667355], [5.900679, 49.66731], [5.900698, 49.667118], [5.900724, 49.667084], [5.90082, 49.66701], [5.900869, 49.666973], [5.900881, 49.666946], [5.900843, 49.666885], [5.900847, 49.66685], [5.900866, 49.66682], [5.900892, 49.66679], [5.900896, 49.666763], [5.900877, 49.666733], [5.900839, 49.666714], [5.900743, 49.66668], [5.900698, 49.666656], [5.900656, 49.666622], [5.900629, 49.66659], [5.900595, 49.66657], [5.900545, 49.666534], [5.900503, 49.6665], [5.900476, 49.666466], [5.900446, 49.666393], [5.900389, 49.666313], [5.900267, 49.666176], [5.900141, 49.666046], [5.900076, 49.665997], [5.899988, 49.66595], [5.899874, 49.665928], [5.899744, 49.66592], [5.89953, 49.665913], [5.899324, 49.665928], [5.899172, 49.66596], [5.899073, 49.66597], [5.898951, 49.666008], [5.898798, 49.666073], [5.898367, 49.66626], [5.898249, 49.666306], [5.898092, 49.66635], [5.897989, 49.66642], [5.897829, 49.666576], [5.897661, 49.666718], [5.897543, 49.66682], [5.897474, 49.6669], [5.897429, 49.66699], [5.897398, 49.667103], [5.897379, 49.66725], [5.897352, 49.667305], [5.89731, 49.667362], [5.897154, 49.66751], [5.896879, 49.66778], [5.896746, 49.667892], [5.896707, 49.66792], [5.896624, 49.66795], [5.896536, 49.667976], [5.896494, 49.668007], [5.89636, 49.66818], [5.896326, 49.66822], [5.896315, 49.66826], [5.896316, 49.668288], [5.896318, 49.668343], [5.896341, 49.66845], [5.896337, 49.66851], [5.896315, 49.66854], [5.896288, 49.668556], [5.896223, 49.668575], [5.896158, 49.6686], [5.896109, 49.66863], [5.896044, 49.668674], [5.895994, 49.66871], [5.895948, 49.668724], [5.895872, 49.66874], [5.895811, 49.668747], [5.895761, 49.668736], [5.89554, 49.668663], [5.895132, 49.6685], [5.895056, 49.668457], [5.894812, 49.66829], [5.894636, 49.66814], [5.894526, 49.66804], [5.894186, 49.667797], [5.894136, 49.66775], [5.89411, 49.6677], [5.894083, 49.66762], [5.894087, 49.667553], [5.894113, 49.667458], [5.894102, 49.667366], [5.894072, 49.667286], [5.894003, 49.667164], [5.893949, 49.66706], [5.89393, 49.666965], [5.893965, 49.666862], [5.893995, 49.666737], [5.893953, 49.66655], [5.8939, 49.666416], [5.893839, 49.666348], [5.89374, 49.66629], [5.893537, 49.666256], [5.893248, 49.666203], [5.893099, 49.66619], [5.892931, 49.666203], [5.892755, 49.666237], [5.892652, 49.666267], [5.892534, 49.666313], [5.892355, 49.666412], [5.892153, 49.66653], [5.892008, 49.666733], [5.891954, 49.666805], [5.891909, 49.66688], [5.891886, 49.66693], [5.891882, 49.666977], [5.891893, 49.66703], [5.891935, 49.66712], [5.891973, 49.667194], [5.892019, 49.667236], [5.892179, 49.667366], [5.892206, 49.667408], [5.89221, 49.66745], [5.892187, 49.667492], [5.892118, 49.667553], [5.891989, 49.66764], [5.891806, 49.667778], [5.891684, 49.667873], [5.891607, 49.667942], [5.891508, 49.668056], [5.891439, 49.66816], [5.891409, 49.668243], [5.891401, 49.66832], [5.891439, 49.668407], [5.891466, 49.66847], [5.891474, 49.668518], [5.891458, 49.66856], [5.891401, 49.66863], [5.891298, 49.6687], [5.891176, 49.66876], [5.891123, 49.668797], [5.891054, 49.66883], [5.890966, 49.66886], [5.89086, 49.6689], [5.89076, 49.66897], [5.890676, 49.669044], [5.890531, 49.66916], [5.890375, 49.66931], [5.890287, 49.669403], [5.89023, 49.669518], [5.890165, 49.669632], [5.890108, 49.66976], [5.890089, 49.669857], [5.890085, 49.669945], [5.8901, 49.67], [5.890123, 49.67006], [5.890116, 49.670116], [5.890116, 49.670334], [5.890154, 49.670425], [5.890154, 49.670467], [5.890097, 49.670486], [5.889997, 49.670506], [5.889814, 49.670517], [5.889688, 49.6705], [5.889467, 49.67043], [5.889246, 49.670387], [5.889135, 49.670345], [5.889067, 49.67026], [5.888971, 49.670193], [5.888834, 49.67015], [5.888479, 49.670048], [5.888338, 49.670017], [5.88809, 49.669968], [5.887915, 49.669914], [5.887804, 49.66985], [5.887693, 49.669807], [5.887579, 49.669773], [5.887476, 49.66972], [5.887381, 49.66957], [5.887346, 49.669495], [5.887358, 49.66944], [5.887396, 49.669403], [5.887449, 49.669365], [5.887415, 49.669277], [5.887194, 49.66903], [5.887079, 49.668877], [5.887045, 49.668804], [5.887026, 49.668743], [5.887045, 49.668686], [5.887297, 49.66845], [5.887331, 49.668392], [5.887327, 49.668346], [5.887301, 49.668297], [5.887266, 49.668266], [5.887205, 49.668205], [5.88722, 49.668064], [5.887167, 49.667957], [5.887106, 49.667896], [5.88703, 49.66789], [5.886889, 49.667915], [5.886774, 49.667896], [5.886644, 49.667908], [5.886572, 49.66789], [5.886499, 49.66789], [5.886427, 49.667976], [5.88632, 49.668087], [5.886221, 49.668137], [5.886084, 49.668163], [5.885893, 49.66822], [5.885797, 49.668266], [5.885702, 49.668335], [5.885592, 49.668427], [5.8855, 49.668484], [5.885366, 49.668552], [5.885233, 49.668606], [5.885092, 49.668667], [5.884974, 49.668747], [5.884829, 49.66888], [5.884726, 49.669033], [5.884687, 49.66916], [5.884653, 49.66923], [5.884642, 49.6693], [5.884626, 49.669426], [5.884703, 49.66951], [5.884767, 49.66955], [5.884821, 49.669594], [5.884844, 49.669674], [5.884893, 49.669735], [5.885008, 49.669846], [5.885042, 49.66991], [5.885069, 49.670006], [5.885122, 49.67013], [5.885141, 49.670235], [5.885149, 49.67034], [5.88513, 49.670414], [5.885065, 49.670483], [5.884939, 49.670525], [5.88471, 49.670567], [5.884539, 49.670574], [5.884317, 49.67054], [5.8841, 49.670456], [5.883932, 49.67041], [5.883772, 49.670403], [5.883734, 49.670403], [5.883612, 49.67039], [5.883451, 49.670288], [5.883326, 49.670216], [5.883238, 49.670197], [5.883169, 49.6702], [5.882986, 49.67026], [5.882922, 49.670276], [5.882723, 49.67029], [5.882509, 49.670296], [5.882395, 49.6703], [5.882288, 49.670334], [5.882242, 49.670403], [5.882238, 49.670456], [5.882257, 49.6706], [5.882273, 49.670662], [5.882372, 49.67079], [5.882437, 49.670887], [5.882437, 49.67096], [5.882391, 49.671062], [5.88233, 49.671177], [5.88233, 49.67125], [5.882379, 49.6714], [5.882402, 49.671482], [5.882406, 49.671562], [5.882406, 49.671616], [5.882418, 49.67169], [5.882341, 49.671738], [5.882177, 49.671806], [5.882074, 49.67181], [5.881903, 49.67181], [5.881788, 49.671875], [5.881678, 49.67194], [5.881468, 49.671993], [5.881243, 49.672], [5.881033, 49.672012], [5.880888, 49.67204], [5.880621, 49.672153], [5.880358, 49.672245], [5.880209, 49.672314], [5.880056, 49.672405], [5.8799, 49.672558], [5.87982, 49.672604], [5.879663, 49.672653], [5.879557, 49.672676], [5.87945, 49.67271], [5.879366, 49.672794], [5.879293, 49.67283], [5.879171, 49.672882], [5.879046, 49.672886], [5.878965, 49.67286], [5.878893, 49.672813], [5.878836, 49.672806], [5.878779, 49.672855], [5.878641, 49.67288], [5.878534, 49.672894], [5.878466, 49.672924], [5.878412, 49.672977], [5.878382, 49.67307], [5.878336, 49.67312], [5.87826, 49.67315], [5.878119, 49.673195], [5.87808, 49.673218], [5.878027, 49.67329], [5.878008, 49.673306], [5.877874, 49.67329], [5.877852, 49.67332], [5.877794, 49.673298], [5.877615, 49.673233], [5.876944, 49.673428], [5.876154, 49.673386], [5.874956, 49.67332], [5.873911, 49.673264], [5.87351, 49.67349], [5.872982, 49.673714], [5.872492, 49.67408], [5.871897, 49.674458], [5.871633, 49.67462], [5.871324, 49.674797], [5.871073, 49.67494], [5.870771, 49.67509], [5.870531, 49.675213], [5.870413, 49.67527], [5.870306, 49.675312], [5.870199, 49.67535], [5.869844, 49.6753], [5.869093, 49.67519], [5.868918, 49.67518], [5.868685, 49.675205], [5.868467, 49.67523], [5.868177, 49.675205], [5.867994, 49.675194], [5.867865, 49.67518], [5.867498, 49.675144], [5.86735, 49.675194], [5.867189, 49.67524], [5.866945, 49.675316], [5.866907, 49.67533], [5.866732, 49.67541], [5.866613, 49.675472], [5.866526, 49.675514], [5.866346, 49.675602], [5.866152, 49.6757], [5.866056, 49.67576], [5.865969, 49.6758], [5.865896, 49.675835], [5.865744, 49.67591], [5.865679, 49.675945], [5.865564, 49.676003], [5.865389, 49.67609], [5.865309, 49.676186], [5.865217, 49.6763], [5.865042, 49.676506], [5.864771, 49.676846], [5.864344, 49.677376], [5.863893, 49.67792], [5.863504, 49.6784], [5.863401, 49.678524], [5.863394, 49.678535], [5.863199, 49.67876], [5.863157, 49.67882], [5.862898, 49.679134], [5.862455, 49.67966], [5.862429, 49.67979], [5.862379, 49.67985], [5.862345, 49.679893], [5.862303, 49.679962], [5.862246, 49.680077], [5.862112, 49.680325], [5.862047, 49.68045], [5.86212, 49.68067], [5.861975, 49.68086], [5.861814, 49.681065], [5.86194, 49.68117], [5.862001, 49.68122], [5.862101, 49.68131], [5.86223, 49.681442], [5.862349, 49.681576], [5.862261, 49.68188], [5.862326, 49.681957], [5.862398, 49.68204], [5.862474, 49.682102], [5.862349, 49.682182], [5.862467, 49.68237], [5.862574, 49.682537], [5.862642, 49.682648], [5.862734, 49.6828], [5.862768, 49.682858], [5.862844, 49.683002], [5.862871, 49.683056], [5.862802, 49.683235], [5.862749, 49.68338], [5.862673, 49.68358], [5.862513, 49.68398], [5.862543, 49.684135], [5.862581, 49.68431], [5.862646, 49.684555], [5.862993, 49.68516], [5.863176, 49.685444], [5.863356, 49.685696], [5.863413, 49.685772], [5.863577, 49.685997], [5.863649, 49.686104], [5.863752, 49.686268], [5.863833, 49.686398], [5.863882, 49.68646], [5.864267, 49.686584], [5.864252, 49.686623], [5.864241, 49.686687], [5.864183, 49.68687], [5.864176, 49.686886], [5.864084, 49.687157], [5.864546, 49.687355], [5.864496, 49.687454], [5.864367, 49.687725], [5.864283, 49.687897], [5.864248, 49.687977], [5.86426, 49.688038], [5.864305, 49.688255], [5.864157, 49.68828], [5.864092, 49.68829], [5.864046, 49.688293], [5.863943, 49.688316], [5.863863, 49.68834], [5.863829, 49.688347], [5.863771, 49.688366], [5.863672, 49.688396], [5.863596, 49.688423], [5.863554, 49.68844], [5.863485, 49.688465], [5.863405, 49.6885], [5.863943, 49.688908], [5.864229, 49.68912], [5.864473, 49.689312], [5.864569, 49.68939], [5.864683, 49.689487], [5.864878, 49.689667], [5.865053, 49.68983], [5.865152, 49.68993], [5.865252, 49.690037], [5.865278, 49.690098], [5.865316, 49.690243], [5.865328, 49.69027], [5.865335, 49.690285], [5.865362, 49.69033], [5.865404, 49.690395], [5.865438, 49.69045], [5.865484, 49.690514], [5.865545, 49.690605], [5.865576, 49.690643], [5.865648, 49.69074], [5.865686, 49.690777], [5.865717, 49.6908], [5.86574, 49.690815], [5.865767, 49.690838], [5.865801, 49.690865], [5.865927, 49.690952], [5.86598, 49.690994], [5.866095, 49.691074], [5.866148, 49.691116], [5.866213, 49.691162], [5.866274, 49.691204], [5.866304, 49.691227], [5.866442, 49.691334], [5.866632, 49.69149], [5.86669, 49.691536], [5.866747, 49.69158], [5.866842, 49.691658], [5.866884, 49.69169], [5.866899, 49.691723], [5.866911, 49.691757], [5.86693, 49.69183], [5.866957, 49.69198], [5.86698, 49.692146], [5.866919, 49.692226], [5.866781, 49.69243], [5.866754, 49.692463], [5.866701, 49.69251], [5.86664, 49.692566], [5.866484, 49.69268], [5.866056, 49.692863], [5.865728, 49.693], [5.865778, 49.693066], [5.865812, 49.693115], [5.865938, 49.69329], [5.866053, 49.693455], [5.866075, 49.693485], [5.866091, 49.693504], [5.866243, 49.693707], [5.866339, 49.693832], [5.866388, 49.693817], [5.866499, 49.694004], [5.866705, 49.694363], [5.866915, 49.694332], [5.867102, 49.69431], [5.867369, 49.69442], [5.867468, 49.694458], [5.868158, 49.694397], [5.86873, 49.694405], [5.868856, 49.694542], [5.869123, 49.694744], [5.869253, 49.694866], [5.86978, 49.695663], [5.869978, 49.69593], [5.870264, 49.696224], [5.870382, 49.69666], [5.870428, 49.6968], [5.870531, 49.697], [5.870619, 49.69715], [5.870771, 49.697357], [5.870939, 49.697517], [5.871267, 49.697773], [5.871386, 49.697884], [5.871473, 49.697987], [5.871553, 49.698093], [5.871626, 49.69821], [5.871679, 49.69832], [5.87179, 49.69844], [5.871988, 49.698433], [5.872126, 49.698406], [5.872244, 49.698376], [5.872431, 49.698368], [5.872587, 49.69838], [5.872721, 49.698414], [5.873186, 49.698566], [5.873297, 49.698627], [5.873472, 49.69872], [5.873926, 49.69895], [5.874197, 49.699085], [5.874514, 49.699238], [5.87459, 49.699272], [5.87472, 49.69935], [5.875223, 49.699688], [5.875433, 49.699814], [5.875746, 49.700005], [5.875952, 49.700123], [5.876139, 49.70022], [5.876669, 49.700493], [5.877085, 49.70071], [5.877264, 49.70081], [5.877512, 49.700954], [5.877584, 49.701], [5.877878, 49.70117], [5.877909, 49.701202], [5.877989, 49.701283], [5.878225, 49.70152], [5.878488, 49.70176], [5.878511, 49.701782], [5.878591, 49.701878], [5.878717, 49.702003], [5.87895, 49.702194], [5.879187, 49.702385], [5.879347, 49.702545], [5.879549, 49.70274], [5.879683, 49.702873], [5.87985, 49.70306], [5.879995, 49.703236], [5.880045, 49.703312], [5.880136, 49.70343], [5.880205, 49.70356], [5.880255, 49.703625], [5.880472, 49.70386], [5.880548, 49.70397], [5.880621, 49.704037], [5.880705, 49.70412], [5.880758, 49.704197], [5.880903, 49.704346], [5.881071, 49.704487], [5.881155, 49.704548], [5.8813, 49.704685], [5.881407, 49.704807], [5.881563, 49.704994], [5.881731, 49.705204], [5.881907, 49.705414], [5.882071, 49.70557], [5.882242, 49.705727], [5.882578, 49.70602], [5.882731, 49.70615], [5.882887, 49.706264], [5.88315, 49.70645], [5.883421, 49.706635], [5.883589, 49.70674], [5.883944, 49.706963], [5.884298, 49.707188], [5.884489, 49.707325], [5.884764, 49.70752], [5.88489, 49.70761], [5.884993, 49.707695], [5.88521, 49.70787], [5.885366, 49.708008], [5.885504, 49.708134], [5.885725, 49.708317], [5.88595, 49.70853], [5.886061, 49.70864], [5.886343, 49.708908], [5.886431, 49.708992], [5.886686, 49.70914], [5.886904, 49.709267], [5.886934, 49.709282], [5.886946, 49.70929], [5.887289, 49.70949], [5.88764, 49.70969], [5.887873, 49.709827], [5.887918, 49.70986], [5.888288, 49.71005], [5.888529, 49.710167], [5.888655, 49.710224], [5.888796, 49.71027], [5.888993, 49.710324], [5.889364, 49.710426], [5.889578, 49.71045], [5.889803, 49.71047], [5.890078, 49.71047], [5.89031, 49.710457], [5.890486, 49.71045], [5.890715, 49.710426], [5.89102, 49.71039], [5.891294, 49.710365], [5.89147, 49.71035], [5.891668, 49.710342], [5.891729, 49.710342], [5.891897, 49.710335], [5.89213, 49.710342], [5.892447, 49.710354], [5.892771, 49.71044], [5.893217, 49.710556], [5.893522, 49.710712], [5.893923, 49.710938], [5.89427, 49.711143], [5.894598, 49.71133], [5.894693, 49.7114], [5.894892, 49.711555], [5.895063, 49.711693], [5.89517, 49.711773], [5.895304, 49.711853], [5.895422, 49.711918], [5.895571, 49.711998], [5.895777, 49.712097], [5.895929, 49.71216], [5.896135, 49.712234], [5.896357, 49.71231], [5.896532, 49.712364], [5.896898, 49.712456], [5.897627, 49.71269], [5.898279, 49.712822], [5.898645, 49.712883], [5.898985, 49.712765], [5.899298, 49.712616], [5.899553, 49.71248], [5.900141, 49.71215], [5.900335, 49.71197], [5.900358, 49.711945], [5.900282, 49.71174], [5.900202, 49.711514], [5.900125, 49.71128], [5.900053, 49.7111], [5.899992, 49.710934], [5.899946, 49.710823], [5.899973, 49.710827], [5.900435, 49.710827], [5.900442, 49.71086], [5.900969, 49.71086], [5.90119, 49.710865], [5.901499, 49.710865], [5.901758, 49.71087], [5.902208, 49.71087], [5.902357, 49.710865], [5.902548, 49.710857], [5.903028, 49.710842], [5.903349, 49.710823], [5.90399, 49.710808], [5.904402, 49.7109], [5.90489, 49.711006], [5.905237, 49.711136], [5.905611, 49.71128], [5.905916, 49.7114], [5.906538, 49.711586], [5.906862, 49.71168], [5.907232, 49.71179], [5.907789, 49.71186], [5.908239, 49.711914], [5.90827, 49.71189], [5.908441, 49.711796], [5.908705, 49.711647], [5.908865, 49.711555], [5.909037, 49.711433], [5.909338, 49.711224], [5.909525, 49.71109], [5.909697, 49.710964], [5.909822, 49.710854], [5.910063, 49.71065], [5.910395, 49.710365], [5.910395, 49.710217], [5.910437, 49.71021], [5.910376, 49.71001], [5.910219, 49.709568], [5.910089, 49.709167], [5.910044, 49.709175], [5.909983, 49.70908], [5.909918, 49.708973], [5.909861, 49.708874], [5.909822, 49.708797], [5.909792, 49.708717], [5.909777, 49.708656], [5.909761, 49.708565], [5.909754, 49.708454], [5.90975, 49.708378], [5.909754, 49.7083], [5.909811, 49.708294], [5.909738, 49.707966], [5.909716, 49.70765], [5.909723, 49.707562], [5.909754, 49.707397], [5.9098, 49.707146], [5.909868, 49.70694], [5.909941, 49.706806], [5.91012, 49.70659], [5.910917, 49.705746], [5.911264, 49.705418], [5.911741, 49.704933], [5.911978, 49.70494], [5.912069, 49.70487], [5.912184, 49.70479], [5.912222, 49.704758], [5.912302, 49.704697], [5.912344, 49.704662], [5.912359, 49.704647], [5.912481, 49.704544], [5.912611, 49.70442], [5.912687, 49.704346], [5.912836, 49.7042], [5.912924, 49.70412], [5.912981, 49.704067], [5.913153, 49.703896], [5.913446, 49.70361], [5.913732, 49.70333], [5.913927, 49.70329], [5.914526, 49.703182], [5.914648, 49.703217], [5.915133, 49.703335], [5.91527, 49.703377], [5.915483, 49.70344], [5.915918, 49.703625], [5.916178, 49.703754], [5.91646, 49.703976], [5.916594, 49.704094], [5.916616, 49.70413], [5.916723, 49.70437], [5.916929, 49.704353], [5.917231, 49.704315], [5.917646, 49.70426], [5.918005, 49.704197], [5.918058, 49.704193], [5.918448, 49.70421], [5.918844, 49.704243], [5.919268, 49.704338], [5.919393, 49.70437], [5.919645, 49.704384], [5.920191, 49.704403], [5.920656, 49.70442], [5.921194, 49.70435], [5.921648, 49.704636], [5.921736, 49.704685], [5.921808, 49.70475], [5.922163, 49.705048], [5.922426, 49.705204], [5.922483, 49.70524], [5.922556, 49.705284], [5.922598, 49.705303], [5.922648, 49.705265], [5.922689, 49.705235], [5.922762, 49.70518], [5.922815, 49.705036], [5.92285, 49.704918], [5.922789, 49.704845], [5.922667, 49.704685], [5.922655, 49.70434], [5.922594, 49.704044], [5.922579, 49.703964], [5.922659, 49.703773], [5.922758, 49.70356], [5.922762, 49.703545], [5.922861, 49.70348], [5.9233, 49.703194], [5.923445, 49.70309], [5.923723, 49.702885], [5.924135, 49.702732], [5.924486, 49.702663], [5.924623, 49.702637], [5.925035, 49.70271], [5.925478, 49.702835], [5.925779, 49.702934], [5.926054, 49.70302], [5.926573, 49.703205], [5.927175, 49.703415], [5.927206, 49.703426], [5.927469, 49.703518], [5.927519, 49.703533], [5.92779, 49.70357], [5.92787, 49.70341], [5.927992, 49.70317], [5.928099, 49.702988], [5.92816, 49.70288], [5.928217, 49.7028], [5.928637, 49.70238], [5.928965, 49.70207], [5.928976, 49.702057], [5.929064, 49.701977], [5.929155, 49.701885], [5.929167, 49.701874], [5.929327, 49.701912], [5.929789, 49.70204], [5.929831, 49.702057], [5.929979, 49.70211], [5.930544, 49.702175], [5.931078, 49.702263], [5.931616, 49.702366], [5.932203, 49.7025], [5.932424, 49.702557], [5.932646, 49.702618], [5.934046, 49.703014], [5.934557, 49.70316], [5.935625, 49.70346], [5.936094, 49.703594], [5.936659, 49.70376], [5.937021, 49.703873], [5.93759, 49.70413], [5.938047, 49.704376], [5.938681, 49.704746], [5.939619, 49.705288], [5.940309, 49.70569], [5.941286, 49.70626], [5.942167, 49.706776], [5.942873, 49.707184], [5.943281, 49.707413], [5.943945, 49.70772], [5.944502, 49.707973], [5.945112, 49.708244], [5.946253, 49.708714], [5.946535, 49.708702], [5.946867, 49.708702], [5.947317, 49.70869], [5.94792, 49.708652], [5.948378, 49.708626], [5.949038, 49.708603], [5.94935, 49.70859], [5.949637, 49.7086], [5.949839, 49.708626], [5.950029, 49.708683], [5.95009, 49.70872], [5.950197, 49.70883], [5.950197, 49.708874], [5.950316, 49.709034], [5.950544, 49.709286], [5.950853, 49.709644], [5.95104, 49.70991], [5.951216, 49.710144], [5.951368, 49.71032], [5.951521, 49.71047], [5.952131, 49.71088], [5.952719, 49.71129], [5.953505, 49.71188], [5.95421, 49.712425], [5.954313, 49.712486], [5.954405, 49.71253], [5.954569, 49.712585], [5.955278, 49.712803], [5.955576, 49.7129], [5.95616, 49.713062], [5.956778, 49.71327], [5.957174, 49.713413], [5.957643, 49.713608], [5.959616, 49.7145], [5.960051, 49.714733], [5.96097, 49.71526], [5.96129, 49.715443], [5.961279, 49.71552], [5.961458, 49.71564], [5.961801, 49.71592], [5.962439, 49.716194], [5.962568, 49.71619], [5.962908, 49.716393], [5.963381, 49.716644], [5.963755, 49.716816], [5.964212, 49.71699], [5.964285, 49.71707], [5.964567, 49.71732], [5.96464, 49.717377], [5.964685, 49.717422], [5.964708, 49.717457], [5.964754, 49.71753], [5.96493, 49.71785], [5.965124, 49.71821], [5.965147, 49.718227], [5.96517, 49.718243], [5.9652, 49.71826], [5.966165, 49.718597], [5.966772, 49.71902], [5.967295, 49.719425], [5.968512, 49.719826], [5.968805, 49.72007], [5.969133, 49.72039], [5.969397, 49.720634], [5.969534, 49.720726], [5.969923, 49.72093], [5.970175, 49.721054], [5.970259, 49.721077], [5.970175, 49.72095], [5.970285, 49.72095], [5.970572, 49.720943], [5.970865, 49.720932], [5.971033, 49.720398], [5.971335, 49.720203], [5.971491, 49.72021], [5.971682, 49.720222], [5.972147, 49.720177], [5.972158, 49.720177], [5.97262, 49.720127], [5.972868, 49.72014], [5.973146, 49.720146], [5.973379, 49.72016], [5.973875, 49.7202], [5.974096, 49.720222], [5.974325, 49.720238], [5.97444, 49.720245], [5.974756, 49.72026], [5.974878, 49.72028], [5.974993, 49.7203], [5.975244, 49.720337], [5.975466, 49.720364], [5.975664, 49.72039], [5.975859, 49.720406], [5.976248, 49.720455], [5.976442, 49.720474], [5.976778, 49.72051], [5.977041, 49.72053], [5.977346, 49.720554], [5.977583, 49.72058], [5.978128, 49.72065], [5.978353, 49.720673], [5.978468, 49.720703], [5.978746, 49.720795], [5.978868, 49.720833], [5.978926, 49.720848], [5.978998, 49.72086], [5.979132, 49.720886], [5.979223, 49.72093], [5.979326, 49.720978], [5.979422, 49.72102], [5.979544, 49.72107], [5.97965, 49.721104], [5.979849, 49.721165], [5.980051, 49.721245], [5.980226, 49.72131], [5.980322, 49.721344], [5.980421, 49.72138], [5.980528, 49.721443], [5.980784, 49.72162], [5.981192, 49.721878], [5.981321, 49.72194], [5.981741, 49.72207], [5.981893, 49.722115], [5.982046, 49.722164], [5.98234, 49.722248], [5.982649, 49.72234], [5.982798, 49.72238], [5.983068, 49.722458], [5.983221, 49.722504], [5.98353, 49.722576], [5.98382, 49.722637], [5.984217, 49.722713], [5.985167, 49.722904], [5.985098, 49.72303], [5.985067, 49.723083], [5.985208, 49.723114], [5.985453, 49.723183], [5.98564, 49.72324], [5.985819, 49.723305], [5.986059, 49.723377], [5.986265, 49.72343], [5.986513, 49.723484], [5.986845, 49.723568], [5.987131, 49.723633], [5.987333, 49.72368], [5.987482, 49.72371], [5.987604, 49.723724], [5.987707, 49.72373], [5.987833, 49.72372], [5.988119, 49.723682], [5.988123, 49.723637], [5.988489, 49.723595], [5.988722, 49.723595], [5.988882, 49.723606], [5.989119, 49.723644], [5.98942, 49.723717], [5.989458, 49.723724], [5.989744, 49.72339], [5.989836, 49.72326], [5.989992, 49.72302], [5.99008, 49.722862], [5.990175, 49.72268], [5.990313, 49.722343], [5.990332, 49.722294], [5.990339, 49.722244], [5.990335, 49.72222], [5.990332, 49.722164], [5.990271, 49.72171], [5.990252, 49.72155], [5.990225, 49.72143], [5.990152, 49.72121], [5.990026, 49.720913], [5.989916, 49.7207], [5.989908, 49.720676], [5.989912, 49.720646], [5.989958, 49.720497], [5.990278, 49.719807], [5.990343, 49.71965], [5.990397, 49.7195], [5.990423, 49.719345], [5.990419, 49.719166], [5.990404, 49.719044], [5.990389, 49.719], [5.990622, 49.71895], [5.991045, 49.71901], [5.991884, 49.71915], [5.992426, 49.719223], [5.992792, 49.71925], [5.993074, 49.7193], [5.994326, 49.719597], [5.995844, 49.719986], [5.997679, 49.720474], [5.999498, 49.720875], [6.000727, 49.721127], [6.001539, 49.721344], [6.002436, 49.721573], [6.002852, 49.721664], [6.003061, 49.721695], [6.00342, 49.72172], [6.00358, 49.721737], [6.003569, 49.72176], [6.003279, 49.722168], [6.002909, 49.722687], [6.003057, 49.722736], [6.002585, 49.723274], [6.002153, 49.723747], [6.001852, 49.72406], [6.002073, 49.724133], [6.002542, 49.72428], [6.002688, 49.724327], [6.003469, 49.724575], [6.003382, 49.72474], [6.00345, 49.72476], [6.003859, 49.724884], [6.00395, 49.72491], [6.004175, 49.72498], [6.004404, 49.725048], [6.004599, 49.725105], [6.004747, 49.72515], [6.004896, 49.725193], [6.005213, 49.72529], [6.005056, 49.725525], [6.004934, 49.72569], [6.004717, 49.72599], [6.004465, 49.726322], [6.004129, 49.726727], [6.004099, 49.72677], [6.00416, 49.726784], [6.004347, 49.72684], [6.004587, 49.726917], [6.004686, 49.726948], [6.004782, 49.72698], [6.004885, 49.72701], [6.00498, 49.727036], [6.005011, 49.727047], [6.00524, 49.72722], [6.004976, 49.72738], [6.004793, 49.72749], [6.004538, 49.72767], [6.0044, 49.727722], [6.003824, 49.727955], [6.003813, 49.728447], [6.003809, 49.728516], [6.003946, 49.72882], [6.003973, 49.72888], [6.003984, 49.728912], [6.004015, 49.728977], [6.004126, 49.729244], [6.00419, 49.72941], [6.004217, 49.72947], [6.004259, 49.729576], [6.004274, 49.729607], [6.004332, 49.729748], [6.004351, 49.72979], [6.004423, 49.729965], [6.004446, 49.730015], [6.004595, 49.73035], [6.004644, 49.730488], [6.004656, 49.730515], [6.00469, 49.730618], [6.004705, 49.730656], [6.004755, 49.730793], [6.004877, 49.73115], [6.003321, 49.731358], [6.003328, 49.731415], [6.003317, 49.731503], [6.003294, 49.73171], [6.003248, 49.731842], [6.003168, 49.732006], [6.003084, 49.73212], [6.002863, 49.732414], [6.002798, 49.73248], [6.002688, 49.732582], [6.002008, 49.733128], [6.001863, 49.73309], [6.001718, 49.73305], [6.001516, 49.73333], [6.001261, 49.73368], [6.00123, 49.733715], [6.001226, 49.733727], [6.001169, 49.7338], [6.001085, 49.733913], [6.001017, 49.73401], [6.001006, 49.734031], [6.001631, 49.734207], [6.003164, 49.73462], [6.003668, 49.73476], [6.004011, 49.73487], [6.004164, 49.73493], [6.004335, 49.734993], [6.004618, 49.735104], [6.004904, 49.7352], [6.005209, 49.735283], [6.005552, 49.73536], [6.005785, 49.735405], [6.006605, 49.73556], [6.006617, 49.735577], [6.006575, 49.735706], [6.006617, 49.735813], [6.00664, 49.735878], [6.0068, 49.7363], [6.007044, 49.736275], [6.006998, 49.736404], [6.006983, 49.73644], [6.006964, 49.736504], [6.006918, 49.736626], [6.006864, 49.736782], [6.006845, 49.736816], [6.00635, 49.736828], [6.005922, 49.736847], [6.00577, 49.73686], [6.005598, 49.736874], [6.005461, 49.736897], [6.005262, 49.736935], [6.005144, 49.73697], [6.005033, 49.737007], [6.004992, 49.737026], [6.004896, 49.737103], [6.004801, 49.73721], [6.004713, 49.737293], [6.004664, 49.737324], [6.004114, 49.73749], [6.003672, 49.737625], [6.003427, 49.7377], [6.003191, 49.737762], [6.003012, 49.7378], [6.00255, 49.737877], [6.002218, 49.73792], [6.002005, 49.737934], [6.001993, 49.73796], [6.001566, 49.738552], [6.000956, 49.73934], [6.000906, 49.739403], [6.000612, 49.739727], [6.000238, 49.740124], [6.000162, 49.740173], [6.000036, 49.74026], [5.999823, 49.74042], [5.999594, 49.74062], [5.999426, 49.740788], [5.999155, 49.741116], [5.998938, 49.741383], [5.998712, 49.74165], [5.998587, 49.74181], [5.998514, 49.741894], [5.998365, 49.742043], [5.998171, 49.74222], [5.997759, 49.742577], [5.99774, 49.74259], [5.997576, 49.742523], [5.997465, 49.74248], [5.997454, 49.742474], [5.997374, 49.742443], [5.997259, 49.742393], [5.997366, 49.742287], [5.997507, 49.742115], [5.997747, 49.74177], [5.997637, 49.741737], [5.997415, 49.741665], [5.997206, 49.741596], [5.997103, 49.74156], [5.996992, 49.741524], [5.996836, 49.741474], [5.996676, 49.74142], [5.996477, 49.741356], [5.996286, 49.74129], [5.996107, 49.741234], [5.995771, 49.741123], [5.995607, 49.741066], [5.995459, 49.74102], [5.995432, 49.74101], [5.995165, 49.740925], [5.994867, 49.741222], [5.99449, 49.741608], [5.99399, 49.742077], [5.993708, 49.742344], [5.993463, 49.742214], [5.993261, 49.742107], [5.993227, 49.742092], [5.993097, 49.742023], [5.993002, 49.742115], [5.992933, 49.742184], [5.992918, 49.742203], [5.992842, 49.74228], [5.992815, 49.742306], [5.9928, 49.74232], [5.99264, 49.74229], [5.992273, 49.74222], [5.991907, 49.742146], [5.99164, 49.742073], [5.99135, 49.741978], [5.99066, 49.741703], [5.990637, 49.74174], [5.990541, 49.74187], [5.990534, 49.741882], [5.989721, 49.74152], [5.989611, 49.74147], [5.98892, 49.741165], [5.988874, 49.74126], [5.988829, 49.74135], [5.988596, 49.74182], [5.988871, 49.74194], [5.988638, 49.7421], [5.988317, 49.742313], [5.988157, 49.742397], [5.988115, 49.742424], [5.987959, 49.742508], [5.987028, 49.742996], [5.987013, 49.743008], [5.987635, 49.74329], [5.988226, 49.74356], [5.988642, 49.743744], [5.989729, 49.744236], [5.990232, 49.74447], [5.990999, 49.74481], [5.990988, 49.74482], [5.990858, 49.744957], [5.990103, 49.744667], [5.989935, 49.744896], [5.989916, 49.74492], [5.989843, 49.74502], [5.989782, 49.745102], [5.989763, 49.74513], [5.98966, 49.745266], [5.989607, 49.745342], [5.989573, 49.745384], [5.989534, 49.745438], [5.989363, 49.745655], [5.989252, 49.745792], [5.989141, 49.74593], [5.988897, 49.74624], [5.988798, 49.746365], [5.988646, 49.74657], [5.988546, 49.74669], [5.988481, 49.746765], [5.988394, 49.746838], [5.988165, 49.74701], [5.98797, 49.74718], [5.987848, 49.74729], [5.987825, 49.74731], [5.987635, 49.747444], [5.98744, 49.747578], [5.98704, 49.747852], [5.986914, 49.74794], [5.986532, 49.748203], [5.986376, 49.74831], [5.986143, 49.748466], [5.985933, 49.74861], [5.986486, 49.748943], [5.986815, 49.749123], [5.987017, 49.74922], [5.987028, 49.74923], [5.987421, 49.74937], [5.987665, 49.749447], [5.988401, 49.749645], [5.989057, 49.749794], [5.98916, 49.749817], [5.989069, 49.749958], [5.988985, 49.75008], [5.988932, 49.75019], [5.988886, 49.750275], [5.989412, 49.75033], [5.989244, 49.750824], [5.989164, 49.751057], [5.989073, 49.75136], [5.988913, 49.751762], [5.988867, 49.751804], [5.988691, 49.751938], [5.988375, 49.752174], [5.989004, 49.752472], [5.988993, 49.75264], [5.98897, 49.7528], [5.988974, 49.75296], [5.988996, 49.753117], [5.989023, 49.753235], [5.989054, 49.75333], [5.989065, 49.75336], [5.989088, 49.75341], [5.989134, 49.75348], [5.989233, 49.7536], [5.989687, 49.754017], [5.989042, 49.75414], [5.988954, 49.754158], [5.987955, 49.75435], [5.987966, 49.754627], [5.988077, 49.754684], [5.988428, 49.75472], [5.988779, 49.754772], [5.989206, 49.754845], [5.989592, 49.754917], [5.989744, 49.754948], [5.989809, 49.75498], [5.990225, 49.755295], [5.990591, 49.75558], [5.990828, 49.75573], [5.991125, 49.7559], [5.991472, 49.756096], [5.991968, 49.756348], [5.992521, 49.75662], [5.99283, 49.75677], [5.992983, 49.756878], [5.993082, 49.75697], [5.993174, 49.75711], [5.993334, 49.757362], [5.993483, 49.757614], [5.993551, 49.75774], [5.993586, 49.757915], [5.993578, 49.758125], [5.993593, 49.758183], [5.99365, 49.758236], [5.994394, 49.758728], [5.995462, 49.759407], [5.996111, 49.759804], [5.996164, 49.759842], [5.996088, 49.759865], [5.995863, 49.76011], [5.995733, 49.760246], [5.995462, 49.760536], [5.995794, 49.76071], [5.996, 49.760803], [5.996504, 49.760983], [5.996897, 49.7611], [5.997385, 49.761242], [5.997995, 49.761417], [5.998091, 49.761448], [5.998659, 49.761612], [5.999227, 49.761765], [5.999308, 49.761784], [5.999815, 49.76189], [5.999109, 49.763298], [5.998678, 49.764244], [5.99864, 49.76433], [5.998613, 49.764378], [5.998503, 49.76439], [5.998289, 49.764412], [5.998114, 49.764435], [5.998014, 49.76459], [5.997923, 49.764755], [5.997728, 49.765152], [5.997652, 49.765316], [5.997564, 49.765526], [5.997515, 49.765663], [5.99737, 49.766155], [5.997312, 49.76639], [5.997175, 49.76701], [5.99711, 49.767292], [5.996984, 49.767715], [5.996908, 49.767937], [5.996885, 49.76801], [5.996836, 49.768192], [5.996836, 49.768234], [5.996855, 49.768272], [5.996874, 49.768295], [5.996927, 49.768337], [5.997042, 49.768406], [5.997225, 49.768486], [5.997316, 49.768528], [5.997213, 49.76861], [5.997045, 49.768738], [5.996881, 49.768867], [5.996859, 49.768887], [5.996916, 49.768925], [5.997175, 49.769127], [5.997004, 49.7693], [5.996084, 49.77025], [5.996016, 49.770317], [5.99645, 49.770275], [5.996664, 49.770256], [5.996828, 49.770267], [5.996969, 49.770294], [5.99711, 49.77037], [5.99729, 49.770527], [5.997423, 49.770634], [5.997446, 49.770714], [5.997461, 49.77095], [5.99748, 49.7711], [5.997534, 49.771286], [5.997663, 49.771503], [5.997835, 49.77173], [5.997919, 49.771793], [5.998014, 49.771835], [5.99811, 49.77186], [5.998213, 49.771828], [5.998495, 49.771687], [5.998617, 49.771633], [5.998758, 49.77161], [5.9989, 49.771626], [5.999064, 49.771667], [5.999136, 49.771717], [5.999186, 49.771797], [5.999224, 49.771828], [5.999342, 49.771862], [5.999502, 49.77192], [5.99967, 49.772003], [5.999723, 49.77205], [5.999769, 49.77213], [5.999796, 49.77224], [5.999849, 49.772346], [6.000013, 49.772446], [6.000193, 49.7725], [6.000311, 49.772503], [6.000475, 49.772488], [6.00062, 49.77249], [6.000677, 49.7725], [6.000784, 49.77253], [6.001032, 49.772617], [6.001307, 49.77271], [6.001585, 49.772736], [6.001844, 49.772766], [6.002066, 49.77281], [6.002245, 49.772873], [6.002386, 49.772957], [6.002501, 49.773003], [6.002577, 49.77302], [6.002668, 49.77303], [6.002752, 49.77302], [6.002775, 49.77305], [6.002829, 49.773064], [6.002947, 49.773205], [6.003088, 49.773384], [6.002794, 49.773476], [6.00239, 49.77359], [6.002062, 49.773666], [6.001391, 49.773785], [6.001493, 49.77404], [6.001581, 49.774254], [6.001619, 49.774353], [6.001654, 49.774433], [6.001589, 49.774437], [6.001585, 49.774464], [6.000006, 49.774445], [6.000006, 49.774487], [5.999975, 49.774864], [5.999952, 49.775127], [5.999212, 49.775078], [5.998964, 49.775063], [5.998743, 49.775047], [5.998873, 49.77516], [5.999289, 49.775524], [5.999613, 49.77581], [5.999807, 49.775986], [6.000074, 49.776226], [6.000387, 49.776424], [6.000822, 49.776703], [6.000734, 49.77716], [6.000608, 49.77744], [6.00041, 49.777924], [6.000349, 49.77816], [6.000345, 49.778297], [6.000299, 49.778423], [6.000193, 49.77854], [5.999716, 49.778942], [5.99954, 49.779125], [5.999403, 49.779266], [5.999144, 49.779545], [5.999132, 49.779556], [5.999079, 49.779613], [5.999029, 49.779663], [5.99917, 49.77972], [5.999243, 49.77975], [5.999277, 49.779766], [5.999258, 49.779785], [5.998636, 49.780365], [5.998255, 49.78069], [5.998503, 49.78081], [5.998781, 49.78095], [5.999048, 49.781082], [5.999067, 49.781094], [5.998442, 49.78145], [5.997969, 49.781715], [5.997694, 49.78187], [5.997721, 49.78189], [5.997915, 49.782017], [5.998068, 49.782112], [5.998293, 49.782257], [5.998587, 49.782448], [5.999006, 49.78271], [5.99851, 49.783573], [5.998865, 49.78373], [5.998907, 49.78375], [5.99925, 49.7839], [5.999521, 49.78402], [5.999613, 49.784065], [5.999784, 49.784164], [5.999941, 49.78426], [6.00057, 49.78465], [6.00107, 49.78495], [6.00152, 49.785225], [6.001791, 49.78539], [6.001825, 49.785408], [6.001585, 49.78572], [6.001436, 49.785942], [6.001486, 49.785965], [6.002134, 49.786213], [6.002531, 49.78636], [6.003138, 49.7866], [6.004, 49.786808], [6.005217, 49.787086], [6.005358, 49.78712], [6.005613, 49.787186], [6.005674, 49.7872], [6.005949, 49.78727], [6.006025, 49.787285], [6.006395, 49.78738], [6.006445, 49.78739], [6.007448, 49.78731], [6.007563, 49.787304], [6.007677, 49.787296], [6.00773, 49.78727], [6.007765, 49.78725], [6.00794, 49.787163], [6.008024, 49.78713], [6.008104, 49.7871], [6.008154, 49.78709], [6.008444, 49.78705], [6.008589, 49.787025], [6.008711, 49.786995], [6.008955, 49.786922], [6.009138, 49.786877], [6.009279, 49.78685], [6.009638, 49.786804], [6.009878, 49.786777], [6.01008, 49.786774], [6.010279, 49.78678], [6.01037, 49.78679], [6.010481, 49.78681], [6.010965, 49.786736], [6.011076, 49.786793], [6.011141, 49.786835], [6.01148, 49.786858], [6.011686, 49.78687], [6.011824, 49.78688], [6.012056, 49.786907], [6.012304, 49.786926], [6.012739, 49.786987], [6.012835, 49.786995], [6.012968, 49.786995], [6.013143, 49.786983], [6.013262, 49.78697], [6.013536, 49.786926], [6.013594, 49.78696], [6.013609, 49.78697], [6.013605, 49.786983], [6.013605, 49.787003], [6.013598, 49.787037], [6.013586, 49.78706], [6.013563, 49.787075], [6.01354, 49.78708], [6.013517, 49.78708], [6.013483, 49.787075], [6.01346, 49.787075], [6.013433, 49.78708], [6.013407, 49.78709], [6.013376, 49.78711], [6.013334, 49.78713], [6.013311, 49.78714], [6.0133, 49.787148], [6.013281, 49.787163], [6.013201, 49.78727], [6.01317, 49.787308], [6.013159, 49.78733], [6.013151, 49.78736], [6.013155, 49.78738], [6.013159, 49.787445], [6.013159, 49.787476], [6.013151, 49.787502], [6.01314, 49.78753], [6.013117, 49.787598], [6.013124, 49.78762], [6.013155, 49.787655], [6.013201, 49.78768], [6.01325, 49.787724], [6.013258, 49.787766], [6.013262, 49.787827], [6.013266, 49.787914], [6.013262, 49.78798], [6.013285, 49.787983], [6.013567, 49.787983], [6.013578, 49.78816], [6.013582, 49.788334], [6.013582, 49.78851], [6.013575, 49.788696], [6.01354, 49.788868], [6.013502, 49.788994], [6.013445, 49.789154], [6.013304, 49.789417], [6.01314, 49.789627], [6.013029, 49.789753], [6.012609, 49.79024], [6.013239, 49.79047], [6.013994, 49.790752], [6.01454, 49.79095], [6.014536, 49.79114], [6.014536, 49.7913], [6.014532, 49.791435], [6.014689, 49.791668], [6.014811, 49.791843], [6.014864, 49.791924], [6.01515, 49.79235], [6.015234, 49.79248], [6.015337, 49.792664], [6.015467, 49.79308], [6.015535, 49.793365], [6.015593, 49.793625], [6.015589, 49.793743], [6.015551, 49.794083], [6.015543, 49.794132], [6.015448, 49.794636], [6.01536, 49.79499], [6.015345, 49.79505], [6.015268, 49.7953], [6.015257, 49.79533], [6.015226, 49.79544], [6.015345, 49.795475], [6.015425, 49.795498], [6.015501, 49.79551], [6.015631, 49.795525], [6.01568, 49.795532], [6.015791, 49.795563], [6.015886, 49.795586], [6.015917, 49.795597], [6.015986, 49.79563], [6.016096, 49.79566], [6.016153, 49.79568], [6.016253, 49.795734], [6.016317, 49.795757], [6.01642, 49.795776], [6.016546, 49.7958], [6.016687, 49.795807], [6.016768, 49.79582], [6.016981, 49.79585], [6.017279, 49.795925], [6.017504, 49.795956], [6.017588, 49.795967], [6.017668, 49.795986], [6.017775, 49.796013], [6.017851, 49.796024], [6.0179, 49.796036], [6.018026, 49.79607], [6.018099, 49.79608], [6.018171, 49.796093], [6.018232, 49.796112], [6.018286, 49.79613], [6.018347, 49.79614], [6.0184, 49.79615], [6.018446, 49.79616], [6.018545, 49.796192], [6.018614, 49.796207], [6.018686, 49.79621], [6.018744, 49.79622], [6.018843, 49.79624], [6.018988, 49.796265], [6.019083, 49.796288], [6.019186, 49.796314], [6.019323, 49.796356], [6.019606, 49.79644], [6.019671, 49.796467], [6.019705, 49.796486], [6.019781, 49.796513], [6.019873, 49.796535], [6.020021, 49.796577], [6.020136, 49.79662], [6.020239, 49.796665], [6.020285, 49.796688], [6.020323, 49.796703], [6.020361, 49.79671], [6.020449, 49.796734], [6.020502, 49.796745], [6.020563, 49.796764], [6.020632, 49.79679], [6.0207, 49.796818], [6.020578, 49.796967], [6.020361, 49.797207], [6.019941, 49.797653], [6.01972, 49.797897], [6.019503, 49.798466], [6.019983, 49.798576], [6.020414, 49.79867], [6.021028, 49.79883], [6.02112, 49.798855], [6.021315, 49.7989], [6.021761, 49.799015], [6.021917, 49.79905], [6.022333, 49.799168], [6.022661, 49.79927], [6.022844, 49.799328], [6.023371, 49.79949], [6.023828, 49.799606], [6.024126, 49.79968], [6.024286, 49.799713], [6.024569, 49.799778], [6.024988, 49.799877], [6.025476, 49.800003], [6.025526, 49.80002], [6.025847, 49.799934], [6.025854, 49.79996], [6.025915, 49.800156], [6.026339, 49.800446], [6.026354, 49.800453], [6.026396, 49.80048], [6.026575, 49.800446], [6.026625, 49.800488], [6.026636, 49.800495], [6.026716, 49.800507], [6.026819, 49.80055], [6.027002, 49.800507], [6.027082, 49.800533], [6.027124, 49.800545], [6.02717, 49.80055], [6.027204, 49.80055], [6.02725, 49.800556], [6.027277, 49.80056], [6.027304, 49.80057], [6.02733, 49.800583], [6.027357, 49.800594], [6.027391, 49.8006], [6.027437, 49.8006], [6.027494, 49.800602], [6.02759, 49.80061], [6.02767, 49.800625], [6.027777, 49.800636], [6.027983, 49.800674], [6.028017, 49.80068], [6.028063, 49.800674], [6.028143, 49.800674], [6.028208, 49.800682], [6.028284, 49.8007], [6.028376, 49.80072], [6.028452, 49.80074], [6.02849, 49.800747], [6.02854, 49.800747], [6.028597, 49.80076], [6.02865, 49.80077], [6.028677, 49.80078], [6.028708, 49.80079], [6.028746, 49.800793], [6.028795, 49.800877], [6.029108, 49.80128], [6.029844, 49.801582], [6.030188, 49.80172], [6.030336, 49.801773], [6.030691, 49.801895], [6.030989, 49.802002], [6.031107, 49.80204], [6.031282, 49.802105], [6.03171, 49.802258], [6.031828, 49.80229], [6.031969, 49.80234], [6.032457, 49.80249], [6.032549, 49.802517], [6.032801, 49.802597], [6.033045, 49.802685], [6.033304, 49.80279], [6.033457, 49.802864], [6.033716, 49.802994], [6.034594, 49.803284], [6.035063, 49.80344], [6.035105, 49.80344], [6.035933, 49.803513], [6.036806, 49.803585], [6.037382, 49.803635], [6.037542, 49.803654], [6.038168, 49.803722], [6.038572, 49.80377], [6.037905, 49.80416], [6.037893, 49.80417], [6.037062, 49.804676], [6.036917, 49.804756], [6.036901, 49.804768], [6.036741, 49.80484], [6.035837, 49.805264], [6.035582, 49.80538], [6.034731, 49.805782], [6.034479, 49.8059], [6.034143, 49.806053], [6.033567, 49.806324], [6.033247, 49.80647], [6.033125, 49.806522], [6.032469, 49.80682], [6.031664, 49.8072], [6.031568, 49.80724], [6.031447, 49.8073], [6.031393, 49.807327], [6.031069, 49.807484], [6.030996, 49.807514], [6.030603, 49.807697], [6.030508, 49.807774], [6.030436, 49.807835], [6.030138, 49.808067], [6.030008, 49.808167], [6.029947, 49.808197], [6.030592, 49.80887], [6.030146, 49.809074], [6.030043, 49.80912], [6.029223, 49.809315], [6.028646, 49.80953], [6.028345, 49.80964], [6.02833, 49.809666], [6.028009, 49.810173], [6.027918, 49.810364], [6.028204, 49.81076], [6.02841, 49.811047], [6.028772, 49.811455], [6.028872, 49.81157], [6.028768, 49.811947], [6.028665, 49.812157], [6.028593, 49.81227], [6.028547, 49.812355], [6.028597, 49.8127], [6.028933, 49.81304], [6.029036, 49.813137], [6.029238, 49.813343], [6.029379, 49.813507], [6.029516, 49.81364], [6.029776, 49.81391], [6.030062, 49.81436], [6.030214, 49.814606], [6.030477, 49.815056], [6.030554, 49.815193], [6.030626, 49.815315], [6.030939, 49.815834], [6.031256, 49.816345], [6.031599, 49.816902], [6.031755, 49.817326], [6.031748, 49.81742], [6.031885, 49.818207], [6.031927, 49.818222], [6.031988, 49.81858], [6.032026, 49.81881], [6.032049, 49.818924], [6.032061, 49.818962], [6.03211, 49.819168], [6.032145, 49.81929], [6.032263, 49.81974], [6.032778, 49.82004], [6.033079, 49.820213], [6.033724, 49.820526], [6.03454, 49.82094], [6.034784, 49.8211], [6.035021, 49.821274], [6.035181, 49.82137], [6.035284, 49.821438], [6.03541, 49.821526], [6.03591, 49.821796], [6.036478, 49.82203], [6.036863, 49.82212], [6.037119, 49.822178], [6.037287, 49.82222], [6.037645, 49.822304], [6.038027, 49.822388], [6.038851, 49.822544], [6.038954, 49.822567], [6.039103, 49.822594], [6.040007, 49.822723], [6.040766, 49.822823], [6.040972, 49.823544], [6.040983, 49.823586], [6.04104, 49.823772], [6.041101, 49.823997], [6.041124, 49.824066], [6.041159, 49.824158], [6.040998, 49.8247], [6.040777, 49.825466], [6.04035, 49.82609], [6.041555, 49.826477], [6.041689, 49.826523], [6.041815, 49.82656], [6.041834, 49.82657], [6.041895, 49.826588], [6.043829, 49.826748], [6.045088, 49.8267], [6.045275, 49.826603], [6.046812, 49.825798], [6.047075, 49.825634], [6.047354, 49.825455], [6.047449, 49.82539], [6.048101, 49.82497], [6.048971, 49.824398], [6.049421, 49.824562], [6.049616, 49.824635], [6.0497, 49.824665], [6.050074, 49.824802], [6.050135, 49.82482], [6.050955, 49.825123], [6.051027, 49.82515], [6.051474, 49.82532], [6.051153, 49.825653], [6.051024, 49.825794], [6.05094, 49.825893], [6.050814, 49.826035], [6.050734, 49.82612], [6.050631, 49.826218], [6.050482, 49.826332], [6.050348, 49.82643], [6.050192, 49.826553], [6.050169, 49.826572], [6.050432, 49.826626], [6.050703, 49.82668], [6.050928, 49.826736], [6.051188, 49.826817], [6.051462, 49.826916], [6.05179, 49.82705], [6.052229, 49.827267], [6.052885, 49.827595], [6.053019, 49.827652], [6.053247, 49.82773], [6.053598, 49.82784], [6.054632, 49.828136], [6.055376, 49.828354], [6.055815, 49.828495], [6.056135, 49.828606], [6.056448, 49.82872], [6.056539, 49.828762], [6.056646, 49.828846], [6.056673, 49.828976], [6.057127, 49.829224], [6.057348, 49.829334], [6.058149, 49.82969], [6.058798, 49.829975], [6.059004, 49.83006], [6.059286, 49.83015], [6.059545, 49.830208], [6.059828, 49.830254], [6.060236, 49.830296], [6.061129, 49.83038], [6.061583, 49.830452], [6.061777, 49.830505], [6.061895, 49.830555], [6.061979, 49.830624], [6.062147, 49.830864], [6.06238, 49.8312], [6.063456, 49.832798], [6.063459, 49.832882], [6.064253, 49.834167], [6.064573, 49.834442], [6.064875, 49.83431], [6.064959, 49.834274], [6.065039, 49.834244], [6.065069, 49.834236], [6.065119, 49.834236], [6.06518, 49.834244], [6.065245, 49.834255], [6.065321, 49.834175], [6.065439, 49.834152], [6.065111, 49.833775], [6.064867, 49.833492], [6.064665, 49.83321], [6.064573, 49.83308], [6.064398, 49.832836], [6.064238, 49.832882], [6.064188, 49.832794], [6.064108, 49.83264], [6.064028, 49.83248], [6.063997, 49.83242], [6.063948, 49.83225], [6.063925, 49.832146], [6.063898, 49.832043], [6.063894, 49.832], [6.063891, 49.831944], [6.063887, 49.831814], [6.063879, 49.8316], [6.06391, 49.831226], [6.063932, 49.83097], [6.063932, 49.830956], [6.06394, 49.83093], [6.064016, 49.830936], [6.064062, 49.83091], [6.064371, 49.83036], [6.065939, 49.830204], [6.066145, 49.830196], [6.066301, 49.830193], [6.066324, 49.830193], [6.066374, 49.83019], [6.066904, 49.830177], [6.067091, 49.83017], [6.067881, 49.83016], [6.068663, 49.83012], [6.069429, 49.83008], [6.070311, 49.83004], [6.070391, 49.830036], [6.07107, 49.829994], [6.071119, 49.829994], [6.072069, 49.830013], [6.072496, 49.830006], [6.072405, 49.829758], [6.07329, 49.829525], [6.074076, 49.829315], [6.074568, 49.829556], [6.075048, 49.829453], [6.075064, 49.829197], [6.074743, 49.829], [6.074873, 49.828854], [6.074701, 49.82876], [6.074591, 49.82883], [6.074469, 49.828735], [6.074022, 49.828316], [6.07353, 49.82777], [6.073683, 49.827057], [6.073793, 49.826447], [6.073332, 49.825993], [6.072916, 49.825577], [6.072779, 49.82545], [6.072844, 49.82544], [6.072992, 49.825413], [6.074854, 49.825058], [6.076136, 49.824936], [6.077059, 49.82474], [6.07942, 49.824043], [6.080271, 49.823696], [6.081282, 49.82339], [6.082132, 49.823147], [6.082575, 49.823074], [6.08259, 49.82307], [6.083078, 49.823013], [6.083571, 49.822952], [6.084215, 49.8227], [6.084745, 49.822517], [6.085314, 49.822487], [6.085768, 49.822487], [6.086344, 49.82252], [6.086718, 49.822548], [6.087461, 49.822605], [6.08769, 49.82262], [6.087927, 49.82264], [6.089025, 49.822716], [6.08946, 49.822754], [6.089766, 49.822777], [6.089838, 49.822758], [6.090258, 49.822796], [6.090918, 49.822857], [6.09099, 49.822872], [6.091074, 49.822845], [6.091169, 49.822834], [6.091196, 49.82275], [6.091291, 49.82264], [6.091524, 49.822544], [6.091974, 49.822456], [6.092684, 49.822285], [6.093199, 49.82206], [6.093763, 49.82174], [6.094202, 49.821476], [6.09445, 49.821236], [6.09474, 49.820984], [6.09506, 49.82064], [6.095304, 49.820335], [6.095598, 49.819916], [6.095968, 49.81932], [6.096247, 49.818924], [6.096392, 49.81861], [6.096495, 49.818367], [6.096544, 49.8182], [6.09654, 49.818123], [6.096457, 49.81803], [6.096266, 49.81792], [6.095766, 49.817726], [6.095038, 49.817368], [6.094801, 49.81724], [6.094599, 49.817093], [6.094503, 49.816944], [6.094496, 49.816734], [6.094545, 49.81658], [6.094656, 49.81637], [6.094957, 49.816036], [6.095617, 49.815514], [6.095758, 49.81543], [6.095869, 49.815357], [6.096254, 49.815097], [6.096522, 49.814978], [6.096777, 49.814896], [6.097067, 49.814842], [6.097303, 49.81482], [6.097639, 49.814857], [6.097959, 49.81492], [6.097982, 49.81492], [6.098127, 49.81495], [6.098146, 49.81495], [6.098356, 49.814995], [6.098444, 49.814987], [6.098589, 49.81494], [6.098726, 49.814884], [6.098841, 49.814857], [6.098997, 49.814827], [6.099222, 49.8148], [6.099302, 49.814796], [6.099474, 49.814774], [6.099798, 49.814766], [6.099875, 49.81476], [6.100824, 49.81463], [6.100988, 49.81462], [6.101839, 49.814644], [6.101847, 49.81466], [6.101885, 49.81475], [6.1028, 49.814926], [6.102785, 49.814995], [6.102991, 49.814953], [6.103186, 49.814987], [6.103418, 49.815002], [6.103605, 49.815002], [6.103777, 49.814995], [6.103834, 49.814987], [6.104227, 49.814873], [6.104963, 49.81462], [6.105017, 49.814606], [6.105196, 49.814537], [6.105574, 49.814354], [6.106043, 49.813965], [6.106131, 49.813843], [6.106493, 49.81371], [6.106836, 49.813545], [6.10739, 49.813232], [6.107855, 49.812973], [6.108065, 49.81281], [6.10813, 49.812645], [6.108168, 49.81237], [6.108133, 49.81207], [6.108152, 49.811882], [6.108229, 49.811653], [6.108381, 49.811417], [6.10853, 49.811142], [6.108751, 49.810852], [6.108976, 49.81064], [6.109228, 49.810467], [6.109338, 49.81038], [6.109472, 49.810413], [6.109564, 49.810436], [6.109992, 49.810547], [6.110194, 49.810596], [6.110464, 49.810665], [6.110647, 49.81072], [6.110666, 49.810726], [6.110799, 49.810764], [6.110813, 49.81077], [6.111095, 49.810852], [6.111256, 49.81085], [6.111323, 49.810863], [6.111566, 49.8109], [6.111705, 49.810917], [6.111868, 49.810905], [6.112146, 49.810898], [6.112161, 49.8109], [6.112239, 49.81094], [6.112682, 49.811146], [6.112806, 49.811226], [6.112926, 49.811283], [6.113109, 49.811386], [6.113156, 49.811398], [6.113207, 49.811405], [6.113231, 49.81141], [6.11325, 49.811424], [6.113264, 49.811443], [6.113269, 49.811466], [6.113286, 49.811485], [6.113631, 49.81161], [6.114662, 49.811928], [6.114847, 49.812], [6.115094, 49.812103], [6.115336, 49.812176], [6.115422, 49.812206], [6.11547, 49.81223], [6.1156, 49.81231], [6.116038, 49.81249], [6.116226, 49.812584], [6.116334, 49.812653], [6.116704, 49.812923], [6.117021, 49.81315], [6.117234, 49.81324], [6.117285, 49.813267], [6.117407, 49.813354], [6.117481, 49.81339], [6.117608, 49.813435], [6.11796, 49.81353], [6.118311, 49.813633], [6.11857, 49.81372], [6.118834, 49.813812], [6.119138, 49.813885], [6.119457, 49.81399], [6.119736, 49.814087], [6.120017, 49.814224], [6.120278, 49.81433], [6.120597, 49.814472], [6.120922, 49.81462], [6.121499, 49.81486], [6.12178, 49.814983], [6.121965, 49.815083], [6.122081, 49.815147], [6.122266, 49.8152], [6.122313, 49.81522], [6.12246, 49.815285], [6.122774, 49.81544], [6.122933, 49.815514], [6.123107, 49.815563], [6.123172, 49.815586], [6.123256, 49.815613], [6.123427, 49.815655], [6.123639, 49.815704], [6.123713, 49.815727], [6.1238, 49.815758], [6.123932, 49.815777], [6.12399, 49.81579], [6.124034, 49.81581], [6.124064, 49.81583], [6.124092, 49.815857], [6.124129, 49.815914], [6.124149, 49.81594], [6.124205, 49.81597], [6.124487, 49.816113], [6.124717, 49.81622], [6.124923, 49.81632], [6.125094, 49.816387], [6.125262, 49.81646], [6.125322, 49.816498], [6.125359, 49.816536], [6.125396, 49.816578], [6.125419, 49.81659], [6.125501, 49.81663], [6.125588, 49.81668], [6.125661, 49.816734], [6.125685, 49.81673], [6.125694, 49.8167], [6.125707, 49.81668], [6.125739, 49.816666], [6.125776, 49.816677], [6.125798, 49.816708], [6.125802, 49.816757], [6.125828, 49.81679], [6.125873, 49.81682], [6.125896, 49.81683], [6.12593, 49.816833], [6.125971, 49.816822], [6.125995, 49.81682], [6.126016, 49.816833], [6.126027, 49.816845], [6.12603, 49.8169], [6.126041, 49.816933], [6.126067, 49.816963], [6.126103, 49.816986], [6.12612, 49.816994], [6.126191, 49.817047], [6.126241, 49.817078], [6.126295, 49.817093], [6.126337, 49.817097], [6.126401, 49.817093], [6.126456, 49.817085], [6.126501, 49.817085], [6.126538, 49.8171], [6.126596, 49.81714], [6.126668, 49.817184], [6.126742, 49.817207], [6.126867, 49.817234], [6.12713, 49.817295], [6.127236, 49.81733], [6.127355, 49.81737], [6.127544, 49.817444], [6.127729, 49.817516], [6.127832, 49.81757], [6.127963, 49.817654], [6.128066, 49.81774], [6.128137, 49.81782], [6.1282, 49.817894], [6.128237, 49.81796], [6.128254, 49.818], [6.12825, 49.81808], [6.128264, 49.818104], [6.128287, 49.818115], [6.128328, 49.818134], [6.128412, 49.818157], [6.128563, 49.81818], [6.128704, 49.818222], [6.128767, 49.818237], [6.128984, 49.818264], [6.129042, 49.81828], [6.129155, 49.81832], [6.129249, 49.818367], [6.12932, 49.81839], [6.129395, 49.818447], [6.129497, 49.818493], [6.129583, 49.818577], [6.129654, 49.818645], [6.129747, 49.818707], [6.12985, 49.818764], [6.129911, 49.81881], [6.129956, 49.81885], [6.13006, 49.818935], [6.130083, 49.818954], [6.130161, 49.818985], [6.130227, 49.81901], [6.130391, 49.81905], [6.13058, 49.819088], [6.130685, 49.819103], [6.130729, 49.819054], [6.130775, 49.819084], [6.131688, 49.819496], [6.131862, 49.819637], [6.132075, 49.81982], [6.132439, 49.820084], [6.132708, 49.820274], [6.1329, 49.820404], [6.133092, 49.820507], [6.133266, 49.820595], [6.133816, 49.82087], [6.133977, 49.820942], [6.134393, 49.821125], [6.134617, 49.82123], [6.134924, 49.821423], [6.135144, 49.821552], [6.135467, 49.821747], [6.136001, 49.82206], [6.13662, 49.82236], [6.137062, 49.822655], [6.137209, 49.82275], [6.137354, 49.82285], [6.137832, 49.82316], [6.138582, 49.823605], [6.138689, 49.823666], [6.139043, 49.82387], [6.139307, 49.824005], [6.139661, 49.82417], [6.139879, 49.824272], [6.140352, 49.82446], [6.140979, 49.824703], [6.141514, 49.824917], [6.14208, 49.825146], [6.142178, 49.825176], [6.142198, 49.825184], [6.14233, 49.82523], [6.142557, 49.825287], [6.14275, 49.82532], [6.142889, 49.82534], [6.142972, 49.82536], [6.143032, 49.82537], [6.143158, 49.82541], [6.143257, 49.825447], [6.143568, 49.825596], [6.14413, 49.825897], [6.14466, 49.82619], [6.145264, 49.826496], [6.145716, 49.826736], [6.145959, 49.826466], [6.145981, 49.826443], [6.1462, 49.8262], [6.146414, 49.825962], [6.146715, 49.82604], [6.147032, 49.82612], [6.147459, 49.826252], [6.147581, 49.82629], [6.147814, 49.826366], [6.147913, 49.8264], [6.149134, 49.82566], [6.149477, 49.825157], [6.149763, 49.82463], [6.150091, 49.824017], [6.150103, 49.823994], [6.150553, 49.82325], [6.150774, 49.822876], [6.150755, 49.82283], [6.150732, 49.822758], [6.150629, 49.82247], [6.150614, 49.822433], [6.150568, 49.822277], [6.150522, 49.822136], [6.15048, 49.821888], [6.150446, 49.821697], [6.150679, 49.82147], [6.150705, 49.82144], [6.151167, 49.821], [6.150999, 49.820698], [6.150984, 49.820667], [6.150927, 49.820576], [6.150907, 49.820545], [6.150873, 49.820503], [6.150774, 49.82036], [6.150526, 49.82005], [6.150553, 49.81977], [6.150572, 49.819645], [6.150637, 49.81946], [6.150682, 49.819332], [6.150499, 49.819275], [6.150587, 49.81907], [6.150698, 49.818874], [6.150846, 49.818703], [6.151079, 49.81859], [6.151217, 49.818523], [6.151297, 49.818485], [6.151663, 49.818344], [6.151957, 49.81845], [6.152075, 49.818493], [6.152208, 49.81854], [6.152525, 49.818653], [6.152651, 49.818428], [6.153612, 49.818787], [6.153913, 49.818874], [6.154203, 49.81895], [6.154398, 49.819008], [6.155477, 49.81935], [6.156298, 49.81963], [6.156988, 49.819885], [6.157869, 49.820198], [6.158621, 49.820473], [6.159746, 49.82095], [6.160002, 49.82106], [6.160749, 49.821423], [6.16155, 49.821808], [6.162645, 49.822693], [6.164144, 49.82212], [6.164415, 49.82215], [6.164465, 49.82216], [6.164511, 49.822163], [6.164866, 49.8222], [6.164915, 49.82221], [6.165827, 49.822308], [6.166864, 49.82244], [6.167543, 49.82223], [6.167917, 49.822117], [6.168688, 49.821793], [6.170996, 49.82126], [6.172743, 49.82104], [6.175001, 49.820885], [6.175779, 49.82113], [6.175795, 49.821133], [6.176851, 49.82143], [6.177759, 49.821697], [6.178427, 49.82189], [6.178484, 49.821903], [6.178846, 49.82196], [6.179769, 49.822124], [6.180761, 49.82234], [6.181864, 49.822598], [6.181929, 49.8226], [6.182775, 49.82266], [6.183775, 49.822754], [6.183798, 49.822758], [6.183855, 49.822765], [6.184233, 49.82282], [6.18503, 49.822952], [6.185526, 49.823032], [6.187346, 49.82272], [6.188204, 49.822506], [6.189138, 49.822273], [6.188929, 49.8218], [6.188726, 49.821342], [6.188631, 49.82103], [6.18862, 49.82099], [6.1886, 49.82085], [6.188551, 49.820698], [6.188444, 49.82038], [6.188345, 49.820084], [6.188185, 49.819576], [6.188055, 49.81918], [6.187891, 49.81864], [6.187765, 49.81824], [6.187746, 49.818176], [6.187697, 49.818016], [6.187986, 49.81787], [6.188143, 49.817795], [6.188333, 49.817703], [6.18857, 49.81746], [6.189005, 49.817024], [6.189394, 49.816772], [6.189505, 49.816696], [6.189772, 49.816402], [6.190042, 49.81608], [6.190287, 49.8157], [6.190516, 49.81531], [6.190695, 49.81501], [6.190851, 49.814754], [6.190966, 49.814507], [6.19108, 49.814247], [6.191126, 49.8141], [6.191126, 49.813934], [6.191126, 49.81367], [6.191145, 49.81355], [6.191236, 49.81326], [6.191378, 49.812897], [6.191462, 49.812748], [6.191606, 49.812466], [6.191629, 49.81226], [6.191645, 49.812103], [6.191637, 49.812042], [6.191549, 49.811817], [6.191542, 49.811802], [6.191523, 49.811756], [6.191507, 49.81171], [6.191198, 49.81097], [6.191057, 49.810627], [6.190943, 49.810352], [6.191099, 49.810093], [6.191198, 49.809902], [6.191229, 49.80974], [6.191236, 49.80964], [6.191221, 49.809525], [6.191202, 49.80946], [6.191134, 49.8093], [6.190966, 49.808975], [6.190882, 49.808975], [6.190752, 49.808975], [6.190523, 49.808968], [6.190447, 49.808964], [6.19018, 49.808952], [6.190031, 49.80867], [6.19, 49.808613], [6.190016, 49.8086], [6.189909, 49.808456], [6.189627, 49.808], [6.189432, 49.80767], [6.189165, 49.80723], [6.188868, 49.806767], [6.188684, 49.806458], [6.188658, 49.806404], [6.188742, 49.806416], [6.188761, 49.806385], [6.188906, 49.806206], [6.189299, 49.805676], [6.189413, 49.80552], [6.189485, 49.80542], [6.189676, 49.80517], [6.190309, 49.804314], [6.190416, 49.804333], [6.190474, 49.804344], [6.190622, 49.80439], [6.190741, 49.80442], [6.190874, 49.80446], [6.190977, 49.804485], [6.191095, 49.804512], [6.191198, 49.804535], [6.191454, 49.80459], [6.191664, 49.80462], [6.191908, 49.804626], [6.192079, 49.804626], [6.192125, 49.80459], [6.192121, 49.804543], [6.192121, 49.804417], [6.192121, 49.80435], [6.192015, 49.804207], [6.191904, 49.804077], [6.191694, 49.80391], [6.191549, 49.803818], [6.191271, 49.803642], [6.190866, 49.803463], [6.190878, 49.80343], [6.190718, 49.80332], [6.190828, 49.80316], [6.190962, 49.80296], [6.19105, 49.802856], [6.191187, 49.802734], [6.191614, 49.80291], [6.19166, 49.802925], [6.191828, 49.802986], [6.192125, 49.803093], [6.19245, 49.803192], [6.192541, 49.803215], [6.192789, 49.80329], [6.193014, 49.803345], [6.193144, 49.803375], [6.193277, 49.803406], [6.193418, 49.803436], [6.193499, 49.80346], [6.193522, 49.803467], [6.19375, 49.803276], [6.193991, 49.803078], [6.194086, 49.803], [6.194101, 49.802986], [6.194151, 49.802948], [6.194193, 49.80291], [6.194284, 49.802834], [6.194304, 49.802822], [6.194727, 49.80259], [6.19504, 49.802437], [6.195067, 49.80242], [6.195295, 49.802315], [6.195265, 49.80224], [6.195528, 49.8022], [6.195906, 49.802017], [6.19602, 49.80198], [6.196676, 49.8018], [6.196733, 49.801796], [6.196779, 49.80179], [6.197119, 49.801754], [6.197435, 49.801723], [6.19795, 49.80167], [6.198034, 49.801662], [6.198133, 49.80137], [6.198194, 49.801147], [6.198244, 49.800972], [6.198256, 49.800804], [6.198248, 49.80065], [6.198214, 49.800495], [6.198133, 49.800293], [6.197962, 49.799877], [6.197901, 49.799725], [6.197973, 49.79971], [6.199331, 49.799477], [6.200758, 49.799236], [6.201487, 49.79913], [6.201521, 49.79911], [6.202009, 49.79893], [6.202204, 49.79886], [6.202337, 49.798805], [6.202475, 49.79875], [6.202513, 49.798737], [6.202612, 49.798725], [6.202509, 49.798534], [6.202501, 49.798523], [6.202898, 49.798435], [6.203268, 49.798367], [6.203764, 49.79829], [6.204218, 49.798233], [6.204435, 49.7982], [6.20455, 49.798176], [6.204763, 49.79812], [6.204992, 49.798023], [6.205336, 49.797863], [6.205446, 49.797985], [6.205637, 49.797836], [6.205805, 49.79771], [6.205954, 49.797623], [6.206167, 49.797478], [6.206343, 49.79736], [6.20648, 49.797283], [6.206617, 49.79722], [6.206816, 49.797123], [6.206976, 49.797047], [6.207083, 49.796986], [6.207171, 49.79693], [6.207212, 49.796898], [6.207338, 49.796776], [6.207502, 49.796623], [6.207628, 49.79652], [6.207727, 49.796444], [6.207853, 49.796368], [6.207979, 49.796295], [6.208067, 49.79624], [6.208124, 49.79619], [6.20817, 49.796124], [6.20817, 49.796055], [6.208151, 49.795982], [6.208151, 49.795937], [6.208158, 49.795887], [6.208231, 49.795647], [6.208261, 49.795517], [6.208281, 49.795403], [6.208273, 49.79527], [6.20825, 49.79515], [6.208227, 49.79509], [6.208128, 49.794914], [6.208029, 49.794926], [6.2078, 49.79494], [6.207632, 49.794956], [6.207579, 49.794567], [6.207827, 49.79425], [6.208082, 49.79405], [6.208128, 49.794067], [6.208178, 49.794075], [6.208227, 49.79407], [6.208338, 49.794056], [6.208494, 49.794033], [6.208647, 49.794], [6.208769, 49.79396], [6.209066, 49.793854], [6.209284, 49.793755], [6.209433, 49.793674], [6.209513, 49.79362], [6.209555, 49.793575], [6.209711, 49.793392], [6.209814, 49.793297], [6.209929, 49.7932], [6.210447, 49.792828], [6.211019, 49.792404], [6.21121, 49.79228], [6.211363, 49.792194], [6.211634, 49.792133], [6.211813, 49.792095], [6.212381, 49.791893], [6.212946, 49.791687], [6.213438, 49.791515], [6.213648, 49.79143], [6.214205, 49.791172], [6.214556, 49.791016], [6.214743, 49.790947], [6.215059, 49.790833], [6.215479, 49.790695], [6.216005, 49.79054], [6.216806, 49.790356], [6.217253, 49.790264], [6.217482, 49.790226], [6.217352, 49.79001], [6.217283, 49.789894], [6.21726, 49.789852], [6.217245, 49.78983], [6.217596, 49.789574], [6.217939, 49.78941], [6.217958, 49.789402], [6.218042, 49.789364], [6.218077, 49.789345], [6.218103, 49.789486], [6.218203, 49.7897], [6.21837, 49.790035], [6.21842, 49.790176], [6.218492, 49.7904], [6.218569, 49.79052], [6.218676, 49.790604], [6.218882, 49.7908], [6.219042, 49.790985], [6.219088, 49.791058], [6.219114, 49.79119], [6.219137, 49.79133], [6.219152, 49.791523], [6.219389, 49.791523], [6.220026, 49.791435], [6.220224, 49.791367], [6.220682, 49.791298], [6.2209, 49.791264], [6.221228, 49.791214], [6.221338, 49.791496], [6.221323, 49.79189], [6.221487, 49.792625], [6.221727, 49.793335], [6.221731, 49.793434], [6.222208, 49.793846], [6.222338, 49.79393], [6.222864, 49.794243], [6.223558, 49.794525], [6.223696, 49.79457], [6.22452, 49.794853], [6.224443, 49.794968], [6.224375, 49.795074], [6.224749, 49.79509], [6.225161, 49.795135], [6.225378, 49.79517], [6.225409, 49.795185], [6.22545, 49.795223], [6.225512, 49.79526], [6.225557, 49.79528], [6.225607, 49.795288], [6.225664, 49.795284], [6.225752, 49.79528], [6.225809, 49.79528], [6.225866, 49.79529], [6.225908, 49.795307], [6.225962, 49.79535], [6.226019, 49.795383], [6.226072, 49.795406], [6.226198, 49.795444], [6.226305, 49.79547], [6.226385, 49.79548], [6.226446, 49.795475], [6.22661, 49.79545], [6.226664, 49.795452], [6.226698, 49.79546], [6.226748, 49.795486], [6.226816, 49.795506], [6.226889, 49.795513], [6.226999, 49.795517], [6.227106, 49.795506], [6.227198, 49.795506], [6.227243, 49.795513], [6.227308, 49.79553], [6.227446, 49.795563], [6.227552, 49.795578], [6.227606, 49.795578], [6.227739, 49.79556], [6.227861, 49.795547], [6.227953, 49.795544], [6.228083, 49.79556], [6.228258, 49.79559], [6.228422, 49.795612], [6.228483, 49.795635], [6.228579, 49.795677], [6.228685, 49.79572], [6.228785, 49.795765], [6.228838, 49.795776], [6.22962, 49.795994], [6.229937, 49.7961], [6.23004, 49.796127], [6.230299, 49.79618], [6.231134, 49.796417], [6.231615, 49.79655], [6.232126, 49.7963], [6.232443, 49.796143], [6.232382, 49.796036], [6.232317, 49.795883], [6.232275, 49.795753], [6.232237, 49.79558], [6.232222, 49.79544], [6.232229, 49.795288], [6.232245, 49.795147], [6.232294, 49.79497], [6.232359, 49.79482], [6.23242, 49.794712], [6.232492, 49.79461], [6.232576, 49.794506], [6.23266, 49.794415], [6.232775, 49.794304], [6.232939, 49.794167], [6.233087, 49.79405], [6.233335, 49.793877], [6.23353, 49.79375], [6.233664, 49.7938], [6.233847, 49.793865], [6.23414, 49.793533], [6.234858, 49.79272], [6.235578, 49.79184], [6.235659, 49.791626], [6.235674, 49.79158], [6.235979, 49.790745], [6.236055, 49.790543], [6.236128, 49.790337], [6.236204, 49.790134], [6.23628, 49.789925], [6.236372, 49.78968], [6.236681, 49.78884], [6.236914, 49.7882], [6.237078, 49.78777], [6.237383, 49.78696], [6.23757, 49.786484], [6.237696, 49.78615], [6.237825, 49.786182], [6.238344, 49.786293], [6.238817, 49.786404], [6.239183, 49.786503], [6.239534, 49.786606], [6.239763, 49.78668], [6.23987, 49.786705], [6.24095, 49.787067], [6.241186, 49.786907], [6.241217, 49.78689], [6.241457, 49.786728], [6.24185, 49.786465], [6.242037, 49.786343], [6.242163, 49.786465], [6.242498, 49.786785], [6.243204, 49.787464], [6.243654, 49.787895], [6.243547, 49.787968], [6.244562, 49.78873], [6.244783, 49.78887], [6.245073, 49.78904], [6.245188, 49.78896], [6.245295, 49.788876], [6.245417, 49.788788], [6.245524, 49.788708], [6.245981, 49.788372], [6.246138, 49.788258], [6.246363, 49.78809], [6.246584, 49.787933], [6.246798, 49.787777], [6.246485, 49.787613], [6.24766, 49.78635], [6.248575, 49.785378], [6.245157, 49.78405], [6.244238, 49.78387], [6.24365, 49.783764], [6.243513, 49.783726], [6.243338, 49.783672], [6.243246, 49.78363], [6.242468, 49.78359], [6.242449, 49.78362], [6.242388, 49.783726], [6.242353, 49.783752], [6.242292, 49.78376], [6.242209, 49.783752], [6.242178, 49.783737], [6.242163, 49.78373], [6.242128, 49.78371], [6.242086, 49.783695], [6.241919, 49.78367], [6.241804, 49.78365], [6.241747, 49.783638], [6.241713, 49.783638], [6.241674, 49.78364], [6.241617, 49.78365], [6.241526, 49.78366], [6.24148, 49.783657], [6.241266, 49.783615], [6.241213, 49.7836], [6.241171, 49.783573], [6.241129, 49.78355], [6.241083, 49.78353], [6.241018, 49.783504], [6.240965, 49.783478], [6.240889, 49.783455], [6.240805, 49.783455], [6.240736, 49.783463], [6.240683, 49.783463], [6.240622, 49.783455], [6.240427, 49.783424], [6.24021, 49.78339], [6.239878, 49.783348], [6.239588, 49.783318], [6.239424, 49.783295], [6.239344, 49.78329], [6.239313, 49.783283], [6.239309, 49.783264], [6.239306, 49.783253], [6.239294, 49.783245], [6.239271, 49.783245], [6.239248, 49.783257], [6.239214, 49.783264], [6.23918, 49.783264], [6.239149, 49.78326], [6.239092, 49.78324], [6.239039, 49.783226], [6.238985, 49.783222], [6.23892, 49.78322], [6.238874, 49.78321], [6.238836, 49.7832], [6.238771, 49.783176], [6.238676, 49.78316], [6.238592, 49.783157], [6.238523, 49.78315], [6.238512, 49.783146], [6.238432, 49.783134], [6.238321, 49.783108], [6.238207, 49.783077], [6.238092, 49.783047], [6.237993, 49.78302], [6.237795, 49.782997], [6.237715, 49.782993], [6.237669, 49.782993], [6.237577, 49.78301], [6.237474, 49.783016], [6.237417, 49.783016], [6.237349, 49.78301], [6.237303, 49.782986], [6.237246, 49.782948], [6.237211, 49.78293], [6.237158, 49.782913], [6.237055, 49.782894], [6.236944, 49.78288], [6.236845, 49.78287], [6.236765, 49.782864], [6.236654, 49.782864], [6.236708, 49.78272], [6.236723, 49.782677], [6.23683, 49.78242], [6.236849, 49.782368], [6.236891, 49.78227], [6.237432, 49.781082], [6.240007, 49.781414], [6.240099, 49.78135], [6.241156, 49.78162], [6.241762, 49.781773], [6.242575, 49.781982], [6.242651, 49.78185], [6.242731, 49.78171], [6.242773, 49.78164], [6.242842, 49.78152], [6.24296, 49.781322], [6.242983, 49.78129], [6.242804, 49.78123], [6.243029, 49.78101], [6.243093, 49.780945], [6.243158, 49.780884], [6.2432, 49.78084], [6.243299, 49.780743], [6.24336, 49.78068], [6.243395, 49.780647], [6.243429, 49.780617], [6.243483, 49.780563], [6.24357, 49.780476], [6.243589, 49.78046], [6.243631, 49.780422], [6.243761, 49.780308], [6.243788, 49.78029], [6.243937, 49.78016], [6.244013, 49.780094], [6.245935, 49.78086], [6.245954, 49.780838], [6.245989, 49.7808], [6.246061, 49.780716], [6.24613, 49.78064], [6.246161, 49.780598], [6.246286, 49.780457], [6.247942, 49.780865], [6.247969, 49.780834], [6.247988, 49.78084], [6.248079, 49.780727], [6.248175, 49.780613], [6.248266, 49.7805], [6.247732, 49.78037], [6.248053, 49.77999], [6.248812, 49.779224], [6.249281, 49.778755], [6.250204, 49.77786], [6.250464, 49.777607], [6.250513, 49.777557], [6.250944, 49.777134], [6.251223, 49.77685], [6.252092, 49.77722], [6.252714, 49.777504], [6.252897, 49.777615], [6.253096, 49.777763], [6.253389, 49.777977], [6.253572, 49.77812], [6.253653, 49.778202], [6.253725, 49.77835], [6.253916, 49.778763], [6.254454, 49.77869], [6.254728, 49.77865], [6.254969, 49.778625], [6.255098, 49.77861], [6.25522, 49.778553], [6.255289, 49.77851], [6.255335, 49.77847], [6.255465, 49.77825], [6.255499, 49.778206], [6.25569, 49.778023], [6.255838, 49.777893], [6.255938, 49.77781], [6.256151, 49.777634], [6.256311, 49.7775], [6.256388, 49.777435], [6.256445, 49.77739], [6.256475, 49.777367], [6.256681, 49.777203], [6.256693, 49.77719], [6.25675, 49.77714], [6.256773, 49.777122], [6.257147, 49.77729], [6.258482, 49.77788], [6.258841, 49.778027], [6.259363, 49.7782], [6.259993, 49.778282], [6.260603, 49.77837], [6.260931, 49.77842], [6.261175, 49.778458], [6.261431, 49.7785], [6.261526, 49.778515], [6.26169, 49.778545], [6.261908, 49.778572], [6.262159, 49.778614], [6.262316, 49.778645], [6.262468, 49.778683], [6.262819, 49.77879], [6.262869, 49.778687], [6.262926, 49.778576], [6.262968, 49.778496], [6.262999, 49.77844], [6.263056, 49.778316], [6.263124, 49.77816], [6.263197, 49.778008], [6.263239, 49.777927], [6.263277, 49.777847], [6.263323, 49.777756], [6.263365, 49.77766], [6.263388, 49.77761], [6.263403, 49.777573], [6.263441, 49.77749], [6.26346, 49.777447], [6.263479, 49.7774], [6.263536, 49.77727], [6.263586, 49.777164], [6.263594, 49.77715], [6.26367, 49.776974], [6.263269, 49.776936], [6.263357, 49.776665], [6.262186, 49.776516], [6.262094, 49.776505], [6.261923, 49.77648], [6.261721, 49.776455], [6.261686, 49.77645], [6.261579, 49.77644], [6.261332, 49.776405], [6.261496, 49.776104], [6.261671, 49.775776], [6.26177, 49.775597], [6.261789, 49.775555], [6.261904, 49.77538], [6.261972, 49.77527], [6.262026, 49.775177], [6.26206, 49.775124], [6.26211, 49.77505], [6.262247, 49.77483], [6.262339, 49.774685], [6.262468, 49.77449], [6.262575, 49.774326], [6.262625, 49.774254], [6.262766, 49.774025], [6.262934, 49.774063], [6.263121, 49.77377], [6.263216, 49.77361], [6.263273, 49.77352], [6.2633, 49.77352], [6.263422, 49.7732], [6.263502, 49.77301], [6.263659, 49.772694], [6.263803, 49.772366], [6.264086, 49.77174], [6.264215, 49.771446], [6.264292, 49.771282], [6.264326, 49.7712], [6.264372, 49.771114], [6.264467, 49.770924], [6.264509, 49.770844], [6.264589, 49.770657], [6.264669, 49.77049], [6.264517, 49.77044], [6.264528, 49.770393], [6.264616, 49.769962], [6.263937, 49.77002], [6.263197, 49.770073], [6.263185, 49.769875], [6.263174, 49.769722], [6.263166, 49.76961], [6.263163, 49.76958], [6.263151, 49.76944], [6.26314, 49.76929], [6.263132, 49.769154], [6.263128, 49.769123], [6.263121, 49.76902], [6.263121, 49.769005], [6.263102, 49.76871], [6.264749, 49.768417], [6.264868, 49.76874], [6.264887, 49.768795], [6.265177, 49.768837], [6.265406, 49.76889], [6.265509, 49.768925], [6.265749, 49.769016], [6.265982, 49.7691], [6.266458, 49.76926], [6.266741, 49.76937], [6.266951, 49.769466], [6.267111, 49.769554], [6.267267, 49.76965], [6.267313, 49.769608], [6.267447, 49.769463], [6.267469, 49.769432], [6.267054, 49.769287], [6.266508, 49.7691], [6.266569, 49.769016], [6.266604, 49.768982], [6.266645, 49.768997], [6.266684, 49.769], [6.26689, 49.76898], [6.266924, 49.76897], [6.266958, 49.768974], [6.266993, 49.768986], [6.267035, 49.769016], [6.267065, 49.769043], [6.267126, 49.76907], [6.267168, 49.769077], [6.267275, 49.769096], [6.267355, 49.769104], [6.267435, 49.7691], [6.267485, 49.76909], [6.267527, 49.76907], [6.267553, 49.769047], [6.267588, 49.76902], [6.267603, 49.769005], [6.267603, 49.76898], [6.267645, 49.768898], [6.268045, 49.768806], [6.26827, 49.768753], [6.268724, 49.768997], [6.269358, 49.76915], [6.2694, 49.769157], [6.270285, 49.769344], [6.270674, 49.76943], [6.270906, 49.76949], [6.271212, 49.769577], [6.271463, 49.769653], [6.271593, 49.769695], [6.271799, 49.769753], [6.271998, 49.76979], [6.272341, 49.769848], [6.272539, 49.76988], [6.272924, 49.769936], [6.272997, 49.769943], [6.273134, 49.769962], [6.273195, 49.769978], [6.27376, 49.770084], [6.273931, 49.770115], [6.274336, 49.77019], [6.274386, 49.770203], [6.274561, 49.77023], [6.274748, 49.770252], [6.274904, 49.77026], [6.275228, 49.770245], [6.275251, 49.770226], [6.275381, 49.769978], [6.275427, 49.769894], [6.27548, 49.769794], [6.275495, 49.769768], [6.275576, 49.76961], [6.27564, 49.76948], [6.275709, 49.769352], [6.275763, 49.76925], [6.275801, 49.76917], [6.276003, 49.76918], [6.276213, 49.769196], [6.276705, 49.769222], [6.276968, 49.76866], [6.276999, 49.768593], [6.277025, 49.76854], [6.277044, 49.768494], [6.27706, 49.768467], [6.277094, 49.768387], [6.277121, 49.768337], [6.277155, 49.76826], [6.277327, 49.76789], [6.278685, 49.76821], [6.279142, 49.767746], [6.279268, 49.767548], [6.279383, 49.76735], [6.279474, 49.767128], [6.279539, 49.766968], [6.279493, 49.766834], [6.279444, 49.766697], [6.278601, 49.766376], [6.277971, 49.76604], [6.277609, 49.765766], [6.27717, 49.76544], [6.276689, 49.765125], [6.275991, 49.76469], [6.275797, 49.764565], [6.275694, 49.76451], [6.275625, 49.764477], [6.275538, 49.76443], [6.275366, 49.76435], [6.275042, 49.764194], [6.275236, 49.763893], [6.275343, 49.763718], [6.275469, 49.763515], [6.275522, 49.763424], [6.275553, 49.763374], [6.275587, 49.76333], [6.275656, 49.763214], [6.276094, 49.763203], [6.276274, 49.763195], [6.276297, 49.76319], [6.276525, 49.763172], [6.276732, 49.76314], [6.276922, 49.763107], [6.27709, 49.763065], [6.277136, 49.763058], [6.277174, 49.76306], [6.277204, 49.763084], [6.277224, 49.763107], [6.277273, 49.76314], [6.277323, 49.76316], [6.277365, 49.763184], [6.277395, 49.76321], [6.277445, 49.763245], [6.277487, 49.76325], [6.277544, 49.763237], [6.277609, 49.763218], [6.277639, 49.763214], [6.277765, 49.763214], [6.277823, 49.763203], [6.277872, 49.763176], [6.277895, 49.76316], [6.277945, 49.763145], [6.277994, 49.76314], [6.278044, 49.763157], [6.278074, 49.763145], [6.278131, 49.763138], [6.278204, 49.76312], [6.278307, 49.763084], [6.278364, 49.76307], [6.278414, 49.763046], [6.278463, 49.763027], [6.278532, 49.763016], [6.278589, 49.763004], [6.278681, 49.76297], [6.278757, 49.76296], [6.27881, 49.762947], [6.278841, 49.762928], [6.278864, 49.762897], [6.278913, 49.76276], [6.278982, 49.762646], [6.278986, 49.76263], [6.27902, 49.762554], [6.279024, 49.76254], [6.278929, 49.76237], [6.278887, 49.762295], [6.278879, 49.76224], [6.278894, 49.762173], [6.278879, 49.762142], [6.278841, 49.762108], [6.278776, 49.762085], [6.278696, 49.762085], [6.278479, 49.762104], [6.278383, 49.7621], [6.278326, 49.762085], [6.278295, 49.76205], [6.278204, 49.761875], [6.278151, 49.76175], [6.278112, 49.76157], [6.278086, 49.76145], [6.278078, 49.761402], [6.277986, 49.76135], [6.277838, 49.76127], [6.277708, 49.76121], [6.277491, 49.761024], [6.277403, 49.76092], [6.277296, 49.760757], [6.277212, 49.7606], [6.277197, 49.76056], [6.277224, 49.760445], [6.277227, 49.7604], [6.277208, 49.76031], [6.277182, 49.76025], [6.277182, 49.760185], [6.277197, 49.760113], [6.277185, 49.76006], [6.277136, 49.760006], [6.277067, 49.75997], [6.276999, 49.75994], [6.27688, 49.75988], [6.27677, 49.75976], [6.276655, 49.759567], [6.27656, 49.75939], [6.276567, 49.75935], [6.276564, 49.759308], [6.276537, 49.75925], [6.276434, 49.759132], [6.276255, 49.758945], [6.276117, 49.75883], [6.275984, 49.758755], [6.275869, 49.758648], [6.27582, 49.75858], [6.275782, 49.758476], [6.275724, 49.758392], [6.275682, 49.758316], [6.275652, 49.758244], [6.275633, 49.758217], [6.27553, 49.758152], [6.275309, 49.758076], [6.275186, 49.75806], [6.274935, 49.75801], [6.27479, 49.757996], [6.274706, 49.757977], [6.274492, 49.757885], [6.274359, 49.757854], [6.27426, 49.757847], [6.274076, 49.757812], [6.273642, 49.757717], [6.273367, 49.75765], [6.273325, 49.757626], [6.273268, 49.75758], [6.273153, 49.75753], [6.272974, 49.757492], [6.272871, 49.757484], [6.272783, 49.7575], [6.272722, 49.75751], [6.272646, 49.7575], [6.272489, 49.75747], [6.272409, 49.757416], [6.272379, 49.757347], [6.272383, 49.75728], [6.272398, 49.7571], [6.272409, 49.756844], [6.272383, 49.756737], [6.272387, 49.756676], [6.272364, 49.75656], [6.272375, 49.75644], [6.272379, 49.756405], [6.272364, 49.7563], [6.272364, 49.75624], [6.272356, 49.7561], [6.27236, 49.75602], [6.272375, 49.755947], [6.272417, 49.755848], [6.27247, 49.755733], [6.272478, 49.755634], [6.272425, 49.75556], [6.27231, 49.75545], [6.272261, 49.755333], [6.272207, 49.755226], [6.272119, 49.755146], [6.271948, 49.75506], [6.271818, 49.754997], [6.271692, 49.75492], [6.27157, 49.75483], [6.27149, 49.754757], [6.271452, 49.75467], [6.27146, 49.754597], [6.271483, 49.754524], [6.27162, 49.75431], [6.271807, 49.754074], [6.271868, 49.753944], [6.271921, 49.75372], [6.271994, 49.753437], [6.272005, 49.753277], [6.27199, 49.753174], [6.271952, 49.753082], [6.271898, 49.752995], [6.271696, 49.752743], [6.271494, 49.752506], [6.271238, 49.75225], [6.270899, 49.75194], [6.270819, 49.751854], [6.270666, 49.75168], [6.270334, 49.751366], [6.270212, 49.75126], [6.270029, 49.751095], [6.269896, 49.75098], [6.269777, 49.750877], [6.269697, 49.750805], [6.269671, 49.750774], [6.269628, 49.75072], [6.269583, 49.750652], [6.269526, 49.75058], [6.269464, 49.750526], [6.269068, 49.75023], [6.268736, 49.749977], [6.268545, 49.749844], [6.268393, 49.749756], [6.26829, 49.74969], [6.268194, 49.749615], [6.268126, 49.749554], [6.268061, 49.749493], [6.267981, 49.749424], [6.267878, 49.749344], [6.267775, 49.74927], [6.267668, 49.74921], [6.267454, 49.749115], [6.267351, 49.749065], [6.267221, 49.749023], [6.267153, 49.749004], [6.267012, 49.748913], [6.266913, 49.74884], [6.266874, 49.748802], [6.266855, 49.74878], [6.266836, 49.748737], [6.266809, 49.748688], [6.266768, 49.748646], [6.266714, 49.748608], [6.26668, 49.74859], [6.266592, 49.74856], [6.266523, 49.748535], [6.266489, 49.74851], [6.266462, 49.74848], [6.266428, 49.74844], [6.26639, 49.7484], [6.266321, 49.748352], [6.266245, 49.748302], [6.266176, 49.748238], [6.266062, 49.748127], [6.266024, 49.74808], [6.266005, 49.748047], [6.265963, 49.747913], [6.265936, 49.74787], [6.265822, 49.74775], [6.265753, 49.747684], [6.26568, 49.747616], [6.265634, 49.74756], [6.265585, 49.747463], [6.265547, 49.747353], [6.265516, 49.74727], [6.265497, 49.747177], [6.26549, 49.74712], [6.265497, 49.747074], [6.265531, 49.747044], [6.265619, 49.74698], [6.265665, 49.74692], [6.265715, 49.746857], [6.265741, 49.7468], [6.265738, 49.746754], [6.265707, 49.746708], [6.265661, 49.746674], [6.2656, 49.74664], [6.265505, 49.74661], [6.265409, 49.7466], [6.265249, 49.746593], [6.265215, 49.746593], [6.26515, 49.74658], [6.26512, 49.746544], [6.2651, 49.746506], [6.265116, 49.746452], [6.265161, 49.746403], [6.2652, 49.746357], [6.2652, 49.746326], [6.265181, 49.746296], [6.265154, 49.746265], [6.265165, 49.74623], [6.265192, 49.74618], [6.265184, 49.746124], [6.265173, 49.746063], [6.265104, 49.745953], [6.26499, 49.74579], [6.264936, 49.745686], [6.264914, 49.74561], [6.264894, 49.74558], [6.264814, 49.745533], [6.264772, 49.745476], [6.264788, 49.745415], [6.264837, 49.745354], [6.264875, 49.745315], [6.264963, 49.745224], [6.2651, 49.74506], [6.265177, 49.74495], [6.265234, 49.744858], [6.265257, 49.744774], [6.265264, 49.744705], [6.265245, 49.744656], [6.265196, 49.74462], [6.265024, 49.744545], [6.264952, 49.7445], [6.264925, 49.744442], [6.264929, 49.74437], [6.264933, 49.74432], [6.26486, 49.744255], [6.26483, 49.74426], [6.26441, 49.74432], [6.264337, 49.74425], [6.264299, 49.744263], [6.263964, 49.744476], [6.263632, 49.74468], [6.263357, 49.74485], [6.263205, 49.744915], [6.262987, 49.744984], [6.262609, 49.7451], [6.262137, 49.745247], [6.262007, 49.74529], [6.26156, 49.745426], [6.261045, 49.74539], [6.260721, 49.745365], [6.260488, 49.74535], [6.260298, 49.74534], [6.260118, 49.745335], [6.25952, 49.74532], [6.259298, 49.745316], [6.259069, 49.745308], [6.258959, 49.7453], [6.258875, 49.745296], [6.258745, 49.745285], [6.258661, 49.745277], [6.258455, 49.745266], [6.258108, 49.745235], [6.258047, 49.745235], [6.257765, 49.74523], [6.257303, 49.745228], [6.257196, 49.745228], [6.257166, 49.745224], [6.257074, 49.745224], [6.256945, 49.74522], [6.256369, 49.745174], [6.256254, 49.745163], [6.255598, 49.745113], [6.255339, 49.74509], [6.255076, 49.745068], [6.255022, 49.745064], [6.255018, 49.74519], [6.254988, 49.74519], [6.254717, 49.745174], [6.254328, 49.745155], [6.253782, 49.745125], [6.253519, 49.745113], [6.25313, 49.745094], [6.252955, 49.74509], [6.252878, 49.745087], [6.252661, 49.745083], [6.252417, 49.745075], [6.251753, 49.745075], [6.251207, 49.745083], [6.250879, 49.745102], [6.250822, 49.745106], [6.250643, 49.74512], [6.25049, 49.74514], [6.250376, 49.74516], [6.250269, 49.74518], [6.250166, 49.7452], [6.249842, 49.745304], [6.249605, 49.745396], [6.249411, 49.745464], [6.249235, 49.745537], [6.249083, 49.745605], [6.248434, 49.745728], [6.247892, 49.7458], [6.247553, 49.74584], [6.247236, 49.745853], [6.247145, 49.745853], [6.247088, 49.745857], [6.246824, 49.745865], [6.246729, 49.745865], [6.246328, 49.745884], [6.245611, 49.745914], [6.245504, 49.745914], [6.245443, 49.74592], [6.245287, 49.745926], [6.245142, 49.74593], [6.244833, 49.745945], [6.244379, 49.745956], [6.243978, 49.74597], [6.243452, 49.74599], [6.243231, 49.746], [6.242975, 49.746006], [6.242666, 49.74602], [6.242521, 49.746033], [6.242132, 49.746063], [6.241621, 49.746105], [6.241365, 49.74613], [6.241243, 49.746147], [6.240934, 49.746197], [6.24032, 49.74631], [6.239477, 49.746464], [6.23921, 49.746517], [6.238989, 49.746563], [6.23889, 49.746586], [6.23868, 49.746643], [6.238569, 49.746677], [6.238317, 49.746746], [6.238119, 49.746803], [6.237753, 49.746914], [6.237623, 49.746952], [6.23749, 49.746986], [6.23736, 49.74702], [6.237249, 49.747044], [6.23712, 49.747066], [6.236864, 49.747105], [6.23641, 49.747166], [6.235838, 49.74725], [6.235365, 49.74732], [6.23506, 49.747337], [6.23472, 49.74736], [6.234388, 49.74738], [6.234259, 49.74739], [6.234091, 49.747402], [6.233793, 49.747417], [6.233007, 49.74746], [6.232386, 49.747498], [6.232115, 49.74752], [6.231363, 49.74759], [6.230932, 49.747627], [6.230741, 49.747536], [6.230681, 49.747543], [6.230284, 49.747765], [6.230146, 49.74784], [6.229864, 49.74799], [6.229498, 49.748188], [6.22938, 49.748253], [6.229219, 49.74835], [6.229067, 49.748447], [6.228487, 49.748894], [6.228231, 49.749073], [6.228193, 49.749332], [6.227869, 49.74955], [6.227587, 49.74972], [6.227533, 49.74944], [6.227522, 49.74936], [6.227503, 49.74926], [6.227484, 49.74914], [6.227426, 49.748856], [6.2274, 49.748653], [6.227263, 49.7485], [6.227095, 49.748318], [6.226908, 49.74811], [6.226698, 49.747875], [6.226561, 49.74772], [6.226492, 49.747646], [6.226263, 49.747387], [6.226152, 49.74726], [6.226099, 49.747192], [6.226057, 49.747128], [6.226015, 49.747055], [6.225977, 49.74694], [6.225946, 49.746845], [6.226034, 49.746807], [6.226088, 49.746777], [6.226118, 49.746746], [6.226172, 49.74668], [6.226206, 49.74662], [6.22624, 49.746544], [6.226252, 49.746513], [6.226259, 49.746487], [6.226255, 49.746456], [6.226233, 49.746407], [6.226202, 49.746357], [6.226145, 49.746254], [6.22603, 49.74605], [6.225855, 49.74575], [6.225824, 49.745686], [6.225809, 49.745636], [6.225794, 49.745575], [6.225779, 49.74549], [6.225729, 49.745132], [6.225691, 49.74482], [6.22566, 49.744625], [6.225649, 49.744545], [6.225637, 49.74449], [6.225614, 49.74437], [6.22558, 49.744205], [6.225534, 49.744026], [6.22542, 49.74355], [6.225405, 49.743492], [6.225374, 49.743362], [6.225363, 49.743313], [6.225344, 49.7432], [6.225325, 49.743], [6.225321, 49.742935], [6.225313, 49.74285], [6.225306, 49.74271], [6.225302, 49.742603], [6.225302, 49.742287], [6.225096, 49.74205], [6.224909, 49.741833], [6.224661, 49.741543], [6.224474, 49.74133], [6.224295, 49.741127], [6.223127, 49.73946], [6.223028, 49.73932], [6.223036, 49.739292], [6.222803, 49.738914], [6.222719, 49.73859], [6.222609, 49.73804], [6.222567, 49.73779], [6.222567, 49.737534], [6.222166, 49.73676], [6.222055, 49.73652], [6.221987, 49.73643], [6.221827, 49.736107], [6.221422, 49.735313], [6.220854, 49.735348], [6.220758, 49.735172], [6.220735, 49.73512], [6.220728, 49.73509], [6.220735, 49.73505], [6.220747, 49.73498], [6.220762, 49.734814], [6.220762, 49.73475], [6.220594, 49.73445], [6.220537, 49.734356], [6.220499, 49.734306], [6.220331, 49.734108], [6.220179, 49.733917], [6.220114, 49.73385], [6.219896, 49.733685], [6.218794, 49.732807], [6.218248, 49.732594], [6.217771, 49.732407], [6.217402, 49.732254], [6.217302, 49.732174], [6.216997, 49.73191], [6.216707, 49.731667], [6.216429, 49.731445], [6.216204, 49.731262], [6.215094, 49.73061], [6.214125, 49.730015], [6.213949, 49.72991], [6.214029, 49.72937], [6.213614, 49.728825], [6.212976, 49.728622], [6.21266, 49.728527], [6.21208, 49.7284], [6.211893, 49.728397], [6.211431, 49.72838], [6.211348, 49.728374], [6.211302, 49.728374], [6.211237, 49.72837], [6.2111, 49.728355], [6.210993, 49.728348], [6.210531, 49.72829], [6.210241, 49.728245], [6.209833, 49.728172], [6.209547, 49.728115], [6.209513, 49.728107], [6.208425, 49.727882], [6.20743, 49.727448], [6.207327, 49.727398], [6.207251, 49.72736], [6.205675, 49.726498], [6.205744, 49.726376], [6.206247, 49.725403], [6.205999, 49.7253], [6.205908, 49.725266], [6.205851, 49.72524], [6.205782, 49.725212], [6.205687, 49.72517], [6.205542, 49.725086], [6.205454, 49.725033], [6.205389, 49.72499], [6.205118, 49.72479], [6.205011, 49.72471], [6.204947, 49.72466], [6.204863, 49.724598], [6.204809, 49.724564], [6.20476, 49.724537], [6.204695, 49.724506], [6.204657, 49.724487], [6.204599, 49.724464], [6.204222, 49.72433], [6.204199, 49.72432], [6.204413, 49.72387], [6.204428, 49.723835], [6.204447, 49.7238], [6.202997, 49.723553], [6.20289, 49.72353], [6.202604, 49.723454], [6.202383, 49.723392], [6.201963, 49.723267], [6.201948, 49.723263], [6.201944, 49.723045], [6.201914, 49.722767], [6.201902, 49.72265], [6.201902, 49.72262], [6.201925, 49.722572], [6.202249, 49.722248], [6.202581, 49.721912], [6.202803, 49.721485], [6.202978, 49.721172], [6.203058, 49.721035], [6.203066, 49.72102], [6.203051, 49.72102], [6.203001, 49.721024], [6.202898, 49.72102], [6.202661, 49.72102], [6.202543, 49.721], [6.202394, 49.72097], [6.202265, 49.72094], [6.202169, 49.72092], [6.201895, 49.720882], [6.201796, 49.72086], [6.201662, 49.72081], [6.201601, 49.720783], [6.201551, 49.720768], [6.20138, 49.720722], [6.201189, 49.720673], [6.200979, 49.720608], [6.20072, 49.720524], [6.200506, 49.720448], [6.20038, 49.7204], [6.200235, 49.720356], [6.200132, 49.720318], [6.200022, 49.72027], [6.199835, 49.720184], [6.199655, 49.720116], [6.19945, 49.72004], [6.199305, 49.719994], [6.199072, 49.719925], [6.198969, 49.7199], [6.19882, 49.71987], [6.198732, 49.71986], [6.198576, 49.719852], [6.198275, 49.71984], [6.198072, 49.71983], [6.197905, 49.719814], [6.197752, 49.7198], [6.197416, 49.719776], [6.197058, 49.71976], [6.196711, 49.719746], [6.196436, 49.719734], [6.196207, 49.719723], [6.195948, 49.7197], [6.195379, 49.719456], [6.195085, 49.719326], [6.194857, 49.719227], [6.19441, 49.719032], [6.193582, 49.718662], [6.193514, 49.718628], [6.193502, 49.718624], [6.193136, 49.718464], [6.193094, 49.71844], [6.192423, 49.718143], [6.192392, 49.718132], [6.192373, 49.718124], [6.19235, 49.718113], [6.191919, 49.717922], [6.191381, 49.717686], [6.19084, 49.717453], [6.1905, 49.717304], [6.189737, 49.716972], [6.189451, 49.71684], [6.189394, 49.716812], [6.189184, 49.716705], [6.189055, 49.71664], [6.189001, 49.716618], [6.188951, 49.71659], [6.188478, 49.71636], [6.188059, 49.716152], [6.18791, 49.71608], [6.187319, 49.71579], [6.186564, 49.715424], [6.186266, 49.715275], [6.185709, 49.714993], [6.18516, 49.71471], [6.184893, 49.71458], [6.185015, 49.714508], [6.185206, 49.714397], [6.185472, 49.714237], [6.185541, 49.714195], [6.185953, 49.713913], [6.186365, 49.713627], [6.186514, 49.713528], [6.1868, 49.712894], [6.186804, 49.712337], [6.186815, 49.71167], [6.186838, 49.711605], [6.186911, 49.711422], [6.18696, 49.711304], [6.18701, 49.71118], [6.187067, 49.711056], [6.187021, 49.71091], [6.18688, 49.710472], [6.186819, 49.710278], [6.186789, 49.71019], [6.186777, 49.710102], [6.186777, 49.70996], [6.186785, 49.709763], [6.186785, 49.709682], [6.186789, 49.709534], [6.186789, 49.709476], [6.186796, 49.70933], [6.186781, 49.709312], [6.186472, 49.70898], [6.186113, 49.708565], [6.186022, 49.70846], [6.185987, 49.708305], [6.185957, 49.70818], [6.185926, 49.708042], [6.186136, 49.707226], [6.18614, 49.707207], [6.186209, 49.70714], [6.186369, 49.70699], [6.186449, 49.706917], [6.186735, 49.70664], [6.186792, 49.706585], [6.187029, 49.706367], [6.187075, 49.706326], [6.187231, 49.706184], [6.186995, 49.706036], [6.186899, 49.705975], [6.186674, 49.705822], [6.186491, 49.705685], [6.186247, 49.70549], [6.186052, 49.705307], [6.185846, 49.705086], [6.185736, 49.70494], [6.185625, 49.70478], [6.185579, 49.704643], [6.185526, 49.704487], [6.185453, 49.704155], [6.18545, 49.70412], [6.185225, 49.70322], [6.185133, 49.702976], [6.18511, 49.70291], [6.185076, 49.702827], [6.185053, 49.702763], [6.184961, 49.702526], [6.184889, 49.702335], [6.184294, 49.701927], [6.184149, 49.701824], [6.183748, 49.701546], [6.183779, 49.701515], [6.183817, 49.70148], [6.184362, 49.700836], [6.184511, 49.700645], [6.184549, 49.7006], [6.184588, 49.700542], [6.184652, 49.700455], [6.184797, 49.700253], [6.184915, 49.700096], [6.185068, 49.699886], [6.185255, 49.69963], [6.185263, 49.69961], [6.185255, 49.699577], [6.185179, 49.699406], [6.185015, 49.699226], [6.184961, 49.69916], [6.184942, 49.699127], [6.184946, 49.699116], [6.184984, 49.699104], [6.185022, 49.6991], [6.185053, 49.698997], [6.185045, 49.69896], [6.184973, 49.69876], [6.184915, 49.698734], [6.184693, 49.698739], [6.184561, 49.698742], [6.184488, 49.698673], [6.18437, 49.69857], [6.18424, 49.69848], [6.184133, 49.69842], [6.184019, 49.698368], [6.183851, 49.698307], [6.183836, 49.698166], [6.183596, 49.69796], [6.18354, 49.697941], [6.183461, 49.697914], [6.183317, 49.697865], [6.18321, 49.697845], [6.183146, 49.697838], [6.183104, 49.69782], [6.183081, 49.697803], [6.183035, 49.697735], [6.182962, 49.697662], [6.18289, 49.697613], [6.182836, 49.697582], [6.182753, 49.6975], [6.182657, 49.697426], [6.182585, 49.697388], [6.182501, 49.69737], [6.182356, 49.69736], [6.182253, 49.697346], [6.182165, 49.697315], [6.182108, 49.697285], [6.182043, 49.69727], [6.181978, 49.697258], [6.181902, 49.697254], [6.181833, 49.697258], [6.181749, 49.697266], [6.181688, 49.697277], [6.181555, 49.69729], [6.181482, 49.69729], [6.181368, 49.69728], [6.181265, 49.69726], [6.181154, 49.697235], [6.181017, 49.69719], [6.181078, 49.69712], [6.180502, 49.69685], [6.17959, 49.69642], [6.179075, 49.696167], [6.179304, 49.69598], [6.179823, 49.69556], [6.179857, 49.695496], [6.179911, 49.6954], [6.179964, 49.69532], [6.180071, 49.695187], [6.180101, 49.695145], [6.180166, 49.695076], [6.180254, 49.69499], [6.180342, 49.69491], [6.180441, 49.69483], [6.180551, 49.694748], [6.181067, 49.694405], [6.181131, 49.69436], [6.181437, 49.694115], [6.181589, 49.693985], [6.181726, 49.693874], [6.181784, 49.693832], [6.181833, 49.693794], [6.182066, 49.69363], [6.182234, 49.693527], [6.182459, 49.6934], [6.18265, 49.693302], [6.182924, 49.693153], [6.182077, 49.692554], [6.181936, 49.692455], [6.18162, 49.69223], [6.181498, 49.692142], [6.181166, 49.691906], [6.181055, 49.69183], [6.18099, 49.69177], [6.181108, 49.691605], [6.18112, 49.69159], [6.181158, 49.691536], [6.181189, 49.691475], [6.181219, 49.691395], [6.181234, 49.691326], [6.181238, 49.69126], [6.181234, 49.691208], [6.181227, 49.691135], [6.1812, 49.69104], [6.181139, 49.690926], [6.181074, 49.69083], [6.180983, 49.690723], [6.180899, 49.690643], [6.180746, 49.69053], [6.180597, 49.69043], [6.180426, 49.69032], [6.180231, 49.690216], [6.179861, 49.690025], [6.179836, 49.690043], [6.179777, 49.690086], [6.179647, 49.690174], [6.179487, 49.69029], [6.179354, 49.69038], [6.179079, 49.690575], [6.178896, 49.690475], [6.178663, 49.690353], [6.178602, 49.69032], [6.178419, 49.690224], [6.178205, 49.69011], [6.178156, 49.690083], [6.178026, 49.69001], [6.177896, 49.689934], [6.177675, 49.68972], [6.177618, 49.68967], [6.177572, 49.689625], [6.177504, 49.68956], [6.177347, 49.689415], [6.177317, 49.68939], [6.177153, 49.689236], [6.177065, 49.689266], [6.177027, 49.68928], [6.176931, 49.689312], [6.176802, 49.68935], [6.176668, 49.68938], [6.176554, 49.689407], [6.176428, 49.689434], [6.176325, 49.689453], [6.176092, 49.689495], [6.175695, 49.689552], [6.175604, 49.68955], [6.175455, 49.68954], [6.175398, 49.68954], [6.175226, 49.689545], [6.174978, 49.68954], [6.174704, 49.689537], [6.174421, 49.68952], [6.174154, 49.689495], [6.173807, 49.689438], [6.173468, 49.689354], [6.173193, 49.689255], [6.172968, 49.68917], [6.172316, 49.688873], [6.171846, 49.688663], [6.171503, 49.688507], [6.171297, 49.688427], [6.170992, 49.688305], [6.170813, 49.688244], [6.170603, 49.688175], [6.170435, 49.688126], [6.169882, 49.688007], [6.169626, 49.687946], [6.168959, 49.687748], [6.168119, 49.687492], [6.168001, 49.687447], [6.167795, 49.687347], [6.167208, 49.687054], [6.167017, 49.686943], [6.166998, 49.686916], [6.167501, 49.68672], [6.167818, 49.686592], [6.168096, 49.686455], [6.168737, 49.68613], [6.169031, 49.68595], [6.169081, 49.685963], [6.169298, 49.68602], [6.169664, 49.685974], [6.17013, 49.685913], [6.170626, 49.685852], [6.171514, 49.68574], [6.17227, 49.68565], [6.172674, 49.685596], [6.173017, 49.68556], [6.17322, 49.685535], [6.173368, 49.685654], [6.173414, 49.6857], [6.173494, 49.685772], [6.173563, 49.685825], [6.173605, 49.685852], [6.173662, 49.685886], [6.173769, 49.685947], [6.174036, 49.686123], [6.174105, 49.68617], [6.174433, 49.686375], [6.174734, 49.686565], [6.174932, 49.686687], [6.175253, 49.68669], [6.175684, 49.68669], [6.175634, 49.68678], [6.175592, 49.68685], [6.175673, 49.686844], [6.175863, 49.68682], [6.17605, 49.686802], [6.176222, 49.686787], [6.176401, 49.686775], [6.176619, 49.686764], [6.176718, 49.686764], [6.177027, 49.686756], [6.177336, 49.68675], [6.177694, 49.686745], [6.177992, 49.686737], [6.178114, 49.686733], [6.178236, 49.686733], [6.178389, 49.68672], [6.178476, 49.686714], [6.178553, 49.686707], [6.178652, 49.68669], [6.17877, 49.686672], [6.178835, 49.686665], [6.179068, 49.686626], [6.179171, 49.68661], [6.179281, 49.686596], [6.179399, 49.68658], [6.179483, 49.68657], [6.179602, 49.686554], [6.179674, 49.686546], [6.179827, 49.686528], [6.179869, 49.686523], [6.179831, 49.686447], [6.179754, 49.6863], [6.179602, 49.68599], [6.179136, 49.685074], [6.178987, 49.684765], [6.178965, 49.684723], [6.17898, 49.684708], [6.179049, 49.684654], [6.179163, 49.68461], [6.179323, 49.684555], [6.17943, 49.684532], [6.179617, 49.68452], [6.179808, 49.684517], [6.179827, 49.684475], [6.179853, 49.68445], [6.179888, 49.68443], [6.179933, 49.68441], [6.179953, 49.684395], [6.179964, 49.684364], [6.17996, 49.68434], [6.179945, 49.684303], [6.179914, 49.684277], [6.179869, 49.684254], [6.179827, 49.684246], [6.179796, 49.684227], [6.179777, 49.684208], [6.179766, 49.68419], [6.179754, 49.684162], [6.179754, 49.68413], [6.17975, 49.68409], [6.179735, 49.684055], [6.179709, 49.684025], [6.179693, 49.684], [6.179689, 49.683968], [6.179693, 49.683933], [6.179712, 49.683884], [6.179705, 49.683697], [6.179686, 49.683613], [6.179709, 49.683613], [6.180334, 49.683662], [6.180593, 49.683937], [6.180819, 49.684177], [6.180895, 49.684265], [6.180986, 49.684254], [6.181051, 49.684376], [6.181467, 49.68439], [6.18199, 49.6844], [6.18252, 49.684383], [6.182913, 49.684387], [6.183924, 49.684418], [6.185053, 49.684464], [6.18619, 49.68447], [6.187765, 49.684486], [6.187765, 49.68446], [6.188021, 49.684437], [6.188253, 49.684418], [6.188536, 49.6844], [6.188745, 49.68438], [6.189444, 49.684322], [6.189997, 49.684273], [6.190229, 49.684258], [6.190565, 49.684235], [6.190851, 49.6841], [6.191355, 49.683865], [6.191931, 49.683598], [6.192457, 49.68336], [6.192541, 49.683315], [6.192621, 49.683273], [6.192694, 49.683243], [6.192812, 49.683193], [6.193003, 49.683098], [6.193159, 49.683018], [6.193296, 49.682945], [6.193396, 49.682888], [6.19372, 49.68271], [6.194658, 49.68311], [6.195375, 49.683403], [6.196341, 49.68381], [6.19731, 49.68421], [6.197668, 49.684357], [6.198603, 49.684753], [6.19808, 49.685673], [6.197023, 49.6862], [6.196692, 49.68637], [6.196573, 49.68682], [6.196466, 49.687202], [6.196348, 49.68765], [6.196283, 49.68789], [6.196276, 49.68791], [6.197378, 49.688175], [6.197741, 49.688263], [6.198149, 49.688274], [6.199133, 49.688293], [6.199999, 49.688305], [6.20019, 49.688305], [6.20035, 49.688297], [6.200884, 49.68828], [6.201185, 49.688267], [6.201296, 49.688263], [6.202089, 49.688225], [6.2031, 49.688175], [6.203524, 49.688156], [6.204328, 49.688114], [6.204382, 49.688118], [6.20471, 49.68816], [6.205893, 49.68832], [6.206751, 49.68843], [6.207601, 49.688534], [6.207739, 49.68855], [6.209234, 49.688732], [6.210329, 49.688866], [6.210497, 49.688885], [6.211058, 49.688953], [6.211725, 49.689026], [6.212015, 49.68906], [6.212393, 49.688835], [6.212873, 49.688689], [6.212992, 49.688496], [6.213099, 49.688435], [6.213179, 49.688316], [6.213316, 49.688118], [6.213388, 49.688015], [6.213763, 49.687644], [6.214008, 49.687486], [6.214251, 49.687076], [6.214479, 49.686623], [6.214434, 49.686493], [6.214373, 49.6863], [6.214289, 49.686012], [6.214201, 49.685722], [6.214483, 49.685364], [6.21475, 49.685024], [6.214773, 49.684998], [6.214723, 49.684896], [6.214853, 49.684902], [6.214952, 49.684784], [6.215288, 49.684814], [6.215456, 49.68483], [6.216227, 49.6849], [6.217161, 49.684975], [6.217283, 49.684986], [6.217558, 49.685043], [6.21784, 49.685085], [6.218142, 49.685112], [6.218561, 49.68513], [6.218954, 49.685143], [6.219076, 49.685146], [6.219568, 49.685173], [6.219847, 49.685192], [6.22035, 49.685234], [6.220949, 49.685307], [6.222238, 49.685463], [6.222437, 49.685486], [6.222662, 49.68551], [6.223345, 49.685574], [6.223104, 49.684914], [6.222967, 49.684525], [6.223005, 49.684517], [6.223337, 49.684467], [6.223825, 49.684387], [6.223539, 49.683807], [6.223574, 49.683514], [6.223867, 49.68348], [6.223925, 49.68347], [6.22407, 49.683456], [6.224123, 49.68345], [6.224184, 49.68344], [6.224245, 49.683434], [6.224298, 49.68343], [6.22455, 49.683964], [6.224646, 49.68415], [6.22468, 49.68421], [6.224749, 49.684353], [6.22492, 49.684624], [6.2251, 49.68484], [6.225287, 49.685024], [6.225382, 49.685055], [6.225634, 49.685116], [6.225729, 49.68514], [6.225969, 49.685184], [6.226007, 49.685192], [6.226271, 49.68523], [6.226442, 49.68525], [6.226633, 49.68526], [6.226786, 49.685253], [6.227018, 49.6852], [6.22735, 49.68516], [6.227419, 49.685154], [6.227739, 49.68525], [6.227778, 49.68525], [6.228304, 49.68522], [6.22846, 49.685207], [6.228575, 49.6852], [6.229151, 49.685158], [6.229334, 49.685143], [6.229868, 49.685097], [6.230257, 49.685062], [6.230448, 49.68504], [6.230631, 49.685017], [6.230719, 49.685005], [6.230902, 49.684982], [6.231008, 49.684967], [6.231184, 49.684944], [6.231276, 49.684933], [6.2316, 49.684883], [6.23176, 49.684868], [6.231752, 49.68485], [6.231806, 49.684868], [6.231985, 49.684925], [6.232348, 49.685017], [6.232538, 49.685062], [6.232817, 49.685123], [6.233038, 49.685158], [6.233267, 49.685184], [6.233492, 49.685207], [6.233728, 49.68522], [6.234022, 49.685234], [6.234274, 49.685238], [6.234316, 49.685177], [6.23501, 49.684284], [6.235258, 49.683968], [6.235361, 49.683838], [6.235453, 49.68372], [6.235842, 49.68365], [6.236219, 49.683567], [6.236643, 49.68347], [6.23707, 49.683395], [6.237158, 49.683388], [6.237299, 49.683384], [6.237471, 49.683384], [6.237715, 49.683395], [6.237825, 49.68341], [6.238169, 49.68347], [6.238317, 49.683506], [6.238485, 49.68355], [6.238634, 49.683598], [6.238832, 49.683655], [6.239077, 49.683716], [6.239485, 49.683823], [6.239988, 49.683933], [6.241163, 49.684174], [6.241198, 49.68418], [6.241198, 49.684067], [6.241137, 49.683964], [6.241621, 49.68408], [6.242342, 49.68425], [6.242556, 49.6843], [6.242811, 49.684357], [6.2437, 49.68457], [6.244371, 49.68473], [6.244635, 49.68479], [6.244703, 49.684807], [6.245298, 49.684944], [6.245604, 49.68501], [6.245874, 49.685055], [6.246817, 49.685184], [6.247148, 49.68524], [6.247278, 49.68526], [6.247408, 49.685284], [6.247465, 49.6853], [6.247534, 49.685314], [6.24769, 49.685356], [6.24785, 49.685394], [6.247892, 49.68541], [6.247938, 49.68542], [6.248423, 49.685585], [6.248453, 49.685593], [6.248705, 49.68576], [6.24888, 49.685604], [6.249041, 49.685455], [6.249124, 49.68538], [6.249201, 49.685287], [6.249258, 49.685207], [6.249357, 49.685036], [6.249407, 49.684902], [6.249437, 49.68478], [6.249441, 49.684673], [6.249445, 49.684616], [6.249517, 49.68462], [6.249548, 49.684624], [6.249903, 49.684654], [6.250082, 49.68469], [6.250421, 49.68473], [6.250826, 49.684723], [6.251036, 49.684715], [6.251203, 49.684708], [6.251478, 49.684704], [6.251711, 49.6847], [6.252047, 49.68469], [6.252165, 49.68469], [6.252218, 49.684723], [6.252268, 49.684757], [6.252749, 49.685104], [6.252783, 49.685127], [6.252878, 49.685127], [6.252962, 49.685123], [6.253038, 49.685123], [6.25329, 49.684868], [6.253401, 49.684902], [6.25358, 49.68495], [6.25395, 49.685047], [6.254431, 49.685165], [6.254656, 49.685234], [6.25503, 49.68536], [6.255537, 49.685535], [6.256044, 49.685272], [6.25635, 49.685375], [6.256525, 49.685432], [6.256708, 49.685513], [6.256811, 49.68557], [6.256872, 49.685608], [6.256937, 49.685654], [6.256998, 49.68571], [6.257036, 49.685753], [6.257124, 49.68584], [6.257219, 49.685936], [6.257544, 49.686287], [6.257856, 49.686108], [6.257902, 49.686092], [6.257982, 49.68607], [6.258085, 49.68603], [6.25828, 49.685963], [6.258478, 49.685898], [6.258654, 49.68583], [6.25878, 49.685772], [6.258856, 49.685726], [6.259001, 49.685642], [6.259134, 49.68556], [6.259298, 49.685455], [6.259489, 49.685318], [6.259985, 49.684944], [6.260805, 49.684742], [6.260885, 49.684673], [6.260965, 49.684605], [6.261038, 49.68454], [6.261126, 49.684464], [6.261145, 49.68445], [6.261332, 49.684383], [6.26156, 49.684307], [6.261889, 49.6842], [6.262178, 49.684097], [6.262716, 49.68422], [6.262991, 49.68428], [6.263174, 49.684326], [6.263285, 49.684345], [6.263708, 49.684383], [6.263865, 49.68439], [6.263838, 49.684147], [6.263834, 49.68412], [6.263899, 49.68411], [6.263956, 49.6841], [6.26401, 49.68409], [6.264082, 49.684067], [6.264177, 49.68402], [6.264307, 49.683937], [6.26446, 49.683838], [6.26454, 49.683765], [6.264795, 49.68349], [6.264997, 49.68327], [6.265188, 49.683064], [6.265406, 49.6828], [6.265703, 49.682438], [6.265886, 49.682213], [6.265955, 49.682133], [6.266184, 49.68192], [6.266417, 49.681725], [6.266596, 49.681587], [6.266939, 49.68134], [6.267233, 49.681133], [6.267332, 49.68106], [6.267389, 49.68101], [6.267401, 49.68098], [6.267408, 49.68091], [6.267416, 49.680717], [6.267416, 49.680634], [6.267447, 49.6803], [6.267466, 49.6801], [6.267485, 49.67996], [6.267519, 49.679817], [6.267561, 49.679676], [6.267633, 49.67941], [6.267691, 49.679207], [6.267733, 49.679024], [6.267748, 49.678917], [6.267759, 49.678616], [6.267767, 49.67824], [6.267763, 49.678017], [6.267778, 49.677948], [6.267805, 49.67791], [6.267988, 49.677685], [6.268011, 49.677647], [6.268068, 49.677536], [6.268129, 49.67739], [6.268206, 49.677193], [6.26829, 49.676964], [6.268305, 49.676895], [6.26832, 49.67681], [6.268339, 49.676647], [6.268351, 49.67657], [6.268362, 49.67652], [6.268377, 49.67649], [6.268412, 49.67643], [6.268553, 49.676258], [6.268705, 49.676105], [6.26874, 49.676147], [6.268805, 49.67623], [6.269026, 49.67651], [6.269094, 49.676598], [6.269438, 49.67709], [6.269598, 49.67731], [6.269705, 49.677464], [6.269865, 49.677685], [6.270025, 49.677902], [6.270353, 49.677727], [6.27075, 49.6775], [6.27117, 49.67723], [6.271341, 49.677124], [6.271208, 49.676964], [6.271387, 49.676632], [6.271483, 49.676468], [6.271578, 49.676292], [6.271707, 49.676083], [6.271856, 49.675865], [6.271868, 49.67585], [6.272009, 49.675648], [6.272097, 49.67553], [6.272417, 49.675053], [6.272482, 49.67507], [6.273169, 49.675278], [6.273645, 49.67542], [6.273642, 49.675434], [6.274305, 49.675583], [6.274103, 49.676], [6.274672, 49.676315], [6.275038, 49.676502], [6.275389, 49.67668], [6.275545, 49.676765], [6.275869, 49.676933], [6.276144, 49.677067], [6.276342, 49.677162], [6.276426, 49.677197], [6.276556, 49.677254], [6.277121, 49.677452], [6.277376, 49.67759], [6.277933, 49.6779], [6.278009, 49.677757], [6.278048, 49.677593], [6.278101, 49.677376], [6.278162, 49.67714], [6.278219, 49.676907], [6.278273, 49.67668], [6.278391, 49.67623], [6.278452, 49.67601], [6.278463, 49.67591], [6.278467, 49.67581], [6.278456, 49.67556], [6.278448, 49.675076], [6.278444, 49.67492], [6.278437, 49.674747], [6.278425, 49.674515], [6.278437, 49.67424], [6.27846, 49.673576], [6.278463, 49.673542], [6.278479, 49.673462], [6.278509, 49.673336], [6.278524, 49.67329], [6.278635, 49.672947], [6.278665, 49.672836], [6.278681, 49.672737], [6.278715, 49.67262], [6.278772, 49.672386], [6.278795, 49.672268], [6.27886, 49.67186], [6.278883, 49.671684], [6.278837, 49.6713], [6.278772, 49.670803], [6.278727, 49.67029], [6.278711, 49.670105], [6.278635, 49.669243], [6.278582, 49.669243], [6.278566, 49.66924], [6.278555, 49.66923], [6.278547, 49.66922], [6.278547, 49.66921], [6.278551, 49.669197], [6.278547, 49.66918], [6.278547, 49.66915], [6.278524, 49.669144], [6.278509, 49.66915], [6.27846, 49.669186], [6.278433, 49.66919], [6.278406, 49.669197], [6.278383, 49.66919], [6.278368, 49.669186], [6.27836, 49.66917], [6.27836, 49.669136], [6.278345, 49.669125], [6.278326, 49.66912], [6.278307, 49.669125], [6.278261, 49.66914], [6.278246, 49.669144], [6.278231, 49.66914], [6.278219, 49.66913], [6.2782, 49.669125], [6.278173, 49.669132], [6.278147, 49.669132], [6.278128, 49.66913], [6.278105, 49.669117], [6.27807, 49.669117], [6.278051, 49.66912], [6.278028, 49.66914], [6.278006, 49.669144], [6.277986, 49.669144], [6.277964, 49.669132], [6.277945, 49.669106], [6.277929, 49.669098], [6.27791, 49.669094], [6.277891, 49.6691], [6.27788, 49.66911], [6.277861, 49.669136], [6.277838, 49.669147], [6.277811, 49.669147], [6.277792, 49.669144], [6.27778, 49.669132], [6.277773, 49.669106], [6.277758, 49.669083], [6.277735, 49.669067], [6.277723, 49.66906], [6.277697, 49.669056], [6.27767, 49.669056], [6.277655, 49.66905], [6.277659, 49.669025], [6.277662, 49.66901], [6.277647, 49.669003], [6.277624, 49.669], [6.277601, 49.669006], [6.277582, 49.669025], [6.277556, 49.66904], [6.277525, 49.669044], [6.277479, 49.669044], [6.27746, 49.66904], [6.277433, 49.66903], [6.277414, 49.66902], [6.277391, 49.669018], [6.277372, 49.669014], [6.277334, 49.669014], [6.277403, 49.668888], [6.277651, 49.668427], [6.278158, 49.66747], [6.278437, 49.667015], [6.27881, 49.666378], [6.278959, 49.666107], [6.279142, 49.66578], [6.279451, 49.665215], [6.279722, 49.664715], [6.279764, 49.66464], [6.279779, 49.664627], [6.27984, 49.664608], [6.279863, 49.664604], [6.279882, 49.66461], [6.279921, 49.664635], [6.27994, 49.664642], [6.279962, 49.66464], [6.279978, 49.66463], [6.279985, 49.664616], [6.279997, 49.664604], [6.280016, 49.6646], [6.280039, 49.664604], [6.28005, 49.66461], [6.280073, 49.66463], [6.2801, 49.664642], [6.280119, 49.664646], [6.280138, 49.664635], [6.280138, 49.664616], [6.280146, 49.664604], [6.280165, 49.664593], [6.280191, 49.66459], [6.280249, 49.664597], [6.280271, 49.664608], [6.280302, 49.66463], [6.280321, 49.66464], [6.280336, 49.664635], [6.28034, 49.664616], [6.28034, 49.6646], [6.280352, 49.66459], [6.280374, 49.664593], [6.28039, 49.6646], [6.280405, 49.664616], [6.280458, 49.66463], [6.280447, 49.664646], [6.280413, 49.664665], [6.280401, 49.66468], [6.280409, 49.664692], [6.28042, 49.6647], [6.280447, 49.664707], [6.280477, 49.664707], [6.280565, 49.6647], [6.280588, 49.664703], [6.280615, 49.664715], [6.280638, 49.66472], [6.280672, 49.664726], [6.280691, 49.664738], [6.280699, 49.66475], [6.28071, 49.664772], [6.280729, 49.66478], [6.280741, 49.664776], [6.280752, 49.66477], [6.28079, 49.6647], [6.280806, 49.664684], [6.280829, 49.664677], [6.280848, 49.66468], [6.280874, 49.664692], [6.280882, 49.664703], [6.280882, 49.664757], [6.280886, 49.66477], [6.280901, 49.664776], [6.28092, 49.664772], [6.280939, 49.66477], [6.280977, 49.664757], [6.280996, 49.664757], [6.281008, 49.664764], [6.281008, 49.66479], [6.281019, 49.6648], [6.281031, 49.6648], [6.28105, 49.664795], [6.281057, 49.664783], [6.281069, 49.66476], [6.281088, 49.664745], [6.281118, 49.664734], [6.281156, 49.66473], [6.281202, 49.66474], [6.281237, 49.664757], [6.281252, 49.664772], [6.281263, 49.664795], [6.281271, 49.66485], [6.281279, 49.664864], [6.281298, 49.664867], [6.281321, 49.664864], [6.281332, 49.664864], [6.281336, 49.66485], [6.281347, 49.664837], [6.28137, 49.66483], [6.281424, 49.664825], [6.281439, 49.664814], [6.281466, 49.664814], [6.281508, 49.664825], [6.28153, 49.66483], [6.281553, 49.664825], [6.281584, 49.664814], [6.281614, 49.66481], [6.281645, 49.664814], [6.281679, 49.66482], [6.281702, 49.66482], [6.281736, 49.66481], [6.28174, 49.664772], [6.281767, 49.66476], [6.281786, 49.66476], [6.281801, 49.664764], [6.281813, 49.66478], [6.281828, 49.66478], [6.281916, 49.664745], [6.281942, 49.664745], [6.281969, 49.664757], [6.281973, 49.664776], [6.281984, 49.664787], [6.282003, 49.664795], [6.282023, 49.66479], [6.282034, 49.664783], [6.282045, 49.664772], [6.282064, 49.66478], [6.282083, 49.664795], [6.282103, 49.6648], [6.282133, 49.664783], [6.282133, 49.664745], [6.282148, 49.664734], [6.282171, 49.664726], [6.28219, 49.66473], [6.282221, 49.664745], [6.282247, 49.66475], [6.282293, 49.664757], [6.282324, 49.664772], [6.282362, 49.664795], [6.282381, 49.6648], [6.282404, 49.664795], [6.282427, 49.664783], [6.282434, 49.664764], [6.282453, 49.66476], [6.282473, 49.66476], [6.282488, 49.66477], [6.282492, 49.664787], [6.282484, 49.66483], [6.282499, 49.66484], [6.282515, 49.664845], [6.282545, 49.66484], [6.282579, 49.66484], [6.282602, 49.66485], [6.282618, 49.66486], [6.282625, 49.664894], [6.282641, 49.664906], [6.282663, 49.664913], [6.282698, 49.664917], [6.282732, 49.664917], [6.282759, 49.66491], [6.282805, 49.664886], [6.28282, 49.664875], [6.282839, 49.66488], [6.282827, 49.664917], [6.282824, 49.664936], [6.282831, 49.664948], [6.282846, 49.66495], [6.282869, 49.66495], [6.282888, 49.664936], [6.282908, 49.66492], [6.282927, 49.664917], [6.282953, 49.66492], [6.283026, 49.66494], [6.283045, 49.66495], [6.283064, 49.66495], [6.283098, 49.664948], [6.283159, 49.66494], [6.283182, 49.66494], [6.283197, 49.664944], [6.283201, 49.66496], [6.283201, 49.664974], [6.283216, 49.664986], [6.283232, 49.66499], [6.283243, 49.66498], [6.28327, 49.664932], [6.283281, 49.664925], [6.283312, 49.664925], [6.283327, 49.664932], [6.283331, 49.664944], [6.283331, 49.664963], [6.283354, 49.665005], [6.283365, 49.665012], [6.283388, 49.66501], [6.283411, 49.665005], [6.283438, 49.66499], [6.283449, 49.66497], [6.283445, 49.664944], [6.283461, 49.664883], [6.28348, 49.66487], [6.283506, 49.66487], [6.283525, 49.66488], [6.283537, 49.664894], [6.283548, 49.664936], [6.283567, 49.664948], [6.28359, 49.66495], [6.283602, 49.664948], [6.283609, 49.664936], [6.28359, 49.66492], [6.283587, 49.664906], [6.283606, 49.66489], [6.283613, 49.664875], [6.283617, 49.66484], [6.283621, 49.664818], [6.28364, 49.664795], [6.283667, 49.664783], [6.28369, 49.664787], [6.283701, 49.6648], [6.283705, 49.664814], [6.283728, 49.664818], [6.283728, 49.6648], [6.283735, 49.664787], [6.283758, 49.664776], [6.283777, 49.664776], [6.283804, 49.664783], [6.283861, 49.664757], [6.283884, 49.66475], [6.283918, 49.664745], [6.283953, 49.664753], [6.283979, 49.66476], [6.283999, 49.664764], [6.28409, 49.664753], [6.284098, 49.66474], [6.28409, 49.664715], [6.284109, 49.6647], [6.28414, 49.664684], [6.284185, 49.664684], [6.284208, 49.66469], [6.284235, 49.66469], [6.284269, 49.6647], [6.284304, 49.664707], [6.284346, 49.66471], [6.284384, 49.664703], [6.28441, 49.664692], [6.284452, 49.664665], [6.284487, 49.66464], [6.284525, 49.66463], [6.284582, 49.66463], [6.284597, 49.66464], [6.284609, 49.66468], [6.284628, 49.664696], [6.284693, 49.664715], [6.284719, 49.664715], [6.284742, 49.664707], [6.284769, 49.664692], [6.284815, 49.66468], [6.284845, 49.66468], [6.284872, 49.66469], [6.284899, 49.664707], [6.284925, 49.664722], [6.284971, 49.664726], [6.285006, 49.664726], [6.285051, 49.66472], [6.285097, 49.664722], [6.285139, 49.664726], [6.285177, 49.66474], [6.285208, 49.664757], [6.285257, 49.66477], [6.28528, 49.66477], [6.285311, 49.66476], [6.285372, 49.664753], [6.285395, 49.664757], [6.285425, 49.664772], [6.285459, 49.664783], [6.285524, 49.664787], [6.285559, 49.664795], [6.285585, 49.664787], [6.285604, 49.664776], [6.285604, 49.66474], [6.285612, 49.664726], [6.285627, 49.66472], [6.28565, 49.66472], [6.285669, 49.664722], [6.285696, 49.66474], [6.285708, 49.66475], [6.28573, 49.66478], [6.285753, 49.66479], [6.285768, 49.66479], [6.285784, 49.664783], [6.285795, 49.66477], [6.285807, 49.66476], [6.285822, 49.664757], [6.285845, 49.664757], [6.285856, 49.66476], [6.285883, 49.66479], [6.285906, 49.6648], [6.285948, 49.664806], [6.28599, 49.664803], [6.286062, 49.664776], [6.28607, 49.664753], [6.286093, 49.664738], [6.286119, 49.664734], [6.286142, 49.664738], [6.28615, 49.66475], [6.286154, 49.664764], [6.286173, 49.664776], [6.2862, 49.66478], [6.286223, 49.664772], [6.286245, 49.66476], [6.286283, 49.664757], [6.286318, 49.66476], [6.286371, 49.66477], [6.286402, 49.66478], [6.286192, 49.6644], [6.285643, 49.6634], [6.285665, 49.66039], [6.285509, 49.65953], [6.285486, 49.65941], [6.282865, 49.659115], [6.282808, 49.659107], [6.282774, 49.659103], [6.28026, 49.65872], [6.280333, 49.6586], [6.280371, 49.658535], [6.280417, 49.658463], [6.280481, 49.65835], [6.280508, 49.658306], [6.280531, 49.658264], [6.280573, 49.658195], [6.280622, 49.658108], [6.280687, 49.658005], [6.280706, 49.65797], [6.280767, 49.65787], [6.280802, 49.65781], [6.280809, 49.657795], [6.280851, 49.657726], [6.280912, 49.657623], [6.280943, 49.657574], [6.28097, 49.657513], [6.280989, 49.657475], [6.281, 49.657448], [6.281176, 49.657135], [6.281248, 49.657116], [6.282053, 49.65724], [6.281984, 49.656834], [6.281942, 49.656578], [6.281881, 49.656143], [6.281858, 49.656], [6.281706, 49.65512], [6.281668, 49.654884], [6.28166, 49.654846], [6.281748, 49.65485], [6.281752, 49.654808], [6.281771, 49.654644], [6.281775, 49.65458], [6.281782, 49.654522], [6.28179, 49.654453], [6.28179, 49.654438], [6.281824, 49.65403], [6.281748, 49.65402], [6.281744, 49.65391], [6.281744, 49.653873], [6.28174, 49.653736], [6.281736, 49.653717], [6.281736, 49.653667], [6.281729, 49.653522], [6.281729, 49.653465], [6.281725, 49.653408], [6.281721, 49.65328], [6.281714, 49.65316], [6.281733, 49.653107], [6.282076, 49.652756], [6.282126, 49.652714], [6.282572, 49.652363], [6.28306, 49.65201], [6.283224, 49.6519], [6.283667, 49.65161], [6.284044, 49.65134], [6.284666, 49.65108], [6.285582, 49.650864], [6.286955, 49.65055], [6.288828, 49.649925], [6.289183, 49.649734], [6.289328, 49.649197], [6.289446, 49.649002], [6.289385, 49.64898], [6.289022, 49.64884], [6.289137, 49.64865], [6.289167, 49.648598], [6.289175, 49.648586], [6.289267, 49.64858], [6.289602, 49.648197], [6.289274, 49.64812], [6.289209, 49.648106], [6.289144, 49.64809], [6.288588, 49.64792], [6.289515, 49.64728], [6.289843, 49.647167], [6.290014, 49.64725], [6.29006, 49.647274], [6.289988, 49.64716], [6.2899, 49.647057], [6.28977, 49.646908], [6.289484, 49.646698], [6.28937, 49.64662], [6.289267, 49.64657], [6.289087, 49.646503], [6.289373, 49.646114], [6.28961, 49.645775], [6.289717, 49.645626], [6.289763, 49.645546], [6.289785, 49.64543], [6.289801, 49.645344], [6.289812, 49.64522], [6.289835, 49.64511], [6.289877, 49.644997], [6.289934, 49.644875], [6.290041, 49.64462], [6.290075, 49.644516], [6.290129, 49.64436], [6.290186, 49.64417], [6.290213, 49.644073], [6.290228, 49.643932], [6.290232, 49.64382], [6.290228, 49.643803], [6.290216, 49.64374], [6.29019, 49.643517], [6.290186, 49.643433], [6.290194, 49.64333], [6.290197, 49.64326], [6.290201, 49.64325], [6.290205, 49.64318], [6.290205, 49.643166], [6.290209, 49.643147], [6.290209, 49.6431], [6.290194, 49.64302], [6.290152, 49.642834], [6.290129, 49.64274], [6.290102, 49.642624], [6.290098, 49.64261], [6.290102, 49.64258], [6.290102, 49.642513], [6.29011, 49.64239], [6.29011, 49.642345], [6.290121, 49.64211], [6.290125, 49.64205], [6.290129, 49.642002], [6.290136, 49.641937], [6.29014, 49.64188], [6.290171, 49.641514], [6.290178, 49.641453], [6.290197, 49.641228], [6.290209, 49.64116], [6.290247, 49.640926], [6.290285, 49.640686], [6.290297, 49.640633], [6.290373, 49.640545], [6.290461, 49.64044], [6.290529, 49.640385], [6.290712, 49.64022], [6.29085, 49.640095], [6.290972, 49.639988], [6.291037, 49.63993], [6.291235, 49.639755], [6.291327, 49.639675], [6.291437, 49.639576], [6.291559, 49.63947], [6.291674, 49.639366], [6.291693, 49.639347], [6.291773, 49.63928], [6.291807, 49.639248], [6.291842, 49.639217], [6.291868, 49.6392], [6.291895, 49.639175], [6.291975, 49.639107], [6.292135, 49.638966], [6.292192, 49.63892], [6.292242, 49.638878], [6.29233, 49.638805], [6.292463, 49.638687], [6.292555, 49.638607], [6.292669, 49.638504], [6.292784, 49.638535], [6.292917, 49.638573], [6.293123, 49.63862], [6.293192, 49.638638], [6.293299, 49.63866], [6.293432, 49.638695], [6.293653, 49.638424], [6.293741, 49.638298], [6.293787, 49.638233], [6.293821, 49.638187], [6.29384, 49.638165], [6.29392, 49.638046], [6.294809, 49.63819], [6.295012, 49.63822], [6.295469, 49.638294], [6.295481, 49.638256], [6.295519, 49.63815], [6.295572, 49.637955], [6.295622, 49.637783], [6.295645, 49.637688], [6.295679, 49.637512], [6.295702, 49.63737], [6.295717, 49.637234], [6.295725, 49.637074], [6.295713, 49.636963], [6.295664, 49.636726], [6.295637, 49.636623], [6.295565, 49.636356], [6.296015, 49.63643], [6.296225, 49.636467], [6.29656, 49.63652], [6.296778, 49.63656], [6.296862, 49.636574], [6.296995, 49.636597], [6.297228, 49.636635], [6.29756, 49.63669], [6.297613, 49.6367], [6.297648, 49.636707], [6.297693, 49.636715], [6.297785, 49.63673], [6.297998, 49.63677], [6.298109, 49.636787], [6.29822, 49.636806], [6.298544, 49.636864], [6.298613, 49.636875], [6.298857, 49.636917], [6.29896, 49.636932], [6.299059, 49.636948], [6.299147, 49.636963], [6.299292, 49.63699], [6.299467, 49.63702], [6.299543, 49.63703], [6.299662, 49.637054], [6.299746, 49.637066], [6.299932, 49.6371], [6.300379, 49.637177], [6.30044, 49.637188], [6.300554, 49.637207], [6.300661, 49.637226], [6.300688, 49.63723], [6.300703, 49.637238], [6.300844, 49.637287], [6.300932, 49.63732], [6.301104, 49.637386], [6.301199, 49.637424], [6.30126, 49.63745], [6.30131, 49.637466], [6.301424, 49.637512], [6.301542, 49.637558], [6.301603, 49.6375], [6.301737, 49.637356], [6.301844, 49.637222], [6.301966, 49.637062], [6.302031, 49.636982], [6.302134, 49.637028], [6.302248, 49.637085], [6.302393, 49.637154], [6.302526, 49.63722], [6.302664, 49.637287], [6.302694, 49.637203], [6.302706, 49.637157], [6.30271, 49.63711], [6.302702, 49.63701], [6.302675, 49.636883], [6.302641, 49.636787], [6.302622, 49.636753], [6.302603, 49.63671], [6.30295, 49.636665], [6.303038, 49.636654], [6.303175, 49.636635], [6.303248, 49.636456], [6.30327, 49.636395], [6.303358, 49.636177], [6.303793, 49.63518], [6.303827, 49.6351], [6.303888, 49.63495], [6.303999, 49.634705], [6.304754, 49.63431], [6.304796, 49.634235], [6.304956, 49.63415], [6.307077, 49.63314], [6.307424, 49.632973], [6.307474, 49.63292], [6.307879, 49.632248], [6.308603, 49.63102], [6.308718, 49.63067], [6.308866, 49.630177], [6.309214, 49.628906], [6.30924, 49.62882], [6.309282, 49.62875], [6.309687, 49.628384], [6.309034, 49.6281], [6.307718, 49.62757], [6.307173, 49.627354], [6.307035, 49.627308], [6.306784, 49.627235], [6.30652, 49.627132], [6.305998, 49.626904], [6.305605, 49.6267], [6.304953, 49.626354], [6.30472, 49.62622], [6.304468, 49.62605], [6.304293, 49.625893], [6.303991, 49.62566], [6.303915, 49.625603], [6.303793, 49.62551], [6.303659, 49.625412], [6.30345, 49.625263], [6.303171, 49.62507], [6.302641, 49.62469], [6.302423, 49.62453], [6.301855, 49.62412], [6.301348, 49.62375], [6.300825, 49.623363], [6.300562, 49.62317], [6.300264, 49.62295], [6.299852, 49.62265], [6.299665, 49.622513], [6.299643, 49.622498], [6.299589, 49.622444], [6.299547, 49.622437], [6.299032, 49.621925], [6.298868, 49.62177], [6.298788, 49.62171], [6.298487, 49.621536], [6.2983, 49.62141], [6.297884, 49.621086], [6.297304, 49.620655], [6.296934, 49.620384], [6.296698, 49.620213], [6.296434, 49.61999], [6.295923, 49.619537], [6.295385, 49.61907], [6.294542, 49.61842], [6.29384, 49.617886], [6.293058, 49.61728], [6.292879, 49.61717], [6.292559, 49.617], [6.292387, 49.616875], [6.292223, 49.616707], [6.292181, 49.616642], [6.292231, 49.616634], [6.291819, 49.616276], [6.291029, 49.615654], [6.290373, 49.61514], [6.289682, 49.61462], [6.289045, 49.614132], [6.288168, 49.61348], [6.287233, 49.61279], [6.286894, 49.612545], [6.286577, 49.61239], [6.286116, 49.61207], [6.285887, 49.611885], [6.285753, 49.611736], [6.285616, 49.61162], [6.284456, 49.610775], [6.283556, 49.610126], [6.282732, 49.60953], [6.281858, 49.60891], [6.281298, 49.60851], [6.280466, 49.607895], [6.279921, 49.607487], [6.279718, 49.607307], [6.279528, 49.607132], [6.27923, 49.6068], [6.279097, 49.606686], [6.278784, 49.606434], [6.278612, 49.606277], [6.278479, 49.60611], [6.278357, 49.606003], [6.278116, 49.605896], [6.277609, 49.605675], [6.277388, 49.60552], [6.277021, 49.60525], [6.276869, 49.605133], [6.276682, 49.60496], [6.27627, 49.604557], [6.276064, 49.60434], [6.275934, 49.60418], [6.275736, 49.603916], [6.275499, 49.603592], [6.275488, 49.60355], [6.275476, 49.6035], [6.274939, 49.602913], [6.274771, 49.60272], [6.274672, 49.602592], [6.274653, 49.60255], [6.274633, 49.602474], [6.274607, 49.60239], [6.274534, 49.60229], [6.274439, 49.602173], [6.274267, 49.601948], [6.273958, 49.601513], [6.273786, 49.6013], [6.273821, 49.601288], [6.273912, 49.601254], [6.274168, 49.601154], [6.274427, 49.601055], [6.274595, 49.600994], [6.274893, 49.60088], [6.275175, 49.600777], [6.275412, 49.60069], [6.275488, 49.60077], [6.275583, 49.600853], [6.275679, 49.60094], [6.275763, 49.60101], [6.275923, 49.60113], [6.276079, 49.601242], [6.276163, 49.6013], [6.276289, 49.601364], [6.276426, 49.601433], [6.276495, 49.60146], [6.276689, 49.601524], [6.276758, 49.60154], [6.27696, 49.601578], [6.277109, 49.6016], [6.277449, 49.60164], [6.277475, 49.6018], [6.277491, 49.601883], [6.277502, 49.60195], [6.277514, 49.601997], [6.27754, 49.602116], [6.278109, 49.6021], [6.278349, 49.602097], [6.278662, 49.602097], [6.279089, 49.602108], [6.279432, 49.602135], [6.279833, 49.602165], [6.279974, 49.602306], [6.280649, 49.60247], [6.280729, 49.602493], [6.280935, 49.60253], [6.281412, 49.60262], [6.281965, 49.602715], [6.282087, 49.602734], [6.282137, 49.60274], [6.28219, 49.60275], [6.282331, 49.602737], [6.282721, 49.60271], [6.283033, 49.60269], [6.283297, 49.602676], [6.283483, 49.602665], [6.284391, 49.60263], [6.284937, 49.602608], [6.285311, 49.6024], [6.285795, 49.602123], [6.286337, 49.601818], [6.286852, 49.60183], [6.287199, 49.601833], [6.28763, 49.60183], [6.288107, 49.601826], [6.288515, 49.601818], [6.28861, 49.60168], [6.288774, 49.601448], [6.288973, 49.601173], [6.289125, 49.600952], [6.289183, 49.60081], [6.289308, 49.60045], [6.289339, 49.60035], [6.289431, 49.6001], [6.289553, 49.59976], [6.289763, 49.59962], [6.289823, 49.59958], [6.290011, 49.59945], [6.290129, 49.599354], [6.290319, 49.599216], [6.290369, 49.599155], [6.290556, 49.599113], [6.290846, 49.599045], [6.291044, 49.599], [6.291166, 49.598965], [6.291265, 49.59893], [6.291391, 49.598877], [6.291582, 49.5988], [6.29178, 49.598717], [6.291868, 49.598682], [6.291918, 49.598663], [6.291979, 49.59865], [6.292067, 49.598637], [6.29217, 49.59864], [6.292242, 49.598648], [6.292402, 49.598648], [6.292479, 49.59865], [6.292559, 49.59866], [6.29265, 49.59866], [6.292791, 49.59865], [6.292875, 49.59864], [6.293047, 49.598625], [6.293314, 49.59859], [6.293478, 49.598568], [6.293558, 49.598553], [6.293715, 49.598526], [6.294062, 49.598454], [6.294168, 49.59843], [6.294409, 49.598377], [6.294718, 49.598312], [6.295179, 49.598217], [6.295324, 49.597965], [6.295431, 49.597775], [6.2955, 49.59764], [6.295584, 49.597466], [6.295843, 49.596912], [6.295984, 49.596615], [6.296041, 49.596504], [6.296087, 49.596424], [6.296148, 49.59633], [6.296206, 49.596237], [6.296324, 49.59605], [6.296385, 49.59595], [6.296557, 49.595695], [6.296637, 49.595566], [6.296652, 49.595543], [6.296923, 49.595318], [6.296942, 49.595303], [6.297228, 49.595066], [6.297491, 49.5949], [6.297586, 49.594833], [6.297731, 49.594734], [6.297876, 49.594585], [6.298075, 49.594387], [6.298185, 49.594273], [6.298254, 49.594215], [6.298418, 49.59408], [6.298677, 49.593876], [6.298925, 49.593685], [6.299337, 49.59336], [6.299524, 49.593212], [6.299612, 49.593136], [6.299627, 49.59289], [6.299654, 49.592537], [6.299673, 49.592194], [6.299684, 49.59207], [6.2997, 49.59179], [6.29973, 49.591164], [6.299948, 49.591087], [6.300299, 49.59097], [6.300741, 49.59082], [6.301203, 49.590664], [6.301256, 49.59065], [6.301306, 49.59063], [6.301763, 49.590473], [6.301558, 49.590206], [6.301325, 49.589912], [6.301516, 49.589615], [6.301741, 49.589256], [6.302004, 49.588844], [6.302031, 49.5886], [6.302076, 49.58824], [6.302126, 49.587856], [6.302175, 49.587486], [6.302229, 49.587048], [6.302248, 49.586906], [6.302271, 49.586697], [6.302317, 49.586575], [6.302378, 49.58647], [6.302469, 49.58632], [6.302534, 49.586113], [6.302633, 49.585804], [6.302671, 49.58568], [6.302744, 49.585423], [6.302816, 49.58517], [6.302854, 49.585014], [6.302813, 49.584885], [6.302694, 49.58457], [6.30261, 49.584362], [6.302549, 49.584194], [6.302412, 49.58381], [6.302362, 49.583748], [6.302301, 49.58369], [6.302187, 49.583588], [6.30187, 49.583336], [6.301558, 49.58313], [6.301184, 49.582886], [6.301149, 49.582867], [6.301065, 49.582817], [6.300833, 49.582676], [6.300821, 49.58267], [6.300764, 49.58263], [6.300711, 49.582664], [6.299994, 49.58316], [6.299272, 49.583664], [6.298796, 49.58399], [6.298384, 49.58428], [6.297941, 49.584583], [6.297449, 49.584904], [6.297266, 49.585], [6.29706, 49.585075], [6.296866, 49.585136], [6.296297, 49.585297], [6.295336, 49.58557], [6.294275, 49.585876], [6.293188, 49.586193], [6.29191, 49.58656], [6.291769, 49.586437], [6.291658, 49.586376], [6.291575, 49.58634], [6.291456, 49.586315], [6.291315, 49.586296], [6.291182, 49.586292], [6.29072, 49.5863], [6.290331, 49.586308], [6.289946, 49.586323], [6.289144, 49.586376], [6.28834, 49.58643], [6.287813, 49.586456], [6.287153, 49.58648], [6.285646, 49.586533], [6.284857, 49.58656], [6.284609, 49.58656], [6.28443, 49.58654], [6.283468, 49.58632], [6.282762, 49.586174], [6.282049, 49.586033], [6.281446, 49.585926], [6.280676, 49.58579], [6.27976, 49.585636], [6.278978, 49.585503], [6.278009, 49.58533], [6.277349, 49.5852], [6.276651, 49.585064], [6.276049, 49.58494], [6.274813, 49.584732], [6.274172, 49.584698], [6.273165, 49.58468], [6.272062, 49.58464], [6.271055, 49.584595], [6.269876, 49.58436], [6.26948, 49.58423], [6.268679, 49.583954], [6.268648, 49.583786], [6.268644, 49.583645], [6.268778, 49.583256], [6.268755, 49.58314], [6.268629, 49.582916], [6.268229, 49.582363], [6.267946, 49.581924], [6.267733, 49.581493], [6.267557, 49.581097], [6.267248, 49.5805], [6.26745, 49.57996], [6.267412, 49.579956], [6.267225, 49.579712], [6.267145, 49.57961], [6.267126, 49.579582], [6.267069, 49.57951], [6.267019, 49.57945], [6.266958, 49.579365], [6.266672, 49.579136], [6.266611, 49.579086], [6.266451, 49.578957], [6.266233, 49.57885], [6.265974, 49.578728], [6.265772, 49.578648], [6.265829, 49.578903], [6.265833, 49.579086], [6.265818, 49.5792], [6.265745, 49.57941], [6.26568, 49.579605], [6.265642, 49.579693], [6.265596, 49.5798], [6.265551, 49.5799], [6.265417, 49.579838], [6.265524, 49.579567], [6.265654, 49.57912], [6.265661, 49.57902], [6.265528, 49.579014], [6.265512, 49.578655], [6.265524, 49.57855], [6.265589, 49.578457], [6.265688, 49.578354], [6.265806, 49.57825], [6.265665, 49.57825], [6.265501, 49.578255], [6.265406, 49.578255], [6.265314, 49.57825], [6.263922, 49.578487], [6.263815, 49.578506], [6.263189, 49.578583], [6.262548, 49.578636], [6.262449, 49.57864], [6.262007, 49.578655], [6.261931, 49.57866], [6.261786, 49.578667], [6.261675, 49.57867], [6.261267, 49.57869], [6.261232, 49.57869], [6.260694, 49.578716], [6.260588, 49.57872], [6.260405, 49.578728], [6.260134, 49.578743], [6.259455, 49.578777], [6.259355, 49.578674], [6.259287, 49.578617], [6.259131, 49.5785], [6.259024, 49.578415], [6.258932, 49.578346], [6.258692, 49.578175], [6.258577, 49.578102], [6.258383, 49.577976], [6.258211, 49.577877], [6.258108, 49.577766], [6.25783, 49.577473], [6.257791, 49.57743], [6.257738, 49.577362], [6.25762, 49.577217], [6.257585, 49.577168], [6.257505, 49.577072], [6.257429, 49.576977], [6.257353, 49.576874], [6.257132, 49.5766], [6.257059, 49.576504], [6.256975, 49.576397], [6.256929, 49.57634], [6.256876, 49.576256], [6.256864, 49.576225], [6.256834, 49.576157], [6.256807, 49.576084], [6.256796, 49.576046], [6.256727, 49.575756], [6.256704, 49.575695], [6.256689, 49.575645], [6.256678, 49.575634], [6.256647, 49.57559], [6.256628, 49.575558], [6.256559, 49.57548], [6.256529, 49.575447], [6.256487, 49.57541], [6.256411, 49.575336], [6.256327, 49.575283], [6.256296, 49.57526], [6.256052, 49.5751], [6.256025, 49.575077], [6.255938, 49.575012], [6.255842, 49.574936], [6.255812, 49.57491], [6.255739, 49.574844], [6.255606, 49.574726], [6.255568, 49.574677], [6.255487, 49.574566], [6.255442, 49.574486], [6.255446, 49.57446], [6.255484, 49.57425], [6.255533, 49.574062], [6.255636, 49.57364], [6.255659, 49.57355], [6.25567, 49.573467], [6.255667, 49.57344], [6.255655, 49.573406], [6.255568, 49.57322], [6.255446, 49.57293], [6.255381, 49.572784], [6.255373, 49.572674], [6.255388, 49.57257], [6.255419, 49.57246], [6.25551, 49.572224], [6.255526, 49.572193], [6.255541, 49.572155], [6.25572, 49.571877], [6.256033, 49.57144], [6.256166, 49.571255], [6.256384, 49.570984], [6.256895, 49.570576], [6.257189, 49.570347], [6.257486, 49.570126], [6.257505, 49.57011], [6.2572, 49.570004], [6.256258, 49.569695], [6.255793, 49.56954], [6.255732, 49.56954], [6.255526, 49.56951], [6.255083, 49.56939], [6.254805, 49.569317], [6.254644, 49.569225], [6.254213, 49.56899], [6.253969, 49.56881], [6.253839, 49.568707], [6.253775, 49.568645], [6.25345, 49.568596], [6.25297, 49.56842], [6.2525, 49.568363], [6.252081, 49.568214], [6.251707, 49.56814], [6.251111, 49.56798], [6.250673, 49.567863], [6.250269, 49.56789], [6.249365, 49.567646], [6.248819, 49.567566], [6.248041, 49.567677], [6.247458, 49.567623], [6.246908, 49.567627], [6.245954, 49.567654], [6.245592, 49.567608], [6.24468, 49.56769], [6.243681, 49.567707], [6.24299, 49.56758], [6.242502, 49.567665], [6.242311, 49.56766], [6.24188, 49.567657], [6.241777, 49.567654], [6.241625, 49.56766], [6.240965, 49.568027], [6.240385, 49.568546], [6.239901, 49.569252], [6.239576, 49.569576], [6.239481, 49.56965], [6.238653, 49.569843], [6.238039, 49.569996], [6.237852, 49.570034], [6.23752, 49.570087], [6.23694, 49.570164], [6.236567, 49.57021], [6.236353, 49.570213], [6.23612, 49.570206], [6.235346, 49.570168], [6.234545, 49.57013], [6.234087, 49.570103], [6.233744, 49.570072], [6.233572, 49.570053], [6.233442, 49.57004], [6.233198, 49.57001], [6.232969, 49.569992], [6.23276, 49.569984], [6.23234, 49.570007], [6.23197, 49.570004], [6.231802, 49.569996], [6.23171, 49.569996], [6.231554, 49.57], [6.231443, 49.57001], [6.231302, 49.57003], [6.231237, 49.57004], [6.231207, 49.56998], [6.231127, 49.56981], [6.231008, 49.569546], [6.230982, 49.56949], [6.230887, 49.569202], [6.230825, 49.569004], [6.231134, 49.568787], [6.231375, 49.568615], [6.231516, 49.568516], [6.231806, 49.568382], [6.232061, 49.568172], [6.232248, 49.56802], [6.232401, 49.567894], [6.232038, 49.56761], [6.232252, 49.56737], [6.232553, 49.567043], [6.232904, 49.56672], [6.233049, 49.566574], [6.233339, 49.566284], [6.23353, 49.566086], [6.233595, 49.56561], [6.233599, 49.565594], [6.233606, 49.565525], [6.233652, 49.565434], [6.233679, 49.565384], [6.233889, 49.564976], [6.233847, 49.56494], [6.23382, 49.564915], [6.233713, 49.564827], [6.23361, 49.564735], [6.233526, 49.564667], [6.233511, 49.56465], [6.23345, 49.56459], [6.233381, 49.564526], [6.233343, 49.56448], [6.233236, 49.564365], [6.233183, 49.56431], [6.233126, 49.564247], [6.23311, 49.564228], [6.23308, 49.564198], [6.233019, 49.564133], [6.232946, 49.564053], [6.232782, 49.563877], [6.232687, 49.56377], [6.232401, 49.56353], [6.232267, 49.56342], [6.232122, 49.563297], [6.232092, 49.56327], [6.232054, 49.563213], [6.231993, 49.563133], [6.231878, 49.562973], [6.231829, 49.5629], [6.231714, 49.56274], [6.231676, 49.562687], [6.231642, 49.562645], [6.231741, 49.562546], [6.231806, 49.56249], [6.231939, 49.562363], [6.231978, 49.56233], [6.232367, 49.561974], [6.232439, 49.56185], [6.232515, 49.561672], [6.232855, 49.560806], [6.232935, 49.560673], [6.233072, 49.56044], [6.232962, 49.56043], [6.232843, 49.56041], [6.232744, 49.5604], [6.232698, 49.56039], [6.232199, 49.560272], [6.232054, 49.560226], [6.23197, 49.5602], [6.231813, 49.560135], [6.231684, 49.560062], [6.231607, 49.560017], [6.231566, 49.55998], [6.231302, 49.559704], [6.231199, 49.55956], [6.231169, 49.559464], [6.231108, 49.559284], [6.231081, 49.559177], [6.231051, 49.55904], [6.231024, 49.558887], [6.231024, 49.558853], [6.231001, 49.558586], [6.231012, 49.55832], [6.231054, 49.55811], [6.231108, 49.557945], [6.231165, 49.557804], [6.231218, 49.55768], [6.231463, 49.557465], [6.231531, 49.557404], [6.231585, 49.557358], [6.231646, 49.5573], [6.231707, 49.55725], [6.231821, 49.557148], [6.231928, 49.55705], [6.232023, 49.55696], [6.232084, 49.556904], [6.232229, 49.556763], [6.232332, 49.556664], [6.232443, 49.55656], [6.232626, 49.556385], [6.232664, 49.556328], [6.23276, 49.55619], [6.232847, 49.55606], [6.232904, 49.555977], [6.232965, 49.55589], [6.233068, 49.555927], [6.233335, 49.555565], [6.233484, 49.555412], [6.233713, 49.555202], [6.233896, 49.555065], [6.234098, 49.55491], [6.23448, 49.554676], [6.234865, 49.554474], [6.235334, 49.55425], [6.235475, 49.554195], [6.235308, 49.553905], [6.235258, 49.55383], [6.235251, 49.55381], [6.23522, 49.553764], [6.235193, 49.553715], [6.235163, 49.553665], [6.235102, 49.553555], [6.235044, 49.553463], [6.235022, 49.553417], [6.234953, 49.553307], [6.234545, 49.55343], [6.234057, 49.55363], [6.233519, 49.55388], [6.233412, 49.553932], [6.233267, 49.553997], [6.232561, 49.553658], [6.232145, 49.553474], [6.23179, 49.55334], [6.231386, 49.55323], [6.231176, 49.553177], [6.230921, 49.553127], [6.230326, 49.553032], [6.23028, 49.553024], [6.229734, 49.553463], [6.22912, 49.553978], [6.228296, 49.554615], [6.227991, 49.554867], [6.227358, 49.555492], [6.227137, 49.55575], [6.226603, 49.55681], [6.226507, 49.55684], [6.22624, 49.556835], [6.226122, 49.556805], [6.225828, 49.55672], [6.225706, 49.556686], [6.225542, 49.556637], [6.22547, 49.556614], [6.225203, 49.55652], [6.225042, 49.556454], [6.224478, 49.5562], [6.224188, 49.55604], [6.223822, 49.555836], [6.223516, 49.556183], [6.222967, 49.555977], [6.222658, 49.55586], [6.222444, 49.55579], [6.221853, 49.555603], [6.221777, 49.55558], [6.221731, 49.55557], [6.221544, 49.555515], [6.22106, 49.555397], [6.220575, 49.55528], [6.220472, 49.555256], [6.220266, 49.555202], [6.220091, 49.555164], [6.220038, 49.55515], [6.219774, 49.5551], [6.219316, 49.555008], [6.219217, 49.55499], [6.219259, 49.55492], [6.219431, 49.55465], [6.219511, 49.554523], [6.219564, 49.554245], [6.219591, 49.5541], [6.21961, 49.55405], [6.219644, 49.553986], [6.219797, 49.55379], [6.219889, 49.553646], [6.220079, 49.553314], [6.220224, 49.553013], [6.220293, 49.552845], [6.220385, 49.55263], [6.220453, 49.552464], [6.220621, 49.552044], [6.220766, 49.551918], [6.220999, 49.551723], [6.221205, 49.55154], [6.221224, 49.55152], [6.221411, 49.551357], [6.221491, 49.551285], [6.221537, 49.551247], [6.2218, 49.55102], [6.221827, 49.551006], [6.221945, 49.550938], [6.222052, 49.550873], [6.222082, 49.550846], [6.222174, 49.550724], [6.222246, 49.55067], [6.222311, 49.550632], [6.222372, 49.550602], [6.222494, 49.550533], [6.222639, 49.550453], [6.222689, 49.550423], [6.222708, 49.55041], [6.222902, 49.55029], [6.222933, 49.55027], [6.223181, 49.550095], [6.223379, 49.54998], [6.223425, 49.549957], [6.223715, 49.54984], [6.223738, 49.549828], [6.223822, 49.549686], [6.223825, 49.549675], [6.223841, 49.549644], [6.22389, 49.549522], [6.223913, 49.54946], [6.223944, 49.549385], [6.223959, 49.54932], [6.223967, 49.549294], [6.223974, 49.54928], [6.223993, 49.54923], [6.22402, 49.549168], [6.224039, 49.549118], [6.224066, 49.54907], [6.2241, 49.549004], [6.224123, 49.548965], [6.224142, 49.54893], [6.224234, 49.548794], [6.224268, 49.54875], [6.224302, 49.54871], [6.224337, 49.548664], [6.22436, 49.548637], [6.224413, 49.54858], [6.224516, 49.548477], [6.224722, 49.548267], [6.224798, 49.548195], [6.22476, 49.54811], [6.224897, 49.548008], [6.22502, 49.547935], [6.225138, 49.547863], [6.225183, 49.547844], [6.22537, 49.547756], [6.225515, 49.547703], [6.225676, 49.54765], [6.22579, 49.547615], [6.226168, 49.547504], [6.226458, 49.547417], [6.226309, 49.54735], [6.225908, 49.547203], [6.225504, 49.547066], [6.22526, 49.546986], [6.225359, 49.54688], [6.225466, 49.546764], [6.225573, 49.546646], [6.225668, 49.546543], [6.225779, 49.54642], [6.226011, 49.54617], [6.226046, 49.546135], [6.226091, 49.546085], [6.226236, 49.545933], [6.226442, 49.545727], [6.226538, 49.545628], [6.22666, 49.545506], [6.226927, 49.545242], [6.227476, 49.54469], [6.227503, 49.54466], [6.227632, 49.544716], [6.228018, 49.544888], [6.228449, 49.54507], [6.228697, 49.545177], [6.229002, 49.545288], [6.229265, 49.545383], [6.229372, 49.545303], [6.229521, 49.545193], [6.229643, 49.5451], [6.229765, 49.545013], [6.229963, 49.54487], [6.230169, 49.544716], [6.23036, 49.54458], [6.230135, 49.54444], [6.229876, 49.544292], [6.229494, 49.54407], [6.229376, 49.544003], [6.229231, 49.543915], [6.228846, 49.543694], [6.228464, 49.543476], [6.228254, 49.54336], [6.228151, 49.5433], [6.228235, 49.543217], [6.228281, 49.543175], [6.228338, 49.54312], [6.228399, 49.543064], [6.22859, 49.542892], [6.228647, 49.542847], [6.228697, 49.54281], [6.228819, 49.542713], [6.22888, 49.542667], [6.229044, 49.54255], [6.229196, 49.542454], [6.229383, 49.54235], [6.229418, 49.54233], [6.2292, 49.542046], [6.228857, 49.541553], [6.228754, 49.54143], [6.228617, 49.541256], [6.22838, 49.540966], [6.228693, 49.540806], [6.229395, 49.540535], [6.229891, 49.540367], [6.230116, 49.540287], [6.230062, 49.540253], [6.229986, 49.540207], [6.229818, 49.5401], [6.22978, 49.540077], [6.22957, 49.539936], [6.229284, 49.539738], [6.229147, 49.539616], [6.229078, 49.53953], [6.229032, 49.539455], [6.229013, 49.53942], [6.228968, 49.53932], [6.228918, 49.539177], [6.228838, 49.5388], [6.228781, 49.53854], [6.228979, 49.538483], [6.229166, 49.538433], [6.229105, 49.538307], [6.229021, 49.53813], [6.228929, 49.537933], [6.228914, 49.537888], [6.228865, 49.537766], [6.228823, 49.537643], [6.228804, 49.53756], [6.229368, 49.53756], [6.229708, 49.537567], [6.229944, 49.53758], [6.230372, 49.537617], [6.230623, 49.537647], [6.230719, 49.537655], [6.230848, 49.53767], [6.231108, 49.537163], [6.231386, 49.536625], [6.231356, 49.536617], [6.23139, 49.536552], [6.231451, 49.536434], [6.231516, 49.536316], [6.231611, 49.536148], [6.231703, 49.535995], [6.231798, 49.53582], [6.231821, 49.535786], [6.231867, 49.535698], [6.231928, 49.53561], [6.231878, 49.5356], [6.232103, 49.53531], [6.232248, 49.5351], [6.23239, 49.534924], [6.232531, 49.534767], [6.232824, 49.534473], [6.233427, 49.533916], [6.233644, 49.533726], [6.233694, 49.533684], [6.233728, 49.533653], [6.233801, 49.533638], [6.233877, 49.533623], [6.234064, 49.53358], [6.234262, 49.53354], [6.23461, 49.533447], [6.234865, 49.53337], [6.235437, 49.533184], [6.235804, 49.533592], [6.236036, 49.533512], [6.236155, 49.533466], [6.236292, 49.533417], [6.23636, 49.533394], [6.236525, 49.533333], [6.236631, 49.533295], [6.236753, 49.533253], [6.236776, 49.53323], [6.236807, 49.533207], [6.237074, 49.53298], [6.237276, 49.53281], [6.237379, 49.532722], [6.237478, 49.532642], [6.237501, 49.532623], [6.237394, 49.532547], [6.237417, 49.532528], [6.23773, 49.532253], [6.237947, 49.532063], [6.238081, 49.531933], [6.238329, 49.531693], [6.238718, 49.53132], [6.238932, 49.531113], [6.238981, 49.531067], [6.239023, 49.531025], [6.239153, 49.5309], [6.239405, 49.53066], [6.239531, 49.530537], [6.239546, 49.530525], [6.23971, 49.530365], [6.239573, 49.530296], [6.239473, 49.530247], [6.23934, 49.53018], [6.239256, 49.530144], [6.239195, 49.530113], [6.239153, 49.530094], [6.239023, 49.53003], [6.23897, 49.53], [6.238893, 49.52996], [6.23871, 49.52986], [6.238668, 49.52984], [6.238592, 49.5298], [6.238577, 49.529793], [6.238501, 49.52975], [6.23842, 49.52971], [6.238253, 49.52962], [6.238173, 49.52958], [6.238062, 49.529522], [6.238016, 49.529495], [6.237905, 49.529438], [6.23786, 49.52941], [6.237822, 49.529392], [6.237738, 49.529346], [6.237669, 49.529312], [6.237478, 49.529198], [6.237287, 49.529083], [6.236948, 49.528877], [6.236799, 49.528793], [6.236681, 49.52873], [6.236513, 49.528637], [6.236422, 49.528587], [6.235983, 49.52836], [6.235796, 49.52826], [6.235666, 49.528187], [6.235434, 49.52806], [6.235315, 49.527992], [6.235899, 49.527573], [6.236063, 49.527454], [6.236135, 49.52741], [6.236204, 49.52736], [6.236219, 49.52735], [6.236414, 49.52721], [6.236269, 49.52711], [6.236223, 49.527077], [6.236048, 49.526962], [6.236402, 49.526737], [6.236753, 49.526505], [6.237116, 49.52624], [6.237528, 49.52591], [6.237555, 49.525887], [6.237818, 49.525997], [6.237841, 49.52598], [6.238203, 49.52564], [6.238348, 49.52551], [6.238405, 49.52546], [6.23868, 49.525246], [6.23871, 49.525223], [6.23918, 49.52489], [6.239492, 49.52467], [6.239355, 49.524536], [6.239344, 49.52453], [6.239252, 49.52444], [6.239141, 49.524326], [6.239107, 49.52428], [6.239084, 49.524246], [6.238936, 49.52396], [6.238661, 49.523464], [6.238771, 49.523438], [6.238874, 49.52341], [6.238707, 49.523163], [6.238508, 49.522907], [6.238375, 49.522717], [6.238298, 49.5226], [6.238253, 49.5225], [6.238154, 49.522293], [6.238031, 49.521965], [6.23802, 49.52193], [6.237993, 49.521896], [6.237871, 49.521793], [6.237608, 49.521576], [6.23749, 49.52147], [6.237391, 49.521385], [6.237299, 49.521286], [6.2372, 49.521183], [6.23733, 49.52114], [6.237162, 49.520714], [6.237108, 49.520596], [6.23707, 49.520515], [6.236994, 49.520405], [6.236761, 49.520138], [6.236673, 49.520046], [6.236578, 49.51994], [6.236528, 49.519867], [6.236483, 49.51979], [6.236452, 49.519714], [6.236402, 49.519527], [6.23638, 49.519398], [6.236349, 49.519264], [6.236303, 49.51914], [6.236265, 49.51907], [6.236235, 49.51902], [6.236132, 49.518867], [6.23591, 49.51859], [6.235857, 49.51852], [6.2358, 49.518448], [6.23572, 49.518337], [6.235704, 49.518303], [6.235689, 49.518276], [6.235624, 49.51811], [6.235567, 49.51796], [6.235533, 49.517883], [6.235487, 49.51781], [6.23543, 49.51775], [6.235334, 49.51769], [6.235102, 49.5176], [6.234976, 49.517555], [6.2348, 49.517517], [6.234755, 49.517506], [6.234659, 49.517487], [6.234739, 49.517326], [6.234841, 49.517098], [6.234865, 49.517067], [6.234987, 49.51693], [6.235121, 49.51664], [6.235132, 49.516613], [6.235472, 49.516663], [6.23612, 49.516796], [6.236815, 49.516922], [6.237063, 49.516983], [6.237253, 49.51701], [6.237555, 49.51702], [6.237802, 49.517006], [6.238085, 49.516945], [6.238333, 49.51686], [6.23842, 49.516808], [6.238485, 49.516724], [6.238588, 49.516567], [6.239004, 49.516285], [6.239683, 49.5158], [6.239824, 49.515717], [6.24, 49.515587], [6.240122, 49.51538], [6.240183, 49.51534], [6.24021, 49.51532], [6.24048, 49.515095], [6.240534, 49.51507], [6.240648, 49.515022], [6.240583, 49.515015], [6.240651, 49.514937], [6.240639, 49.514793], [6.240673, 49.514625], [6.240651, 49.514451], [6.240463, 49.514251], [6.24037, 49.514198], [6.24014, 49.514113], [6.239554, 49.513959], [6.239357, 49.513861], [6.239193, 49.513756], [6.239064, 49.513645], [6.238959, 49.513503], [6.238915, 49.513354], [6.238879, 49.513091], [6.238921, 49.51264], [6.238871, 49.512405], [6.238835, 49.512267], [6.23875, 49.512044], [6.238029, 49.51096], [6.237959, 49.510813], [6.23673, 49.508991], [6.236233, 49.508255], [6.236164, 49.508152], [6.234274, 49.50879], [6.233835, 49.509], [6.233118, 49.50921], [6.232305, 49.509377], [6.232122, 49.509403], [6.231878, 49.50943], [6.22986, 49.50957], [6.229231, 49.509598], [6.229063, 49.509598], [6.228678, 49.509563], [6.228273, 49.50951], [6.228258, 49.50953], [6.227575, 49.510357], [6.224573, 49.50953], [6.222803, 49.509182], [6.220003, 49.50877], [6.21987, 49.509544], [6.21837, 49.509403], [6.218103, 49.509964], [6.217131, 49.509758], [6.216372, 49.509014], [6.216814, 49.508774], [6.217306, 49.507885], [6.217035, 49.50786], [6.21723, 49.506898], [6.216768, 49.506752], [6.215895, 49.5066], [6.214502, 49.506348], [6.213781, 49.506287], [6.21303, 49.50626], [6.212423, 49.506264], [6.211592, 49.506298], [6.211256, 49.50629], [6.210337, 49.50624], [6.209372, 49.506195], [6.209166, 49.506195], [6.208601, 49.50619], [6.208059, 49.506207], [6.207659, 49.50623], [6.207403, 49.506252], [6.205481, 49.50658], [6.205347, 49.506588], [6.204054, 49.506786], [6.202902, 49.50699], [6.202501, 49.50701], [6.202124, 49.50694], [6.201334, 49.506763], [6.200728, 49.50662], [6.199354, 49.506252], [6.19816, 49.505947], [6.196791, 49.50561], [6.195761, 49.50536], [6.195746, 49.50539], [6.195246, 49.506424], [6.194029, 49.50624], [6.194002, 49.506306], [6.193163, 49.506237], [6.193048, 49.506204], [6.192968, 49.506182], [6.192888, 49.50616], [6.192186, 49.506054], [6.191755, 49.50599], [6.191565, 49.50598], [6.191359, 49.505978], [6.190756, 49.506073], [6.190008, 49.50619], [6.18836, 49.50637], [6.188192, 49.506428], [6.187487, 49.506702], [6.18717, 49.50682], [6.186384, 49.506966], [6.185465, 49.507164], [6.184641, 49.507347], [6.183596, 49.507584], [6.18273, 49.50776], [6.182119, 49.50786], [6.181612, 49.507915], [6.181215, 49.50795], [6.180841, 49.50801], [6.180788, 49.507965], [6.180471, 49.507595], [6.180269, 49.507305], [6.180258, 49.507286], [6.178308, 49.506958], [6.178145, 49.507202], [6.177465, 49.50784], [6.177141, 49.50811], [6.176603, 49.50861], [6.176836, 49.508785], [6.176905, 49.50887], [6.176737, 49.50971], [6.176859, 49.509975], [6.17639, 49.510197], [6.176207, 49.510246], [6.175325, 49.510338], [6.175142, 49.510345], [6.174974, 49.510307], [6.174753, 49.510197], [6.174444, 49.510025], [6.173876, 49.50963], [6.173533, 49.50941], [6.173227, 49.509167], [6.172754, 49.50872], [6.172436, 49.508502], [6.17222, 49.50827], [6.171991, 49.508144], [6.171244, 49.50781], [6.170832, 49.507645], [6.170637, 49.507584], [6.17034, 49.50749], [6.169813, 49.507248], [6.169632, 49.507199], [6.169256, 49.507098], [6.16926, 49.507065], [6.168604, 49.50678], [6.168219, 49.506565], [6.167955, 49.50644], [6.167555, 49.506298], [6.167047, 49.506104], [6.166578, 49.50595], [6.166006, 49.505745], [6.165438, 49.50554], [6.165323, 49.505497], [6.165121, 49.505398], [6.164431, 49.504936], [6.164045, 49.504723], [6.163629, 49.504543], [6.163412, 49.50447], [6.162619, 49.504284], [6.161997, 49.504158], [6.161936, 49.504147], [6.161749, 49.5046], [6.161653, 49.50492], [6.161615, 49.50491], [6.159914, 49.504425], [6.158541, 49.504], [6.158319, 49.504288], [6.15735, 49.503967], [6.157114, 49.504234], [6.156546, 49.504013], [6.155958, 49.503666], [6.156061, 49.50354], [6.155542, 49.50283], [6.154688, 49.50215], [6.154799, 49.502052], [6.153929, 49.50165], [6.153891, 49.501633], [6.1541, 49.5013], [6.154478, 49.500797], [6.154592, 49.50054], [6.154875, 49.50008], [6.15521, 49.499573], [6.155466, 49.499245], [6.156256, 49.498016], [6.15637, 49.497849], [6.156549, 49.497623], [6.156569, 49.497596], [6.156758, 49.497389], [6.156851, 49.497284], [6.156931, 49.49723], [6.157083, 49.497063], [6.157259, 49.496929], [6.157473, 49.49673], [6.157711, 49.496589], [6.158041, 49.496384], [6.158119, 49.496321], [6.15814, 49.496304], [6.158285, 49.496227], [6.15843, 49.49618], [6.158628, 49.496166], [6.158976, 49.49612], [6.159372, 49.495995], [6.159624, 49.495888], [6.159597, 49.495846], [6.160124, 49.49549], [6.16036, 49.49531], [6.160494, 49.49516], [6.160822, 49.494713], [6.161116, 49.49439], [6.161264, 49.494457], [6.161814, 49.494083], [6.16205, 49.493954], [6.162226, 49.493885], [6.162294, 49.493835], [6.162432, 49.493496], [6.162493, 49.493484], [6.161833, 49.49267], [6.161776, 49.492687], [6.16094, 49.49234], [6.159437, 49.49177], [6.158701, 49.49163], [6.157335, 49.491478], [6.156794, 49.492275], [6.156336, 49.4928], [6.155855, 49.493393], [6.155321, 49.49325], [6.155031, 49.493313], [6.154001, 49.49301], [6.153501, 49.49288], [6.152807, 49.49274], [6.153135, 49.49171], [6.153026, 49.491678], [6.152815, 49.491615], [6.152159, 49.491413], [6.152058, 49.491383], [6.151438, 49.491196], [6.150755, 49.490993], [6.150377, 49.49087], [6.149797, 49.49059], [6.148626, 49.490078], [6.148086, 49.489749], [6.147354, 49.489303], [6.14675, 49.48895], [6.146592, 49.488868], [6.146563, 49.488853], [6.146158, 49.48863], [6.145617, 49.488358], [6.144697, 49.487892], [6.144316, 49.48775], [6.143511, 49.487457], [6.142672, 49.487213], [6.142237, 49.4869], [6.140768, 49.48667], [6.140779, 49.487072], [6.140799, 49.487465], [6.140833, 49.4883], [6.141031, 49.488945], [6.141287, 49.489662], [6.141645, 49.490623], [6.141756, 49.49168], [6.141604, 49.49166], [6.141237, 49.491615], [6.140856, 49.491566], [6.140657, 49.49154], [6.140539, 49.491524], [6.140451, 49.491516], [6.13949, 49.491394], [6.138941, 49.491295], [6.138887, 49.491276], [6.138456, 49.491127], [6.13822, 49.491055], [6.138052, 49.490997], [6.137888, 49.490944], [6.137697, 49.490875], [6.13735, 49.490753], [6.137224, 49.490707], [6.137159, 49.490704], [6.136919, 49.490685], [6.136499, 49.490658], [6.136019, 49.490532], [6.135767, 49.490463], [6.134863, 49.490253], [6.134413, 49.490147], [6.13426, 49.49011], [6.13373, 49.489975], [6.132795, 49.489994], [6.132097, 49.490414], [6.13175, 49.490627], [6.131483, 49.491], [6.131243, 49.491344], [6.130892, 49.491837], [6.130575, 49.49217], [6.130217, 49.492558], [6.129667, 49.492874], [6.129019, 49.49327], [6.128618, 49.49356], [6.128252, 49.49382], [6.128103, 49.493904], [6.128073, 49.49391], [6.128038, 49.49392], [6.128031, 49.493786], [6.127939, 49.49322], [6.127871, 49.492874], [6.127832, 49.49271], [6.127829, 49.4927], [6.127714, 49.4922], [6.127535, 49.491413], [6.127211, 49.49085], [6.127134, 49.49072], [6.126963, 49.490406], [6.126749, 49.490025], [6.12676, 49.49002], [6.126776, 49.489853], [6.126818, 49.489372], [6.126829, 49.48923], [6.126852, 49.488976], [6.126871, 49.488834], [6.126917, 49.48834], [6.126944, 49.487984], [6.126963, 49.487907], [6.127054, 49.487274], [6.127108, 49.486748], [6.127119, 49.486645], [6.127119, 49.486538], [6.12715, 49.486202], [6.127161, 49.486023], [6.127192, 49.48576], [6.127222, 49.485474], [6.127264, 49.4851], [6.127283, 49.48489], [6.127153, 49.484867], [6.127176, 49.484745], [6.127199, 49.48463], [6.127207, 49.484577], [6.127222, 49.484493], [6.127233, 49.484447], [6.127249, 49.48435], [6.127256, 49.484314], [6.127264, 49.484272], [6.127272, 49.484222], [6.127287, 49.484142], [6.127317, 49.48397], [6.127337, 49.48387], [6.127352, 49.483776], [6.127367, 49.48367], [6.127378, 49.483597], [6.127428, 49.48312], [6.127436, 49.483063], [6.127443, 49.482967], [6.127447, 49.482876], [6.127451, 49.482826], [6.127466, 49.482594], [6.12747, 49.482555], [6.12747, 49.482502], [6.127474, 49.482475], [6.127478, 49.482388], [6.127478, 49.482327], [6.127455, 49.48226], [6.12742, 49.48221], [6.127207, 49.481846], [6.126852, 49.481274], [6.126619, 49.48094], [6.126375, 49.48066], [6.1262, 49.48045], [6.126146, 49.48039], [6.126013, 49.480225], [6.125925, 49.480114], [6.12586, 49.480034], [6.125784, 49.479946], [6.125647, 49.47979], [6.125536, 49.479656], [6.125425, 49.47951], [6.125296, 49.47926], [6.125231, 49.479137], [6.125166, 49.47902], [6.125097, 49.47889], [6.125071, 49.478844], [6.125021, 49.47875], [6.124991, 49.478687], [6.12496, 49.478626], [6.124849, 49.478424], [6.1248, 49.478317], [6.124735, 49.478188], [6.124613, 49.477974], [6.124369, 49.477528], [6.124273, 49.477455], [6.123941, 49.47721], [6.123529, 49.476913], [6.122999, 49.476517], [6.122988, 49.476475], [6.122953, 49.476368], [6.122675, 49.475548], [6.122614, 49.47537], [6.122564, 49.475216], [6.122557, 49.475197], [6.122564, 49.47515], [6.122576, 49.475113], [6.122671, 49.47494], [6.122824, 49.47466], [6.12295, 49.47441], [6.123064, 49.47418], [6.123198, 49.47394], [6.123385, 49.47359], [6.123449, 49.473465], [6.123075, 49.473263], [6.122465, 49.472927], [6.122118, 49.472744], [6.12184, 49.47264], [6.121645, 49.472572], [6.121483, 49.472513], [6.12131, 49.47245], [6.121115, 49.472397], [6.120752, 49.472298], [6.120268, 49.472164], [6.119955, 49.472065], [6.119886, 49.47205], [6.119848, 49.472046], [6.119821, 49.47205], [6.119806, 49.47205], [6.11976, 49.472065], [6.119657, 49.47209], [6.119597, 49.472103], [6.119558, 49.472103], [6.119505, 49.4721], [6.119379, 49.472073], [6.119207, 49.472042], [6.119188, 49.472034], [6.119177, 49.47202], [6.119207, 49.472008], [6.119211, 49.471996], [6.119204, 49.471985], [6.119146, 49.47197], [6.11907, 49.471947], [6.118929, 49.47189], [6.118906, 49.47188], [6.11886, 49.471886], [6.118803, 49.47188], [6.118757, 49.471878], [6.118708, 49.47187], [6.118654, 49.471844], [6.118551, 49.471783], [6.118395, 49.471695], [6.118319, 49.471638], [6.118238, 49.471577], [6.118185, 49.471546], [6.118086, 49.471516], [6.117991, 49.471485], [6.117979, 49.47145], [6.117903, 49.471416], [6.11783, 49.47139], [6.117796, 49.471386], [6.117792, 49.471363], [6.11764, 49.471344], [6.117472, 49.47132], [6.1173, 49.471287], [6.117159, 49.471256], [6.117113, 49.47124], [6.117067, 49.47122], [6.117033, 49.471195], [6.117014, 49.471188], [6.116922, 49.471188], [6.116808, 49.4712], [6.116667, 49.47121], [6.116587, 49.47122], [6.116457, 49.471214], [6.116354, 49.471203], [6.116198, 49.471172], [6.114969, 49.470886], [6.114801, 49.470844], [6.114328, 49.470554], [6.114256, 49.470516], [6.114218, 49.470497], [6.114191, 49.470486], [6.114168, 49.470486], [6.114077, 49.470493], [6.113958, 49.470524], [6.113836, 49.47056], [6.113794, 49.470585], [6.113733, 49.47063], [6.113691, 49.470676], [6.113672, 49.470715], [6.113649, 49.470757], [6.113546, 49.470867], [6.113432, 49.470966], [6.11334, 49.47104], [6.113226, 49.47113], [6.113173, 49.47113], [6.112997, 49.471153], [6.112837, 49.471184], [6.112799, 49.4712], [6.112772, 49.47122], [6.112738, 49.471264], [6.112715, 49.47131], [6.112707, 49.47135], [6.112696, 49.471485], [6.112669, 49.47155], [6.112608, 49.47168], [6.112581, 49.471714], [6.112253, 49.47199], [6.112146, 49.472065], [6.111917, 49.472206], [6.111643, 49.47237], [6.111387, 49.472515], [6.111284, 49.47253], [6.111181, 49.472546], [6.111078, 49.472553], [6.110926, 49.472557], [6.110727, 49.472553], [6.110426, 49.472538], [6.110251, 49.472523], [6.110048, 49.472492], [6.109831, 49.472458], [6.109728, 49.47244], [6.109648, 49.472435], [6.109602, 49.472443], [6.109552, 49.472466], [6.10951, 49.472492], [6.10948, 49.47252], [6.108458, 49.47223], [6.108065, 49.47211], [6.107573, 49.471966], [6.107527, 49.47195], [6.107348, 49.47189], [6.106909, 49.47172], [6.106028, 49.471397], [6.105772, 49.471344], [6.105627, 49.471325], [6.105417, 49.471313], [6.105291, 49.471313], [6.105101, 49.471336], [6.105013, 49.471344], [6.104925, 49.471344], [6.104834, 49.47134], [6.104731, 49.47132], [6.104063, 49.471157], [6.10356, 49.471016], [6.103422, 49.47097], [6.103037, 49.470795], [6.102808, 49.47069], [6.102671, 49.470634], [6.102426, 49.47054], [6.102201, 49.470463], [6.10198, 49.470383], [6.102079, 49.470104], [6.102144, 49.46997], [6.102217, 49.469852], [6.102293, 49.46975], [6.102461, 49.46956], [6.102602, 49.469402], [6.102526, 49.469364], [6.102369, 49.469276], [6.102278, 49.46924], [6.102087, 49.46917], [6.101793, 49.469074], [6.101564, 49.469], [6.101538, 49.468952], [6.1015, 49.468903], [6.101454, 49.468853], [6.101423, 49.468826], [6.101305, 49.468754], [6.101107, 49.468643], [6.10092, 49.468536], [6.100779, 49.46845], [6.10066, 49.46837], [6.10055, 49.46828], [6.10047, 49.468216], [6.10037, 49.468117], [6.100286, 49.468018], [6.100161, 49.467873], [6.09981, 49.467464], [6.099764, 49.467278], [6.099707, 49.467075], [6.099772, 49.466747], [6.099794, 49.4666], [6.099802, 49.46654], [6.099806, 49.46646], [6.099806, 49.466377], [6.099798, 49.46629], [6.099783, 49.466175], [6.099775, 49.46614], [6.099752, 49.46606], [6.099718, 49.465977], [6.099665, 49.46587], [6.099432, 49.465595], [6.099241, 49.465397], [6.099131, 49.4653], [6.0991, 49.465275], [6.099009, 49.465187], [6.098948, 49.465122], [6.098696, 49.464836], [6.098535, 49.46464], [6.098455, 49.464554], [6.098387, 49.464474], [6.098276, 49.464355], [6.098207, 49.464268], [6.098181, 49.464104], [6.098166, 49.46395], [6.098131, 49.46377], [6.098112, 49.46359], [6.098093, 49.463493], [6.098093, 49.463474], [6.098097, 49.463463], [6.098177, 49.463306], [6.098307, 49.463047], [6.098581, 49.462795], [6.098967, 49.46247], [6.098993, 49.46244], [6.09905, 49.462345], [6.099127, 49.462223], [6.099062, 49.461983], [6.099028, 49.461906], [6.098993, 49.461838], [6.098902, 49.46163], [6.098856, 49.46154], [6.098806, 49.461452], [6.098749, 49.461353], [6.098734, 49.46106], [6.098719, 49.460846], [6.098783, 49.46063], [6.09886, 49.460552], [6.09902, 49.460423], [6.099138, 49.46033], [6.099207, 49.460285], [6.099432, 49.46015], [6.099508, 49.460106], [6.099718, 49.45988], [6.099794, 49.459785], [6.09981, 49.459763], [6.099813, 49.459705], [6.099802, 49.459545], [6.099772, 49.459366], [6.099825, 49.459236], [6.099878, 49.459118], [6.09992, 49.459034], [6.099935, 49.45901], [6.099966, 49.45898], [6.100069, 49.458893], [6.100191, 49.458805], [6.100286, 49.458733], [6.100405, 49.458637], [6.100504, 49.45855], [6.100588, 49.458466], [6.100664, 49.45838], [6.100706, 49.45832], [6.100779, 49.458214], [6.100828, 49.458145], [6.100905, 49.458046], [6.101023, 49.457863], [6.100905, 49.457428], [6.100836, 49.4571], [6.100832, 49.457027], [6.100828, 49.456985], [6.10084, 49.45691], [6.100862, 49.456722], [6.100862, 49.45664], [6.100885, 49.456528], [6.100924, 49.456318], [6.10095, 49.456177], [6.100985, 49.456028], [6.101065, 49.455723], [6.101103, 49.45555], [6.101122, 49.45551], [6.101248, 49.45527], [6.101332, 49.455086], [6.101389, 49.454952], [6.101408, 49.454887], [6.101419, 49.454838], [6.101446, 49.454716], [6.101465, 49.454613], [6.101477, 49.45457], [6.101576, 49.454433], [6.101606, 49.454376], [6.101625, 49.454327], [6.101629, 49.4543], [6.101622, 49.4542], [6.101614, 49.45416], [6.101587, 49.454105], [6.101549, 49.45405], [6.101511, 49.45401], [6.101419, 49.453945], [6.10137, 49.45392], [6.101297, 49.453888], [6.101244, 49.45387], [6.101221, 49.453854], [6.101175, 49.45383], [6.101141, 49.4538], [6.101118, 49.453773], [6.101053, 49.453705], [6.100966, 49.453606], [6.100882, 49.453503], [6.100862, 49.453465], [6.100847, 49.453335], [6.100824, 49.45311], [6.100805, 49.453014], [6.100775, 49.45289], [6.100679, 49.4529], [6.100134, 49.452957], [6.099791, 49.452995], [6.099798, 49.453094], [6.099413, 49.453117], [6.09905, 49.453133], [6.098299, 49.453175], [6.0977, 49.453197], [6.096952, 49.453228], [6.096182, 49.45325], [6.096182, 49.453304], [6.096243, 49.453316], [6.096224, 49.453506], [6.095697, 49.45342], [6.095419, 49.453373], [6.095324, 49.45336], [6.095213, 49.453354], [6.094831, 49.45333], [6.094271, 49.45332], [6.093935, 49.45331], [6.093668, 49.453293], [6.093332, 49.453278], [6.093233, 49.453266], [6.092718, 49.453186], [6.092535, 49.45316], [6.092321, 49.45314], [6.092268, 49.45331], [6.092222, 49.453423], [6.092176, 49.45356], [6.092169, 49.45362], [6.092165, 49.45369], [6.092169, 49.453796], [6.092161, 49.453857], [6.092127, 49.454], [6.092108, 49.454086], [6.092081, 49.454285], [6.091661, 49.454266], [6.0912, 49.45424], [6.091066, 49.454235], [6.09096, 49.45424], [6.090868, 49.454247], [6.090792, 49.45426], [6.090727, 49.454273], [6.090696, 49.45428], [6.09038, 49.45425], [6.090349, 49.454323], [6.090322, 49.454426], [6.08972, 49.45448], [6.089205, 49.454517], [6.088793, 49.454548], [6.088606, 49.454575], [6.088415, 49.454605], [6.088232, 49.45464], [6.088034, 49.454685], [6.08779, 49.45475], [6.087568, 49.454823], [6.087328, 49.454906], [6.086935, 49.455044], [6.086638, 49.455162], [6.086443, 49.45525], [6.086229, 49.455357], [6.086004, 49.45548], [6.08581, 49.45559], [6.085573, 49.45573], [6.085646, 49.455795], [6.085676, 49.45582], [6.085733, 49.45587], [6.085901, 49.456028], [6.086, 49.45612], [6.085764, 49.45622], [6.085585, 49.456303], [6.08544, 49.456367], [6.085287, 49.45644], [6.085058, 49.456554], [6.084738, 49.456738], [6.084593, 49.456657], [6.084207, 49.456875], [6.084043, 49.456963], [6.084013, 49.456978], [6.083761, 49.457123], [6.083292, 49.4574], [6.082991, 49.457584], [6.083017, 49.45761], [6.082609, 49.457794], [6.082155, 49.45798], [6.081438, 49.458187], [6.081102, 49.458282], [6.0809, 49.45832], [6.08095, 49.45845], [6.080778, 49.45846], [6.080706, 49.458466], [6.08069, 49.458534], [6.08061, 49.45897], [6.080572, 49.459145], [6.080481, 49.459606], [6.080366, 49.459896], [6.080225, 49.460133], [6.080065, 49.4604], [6.080019, 49.460472], [6.080023, 49.460526], [6.080027, 49.46082], [6.080027, 49.460957], [6.08003, 49.461407], [6.079927, 49.46159], [6.079683, 49.46204], [6.07947, 49.462425], [6.079351, 49.46264], [6.079306, 49.46303], [6.079256, 49.46346], [6.079233, 49.46368], [6.079218, 49.463813], [6.079206, 49.463917], [6.079168, 49.463913], [6.079096, 49.463913], [6.078943, 49.463905], [6.078878, 49.463905], [6.078711, 49.463898], [6.078543, 49.463894], [6.077814, 49.463856], [6.077025, 49.463844], [6.076597, 49.463844], [6.076441, 49.46384], [6.076021, 49.463837], [6.075892, 49.46383], [6.075647, 49.46382], [6.075422, 49.46381], [6.074846, 49.46377], [6.074514, 49.46375], [6.074247, 49.463726], [6.074114, 49.463715], [6.073973, 49.463696], [6.073671, 49.463646], [6.073607, 49.463844], [6.073549, 49.464012], [6.07342, 49.464382], [6.073351, 49.464573], [6.073221, 49.464756], [6.073076, 49.464954], [6.07292, 49.46513], [6.072786, 49.46527], [6.072645, 49.46542], [6.072382, 49.46554], [6.072233, 49.46561], [6.071993, 49.465633], [6.071848, 49.46562], [6.071703, 49.465595], [6.071493, 49.46555], [6.071325, 49.465508], [6.070646, 49.46532], [6.070337, 49.46524], [6.07015, 49.46519], [6.070036, 49.465157], [6.069883, 49.465103], [6.069582, 49.464985], [6.069544, 49.464977], [6.069288, 49.46495], [6.069048, 49.464928], [6.068777, 49.46491], [6.06782, 49.46483], [6.067427, 49.464817], [6.06719, 49.46481], [6.066649, 49.464817], [6.066309, 49.46482], [6.066248, 49.464825], [6.066194, 49.464832], [6.066141, 49.46484], [6.065992, 49.464874], [6.06584, 49.464905], [6.065718, 49.464928], [6.065592, 49.464943], [6.065435, 49.46496], [6.065321, 49.46497], [6.064886, 49.464977], [6.064718, 49.464985], [6.064352, 49.46498], [6.063848, 49.46499], [6.063723, 49.464985], [6.063658, 49.46499], [6.063398, 49.465034], [6.062971, 49.465115], [6.062716, 49.46516], [6.062521, 49.46518], [6.062079, 49.465233], [6.06185, 49.465263], [6.061403, 49.46534], [6.061136, 49.46539], [6.060755, 49.465515], [6.060499, 49.465603], [6.060152, 49.465714], [6.059599, 49.465885], [6.058989, 49.466103], [6.058588, 49.46625], [6.058451, 49.466297], [6.058218, 49.466393], [6.058107, 49.46644], [6.05805, 49.466366], [6.057844, 49.466164], [6.057783, 49.46609], [6.057638, 49.465935], [6.057505, 49.46579], [6.057417, 49.465706], [6.057169, 49.46545], [6.056623, 49.465176], [6.056467, 49.465103], [6.056059, 49.464916], [6.055975, 49.464878], [6.055235, 49.46472], [6.055056, 49.46469], [6.054491, 49.464577], [6.054125, 49.464413], [6.053682, 49.46421], [6.053095, 49.4639], [6.052607, 49.463326], [6.052465, 49.463154], [6.052126, 49.46271], [6.051947, 49.462467], [6.05187, 49.462357], [6.05163, 49.462044], [6.051271, 49.46158], [6.051142, 49.4614], [6.05096, 49.461221], [6.050947, 49.461132], [6.050859, 49.46101], [6.050798, 49.46093], [6.050673, 49.46075], [6.050421, 49.460403], [6.050261, 49.460205], [6.050131, 49.460033], [6.050066, 49.45995], [6.05002, 49.459873], [6.049959, 49.459763], [6.049906, 49.45967], [6.049787, 49.45942], [6.049746, 49.459282], [6.049696, 49.45911], [6.04962, 49.458946], [6.049547, 49.458824], [6.049482, 49.45872], [6.049417, 49.458633], [6.049299, 49.458492], [6.049074, 49.45819], [6.04891, 49.457977], [6.048555, 49.45754], [6.048513, 49.457485], [6.048273, 49.457184], [6.048166, 49.457027], [6.047922, 49.45669], [6.04785, 49.4566], [6.04738, 49.45606], [6.046934, 49.45555], [6.046923, 49.455086], [6.046728, 49.454826], [6.046587, 49.45463], [6.046492, 49.4545], [6.046347, 49.45429], [6.046309, 49.454227], [6.046156, 49.453987], [6.045828, 49.453484], [6.045713, 49.45332], [6.045389, 49.453014], [6.04513, 49.45276], [6.044722, 49.452377], [6.04431, 49.451725], [6.044168, 49.451496], [6.044084, 49.451374], [6.044008, 49.451275], [6.043982, 49.45123], [6.043814, 49.450962], [6.043634, 49.4507], [6.043371, 49.45032], [6.043127, 49.449978], [6.043016, 49.449696], [6.042852, 49.449387], [6.042707, 49.449112], [6.042627, 49.44899], [6.042414, 49.448685], [6.042208, 49.448383], [6.041774, 49.447854], [6.04163, 49.44789], [6.041342, 49.44795], [6.039892, 49.448246], [6.038817, 49.448463], [6.038237, 49.44859], [6.037657, 49.448635], [6.037546, 49.448643], [6.037024, 49.448677], [6.036142, 49.448742], [6.035708, 49.448853], [6.035356, 49.448975], [6.034849, 49.44914], [6.034624, 49.44921], [6.034334, 49.449306], [6.034048, 49.44934], [6.033358, 49.4494], [6.032976, 49.449436], [6.032583, 49.449535], [6.030832, 49.44944], [6.029322, 49.449337], [6.028704, 49.44916], [6.027792, 49.44866], [6.027254, 49.44826], [6.026842, 49.448593], [6.026758, 49.448967], [6.026629, 49.449562], [6.026606, 49.44962], [6.026499, 49.449852], [6.026358, 49.450172], [6.026316, 49.450233], [6.025976, 49.450714], [6.025881, 49.450726], [6.025885, 49.450966], [6.025923, 49.451588], [6.025923, 49.45185], [6.025972, 49.45204], [6.026041, 49.452175], [6.026255, 49.45248], [6.026842, 49.453293], [6.027105, 49.453636], [6.02725, 49.453773], [6.02738, 49.45388], [6.027559, 49.454002], [6.027723, 49.45411], [6.028021, 49.45428], [6.028234, 49.45441], [6.029081, 49.454887], [6.029283, 49.455048], [6.029215, 49.455086], [6.028856, 49.455296], [6.028273, 49.45563], [6.028158, 49.4557], [6.028097, 49.45573], [6.028074, 49.45575], [6.027899, 49.45549], [6.027754, 49.455257], [6.027678, 49.45514], [6.027479, 49.45491], [6.026697, 49.454193], [6.026678, 49.4542], [6.02664, 49.45422], [6.026247, 49.4544], [6.025824, 49.454514], [6.025213, 49.454674], [6.02466, 49.45482], [6.023714, 49.45502], [6.023657, 49.45503], [6.02326, 49.45507], [6.022585, 49.45505], [6.02175, 49.454975], [6.020895, 49.454678], [6.020365, 49.454464], [6.019777, 49.45426], [6.01914, 49.454136], [6.018026, 49.45395], [6.016848, 49.453957], [6.016787, 49.453957], [6.015593, 49.45395], [6.015524, 49.453632], [6.015268, 49.453465], [6.01494, 49.45327], [6.014635, 49.45308], [6.014467, 49.45298], [6.014368, 49.452923], [6.01404, 49.452686], [6.013819, 49.45253], [6.011499, 49.453518], [6.010889, 49.453167], [6.010775, 49.453102], [6.009516, 49.452454], [6.008654, 49.45203], [6.007849, 49.451637], [6.007383, 49.45202], [6.006952, 49.45234], [6.006533, 49.452686], [6.006109, 49.453037], [6.00567, 49.453377], [6.005209, 49.453705], [6.004618, 49.45414], [6.004557, 49.45418], [6.004446, 49.45426], [6.004297, 49.454372], [6.004175, 49.454468], [6.004118, 49.454506], [6.004011, 49.45459], [6.003954, 49.45463], [6.003389, 49.455013], [6.003279, 49.455086], [6.003069, 49.455227], [6.002523, 49.455578], [6.002428, 49.45564], [6.002108, 49.45585], [6.002035, 49.455894], [6.001814, 49.456062], [6.001638, 49.4562], [6.001505, 49.4563], [6.001352, 49.456413], [6.001234, 49.456505], [6.000982, 49.45651], [6.000464, 49.456516], [6.000273, 49.45652], [5.99996, 49.456524], [5.998358, 49.456493], [5.997934, 49.456497], [5.995909, 49.45579], [5.995188, 49.45553], [5.991899, 49.454407], [5.991102, 49.45414], [5.989695, 49.45366], [5.986891, 49.452705], [5.985838, 49.452343], [5.981974, 49.451065], [5.980314, 49.45187], [5.97909, 49.452682], [5.978983, 49.453133], [5.978754, 49.45399], [5.979299, 49.455242], [5.980841, 49.4562], [5.982359, 49.457035], [5.982546, 49.456947], [5.983023, 49.45678], [5.983999, 49.456333], [5.985723, 49.455738], [5.985777, 49.455887], [5.98596, 49.456425], [5.986181, 49.457005], [5.986292, 49.457306], [5.986574, 49.458122], [5.986734, 49.4587], [5.987261, 49.459373], [5.987783, 49.460278], [5.988069, 49.461292], [5.987692, 49.462337], [5.987318, 49.46264], [5.986013, 49.462883], [5.984835, 49.463043], [5.98361, 49.46329], [5.98258, 49.463516], [5.981989, 49.46278], [5.981859, 49.462486], [5.981562, 49.46182], [5.98144, 49.46122], [5.980818, 49.46117], [5.980421, 49.46114], [5.980368, 49.461132], [5.980146, 49.46108], [5.979574, 49.46094], [5.979418, 49.460907], [5.979311, 49.460907], [5.97872, 49.46118], [5.978396, 49.461643], [5.978281, 49.4618], [5.978159, 49.461964], [5.978052, 49.462097], [5.977964, 49.462193], [5.977846, 49.462322], [5.977774, 49.462364], [5.977644, 49.462444], [5.97748, 49.462532], [5.977297, 49.462627], [5.977087, 49.462673], [5.976862, 49.46271], [5.976698, 49.462734], [5.976522, 49.462753], [5.976366, 49.462765], [5.975779, 49.462788], [5.975725, 49.463043], [5.975759, 49.46343], [5.975565, 49.46372], [5.975489, 49.463802], [5.975405, 49.46389], [5.975134, 49.464188], [5.974699, 49.464504], [5.974527, 49.4647], [5.974436, 49.464806], [5.974344, 49.46493], [5.974283, 49.46502], [5.974005, 49.465485], [5.973967, 49.4666], [5.973959, 49.466793], [5.97394, 49.466908], [5.973738, 49.468002], [5.973627, 49.46859], [5.972868, 49.469143], [5.972246, 49.469353], [5.971941, 49.469566], [5.971964, 49.46976], [5.971983, 49.46983], [5.972002, 49.469875], [5.972017, 49.469917], [5.972052, 49.469982], [5.972082, 49.470028], [5.9722, 49.470165], [5.972345, 49.47031], [5.972521, 49.470497], [5.972685, 49.47067], [5.972715, 49.470715], [5.972753, 49.470776], [5.972776, 49.47084], [5.972788, 49.470905], [5.972796, 49.471016], [5.972799, 49.471104], [5.972788, 49.471188], [5.972761, 49.4713], [5.972738, 49.47137], [5.972689, 49.471478], [5.972486, 49.471817], [5.972349, 49.472057], [5.97228, 49.472206], [5.972254, 49.47228], [5.97223, 49.472369], [5.972223, 49.472393], [5.972216, 49.472458], [5.972216, 49.472507], [5.972235, 49.47262], [5.972246, 49.47267], [5.972269, 49.47274], [5.972319, 49.472874], [5.972425, 49.47314], [5.972444, 49.47321], [5.972464, 49.473312], [5.972471, 49.473434], [5.972471, 49.473667], [5.972464, 49.473766], [5.972441, 49.473927], [5.972418, 49.474064], [5.972391, 49.474155], [5.972311, 49.474377], [5.971594, 49.474644], [5.971216, 49.47451], [5.970678, 49.474796], [5.969835, 49.475243], [5.969648, 49.475506], [5.969957, 49.475483], [5.970038, 49.47548], [5.970133, 49.475475], [5.970209, 49.475475], [5.970327, 49.47548], [5.970518, 49.47549], [5.971006, 49.475513], [5.971319, 49.47553], [5.971376, 49.47553], [5.97159, 49.475533], [5.971689, 49.475533], [5.972414, 49.47553], [5.97241, 49.47554], [5.972403, 49.47555], [5.97291, 49.475945], [5.972967, 49.475986], [5.973021, 49.476017], [5.9732, 49.476112], [5.973459, 49.47626], [5.973631, 49.476368], [5.973795, 49.476486], [5.97397, 49.47663], [5.9741, 49.476753], [5.974287, 49.476948], [5.974581, 49.4773], [5.974718, 49.477478], [5.97484, 49.47768], [5.974939, 49.477886], [5.974985, 49.477993], [5.975012, 49.47808], [5.975058, 49.478233], [5.975084, 49.478424], [5.975107, 49.478634], [5.975096, 49.47884], [5.975058, 49.478973], [5.974993, 49.479107], [5.97489, 49.479256], [5.974802, 49.47942], [5.974756, 49.479527], [5.974729, 49.479603], [5.974714, 49.4797], [5.974699, 49.47983], [5.974703, 49.47994], [5.974718, 49.480072], [5.974737, 49.480167], [5.974764, 49.480274], [5.974791, 49.48034], [5.974813, 49.480385], [5.974852, 49.480427], [5.975073, 49.480644], [5.97513, 49.48103], [5.975153, 49.481293], [5.975161, 49.481464], [5.975138, 49.481556], [5.975088, 49.48168], [5.975004, 49.48185], [5.97492, 49.48203], [5.974447, 49.482265], [5.973284, 49.48283], [5.973104, 49.483463], [5.972811, 49.48341], [5.972448, 49.483334], [5.972166, 49.48327], [5.971926, 49.483204], [5.971746, 49.48315], [5.971579, 49.483093], [5.971205, 49.48336], [5.971037, 49.483494], [5.970945, 49.483578], [5.970675, 49.48387], [5.97051, 49.48406], [5.970201, 49.484413], [5.969896, 49.48476], [5.969583, 49.485073], [5.969145, 49.4855], [5.968871, 49.485765], [5.968821, 49.485813], [5.968744, 49.48591], [5.968676, 49.485996], [5.96829, 49.486343], [5.968191, 49.486435], [5.968168, 49.48645], [5.968542, 49.486626], [5.968672, 49.486683], [5.968756, 49.486725], [5.968882, 49.486835], [5.968962, 49.48689], [5.969068, 49.486942], [5.969122, 49.48698], [5.969156, 49.487034], [5.969179, 49.487076], [5.96921, 49.487103], [5.969248, 49.48712], [5.969305, 49.487133], [5.969377, 49.48716], [5.969461, 49.487217], [5.969614, 49.487328], [5.96966, 49.487385], [5.969702, 49.487427], [5.969736, 49.48745], [5.969786, 49.48747], [5.969847, 49.487484], [5.969923, 49.487507], [5.969984, 49.487537], [5.970079, 49.4876], [5.970144, 49.48765], [5.970182, 49.4877], [5.970201, 49.48776], [5.970217, 49.48783], [5.97024, 49.48796], [5.970251, 49.487988], [5.97027, 49.488003], [5.970308, 49.48801], [5.970488, 49.48801], [5.970549, 49.488014], [5.970606, 49.488026], [5.970636, 49.48805], [5.970655, 49.488075], [5.970686, 49.48814], [5.970728, 49.48821], [5.9708, 49.488297], [5.9709, 49.4884], [5.970953, 49.48841], [5.971521, 49.488542], [5.971922, 49.488636], [5.973104, 49.488922], [5.973726, 49.48909], [5.973799, 49.48911], [5.973646, 49.489353], [5.97333, 49.48985], [5.97299, 49.49053], [5.972546, 49.490977], [5.972113, 49.491413], [5.970831, 49.49139], [5.969629, 49.49122], [5.969091, 49.4915], [5.967939, 49.491776], [5.967947, 49.491516], [5.966131, 49.491344], [5.966021, 49.492146], [5.965494, 49.49204], [5.965315, 49.492306], [5.965235, 49.49276], [5.964598, 49.493004], [5.963404, 49.492897], [5.960894, 49.49306], [5.959017, 49.493374], [5.958464, 49.4932], [5.956968, 49.493557], [5.955652, 49.493214], [5.955431, 49.493156], [5.955202, 49.493095], [5.95511, 49.49322], [5.954855, 49.493603], [5.954496, 49.494137], [5.954485, 49.494156], [5.954069, 49.494095], [5.953787, 49.494053], [5.953688, 49.494053], [5.952661, 49.494106], [5.952074, 49.49414], [5.952055, 49.494164], [5.951197, 49.49516], [5.95114, 49.4952], [5.95109, 49.49523], [5.951036, 49.49526], [5.950979, 49.495285], [5.950914, 49.49531], [5.950563, 49.49542], [5.948912, 49.495857], [5.948946, 49.495945], [5.948988, 49.496044], [5.949011, 49.496105], [5.949087, 49.49629], [5.949118, 49.49636], [5.949148, 49.496437], [5.949167, 49.49649], [5.949111, 49.496505], [5.947548, 49.496783], [5.946287, 49.497002], [5.946208, 49.497604], [5.945184, 49.497645], [5.943629, 49.497443], [5.943418, 49.497402], [5.943499, 49.497098], [5.94362, 49.4968], [5.943782, 49.49651], [5.943982, 49.49623], [5.944274, 49.495836], [5.944515, 49.495584], [5.943822, 49.495179], [5.943463, 49.495476], [5.943031, 49.495921], [5.942667, 49.496491], [5.942521, 49.496817], [5.942449, 49.497076], [5.942367, 49.497463], [5.942317, 49.497521], [5.942153, 49.497663], [5.942036, 49.497824], [5.941968, 49.497996], [5.941954, 49.498174], [5.941993, 49.49835], [5.942072, 49.498397], [5.942082, 49.498515], [5.942213, 49.498661], [5.942405, 49.498981], [5.942737, 49.499169], [5.942642, 49.499377], [5.943154, 49.500232], [5.942464, 49.500397], [5.941449, 49.500643], [5.940118, 49.500962], [5.936119, 49.500864], [5.935975, 49.50086], [5.935911, 49.500824], [5.93545, 49.500569], [5.935114, 49.500373], [5.934926, 49.500232], [5.934141, 49.500618], [5.93241, 49.499574], [5.932197, 49.499749], [5.932121, 49.499913], [5.931999, 49.499823], [5.931795, 49.499988], [5.931627, 49.500096], [5.931112, 49.500366], [5.930557, 49.500644], [5.927595, 49.498425], [5.927538, 49.498383], [5.927481, 49.498398], [5.92565, 49.49897], [5.925568, 49.498915], [5.924464, 49.499201], [5.924196, 49.499265], [5.924046, 49.49931], [5.923902, 49.499366], [5.92386, 49.499386], [5.923644, 49.499497], [5.923449, 49.499622], [5.923288, 49.499761], [5.923151, 49.4999], [5.922879, 49.500197], [5.922648, 49.500362], [5.922361, 49.50053], [5.921945, 49.500728], [5.920643, 49.500972], [5.920565, 49.500984], [5.920515, 49.500896], [5.920446, 49.500767], [5.92037, 49.500618], [5.920295, 49.500475], [5.920141, 49.500343], [5.920015, 49.500209], [5.919955, 49.500243], [5.919916, 49.50025], [5.919855, 49.500267], [5.919832, 49.50027], [5.919794, 49.500282], [5.919714, 49.500298], [5.919634, 49.500313], [5.919588, 49.50032], [5.919516, 49.500336], [5.919401, 49.50036], [5.919168, 49.5004], [5.919043, 49.500423], [5.918936, 49.500443], [5.918833, 49.50046], [5.918745, 49.500477], [5.918558, 49.50051], [5.918421, 49.500538], [5.918356, 49.500553], [5.91828, 49.500565], [5.918165, 49.50059], [5.918051, 49.500618], [5.917971, 49.500637], [5.917894, 49.500656], [5.917868, 49.500664], [5.917791, 49.500683], [5.917688, 49.500713], [5.917593, 49.50074], [5.917494, 49.50077], [5.917475, 49.50078], [5.917379, 49.500813], [5.917265, 49.500854], [5.917246, 49.500862], [5.917173, 49.50089], [5.917082, 49.500923], [5.916994, 49.500957], [5.916929, 49.500984], [5.916906, 49.500996], [5.916735, 49.501064], [5.916666, 49.501095], [5.916506, 49.50116], [5.916422, 49.50119], [5.916128, 49.501305], [5.91601, 49.50135], [5.915972, 49.50136], [5.91596, 49.50137], [5.915865, 49.5014], [5.915758, 49.50144], [5.915712, 49.501442], [5.915552, 49.501465], [5.915472, 49.501476], [5.915453, 49.50148], [5.915388, 49.501488], [5.9153, 49.501503], [5.915216, 49.501514], [5.915136, 49.50153], [5.914816, 49.50159], [5.914717, 49.50161], [5.91469, 49.501617], [5.914621, 49.50163], [5.914545, 49.501648], [5.914465, 49.501663], [5.914423, 49.501675], [5.914373, 49.501686], [5.914282, 49.50171], [5.914194, 49.501728], [5.914019, 49.501774], [5.913946, 49.50179], [5.913923, 49.501797], [5.913824, 49.50182], [5.913774, 49.501835], [5.913725, 49.501846], [5.91361, 49.501873], [5.913561, 49.50189], [5.9135, 49.501904], [5.913458, 49.50191], [5.913408, 49.501926], [5.913317, 49.501945], [5.913275, 49.501957], [5.913229, 49.501965], [5.913176, 49.501972], [5.913122, 49.50198], [5.913099, 49.501984], [5.913073, 49.501984], [5.912958, 49.50199], [5.912943, 49.50199], [5.912886, 49.501995], [5.912809, 49.501995], [5.912729, 49.502], [5.912272, 49.502], [5.912184, 49.501995], [5.912161, 49.50199], [5.91205, 49.501987], [5.911974, 49.501984], [5.911917, 49.50198], [5.911894, 49.501976], [5.911596, 49.501953], [5.91152, 49.501945], [5.911146, 49.501915], [5.911097, 49.501915], [5.910971, 49.501904], [5.910795, 49.501892], [5.910658, 49.501884], [5.910555, 49.501877], [5.910517, 49.501873], [5.910353, 49.50186], [5.910185, 49.501846], [5.910067, 49.50184], [5.909948, 49.501827], [5.909906, 49.501823], [5.909841, 49.501816], [5.909731, 49.50181], [5.909586, 49.501793], [5.909437, 49.50178], [5.909246, 49.50176], [5.90922, 49.501755], [5.909197, 49.50175], [5.909143, 49.501743], [5.909109, 49.501736], [5.909098, 49.501736], [5.909052, 49.501728], [5.90901, 49.501717], [5.908983, 49.501713], [5.908968, 49.50171], [5.908949, 49.5017], [5.908922, 49.501698], [5.908876, 49.501686], [5.908838, 49.501675], [5.908812, 49.501663], [5.9088, 49.501663], [5.908716, 49.501633], [5.908659, 49.50161], [5.908598, 49.50159], [5.908571, 49.5016], [5.908544, 49.501606], [5.908533, 49.50161], [5.908495, 49.50162], [5.908419, 49.501648], [5.908392, 49.50166], [5.908335, 49.501682], [5.908289, 49.501705], [5.908262, 49.501713], [5.908239, 49.501724], [5.908171, 49.50176], [5.908106, 49.501793], [5.908064, 49.501816], [5.908049, 49.501823], [5.907984, 49.501865], [5.907949, 49.501892], [5.9079, 49.501926], [5.907858, 49.501965], [5.907839, 49.501976], [5.907789, 49.50202], [5.907755, 49.502052], [5.907724, 49.502083], [5.907698, 49.502106], [5.90769, 49.502117], [5.907675, 49.50213], [5.907598, 49.50205], [5.907572, 49.502018], [5.907526, 49.501965], [5.907507, 49.50194], [5.90748, 49.5019], [5.907434, 49.501812], [5.907423, 49.501778], [5.907415, 49.501766], [5.907396, 49.501717], [5.907389, 49.501686], [5.907385, 49.501667], [5.907385, 49.501656], [5.907373, 49.50162], [5.907373, 49.501507], [5.907385, 49.501465], [5.907389, 49.501442], [5.907396, 49.501423], [5.9074, 49.501404], [5.907408, 49.50137], [5.907419, 49.501312], [5.907427, 49.501247], [5.907434, 49.501198], [5.907434, 49.50118], [5.90745, 49.501026], [5.90745, 49.50097], [5.907453, 49.500916], [5.907453, 49.500824], [5.90745, 49.500786], [5.90745, 49.500744], [5.907446, 49.500732], [5.907442, 49.500694], [5.907434, 49.50065], [5.907415, 49.50056], [5.907415, 49.500546], [5.907373, 49.500393], [5.907366, 49.500355], [5.907278, 49.500095], [5.90727, 49.500088], [5.907011, 49.499966], [5.906977, 49.49995], [5.906927, 49.499928], [5.905847, 49.499466], [5.905085, 49.499146], [5.904512, 49.498913], [5.904116, 49.498737], [5.904036, 49.498665], [5.903898, 49.498516], [5.903818, 49.498436], [5.903627, 49.498257], [5.903543, 49.498196], [5.903475, 49.498154], [5.90341, 49.498123], [5.903326, 49.4981], [5.903257, 49.49809], [5.903166, 49.49808], [5.902937, 49.498066], [5.90262, 49.498066], [5.902506, 49.49806], [5.902426, 49.498047], [5.902349, 49.49803], [5.902224, 49.497997], [5.902075, 49.497948], [5.90193, 49.497894], [5.901774, 49.49783], [5.901697, 49.497807], [5.901609, 49.497787], [5.901514, 49.497776], [5.901007, 49.49771], [5.900774, 49.497673], [5.900614, 49.49764], [5.900476, 49.4976], [5.900347, 49.49756], [5.900137, 49.497482], [5.899874, 49.49738], [5.89979, 49.497356], [5.899675, 49.49733], [5.8995, 49.497288], [5.899092, 49.497177], [5.898714, 49.497086], [5.898497, 49.497032], [5.897989, 49.49687], [5.897787, 49.49682], [5.897524, 49.49676], [5.897196, 49.496704], [5.896288, 49.496563], [5.896143, 49.496548], [5.896006, 49.49654], [5.895739, 49.496532], [5.895536, 49.496532], [5.895086, 49.496555], [5.894823, 49.496574], [5.894644, 49.496597], [5.893984, 49.496708], [5.893771, 49.49676], [5.893477, 49.496807], [5.893347, 49.496826], [5.893152, 49.496834], [5.892965, 49.496826], [5.891901, 49.496784], [5.891157, 49.49676], [5.891005, 49.49675], [5.890638, 49.49671], [5.89031, 49.496685], [5.890161, 49.49668], [5.890051, 49.49668], [5.889849, 49.496696], [5.889612, 49.49672], [5.889357, 49.496754], [5.889208, 49.4968], [5.888979, 49.496883], [5.888765, 49.49698], [5.888632, 49.49705], [5.888517, 49.497116], [5.888418, 49.497185], [5.888296, 49.49728], [5.888136, 49.497414], [5.887613, 49.4979], [5.887434, 49.498043], [5.887339, 49.49811], [5.887266, 49.498154], [5.887144, 49.498207], [5.88698, 49.49827], [5.886671, 49.498367], [5.886263, 49.49849], [5.885763, 49.498634], [5.885077, 49.498833], [5.884359, 49.498764], [5.884241, 49.4988], [5.882811, 49.499016], [5.88183, 49.49917], [5.8813, 49.499077], [5.880949, 49.499027], [5.880304, 49.498943], [5.879759, 49.498867], [5.878942, 49.49877], [5.878843, 49.49894], [5.87871, 49.498947], [5.878672, 49.498943], [5.878614, 49.49893], [5.878385, 49.498867], [5.878252, 49.49882], [5.878038, 49.49875], [5.87768, 49.498623], [5.877451, 49.498543], [5.877367, 49.498516], [5.87731, 49.4985], [5.877249, 49.498486], [5.877005, 49.498444], [5.876902, 49.498432], [5.876261, 49.498367], [5.876177, 49.498356], [5.875631, 49.498257], [5.875532, 49.498386], [5.875051, 49.498386], [5.874838, 49.498394], [5.874632, 49.498405], [5.874357, 49.498432], [5.874159, 49.498447], [5.873873, 49.498447], [5.873774, 49.49845], [5.873655, 49.498463], [5.873579, 49.498474], [5.873503, 49.49848], [5.873438, 49.498497], [5.873385, 49.498505], [5.873316, 49.49852], [5.873262, 49.49854], [5.873064, 49.49863], [5.872984, 49.498676], [5.872877, 49.498745], [5.872698, 49.49888], [5.87261, 49.49895], [5.872553, 49.498997], [5.872503, 49.499054], [5.872465, 49.49911], [5.872415, 49.499214], [5.872385, 49.49932], [5.872374, 49.499386], [5.872377, 49.49944], [5.872396, 49.499485], [5.872419, 49.499535], [5.872477, 49.499628], [5.872249, 49.499891], [5.87213, 49.500027], [5.872105, 49.500058], [5.872069, 49.5001], [5.871924, 49.500265], [5.871313, 49.499992], [5.870691, 49.49971], [5.869997, 49.499393], [5.869806, 49.499317], [5.869753, 49.4993], [5.869688, 49.49928], [5.869535, 49.49929], [5.869333, 49.499325], [5.869322, 49.49933], [5.868769, 49.499477], [5.867804, 49.49975], [5.867159, 49.49994], [5.867086, 49.499958], [5.867018, 49.49997], [5.866953, 49.499973], [5.866613, 49.499973], [5.866533, 49.499958], [5.866487, 49.49995], [5.866262, 49.499912], [5.865492, 49.500336], [5.864958, 49.50067], [5.864386, 49.500984], [5.864229, 49.50088], [5.864111, 49.50094], [5.864008, 49.501003], [5.863905, 49.50106], [5.863798, 49.50112], [5.863657, 49.50121], [5.863501, 49.501305], [5.863317, 49.501415], [5.863257, 49.501446], [5.863192, 49.501465], [5.863134, 49.501484], [5.863089, 49.501503], [5.863039, 49.50153], [5.862997, 49.501556], [5.862955, 49.50159], [5.862898, 49.50164], [5.862795, 49.501713], [5.862692, 49.501774], [5.862642, 49.501797], [5.862577, 49.501823], [5.862497, 49.50185], [5.862459, 49.50187], [5.862421, 49.501907], [5.862349, 49.501976], [5.862326, 49.501995], [5.862265, 49.50203], [5.862234, 49.502052], [5.862227, 49.50207], [5.862227, 49.502083], [5.862242, 49.5021], [5.862303, 49.50215], [5.862307, 49.502167], [5.86231, 49.50219], [5.862303, 49.502213], [5.862287, 49.502228], [5.862268, 49.50224], [5.862234, 49.502247], [5.862192, 49.502254], [5.862177, 49.502262], [5.862165, 49.502274], [5.862154, 49.50229], [5.86215, 49.502308], [5.86215, 49.50233], [5.862169, 49.50242], [5.862173, 49.50245], [5.862165, 49.502483], [5.86215, 49.502514], [5.862127, 49.50254], [5.862104, 49.50256], [5.862093, 49.50258], [5.862093, 49.5026], [5.862101, 49.502636], [5.862116, 49.50269], [5.86212, 49.502712], [5.862112, 49.502735], [5.862101, 49.502754], [5.86207, 49.50279], [5.862051, 49.50282], [5.86204, 49.502842], [5.862043, 49.502865], [5.862063, 49.50292], [5.862093, 49.502983], [5.862097, 49.50302], [5.862093, 49.50305], [5.862082, 49.50309], [5.862063, 49.503124], [5.862032, 49.503162], [5.862005, 49.503193], [5.861975, 49.503216], [5.861929, 49.503242], [5.861879, 49.503258], [5.861826, 49.50327], [5.861708, 49.503277], [5.861647, 49.503273], [5.86157, 49.503265], [5.86154, 49.503265], [5.861509, 49.50327], [5.861452, 49.503284], [5.861418, 49.503296], [5.861353, 49.503304], [5.861319, 49.503315], [5.86128, 49.503326], [5.861246, 49.50335], [5.861158, 49.50342], [5.861132, 49.503445], [5.86112, 49.503468], [5.86112, 49.50349], [5.861132, 49.503525], [5.861139, 49.503555], [5.861139, 49.50357], [5.861124, 49.503582], [5.861109, 49.50359], [5.861093, 49.503597], [5.861067, 49.503597], [5.860903, 49.503593], [5.86088, 49.503597], [5.860853, 49.503605], [5.860834, 49.503613], [5.860788, 49.50364], [5.860766, 49.503647], [5.860731, 49.50365], [5.86064, 49.50365], [5.860598, 49.50366], [5.860563, 49.50367], [5.860521, 49.503696], [5.860388, 49.503826], [5.860292, 49.503914], [5.860197, 49.503994], [5.860178, 49.504005], [5.860151, 49.504013], [5.860125, 49.504017], [5.86009, 49.504025], [5.860071, 49.504032], [5.859999, 49.504078], [5.859961, 49.504105], [5.859957, 49.50412], [5.859957, 49.50415], [5.859964, 49.504185], [5.859961, 49.504204], [5.859953, 49.504215], [5.859938, 49.504227], [5.859919, 49.50423], [5.8599, 49.504234], [5.859877, 49.50423], [5.859796, 49.504208], [5.859777, 49.504204], [5.859758, 49.504204], [5.859747, 49.504208], [5.859736, 49.504215], [5.859724, 49.504223], [5.859709, 49.50423], [5.859659, 49.50435], [5.859655, 49.50438], [5.859659, 49.504417], [5.859663, 49.504448], [5.859659, 49.504467], [5.859644, 49.504486], [5.859621, 49.5045], [5.859568, 49.504524], [5.859484, 49.50456], [5.859449, 49.50458], [5.85943, 49.5046], [5.859423, 49.50462], [5.859423, 49.504646], [5.859453, 49.50483], [5.859449, 49.504868], [5.859442, 49.504898], [5.859415, 49.50496], [5.859396, 49.505], [5.859369, 49.505028], [5.85935, 49.505047], [5.859323, 49.505062], [5.85927, 49.505085], [5.859205, 49.50511], [5.859175, 49.50513], [5.859152, 49.50515], [5.859121, 49.50519], [5.859117, 49.505222], [5.859125, 49.50525], [5.85914, 49.50528], [5.859182, 49.505337], [5.859194, 49.505367], [5.859194, 49.505394], [5.85919, 49.50541], [5.859178, 49.505424], [5.859163, 49.505444], [5.85914, 49.50545], [5.85911, 49.505455], [5.859064, 49.505455], [5.859003, 49.50545], [5.858973, 49.505455], [5.858957, 49.505463], [5.858946, 49.505474], [5.858942, 49.50554], [5.858934, 49.50556], [5.858915, 49.505585], [5.85887, 49.505623], [5.858854, 49.505646], [5.858847, 49.50567], [5.858847, 49.505695], [5.858858, 49.505726], [5.858904, 49.505795], [5.858919, 49.50583], [5.858923, 49.50586], [5.858919, 49.505886], [5.8589, 49.505905], [5.858881, 49.50592], [5.85882, 49.50594], [5.858736, 49.505943], [5.858633, 49.505955], [5.858568, 49.505962], [5.858522, 49.505966], [5.858461, 49.505985], [5.858381, 49.506012], [5.858259, 49.506073], [5.858217, 49.506084], [5.858183, 49.506092], [5.858068, 49.506092], [5.858007, 49.50609], [5.857939, 49.506084], [5.857904, 49.506084], [5.85787, 49.50609], [5.857847, 49.506096], [5.857828, 49.50611], [5.857717, 49.506207], [5.857664, 49.50624], [5.857588, 49.506275], [5.857512, 49.5063], [5.857389, 49.506336], [5.857344, 49.506344], [5.857317, 49.506344], [5.857302, 49.50634], [5.857283, 49.506313], [5.857264, 49.50625], [5.857248, 49.506237], [5.857233, 49.506226], [5.85721, 49.50622], [5.857161, 49.506233], [5.857119, 49.506252], [5.857058, 49.506294], [5.856993, 49.506348], [5.856947, 49.50638], [5.856916, 49.50639], [5.856897, 49.506393], [5.856886, 49.506397], [5.856867, 49.506393], [5.856848, 49.506386], [5.856775, 49.506348], [5.856714, 49.50632], [5.856661, 49.50631], [5.856611, 49.506298], [5.856546, 49.506294], [5.856501, 49.506294], [5.85644, 49.5063], [5.856375, 49.506313], [5.856337, 49.506332], [5.856321, 49.506348], [5.856314, 49.506367], [5.856306, 49.506393], [5.856314, 49.506443], [5.856321, 49.506485], [5.856321, 49.506508], [5.856314, 49.506527], [5.856291, 49.506546], [5.856272, 49.506554], [5.856245, 49.50656], [5.856214, 49.506565], [5.856184, 49.50656], [5.856157, 49.506554], [5.856142, 49.506542], [5.856115, 49.506523], [5.856092, 49.506508], [5.856066, 49.506496], [5.85602, 49.506485], [5.855989, 49.50647], [5.855967, 49.50646], [5.855932, 49.506435], [5.855913, 49.50643], [5.855883, 49.50643], [5.855864, 49.50644], [5.855852, 49.50645], [5.855837, 49.506466], [5.855761, 49.506588], [5.855741, 49.506607], [5.855703, 49.50662], [5.855665, 49.50662], [5.855639, 49.506603], [5.855551, 49.506557], [5.855516, 49.50655], [5.85549, 49.506546], [5.855455, 49.506546], [5.855425, 49.50655], [5.855391, 49.50656], [5.855352, 49.506573], [5.855329, 49.506588], [5.855314, 49.5066], [5.855303, 49.506626], [5.855291, 49.506664], [5.855276, 49.506695], [5.855238, 49.506725], [5.855215, 49.506737], [5.855181, 49.50675], [5.855146, 49.506752], [5.855124, 49.506756], [5.855108, 49.506752], [5.855089, 49.506737], [5.855074, 49.50672], [5.85507, 49.506706], [5.855062, 49.50662], [5.855043, 49.506603], [5.855024, 49.506596], [5.854971, 49.506603], [5.85494, 49.506615], [5.854883, 49.506645], [5.854822, 49.506687], [5.854792, 49.506714], [5.854769, 49.50675], [5.854734, 49.506824], [5.854711, 49.506855], [5.854681, 49.506878], [5.854662, 49.50689], [5.854635, 49.506897], [5.854597, 49.5069], [5.854567, 49.5069], [5.85454, 49.506897], [5.854502, 49.50689], [5.854418, 49.50686], [5.854364, 49.50685], [5.854319, 49.506844], [5.854292, 49.506844], [5.854261, 49.50685], [5.854246, 49.506855], [5.854223, 49.506866], [5.8542, 49.50689], [5.854181, 49.50692], [5.854151, 49.506973], [5.854128, 49.506985], [5.854101, 49.506985], [5.854078, 49.50698], [5.853972, 49.506954], [5.853945, 49.50695], [5.853922, 49.506954], [5.853907, 49.506966], [5.853891, 49.50698], [5.853781, 49.507107], [5.853731, 49.507145], [5.853705, 49.507168], [5.853682, 49.50718], [5.853647, 49.507183], [5.853613, 49.507183], [5.853487, 49.50718], [5.853369, 49.50718], [5.853357, 49.507175], [5.853338, 49.507168], [5.853327, 49.507156], [5.853311, 49.507137], [5.85327, 49.50707], [5.853254, 49.507057], [5.853239, 49.507057], [5.853224, 49.507053], [5.853197, 49.507065], [5.853159, 49.507103], [5.85314, 49.507114], [5.853117, 49.507122], [5.852949, 49.507164], [5.852915, 49.507175], [5.852892, 49.50719], [5.852865, 49.507206], [5.852774, 49.507282], [5.852675, 49.507355], [5.852571, 49.507423], [5.852453, 49.507492], [5.852343, 49.507553], [5.852255, 49.507587], [5.852194, 49.50761], [5.852076, 49.50765], [5.85203, 49.507664], [5.851999, 49.50768], [5.851973, 49.50769], [5.851946, 49.507706], [5.851911, 49.507732], [5.851854, 49.50778], [5.851648, 49.507915], [5.851408, 49.508076], [5.85137, 49.5081], [5.851343, 49.508106], [5.851301, 49.508118], [5.851217, 49.508118], [5.851156, 49.508114], [5.851114, 49.508106], [5.851065, 49.50809], [5.851038, 49.508083], [5.851004, 49.50807], [5.85095, 49.50806], [5.850935, 49.508064], [5.850912, 49.508068], [5.850874, 49.50808], [5.850802, 49.50811], [5.850634, 49.508183], [5.85058, 49.50821], [5.850538, 49.50824], [5.850481, 49.508286], [5.850412, 49.508354], [5.850306, 49.508446], [5.850172, 49.50855], [5.850004, 49.508675], [5.849928, 49.508743], [5.84981, 49.50886], [5.849768, 49.50891], [5.849749, 49.50894], [5.849733, 49.508972], [5.849726, 49.50904], [5.849726, 49.50912], [5.849733, 49.50916], [5.849752, 49.509243], [5.849554, 49.509598], [5.849405, 49.509903], [5.84936, 49.509987], [5.849318, 49.51005], [5.849199, 49.51019], [5.849123, 49.510258], [5.849039, 49.51033], [5.848917, 49.51041], [5.848913, 49.510426], [5.848913, 49.51044], [5.848921, 49.510464], [5.848959, 49.51054], [5.84897, 49.51056], [5.84897, 49.5106], [5.848967, 49.510624], [5.848944, 49.510693], [5.848936, 49.51074], [5.848936, 49.510784], [5.848948, 49.51084], [5.849009, 49.510986], [5.849028, 49.511047], [5.849039, 49.51109], [5.849043, 49.511124], [5.849043, 49.51116], [5.849039, 49.5112], [5.849031, 49.511234], [5.849024, 49.511257], [5.849005, 49.51129], [5.848982, 49.511333], [5.848974, 49.511356], [5.848967, 49.511383], [5.848967, 49.511402], [5.848974, 49.511436], [5.848993, 49.511494], [5.848997, 49.51152], [5.848993, 49.51155], [5.848993, 49.511585], [5.848997, 49.51162], [5.849009, 49.511646], [5.849047, 49.511738], [5.849054, 49.51176], [5.849058, 49.51179], [5.849058, 49.511833], [5.849047, 49.51193], [5.849028, 49.51208], [5.849031, 49.512127], [5.849039, 49.512165], [5.849058, 49.512215], [5.849085, 49.512276], [5.849093, 49.5123], [5.849093, 49.51233], [5.849077, 49.512375], [5.849054, 49.512417], [5.849031, 49.512466], [5.849028, 49.512493], [5.849028, 49.512516], [5.849031, 49.512543], [5.849047, 49.512566], [5.849058, 49.51258], [5.849153, 49.512672], [5.849161, 49.512688], [5.849165, 49.512707], [5.849165, 49.51273], [5.849161, 49.51275], [5.849153, 49.51277], [5.849134, 49.51281], [5.849043, 49.512974], [5.849031, 49.51301], [5.849024, 49.513054], [5.849005, 49.513157], [5.848993, 49.5132], [5.848974, 49.513237], [5.848936, 49.513283], [5.848921, 49.513306], [5.848913, 49.51333], [5.848898, 49.513405], [5.848894, 49.513435], [5.848875, 49.51347], [5.848852, 49.513504], [5.848803, 49.513565], [5.848795, 49.513584], [5.848791, 49.513603], [5.848795, 49.513615], [5.848806, 49.513626], [5.848841, 49.51364], [5.848852, 49.513653], [5.848852, 49.513664], [5.848848, 49.51368], [5.848837, 49.5137], [5.848787, 49.51375], [5.848764, 49.513775], [5.848757, 49.513794], [5.848753, 49.513813], [5.848757, 49.513836], [5.848776, 49.51389], [5.84878, 49.513912], [5.848776, 49.51393], [5.848761, 49.513947], [5.848745, 49.513966], [5.848661, 49.514015], [5.848597, 49.514057], [5.848562, 49.514084], [5.848539, 49.514107], [5.848524, 49.514126], [5.84852, 49.514145], [5.84852, 49.514248], [5.848516, 49.514282], [5.848509, 49.514317], [5.848494, 49.514362], [5.848444, 49.514477], [5.848425, 49.51451], [5.848379, 49.51455], [5.848349, 49.51456], [5.848234, 49.514595], [5.84807, 49.514637], [5.847998, 49.51466], [5.847959, 49.514675], [5.847906, 49.514713], [5.847876, 49.514744], [5.847853, 49.514782], [5.847845, 49.51481], [5.847837, 49.51483], [5.847837, 49.514862], [5.847853, 49.514904], [5.847853, 49.51492], [5.847845, 49.514935], [5.847826, 49.51495], [5.847796, 49.514965], [5.847753, 49.514973], [5.847712, 49.51498], [5.847589, 49.514984], [5.847509, 49.514988], [5.847444, 49.514996], [5.847384, 49.51501], [5.847341, 49.515026], [5.847319, 49.51504], [5.847246, 49.515087], [5.847216, 49.515102], [5.847197, 49.51511], [5.847174, 49.515114], [5.847147, 49.51511], [5.847033, 49.5151], [5.846964, 49.5151], [5.846937, 49.515106], [5.846907, 49.515114], [5.846861, 49.515133], [5.846792, 49.515163], [5.846754, 49.515175], [5.846712, 49.51518], [5.846643, 49.515186], [5.846594, 49.515194], [5.846559, 49.515205], [5.846533, 49.515217], [5.846506, 49.515236], [5.846487, 49.515255], [5.846464, 49.515285], [5.846422, 49.515343], [5.846399, 49.51536], [5.846369, 49.515385], [5.84627, 49.515434], [5.846159, 49.51547], [5.845987, 49.515522], [5.8458, 49.515575], [5.84561, 49.515617], [5.845434, 49.51566], [5.845388, 49.515667], [5.845327, 49.515667], [5.845289, 49.51566], [5.845262, 49.515648], [5.845232, 49.51563], [5.84511, 49.515545], [5.845079, 49.51553], [5.845053, 49.515522], [5.844995, 49.515522], [5.844976, 49.51553], [5.844961, 49.51554], [5.844938, 49.515564], [5.844912, 49.515594], [5.844889, 49.515614], [5.844816, 49.515633], [5.844732, 49.515648], [5.844664, 49.51567], [5.844599, 49.515705], [5.844542, 49.51574], [5.844507, 49.51575], [5.844446, 49.51576], [5.844091, 49.515797], [5.844053, 49.515804], [5.844015, 49.515816], [5.843988, 49.515827], [5.843966, 49.515842], [5.843947, 49.51586], [5.843931, 49.515884], [5.843878, 49.51598], [5.843863, 49.51599], [5.843836, 49.516006], [5.843817, 49.516014], [5.843611, 49.516045], [5.843573, 49.516052], [5.84355, 49.516064], [5.843531, 49.516075], [5.843515, 49.516087], [5.843508, 49.516098], [5.8435, 49.516113], [5.8435, 49.51613], [5.843512, 49.516155], [5.843531, 49.516182], [5.843553, 49.516205], [5.843588, 49.51625], [5.843592, 49.51627], [5.843592, 49.516285], [5.843576, 49.516308], [5.843443, 49.51635], [5.843401, 49.516365], [5.843336, 49.516396], [5.843294, 49.51642], [5.843199, 49.51647], [5.843164, 49.51649], [5.843119, 49.5165], [5.8431, 49.5165], [5.84305, 49.516487], [5.842947, 49.51644], [5.84292, 49.516434], [5.842897, 49.516434], [5.842867, 49.51643], [5.84284, 49.516434], [5.842814, 49.516445], [5.842791, 49.516453], [5.842764, 49.51647], [5.842691, 49.516525], [5.842653, 49.516552], [5.842627, 49.516563], [5.842581, 49.51658], [5.842459, 49.516605], [5.842417, 49.516617], [5.842386, 49.516636], [5.842363, 49.516655], [5.842329, 49.516685], [5.842253, 49.516766], [5.842222, 49.51679], [5.842165, 49.516815], [5.842115, 49.51683], [5.842077, 49.516838], [5.841906, 49.51685], [5.841803, 49.51685], [5.841776, 49.51684], [5.841719, 49.51682], [5.841692, 49.516815], [5.841505, 49.516838], [5.841413, 49.51685], [5.841368, 49.516857], [5.84131, 49.516872], [5.841265, 49.51689], [5.84123, 49.51691], [5.8412, 49.51693], [5.841127, 49.517006], [5.841097, 49.517033], [5.841043, 49.517075], [5.840803, 49.517242], [5.840773, 49.51726], [5.840631, 49.517315], [5.84054, 49.517353], [5.84049, 49.51738], [5.840467, 49.517395], [5.840441, 49.51742], [5.840376, 49.517506], [5.840353, 49.51752], [5.84033, 49.51753], [5.840311, 49.51753], [5.840284, 49.517525], [5.840231, 49.517513], [5.840212, 49.517513], [5.840193, 49.517517], [5.840162, 49.517525], [5.840132, 49.517544], [5.840109, 49.517567], [5.840086, 49.517593], [5.840067, 49.517624], [5.840059, 49.51765], [5.840056, 49.51768], [5.840063, 49.51771], [5.840082, 49.517754], [5.840105, 49.51781], [5.840109, 49.517826], [5.840101, 49.51784], [5.840082, 49.517853], [5.840048, 49.517868], [5.839994, 49.51788], [5.839899, 49.517887], [5.839823, 49.51789], [5.839792, 49.517895], [5.839769, 49.517895], [5.839754, 49.517902], [5.839743, 49.51791], [5.839735, 49.517925], [5.839735, 49.517967], [5.839739, 49.518005], [5.83975, 49.518047], [5.839766, 49.51807], [5.839838, 49.518124], [5.839849, 49.518135], [5.839853, 49.51815], [5.839857, 49.51817], [5.839849, 49.518276], [5.839819, 49.518417], [5.839808, 49.51845], [5.839796, 49.518475], [5.839769, 49.51851], [5.839704, 49.518574], [5.839674, 49.518593], [5.839598, 49.518635], [5.839525, 49.51866], [5.839479, 49.518677], [5.83938, 49.518703], [5.839342, 49.518723], [5.839304, 49.518745], [5.839201, 49.51882], [5.839121, 49.518898], [5.839075, 49.51893], [5.839029, 49.518955], [5.838976, 49.518986], [5.838949, 49.519005], [5.83885, 49.519096], [5.838736, 49.51916], [5.838678, 49.5192], [5.838518, 49.51931], [5.83835, 49.519413], [5.838221, 49.51949], [5.838163, 49.519516], [5.838137, 49.519524], [5.838114, 49.519524], [5.838095, 49.519512], [5.837957, 49.519455], [5.8379, 49.519436], [5.837828, 49.51942], [5.837732, 49.51941], [5.837664, 49.519413], [5.837553, 49.519424], [5.837461, 49.51944], [5.837374, 49.519466], [5.837213, 49.51954], [5.837095, 49.51959], [5.837004, 49.51961], [5.836912, 49.519627], [5.836725, 49.51964], [5.83658, 49.51966], [5.836493, 49.519684], [5.836382, 49.519726], [5.836275, 49.519787], [5.836145, 49.51987], [5.836084, 49.519928], [5.836058, 49.519962], [5.836031, 49.520008], [5.836008, 49.520096], [5.835993, 49.52017], [5.835966, 49.520214], [5.835943, 49.52025], [5.835936, 49.520275], [5.835939, 49.520298], [5.836004, 49.520363], [5.836012, 49.52038], [5.836012, 49.5204], [5.836, 49.520435], [5.835951, 49.52054], [5.835936, 49.5206], [5.835936, 49.52068], [5.835947, 49.52077], [5.835943, 49.52081], [5.835936, 49.52082], [5.835916, 49.52083], [5.835878, 49.52084], [5.83584, 49.520855], [5.835833, 49.52087], [5.835829, 49.520912], [5.835833, 49.52095], [5.83584, 49.520996], [5.835852, 49.52103], [5.835871, 49.521053], [5.835897, 49.521072], [5.835966, 49.521107], [5.835981, 49.521114], [5.836, 49.521133], [5.836019, 49.52116], [5.836046, 49.521183], [5.836081, 49.521202], [5.836134, 49.521225], [5.836157, 49.52124], [5.83618, 49.521263], [5.836191, 49.52129], [5.836195, 49.521324], [5.836187, 49.52137], [5.836176, 49.521408], [5.836157, 49.52145], [5.836123, 49.5215], [5.836084, 49.52157], [5.836065, 49.521614], [5.836058, 49.521656], [5.836058, 49.521748], [5.836054, 49.521782], [5.836046, 49.52181], [5.836027, 49.521835], [5.836004, 49.52186], [5.835978, 49.52188], [5.835932, 49.52191], [5.835852, 49.52197], [5.83581, 49.522], [5.835787, 49.52203], [5.835768, 49.522057], [5.835756, 49.522087], [5.835745, 49.522114], [5.835745, 49.522152], [5.835749, 49.522205], [5.83576, 49.522293], [5.835768, 49.52238], [5.835775, 49.522644], [5.835768, 49.52268], [5.835752, 49.522705], [5.835726, 49.522728], [5.835669, 49.522766], [5.835344, 49.522953], [5.835245, 49.52294], [5.834715, 49.522873], [5.834662, 49.523483], [5.834662, 49.52351], [5.834639, 49.523777], [5.834429, 49.523743], [5.834303, 49.52372], [5.834295, 49.52408], [5.834295, 49.52445], [5.834436, 49.52445], [5.834463, 49.524452], [5.834429, 49.525066], [5.834429, 49.525482], [5.834421, 49.52561], [5.834398, 49.525734], [5.834368, 49.525867], [5.834299, 49.526066], [5.834246, 49.526173], [5.834116, 49.526382], [5.834333, 49.526615], [5.834471, 49.52676], [5.834494, 49.52678], [5.834509, 49.5268], [5.834627, 49.526917], [5.834722, 49.527008], [5.834761, 49.52704], [5.834822, 49.527084], [5.834871, 49.527115], [5.834921, 49.527134], [5.834997, 49.527157], [5.83507, 49.527172], [5.835699, 49.527283], [5.835932, 49.52733], [5.836191, 49.527378], [5.836676, 49.52748], [5.837203, 49.527556], [5.837652, 49.52768], [5.837648, 49.5277], [5.837759, 49.527718], [5.83782, 49.52773], [5.83806, 49.52774], [5.838152, 49.52775], [5.838202, 49.527752], [5.838236, 49.52776], [5.838263, 49.527767], [5.838442, 49.527832], [5.838774, 49.527954], [5.839167, 49.528095], [5.839277, 49.528137], [5.839342, 49.528175], [5.839422, 49.528217], [5.839514, 49.52825], [5.839621, 49.5283], [5.83972, 49.52835], [5.839811, 49.52841], [5.839899, 49.528465], [5.839968, 49.528496], [5.840036, 49.528526], [5.840147, 49.52856], [5.840307, 49.52861], [5.84038, 49.528637], [5.840433, 49.52866], [5.840555, 49.528717], [5.840681, 49.52877], [5.840765, 49.5288], [5.840868, 49.52883], [5.841078, 49.52889], [5.84144, 49.528988], [5.841612, 49.529045], [5.841772, 49.529095], [5.842043, 49.529186], [5.842295, 49.529274], [5.842745, 49.529415], [5.843027, 49.5295], [5.843222, 49.529545], [5.843378, 49.529583], [5.843393, 49.52956], [5.843416, 49.52953], [5.843676, 49.5296], [5.843927, 49.529655], [5.844606, 49.529778], [5.844889, 49.529816], [5.845232, 49.52985], [5.845758, 49.529896], [5.845808, 49.529903], [5.845087, 49.530727], [5.844973, 49.530876], [5.844366, 49.531704], [5.84416, 49.531982], [5.843947, 49.532276], [5.843699, 49.532616], [5.843508, 49.532867], [5.843447, 49.532936], [5.843206, 49.533157], [5.842981, 49.533363], [5.842722, 49.53362], [5.842512, 49.533825], [5.842222, 49.534122], [5.842104, 49.53424], [5.842054, 49.534294], [5.842009, 49.53434], [5.841917, 49.534435], [5.841894, 49.53446], [5.841841, 49.534515], [5.841772, 49.53459], [5.841722, 49.53464], [5.841577, 49.534794], [5.841528, 49.534843], [5.841452, 49.534927], [5.841375, 49.535007], [5.841295, 49.53509], [5.841139, 49.535255], [5.840902, 49.535503], [5.840578, 49.53584], [5.840296, 49.536137], [5.839991, 49.53645], [5.839743, 49.536705], [5.839159, 49.537315], [5.839079, 49.53751], [5.838938, 49.53786], [5.838678, 49.53851], [5.838453, 49.539085], [5.838392, 49.539246], [5.838316, 49.539436], [5.838205, 49.539715], [5.838003, 49.540237], [5.837927, 49.54043], [5.837843, 49.54063], [5.837736, 49.540913], [5.837606, 49.54125], [5.837385, 49.541836], [5.83729, 49.542118], [5.837076, 49.542583], [5.836966, 49.542652], [5.836924, 49.542667], [5.836782, 49.542675], [5.836687, 49.54267], [5.836531, 49.54266], [5.836382, 49.54264], [5.83629, 49.54262], [5.836142, 49.54259], [5.835878, 49.542526], [5.835611, 49.54246], [5.835401, 49.54241], [5.835074, 49.54234], [5.8347, 49.542202], [5.834539, 49.54214], [5.834475, 49.542114], [5.834391, 49.542076], [5.834269, 49.542015], [5.83407, 49.541924], [5.833921, 49.54184], [5.833883, 49.541824], [5.833849, 49.541813], [5.833673, 49.541782], [5.833628, 49.541767], [5.833597, 49.54175], [5.833571, 49.541733], [5.833536, 49.54172], [5.833441, 49.541737], [5.832922, 49.54159], [5.832193, 49.54137], [5.831858, 49.541275], [5.831804, 49.541256], [5.83153, 49.541176], [5.830641, 49.541042], [5.829878, 49.540936], [5.829393, 49.54083], [5.828974, 49.54072], [5.828562, 49.540558], [5.828012, 49.540333], [5.828024, 49.540222], [5.82802, 49.540104], [5.82786, 49.540062], [5.827677, 49.540012], [5.827162, 49.539883], [5.826837, 49.53979], [5.826704, 49.539757], [5.825563, 49.539455], [5.825464, 49.539433], [5.825308, 49.539394], [5.825087, 49.539337], [5.824484, 49.53918], [5.824438, 49.53917], [5.824053, 49.538853], [5.823832, 49.538673], [5.823732, 49.5386], [5.823679, 49.53856], [5.82345, 49.538425], [5.822973, 49.538155], [5.822744, 49.538036], [5.822718, 49.538025], [5.82263, 49.538208], [5.822577, 49.538296], [5.822527, 49.53838], [5.822508, 49.538437], [5.8225, 49.538483], [5.822496, 49.538548], [5.822474, 49.538536], [5.822088, 49.538303], [5.821939, 49.538216], [5.821779, 49.538143], [5.821699, 49.538105], [5.821573, 49.538063], [5.821215, 49.537968], [5.820746, 49.53784], [5.820394, 49.53775], [5.820334, 49.537735], [5.820021, 49.53765], [5.819605, 49.53754], [5.81904, 49.537395], [5.818579, 49.537292], [5.818273, 49.537228], [5.817907, 49.537155], [5.817465, 49.53707], [5.81716, 49.537018], [5.817179, 49.537716], [5.816401, 49.53755], [5.816008, 49.537495], [5.815729, 49.538002], [5.815481, 49.53845], [5.815458, 49.53849], [5.815451, 49.538506], [5.815412, 49.538597], [5.815397, 49.53863], [5.815352, 49.538765], [5.815352, 49.538837], [5.815367, 49.538918], [5.815405, 49.539078], [5.815405, 49.53912], [5.81539, 49.53915], [5.815363, 49.539185], [5.815271, 49.53928], [5.815119, 49.539433], [5.815001, 49.539543], [5.814856, 49.539658], [5.814714, 49.53976], [5.81465, 49.539803], [5.814569, 49.53986], [5.814402, 49.539978], [5.814341, 49.54002], [5.814302, 49.540062], [5.81426, 49.54011], [5.814218, 49.54019], [5.814188, 49.54027], [5.81415, 49.54039], [5.814123, 49.54048], [5.814089, 49.54056], [5.814066, 49.540592], [5.814051, 49.540623], [5.813974, 49.540714], [5.813944, 49.540752], [5.81391, 49.5408], [5.813852, 49.54087], [5.813456, 49.5414], [5.813376, 49.541508], [5.813341, 49.54155], [5.813044, 49.541557], [5.812941, 49.541687], [5.81288, 49.541744], [5.812807, 49.541794], [5.812635, 49.541893], [5.812406, 49.541904], [5.812151, 49.54184], [5.811956, 49.541996], [5.811937, 49.54201], [5.808714, 49.540962], [5.80855, 49.54091], [5.808294, 49.541916], [5.808126, 49.54256], [5.808279, 49.542606], [5.808291, 49.5426]]]}}]}