{"type": "FeatureCollection", "features": [{"type": "Feature", "properties": {"name": "District Diekirch"}, "geometry": {"type": "Polygon", "coordinates": [[[5.73937, 49.833788], [5.739523, 49.833986], [5.739641, 49.834207], [5.739683, 49.834364], [5.739702, 49.834463], [5.73971, 49.834681], [5.739702, 49.834841], [5.739771, 49.835009], [5.739973, 49.83552], [5.740045, 49.835794], [5.740045, 49.835878], [5.739996, 49.835939], [5.739794, 49.836168], [5.739725, 49.836252], [5.739687, 49.836336], [5.739675, 49.836451], [5.739733, 49.836542], [5.739862, 49.836664], [5.740015, 49.836805], [5.740091, 49.836943], [5.740374, 49.837431], [5.740538, 49.837793], [5.740622, 49.837995], [5.740713, 49.838423], [5.740789, 49.838747], [5.740938, 49.838903], [5.741304, 49.839094], [5.741823, 49.839289], [5.742529, 49.839483], [5.74296, 49.839563], [5.743666, 49.839617], [5.743883, 49.839613], [5.744089, 49.839579], [5.744169, 49.839548], [5.74428, 49.839399], [5.744436, 49.839346], [5.744696, 49.839243], [5.7451, 49.839006], [5.745527, 49.838812], [5.745916, 49.838705], [5.746542, 49.838629], [5.747038, 49.838591], [5.747469, 49.838545], [5.74777, 49.838499], [5.74803, 49.838507], [5.748545, 49.838629], [5.749044, 49.838785], [5.749319, 49.838888], [5.749525, 49.839033], [5.750021, 49.839411], [5.750269, 49.839685], [5.750475, 49.84009], [5.750479, 49.840105], [5.750578, 49.840258], [5.750616, 49.840441], [5.750643, 49.840673], [5.750605, 49.840811], [5.75049, 49.841059], [5.750399, 49.841158], [5.750238, 49.841246], [5.749853, 49.841383], [5.749308, 49.841604], [5.749063, 49.84186], [5.748789, 49.842112], [5.748579, 49.842337], [5.748449, 49.842634], [5.748411, 49.842836], [5.74843, 49.843252], [5.748373, 49.843721], [5.748335, 49.843866], [5.748297, 49.84413], [5.748293, 49.844206], [5.748365, 49.844496], [5.748445, 49.844671], [5.748571, 49.844809], [5.748613, 49.844938], [5.748617, 49.845064], [5.748587, 49.84543], [5.748495, 49.845533], [5.748331, 49.845762], [5.748205, 49.845968], [5.748205, 49.846086], [5.748232, 49.846212], [5.748316, 49.846376], [5.748465, 49.846567], [5.748659, 49.846735], [5.748957, 49.84693], [5.74914, 49.847029], [5.749296, 49.847094], [5.74954, 49.847155], [5.749949, 49.847231], [5.750322, 49.84728], [5.750753, 49.847311], [5.750998, 49.847315], [5.751207, 49.847307], [5.751333, 49.847292], [5.751478, 49.847254], [5.751604, 49.847181], [5.751699, 49.847078], [5.751829, 49.846861], [5.751848, 49.846827], [5.751883, 49.846781], [5.751978, 49.846628], [5.752291, 49.846292], [5.752314, 49.846247], [5.752436, 49.845728], [5.752531, 49.845499], [5.752661, 49.845369], [5.752752, 49.845327], [5.752794, 49.845313], [5.752924, 49.845266], [5.753008, 49.84524], [5.753347, 49.845163], [5.753473, 49.845114], [5.753946, 49.844908], [5.754122, 49.844839], [5.754225, 49.844824], [5.754339, 49.84482], [5.754484, 49.844843], [5.754675, 49.844915], [5.754869, 49.844999], [5.755037, 49.845045], [5.755793, 49.845144], [5.756449, 49.84532], [5.756624, 49.845381], [5.756636, 49.845385], [5.756662, 49.845392], [5.756681, 49.845396], [5.756796, 49.845415], [5.757059, 49.845503], [5.75725, 49.845621], [5.757376, 49.845751], [5.757422, 49.845797], [5.75762, 49.845907], [5.757971, 49.846109], [5.758158, 49.846235], [5.758295, 49.84643], [5.758364, 49.846663], [5.758409, 49.847055], [5.758421, 49.847265], [5.758398, 49.847529], [5.75839, 49.847685], [5.758406, 49.847914], [5.758421, 49.848211], [5.758463, 49.848383], [5.758509, 49.84844], [5.758543, 49.848535], [5.758543, 49.848738], [5.758478, 49.848928], [5.758387, 49.849092], [5.758257, 49.849279], [5.758207, 49.849344], [5.758158, 49.84939], [5.757887, 49.8496], [5.757597, 49.849802], [5.757441, 49.849924], [5.757387, 49.849955], [5.756983, 49.850168], [5.756838, 49.850267], [5.756689, 49.850363], [5.756556, 49.850508], [5.756277, 49.850714], [5.755926, 49.850958], [5.755846, 49.851034], [5.755655, 49.851244], [5.755526, 49.85137], [5.755381, 49.851473], [5.755121, 49.851622], [5.754919, 49.851717], [5.75474, 49.851763], [5.754515, 49.851805], [5.754255, 49.851828], [5.75403, 49.851831], [5.753756, 49.85182], [5.753462, 49.851797], [5.75334, 49.851763], [5.753126, 49.851686], [5.75297, 49.851618], [5.752829, 49.851576], [5.752676, 49.851541], [5.752489, 49.851519], [5.752218, 49.851511], [5.752119, 49.851519], [5.75189, 49.851557], [5.751684, 49.851614], [5.751398, 49.851706], [5.751223, 49.851748], [5.751158, 49.851755], [5.751085, 49.851751], [5.750994, 49.851725], [5.75094, 49.851683], [5.75083, 49.851572], [5.750765, 49.851545], [5.750547, 49.851496], [5.750265, 49.851439], [5.750063, 49.851412], [5.749903, 49.8514], [5.749792, 49.851404], [5.749659, 49.851423], [5.749552, 49.851461], [5.749311, 49.85161], [5.749178, 49.851698], [5.748945, 49.851862], [5.74872, 49.851957], [5.748468, 49.852022], [5.748144, 49.852072], [5.747919, 49.852091], [5.747683, 49.852064], [5.747534, 49.851992], [5.747377, 49.851862], [5.747271, 49.851808], [5.747129, 49.851801], [5.746935, 49.85185], [5.746256, 49.852129], [5.745985, 49.852331], [5.745844, 49.852556], [5.745844, 49.852793], [5.745909, 49.853071], [5.745874, 49.85322], [5.745771, 49.853331], [5.745714, 49.853414], [5.745699, 49.853495], [5.745741, 49.853697], [5.745894, 49.85396], [5.746088, 49.854113], [5.746267, 49.854177], [5.746805, 49.854313], [5.747396, 49.854441], [5.747625, 49.854502], [5.747866, 49.85457], [5.748159, 49.854582], [5.748709, 49.854578], [5.74898, 49.854567], [5.749273, 49.854509], [5.749639, 49.854399], [5.74983, 49.854334], [5.749975, 49.854315], [5.750216, 49.854353], [5.750536, 49.854448], [5.750704, 49.854509], [5.75078, 49.854593], [5.750872, 49.854677], [5.751005, 49.854734], [5.75141, 49.854776], [5.751528, 49.854811], [5.751699, 49.854876], [5.752653, 49.855509], [5.753492, 49.855905], [5.753874, 49.856138], [5.754271, 49.856409], [5.754438, 49.856504], [5.754557, 49.85655], [5.754694, 49.856569], [5.755068, 49.856565], [5.755529, 49.856531], [5.756063, 49.856447], [5.756479, 49.856356], [5.756674, 49.856249], [5.757067, 49.855913], [5.75725, 49.85586], [5.757551, 49.855783], [5.75783, 49.855761], [5.758085, 49.855757], [5.758684, 49.855791], [5.75915, 49.855867], [5.760481, 49.856234], [5.760664, 49.856302], [5.760737, 49.856375], [5.760775, 49.856489], [5.760729, 49.856623], [5.760599, 49.856863], [5.760469, 49.857016], [5.760138, 49.857248], [5.759474, 49.857782], [5.759134, 49.858069], [5.758451, 49.858503], [5.75815, 49.858675], [5.757967, 49.858721], [5.75778, 49.85874], [5.75762, 49.858797], [5.757425, 49.858927], [5.757246, 49.85911], [5.757086, 49.859358], [5.756907, 49.859781], [5.756731, 49.859987], [5.756529, 49.860174], [5.756262, 49.860369], [5.756052, 49.860472], [5.755812, 49.860487], [5.755655, 49.860544], [5.755426, 49.860704], [5.755312, 49.860846], [5.755247, 49.860964], [5.75524, 49.861059], [5.75532, 49.861174], [5.755354, 49.861258], [5.755255, 49.861383], [5.755041, 49.861547], [5.75469, 49.861765], [5.754564, 49.861872], [5.754476, 49.862055], [5.754496, 49.862211], [5.754679, 49.862459], [5.755079, 49.862905], [5.755354, 49.863157], [5.756151, 49.864096], [5.756536, 49.86445], [5.756922, 49.864771], [5.757013, 49.864908], [5.756975, 49.86511], [5.756746, 49.86558], [5.756208, 49.866529], [5.756037, 49.8668], [5.755819, 49.866968], [5.755491, 49.867151], [5.754641, 49.867517], [5.754309, 49.867609], [5.753885, 49.867712], [5.753565, 49.867792], [5.753164, 49.868013], [5.753069, 49.86809], [5.752985, 49.868193], [5.752928, 49.868399], [5.752882, 49.868586], [5.752813, 49.868719], [5.752703, 49.868841], [5.752703, 49.86894], [5.752726, 49.869005], [5.752825, 49.869066], [5.752932, 49.869135], [5.753016, 49.86923], [5.753264, 49.869558], [5.753401, 49.869749], [5.753447, 49.869879], [5.753485, 49.870298], [5.753569, 49.87071], [5.753611, 49.870787], [5.75374, 49.870909], [5.753839, 49.871019], [5.753988, 49.871218], [5.754, 49.871328], [5.753996, 49.871382], [5.753927, 49.87192], [5.75403, 49.871981], [5.754976, 49.872545], [5.755343, 49.87274], [5.755903, 49.873033], [5.756151, 49.873175], [5.756449, 49.873251], [5.756674, 49.873262], [5.756964, 49.873217], [5.757635, 49.873072], [5.758547, 49.872854], [5.758715, 49.872805], [5.758734, 49.872801], [5.75894, 49.872694], [5.759256, 49.872416], [5.759398, 49.872271], [5.759542, 49.872168], [5.759893, 49.872026], [5.760084, 49.871897], [5.760313, 49.87166], [5.760637, 49.871382], [5.760908, 49.871203], [5.761171, 49.871069], [5.761274, 49.870993], [5.761354, 49.870821], [5.761377, 49.870607], [5.761423, 49.870523], [5.761648, 49.870337], [5.762178, 49.870008], [5.76235, 49.869894], [5.762438, 49.869722], [5.76251, 49.869619], [5.762659, 49.869524], [5.762926, 49.869463], [5.763685, 49.869402], [5.764658, 49.869322], [5.7651, 49.869318], [5.765558, 49.869364], [5.76623, 49.869547], [5.766912, 49.869741], [5.767157, 49.869863], [5.767649, 49.870283], [5.768118, 49.870657], [5.768454, 49.871111], [5.768732, 49.871618], [5.768816, 49.871855], [5.768854, 49.872126], [5.768908, 49.872274], [5.769052, 49.8724], [5.769316, 49.872541], [5.76948, 49.872568], [5.76972, 49.872541], [5.770197, 49.872461], [5.770483, 49.87237], [5.771139, 49.872118], [5.771566, 49.871878], [5.771837, 49.871656], [5.772066, 49.871397], [5.772303, 49.870974], [5.772638, 49.870237], [5.772947, 49.86968], [5.773622, 49.867922], [5.773767, 49.867598], [5.774004, 49.867418], [5.774225, 49.867319], [5.774427, 49.867285], [5.774534, 49.8673], [5.774641, 49.867342], [5.774744, 49.867449], [5.774782, 49.867468], [5.774916, 49.867598], [5.775072, 49.867781], [5.775141, 49.867968], [5.775164, 49.868147], [5.775297, 49.868479], [5.775454, 49.868799], [5.77556, 49.868963], [5.775721, 49.86915], [5.775896, 49.869341], [5.776068, 49.869604], [5.77622, 49.869852], [5.776381, 49.87005], [5.77643, 49.870203], [5.77643, 49.870516], [5.776392, 49.870733], [5.776407, 49.870855], [5.77648, 49.871004], [5.776575, 49.871077], [5.776724, 49.871115], [5.776812, 49.871122], [5.776907, 49.871134], [5.777037, 49.871195], [5.777216, 49.871325], [5.777277, 49.871424], [5.777384, 49.87158], [5.777433, 49.871744], [5.777449, 49.871912], [5.777468, 49.872038], [5.777533, 49.872099], [5.777616, 49.872141], [5.778082, 49.872244], [5.778494, 49.872286], [5.778711, 49.872286], [5.778891, 49.872263], [5.77902, 49.872232], [5.779093, 49.872229], [5.779158, 49.872229], [5.779234, 49.872255], [5.779329, 49.872274], [5.779451, 49.87229], [5.779566, 49.872301], [5.779764, 49.872297], [5.779993, 49.872274], [5.780367, 49.872198], [5.780725, 49.872141], [5.78113, 49.87208], [5.781553, 49.872061], [5.782019, 49.871988], [5.782602, 49.871908], [5.782896, 49.87187], [5.783003, 49.871866], [5.783094, 49.871874], [5.783224, 49.871912], [5.783354, 49.872], [5.783739, 49.872408], [5.783888, 49.872622], [5.783964, 49.872751], [5.784033, 49.872927], [5.784029, 49.873007], [5.783998, 49.873064], [5.783873, 49.873133], [5.783396, 49.8734], [5.783106, 49.87351], [5.781984, 49.873915], [5.781614, 49.874014], [5.781298, 49.874128], [5.780588, 49.874414], [5.779856, 49.874712], [5.779493, 49.874803], [5.7791, 49.874865], [5.778956, 49.874899], [5.778856, 49.874945], [5.77873, 49.875032], [5.778441, 49.875315], [5.778193, 49.875601], [5.778078, 49.875792], [5.77804, 49.875887], [5.778063, 49.876047], [5.778398, 49.87636], [5.778543, 49.876593], [5.778723, 49.876821], [5.779016, 49.877081], [5.779139, 49.877153], [5.779261, 49.87718], [5.779367, 49.877184], [5.779909, 49.877138], [5.780287, 49.87705], [5.780584, 49.876898], [5.780912, 49.876677], [5.781259, 49.876413], [5.781355, 49.876364], [5.781618, 49.876215], [5.782312, 49.875856], [5.782568, 49.875727], [5.782701, 49.875748], [5.782812, 49.875793], [5.782881, 49.875835], [5.78293, 49.875877], [5.782965, 49.875927], [5.783033, 49.87608], [5.783064, 49.876167], [5.783133, 49.876446], [5.783182, 49.87655], [5.783331, 49.876907], [5.783434, 49.87715], [5.783533, 49.877415], [5.783571, 49.87753], [5.783579, 49.877594], [5.783575, 49.877705], [5.78356, 49.87784], [5.783514, 49.878105], [5.78343, 49.878532], [5.783415, 49.878628], [5.783392, 49.87869], [5.783365, 49.878742], [5.783335, 49.878777], [5.783152, 49.878937], [5.783041, 49.879044], [5.782968, 49.87911], [5.782915, 49.87915], [5.782835, 49.879196], [5.782675, 49.879257], [5.782534, 49.879326], [5.782461, 49.879356], [5.782423, 49.87937], [5.782312, 49.87942], [5.78203, 49.87946], [5.781828, 49.87949], [5.781698, 49.87953], [5.781378, 49.87968], [5.781176, 49.879784], [5.781, 49.87986], [5.780947, 49.87989], [5.780916, 49.879936], [5.780874, 49.88002], [5.780829, 49.880104], [5.780741, 49.88018], [5.78068, 49.880215], [5.780634, 49.88023], [5.780558, 49.880238], [5.780405, 49.88024], [5.780268, 49.880257], [5.780214, 49.880276], [5.780172, 49.880306], [5.780142, 49.88035], [5.780107, 49.880447], [5.780073, 49.880512], [5.780024, 49.88058], [5.779974, 49.880615], [5.779932, 49.880642], [5.779859, 49.880657], [5.77976, 49.880676], [5.779688, 49.880703], [5.7796, 49.880768], [5.779486, 49.880875], [5.779398, 49.880943], [5.77936, 49.880962], [5.779272, 49.881], [5.779047, 49.88106], [5.778921, 49.881096], [5.778868, 49.881123], [5.778845, 49.881145], [5.77883, 49.88121], [5.778822, 49.8814], [5.778814, 49.881466], [5.778727, 49.881657], [5.778704, 49.881695], [5.778662, 49.881737], [5.778631, 49.881756], [5.778597, 49.88175], [5.778555, 49.881714], [5.778505, 49.88167], [5.778463, 49.881653], [5.778429, 49.88166], [5.778368, 49.881706], [5.778234, 49.881813], [5.778162, 49.8819], [5.778101, 49.881992], [5.778059, 49.88208], [5.778051, 49.88215], [5.778055, 49.8822], [5.778082, 49.882294], [5.778128, 49.882393], [5.778292, 49.88259], [5.778322, 49.88268], [5.778341, 49.882824], [5.778338, 49.88293], [5.778307, 49.883022], [5.778212, 49.883198], [5.778177, 49.88332], [5.778196, 49.88342], [5.778227, 49.883453], [5.778265, 49.88346], [5.778318, 49.883457], [5.77836, 49.883446], [5.778402, 49.88345], [5.778437, 49.88347], [5.778433, 49.883488], [5.778109, 49.88376], [5.777937, 49.883884], [5.777838, 49.883892], [5.777536, 49.88395], [5.777338, 49.88399], [5.776808, 49.88408], [5.776613, 49.884117], [5.776422, 49.884155], [5.77585, 49.884274], [5.775759, 49.884285], [5.77564, 49.8843], [5.775347, 49.884315], [5.775068, 49.884335], [5.774877, 49.88434], [5.774713, 49.884342], [5.774607, 49.884342], [5.774523, 49.88435], [5.774435, 49.884354], [5.774355, 49.884357], [5.77389, 49.884415], [5.773478, 49.88448], [5.77321, 49.88453], [5.772707, 49.884636], [5.772551, 49.884686], [5.772406, 49.88474], [5.772203, 49.884842], [5.771997, 49.884964], [5.771833, 49.88507], [5.771784, 49.885113], [5.771734, 49.885166], [5.771631, 49.885303], [5.771509, 49.885468], [5.771444, 49.885563], [5.771414, 49.885647], [5.771334, 49.885853], [5.771231, 49.88603], [5.771181, 49.886112], [5.771048, 49.886402], [5.771013, 49.886467], [5.770952, 49.886536], [5.770884, 49.8866], [5.770754, 49.88669], [5.770609, 49.886784], [5.770556, 49.886837], [5.770533, 49.88687], [5.770513, 49.886936], [5.770506, 49.88697], [5.770506, 49.887016], [5.770513, 49.887047], [5.77054, 49.88712], [5.770651, 49.88733], [5.770609, 49.88735], [5.77022, 49.88709], [5.770132, 49.887024], [5.770063, 49.886993], [5.769972, 49.886963], [5.769903, 49.886948], [5.769671, 49.88694], [5.769247, 49.88693], [5.768892, 49.886936], [5.76874, 49.88695], [5.768629, 49.886963], [5.76837, 49.887005], [5.76821, 49.88704], [5.767981, 49.887096], [5.767782, 49.887154], [5.767534, 49.887245], [5.767469, 49.887264], [5.767355, 49.887295], [5.767351, 49.887352], [5.767351, 49.88737], [5.767317, 49.887413], [5.767225, 49.88751], [5.767145, 49.88758], [5.767027, 49.887688], [5.766966, 49.887726], [5.766794, 49.88783], [5.76671, 49.887886], [5.766588, 49.887978], [5.766542, 49.888], [5.766489, 49.888016], [5.766138, 49.88811], [5.765783, 49.888245], [5.765764, 49.88823], [5.765684, 49.888187], [5.765577, 49.888138], [5.765543, 49.888123], [5.765516, 49.88812], [5.765482, 49.888123], [5.765379, 49.888153], [5.765341, 49.888145], [5.765284, 49.888126], [5.765135, 49.888054], [5.76494, 49.888233], [5.764914, 49.888184], [5.764887, 49.88817], [5.764852, 49.888153], [5.764814, 49.888145], [5.76473, 49.88815], [5.764452, 49.88817], [5.764345, 49.888172], [5.763983, 49.888245], [5.763891, 49.88826], [5.763823, 49.88826], [5.76372, 49.888252], [5.763578, 49.88824], [5.763491, 49.888237], [5.763376, 49.888245], [5.763296, 49.88826], [5.763189, 49.888298], [5.762861, 49.888447], [5.762743, 49.888496], [5.762285, 49.888626], [5.761633, 49.88886], [5.761446, 49.888924], [5.761164, 49.88899], [5.760965, 49.889027], [5.760759, 49.88907], [5.76066, 49.889103], [5.760279, 49.889244], [5.760183, 49.889275], [5.760103, 49.88929], [5.759851, 49.889317], [5.759417, 49.88936], [5.758978, 49.88941], [5.758379, 49.88947], [5.758131, 49.88949], [5.757982, 49.88949], [5.757669, 49.889477], [5.757422, 49.889458], [5.75736, 49.889458], [5.757341, 49.88946], [5.757299, 49.889473], [5.757273, 49.88949], [5.757254, 49.88952], [5.757101, 49.88981], [5.756861, 49.889732], [5.756811, 49.88973], [5.756754, 49.889736], [5.756693, 49.88975], [5.756659, 49.88977], [5.756605, 49.88981], [5.756453, 49.889965], [5.756304, 49.890114], [5.756052, 49.890408], [5.755999, 49.89046], [5.755949, 49.8905], [5.7558, 49.89059], [5.755953, 49.890724], [5.755815, 49.89073], [5.755682, 49.89076], [5.755548, 49.890793], [5.755411, 49.890842], [5.755205, 49.89092], [5.755102, 49.89096], [5.754915, 49.891052], [5.75469, 49.891144], [5.754244, 49.891296], [5.754091, 49.891342], [5.753962, 49.89137], [5.753889, 49.891376], [5.753843, 49.891373], [5.753771, 49.89136], [5.753717, 49.891346], [5.753294, 49.89143], [5.753206, 49.891464], [5.753038, 49.89147], [5.752981, 49.891354], [5.752977, 49.891308], [5.752924, 49.891304], [5.752401, 49.89131], [5.75226, 49.89131], [5.752058, 49.891293], [5.75194, 49.891285], [5.751844, 49.89129], [5.751711, 49.891304], [5.751493, 49.89134], [5.75083, 49.891445], [5.750425, 49.891514], [5.750135, 49.891575], [5.749842, 49.891663], [5.749308, 49.891834], [5.749044, 49.89192], [5.74869, 49.89206], [5.748419, 49.892166], [5.74787, 49.89239], [5.747572, 49.892643], [5.747465, 49.892735], [5.747603, 49.892815], [5.747213, 49.893066], [5.746939, 49.89328], [5.746778, 49.893417], [5.746733, 49.89347], [5.746714, 49.893524], [5.746717, 49.89356], [5.746736, 49.89362], [5.746756, 49.89366], [5.746531, 49.893684], [5.746504, 49.893715], [5.746504, 49.893738], [5.746569, 49.893814], [5.746592, 49.893845], [5.746588, 49.893883], [5.746576, 49.89403], [5.746378, 49.894184], [5.746283, 49.894165], [5.746191, 49.89417], [5.74581, 49.89421], [5.745409, 49.894234], [5.745085, 49.8943], [5.744768, 49.89441], [5.744219, 49.89459], [5.744131, 49.89463], [5.744021, 49.894703], [5.743864, 49.894814], [5.743826, 49.89484], [5.743792, 49.894825], [5.743776, 49.894817], [5.743616, 49.89487], [5.743536, 49.8949], [5.743456, 49.89494], [5.743395, 49.89496], [5.743349, 49.89496], [5.74328, 49.894943], [5.743238, 49.894943], [5.743177, 49.894955], [5.743029, 49.894974], [5.742964, 49.89497], [5.742926, 49.894974], [5.74288, 49.895], [5.742788, 49.895077], [5.742746, 49.895092], [5.742731, 49.895107], [5.74272, 49.895126], [5.742685, 49.895126], [5.742544, 49.895115], [5.742506, 49.895103], [5.742163, 49.895065], [5.741949, 49.89505], [5.741877, 49.89505], [5.741724, 49.895065], [5.741346, 49.89512], [5.741209, 49.895134], [5.740976, 49.89514], [5.740808, 49.895134], [5.740686, 49.895126], [5.740213, 49.89507], [5.739759, 49.895], [5.739306, 49.89529], [5.739054, 49.89547], [5.738611, 49.895813], [5.738432, 49.89595], [5.738131, 49.896168], [5.738058, 49.896214], [5.737993, 49.896244], [5.73786, 49.896294], [5.737501, 49.896404], [5.73702, 49.896538], [5.736933, 49.896572], [5.736811, 49.896633], [5.736731, 49.89666], [5.736486, 49.89672], [5.73636, 49.896748], [5.736261, 49.896755], [5.736086, 49.89675], [5.735979, 49.896755], [5.735922, 49.896767], [5.73583, 49.896805], [5.735769, 49.89684], [5.735727, 49.896877], [5.735708, 49.896896], [5.735701, 49.896927], [5.735708, 49.896976], [5.735727, 49.897022], [5.735781, 49.897095], [5.735891, 49.89721], [5.736006, 49.89732], [5.736128, 49.897423], [5.736204, 49.8975], [5.736364, 49.897606], [5.736433, 49.89765], [5.736525, 49.897747], [5.736582, 49.897827], [5.736635, 49.897934], [5.736666, 49.898018], [5.7367, 49.89815], [5.736715, 49.89824], [5.736712, 49.89827], [5.736673, 49.898373], [5.736628, 49.898476], [5.736582, 49.89855], [5.736513, 49.898632], [5.736441, 49.89871], [5.736334, 49.898815], [5.736269, 49.898907], [5.736223, 49.89897], [5.736212, 49.899014], [5.736216, 49.89904], [5.73625, 49.89909], [5.736597, 49.899525], [5.736723, 49.899757], [5.736826, 49.89995], [5.73694, 49.900135], [5.737146, 49.90043], [5.737413, 49.900745], [5.737532, 49.90088], [5.737665, 49.901035], [5.737742, 49.9011], [5.737837, 49.90116], [5.738096, 49.90129], [5.738386, 49.901417], [5.738588, 49.901512], [5.738646, 49.901546], [5.738913, 49.90173], [5.739275, 49.90183], [5.739466, 49.901886], [5.739744, 49.901974], [5.739775, 49.90198], [5.740229, 49.902122], [5.740416, 49.902164], [5.740461, 49.902176], [5.740652, 49.902664], [5.740576, 49.903126], [5.740202, 49.90354], [5.740076, 49.90369], [5.739992, 49.903786], [5.739786, 49.904], [5.739782, 49.904022], [5.73979, 49.904057], [5.739836, 49.904125], [5.739889, 49.904198], [5.739916, 49.904217], [5.740259, 49.90434], [5.740278, 49.904358], [5.740786, 49.904476], [5.741446, 49.90468], [5.741625, 49.90473], [5.741644, 49.90476], [5.741716, 49.904797], [5.74177, 49.904808], [5.741839, 49.904823], [5.742136, 49.904907], [5.742273, 49.904957], [5.742384, 49.905], [5.742426, 49.905006], [5.74264, 49.905045], [5.742777, 49.905045], [5.742853, 49.905052], [5.742968, 49.90507], [5.743189, 49.905136], [5.743399, 49.905193], [5.743471, 49.90521], [5.74365, 49.905235], [5.743799, 49.90526], [5.743868, 49.905277], [5.743998, 49.905334], [5.744249, 49.905476], [5.744368, 49.90555], [5.744513, 49.905617], [5.744551, 49.905647], [5.744612, 49.905724], [5.744654, 49.905758], [5.744696, 49.90578], [5.744734, 49.905834], [5.744821, 49.905853], [5.74486, 49.905872], [5.744986, 49.905926], [5.745024, 49.90594], [5.745108, 49.905952], [5.745153, 49.90596], [5.745215, 49.90598], [5.745329, 49.905987], [5.745489, 49.906094], [5.745581, 49.90615], [5.745672, 49.90619], [5.745798, 49.906227], [5.746134, 49.90629], [5.746309, 49.906303], [5.746454, 49.906315], [5.746672, 49.906315], [5.746653, 49.906635], [5.74663, 49.907043], [5.74655, 49.907047], [5.746061, 49.90779], [5.746206, 49.907875], [5.746469, 49.907986], [5.746641, 49.908047], [5.746618, 49.908085], [5.746492, 49.908283], [5.747015, 49.908405], [5.74721, 49.90846], [5.747557, 49.908592], [5.747713, 49.908676], [5.747797, 49.90873], [5.747881, 49.908794], [5.74793, 49.90887], [5.747988, 49.90897], [5.748091, 49.909058], [5.748354, 49.909252], [5.748098, 49.909443], [5.748518, 49.909657], [5.74877, 49.909782], [5.749533, 49.91017], [5.749968, 49.910393], [5.750204, 49.910515], [5.750421, 49.910625], [5.750746, 49.910793], [5.751047, 49.910946], [5.751585, 49.911224], [5.752294, 49.911587], [5.752501, 49.91169], [5.75308, 49.911983], [5.753515, 49.91213], [5.753832, 49.912228], [5.754591, 49.912457], [5.755232, 49.91265], [5.75635, 49.912994], [5.757151, 49.91324], [5.757597, 49.913387], [5.757894, 49.913483], [5.75881, 49.913784], [5.75987, 49.914135], [5.760931, 49.914486], [5.761358, 49.914627], [5.762033, 49.914856], [5.762541, 49.915024], [5.762896, 49.915142], [5.763349, 49.915295], [5.763586, 49.91537], [5.763681, 49.915405], [5.763929, 49.91568], [5.764013, 49.91577], [5.763311, 49.916073], [5.763014, 49.916267], [5.762777, 49.9164], [5.76232, 49.916645], [5.761759, 49.916916], [5.761419, 49.917057], [5.760935, 49.917274], [5.760904, 49.917282], [5.760748, 49.917294], [5.760683, 49.91729], [5.760618, 49.917274], [5.76058, 49.91727], [5.760546, 49.91727], [5.760489, 49.917286], [5.760477, 49.91729], [5.760469, 49.9173], [5.760473, 49.917316], [5.760492, 49.917324], [5.760557, 49.917336], [5.760595, 49.917347], [5.760645, 49.91737], [5.760675, 49.9174], [5.760694, 49.91743], [5.760698, 49.917484], [5.760691, 49.917675], [5.760759, 49.917953], [5.760843, 49.918205], [5.760939, 49.91841], [5.761, 49.91853], [5.761149, 49.91859], [5.761255, 49.918663], [5.761366, 49.91875], [5.761576, 49.91895], [5.761694, 49.91912], [5.761843, 49.919395], [5.762026, 49.91969], [5.762106, 49.920208], [5.762136, 49.920395], [5.762182, 49.920593], [5.762198, 49.920696], [5.762194, 49.920834], [5.762182, 49.920937], [5.762178, 49.92098], [5.762182, 49.92106], [5.762209, 49.92117], [5.762247, 49.921295], [5.762255, 49.92135], [5.762247, 49.92149], [5.762236, 49.92159], [5.762213, 49.92167], [5.762156, 49.921783], [5.761999, 49.922062], [5.761995, 49.922104], [5.761991, 49.92219], [5.762026, 49.92225], [5.762098, 49.92235], [5.762102, 49.922455], [5.762075, 49.922512], [5.762072, 49.922543], [5.762064, 49.922634], [5.762045, 49.922703], [5.761923, 49.923096], [5.761904, 49.923138], [5.761877, 49.923157], [5.761827, 49.923176], [5.761743, 49.923195], [5.761702, 49.92321], [5.761675, 49.923225], [5.761679, 49.923252], [5.761743, 49.923283], [5.761908, 49.923347], [5.762072, 49.9234], [5.762274, 49.923435], [5.762499, 49.923523], [5.762808, 49.923676], [5.763086, 49.9238], [5.763273, 49.92388], [5.763388, 49.923912], [5.763586, 49.923954], [5.763952, 49.92402], [5.764349, 49.92408], [5.764494, 49.92412], [5.764479, 49.92413], [5.763594, 49.924503], [5.763929, 49.925087], [5.763956, 49.925137], [5.764063, 49.925274], [5.764418, 49.925682], [5.764631, 49.926052], [5.764715, 49.92622], [5.764753, 49.92631], [5.764792, 49.926434], [5.764067, 49.926456], [5.763613, 49.926476], [5.763617, 49.926735], [5.76364, 49.92689], [5.763658, 49.927006], [5.763464, 49.927017], [5.763445, 49.927017], [5.763452, 49.92711], [5.763433, 49.92719], [5.763411, 49.927315], [5.763426, 49.92738], [5.763472, 49.92748], [5.763586, 49.927685], [5.763723, 49.92791], [5.763742, 49.92791], [5.763918, 49.927994], [5.764063, 49.928066], [5.764303, 49.928204], [5.764109, 49.92842], [5.764097, 49.928432], [5.764097, 49.928455], [5.764112, 49.928467], [5.764181, 49.928513], [5.764681, 49.92883], [5.764936, 49.928993], [5.764746, 49.929016], [5.764662, 49.929024], [5.764605, 49.929043], [5.764574, 49.929066], [5.764486, 49.92918], [5.764444, 49.929222], [5.76404, 49.929592], [5.76399, 49.929638], [5.763884, 49.929733], [5.76383, 49.929783], [5.764517, 49.93002], [5.764524, 49.93005], [5.764593, 49.930344], [5.764631, 49.93052], [5.764547, 49.930622], [5.764437, 49.930782], [5.764418, 49.930805], [5.764318, 49.930874], [5.764212, 49.930935], [5.764093, 49.93099], [5.764055, 49.93101], [5.764036, 49.93103], [5.764006, 49.931095], [5.763994, 49.931126], [5.763979, 49.93117], [5.763964, 49.931282], [5.763956, 49.93138], [5.763948, 49.931458], [5.764223, 49.931458], [5.764471, 49.931446], [5.764666, 49.93143], [5.765028, 49.93139], [5.765421, 49.93135], [5.76586, 49.93132], [5.766214, 49.93125], [5.766386, 49.931225], [5.766501, 49.931217], [5.766813, 49.931217], [5.767008, 49.931232], [5.767202, 49.931255], [5.767355, 49.93128], [5.76753, 49.931313], [5.767672, 49.931347], [5.767988, 49.93144], [5.768564, 49.93158], [5.768766, 49.931625], [5.768915, 49.931652], [5.769037, 49.931664], [5.769297, 49.93168], [5.769575, 49.93169], [5.76988, 49.93169], [5.770235, 49.931694], [5.770517, 49.93169], [5.770578, 49.93168], [5.770971, 49.93165], [5.770468, 49.932426], [5.770357, 49.9326], [5.769774, 49.93311], [5.770075, 49.933205], [5.770079, 49.93322], [5.77009, 49.933414], [5.770101, 49.933533], [5.77014, 49.933643], [5.77033, 49.93411], [5.770269, 49.934124], [5.770319, 49.934376], [5.770353, 49.934624], [5.770388, 49.934944], [5.770395, 49.935146], [5.770388, 49.935387], [5.770361, 49.935703], [5.770701, 49.93579], [5.770636, 49.935932], [5.770506, 49.936317], [5.77046, 49.93653], [5.770426, 49.93668], [5.770906, 49.936687], [5.770994, 49.936687], [5.771563, 49.936707], [5.772421, 49.936733], [5.772512, 49.936733], [5.772512, 49.936924], [5.772516, 49.937054], [5.772516, 49.937164], [5.772818, 49.937176], [5.772825, 49.937225], [5.773016, 49.937225], [5.773012, 49.937435], [5.773008, 49.937584], [5.773004, 49.937634], [5.773123, 49.937695], [5.775156, 49.937714], [5.775084, 49.938114], [5.774862, 49.938477], [5.774782, 49.93861], [5.774668, 49.938953], [5.77453, 49.939354], [5.774492, 49.939777], [5.77442, 49.939766], [5.774115, 49.940754], [5.773836, 49.941372], [5.773861, 49.941406], [5.773886, 49.94144], [5.773108, 49.94254], [5.772539, 49.94334], [5.772196, 49.943684], [5.771776, 49.944477], [5.773249, 49.944756], [5.772867, 49.9453], [5.772707, 49.945606], [5.772722, 49.94579], [5.772825, 49.945972], [5.77281, 49.946518], [5.771337, 49.94613], [5.771326, 49.946163], [5.770956, 49.94732], [5.770784, 49.947838], [5.770792, 49.948227], [5.770781, 49.94861], [5.770681, 49.948803], [5.770586, 49.94902], [5.770369, 49.94959], [5.770487, 49.949615], [5.770598, 49.949657], [5.770857, 49.94976], [5.77109, 49.949894], [5.771486, 49.950127], [5.771238, 49.950535], [5.771185, 49.950615], [5.771227, 49.950672], [5.771391, 49.950836], [5.771742, 49.951168], [5.772169, 49.951508], [5.772455, 49.95166], [5.772974, 49.951897], [5.773401, 49.952072], [5.773928, 49.952305], [5.774015, 49.952362], [5.774187, 49.952488], [5.77463, 49.952824], [5.774736, 49.952904], [5.775034, 49.953148], [5.774439, 49.953663], [5.774618, 49.9538], [5.774523, 49.954266], [5.77495, 49.95462], [5.774858, 49.954937], [5.774557, 49.95533], [5.774435, 49.955482], [5.774241, 49.955727], [5.774095, 49.956017], [5.774034, 49.956135], [5.773981, 49.956264], [5.77379, 49.956413], [5.773668, 49.95651], [5.774107, 49.95668], [5.77458, 49.95687], [5.775011, 49.957115], [5.775175, 49.957203], [5.775271, 49.957115], [5.775332, 49.957066], [5.775484, 49.95712], [5.775614, 49.957165], [5.775827, 49.957245], [5.776792, 49.957603], [5.777227, 49.95774], [5.777006, 49.958008], [5.776686, 49.958305], [5.776289, 49.95864], [5.776174, 49.958797], [5.77574, 49.959373], [5.775671, 49.95946], [5.775564, 49.959732], [5.775431, 49.959953], [5.775335, 49.960133], [5.775038, 49.960773], [5.775023, 49.9608], [5.775221, 49.960873], [5.775495, 49.960987], [5.775843, 49.961105], [5.775999, 49.96117], [5.7768, 49.96148], [5.776991, 49.961544], [5.777315, 49.961647], [5.777609, 49.96174], [5.778124, 49.9619], [5.77907, 49.96221], [5.779116, 49.962227], [5.77936, 49.962303], [5.780607, 49.9627], [5.780947, 49.962616], [5.781202, 49.962555], [5.781275, 49.962543], [5.781431, 49.96252], [5.781782, 49.96243], [5.782061, 49.96234], [5.782377, 49.96224], [5.783186, 49.96199], [5.783358, 49.96209], [5.783377, 49.962105], [5.783812, 49.96181], [5.784369, 49.961456], [5.784391, 49.961468], [5.784723, 49.961597], [5.785433, 49.96105], [5.785471, 49.961063], [5.785627, 49.96099], [5.785761, 49.960995], [5.786516, 49.961067], [5.78689, 49.961098], [5.787313, 49.961147], [5.787462, 49.96117], [5.787794, 49.961227], [5.78805, 49.961273], [5.788107, 49.961277], [5.788195, 49.961285], [5.788191, 49.961357], [5.789034, 49.961452], [5.789026, 49.961487], [5.789232, 49.961555], [5.78927, 49.961563], [5.789793, 49.961647], [5.790361, 49.96174], [5.790442, 49.961754], [5.790564, 49.961773], [5.790644, 49.961784], [5.79075, 49.961792], [5.790781, 49.961796], [5.790991, 49.961796], [5.791185, 49.9618], [5.791223, 49.96186], [5.791258, 49.961952], [5.791292, 49.962048], [5.791323, 49.962173], [5.79133, 49.962227], [5.791319, 49.9623], [5.7913, 49.96237], [5.791258, 49.96247], [5.791223, 49.962543], [5.791159, 49.96264], [5.791044, 49.962784], [5.791033, 49.96302], [5.790964, 49.96361], [5.790964, 49.963646], [5.790949, 49.96381], [5.790941, 49.963882], [5.791262, 49.964016], [5.791559, 49.964104], [5.792276, 49.964287], [5.792452, 49.964336], [5.792658, 49.9644], [5.792917, 49.964493], [5.793241, 49.96462], [5.793489, 49.96473], [5.793692, 49.964825], [5.793867, 49.96492], [5.794092, 49.96504], [5.794321, 49.965157], [5.794371, 49.965183], [5.794466, 49.96523], [5.794538, 49.965267], [5.794577, 49.965282], [5.794592, 49.96529], [5.794672, 49.96532], [5.794848, 49.96539], [5.794893, 49.965405], [5.794931, 49.965416], [5.795004, 49.96544], [5.795484, 49.965538], [5.795549, 49.965508], [5.795782, 49.96569], [5.79608, 49.96563], [5.796102, 49.96562], [5.79624, 49.965534], [5.796362, 49.965446], [5.79648, 49.965355], [5.796659, 49.965202], [5.79674, 49.96513], [5.796759, 49.965107], [5.797068, 49.964687], [5.797083, 49.964657], [5.797087, 49.964645], [5.797094, 49.964634], [5.797125, 49.964603], [5.797171, 49.964573], [5.797209, 49.96455], [5.797236, 49.96453], [5.79727, 49.964497], [5.797346, 49.964413], [5.797434, 49.964348], [5.797487, 49.96436], [5.797529, 49.96436], [5.797579, 49.964355], [5.79764, 49.964344], [5.797693, 49.96433], [5.797739, 49.96431], [5.797811, 49.964275], [5.79788, 49.96425], [5.797972, 49.96422], [5.798075, 49.964188], [5.798155, 49.96417], [5.798204, 49.964146], [5.798266, 49.96412], [5.798315, 49.964085], [5.798376, 49.964043], [5.798437, 49.96399], [5.79859, 49.963875], [5.798704, 49.963795], [5.798868, 49.963688], [5.798998, 49.963608], [5.799292, 49.963444], [5.799578, 49.963306], [5.799707, 49.963245], [5.79994, 49.963104], [5.800219, 49.96296], [5.80047, 49.962936], [5.800718, 49.962944], [5.800997, 49.963005], [5.801436, 49.963024], [5.801462, 49.963024], [5.802294, 49.96305], [5.802687, 49.963036], [5.80271, 49.963104], [5.802778, 49.96314], [5.803076, 49.963272], [5.803087, 49.96333], [5.803488, 49.9633], [5.803934, 49.96322], [5.80427, 49.963142], [5.804579, 49.96302], [5.804983, 49.962868], [5.805155, 49.962795], [5.805326, 49.962723], [5.806543, 49.962307], [5.806593, 49.962303], [5.806757, 49.962334], [5.807039, 49.9624], [5.807196, 49.96246], [5.807245, 49.96249], [5.807356, 49.962555], [5.807489, 49.96266], [5.807665, 49.962788], [5.808024, 49.963024], [5.808157, 49.963085], [5.808512, 49.963234], [5.808603, 49.963264], [5.809008, 49.96347], [5.809221, 49.963566], [5.809576, 49.963707], [5.809639, 49.963732], [5.80986, 49.963805], [5.809968, 49.963842], [5.810026, 49.963846], [5.810124, 49.96382], [5.810495, 49.964035], [5.810553, 49.96407], [5.810484, 49.964153], [5.810366, 49.964233], [5.810461, 49.964428], [5.810179, 49.96455], [5.810579, 49.96494], [5.810999, 49.965805], [5.810694, 49.96595], [5.810732, 49.966026], [5.810705, 49.966045], [5.810579, 49.966194], [5.810312, 49.966503], [5.810083, 49.96678], [5.810057, 49.966824], [5.809977, 49.966995], [5.809927, 49.96706], [5.809877, 49.967133], [5.809675, 49.967606], [5.809671, 49.96763], [5.809679, 49.967644], [5.810064, 49.968025], [5.810217, 49.968407], [5.810308, 49.968735], [5.810404, 49.96898], [5.810511, 49.969017], [5.810812, 49.96987], [5.810801, 49.96998], [5.81077, 49.970093], [5.810709, 49.970222], [5.810473, 49.970646], [5.81061, 49.9708], [5.810782, 49.970955], [5.811056, 49.971176], [5.811235, 49.971302], [5.811266, 49.971325], [5.811285, 49.97134], [5.81135, 49.971386], [5.812067, 49.97191], [5.812391, 49.972134], [5.812475, 49.97219], [5.812616, 49.97226], [5.812822, 49.972347], [5.812902, 49.97238], [5.812952, 49.972412], [5.81299, 49.972454], [5.813047, 49.972504], [5.813097, 49.972538], [5.813139, 49.972553], [5.813185, 49.972557], [5.813231, 49.97255], [5.813291, 49.97255], [5.813391, 49.972534], [5.813444, 49.97252], [5.813509, 49.97252], [5.813555, 49.972515], [5.813631, 49.972485], [5.813692, 49.972477], [5.813829, 49.97247], [5.813978, 49.972473], [5.814135, 49.972473], [5.814165, 49.97247], [5.814199, 49.97245], [5.814226, 49.97243], [5.814245, 49.972427], [5.814264, 49.972435], [5.814283, 49.972458], [5.814283, 49.97248], [5.814302, 49.972496], [5.814352, 49.97251], [5.814398, 49.97252], [5.814508, 49.972523], [5.814653, 49.972534], [5.81473, 49.972534], [5.814897, 49.972523], [5.814943, 49.972523], [5.815168, 49.97253], [5.815191, 49.972527], [5.815207, 49.97252], [5.815214, 49.972504], [5.815226, 49.97249], [5.815249, 49.97247], [5.815306, 49.97244], [5.815382, 49.972397], [5.815424, 49.972378], [5.815466, 49.97236], [5.815504, 49.972355], [5.81555, 49.97236], [5.81558, 49.972366], [5.815596, 49.972378], [5.815615, 49.972397], [5.815634, 49.9724], [5.81566, 49.972393], [5.815683, 49.972374], [5.815702, 49.972366], [5.815809, 49.972366], [5.815859, 49.972347], [5.815885, 49.972343], [5.816015, 49.972347], [5.816099, 49.972355], [5.816183, 49.972374], [5.81629, 49.97241], [5.81637, 49.97242], [5.816546, 49.972427], [5.816595, 49.972446], [5.816622, 49.972466], [5.816641, 49.97249], [5.816683, 49.97252], [5.816774, 49.972572], [5.816813, 49.972584], [5.816847, 49.972588], [5.816896, 49.972584], [5.81695, 49.972572], [5.817038, 49.972534], [5.81708, 49.972527], [5.817137, 49.97253], [5.817183, 49.97253], [5.817228, 49.97252], [5.817259, 49.972504], [5.817316, 49.972454], [5.817362, 49.97244], [5.8174, 49.97243], [5.817472, 49.97242], [5.817514, 49.97242], [5.817564, 49.972427], [5.817598, 49.97242], [5.817625, 49.9724], [5.817671, 49.972385], [5.817705, 49.97238], [5.817736, 49.97239], [5.817804, 49.97241], [5.817881, 49.97241], [5.817965, 49.972427], [5.818071, 49.97242], [5.818113, 49.972416], [5.818136, 49.972412], [5.818178, 49.9724], [5.818266, 49.97236], [5.818289, 49.97235], [5.818308, 49.97235], [5.818308, 49.972378], [5.818403, 49.972378], [5.81843, 49.972393], [5.818464, 49.97241], [5.818487, 49.972404], [5.818506, 49.972397], [5.818522, 49.972374], [5.818567, 49.97235], [5.818617, 49.972332], [5.818678, 49.97232], [5.818838, 49.97231], [5.818979, 49.972286], [5.819117, 49.97227], [5.819208, 49.97224], [5.819288, 49.97221], [5.819342, 49.97217], [5.819361, 49.972145], [5.819376, 49.972134], [5.819426, 49.972103], [5.819452, 49.972076], [5.819479, 49.97205], [5.819532, 49.97204], [5.819582, 49.972076], [5.819628, 49.972095], [5.819654, 49.97211], [5.819677, 49.972137], [5.819693, 49.972176], [5.819727, 49.972298], [5.819761, 49.972363], [5.819807, 49.972416], [5.820055, 49.972572], [5.82004, 49.97264], [5.820028, 49.972664], [5.820009, 49.972694], [5.819944, 49.97276], [5.819963, 49.972782], [5.820009, 49.97281], [5.820032, 49.97283], [5.820047, 49.972862], [5.820063, 49.972885], [5.820089, 49.9729], [5.820185, 49.972935], [5.820288, 49.972958], [5.820322, 49.972973], [5.820345, 49.972992], [5.820372, 49.97304], [5.820398, 49.973095], [5.820456, 49.97317], [5.820501, 49.973225], [5.820513, 49.973255], [5.820513, 49.97328], [5.820501, 49.973328], [5.82049, 49.973408], [5.820475, 49.973465], [5.820452, 49.9735], [5.82041, 49.97353], [5.820368, 49.973564], [5.820318, 49.973625], [5.820265, 49.973675], [5.820253, 49.973682], [5.820242, 49.973705], [5.820242, 49.97376], [5.820223, 49.97378], [5.820684, 49.97396], [5.821352, 49.97423], [5.822088, 49.97453], [5.822428, 49.974674], [5.822722, 49.974792], [5.822958, 49.974884], [5.823198, 49.974968], [5.823263, 49.975025], [5.823317, 49.975067], [5.823378, 49.975113], [5.823458, 49.975155], [5.823523, 49.975178], [5.823584, 49.975193], [5.823885, 49.9752], [5.823969, 49.975204], [5.824019, 49.975204], [5.824087, 49.97523], [5.824163, 49.975254], [5.824236, 49.975266], [5.824289, 49.975266], [5.824343, 49.975254], [5.824427, 49.975227], [5.824484, 49.975204], [5.824537, 49.975197], [5.824598, 49.9752], [5.824812, 49.9752], [5.82501, 49.975197], [5.825277, 49.975185], [5.825586, 49.975204], [5.825846, 49.975006], [5.825968, 49.974922], [5.8262, 49.97477], [5.826399, 49.974663], [5.82649, 49.97471], [5.826563, 49.97475], [5.826666, 49.974815], [5.826796, 49.974903], [5.82686, 49.974945], [5.826941, 49.975006], [5.82699, 49.97505], [5.827116, 49.975185], [5.827292, 49.975376], [5.827402, 49.975494], [5.827551, 49.975628], [5.827715, 49.97576], [5.827795, 49.975826], [5.827955, 49.97597], [5.828592, 49.97595], [5.828646, 49.97595], [5.828814, 49.975983], [5.828939, 49.976], [5.829001, 49.976006], [5.829035, 49.976], [5.82913, 49.975986], [5.829214, 49.975975], [5.829336, 49.975967], [5.830141, 49.97596], [5.830206, 49.975956], [5.8305, 49.975956], [5.831259, 49.9762], [5.831427, 49.97627], [5.831591, 49.976334], [5.831755, 49.976402], [5.832037, 49.97653], [5.832117, 49.976696], [5.832178, 49.976818], [5.832422, 49.97695], [5.832441, 49.97704], [5.83246, 49.9771], [5.832487, 49.977158], [5.832525, 49.977215], [5.832773, 49.977566], [5.83293, 49.977768], [5.833143, 49.978035], [5.833208, 49.97812], [5.833391, 49.97835], [5.833548, 49.97854], [5.834166, 49.97823], [5.834738, 49.978725], [5.835119, 49.979053], [5.835138, 49.97907], [5.835779, 49.97892], [5.835791, 49.978943], [5.836027, 49.979355], [5.836348, 49.979935], [5.836386, 49.97995], [5.83647, 49.980015], [5.836565, 49.98009], [5.836641, 49.980164], [5.836706, 49.98022], [5.836798, 49.98031], [5.836935, 49.98044], [5.837168, 49.980644], [5.837267, 49.98073], [5.837381, 49.980827], [5.837408, 49.980854], [5.837503, 49.980946], [5.837713, 49.981346], [5.83779, 49.981495], [5.837805, 49.98153], [5.83798, 49.981865], [5.838255, 49.982395], [5.838388, 49.98235], [5.838556, 49.98229], [5.838678, 49.982517], [5.838873, 49.982903], [5.839025, 49.983192], [5.839109, 49.983356], [5.839182, 49.98351], [5.839327, 49.983788], [5.839468, 49.98407], [5.839262, 49.984127], [5.839075, 49.984184], [5.8389, 49.98424], [5.838846, 49.984272], [5.838762, 49.984367], [5.838755, 49.98454], [5.838758, 49.984673], [5.83877, 49.98477], [5.838781, 49.984837], [5.838831, 49.984993], [5.838797, 49.985184], [5.838777, 49.985313], [5.838785, 49.985435], [5.8388, 49.98556], [5.838827, 49.985752], [5.838846, 49.9859], [5.838858, 49.98612], [5.838884, 49.986263], [5.838903, 49.986404], [5.838926, 49.98656], [5.838953, 49.986702], [5.838957, 49.986794], [5.838976, 49.986816], [5.839098, 49.98689], [5.839121, 49.98691], [5.839174, 49.98699], [5.839216, 49.987038], [5.8393, 49.9871], [5.839399, 49.987274], [5.839407, 49.98732], [5.839415, 49.98742], [5.839415, 49.98748], [5.839403, 49.987526], [5.839388, 49.987556], [5.839289, 49.987656], [5.839262, 49.987713], [5.839247, 49.987797], [5.839231, 49.98792], [5.839216, 49.987976], [5.839182, 49.988018], [5.839132, 49.98809], [5.839109, 49.988136], [5.839109, 49.9882], [5.839113, 49.98828], [5.839113, 49.988323], [5.839086, 49.98838], [5.83906, 49.988445], [5.83906, 49.988483], [5.839067, 49.988525], [5.839117, 49.988625], [5.839224, 49.98887], [5.839239, 49.988888], [5.839266, 49.9889], [5.839441, 49.988968], [5.839487, 49.98899], [5.839815, 49.989174], [5.839941, 49.98924], [5.840132, 49.989338], [5.840136, 49.989437], [5.84009, 49.989456], [5.839945, 49.989513], [5.839865, 49.98953], [5.83956, 49.989605], [5.839491, 49.98962], [5.839441, 49.989643], [5.839418, 49.989655], [5.839376, 49.989727], [5.83935, 49.98976], [5.839323, 49.989784], [5.839262, 49.989822], [5.839186, 49.989857], [5.83906, 49.989918], [5.8388, 49.990025], [5.838674, 49.990078], [5.838469, 49.99018], [5.83832, 49.990257], [5.83835, 49.990295], [5.838228, 49.990353], [5.837927, 49.9905], [5.837763, 49.990578], [5.837614, 49.99065], [5.837046, 49.990883], [5.836882, 49.99101], [5.836748, 49.991108], [5.836695, 49.991142], [5.836672, 49.991154], [5.836637, 49.99116], [5.83642, 49.99117], [5.836206, 49.991184], [5.83592, 49.991196], [5.83581, 49.9912], [5.835711, 49.991188], [5.835642, 49.99115], [5.8356, 49.991116], [5.835562, 49.991074], [5.835405, 49.991074], [5.835283, 49.99106], [5.835154, 49.99103], [5.834959, 49.99104], [5.834913, 49.99104], [5.834833, 49.991024], [5.834772, 49.99099], [5.834711, 49.99097], [5.834654, 49.99096], [5.834517, 49.99096], [5.834421, 49.990944], [5.83436, 49.99094], [5.8342, 49.990936], [5.834097, 49.990906], [5.834028, 49.99089], [5.833952, 49.990875], [5.833902, 49.990856], [5.833818, 49.990795], [5.833795, 49.990788], [5.833731, 49.990788], [5.8337, 49.990784], [5.833632, 49.99075], [5.833479, 49.990704], [5.83338, 49.99067], [5.833158, 49.9906], [5.83309, 49.990593], [5.832937, 49.99059], [5.832838, 49.990562], [5.832758, 49.990543], [5.832426, 49.990517], [5.832315, 49.990643], [5.832167, 49.990814], [5.831888, 49.99114], [5.831747, 49.99131], [5.831606, 49.991486], [5.831423, 49.99172], [5.831015, 49.99226], [5.83069, 49.992783], [5.830664, 49.992825], [5.830522, 49.993073], [5.83045, 49.993206], [5.830397, 49.99328], [5.830236, 49.99348], [5.830133, 49.993607], [5.829988, 49.993793], [5.829813, 49.993977], [5.829702, 49.994095], [5.829645, 49.994144], [5.828772, 49.99469], [5.828661, 49.994762], [5.828604, 49.9948], [5.828287, 49.995018], [5.82802, 49.995216], [5.827898, 49.995304], [5.827661, 49.99548], [5.827547, 49.99556], [5.827349, 49.995674], [5.827154, 49.99578], [5.826826, 49.99593], [5.826731, 49.99597], [5.826361, 49.99611], [5.825487, 49.996445], [5.824686, 49.99675], [5.82461, 49.996773], [5.823793, 49.99704], [5.823595, 49.996994], [5.822729, 49.997936], [5.822042, 49.99872], [5.821547, 49.999275], [5.821264, 49.999653], [5.820875, 50.00015], [5.820849, 50.000183], [5.820806, 50.00024], [5.820795, 50.000267], [5.820757, 50.000435], [5.820684, 50.000813], [5.820715, 50.000862], [5.820806, 50.00095], [5.821474, 50.001606], [5.821543, 50.001667], [5.821684, 50.0018], [5.821699, 50.001816], [5.821627, 50.002155], [5.821623, 50.00219], [5.821623, 50.002235], [5.821642, 50.002506], [5.821646, 50.002575], [5.821661, 50.002766], [5.821669, 50.002846], [5.821234, 50.003155], [5.821073, 50.00329], [5.820826, 50.003513], [5.821035, 50.00361], [5.821142, 50.003654], [5.821165, 50.003666], [5.821356, 50.003746], [5.820448, 50.005142], [5.820429, 50.005177], [5.820528, 50.005196], [5.820791, 50.005238], [5.821077, 50.00529], [5.821184, 50.00532], [5.821409, 50.00539], [5.821581, 50.005455], [5.82173, 50.005535], [5.821875, 50.00561], [5.821932, 50.005653], [5.822237, 50.005894], [5.822245, 50.005918], [5.821913, 50.00627], [5.821543, 50.006657], [5.821283, 50.006966], [5.821112, 50.00722], [5.820883, 50.00759], [5.82078, 50.007763], [5.820688, 50.007946], [5.820471, 50.008495], [5.820406, 50.008663], [5.820127, 50.009148], [5.819998, 50.00935], [5.819918, 50.009575], [5.819879, 50.009693], [5.819796, 50.00989], [5.819727, 50.010017], [5.819609, 50.010246], [5.819544, 50.010406], [5.819525, 50.010498], [5.819479, 50.0108], [5.81946, 50.010868], [5.81941, 50.01106], [5.819372, 50.01122], [5.820059, 50.011204], [5.820055, 50.011234], [5.820036, 50.011288], [5.819994, 50.011375], [5.819952, 50.011436], [5.819902, 50.011497], [5.819723, 50.011703], [5.819513, 50.011963], [5.819349, 50.01218], [5.819254, 50.012333], [5.819101, 50.012608], [5.818987, 50.01281], [5.819162, 50.012905], [5.819319, 50.01301], [5.819456, 50.013123], [5.819685, 50.013287], [5.819776, 50.01334], [5.819868, 50.013382], [5.819948, 50.01341], [5.820215, 50.013474], [5.820414, 50.01354], [5.820631, 50.013615], [5.821318, 50.013878], [5.821524, 50.01396], [5.821661, 50.014023], [5.821745, 50.014065], [5.821947, 50.014187], [5.822077, 50.01427], [5.82229, 50.01441], [5.822313, 50.014393], [5.822889, 50.01401], [5.823511, 50.014435], [5.823702, 50.01458], [5.823824, 50.014675], [5.824045, 50.01487], [5.824163, 50.014973], [5.824583, 50.014782], [5.824736, 50.01471], [5.824766, 50.014694], [5.824785, 50.014675], [5.824827, 50.01462], [5.824865, 50.01459], [5.824907, 50.014572], [5.824995, 50.014545], [5.825129, 50.014515], [5.825178, 50.014503], [5.825289, 50.014465], [5.825457, 50.014404], [5.825575, 50.014526], [5.825605, 50.01458], [5.825659, 50.01467], [5.825716, 50.014763], [5.825777, 50.01484], [5.825857, 50.014923], [5.826544, 50.014557], [5.827436, 50.014076], [5.827532, 50.01429], [5.827547, 50.014328], [5.827578, 50.01441], [5.82765, 50.014587], [5.827738, 50.014805], [5.827757, 50.01485], [5.828116, 50.0148], [5.828352, 50.01478], [5.828539, 50.014767], [5.828691, 50.01476], [5.828909, 50.014755], [5.829061, 50.014763], [5.829367, 50.014786], [5.829836, 50.01482], [5.830133, 50.014843], [5.82992, 50.01507], [5.829771, 50.01524], [5.829676, 50.015335], [5.829618, 50.015385], [5.829584, 50.015423], [5.829485, 50.01554], [5.829302, 50.01577], [5.830042, 50.016026], [5.83, 50.01608], [5.830633, 50.01625], [5.830656, 50.016254], [5.831526, 50.016552], [5.831671, 50.016617], [5.831877, 50.016727], [5.83209, 50.016846], [5.832315, 50.01697], [5.832872, 50.017303], [5.832396, 50.017952], [5.832601, 50.01801], [5.833376, 50.018238], [5.833769, 50.01835], [5.833754, 50.01842], [5.834047, 50.01847], [5.834402, 50.018517], [5.835188, 50.018623], [5.835733, 50.018696], [5.836023, 50.018734], [5.836065, 50.01873], [5.836119, 50.018723], [5.836137, 50.018722], [5.83658, 50.018696], [5.836908, 50.01868], [5.837477, 50.018673], [5.837736, 50.018715], [5.837931, 50.018757], [5.838057, 50.01879], [5.838297, 50.018864], [5.838407, 50.018906], [5.838472, 50.018932], [5.838438, 50.01902], [5.838373, 50.019215], [5.838781, 50.019238], [5.839365, 50.01923], [5.83954, 50.01923], [5.83988, 50.01932], [5.839903, 50.019325], [5.839918, 50.019337], [5.839949, 50.019333], [5.839964, 50.01934], [5.839994, 50.019352], [5.84004, 50.01939], [5.840075, 50.01941], [5.840105, 50.019417], [5.840132, 50.01942], [5.840159, 50.019417], [5.8402, 50.01941], [5.840212, 50.0194], [5.840212, 50.01939], [5.840185, 50.01937], [5.840174, 50.01936], [5.84017, 50.01935], [5.84017, 50.019333], [5.840174, 50.019318], [5.840166, 50.019306], [5.840155, 50.019295], [5.840136, 50.019283], [5.840124, 50.019268], [5.840132, 50.019257], [5.840159, 50.01924], [5.84017, 50.019234], [5.84017, 50.019222], [5.840159, 50.019207], [5.840143, 50.019203], [5.840124, 50.0192], [5.840113, 50.019188], [5.840109, 50.019173], [5.840128, 50.019142], [5.840151, 50.019127], [5.840185, 50.01912], [5.840231, 50.01912], [5.840296, 50.019135], [5.840345, 50.019142], [5.840383, 50.019142], [5.840429, 50.01914], [5.840456, 50.01913], [5.840494, 50.019115], [5.840551, 50.019085], [5.840593, 50.019066], [5.840628, 50.019054], [5.840666, 50.019043], [5.840681, 50.01903], [5.840685, 50.019012], [5.840693, 50.01897], [5.8407, 50.0189], [5.840746, 50.018753], [5.840803, 50.018585], [5.840815, 50.01854], [5.840803, 50.0185], [5.840738, 50.018436], [5.840723, 50.018406], [5.840727, 50.01837], [5.840746, 50.018337], [5.840788, 50.018307], [5.840826, 50.0183], [5.840868, 50.018303], [5.840898, 50.01832], [5.840967, 50.018353], [5.841013, 50.018364], [5.841047, 50.018364], [5.841085, 50.018353], [5.841135, 50.018337], [5.841391, 50.01861], [5.841501, 50.01872], [5.84173, 50.018604], [5.841864, 50.01883], [5.842028, 50.01899], [5.842402, 50.019344], [5.842573, 50.019505], [5.842836, 50.01945], [5.843187, 50.019436], [5.843477, 50.019413], [5.843809, 50.01938], [5.843927, 50.019478], [5.844034, 50.019554], [5.844114, 50.019604], [5.844244, 50.01968], [5.844435, 50.019787], [5.844694, 50.019928], [5.844904, 50.020027], [5.845156, 50.020138], [5.845358, 50.020237], [5.845659, 50.020397], [5.845869, 50.020515], [5.846178, 50.020683], [5.84638, 50.020786], [5.846567, 50.020874], [5.846842, 50.020992], [5.846987, 50.021057], [5.847139, 50.021122], [5.84749, 50.021263], [5.847593, 50.02131], [5.847956, 50.021458], [5.848814, 50.021812], [5.849142, 50.02194], [5.849772, 50.022224], [5.849855, 50.022224], [5.850409, 50.022472], [5.850519, 50.022514], [5.850664, 50.02256], [5.850954, 50.02263], [5.851328, 50.022713], [5.851774, 50.022804], [5.852457, 50.022903], [5.852468, 50.02306], [5.852465, 50.023167], [5.852457, 50.02321], [5.85243, 50.023293], [5.8524, 50.023403], [5.85232, 50.02363], [5.852217, 50.02393], [5.852175, 50.02408], [5.852159, 50.024166], [5.852137, 50.02435], [5.852083, 50.024494], [5.852015, 50.024673], [5.851946, 50.02487], [5.851892, 50.02506], [5.851847, 50.025246], [5.851748, 50.02562], [5.851728, 50.025673], [5.85166, 50.025818], [5.851522, 50.026104], [5.85177, 50.02619], [5.851999, 50.026253], [5.852232, 50.026306], [5.852655, 50.026394], [5.85372, 50.02662], [5.853598, 50.027214], [5.853258, 50.027573], [5.8538, 50.027702], [5.855261, 50.02804], [5.856066, 50.028214], [5.856668, 50.028343], [5.856806, 50.02837], [5.857019, 50.028378], [5.8575, 50.028393], [5.858011, 50.028416], [5.85885, 50.02845], [5.859095, 50.028465], [5.859453, 50.028633], [5.859877, 50.028877], [5.859831, 50.029087], [5.859816, 50.029133], [5.859728, 50.02925], [5.859499, 50.029457], [5.8594, 50.02956], [5.859335, 50.02964], [5.859243, 50.029762], [5.859159, 50.0299], [5.859083, 50.030067], [5.859026, 50.030262], [5.859037, 50.03042], [5.859057, 50.030533], [5.859198, 50.03064], [5.859358, 50.030754], [5.859404, 50.0308], [5.859442, 50.030888], [5.859449, 50.03092], [5.859426, 50.03098], [5.859407, 50.03099], [5.859201, 50.03099], [5.859087, 50.031], [5.859011, 50.031113], [5.858992, 50.03118], [5.85898, 50.031235], [5.858942, 50.03134], [5.859072, 50.031296], [5.859159, 50.031258], [5.859194, 50.03126], [5.859224, 50.031277], [5.859243, 50.0313], [5.859266, 50.03133], [5.859274, 50.03135], [5.859262, 50.031376], [5.859026, 50.03179], [5.858881, 50.031994], [5.858648, 50.03223], [5.858553, 50.032322], [5.858507, 50.032364], [5.858232, 50.032528], [5.85795, 50.032707], [5.857744, 50.03287], [5.857641, 50.032997], [5.857573, 50.033104], [5.857523, 50.03323], [5.857508, 50.03342], [5.857573, 50.03366], [5.857725, 50.03399], [5.857863, 50.034237], [5.857927, 50.03433], [5.858087, 50.034485], [5.858087, 50.034542], [5.858076, 50.03469], [5.857996, 50.034744], [5.857801, 50.03488], [5.857496, 50.03505], [5.85734, 50.035122], [5.857161, 50.035187], [5.856787, 50.035313], [5.856516, 50.035397], [5.856855, 50.035706], [5.856523, 50.03585], [5.856119, 50.03604], [5.856127, 50.03608], [5.856161, 50.0361], [5.856089, 50.03619], [5.85607, 50.03623], [5.85607, 50.036278], [5.856111, 50.036316], [5.856184, 50.036346], [5.856794, 50.03656], [5.857027, 50.03665], [5.857279, 50.036762], [5.857462, 50.03685], [5.857657, 50.036953], [5.857763, 50.03706], [5.857954, 50.03726], [5.858, 50.037304], [5.858557, 50.037678], [5.859037, 50.038002], [5.859285, 50.038147], [5.859823, 50.0384], [5.860037, 50.038483], [5.860449, 50.038635], [5.860823, 50.03876], [5.861189, 50.038887], [5.861219, 50.038834], [5.861937, 50.038933], [5.862463, 50.039017], [5.862703, 50.03907], [5.86315, 50.039196], [5.863512, 50.039318], [5.863653, 50.03938], [5.863382, 50.039436], [5.863298, 50.0394], [5.863092, 50.039593], [5.862791, 50.039883], [5.862577, 50.04009], [5.862959, 50.04021], [5.862646, 50.04067], [5.862555, 50.0408], [5.862371, 50.041035], [5.862299, 50.041134], [5.862478, 50.041214], [5.862459, 50.04125], [5.862429, 50.041313], [5.862658, 50.041473], [5.862955, 50.041676], [5.863012, 50.041702], [5.863104, 50.04173], [5.86331, 50.041782], [5.863237, 50.042206], [5.863924, 50.042233], [5.864069, 50.042244], [5.864283, 50.042263], [5.864752, 50.04233], [5.865343, 50.042423], [5.865271, 50.04271], [5.86603, 50.04292], [5.866362, 50.043022], [5.866476, 50.043068], [5.866617, 50.043137], [5.867018, 50.04333], [5.867205, 50.043423], [5.867445, 50.043285], [5.867708, 50.04344], [5.867903, 50.04356], [5.86809, 50.043633], [5.868227, 50.043686], [5.868307, 50.04374], [5.868349, 50.04378], [5.868414, 50.04386], [5.868456, 50.043926], [5.868467, 50.043945], [5.868463, 50.04396], [5.86836, 50.04421], [5.868269, 50.04435], [5.868216, 50.04441], [5.868074, 50.044525], [5.868025, 50.04457], [5.867903, 50.04473], [5.867769, 50.044907], [5.867594, 50.045135], [5.86746, 50.04533], [5.8678, 50.04543], [5.868177, 50.0455], [5.868799, 50.045654], [5.869432, 50.04582], [5.869871, 50.045933], [5.869909, 50.045944], [5.869699, 50.046227], [5.869455, 50.04651], [5.869234, 50.04685], [5.868723, 50.04771], [5.86833, 50.048363], [5.867945, 50.04901], [5.867804, 50.04925], [5.867727, 50.049397], [5.867586, 50.049774], [5.867441, 50.050186], [5.867155, 50.05037], [5.866911, 50.050526], [5.866583, 50.050713], [5.866274, 50.050888], [5.866102, 50.05099], [5.86595, 50.051117], [5.865583, 50.05142], [5.865183, 50.05172], [5.86492, 50.05202], [5.864782, 50.05215], [5.86447, 50.052437], [5.864351, 50.052547], [5.864119, 50.05275], [5.863916, 50.052914], [5.863771, 50.053017], [5.86347, 50.05321], [5.86297, 50.053516], [5.862471, 50.053795], [5.862139, 50.053993], [5.861792, 50.05423], [5.86141, 50.05452], [5.861242, 50.05466], [5.861174, 50.054752], [5.861135, 50.05483], [5.86112, 50.05494], [5.861124, 50.05503], [5.861025, 50.055046], [5.861002, 50.054985], [5.860971, 50.054924], [5.860846, 50.05472], [5.86062, 50.05445], [5.860304, 50.0545], [5.860029, 50.05455], [5.859888, 50.054585], [5.85951, 50.054714], [5.859198, 50.054817], [5.858847, 50.054935], [5.858625, 50.054996], [5.858347, 50.05503], [5.858099, 50.055042], [5.857824, 50.055042], [5.857519, 50.055016], [5.857405, 50.05529], [5.857248, 50.05562], [5.857115, 50.055866], [5.856943, 50.056187], [5.856833, 50.056454], [5.856729, 50.05678], [5.856646, 50.057056], [5.856543, 50.057404], [5.856466, 50.057682], [5.85626, 50.05767], [5.856066, 50.057667], [5.855989, 50.057865], [5.855646, 50.057846], [5.855467, 50.058], [5.855162, 50.058258], [5.855055, 50.058346], [5.854826, 50.058514], [5.854452, 50.058754], [5.854204, 50.05889], [5.854467, 50.059044], [5.854574, 50.059376], [5.854776, 50.059998], [5.854948, 50.06012], [5.855257, 50.060352], [5.855581, 50.060623], [5.855883, 50.06089], [5.856287, 50.06126], [5.856573, 50.061527], [5.856646, 50.061596], [5.856588, 50.06176], [5.856451, 50.062126], [5.856489, 50.06222], [5.856554, 50.062344], [5.856596, 50.062428], [5.856592, 50.062584], [5.856604, 50.06274], [5.856626, 50.0633], [5.856668, 50.06366], [5.856729, 50.06394], [5.856844, 50.064247], [5.857012, 50.064583], [5.857183, 50.064884], [5.857317, 50.065094], [5.857473, 50.065327], [5.857649, 50.065563], [5.857866, 50.06588], [5.858156, 50.066383], [5.858351, 50.06668], [5.858442, 50.06681], [5.858686, 50.067074], [5.859049, 50.067417], [5.859095, 50.06746], [5.859274, 50.067654], [5.859602, 50.067997], [5.859827, 50.068222], [5.860167, 50.068596], [5.860411, 50.068855], [5.860559, 50.06904], [5.860663, 50.069214], [5.860971, 50.06925], [5.861277, 50.069305], [5.86149, 50.069347], [5.861608, 50.069366], [5.861822, 50.069386], [5.862005, 50.069393], [5.862291, 50.069427], [5.862551, 50.06948], [5.862738, 50.069523], [5.862913, 50.069572], [5.863195, 50.06972], [5.863317, 50.06978], [5.863451, 50.069836], [5.863584, 50.06988], [5.86384, 50.06995], [5.864141, 50.07002], [5.864412, 50.070076], [5.864656, 50.070137], [5.864958, 50.070248], [5.865541, 50.070488], [5.865751, 50.070568], [5.865934, 50.070656], [5.866255, 50.070854], [5.866575, 50.07106], [5.866831, 50.07123], [5.867193, 50.071507], [5.867441, 50.07171], [5.867636, 50.071873], [5.867888, 50.072086], [5.867842, 50.07244], [5.867781, 50.072872], [5.867716, 50.073353], [5.868074, 50.073494], [5.868486, 50.073643], [5.869253, 50.073883], [5.869821, 50.074055], [5.870306, 50.074207], [5.870851, 50.0744], [5.871332, 50.074554], [5.871767, 50.074684], [5.872251, 50.074863], [5.872923, 50.075043], [5.873808, 50.075264], [5.874235, 50.075375], [5.874746, 50.075493], [5.875174, 50.07559], [5.875876, 50.075752], [5.876459, 50.07589], [5.877279, 50.076088], [5.877852, 50.07621], [5.878531, 50.076344], [5.878779, 50.0764], [5.879301, 50.076477], [5.879705, 50.07653], [5.879999, 50.076565], [5.880842, 50.076687], [5.881502, 50.07677], [5.881876, 50.076805], [5.882196, 50.076824], [5.882254, 50.076565], [5.882338, 50.076134], [5.882357, 50.07605], [5.882517, 50.076363], [5.882631, 50.07656], [5.882822, 50.076717], [5.883085, 50.076893], [5.88352, 50.077152], [5.883776, 50.07726], [5.884249, 50.077415], [5.885225, 50.07772], [5.885782, 50.07796], [5.886011, 50.078087], [5.886167, 50.078186], [5.886454, 50.078396], [5.88674, 50.078667], [5.886927, 50.0789], [5.887137, 50.079212], [5.887239, 50.079407], [5.887304, 50.079704], [5.887403, 50.080326], [5.887434, 50.08056], [5.887503, 50.081127], [5.887537, 50.081524], [5.887548, 50.08192], [5.887529, 50.082146], [5.887423, 50.082806], [5.887258, 50.083645], [5.887236, 50.083874], [5.887316, 50.084343], [5.887335, 50.084827], [5.887323, 50.0853], [5.887301, 50.085655], [5.887247, 50.086025], [5.887178, 50.086414], [5.887133, 50.08655], [5.88706, 50.086823], [5.886854, 50.08753], [5.886808, 50.087837], [5.886702, 50.088284], [5.886641, 50.088585], [5.886583, 50.088943], [5.88648, 50.089855], [5.886476, 50.090096], [5.886457, 50.090412], [5.886469, 50.09051], [5.886526, 50.09066], [5.886583, 50.090786], [5.886705, 50.09098], [5.886999, 50.09142], [5.887465, 50.09209], [5.887846, 50.092617], [5.888018, 50.092903], [5.888334, 50.093353], [5.888693, 50.094006], [5.888784, 50.0942], [5.88909, 50.09508], [5.889185, 50.09528], [5.889288, 50.09555], [5.889341, 50.095627], [5.889513, 50.09575], [5.889593, 50.095818], [5.889761, 50.095993], [5.889879, 50.09616], [5.889978, 50.096317], [5.89023, 50.096596], [5.890478, 50.096867], [5.890707, 50.097103], [5.891016, 50.097565], [5.891119, 50.09782], [5.891306, 50.098312], [5.891546, 50.09873], [5.891981, 50.099323], [5.892084, 50.09942], [5.892752, 50.09979], [5.89358, 50.10033], [5.893915, 50.100574], [5.894152, 50.100742], [5.894434, 50.101017], [5.89456, 50.101154], [5.894606, 50.101334], [5.894598, 50.101406], [5.894491, 50.102005], [5.894396, 50.1027], [5.894384, 50.10292], [5.8944, 50.10311], [5.894438, 50.1033], [5.894541, 50.103565], [5.894693, 50.10389], [5.894949, 50.104355], [5.895006, 50.104489], [5.895052, 50.104595], [5.895201, 50.104954], [5.8953, 50.10528], [5.895323, 50.105515], [5.89533, 50.105927], [5.895315, 50.106125], [5.895212, 50.106705], [5.895075, 50.10733], [5.895067, 50.10791], [5.895052, 50.108593], [5.895041, 50.109184], [5.89506, 50.109352], [5.895186, 50.109898], [5.895246, 50.110214], [5.895418, 50.110703], [5.895502, 50.111103], [5.895513, 50.11128], [5.895456, 50.111526], [5.895316, 50.112162], [5.895385, 50.112208], [5.896723, 50.112865], [5.897924, 50.113457], [5.898161, 50.113575], [5.898249, 50.113632], [5.898306, 50.113674], [5.89842, 50.113773], [5.898581, 50.11391], [5.898619, 50.113945], [5.899008, 50.11429], [5.899157, 50.114426], [5.899256, 50.114532], [5.899446, 50.114727], [5.899656, 50.114956], [5.899794, 50.11511], [5.900007, 50.11536], [5.900263, 50.11567], [5.900354, 50.115765], [5.900465, 50.11587], [5.900526, 50.11592], [5.900667, 50.116024], [5.900743, 50.116077], [5.900827, 50.116127], [5.900888, 50.116158], [5.90101, 50.116203], [5.901213, 50.11626], [5.901461, 50.116337], [5.901522, 50.116352], [5.901983, 50.116493], [5.902395, 50.116623], [5.902411, 50.11663], [5.902491, 50.11666], [5.902723, 50.116783], [5.902849, 50.11685], [5.902956, 50.116913], [5.9032, 50.11705], [5.903494, 50.117214], [5.90354, 50.11723], [5.903913, 50.117332], [5.904325, 50.11745], [5.904604, 50.117546], [5.904856, 50.117645], [5.905024, 50.11771], [5.90526, 50.117798], [5.905817, 50.117996], [5.905943, 50.11803], [5.906244, 50.118126], [5.906561, 50.118217], [5.906836, 50.118294], [5.907003, 50.11835], [5.907167, 50.11841], [5.907347, 50.11847], [5.90769, 50.118595], [5.90798, 50.118656], [5.908339, 50.11872], [5.90869, 50.11879], [5.908792, 50.118813], [5.908895, 50.118847], [5.908964, 50.118877], [5.909151, 50.118946], [5.909525, 50.119087], [5.909716, 50.119232], [5.909899, 50.11937], [5.91028, 50.119663], [5.910395, 50.11976], [5.910421, 50.11978], [5.91049, 50.11986], [5.910585, 50.119987], [5.910681, 50.120106], [5.910871, 50.12035], [5.911074, 50.120598], [5.911188, 50.12074], [5.911253, 50.120678], [5.911722, 50.120876], [5.912153, 50.121063], [5.912512, 50.121216], [5.912859, 50.121365], [5.912874, 50.121372], [5.913221, 50.12152], [5.913542, 50.12166], [5.914061, 50.121883], [5.914095, 50.121902], [5.914579, 50.121815], [5.914823, 50.12177], [5.915262, 50.121662], [5.915548, 50.1216], [5.915949, 50.121544], [5.916082, 50.121536], [5.916224, 50.121532], [5.916441, 50.12154], [5.917013, 50.121544], [5.91741, 50.12154], [5.917444, 50.121555], [5.917669, 50.121647], [5.917894, 50.121735], [5.91815, 50.121834], [5.918413, 50.121937], [5.918985, 50.12216], [5.91963, 50.122414], [5.920359, 50.1227], [5.920843, 50.12288], [5.921492, 50.12313], [5.921568, 50.12318], [5.921637, 50.123226], [5.92227, 50.1234], [5.92285, 50.12356], [5.923571, 50.12376], [5.924639, 50.124054], [5.925898, 50.12441], [5.926218, 50.124557], [5.9265, 50.124695], [5.926539, 50.12471], [5.927095, 50.124973], [5.928083, 50.125446], [5.928427, 50.125607], [5.928812, 50.12579], [5.929239, 50.12599], [5.929663, 50.12619], [5.929754, 50.12621], [5.929937, 50.126255], [5.93014, 50.126293], [5.930345, 50.12632], [5.930559, 50.12634], [5.930845, 50.126358], [5.931185, 50.12638], [5.931402, 50.1264], [5.931623, 50.126427], [5.931921, 50.126472], [5.932215, 50.126526], [5.932371, 50.126556], [5.932756, 50.126656], [5.933146, 50.12676], [5.933397, 50.12683], [5.933573, 50.126873], [5.93371, 50.126896], [5.933889, 50.126923], [5.934008, 50.126934], [5.934141, 50.12695], [5.934305, 50.126762], [5.934317, 50.12675], [5.934492, 50.126766], [5.93471, 50.12678], [5.935327, 50.126827], [5.935507, 50.126842], [5.935778, 50.126957], [5.935789, 50.126965], [5.936289, 50.127018], [5.936678, 50.126965], [5.936777, 50.126953], [5.936884, 50.126945], [5.937174, 50.126938], [5.937414, 50.12715], [5.937502, 50.12722], [5.937613, 50.12729], [5.937784, 50.127373], [5.938044, 50.127487], [5.938246, 50.127563], [5.93849, 50.127647], [5.938734, 50.127728], [5.939123, 50.127842], [5.939531, 50.12796], [5.939798, 50.12804], [5.93984, 50.128056], [5.939913, 50.128048], [5.940042, 50.128098], [5.940309, 50.12818], [5.940809, 50.128326], [5.941595, 50.128567], [5.942343, 50.12877], [5.942705, 50.12883], [5.942751, 50.128838], [5.942644, 50.129], [5.942675, 50.12901], [5.943136, 50.129105], [5.94343, 50.129158], [5.943655, 50.129185], [5.943785, 50.12919], [5.94396, 50.129185], [5.94425, 50.129173], [5.944258, 50.12922], [5.944548, 50.12919], [5.944742, 50.129173], [5.945074, 50.129154], [5.945105, 50.129105], [5.945486, 50.12912], [5.945982, 50.12915], [5.94607, 50.12916], [5.946218, 50.129192], [5.94628, 50.129215], [5.946348, 50.129242], [5.946382, 50.129242], [5.946405, 50.129234], [5.94644, 50.129227], [5.94647, 50.12922], [5.946508, 50.129215], [5.946547, 50.129234], [5.946611, 50.129246], [5.946646, 50.129246], [5.946688, 50.129234], [5.946756, 50.129253], [5.946794, 50.12926], [5.946833, 50.12926], [5.946894, 50.12925], [5.94697, 50.129234], [5.947, 50.12923], [5.947035, 50.129234], [5.947111, 50.129246], [5.947168, 50.129253], [5.94729, 50.12925], [5.947298, 50.129204], [5.947523, 50.12914], [5.947592, 50.129128], [5.947649, 50.129124], [5.94776, 50.12913], [5.947943, 50.129135], [5.948069, 50.12913], [5.948202, 50.129128], [5.948393, 50.12912], [5.949106, 50.129143], [5.949743, 50.129166], [5.949865, 50.129173], [5.950003, 50.129185], [5.950129, 50.1292], [5.950224, 50.129215], [5.950777, 50.12933], [5.951521, 50.12949], [5.951723, 50.129536], [5.951883, 50.129578], [5.952143, 50.12965], [5.952406, 50.12973], [5.952738, 50.129837], [5.953375, 50.13003], [5.953669, 50.130108], [5.954016, 50.130215], [5.954042, 50.130222], [5.953993, 50.1303], [5.953753, 50.130688], [5.953787, 50.130737], [5.953852, 50.130806], [5.953943, 50.130905], [5.954008, 50.130978], [5.954119, 50.130978], [5.954222, 50.130985], [5.954321, 50.13101], [5.954668, 50.131092], [5.954859, 50.131073], [5.954973, 50.131058], [5.955229, 50.13105], [5.955347, 50.131054], [5.955793, 50.13106], [5.956156, 50.13107], [5.956297, 50.13107], [5.956419, 50.13106], [5.956678, 50.131054], [5.956823, 50.131042], [5.956904, 50.131042], [5.957018, 50.131046], [5.957109, 50.131054], [5.9573, 50.131077], [5.957476, 50.1311], [5.95764, 50.13112], [5.957701, 50.13112], [5.957808, 50.131115], [5.95796, 50.131107], [5.958261, 50.13108], [5.958559, 50.131054], [5.958841, 50.131027], [5.958952, 50.13102], [5.959131, 50.131004], [5.959269, 50.131], [5.959417, 50.131], [5.959677, 50.13101], [5.959848, 50.131023], [5.959955, 50.13104], [5.960199, 50.13109], [5.960482, 50.131134], [5.960638, 50.131165], [5.960794, 50.131203], [5.961332, 50.131363], [5.961164, 50.131584], [5.960905, 50.13201], [5.960791, 50.13218], [5.960463, 50.13276], [5.960382, 50.132923], [5.960062, 50.13369], [5.959829, 50.13427], [5.959764, 50.134457], [5.959631, 50.13498], [5.959627, 50.135017], [5.959616, 50.135082], [5.95957, 50.135387], [5.959539, 50.135567], [5.959352, 50.136154], [5.959082, 50.137093], [5.958883, 50.137756], [5.958666, 50.138424], [5.958563, 50.138786], [5.958555, 50.13881], [5.95854, 50.138866], [5.958632, 50.13898], [5.959207, 50.139732], [5.959475, 50.140083], [5.960237, 50.141098], [5.960955, 50.142044], [5.961168, 50.14233], [5.961348, 50.142567], [5.961302, 50.142967], [5.961226, 50.143692], [5.961149, 50.144203], [5.961042, 50.144844], [5.960909, 50.145096], [5.960722, 50.145454], [5.960657, 50.14561], [5.96055, 50.14587], [5.960459, 50.146126], [5.960329, 50.146534], [5.960249, 50.146843], [5.960199, 50.14709], [5.960184, 50.14731], [5.960173, 50.147556], [5.960276, 50.14761], [5.960302, 50.147823], [5.960329, 50.14802], [5.960367, 50.148235], [5.960405, 50.148388], [5.960463, 50.14858], [5.960543, 50.148815], [5.96063, 50.149002], [5.960802, 50.14928], [5.960936, 50.149464], [5.96121, 50.149815], [5.960745, 50.149994], [5.960394, 50.150116], [5.959963, 50.150238], [5.95973, 50.150322], [5.959566, 50.150364], [5.959402, 50.150402], [5.959211, 50.15044], [5.9587, 50.150528], [5.958727, 50.15065], [5.958826, 50.15118], [5.958136, 50.151398], [5.958261, 50.151447], [5.958422, 50.15152], [5.959257, 50.151936], [5.95957, 50.152077], [5.959906, 50.15222], [5.960337, 50.152393], [5.96044, 50.152313], [5.961348, 50.152683], [5.961683, 50.15285], [5.962133, 50.153076], [5.962122, 50.15309], [5.96269, 50.15334], [5.962892, 50.15311], [5.962935, 50.153057], [5.963533, 50.15318], [5.96398, 50.153286], [5.964495, 50.153423], [5.964968, 50.15357], [5.96509, 50.153606], [5.965265, 50.153664], [5.965418, 50.153717], [5.965586, 50.15379], [5.965712, 50.15385], [5.965868, 50.15394], [5.965998, 50.154026], [5.966135, 50.15412], [5.966242, 50.154205], [5.966398, 50.154327], [5.966585, 50.154488], [5.966829, 50.1547], [5.966997, 50.154858], [5.967077, 50.154945], [5.967127, 50.15501], [5.967146, 50.155094], [5.967154, 50.155163], [5.96715, 50.15526], [5.967142, 50.155304], [5.967115, 50.155376], [5.96707, 50.155437], [5.9667, 50.155823], [5.966616, 50.155907], [5.965921, 50.156597], [5.965326, 50.157196], [5.964911, 50.157623], [5.964308, 50.15824], [5.964182, 50.158543], [5.964022, 50.15892], [5.96377, 50.159523], [5.963587, 50.159966], [5.963324, 50.16063], [5.963198, 50.16094], [5.961771, 50.160763], [5.961863, 50.161053], [5.961924, 50.16124], [5.961954, 50.161304], [5.96224, 50.16164], [5.962347, 50.161785], [5.962938, 50.162655], [5.963701, 50.16372], [5.963804, 50.163834], [5.96388, 50.163933], [5.963938, 50.16405], [5.964025, 50.16433], [5.964129, 50.164692], [5.964178, 50.16489], [5.964193, 50.165264], [5.964197, 50.165737], [5.964197, 50.16608], [5.964155, 50.166344], [5.964086, 50.166527], [5.964064, 50.166584], [5.964071, 50.166664], [5.964121, 50.166847], [5.964247, 50.16715], [5.964285, 50.167282], [5.964315, 50.167442], [5.964327, 50.16761], [5.964308, 50.168053], [5.964281, 50.168255], [5.964235, 50.16866], [5.964228, 50.16886], [5.964235, 50.16906], [5.964285, 50.169373], [5.964292, 50.16946], [5.964277, 50.169933], [5.964243, 50.17039], [5.964254, 50.17126], [5.964239, 50.171413], [5.964201, 50.171535], [5.963976, 50.17194], [5.963831, 50.172253], [5.963678, 50.172634], [5.963793, 50.172676], [5.964144, 50.172802], [5.964373, 50.172867], [5.965101, 50.17306], [5.965139, 50.173042], [5.965658, 50.173035], [5.965727, 50.17305], [5.966307, 50.173035], [5.966673, 50.173], [5.967058, 50.17293], [5.967413, 50.172874], [5.967638, 50.17285], [5.967814, 50.172848], [5.968, 50.17285], [5.968359, 50.17285], [5.968561, 50.172928], [5.96892, 50.173084], [5.969316, 50.173294], [5.969492, 50.173405], [5.969645, 50.173546], [5.96985, 50.173805], [5.970072, 50.174065], [5.97019, 50.174168], [5.970427, 50.174347], [5.970503, 50.17444], [5.970579, 50.17458], [5.970675, 50.174805], [5.970739, 50.17487], [5.970808, 50.17491], [5.971033, 50.175014], [5.971067, 50.17502], [5.971602, 50.175026], [5.972231, 50.17503], [5.972998, 50.175037], [5.974119, 50.17505], [5.974745, 50.17506], [5.975347, 50.175064], [5.975779, 50.175068], [5.976114, 50.175076], [5.976835, 50.175087], [5.977224, 50.175087], [5.977686, 50.17509], [5.978079, 50.1751], [5.978514, 50.175102], [5.979124, 50.175106], [5.979578, 50.17511], [5.979902, 50.175114], [5.980623, 50.17512], [5.981386, 50.175125], [5.981916, 50.17513], [5.982058, 50.17513], [5.98242, 50.175133], [5.98282, 50.175137], [5.983591, 50.17514], [5.984976, 50.17514], [5.984999, 50.175194], [5.986101, 50.1752], [5.986765, 50.1752], [5.987844, 50.175213], [5.988733, 50.175213], [5.989298, 50.175205], [5.990049, 50.175213], [5.990953, 50.17522], [5.992216, 50.17532], [5.992636, 50.17535], [5.993311, 50.175396], [5.994833, 50.175507], [5.995832, 50.175575], [5.996477, 50.17562], [5.997179, 50.175674], [5.998671, 50.175777], [5.99922, 50.17582], [5.999739, 50.175858], [5.999933, 50.175873], [6.000471, 50.175934], [6.001081, 50.176014], [6.001703, 50.176098], [6.002562, 50.176247], [6.003012, 50.17634], [6.003538, 50.17646], [6.004206, 50.176632], [6.005217, 50.176937], [6.0063, 50.17726], [6.007429, 50.17758], [6.008051, 50.177765], [6.009172, 50.17814], [6.009516, 50.178257], [6.009661, 50.17829], [6.010923, 50.17842], [6.011293, 50.178463], [6.011507, 50.178497], [6.011999, 50.178642], [6.012281, 50.178722], [6.012753, 50.178846], [6.012983, 50.178913], [6.013212, 50.178986], [6.013464, 50.17909], [6.013662, 50.17919], [6.014158, 50.17951], [6.01438, 50.179623], [6.014597, 50.17972], [6.014872, 50.179848], [6.015203, 50.17996], [6.015837, 50.180153], [6.016245, 50.180286], [6.016684, 50.180447], [6.017023, 50.18058], [6.017103, 50.18062], [6.01716, 50.180653], [6.01721, 50.1807], [6.017393, 50.180943], [6.017488, 50.18108], [6.017572, 50.18117], [6.017641, 50.18121], [6.017805, 50.181274], [6.018202, 50.181377], [6.018549, 50.181446], [6.01885, 50.1815], [6.01906, 50.181526], [6.01972, 50.18161], [6.019926, 50.181644], [6.020185, 50.181705], [6.020327, 50.18175], [6.020494, 50.181816], [6.02099, 50.18207], [6.021254, 50.182182], [6.021536, 50.182274], [6.022127, 50.182434], [6.022276, 50.18246], [6.023439, 50.182575], [6.024734, 50.182771], [6.025038, 50.18181], [6.025275, 50.180953], [6.025457, 50.180317], [6.025686, 50.179543], [6.025824, 50.17916], [6.025957, 50.178818], [6.026449, 50.177494], [6.026567, 50.177216], [6.026663, 50.1771], [6.027372, 50.176464], [6.027468, 50.176315], [6.027807, 50.175743], [6.028116, 50.17522], [6.028273, 50.174797], [6.028605, 50.174126], [6.028669, 50.173992], [6.028845, 50.173645], [6.029005, 50.173317], [6.02915, 50.172863], [6.029161, 50.172794], [6.02928, 50.171944], [6.029314, 50.171764], [6.029455, 50.171352], [6.029528, 50.171074], [6.029562, 50.170742], [6.029554, 50.17028], [6.029509, 50.169815], [6.029417, 50.16933], [6.029356, 50.169033], [6.029348, 50.16892], [6.029367, 50.168808], [6.029444, 50.168434], [6.029505, 50.168037], [6.029554, 50.167656], [6.029577, 50.16747], [6.029577, 50.16737], [6.029524, 50.16714], [6.029421, 50.166885], [6.029291, 50.166557], [6.029257, 50.16646], [6.029249, 50.166378], [6.029265, 50.166283], [6.029291, 50.166187], [6.029409, 50.165985], [6.02947, 50.165924], [6.029699, 50.165676], [6.030111, 50.16522], [6.030443, 50.16484], [6.030733, 50.164516], [6.030806, 50.16452], [6.03116, 50.164234], [6.031137, 50.16419], [6.031244, 50.16406], [6.031393, 50.16392], [6.031797, 50.16372], [6.032099, 50.163498], [6.032824, 50.16285], [6.033297, 50.162468], [6.033594, 50.162273], [6.033842, 50.16217], [6.034224, 50.16208], [6.034906, 50.161957], [6.035219, 50.16191], [6.035353, 50.16187], [6.03565, 50.161644], [6.035994, 50.16142], [6.03652, 50.161083], [6.037111, 50.160583], [6.037249, 50.16048], [6.037527, 50.160385], [6.038057, 50.160202], [6.039076, 50.15979], [6.040049, 50.159405], [6.041071, 50.159176], [6.04204, 50.158947], [6.042299, 50.15887], [6.043146, 50.15863], [6.04352, 50.158504], [6.044123, 50.158226], [6.04484, 50.157906], [6.045172, 50.157703], [6.045656, 50.157593], [6.045725, 50.15769], [6.04619, 50.15761], [6.046938, 50.15749], [6.04767, 50.157375], [6.048067, 50.15731], [6.048391, 50.15726], [6.048624, 50.157227], [6.048777, 50.157196], [6.049318, 50.157063], [6.049906, 50.156918], [6.050299, 50.156822], [6.050623, 50.15671], [6.051191, 50.156525], [6.051729, 50.156338], [6.052057, 50.15624], [6.052252, 50.15618], [6.053, 50.155937], [6.053553, 50.155746], [6.054209, 50.155525], [6.054785, 50.15534], [6.055075, 50.155243], [6.055185, 50.15521], [6.055349, 50.15515], [6.05541, 50.15512], [6.055567, 50.155014], [6.055708, 50.15493], [6.055899, 50.15481], [6.055986, 50.154766], [6.056059, 50.154716], [6.056127, 50.15467], [6.056192, 50.15464], [6.056372, 50.154594], [6.056543, 50.154545], [6.056696, 50.154488], [6.05702, 50.154346], [6.057097, 50.154373], [6.057108, 50.15437], [6.057116, 50.15435], [6.057131, 50.154335], [6.05715, 50.154324], [6.057184, 50.154316], [6.057276, 50.154305], [6.057402, 50.154285], [6.057566, 50.154263], [6.057692, 50.15425], [6.057833, 50.154243], [6.057898, 50.154243], [6.058008, 50.154247], [6.058107, 50.15425], [6.058153, 50.154247], [6.058233, 50.154236], [6.058378, 50.154205], [6.058596, 50.154156], [6.058683, 50.15413], [6.058699, 50.154118], [6.058764, 50.154064], [6.058809, 50.15404], [6.058863, 50.154034], [6.058928, 50.154045], [6.058989, 50.154068], [6.059023, 50.15407], [6.059046, 50.154064], [6.059168, 50.153996], [6.059324, 50.153965], [6.059397, 50.153957], [6.059538, 50.153954], [6.059656, 50.153957], [6.059732, 50.153957], [6.059961, 50.153923], [6.059996, 50.153915], [6.060045, 50.15389], [6.060091, 50.153873], [6.060137, 50.15387], [6.060183, 50.153877], [6.060259, 50.15389], [6.060316, 50.153893], [6.060377, 50.15389], [6.06045, 50.153873], [6.060537, 50.153847], [6.060698, 50.153805], [6.060831, 50.153755], [6.060885, 50.153744], [6.060976, 50.15372], [6.061041, 50.153717], [6.061144, 50.153725], [6.061197, 50.15372], [6.061266, 50.1537], [6.061384, 50.15366], [6.061453, 50.153645], [6.061495, 50.15364], [6.061579, 50.153664], [6.061624, 50.153667], [6.061663, 50.153664], [6.061724, 50.153652], [6.061762, 50.153656], [6.06193, 50.153687], [6.061953, 50.153706], [6.061975, 50.15373], [6.061998, 50.15374], [6.062029, 50.153736], [6.062044, 50.153732], [6.062059, 50.153706], [6.062075, 50.153694], [6.062105, 50.15369], [6.062132, 50.153694], [6.062155, 50.153713], [6.062182, 50.153732], [6.062227, 50.15375], [6.062269, 50.153755], [6.062357, 50.153755], [6.062441, 50.153763], [6.062479, 50.153774], [6.062494, 50.15378], [6.062551, 50.153828], [6.062597, 50.153854], [6.062628, 50.153862], [6.062651, 50.15386], [6.062666, 50.15385], [6.062674, 50.15383], [6.062674, 50.1538], [6.062681, 50.153778], [6.062704, 50.15376], [6.062727, 50.153748], [6.062777, 50.15373], [6.062818, 50.1537], [6.062857, 50.153683], [6.06288, 50.15368], [6.062933, 50.153675], [6.063017, 50.15367], [6.063089, 50.15366], [6.063177, 50.153637], [6.063242, 50.153625], [6.063311, 50.15361], [6.063353, 50.153595], [6.063387, 50.153572], [6.063417, 50.15353], [6.063429, 50.153507], [6.063436, 50.15343], [6.063414, 50.153397], [6.063421, 50.153362], [6.063444, 50.153343], [6.063459, 50.153343], [6.063559, 50.153374], [6.063646, 50.15339], [6.063791, 50.153408], [6.063879, 50.15341], [6.064055, 50.15341], [6.064115, 50.15342], [6.064199, 50.153446], [6.064306, 50.1535], [6.064375, 50.153526], [6.064455, 50.153557], [6.064562, 50.15359], [6.0646, 50.153614], [6.064627, 50.153633], [6.064527, 50.15379], [6.064566, 50.1538], [6.064844, 50.15381], [6.065046, 50.15382], [6.065405, 50.153915], [6.065771, 50.15402], [6.065859, 50.154083], [6.066027, 50.154205], [6.06616, 50.15427], [6.066229, 50.1543], [6.066294, 50.154327], [6.066374, 50.154346], [6.0665, 50.154373], [6.066633, 50.154404], [6.066866, 50.15448], [6.067183, 50.15459], [6.067381, 50.15467], [6.067652, 50.154785], [6.068205, 50.15505], [6.068518, 50.15519], [6.068636, 50.15524], [6.068754, 50.15527], [6.068842, 50.1553], [6.068873, 50.155315], [6.068918, 50.155354], [6.068964, 50.1554], [6.069014, 50.155457], [6.06909, 50.155563], [6.069147, 50.15563], [6.069216, 50.1557], [6.069307, 50.15578], [6.069384, 50.15584], [6.06959, 50.156036], [6.069792, 50.156235], [6.06991, 50.15633], [6.070005, 50.1564], [6.070051, 50.156437], [6.0702, 50.156605], [6.070276, 50.156666], [6.070314, 50.156685], [6.07036, 50.156696], [6.070421, 50.156704], [6.070436, 50.156704], [6.070478, 50.15669], [6.07052, 50.156677], [6.070547, 50.15668], [6.070589, 50.156696], [6.070631, 50.15671], [6.070658, 50.156715], [6.070669, 50.15671], [6.070684, 50.1567], [6.070715, 50.156673], [6.070742, 50.156654], [6.070768, 50.156654], [6.070787, 50.156666], [6.070795, 50.15668], [6.070787, 50.1567], [6.070776, 50.156742], [6.07078, 50.156754], [6.070784, 50.156784], [6.070776, 50.156796], [6.070757, 50.15681], [6.070745, 50.156834], [6.070753, 50.15685], [6.070787, 50.156864], [6.070822, 50.156876], [6.070864, 50.15688], [6.070883, 50.15689], [6.070906, 50.156895], [6.070925, 50.156887], [6.070936, 50.156864], [6.07097, 50.156837], [6.071001, 50.156826], [6.07102, 50.15683], [6.071043, 50.156845], [6.071058, 50.15686], [6.071054, 50.156876], [6.071047, 50.156902], [6.071051, 50.15692], [6.071081, 50.156937], [6.071123, 50.15694], [6.071138, 50.15691], [6.071176, 50.156906], [6.071245, 50.15695], [6.071367, 50.157013], [6.071489, 50.15707], [6.071604, 50.15714], [6.071665, 50.15718], [6.071676, 50.157207], [6.07168, 50.157246], [6.071707, 50.157276], [6.071768, 50.157307], [6.07189, 50.157356], [6.072012, 50.157394], [6.072123, 50.157413], [6.07221, 50.15743], [6.072298, 50.15743], [6.07237, 50.15742], [6.072455, 50.157406], [6.072561, 50.157387], [6.072626, 50.15738], [6.072687, 50.1574], [6.072794, 50.157425], [6.072882, 50.15745], [6.072977, 50.15748], [6.073011, 50.157475], [6.073042, 50.15746], [6.073038, 50.157444], [6.073027, 50.15743], [6.073023, 50.157417], [6.073034, 50.15741], [6.073061, 50.15741], [6.073133, 50.15742], [6.07316, 50.157425], [6.073191, 50.15742], [6.073233, 50.15741], [6.073271, 50.15741], [6.07329, 50.157413], [6.073297, 50.15743], [6.07329, 50.157444], [6.073282, 50.157463], [6.07329, 50.15748], [6.073305, 50.15749], [6.073332, 50.15749], [6.073351, 50.157482], [6.073355, 50.15747], [6.073355, 50.15745], [6.073366, 50.15744], [6.073404, 50.157433], [6.0735, 50.157433], [6.073542, 50.15744], [6.073568, 50.15745], [6.07358, 50.157475], [6.073595, 50.157486], [6.073622, 50.157497], [6.073656, 50.1575], [6.073702, 50.157505], [6.073732, 50.157497], [6.073759, 50.157482], [6.073786, 50.15745], [6.073805, 50.15744], [6.073839, 50.157433], [6.073874, 50.15744], [6.073927, 50.157436], [6.073996, 50.157444], [6.074022, 50.157455], [6.07403, 50.157467], [6.074041, 50.15747], [6.074057, 50.157467], [6.074083, 50.15746], [6.074118, 50.15746], [6.074148, 50.157467], [6.074171, 50.15748], [6.07419, 50.15748], [6.074221, 50.157467], [6.074232, 50.15745], [6.074247, 50.157444], [6.07427, 50.157448], [6.074308, 50.157448], [6.074327, 50.15744], [6.07435, 50.15741], [6.074411, 50.15739], [6.074438, 50.157383], [6.074438, 50.157368], [6.074423, 50.157352], [6.074419, 50.157333], [6.074423, 50.157322], [6.074442, 50.157307], [6.074484, 50.157303], [6.074518, 50.157284], [6.074549, 50.157265], [6.074572, 50.15724], [6.074587, 50.15723], [6.074614, 50.15721], [6.07464, 50.157204], [6.074694, 50.15718], [6.07472, 50.15718], [6.074774, 50.15719], [6.074808, 50.15719], [6.074827, 50.15718], [6.07485, 50.15716], [6.07485, 50.157143], [6.074823, 50.157112], [6.074812, 50.157093], [6.074812, 50.15708], [6.074827, 50.157078], [6.074869, 50.157078], [6.074961, 50.15709], [6.074995, 50.157085], [6.075026, 50.157078], [6.075079, 50.157063], [6.075102, 50.15706], [6.075117, 50.157063], [6.075129, 50.157078], [6.075148, 50.15709], [6.07517, 50.157097], [6.075193, 50.157097], [6.075228, 50.15709], [6.075262, 50.15708], [6.075289, 50.157074], [6.075327, 50.157074], [6.075357, 50.157085], [6.075384, 50.157097], [6.075407, 50.157093], [6.075434, 50.15708], [6.075437, 50.157063], [6.075453, 50.15705], [6.07546, 50.157036], [6.075457, 50.157017], [6.07546, 50.156994], [6.075476, 50.156986], [6.075521, 50.15697], [6.075552, 50.156967], [6.075563, 50.15696], [6.075586, 50.156948], [6.075598, 50.156948], [6.075613, 50.156956], [6.075624, 50.156982], [6.075636, 50.156998], [6.075659, 50.15699], [6.075678, 50.156967], [6.075682, 50.156948], [6.075674, 50.15693], [6.075682, 50.156902], [6.075693, 50.15689], [6.075724, 50.156887], [6.075754, 50.15689], [6.075861, 50.156914], [6.075892, 50.156914], [6.075907, 50.156906], [6.075911, 50.156895], [6.075907, 50.15687], [6.075918, 50.15686], [6.075949, 50.156857], [6.075983, 50.156857], [6.076029, 50.156876], [6.076055, 50.15688], [6.076082, 50.156876], [6.076113, 50.15687], [6.076136, 50.15686], [6.07617, 50.156834], [6.0762, 50.15682], [6.076227, 50.156815], [6.076265, 50.156826], [6.076303, 50.15685], [6.07633, 50.15685], [6.076368, 50.156845], [6.076384, 50.156857], [6.07641, 50.15686], [6.076441, 50.15686], [6.076479, 50.156857], [6.076494, 50.15686], [6.076525, 50.156883], [6.076548, 50.156887], [6.076574, 50.15688], [6.076597, 50.156864], [6.076624, 50.15685], [6.076658, 50.15683], [6.076693, 50.156822], [6.076734, 50.156822], [6.076765, 50.156826], [6.076799, 50.156815], [6.076857, 50.156815], [6.076872, 50.156826], [6.076929, 50.156883], [6.076944, 50.15689], [6.076967, 50.15689], [6.076982, 50.156883], [6.077002, 50.156857], [6.077021, 50.156837], [6.077055, 50.156826], [6.07707, 50.15683], [6.077082, 50.156837], [6.077093, 50.15684], [6.077108, 50.156837], [6.077127, 50.15684], [6.077139, 50.15686], [6.077158, 50.156876], [6.077189, 50.156876], [6.077227, 50.156883], [6.077249, 50.15689], [6.077288, 50.15693], [6.077326, 50.156937], [6.07736, 50.15694], [6.077433, 50.156925], [6.077509, 50.156902], [6.077585, 50.156887], [6.077631, 50.15689], [6.077654, 50.156883], [6.077681, 50.156876], [6.0777, 50.15686], [6.077719, 50.15683], [6.077742, 50.15682], [6.077768, 50.156796], [6.07778, 50.156773], [6.077799, 50.156746], [6.077822, 50.156734], [6.077871, 50.156723], [6.077959, 50.156723], [6.078054, 50.15672], [6.078104, 50.156704], [6.07818, 50.156673], [6.07823, 50.156666], [6.078253, 50.15667], [6.078279, 50.15669], [6.078314, 50.156696], [6.078337, 50.15669], [6.078375, 50.156673], [6.078413, 50.15664], [6.078497, 50.15661], [6.078589, 50.15656], [6.078688, 50.1565], [6.078733, 50.15649], [6.078794, 50.1565], [6.078672, 50.156746], [6.078535, 50.15709], [6.07852, 50.15718], [6.078512, 50.15739], [6.078535, 50.158123], [6.078604, 50.15854], [6.078684, 50.158794], [6.078852, 50.15925], [6.078924, 50.15945], [6.079031, 50.15988], [6.079073, 50.15998], [6.079115, 50.160034], [6.079321, 50.16025], [6.080152, 50.161083], [6.080206, 50.16115], [6.080229, 50.16119], [6.08032, 50.161392], [6.080374, 50.161545], [6.080427, 50.16177], [6.080435, 50.161816], [6.0805, 50.16234], [6.080511, 50.162525], [6.080515, 50.162655], [6.0805, 50.16286], [6.080473, 50.163097], [6.080439, 50.163284], [6.08024, 50.16403], [6.08021, 50.16413], [6.080042, 50.16461], [6.079809, 50.165173], [6.079771, 50.165306], [6.07971, 50.165592], [6.079653, 50.165806], [6.079504, 50.166183], [6.07929, 50.16674], [6.079268, 50.16682], [6.07913, 50.167694], [6.079111, 50.16777], [6.079081, 50.167854], [6.078985, 50.167976], [6.078932, 50.16806], [6.078924, 50.168125], [6.078997, 50.16837], [6.079065, 50.16848], [6.079309, 50.16869], [6.079676, 50.169067], [6.079786, 50.169224], [6.079882, 50.169407], [6.079905, 50.169487], [6.079901, 50.16956], [6.079878, 50.16966], [6.079832, 50.16977], [6.079702, 50.169983], [6.079409, 50.1704], [6.079275, 50.170628], [6.079206, 50.17079], [6.07929, 50.17082], [6.079458, 50.170864], [6.079805, 50.17095], [6.080145, 50.171036], [6.080423, 50.171104], [6.080469, 50.171116], [6.080481, 50.17112], [6.081247, 50.171318], [6.081739, 50.17145], [6.082193, 50.171566], [6.082659, 50.17168], [6.08267, 50.171684], [6.083036, 50.17178], [6.083204, 50.171825], [6.083353, 50.171856], [6.083483, 50.17188], [6.083673, 50.17191], [6.084082, 50.171978], [6.084253, 50.172005], [6.084395, 50.171986], [6.084528, 50.171967], [6.084574, 50.17196], [6.084623, 50.171978], [6.084646, 50.171978], [6.084707, 50.171967], [6.084772, 50.17195], [6.084803, 50.171947], [6.084833, 50.17195], [6.084906, 50.17196], [6.084974, 50.171967], [6.084989, 50.171974], [6.085012, 50.171993], [6.085039, 50.172005], [6.085074, 50.17201], [6.085104, 50.172005], [6.085138, 50.17199], [6.085173, 50.171978], [6.085207, 50.17198], [6.085241, 50.171986], [6.085257, 50.17198], [6.085299, 50.171974], [6.085375, 50.171932], [6.085463, 50.171906], [6.085577, 50.17185], [6.085653, 50.17183], [6.085764, 50.171825], [6.085821, 50.17182], [6.085882, 50.171803], [6.085939, 50.171783], [6.086016, 50.17177], [6.086084, 50.17177], [6.086161, 50.171776], [6.086187, 50.171772], [6.086206, 50.17176], [6.086233, 50.17174], [6.08626, 50.17173], [6.086328, 50.171722], [6.086382, 50.171715], [6.086412, 50.171703], [6.086439, 50.17168], [6.086477, 50.17165], [6.086508, 50.171635], [6.086561, 50.171627], [6.086622, 50.171627], [6.086668, 50.17162], [6.086702, 50.171608], [6.086729, 50.171585], [6.086763, 50.171543], [6.086794, 50.171482], [6.086832, 50.17144], [6.08695, 50.171368], [6.086966, 50.171356], [6.086981, 50.17133], [6.086992, 50.171303], [6.087011, 50.171288], [6.087038, 50.171276], [6.087076, 50.17126], [6.087202, 50.171227], [6.087286, 50.171185], [6.087339, 50.17115], [6.087446, 50.171116], [6.087553, 50.171055], [6.087584, 50.171047], [6.087648, 50.171043], [6.087683, 50.17104], [6.087778, 50.171005], [6.08787, 50.17099], [6.087965, 50.170963], [6.088091, 50.17093], [6.088114, 50.170914], [6.088167, 50.17089], [6.088304, 50.17083], [6.088407, 50.17079], [6.088488, 50.170746], [6.088568, 50.170708], [6.088644, 50.17069], [6.088793, 50.17064], [6.088907, 50.170628], [6.088999, 50.170612], [6.089075, 50.1706], [6.089174, 50.170597], [6.089312, 50.17057], [6.089376, 50.17057], [6.089476, 50.170563], [6.089502, 50.170578], [6.089529, 50.17058], [6.089552, 50.17058], [6.089575, 50.17057], [6.08959, 50.17056], [6.089628, 50.170532], [6.08967, 50.17051], [6.08972, 50.170486], [6.089796, 50.17047], [6.089891, 50.17046], [6.089922, 50.17045], [6.090002, 50.170406], [6.090036, 50.170383], [6.090063, 50.170376], [6.09012, 50.170372], [6.090143, 50.170364], [6.09017, 50.17035], [6.090197, 50.170334], [6.0903, 50.170303], [6.090326, 50.17029], [6.090338, 50.17027], [6.090364, 50.170235], [6.090383, 50.17022], [6.09041, 50.170216], [6.090456, 50.170216], [6.090509, 50.170223], [6.09057, 50.17022], [6.090612, 50.170216], [6.090643, 50.17022], [6.090673, 50.170235], [6.090708, 50.17026], [6.090731, 50.170265], [6.090769, 50.17027], [6.090872, 50.17027], [6.090921, 50.17028], [6.09096, 50.17028], [6.091024, 50.17027], [6.09107, 50.170254], [6.091108, 50.170223], [6.091162, 50.170174], [6.09123, 50.170128], [6.091314, 50.170082], [6.091456, 50.170025], [6.091574, 50.169964], [6.091627, 50.169945], [6.091738, 50.169914], [6.091765, 50.1699], [6.091822, 50.16984], [6.091875, 50.169807], [6.091917, 50.169792], [6.091978, 50.169785], [6.092039, 50.169792], [6.092154, 50.169815], [6.09226, 50.169827], [6.092386, 50.16984], [6.092459, 50.169846], [6.092501, 50.16984], [6.092531, 50.16983], [6.092554, 50.16981], [6.092558, 50.169785], [6.092543, 50.16973], [6.092524, 50.169666], [6.092512, 50.16965], [6.092482, 50.169617], [6.092474, 50.16959], [6.092478, 50.169575], [6.092489, 50.169548], [6.092516, 50.169525], [6.092539, 50.1695], [6.09255, 50.16942], [6.092562, 50.169388], [6.092653, 50.169395], [6.092684, 50.169403], [6.092703, 50.169434], [6.092726, 50.169453], [6.092756, 50.169456], [6.092863, 50.16945], [6.092943, 50.16946], [6.092977, 50.16946], [6.093004, 50.169456], [6.093039, 50.16945], [6.093164, 50.1694], [6.093206, 50.169415], [6.093233, 50.169434], [6.09326, 50.169464], [6.093317, 50.169502], [6.09334, 50.16952], [6.093351, 50.169548], [6.093374, 50.169548], [6.093393, 50.169533], [6.093424, 50.16951], [6.093447, 50.169502], [6.093466, 50.1695], [6.093512, 50.1695], [6.093546, 50.169495], [6.093565, 50.169483], [6.093569, 50.169464], [6.093569, 50.169434], [6.093592, 50.169403], [6.093626, 50.16938], [6.093672, 50.169373], [6.093866, 50.16931], [6.093935, 50.169292], [6.093992, 50.16929], [6.094034, 50.169296], [6.094122, 50.16933], [6.094183, 50.169357], [6.094255, 50.16938], [6.094297, 50.169388], [6.094358, 50.16939], [6.094404, 50.169384], [6.094431, 50.169388], [6.094446, 50.169395], [6.094446, 50.16941], [6.094454, 50.169422], [6.094469, 50.169426], [6.094481, 50.169422], [6.094492, 50.169407], [6.094511, 50.169376], [6.094534, 50.16936], [6.094553, 50.169357], [6.094591, 50.169353], [6.094698, 50.169384], [6.09474, 50.169384], [6.094774, 50.16938], [6.094774, 50.16937], [6.094748, 50.169315], [6.094782, 50.16929], [6.094923, 50.1693], [6.095114, 50.16931], [6.095285, 50.169334], [6.095381, 50.169353], [6.095461, 50.169373], [6.095644, 50.16943], [6.095804, 50.169487], [6.0959, 50.16953], [6.095949, 50.169567], [6.09601, 50.169567], [6.096025, 50.16956], [6.096044, 50.169544], [6.096102, 50.16952], [6.096144, 50.169514], [6.096232, 50.169518], [6.096376, 50.169537], [6.096426, 50.16954], [6.09646, 50.16954], [6.096537, 50.169525], [6.096579, 50.16952], [6.096659, 50.169525], [6.096682, 50.169533], [6.096705, 50.169548], [6.096712, 50.169567], [6.09672, 50.169632], [6.096746, 50.169643], [6.096766, 50.169643], [6.096815, 50.16964], [6.096869, 50.16964], [6.096937, 50.16965], [6.096994, 50.169655], [6.097055, 50.16965], [6.097143, 50.16964], [6.097204, 50.169624], [6.097258, 50.169617], [6.097284, 50.16963], [6.09733, 50.169647], [6.097399, 50.169643], [6.097433, 50.16965], [6.097464, 50.169674], [6.09749, 50.169685], [6.097513, 50.16969], [6.097586, 50.169693], [6.097647, 50.16971], [6.097715, 50.169724], [6.097784, 50.169746], [6.097803, 50.169773], [6.097811, 50.16979], [6.097799, 50.16981], [6.097795, 50.169827], [6.097807, 50.16984], [6.097845, 50.169853], [6.097876, 50.169857], [6.097891, 50.16986], [6.097906, 50.169876], [6.097898, 50.169895], [6.097906, 50.169914], [6.097921, 50.169933], [6.097963, 50.16996], [6.098047, 50.17002], [6.098089, 50.170044], [6.098173, 50.170063], [6.098196, 50.170074], [6.098196, 50.17009], [6.098207, 50.1701], [6.098234, 50.1701], [6.098272, 50.17009], [6.09833, 50.170063], [6.098356, 50.17006], [6.098425, 50.170074], [6.098455, 50.17009], [6.098501, 50.170116], [6.098516, 50.17012], [6.098539, 50.170124], [6.098593, 50.170135], [6.098627, 50.17015], [6.098684, 50.170174], [6.098719, 50.170185], [6.098806, 50.170197], [6.098871, 50.170208], [6.098929, 50.170227], [6.098967, 50.170258], [6.099001, 50.170273], [6.099047, 50.17028], [6.099112, 50.170296], [6.099157, 50.17031], [6.099241, 50.170376], [6.099283, 50.170395], [6.099405, 50.17044], [6.099424, 50.170475], [6.099447, 50.17049], [6.099474, 50.170498], [6.099543, 50.170513], [6.099596, 50.17053], [6.099642, 50.17055], [6.099691, 50.170578], [6.099729, 50.17059], [6.099806, 50.170612], [6.099832, 50.170628], [6.099875, 50.170662], [6.099886, 50.17068], [6.099878, 50.170696], [6.099875, 50.17071], [6.099894, 50.17072], [6.09992, 50.17072], [6.099974, 50.170723], [6.100008, 50.17074], [6.100039, 50.170742], [6.100065, 50.17074], [6.100103, 50.170734], [6.100126, 50.17074], [6.100161, 50.170757], [6.10018, 50.17076], [6.100195, 50.170757], [6.100214, 50.170734], [6.100225, 50.170727], [6.100241, 50.170723], [6.100256, 50.170723], [6.100267, 50.17071], [6.10026, 50.1707], [6.100241, 50.17068], [6.100229, 50.170666], [6.100233, 50.170647], [6.100271, 50.17062], [6.100313, 50.170605], [6.100344, 50.17061], [6.100363, 50.170616], [6.100378, 50.170624], [6.100393, 50.170628], [6.100405, 50.170624], [6.100439, 50.170616], [6.100462, 50.170612], [6.1005, 50.17062], [6.100523, 50.170616], [6.10055, 50.170612], [6.100584, 50.1706], [6.100649, 50.170574], [6.100687, 50.17056], [6.100729, 50.170555], [6.100759, 50.170563], [6.10079, 50.17057], [6.100882, 50.17062], [6.100912, 50.170624], [6.100939, 50.170616], [6.100988, 50.1706], [6.101011, 50.17061], [6.101019, 50.170628], [6.10103, 50.170643], [6.101053, 50.17065], [6.101072, 50.170647], [6.101084, 50.17064], [6.101095, 50.17062], [6.101114, 50.17059], [6.101133, 50.170574], [6.10116, 50.170563], [6.10116, 50.170544], [6.101172, 50.17053], [6.101202, 50.17052], [6.10124, 50.170517], [6.101278, 50.170525], [6.101324, 50.170555], [6.101347, 50.17055], [6.101374, 50.17054], [6.101412, 50.170532], [6.101454, 50.170536], [6.101473, 50.170547], [6.101473, 50.170578], [6.101484, 50.170597], [6.101515, 50.170605], [6.101538, 50.17061], [6.101568, 50.170605], [6.101637, 50.170597], [6.101717, 50.170563], [6.101774, 50.170555], [6.101839, 50.170555], [6.101862, 50.17054], [6.101889, 50.17053], [6.101927, 50.17052], [6.102014, 50.17052], [6.102014, 50.17049], [6.102026, 50.170486], [6.102045, 50.170494], [6.102068, 50.17051], [6.102087, 50.170513], [6.102117, 50.17051], [6.10214, 50.1705], [6.102163, 50.17051], [6.102152, 50.17053], [6.102125, 50.17055], [6.102125, 50.170563], [6.102144, 50.17057], [6.102163, 50.170563], [6.102198, 50.17054], [6.10224, 50.170525], [6.102289, 50.170517], [6.102358, 50.17052], [6.102415, 50.17053], [6.102449, 50.17055], [6.102789, 50.170418], [6.103552, 50.1701], [6.104075, 50.169888], [6.104227, 50.169827], [6.104952, 50.16953], [6.105616, 50.16926], [6.10615, 50.169037], [6.106897, 50.168736], [6.107408, 50.16852], [6.108027, 50.168266], [6.108572, 50.168045], [6.109022, 50.16786], [6.109327, 50.167736], [6.109633, 50.16761], [6.110201, 50.16738], [6.110605, 50.167213], [6.111128, 50.166992], [6.111921, 50.166668], [6.112116, 50.166588], [6.112631, 50.166374], [6.113398, 50.16606], [6.113661, 50.16595], [6.114199, 50.165733], [6.115282, 50.165287], [6.115645, 50.165134], [6.116129, 50.164932], [6.116602, 50.164738], [6.117228, 50.164474], [6.11743, 50.164383], [6.117826, 50.164215], [6.117895, 50.16419], [6.118399, 50.16398], [6.119356, 50.163573], [6.119408, 50.163539], [6.119471, 50.1635], [6.119515, 50.163478], [6.1197, 50.16339], [6.119784, 50.163351], [6.120012, 50.162716], [6.120089, 50.162495], [6.120207, 50.162167], [6.120283, 50.162014], [6.120405, 50.16183], [6.120378, 50.161793], [6.120073, 50.161484], [6.119738, 50.16114], [6.119539, 50.16094], [6.119455, 50.160854], [6.119261, 50.160652], [6.119127, 50.160515], [6.119051, 50.160435], [6.11891, 50.160294], [6.118757, 50.16013], [6.118616, 50.159985], [6.118406, 50.159775], [6.118235, 50.1596], [6.118029, 50.159393], [6.117605, 50.15897], [6.117536, 50.158897], [6.117468, 50.15882], [6.117342, 50.15867], [6.11717, 50.15846], [6.117079, 50.15834], [6.117025, 50.158264], [6.116987, 50.158195], [6.116968, 50.15815], [6.116961, 50.15808], [6.116949, 50.15804], [6.116934, 50.15801], [6.116899, 50.157948], [6.116858, 50.15789], [6.116819, 50.157803], [6.116797, 50.15777], [6.116758, 50.15773], [6.116682, 50.157677], [6.115961, 50.15711], [6.115839, 50.157017], [6.115747, 50.156937], [6.115675, 50.156868], [6.115507, 50.156662], [6.115366, 50.156483], [6.115107, 50.156128], [6.11503, 50.156017], [6.114996, 50.155956], [6.114984, 50.1559], [6.114977, 50.155857], [6.114977, 50.155804], [6.114981, 50.15575], [6.114992, 50.155697], [6.115015, 50.155617], [6.115076, 50.155483], [6.115225, 50.15535], [6.115236, 50.155315], [6.115233, 50.155064], [6.115545, 50.155125], [6.115652, 50.155144], [6.115744, 50.15515], [6.115831, 50.155155], [6.115999, 50.155132], [6.116064, 50.15512], [6.116274, 50.155087], [6.1164, 50.155075], [6.116495, 50.15506], [6.116587, 50.155056], [6.116701, 50.155064], [6.116739, 50.15506], [6.116762, 50.155052], [6.1168, 50.155037], [6.116884, 50.154995], [6.116972, 50.15496], [6.117086, 50.154938], [6.117155, 50.154922], [6.117224, 50.154896], [6.117296, 50.154877], [6.117357, 50.154842], [6.117422, 50.154816], [6.117491, 50.154797], [6.117548, 50.154785], [6.117621, 50.154762], [6.117674, 50.154728], [6.117712, 50.1547], [6.117758, 50.154648], [6.117784, 50.154613], [6.117815, 50.154526], [6.117838, 50.15448], [6.117884, 50.154438], [6.117903, 50.154404], [6.117929, 50.15437], [6.117975, 50.154327], [6.118013, 50.15431], [6.118051, 50.15427], [6.118071, 50.154224], [6.118136, 50.154152], [6.118296, 50.154068], [6.118376, 50.154034], [6.118429, 50.153996], [6.118456, 50.153965], [6.118463, 50.15393], [6.118444, 50.15388], [6.118425, 50.153835], [6.118414, 50.15381], [6.118418, 50.153793], [6.118441, 50.153748], [6.118521, 50.15362], [6.118578, 50.15349], [6.118597, 50.153458], [6.118616, 50.153442], [6.11865, 50.153427], [6.118875, 50.153366], [6.118929, 50.15335], [6.118975, 50.153343], [6.119005, 50.153343], [6.11904, 50.153355], [6.119108, 50.153374], [6.119135, 50.153378], [6.119169, 50.153378], [6.119192, 50.153366], [6.119204, 50.15335], [6.1192, 50.153324], [6.119177, 50.1533], [6.119162, 50.15327], [6.119162, 50.153236], [6.119177, 50.153217], [6.119207, 50.15321], [6.119249, 50.153214], [6.119299, 50.153225], [6.119333, 50.153225], [6.119368, 50.153217], [6.119394, 50.153202], [6.119413, 50.153183], [6.119417, 50.153145], [6.119398, 50.153114], [6.119368, 50.15308], [6.11931, 50.15303], [6.119288, 50.153], [6.119284, 50.15298], [6.119295, 50.152966], [6.119375, 50.15293], [6.119398, 50.152912], [6.119421, 50.152885], [6.119429, 50.152843], [6.119421, 50.152824], [6.11939, 50.152786], [6.119375, 50.15276], [6.11936, 50.15274], [6.11933, 50.152718], [6.119318, 50.152702], [6.119303, 50.15269], [6.119291, 50.152668], [6.119295, 50.152653], [6.119322, 50.152645], [6.119352, 50.15265], [6.119398, 50.15266], [6.119448, 50.152664], [6.119478, 50.152664], [6.119532, 50.152657], [6.1196, 50.152634], [6.119684, 50.152603], [6.119749, 50.152584], [6.119795, 50.15258], [6.119821, 50.152584], [6.119841, 50.152596], [6.119856, 50.152615], [6.119871, 50.152622], [6.119894, 50.152634], [6.119924, 50.152626], [6.119951, 50.152615], [6.119966, 50.152596], [6.119982, 50.152565], [6.119997, 50.152546], [6.120012, 50.152534], [6.120069, 50.15251], [6.120096, 50.152485], [6.120104, 50.152473], [6.120096, 50.15246], [6.120085, 50.15245], [6.120066, 50.152443], [6.120005, 50.15244], [6.119974, 50.152435], [6.11994, 50.152424], [6.119932, 50.152412], [6.119947, 50.152393], [6.119982, 50.15238], [6.120035, 50.15238], [6.120054, 50.152378], [6.120085, 50.15237], [6.120123, 50.15235], [6.120211, 50.15231], [6.120287, 50.152267], [6.120336, 50.152233], [6.120371, 50.1522], [6.120371, 50.152184], [6.120348, 50.15217], [6.120352, 50.152145], [6.120382, 50.15213], [6.120405, 50.152107], [6.120417, 50.152084], [6.120417, 50.152065], [6.120401, 50.15204], [6.120394, 50.15202], [6.120398, 50.152008], [6.120424, 50.15199], [6.120443, 50.151978], [6.120489, 50.151962], [6.120562, 50.15195], [6.120623, 50.151936], [6.120661, 50.151928], [6.120695, 50.15193], [6.120722, 50.15194], [6.120726, 50.15195], [6.120737, 50.151974], [6.120764, 50.15198], [6.120794, 50.151978], [6.12084, 50.151966], [6.120867, 50.15196], [6.12089, 50.151966], [6.120905, 50.151978], [6.12092, 50.151993], [6.120943, 50.151997], [6.120981, 50.151993], [6.121042, 50.151978], [6.121077, 50.151962], [6.121096, 50.151962], [6.121126, 50.151966], [6.121141, 50.15198], [6.121153, 50.152008], [6.121153, 50.152035], [6.121164, 50.15205], [6.12118, 50.152058], [6.12121, 50.152058], [6.121244, 50.152054], [6.121271, 50.152035], [6.12129, 50.152016], [6.121317, 50.152004], [6.121359, 50.151997], [6.121428, 50.15201], [6.121481, 50.152016], [6.121512, 50.152008], [6.121542, 50.151997], [6.121561, 50.151978], [6.121561, 50.151962], [6.12155, 50.151947], [6.121515, 50.15193], [6.121485, 50.151928], [6.12145, 50.15193], [6.121431, 50.15192], [6.121424, 50.15191], [6.121435, 50.151894], [6.121454, 50.15188], [6.121473, 50.15186], [6.121481, 50.151817], [6.1215, 50.15181], [6.121527, 50.151817], [6.121565, 50.151844], [6.12158, 50.151848], [6.121618, 50.151848], [6.12166, 50.151833], [6.121683, 50.151833], [6.121702, 50.151848], [6.121714, 50.151867], [6.121729, 50.15187], [6.121759, 50.151867], [6.121794, 50.151855], [6.121817, 50.151836], [6.121824, 50.15181], [6.121836, 50.151794], [6.12187, 50.15178], [6.121939, 50.15176], [6.121958, 50.15175], [6.121969, 50.15173], [6.121969, 50.15172], [6.121984, 50.1517], [6.122007, 50.151684], [6.122045, 50.151665], [6.122068, 50.151646], [6.122076, 50.151627], [6.122072, 50.151615], [6.122053, 50.151592], [6.122019, 50.15157], [6.122, 50.15155], [6.122, 50.151535], [6.122015, 50.151524], [6.122057, 50.151512], [6.122088, 50.151512], [6.122129, 50.15151], [6.122164, 50.151497], [6.122194, 50.151466], [6.122206, 50.151463], [6.122229, 50.151463], [6.122286, 50.151474], [6.122312, 50.151474], [6.122351, 50.15147], [6.122518, 50.151443], [6.122583, 50.15144], [6.122644, 50.15145], [6.122686, 50.151455], [6.122751, 50.151443], [6.122778, 50.15144], [6.122847, 50.15144], [6.122896, 50.15143], [6.122934, 50.151413], [6.123015, 50.15137], [6.123064, 50.15134], [6.123125, 50.151306], [6.12322, 50.15127], [6.123331, 50.15123], [6.123495, 50.151207], [6.123545, 50.151203], [6.123564, 50.151207], [6.123579, 50.151222], [6.123579, 50.151234], [6.123552, 50.151268], [6.123552, 50.151287], [6.12356, 50.15131], [6.123556, 50.151325], [6.123552, 50.151344], [6.12356, 50.151367], [6.12359, 50.15139], [6.123613, 50.151394], [6.12364, 50.151398], [6.123667, 50.151398], [6.123686, 50.151386], [6.123712, 50.15136], [6.123739, 50.15131], [6.123758, 50.151295], [6.123789, 50.151276], [6.123861, 50.15126], [6.123919, 50.15125], [6.123983, 50.151253], [6.124052, 50.151257], [6.124086, 50.151253], [6.124121, 50.151245], [6.124155, 50.151226], [6.124174, 50.151207], [6.124178, 50.151184], [6.124189, 50.151157], [6.124205, 50.151142], [6.12422, 50.151142], [6.124243, 50.151134], [6.124254, 50.151123], [6.124269, 50.1511], [6.124266, 50.15109], [6.12425, 50.15106], [6.124224, 50.15103], [6.124208, 50.151016], [6.124212, 50.151005], [6.124224, 50.150997], [6.124243, 50.151005], [6.124262, 50.151016], [6.124281, 50.151035], [6.124292, 50.151043], [6.124308, 50.15104], [6.124327, 50.15103], [6.12435, 50.151005], [6.124372, 50.150963], [6.124399, 50.15091], [6.124395, 50.150894], [6.124384, 50.150887], [6.124357, 50.15088], [6.124357, 50.150867], [6.124372, 50.150856], [6.124395, 50.150845], [6.124418, 50.150826], [6.124464, 50.150764], [6.124533, 50.150707], [6.124563, 50.15067], [6.124617, 50.15064], [6.124643, 50.15061], [6.124685, 50.150585], [6.124762, 50.15056], [6.124807, 50.150536], [6.12483, 50.150517], [6.124846, 50.150486], [6.124846, 50.150455], [6.124842, 50.150414], [6.124849, 50.150383], [6.124872, 50.150356], [6.124952, 50.1503], [6.124964, 50.150295], [6.124983, 50.150295], [6.124994, 50.15033], [6.125029, 50.150375], [6.12504, 50.15038], [6.125067, 50.15038], [6.12509, 50.150375], [6.125109, 50.150364], [6.125139, 50.150352], [6.125166, 50.150333], [6.1252, 50.1503], [6.125238, 50.15027], [6.125296, 50.15024], [6.125345, 50.15023], [6.125471, 50.15023], [6.125494, 50.150223], [6.125574, 50.150192], [6.125635, 50.150158], [6.125681, 50.150116], [6.125658, 50.150105], [6.125624, 50.150078], [6.125597, 50.15007], [6.125509, 50.150024], [6.125353, 50.14994], [6.125208, 50.149868], [6.125109, 50.149826], [6.125021, 50.14979], [6.124929, 50.14976], [6.124742, 50.14972], [6.124521, 50.149677], [6.124258, 50.149643], [6.124102, 50.14963], [6.123999, 50.149555], [6.123423, 50.149536], [6.12324, 50.14952], [6.122778, 50.149498], [6.122324, 50.1493], [6.122148, 50.14923], [6.122053, 50.149204], [6.121881, 50.149174], [6.121824, 50.14916], [6.121778, 50.14913], [6.121729, 50.149105], [6.121595, 50.149063], [6.121244, 50.148945], [6.120836, 50.148773], [6.120275, 50.14853], [6.119394, 50.14812], [6.119017, 50.14795], [6.118883, 50.147903], [6.1187, 50.147778], [6.118551, 50.147682], [6.118353, 50.147568], [6.118196, 50.14746], [6.118155, 50.14743], [6.118059, 50.147396], [6.117983, 50.14736], [6.117907, 50.14732], [6.117815, 50.147263], [6.117701, 50.147186], [6.117586, 50.147095], [6.117506, 50.147026], [6.117437, 50.14697], [6.117392, 50.14692], [6.117346, 50.146854], [6.1173, 50.146774], [6.117269, 50.146717], [6.117224, 50.146606], [6.117212, 50.14657], [6.117182, 50.146454], [6.117155, 50.14636], [6.117113, 50.14617], [6.117102, 50.1461], [6.117094, 50.14603], [6.117098, 50.14599], [6.117125, 50.14584], [6.117125, 50.145794], [6.11709, 50.145405], [6.11706, 50.145092], [6.117029, 50.144806], [6.117014, 50.144657], [6.117006, 50.144535], [6.115534, 50.14451], [6.115068, 50.144188], [6.115049, 50.144115], [6.114962, 50.14381], [6.114817, 50.143295], [6.114702, 50.1429], [6.114557, 50.142754], [6.114363, 50.14244], [6.114042, 50.141907], [6.114, 50.141743], [6.113863, 50.14122], [6.113855, 50.141197], [6.113825, 50.141163], [6.113794, 50.141136], [6.113684, 50.140713], [6.113653, 50.140575], [6.113653, 50.14051], [6.113661, 50.140316], [6.113668, 50.140182], [6.113649, 50.139915], [6.113623, 50.13979], [6.113592, 50.139687], [6.113558, 50.139595], [6.113512, 50.139496], [6.113348, 50.139225], [6.11326, 50.139076], [6.113146, 50.138916], [6.113031, 50.13878], [6.112887, 50.138612], [6.112802, 50.138515], [6.112719, 50.13842], [6.112684, 50.138386], [6.112474, 50.138226], [6.112143, 50.137997], [6.112097, 50.13782], [6.112085, 50.137745], [6.112078, 50.13756], [6.112081, 50.137276], [6.112093, 50.136963], [6.112093, 50.136745], [6.112081, 50.136456], [6.112063, 50.136246], [6.112063, 50.136166], [6.11228, 50.136023], [6.11233, 50.136019], [6.112398, 50.136026], [6.112467, 50.136045], [6.112516, 50.136065], [6.112543, 50.13608], [6.112631, 50.136133], [6.112688, 50.136164], [6.112722, 50.136171], [6.112772, 50.136175], [6.112844, 50.136183], [6.112871, 50.136179], [6.112894, 50.136156], [6.112913, 50.136126], [6.112932, 50.136122], [6.112951, 50.136122], [6.112966, 50.136133], [6.11302, 50.136179], [6.113039, 50.13619], [6.113085, 50.136206], [6.113108, 50.136209], [6.113157, 50.136209], [6.113207, 50.136209], [6.113241, 50.136217], [6.113295, 50.136229], [6.113348, 50.136252], [6.113378, 50.136263], [6.113432, 50.136263], [6.113478, 50.136267], [6.113531, 50.136282], [6.113619, 50.136316], [6.113676, 50.136343], [6.113714, 50.136354], [6.113752, 50.136358], [6.11381, 50.136354], [6.11384, 50.136351], [6.113867, 50.136339], [6.113893, 50.136332], [6.11392, 50.136332], [6.114008, 50.136347], [6.114054, 50.136354], [6.114183, 50.136354], [6.114244, 50.136362], [6.114302, 50.13637], [6.114363, 50.136381], [6.114431, 50.136381], [6.114527, 50.136385], [6.114592, 50.136389], [6.114683, 50.136408], [6.11474, 50.136419], [6.114794, 50.136423], [6.114855, 50.136419], [6.114904, 50.136408], [6.114977, 50.136381], [6.115042, 50.136366], [6.115107, 50.136354], [6.115156, 50.136358], [6.11521, 50.136362], [6.115313, 50.136377], [6.115366, 50.136385], [6.115404, 50.136385], [6.115477, 50.136377], [6.115576, 50.136373], [6.115633, 50.136373], [6.115656, 50.136385], [6.11566, 50.136408], [6.115656, 50.136442], [6.115652, 50.136465], [6.11566, 50.136477], [6.115683, 50.13648], [6.115744, 50.13648], [6.115782, 50.136484], [6.115824, 50.136499], [6.115885, 50.136526], [6.115923, 50.136549], [6.11595, 50.136553], [6.11598, 50.136553], [6.116003, 50.136545], [6.116018, 50.13653], [6.116022, 50.136499], [6.116018, 50.136442], [6.116015, 50.136404], [6.116026, 50.136381], [6.116041, 50.136366], [6.116087, 50.136354], [6.116163, 50.136351], [6.116316, 50.136347], [6.116423, 50.136347], [6.116507, 50.136354], [6.116598, 50.136373], [6.116629, 50.136373], [6.116686, 50.136366], [6.116827, 50.136366], [6.116877, 50.136358], [6.116911, 50.136347], [6.116961, 50.136328], [6.116991, 50.136324], [6.117063, 50.136324], [6.117086, 50.136324], [6.117109, 50.136316], [6.117144, 50.136301], [6.117182, 50.136278], [6.117209, 50.136271], [6.117235, 50.136271], [6.117281, 50.136286], [6.117342, 50.136316], [6.117395, 50.136324], [6.117441, 50.136316], [6.11751, 50.136301], [6.117586, 50.136278], [6.117643, 50.136255], [6.117689, 50.136248], [6.117712, 50.136252], [6.117727, 50.136267], [6.11775, 50.136271], [6.117807, 50.136282], [6.117876, 50.136301], [6.117907, 50.136305], [6.117945, 50.136297], [6.117975, 50.136286], [6.11801, 50.136263], [6.118036, 50.136244], [6.118078, 50.136232], [6.118113, 50.136229], [6.118139, 50.136221], [6.118162, 50.136209], [6.118193, 50.136171], [6.118212, 50.136148], [6.118242, 50.136141], [6.118273, 50.136137], [6.118353, 50.136145], [6.118635, 50.13619], [6.118711, 50.136202], [6.118769, 50.136206], [6.118792, 50.136202], [6.118822, 50.13619], [6.118826, 50.136179], [6.118815, 50.136148], [6.118811, 50.136133], [6.118826, 50.136122], [6.11886, 50.13611], [6.118898, 50.136106], [6.118978, 50.136114], [6.118998, 50.136114], [6.119024, 50.13611], [6.119108, 50.136087], [6.119154, 50.13608], [6.119169, 50.136084], [6.119204, 50.136103], [6.119253, 50.136129], [6.119303, 50.136141], [6.11936, 50.136133], [6.119406, 50.136118], [6.119463, 50.136095], [6.119524, 50.13608], [6.119562, 50.136076], [6.119635, 50.136087], [6.119741, 50.136087], [6.11978, 50.136091], [6.119795, 50.136106], [6.119806, 50.136137], [6.119795, 50.136183], [6.119795, 50.136209], [6.119814, 50.136232], [6.119852, 50.136255], [6.119928, 50.136286], [6.119997, 50.136301], [6.12002, 50.136297], [6.120066, 50.13629], [6.120115, 50.136286], [6.120188, 50.13629], [6.120249, 50.136301], [6.120298, 50.136316], [6.120317, 50.136316], [6.12034, 50.136309], [6.120356, 50.136297], [6.120371, 50.136278], [6.12039, 50.136263], [6.120413, 50.136263], [6.120428, 50.136263], [6.120439, 50.13629], [6.120459, 50.136309], [6.120474, 50.136316], [6.120497, 50.136313], [6.120516, 50.136305], [6.120539, 50.136286], [6.12055, 50.136278], [6.120569, 50.136278], [6.120604, 50.136293], [6.120649, 50.136309], [6.120691, 50.136309], [6.120722, 50.136297], [6.120749, 50.136282], [6.120783, 50.136252], [6.120806, 50.136221], [6.12081, 50.136206], [6.120806, 50.136183], [6.120802, 50.136145], [6.120825, 50.136137], [6.120851, 50.136145], [6.120894, 50.136164], [6.120913, 50.136167], [6.120943, 50.136164], [6.120966, 50.13616], [6.120985, 50.136148], [6.121016, 50.136114], [6.121054, 50.136065], [6.121073, 50.136034], [6.121099, 50.136011], [6.121126, 50.136], [6.121164, 50.135988], [6.121267, 50.135973], [6.121321, 50.135961], [6.121378, 50.135942], [6.12142, 50.13592], [6.121443, 50.135904], [6.121458, 50.135862], [6.121466, 50.135847], [6.121496, 50.135836], [6.121569, 50.13582], [6.121679, 50.135801], [6.12171, 50.135794], [6.121824, 50.135752], [6.121962, 50.135714], [6.121996, 50.13571], [6.122038, 50.135721], [6.122084, 50.135737], [6.122126, 50.135759], [6.122148, 50.135767], [6.122187, 50.135775], [6.122232, 50.135778], [6.122278, 50.135767], [6.122312, 50.135752], [6.122339, 50.135737], [6.122343, 50.135725], [6.122339, 50.135706], [6.122324, 50.135683], [6.122278, 50.135614], [6.122263, 50.135591], [6.122263, 50.135572], [6.122278, 50.135565], [6.122335, 50.135546], [6.122385, 50.135504], [6.122435, 50.135469], [6.122549, 50.135412], [6.122606, 50.135389], [6.122625, 50.135389], [6.122648, 50.135401], [6.122683, 50.135424], [6.122702, 50.135427], [6.122732, 50.135424], [6.122751, 50.135408], [6.122816, 50.135347], [6.122831, 50.135325], [6.122831, 50.135298], [6.122854, 50.135271], [6.122889, 50.135256], [6.122961, 50.135237], [6.123003, 50.135222], [6.123026, 50.135206], [6.123121, 50.135134], [6.123171, 50.135096], [6.12324, 50.135065], [6.123266, 50.135057], [6.123289, 50.135065], [6.123312, 50.135073], [6.123342, 50.135065], [6.123381, 50.135038], [6.123404, 50.135008], [6.123442, 50.134958], [6.123465, 50.134939], [6.12351, 50.134912], [6.123541, 50.134897], [6.123579, 50.134855], [6.123598, 50.13484], [6.123922, 50.134699], [6.124014, 50.134661], [6.12409, 50.134634], [6.124124, 50.13463], [6.12417, 50.134634], [6.124239, 50.134649], [6.124319, 50.134672], [6.12443, 50.134703], [6.124495, 50.134718], [6.12454, 50.134726], [6.124582, 50.134729], [6.124655, 50.134733], [6.124742, 50.134726], [6.124769, 50.134718], [6.124792, 50.134703], [6.1248, 50.134684], [6.1248, 50.134661], [6.124807, 50.134645], [6.124826, 50.13463], [6.124857, 50.134615], [6.124968, 50.134588], [6.125135, 50.134527], [6.125345, 50.134447], [6.125597, 50.134344], [6.125788, 50.134256], [6.125944, 50.134188], [6.126055, 50.134138], [6.126131, 50.134115], [6.126215, 50.134096], [6.126261, 50.134088], [6.126329, 50.134077], [6.126402, 50.134054], [6.126478, 50.134024], [6.126528, 50.133997], [6.126555, 50.133966], [6.126581, 50.133928], [6.126589, 50.133894], [6.126593, 50.133856], [6.126604, 50.133829], [6.126623, 50.13381], [6.126665, 50.13378], [6.126783, 50.133715], [6.12686, 50.133669], [6.126909, 50.133631], [6.12694, 50.133596], [6.12697, 50.133547], [6.126986, 50.133509], [6.126982, 50.13349], [6.126955, 50.133451], [6.126928, 50.133413], [6.126936, 50.133387], [6.126974, 50.133352], [6.127027, 50.133326], [6.127123, 50.133276], [6.127176, 50.13323], [6.127279, 50.133146], [6.127459, 50.132986], [6.127554, 50.132902], [6.127588, 50.132853], [6.127619, 50.132811], [6.127665, 50.132757], [6.127726, 50.132715], [6.127825, 50.132673], [6.127951, 50.132643], [6.128035, 50.13262], [6.128088, 50.132585], [6.128222, 50.132505], [6.128283, 50.13246], [6.128305, 50.132433], [6.128344, 50.132364], [6.128374, 50.132326], [6.128416, 50.132303], [6.128458, 50.132292], [6.128538, 50.132292], [6.128588, 50.132284], [6.128614, 50.132273], [6.128637, 50.132254], [6.128637, 50.132238], [6.128634, 50.132216], [6.12863, 50.132189], [6.12863, 50.132162], [6.128637, 50.132147], [6.128683, 50.132105], [6.128779, 50.132048], [6.128839, 50.132006], [6.128878, 50.131971], [6.128931, 50.131914], [6.128984, 50.131842], [6.12903, 50.131784], [6.129103, 50.131723], [6.129164, 50.13167], [6.129183, 50.131636], [6.12919, 50.131609], [6.129183, 50.13159], [6.129156, 50.131571], [6.129141, 50.131552], [6.129145, 50.131521], [6.129171, 50.131491], [6.129213, 50.131468], [6.129244, 50.131433], [6.129301, 50.131361], [6.129362, 50.131311], [6.129427, 50.131254], [6.129442, 50.131228], [6.129454, 50.131189], [6.129465, 50.131166], [6.129484, 50.131147], [6.129545, 50.131117], [6.129564, 50.131098], [6.129572, 50.131082], [6.129572, 50.131067], [6.129568, 50.131052], [6.129557, 50.131037], [6.129561, 50.131002], [6.129572, 50.130983], [6.129625, 50.130949], [6.129633, 50.130918], [6.129644, 50.130888], [6.129667, 50.130865], [6.129705, 50.130846], [6.129751, 50.130827], [6.129793, 50.130804], [6.129847, 50.13077], [6.129931, 50.130732], [6.129995, 50.130705], [6.13006, 50.130659], [6.130098, 50.130629], [6.130171, 50.130526], [6.130224, 50.130461], [6.130259, 50.13043], [6.130289, 50.130411], [6.130354, 50.130388], [6.130438, 50.130377], [6.130495, 50.130358], [6.130522, 50.130342], [6.130529, 50.13032], [6.130526, 50.130308], [6.130507, 50.130289], [6.130495, 50.130266], [6.130507, 50.130243], [6.130533, 50.130213], [6.130583, 50.130171], [6.130632, 50.130125], [6.130655, 50.130091], [6.130667, 50.130049], [6.130667, 50.130003], [6.130667, 50.129973], [6.130682, 50.129942], [6.130724, 50.129892], [6.130785, 50.129843], [6.130835, 50.129808], [6.130861, 50.129801], [6.130899, 50.129793], [6.130949, 50.129789], [6.130979, 50.129797], [6.13101, 50.129805], [6.131029, 50.12982], [6.131056, 50.129835], [6.131079, 50.129839], [6.131098, 50.129835], [6.131117, 50.129824], [6.131193, 50.12977], [6.131231, 50.129751], [6.131277, 50.129732], [6.131327, 50.129721], [6.131353, 50.129728], [6.131376, 50.12974], [6.131395, 50.129751], [6.13143, 50.129763], [6.131456, 50.129763], [6.131491, 50.129751], [6.131529, 50.129724], [6.131552, 50.129705], [6.131586, 50.129694], [6.131769, 50.129656], [6.131941, 50.129621], [6.132013, 50.129614], [6.132067, 50.129614], [6.132124, 50.129621], [6.132216, 50.129641], [6.132311, 50.129663], [6.132368, 50.129671], [6.132418, 50.129671], [6.132505, 50.129667], [6.132597, 50.129663], [6.132654, 50.129663], [6.132727, 50.129671], [6.132776, 50.129679], [6.132833, 50.12969], [6.132883, 50.129694], [6.13294, 50.129675], [6.13299, 50.129656], [6.133074, 50.129625], [6.1332, 50.129595], [6.133253, 50.129572], [6.133306, 50.12953], [6.133364, 50.129507], [6.133421, 50.129488], [6.133451, 50.129488], [6.133497, 50.129492], [6.133585, 50.129511], [6.133669, 50.129519], [6.133722, 50.129522], [6.133787, 50.12953], [6.133856, 50.129541], [6.133921, 50.129545], [6.133993, 50.129549], [6.134035, 50.12956], [6.134062, 50.129579], [6.134085, 50.129614], [6.134111, 50.129629], [6.134146, 50.129633], [6.134176, 50.129629], [6.134192, 50.129618], [6.134195, 50.129595], [6.134184, 50.129568], [6.134192, 50.129553], [6.134218, 50.129549], [6.134268, 50.129564], [6.13431, 50.129595], [6.13439, 50.129663], [6.134401, 50.129667], [6.134462, 50.129675], [6.134508, 50.129682], [6.134531, 50.12969], [6.13455, 50.129717], [6.134565, 50.129728], [6.134596, 50.129732], [6.134626, 50.129724], [6.134668, 50.129702], [6.134703, 50.129682], [6.134737, 50.129675], [6.134771, 50.129679], [6.13481, 50.12969], [6.134832, 50.129713], [6.134897, 50.129763], [6.134901, 50.129782], [6.134863, 50.129808], [6.134829, 50.129835], [6.134821, 50.129877], [6.134806, 50.129896], [6.134783, 50.129931], [6.13479, 50.129961], [6.13481, 50.12998], [6.134832, 50.129984], [6.134882, 50.129988], [6.134909, 50.129999], [6.134962, 50.130022], [6.135004, 50.13003], [6.135077, 50.130068], [6.135134, 50.130083], [6.135176, 50.130098], [6.135195, 50.130129], [6.135202, 50.13014], [6.135222, 50.130148], [6.135248, 50.130148], [6.135279, 50.130136], [6.135313, 50.130133], [6.13534, 50.130136], [6.135385, 50.130152], [6.135454, 50.130178], [6.135508, 50.13019], [6.135565, 50.130186], [6.135645, 50.130171], [6.135748, 50.130148], [6.135824, 50.130133], [6.135927, 50.130117], [6.136026, 50.130106], [6.13608, 50.130098], [6.136126, 50.130087], [6.136152, 50.130072], [6.136167, 50.130049], [6.136183, 50.130018], [6.136225, 50.129969], [6.136244, 50.129934], [6.136278, 50.129915], [6.136316, 50.129904], [6.136374, 50.129892], [6.136419, 50.129866], [6.136465, 50.129862], [6.136522, 50.12985], [6.136564, 50.129827], [6.13661, 50.129839], [6.136648, 50.129858], [6.136679, 50.129888], [6.136694, 50.129923], [6.136698, 50.12998], [6.136705, 50.130045], [6.136732, 50.130094], [6.13677, 50.130125], [6.136808, 50.130136], [6.13685, 50.13014], [6.136889, 50.130133], [6.136946, 50.130106], [6.137007, 50.130068], [6.13706, 50.130053], [6.137163, 50.130026], [6.137198, 50.130003], [6.137247, 50.129961], [6.137297, 50.129923], [6.137369, 50.129888], [6.137464, 50.129888], [6.13764, 50.129866], [6.137857, 50.129869], [6.137854, 50.129858], [6.137808, 50.129721], [6.137777, 50.129641], [6.137766, 50.129579], [6.137762, 50.129526], [6.13777, 50.1294], [6.137789, 50.129324], [6.13785, 50.129076], [6.137918, 50.128813], [6.137945, 50.12871], [6.137953, 50.128614], [6.13796, 50.128439], [6.137957, 50.128408], [6.137953, 50.128366], [6.137937, 50.128286], [6.137903, 50.128191], [6.137823, 50.127958], [6.137724, 50.127832], [6.13769, 50.127783], [6.137491, 50.127504], [6.137453, 50.127455], [6.137361, 50.127153], [6.137339, 50.127081], [6.137297, 50.126932], [6.137278, 50.126612], [6.137228, 50.126368], [6.137239, 50.126123], [6.137239, 50.126089], [6.13719, 50.125666], [6.137011, 50.125296], [6.136801, 50.124891], [6.136747, 50.124788], [6.136694, 50.124674], [6.136663, 50.124594], [6.136629, 50.124498], [6.136587, 50.124372], [6.13656, 50.124273], [6.136515, 50.124201], [6.136316, 50.124006], [6.136061, 50.123751], [6.135588, 50.123526], [6.135469, 50.123472], [6.135393, 50.12343], [6.135302, 50.123381], [6.135176, 50.123327], [6.135004, 50.123243], [6.13476, 50.123167], [6.13452, 50.123114], [6.134165, 50.123079], [6.133776, 50.123049], [6.133425, 50.123022], [6.132986, 50.122946], [6.132627, 50.122854], [6.132269, 50.122702], [6.131537, 50.122408], [6.131136, 50.122255], [6.131002, 50.122206], [6.130739, 50.12211], [6.130449, 50.122061], [6.130358, 50.122023], [6.130274, 50.121985], [6.130209, 50.121946], [6.130125, 50.121893], [6.129953, 50.12182], [6.129614, 50.121599], [6.12919, 50.121321], [6.129198, 50.120958], [6.12919, 50.120874], [6.129187, 50.12084], [6.129168, 50.120718], [6.129133, 50.12052], [6.129129, 50.120508], [6.129106, 50.120409], [6.129042, 50.120108], [6.128984, 50.119844], [6.128908, 50.119554], [6.128866, 50.119413], [6.128859, 50.119314], [6.128828, 50.119249], [6.128759, 50.119085], [6.128664, 50.118822], [6.128675, 50.11854], [6.128672, 50.118483], [6.128588, 50.118174], [6.128553, 50.118032], [6.128542, 50.117998], [6.128519, 50.117933], [6.128477, 50.117804], [6.128469, 50.117788], [6.128405, 50.117628], [6.128294, 50.117464], [6.128225, 50.11735], [6.128141, 50.117083], [6.128103, 50.116957], [6.12808, 50.116846], [6.128077, 50.116816], [6.128038, 50.116659], [6.128016, 50.116556], [6.127996, 50.116522], [6.127905, 50.116365], [6.127836, 50.116262], [6.127851, 50.116148], [6.127867, 50.116091], [6.127916, 50.116018], [6.127954, 50.115957], [6.127966, 50.115942], [6.128065, 50.115831], [6.128199, 50.115671], [6.128336, 50.115492], [6.12845, 50.115339], [6.128531, 50.115206], [6.128611, 50.11511], [6.128752, 50.114931], [6.128851, 50.114805], [6.128935, 50.114698], [6.129003, 50.114649], [6.129171, 50.114519], [6.129206, 50.114492], [6.129347, 50.114382], [6.12937, 50.114367], [6.129393, 50.114344], [6.129515, 50.114252], [6.129785, 50.114138], [6.129881, 50.114096], [6.130133, 50.113996], [6.130201, 50.113977], [6.130377, 50.113935], [6.130571, 50.11389], [6.130815, 50.113833], [6.130972, 50.113794], [6.131342, 50.11376], [6.13167, 50.113726], [6.131788, 50.113718], [6.131975, 50.113714], [6.132425, 50.113707], [6.132894, 50.113752], [6.133268, 50.113791], [6.133799, 50.113745], [6.133905, 50.113737], [6.134432, 50.113695], [6.134748, 50.113565], [6.134867, 50.11339], [6.134897, 50.113195], [6.13476, 50.112913], [6.134733, 50.112852], [6.13471, 50.112787], [6.134588, 50.112482], [6.134409, 50.112253], [6.134272, 50.112089], [6.134142, 50.11191], [6.13394, 50.111784], [6.133829, 50.111628], [6.13381, 50.111463], [6.13373, 50.111319], [6.133638, 50.111223], [6.133448, 50.111078], [6.133245, 50.110903], [6.132719, 50.110453], [6.132509, 50.110266], [6.132391, 50.110167], [6.132181, 50.109976], [6.132086, 50.109899], [6.132013, 50.109842], [6.131876, 50.109667], [6.131762, 50.10951], [6.131613, 50.109324], [6.131468, 50.109152], [6.131308, 50.109003], [6.131098, 50.108831], [6.130949, 50.10869], [6.130907, 50.108641], [6.130877, 50.108603], [6.130655, 50.108332], [6.130659, 50.108263], [6.130674, 50.108023], [6.130686, 50.107977], [6.130712, 50.107881], [6.130732, 50.107714], [6.130732, 50.107698], [6.130766, 50.1075], [6.130785, 50.107416], [6.130819, 50.10726], [6.13088, 50.107069], [6.130911, 50.106981], [6.13096, 50.106684], [6.131029, 50.106474], [6.131056, 50.106443], [6.131208, 50.106314], [6.131373, 50.106188], [6.13138, 50.10618], [6.131582, 50.106031], [6.131845, 50.105883], [6.131861, 50.105875], [6.132166, 50.105734], [6.132681, 50.105558], [6.132978, 50.105482], [6.133253, 50.105394], [6.133371, 50.105345], [6.13344, 50.105314], [6.13352, 50.10528], [6.133757, 50.105162], [6.133863, 50.105108], [6.133886, 50.105104], [6.133909, 50.105123], [6.133936, 50.105131], [6.13397, 50.10515], [6.133997, 50.105131], [6.134218, 50.105082], [6.134447, 50.104963], [6.134569, 50.104902], [6.134745, 50.104799], [6.134855, 50.104704], [6.134935, 50.104574], [6.135187, 50.104197], [6.135332, 50.103926], [6.135366, 50.103884], [6.135401, 50.103842], [6.135454, 50.103769], [6.135569, 50.10367], [6.135565, 50.103483], [6.135538, 50.103449], [6.135424, 50.103277], [6.135172, 50.103167], [6.134851, 50.103022], [6.134615, 50.102922], [6.134336, 50.102831], [6.134062, 50.102751], [6.13373, 50.102671], [6.133696, 50.102659], [6.133657, 50.102655], [6.133482, 50.102632], [6.133345, 50.102617], [6.133074, 50.102598], [6.132921, 50.102587], [6.132521, 50.102594], [6.132273, 50.102606], [6.132147, 50.10261], [6.131876, 50.102655], [6.131529, 50.102743], [6.13117, 50.102842], [6.131128, 50.102884], [6.130827, 50.1029], [6.130808, 50.1029], [6.130686, 50.102896], [6.130617, 50.10293], [6.130278, 50.10293], [6.129965, 50.102911], [6.12961, 50.102854], [6.128744, 50.102674], [6.128344, 50.102549], [6.128008, 50.102472], [6.127729, 50.102423], [6.127699, 50.102415], [6.127241, 50.102316], [6.12681, 50.102179], [6.126509, 50.102053], [6.126146, 50.1019], [6.126036, 50.101858], [6.125822, 50.101774], [6.125765, 50.101709], [6.125669, 50.101606], [6.12557, 50.101488], [6.125532, 50.1014], [6.125414, 50.101107], [6.125402, 50.101038], [6.125368, 50.100809], [6.125399, 50.10066], [6.125433, 50.100512], [6.125433, 50.100397], [6.125425, 50.100233], [6.125418, 50.100084], [6.125402, 50.099871], [6.125429, 50.099653], [6.125441, 50.099562], [6.125456, 50.099459], [6.125536, 50.099131], [6.125593, 50.098963], [6.125696, 50.098791], [6.125734, 50.098726], [6.125902, 50.098497], [6.125971, 50.098379], [6.126089, 50.098173], [6.126288, 50.097914], [6.126299, 50.097898], [6.126577, 50.097483], [6.126902, 50.097044], [6.127001, 50.096891], [6.127173, 50.096628], [6.12718, 50.096613], [6.127344, 50.096422], [6.127581, 50.096193], [6.127707, 50.09606], [6.127882, 50.095835], [6.128233, 50.095495], [6.128386, 50.095331], [6.128618, 50.095148], [6.128801, 50.095095], [6.128965, 50.095072], [6.128988, 50.095068], [6.129343, 50.095003], [6.12966, 50.094919], [6.130011, 50.094915], [6.130312, 50.094904], [6.130423, 50.094904], [6.130667, 50.094904], [6.131037, 50.094896], [6.13125, 50.094866], [6.131338, 50.094866], [6.131388, 50.09487], [6.13154, 50.094915], [6.131811, 50.094961], [6.13204, 50.094984], [6.132208, 50.094965], [6.132399, 50.094904], [6.132521, 50.094828], [6.132769, 50.094545], [6.132929, 50.094274], [6.133017, 50.093981], [6.133066, 50.093809], [6.13307, 50.093637], [6.13299, 50.093359], [6.132894, 50.093226], [6.132711, 50.093035], [6.132513, 50.092913], [6.132196, 50.092737], [6.131971, 50.092642], [6.1317, 50.092569], [6.131453, 50.09252], [6.131182, 50.09247], [6.130922, 50.092436], [6.130659, 50.092417], [6.1304, 50.092409], [6.130133, 50.092413], [6.129911, 50.092421], [6.129446, 50.092428], [6.129278, 50.092436], [6.129019, 50.092501], [6.128767, 50.092562], [6.128748, 50.092569], [6.128488, 50.092634], [6.128275, 50.092688], [6.128145, 50.092749], [6.128054, 50.092791], [6.127947, 50.092817], [6.127832, 50.092848], [6.127604, 50.092909], [6.127199, 50.092962], [6.127153, 50.09297], [6.127123, 50.09297], [6.127088, 50.092974], [6.127047, 50.092981], [6.126768, 50.093012], [6.126276, 50.093058], [6.125967, 50.093111], [6.125677, 50.093157], [6.125551, 50.093184], [6.125502, 50.093195], [6.125219, 50.093195], [6.124746, 50.093294], [6.124407, 50.093435], [6.124178, 50.093565], [6.12409, 50.093611], [6.123724, 50.093729], [6.12369, 50.093733], [6.123652, 50.093741], [6.12343, 50.093775], [6.123373, 50.093786], [6.123121, 50.093798], [6.122911, 50.093782], [6.12274, 50.093767], [6.122606, 50.093752], [6.122499, 50.093729], [6.122255, 50.093679], [6.122057, 50.093618], [6.121943, 50.09358], [6.121664, 50.093454], [6.121401, 50.093283], [6.12137, 50.09326], [6.121195, 50.093142], [6.121092, 50.093077], [6.121008, 50.092917], [6.120851, 50.092753], [6.120806, 50.092711], [6.120707, 50.092615], [6.120596, 50.092527], [6.120504, 50.092451], [6.12039, 50.092329], [6.120241, 50.092161], [6.120218, 50.092146], [6.120119, 50.092081], [6.119993, 50.092012], [6.119982, 50.091963], [6.119955, 50.091852], [6.119947, 50.091772], [6.119951, 50.091753], [6.119936, 50.091738], [6.119917, 50.0917], [6.119852, 50.091581], [6.119745, 50.091257], [6.119707, 50.091093], [6.119703, 50.091078], [6.119654, 50.090925], [6.119593, 50.090738], [6.119574, 50.090551], [6.11952, 50.09038], [6.119471, 50.090227], [6.119356, 50.089933], [6.119352, 50.089914], [6.119295, 50.089613], [6.119345, 50.089182], [6.11939, 50.089041], [6.119413, 50.088873], [6.119387, 50.088682], [6.119394, 50.088537], [6.119387, 50.088335], [6.119387, 50.088324], [6.119375, 50.088255], [6.119349, 50.088091], [6.119375, 50.087912], [6.119371, 50.087812], [6.119364, 50.087728], [6.119471, 50.087652], [6.119543, 50.087477], [6.1196, 50.087351], [6.119638, 50.087229], [6.119654, 50.087191], [6.119696, 50.087095], [6.119665, 50.086912], [6.119654, 50.086733], [6.119554, 50.086554], [6.119551, 50.086233], [6.11952, 50.085951], [6.119513, 50.08589], [6.11957, 50.085756], [6.119585, 50.085714], [6.1196, 50.08568], [6.11973, 50.085482], [6.119821, 50.085333], [6.11997, 50.085177], [6.12015, 50.084986], [6.12031, 50.084814], [6.120474, 50.084684], [6.120607, 50.084551], [6.120791, 50.084368], [6.121031, 50.084246], [6.121187, 50.084124], [6.121241, 50.084082], [6.121469, 50.083895], [6.121794, 50.083658], [6.122049, 50.083464], [6.122095, 50.083357], [6.122148, 50.083181], [6.122114, 50.082972], [6.122061, 50.082769], [6.121965, 50.08259], [6.12195, 50.082434], [6.121946, 50.082403], [6.121901, 50.082201], [6.121881, 50.081999], [6.121874, 50.081839], [6.121874, 50.081743], [6.121874, 50.081694], [6.121874, 50.081407], [6.121805, 50.081133], [6.121798, 50.081114], [6.121736, 50.080969], [6.121695, 50.080866], [6.121565, 50.08066], [6.121458, 50.080454], [6.121374, 50.080301], [6.121283, 50.080122], [6.121145, 50.079886], [6.120993, 50.079657], [6.120913, 50.079515], [6.120909, 50.079504], [6.120756, 50.079306], [6.120642, 50.079115], [6.120542, 50.078894], [6.120409, 50.078718], [6.120272, 50.078585], [6.120165, 50.078463], [6.120146, 50.07844], [6.120012, 50.078329], [6.120001, 50.078318], [6.11981, 50.078161], [6.119799, 50.078154], [6.119497, 50.077951], [6.119432, 50.077902], [6.119257, 50.077776], [6.119162, 50.077707], [6.118986, 50.077532], [6.118834, 50.077356], [6.118673, 50.077211], [6.118586, 50.077124], [6.118399, 50.07694], [6.118368, 50.076918], [6.118101, 50.076643], [6.11796, 50.076334], [6.117971, 50.076181], [6.11796, 50.075983], [6.11796, 50.075952], [6.117945, 50.07583], [6.117773, 50.075605], [6.117685, 50.075563], [6.117136, 50.07538], [6.117071, 50.075361], [6.117041, 50.07535], [6.117002, 50.075338], [6.116934, 50.075316], [6.116762, 50.075262], [6.116549, 50.07519], [6.116289, 50.075033], [6.115999, 50.074861], [6.1159, 50.07477], [6.115774, 50.074648], [6.115789, 50.074591], [6.115812, 50.074568], [6.115912, 50.074472], [6.11622, 50.074186], [6.116297, 50.074083], [6.116377, 50.073984], [6.116613, 50.073683], [6.116632, 50.073698], [6.116884, 50.073462], [6.117189, 50.07321], [6.117258, 50.073156], [6.11743, 50.07305], [6.117651, 50.072931], [6.117819, 50.072859], [6.117952, 50.072813], [6.118376, 50.072691], [6.118719, 50.0725], [6.118921, 50.07239], [6.119303, 50.072352], [6.119833, 50.072332], [6.120321, 50.072359], [6.120535, 50.072386], [6.120764, 50.072439], [6.121195, 50.072584], [6.121347, 50.07266], [6.121542, 50.072783], [6.121569, 50.072802], [6.121611, 50.072855], [6.121691, 50.072947], [6.121809, 50.073057], [6.121847, 50.073107], [6.121904, 50.073237], [6.121874, 50.073237], [6.121901, 50.073313], [6.121912, 50.073347], [6.121965, 50.073462], [6.122053, 50.073652], [6.122045, 50.073778], [6.122042, 50.073946], [6.122049, 50.074034], [6.122118, 50.074324], [6.122141, 50.074411], [6.122263, 50.07464], [6.122419, 50.074892], [6.122671, 50.075205], [6.122713, 50.075262], [6.122885, 50.075522], [6.123049, 50.075716], [6.123121, 50.075815], [6.123182, 50.075911], [6.123224, 50.076025], [6.123266, 50.076128], [6.123381, 50.076303], [6.123419, 50.076384], [6.123495, 50.076445], [6.123869, 50.076673], [6.124174, 50.076792], [6.124624, 50.076925], [6.124792, 50.076975], [6.124846, 50.076986], [6.12488, 50.07699], [6.124929, 50.076986], [6.12496, 50.076982], [6.125021, 50.07696], [6.125051, 50.07694], [6.125174, 50.076849], [6.125334, 50.076677], [6.12541, 50.076605], [6.125475, 50.076532], [6.125521, 50.076487], [6.125555, 50.07646], [6.125876, 50.076208], [6.12623, 50.07593], [6.126329, 50.075857], [6.126436, 50.075781], [6.126715, 50.075598], [6.126917, 50.075464], [6.126955, 50.075437], [6.127077, 50.075357], [6.127474, 50.075113], [6.127558, 50.075106], [6.127817, 50.074953], [6.128008, 50.074907], [6.12826, 50.074759], [6.128302, 50.074732], [6.128519, 50.074568], [6.128561, 50.074522], [6.128599, 50.07448], [6.128607, 50.074461], [6.128637, 50.074388], [6.128672, 50.074301], [6.128694, 50.074251], [6.12887, 50.073973], [6.129026, 50.073717], [6.129149, 50.073526], [6.129137, 50.07337], [6.129114, 50.073332], [6.129091, 50.073298], [6.12908, 50.073278], [6.129042, 50.073244], [6.128954, 50.073187], [6.12882, 50.073088], [6.128687, 50.073], [6.128527, 50.072885], [6.128134, 50.072596], [6.127947, 50.072454], [6.127874, 50.072409], [6.127665, 50.072294], [6.127516, 50.07221], [6.127436, 50.072176], [6.127367, 50.072149], [6.127161, 50.072088], [6.127066, 50.072058], [6.126997, 50.072023], [6.126898, 50.071966], [6.126745, 50.071875], [6.126677, 50.071814], [6.126574, 50.071711], [6.126532, 50.071669], [6.126482, 50.071596], [6.126413, 50.071486], [6.126329, 50.071409], [6.126093, 50.071192], [6.125929, 50.071043], [6.125692, 50.070936], [6.125082, 50.070673], [6.124735, 50.070543], [6.124418, 50.07044], [6.124033, 50.070322], [6.123857, 50.070265], [6.123705, 50.070181], [6.123541, 50.070085], [6.123407, 50.070024], [6.12314, 50.069902], [6.122869, 50.06978], [6.122633, 50.069654], [6.122385, 50.069517], [6.12221, 50.069429], [6.122072, 50.069376], [6.121489, 50.069132], [6.121187, 50.069006], [6.12105, 50.068842], [6.120985, 50.068674], [6.120962, 50.068582], [6.120939, 50.068472], [6.120939, 50.068304], [6.120932, 50.068163], [6.120871, 50.067793], [6.120829, 50.067526], [6.120798, 50.067324], [6.120771, 50.067225], [6.120775, 50.066877], [6.120775, 50.066664], [6.120764, 50.066427], [6.120741, 50.066336], [6.12076, 50.066153], [6.120768, 50.066088], [6.120703, 50.065851], [6.120699, 50.065832], [6.12076, 50.065676], [6.120752, 50.065596], [6.120749, 50.065485], [6.120729, 50.065382], [6.120699, 50.065275], [6.120665, 50.065214], [6.120584, 50.065084], [6.120485, 50.064962], [6.120424, 50.064913], [6.12026, 50.064817], [6.120016, 50.06476], [6.119818, 50.06468], [6.119558, 50.064673], [6.119547, 50.064673], [6.119432, 50.06465], [6.119047, 50.064562], [6.118761, 50.06452], [6.118475, 50.064501], [6.118391, 50.064505], [6.118109, 50.064524], [6.117899, 50.064566], [6.117624, 50.064642], [6.117353, 50.064741], [6.117247, 50.064817], [6.116827, 50.065096], [6.116667, 50.065207], [6.116495, 50.065317], [6.11632, 50.06542], [6.116262, 50.065455], [6.115912, 50.065649], [6.115492, 50.065809], [6.115171, 50.065901], [6.115084, 50.065908], [6.114859, 50.065928], [6.114634, 50.06592], [6.114412, 50.065863], [6.1136, 50.065573], [6.113562, 50.065493], [6.113485, 50.065374], [6.113554, 50.065229], [6.113565, 50.065145], [6.1136, 50.064959], [6.113607, 50.064928], [6.113638, 50.064787], [6.113642, 50.06468], [6.113653, 50.0646], [6.113653, 50.064577], [6.113676, 50.064413], [6.113695, 50.064325], [6.113722, 50.064218], [6.113745, 50.064146], [6.113775, 50.064081], [6.113871, 50.063875], [6.11389, 50.063826], [6.113913, 50.063704], [6.113928, 50.06362], [6.113901, 50.063524], [6.113836, 50.063311], [6.113806, 50.063238], [6.113771, 50.063162], [6.113722, 50.063078], [6.113707, 50.063051], [6.113676, 50.063005], [6.113512, 50.062754], [6.113314, 50.06246], [6.113119, 50.062166], [6.113119, 50.062159], [6.113035, 50.062036], [6.112974, 50.06188], [6.112856, 50.061621], [6.112791, 50.061468], [6.112783, 50.061445], [6.112722, 50.061315], [6.112661, 50.06119], [6.112619, 50.061113], [6.112566, 50.061018], [6.11252, 50.060934], [6.11249, 50.060869], [6.112471, 50.060808], [6.112467, 50.060797], [6.11244, 50.06072], [6.112398, 50.060602], [6.112337, 50.060507], [6.112352, 50.060499], [6.112349, 50.060488], [6.112349, 50.060453], [6.112345, 50.060423], [6.112287, 50.06011], [6.112257, 50.059797], [6.112249, 50.059698], [6.112379, 50.0595], [6.11241, 50.059351], [6.112432, 50.059286], [6.11252, 50.059134], [6.112581, 50.059057], [6.112734, 50.058802], [6.112814, 50.05871], [6.112898, 50.058611], [6.112978, 50.05847], [6.113043, 50.058352], [6.113127, 50.058248], [6.11318, 50.058184], [6.113241, 50.058123], [6.11347, 50.057932], [6.113829, 50.057627], [6.114084, 50.05755], [6.114172, 50.057474], [6.11503, 50.057207], [6.116732, 50.056654], [6.1173, 50.056456], [6.117762, 50.056333], [6.118425, 50.056456], [6.119597, 50.056417], [6.119703, 50.056444], [6.119806, 50.056478], [6.119875, 50.056505], [6.120001, 50.056559], [6.120272, 50.056761], [6.120375, 50.05686], [6.120497, 50.056993], [6.120562, 50.057108], [6.120634, 50.057406], [6.120661, 50.057436], [6.12063, 50.057703], [6.120619, 50.057829], [6.120623, 50.057921], [6.120638, 50.057993], [6.120676, 50.058062], [6.120657, 50.058306], [6.120634, 50.058641], [6.120626, 50.058714], [6.120607, 50.058943], [6.120424, 50.059206], [6.120405, 50.05924], [6.120321, 50.059393], [6.120321, 50.059599], [6.120382, 50.059675], [6.120634, 50.060076], [6.120813, 50.060118], [6.120867, 50.060133], [6.121283, 50.060305], [6.121672, 50.060392], [6.121931, 50.060385], [6.12266, 50.060289], [6.122831, 50.060263], [6.123232, 50.060198], [6.123594, 50.060049], [6.123655, 50.059977], [6.123941, 50.059809], [6.124056, 50.059656], [6.124124, 50.059458], [6.124136, 50.05934], [6.124124, 50.058943], [6.124147, 50.05879], [6.124144, 50.058676], [6.124132, 50.05863], [6.124025, 50.05831], [6.123991, 50.058233], [6.123957, 50.058188], [6.123812, 50.05802], [6.12377, 50.05794], [6.123617, 50.057726], [6.12351, 50.057573], [6.123339, 50.057253], [6.123323, 50.05715], [6.123205, 50.056967], [6.123159, 50.056898], [6.123011, 50.056677], [6.122969, 50.05662], [6.122675, 50.056299], [6.122564, 50.056166], [6.122423, 50.055979], [6.122404, 50.055952], [6.122396, 50.05591], [6.122408, 50.055811], [6.122328, 50.055788], [6.122396, 50.055754], [6.122385, 50.055746], [6.122335, 50.055708], [6.122293, 50.055735], [6.122137, 50.055616], [6.121973, 50.055513], [6.121881, 50.055452], [6.121687, 50.055277], [6.121607, 50.055197], [6.12129, 50.054865], [6.121042, 50.054613], [6.120874, 50.054224], [6.120997, 50.054026], [6.121031, 50.053808], [6.12105, 50.053694], [6.12108, 50.053579], [6.121126, 50.053415], [6.121168, 50.05327], [6.121218, 50.053137], [6.121256, 50.053049], [6.121302, 50.052946], [6.121405, 50.052706], [6.121466, 50.052603], [6.121519, 50.052526], [6.121645, 50.052404], [6.121794, 50.052271], [6.121935, 50.052221], [6.122133, 50.05213], [6.12221, 50.052092], [6.12253, 50.051935], [6.122953, 50.051779], [6.123152, 50.051718], [6.123972, 50.051477], [6.124117, 50.051428], [6.124266, 50.051374], [6.124376, 50.051317], [6.124525, 50.051241], [6.124708, 50.051142], [6.124846, 50.051062], [6.124964, 50.050978], [6.125036, 50.05092], [6.125189, 50.050783], [6.125273, 50.050699], [6.12541, 50.05052], [6.125547, 50.050333], [6.12565, 50.050177], [6.125898, 50.049902], [6.125963, 50.049826], [6.125998, 50.049784], [6.126024, 50.049753], [6.126127, 50.04965], [6.126173, 50.049597], [6.126242, 50.049505], [6.126307, 50.049425], [6.12636, 50.049337], [6.126368, 50.049318], [6.126394, 50.049246], [6.126444, 50.049139], [6.126497, 50.049021], [6.126562, 50.048868], [6.126768, 50.048532], [6.126989, 50.04822], [6.127119, 50.047972], [6.127314, 50.047743], [6.127604, 50.047411], [6.12771, 50.047289], [6.127878, 50.047106], [6.127928, 50.047049], [6.128042, 50.046923], [6.128477, 50.04656], [6.129087, 50.045916], [6.129202, 50.045797], [6.129267, 50.04574], [6.129507, 50.045546], [6.129763, 50.045305], [6.129885, 50.045198], [6.130182, 50.044981], [6.130339, 50.044867], [6.130392, 50.044828], [6.130747, 50.044497], [6.131113, 50.044157], [6.131285, 50.044031], [6.131441, 50.04389], [6.13162, 50.043764], [6.131792, 50.043642], [6.132212, 50.043348], [6.132567, 50.042978], [6.132658, 50.042879], [6.13283, 50.0427], [6.132921, 50.042502], [6.132956, 50.042437], [6.132982, 50.042383], [6.133074, 50.042299], [6.133135, 50.042234], [6.133203, 50.04215], [6.133333, 50.041987], [6.133413, 50.041876], [6.133516, 50.041712], [6.133772, 50.0413], [6.133787, 50.041105], [6.13394, 50.040907], [6.134172, 50.040529], [6.134249, 50.040388], [6.134291, 50.0403], [6.134317, 50.040247], [6.134417, 50.039892], [6.134428, 50.039854], [6.134321, 50.03961], [6.134317, 50.039541], [6.134314, 50.039331], [6.134306, 50.039282], [6.134295, 50.039255], [6.134123, 50.039019], [6.133947, 50.038778], [6.13378, 50.038546], [6.133654, 50.038404], [6.13347, 50.038202], [6.133409, 50.038134], [6.133295, 50.037947], [6.13315, 50.037725], [6.133097, 50.037657], [6.132986, 50.037523], [6.132658, 50.037172], [6.132448, 50.036955], [6.132422, 50.036909], [6.132376, 50.036814], [6.132353, 50.036745], [6.132315, 50.036615], [6.132288, 50.036531], [6.132265, 50.036352], [6.132254, 50.036158], [6.132231, 50.035505], [6.132185, 50.035173], [6.132173, 50.035063], [6.132139, 50.03496], [6.132093, 50.034849], [6.132036, 50.034742], [6.131987, 50.034681], [6.131971, 50.034662], [6.131876, 50.034574], [6.131765, 50.034475], [6.131483, 50.034235], [6.131262, 50.034079], [6.130926, 50.033762], [6.130812, 50.033659], [6.130758, 50.03359], [6.13069, 50.033476], [6.130545, 50.033197], [6.130304, 50.032961], [6.13019, 50.03277], [6.129973, 50.032419], [6.129873, 50.032251], [6.129759, 50.032053], [6.129614, 50.031778], [6.129606, 50.031755], [6.129595, 50.031664], [6.129583, 50.031469], [6.129587, 50.031252], [6.129587, 50.031229], [6.129587, 50.031206], [6.129591, 50.031042], [6.129541, 50.031042], [6.129549, 50.030878], [6.129557, 50.030634], [6.129561, 50.0305], [6.129694, 50.030046], [6.129759, 50.029875], [6.12982, 50.029768], [6.130144, 50.029272], [6.130209, 50.029253], [6.130274, 50.029226], [6.130327, 50.029196], [6.13043, 50.029135], [6.130705, 50.028948], [6.130827, 50.028879], [6.131002, 50.028784], [6.131201, 50.028681], [6.131514, 50.02854], [6.131777, 50.028421], [6.132021, 50.028326], [6.1322, 50.028254], [6.132292, 50.028208], [6.132586, 50.028048], [6.132837, 50.027945], [6.133093, 50.027822], [6.133314, 50.027708], [6.13339, 50.02767], [6.133818, 50.027487], [6.134043, 50.027388], [6.134455, 50.027231], [6.134523, 50.027212], [6.134886, 50.027105], [6.13529, 50.026945], [6.135519, 50.026869], [6.135881, 50.026754], [6.136126, 50.026663], [6.136389, 50.026564], [6.136812, 50.026403], [6.137106, 50.026381], [6.137693, 50.0259], [6.137896, 50.025831], [6.13801, 50.025785], [6.138189, 50.025709], [6.138235, 50.025675], [6.1383, 50.025629], [6.138632, 50.025591], [6.138685, 50.025583], [6.138842, 50.025518], [6.139025, 50.025438], [6.139219, 50.025351], [6.139357, 50.025286], [6.139498, 50.025213], [6.139727, 50.02508], [6.139906, 50.025011], [6.139955, 50.024988], [6.13999, 50.02498], [6.140192, 50.024912], [6.140642, 50.024778], [6.141813, 50.02466], [6.141913, 50.024641], [6.142012, 50.024611], [6.142092, 50.024584], [6.142153, 50.024557], [6.142431, 50.024515], [6.142912, 50.024454], [6.142931, 50.02445], [6.14303, 50.024439], [6.143152, 50.024412], [6.143248, 50.024386], [6.143312, 50.024366], [6.143404, 50.024305], [6.14353, 50.024218], [6.143656, 50.024115], [6.143766, 50.024019], [6.14385, 50.023928], [6.143896, 50.023871], [6.143942, 50.023809], [6.144098, 50.023748], [6.144175, 50.02371], [6.144259, 50.023664], [6.144346, 50.023611], [6.144804, 50.023401], [6.144857, 50.023367], [6.145083, 50.023203], [6.145193, 50.023138], [6.145246, 50.023104], [6.145365, 50.023046], [6.145487, 50.022943], [6.145563, 50.022871], [6.145678, 50.022867], [6.145849, 50.022695], [6.145903, 50.022627], [6.145945, 50.022547], [6.145968, 50.022478], [6.145979, 50.022425], [6.145968, 50.022364], [6.145952, 50.022314], [6.14591, 50.022242], [6.145853, 50.022158], [6.145513, 50.021704], [6.145437, 50.021555], [6.145346, 50.021463], [6.145289, 50.021402], [6.144987, 50.021116], [6.144606, 50.020742], [6.144247, 50.020388], [6.144159, 50.020319], [6.143923, 50.020155], [6.143751, 50.020056], [6.143461, 50.019896], [6.143309, 50.0198], [6.143118, 50.019686], [6.142904, 50.019545], [6.142733, 50.019422], [6.142549, 50.019293], [6.142397, 50.019182], [6.142328, 50.019129], [6.141977, 50.018866], [6.14192, 50.018824], [6.141886, 50.01874], [6.141794, 50.018621], [6.141733, 50.018553], [6.141657, 50.018484], [6.141577, 50.018431], [6.141298, 50.018255], [6.140905, 50.018011], [6.140211, 50.017832], [6.140177, 50.017874], [6.139627, 50.017633], [6.139566, 50.017599], [6.139513, 50.017561], [6.13949, 50.017542], [6.139402, 50.017469], [6.139364, 50.017435], [6.139227, 50.017305], [6.138987, 50.017073], [6.138762, 50.01679], [6.138681, 50.016703], [6.138456, 50.016489], [6.13814, 50.016207], [6.137766, 50.015997], [6.137651, 50.015936], [6.137556, 50.015894], [6.137373, 50.015825], [6.137224, 50.015757], [6.137102, 50.015757], [6.136656, 50.015776], [6.136476, 50.015799], [6.136374, 50.015818], [6.136267, 50.015825], [6.136251, 50.01581], [6.136038, 50.015913], [6.135904, 50.01597], [6.135881, 50.015959], [6.13582, 50.015982], [6.135767, 50.016035], [6.135729, 50.016058], [6.135553, 50.016104], [6.135237, 50.016298], [6.135, 50.016417], [6.134909, 50.016489], [6.134829, 50.016565], [6.134699, 50.016714], [6.134401, 50.017099], [6.134348, 50.017153], [6.134256, 50.017244], [6.13394, 50.017618], [6.133841, 50.017775], [6.13381, 50.01782], [6.1336, 50.018129], [6.133375, 50.018446], [6.133261, 50.01858], [6.133161, 50.018686], [6.13307, 50.018766], [6.132956, 50.018854], [6.132803, 50.018957], [6.132708, 50.019014], [6.132597, 50.019064], [6.132181, 50.019232], [6.132017, 50.019281], [6.131807, 50.019342], [6.131643, 50.019381], [6.131373, 50.01943], [6.131086, 50.019342], [6.130926, 50.0193], [6.130552, 50.019216], [6.130091, 50.019113], [6.129911, 50.018999], [6.129858, 50.018957], [6.129705, 50.01882], [6.129625, 50.018721], [6.129564, 50.018625], [6.129545, 50.018576], [6.129526, 50.018488], [6.129484, 50.018183], [6.129614, 50.018019], [6.129751, 50.017904], [6.129927, 50.017778], [6.129973, 50.017755], [6.130445, 50.017542], [6.130613, 50.017462], [6.130732, 50.017397], [6.130873, 50.017309], [6.130999, 50.017218], [6.131395, 50.016935], [6.131628, 50.016817], [6.13172, 50.016756], [6.131842, 50.016664], [6.13209, 50.016439], [6.132296, 50.016314], [6.132338, 50.016287], [6.132631, 50.016092], [6.132994, 50.015844], [6.133368, 50.015574], [6.133959, 50.01515], [6.134169, 50.015001], [6.134245, 50.014936], [6.134355, 50.014826], [6.134443, 50.014738], [6.134497, 50.014662], [6.134634, 50.014536], [6.134672, 50.014502], [6.134798, 50.014391], [6.135183, 50.014044], [6.135279, 50.013967], [6.135355, 50.013922], [6.135683, 50.013727], [6.13579, 50.013655], [6.135859, 50.013594], [6.13592, 50.013529], [6.135981, 50.013445], [6.136042, 50.013349], [6.136183, 50.013079], [6.136255, 50.01296], [6.136305, 50.012903], [6.136393, 50.012831], [6.13648, 50.012766], [6.136591, 50.012686], [6.136793, 50.01256], [6.136843, 50.012518], [6.136999, 50.012358], [6.137236, 50.012041], [6.137365, 50.011866], [6.137426, 50.011789], [6.137606, 50.011591], [6.137678, 50.011515], [6.137869, 50.011351], [6.138006, 50.011263], [6.138201, 50.011145], [6.138273, 50.011099], [6.13846, 50.011004], [6.138529, 50.010969], [6.138674, 50.010908], [6.138857, 50.010839], [6.139036, 50.010782], [6.139196, 50.01074], [6.139852, 50.010576], [6.139997, 50.010572], [6.140104, 50.010569], [6.140394, 50.010561], [6.140608, 50.010553], [6.140871, 50.010538], [6.141123, 50.010515], [6.141249, 50.0105], [6.141367, 50.010485], [6.141878, 50.010431], [6.141985, 50.010424], [6.142118, 50.010412], [6.142427, 50.010397], [6.142645, 50.010389], [6.143095, 50.010382], [6.143251, 50.010378], [6.143499, 50.010359], [6.144026, 50.010321], [6.144472, 50.01029], [6.14488, 50.01026], [6.145178, 50.010237], [6.145464, 50.010206], [6.14583, 50.010172], [6.145914, 50.010176], [6.146067, 50.010187], [6.146261, 50.01021], [6.146406, 50.010237], [6.146791, 50.010309], [6.147108, 50.010347], [6.147486, 50.010366], [6.147619, 50.010366], [6.147795, 50.010347], [6.147917, 50.010321], [6.147928, 50.010317], [6.147963, 50.010309], [6.148073, 50.010267], [6.148127, 50.010241], [6.148176, 50.010195], [6.148214, 50.010141], [6.148314, 50.009996], [6.148413, 50.009897], [6.148527, 50.00979], [6.148626, 50.009737], [6.148695, 50.009661], [6.148924, 50.009497], [6.149263, 50.009256], [6.149374, 50.00918], [6.149569, 50.008993], [6.149614, 50.008928], [6.149668, 50.008837], [6.149687, 50.00878], [6.149691, 50.00873], [6.14966, 50.008619], [6.14961, 50.008501], [6.149595, 50.008467], [6.149538, 50.008154], [6.149405, 50.007624], [6.14937, 50.007471], [6.149351, 50.00709], [6.149336, 50.006781], [6.149336, 50.006765], [6.149324, 50.006548], [6.149317, 50.006449], [6.149214, 50.006281], [6.148947, 50.005934], [6.148726, 50.005686], [6.148481, 50.005419], [6.148443, 50.005377], [6.148424, 50.005358], [6.148176, 50.005075], [6.14794, 50.004805], [6.147867, 50.004713], [6.147741, 50.004469], [6.147631, 50.004213], [6.147627, 50.004202], [6.147619, 50.004183], [6.147585, 50.004133], [6.147535, 50.004034], [6.147436, 50.003893], [6.147306, 50.003725], [6.147219, 50.003622], [6.147081, 50.003428], [6.146948, 50.003267], [6.14686, 50.003172], [6.146692, 50.003015], [6.146574, 50.002855], [6.146528, 50.002783], [6.146395, 50.002577], [6.146315, 50.002443], [6.146395, 50.002294], [6.146433, 50.00223], [6.146559, 50.001997], [6.146532, 50.001741], [6.146517, 50.001608], [6.146513, 50.001539], [6.146528, 50.001425], [6.14654, 50.001356], [6.146555, 50.00128], [6.146563, 50.001204], [6.146551, 50.001139], [6.146532, 50.001032], [6.146521, 50.000994], [6.146475, 50.000841], [6.146456, 50.000788], [6.146437, 50.000731], [6.146383, 50.000601], [6.146357, 50.000536], [6.146303, 50.000433], [6.146238, 50.000303], [6.146231, 50.000292], [6.146147, 50.000177], [6.145945, 49.999922], [6.14591, 49.99988], [6.145861, 49.999792], [6.145845, 49.999762], [6.145838, 49.999701], [6.145834, 49.999628], [6.145834, 49.999563], [6.145803, 49.99951], [6.145777, 49.999456], [6.145761, 49.999361], [6.145742, 49.999273], [6.145701, 49.99914], [6.145651, 49.998991], [6.145533, 49.998796], [6.145506, 49.998754], [6.14543, 49.998644], [6.14538, 49.998579], [6.145273, 49.998465], [6.14525, 49.998438], [6.145147, 49.998327], [6.145067, 49.998239], [6.144972, 49.998167], [6.144846, 49.998098], [6.144819, 49.998091], [6.144781, 49.998083], [6.144686, 49.998075], [6.144533, 49.998075], [6.144316, 49.998079], [6.144201, 49.998087], [6.143904, 49.998114], [6.143816, 49.99814], [6.143606, 49.998201], [6.143488, 49.998259], [6.143477, 49.998266], [6.143415, 49.998297], [6.143129, 49.998426], [6.143038, 49.998472], [6.142614, 49.998705], [6.142397, 49.998823], [6.142061, 49.99914], [6.142, 49.999197], [6.141977, 49.999216], [6.141886, 49.999308], [6.141855, 49.99933], [6.141722, 49.999395], [6.1416, 49.999441], [6.141153, 49.999636], [6.14076, 49.999792], [6.140531, 49.999861], [6.140379, 49.999956], [6.140249, 50.000025], [6.140165, 50.000074], [6.140097, 50.000116], [6.140066, 50.000128], [6.140036, 50.000139], [6.139975, 50.000174], [6.139933, 50.000197], [6.139872, 50.000212], [6.139803, 50.000219], [6.139509, 50.000223], [6.139395, 50.000223], [6.139288, 50.000189], [6.139181, 50.000143], [6.139063, 50.000074], [6.138964, 50.000002], [6.138651, 49.999735], [6.138361, 49.999479], [6.138308, 49.999426], [6.138151, 49.999273], [6.138048, 49.999186], [6.137976, 49.999121], [6.137846, 49.998987], [6.137751, 49.998884], [6.13769, 49.998789], [6.137655, 49.998701], [6.137655, 49.998575], [6.137682, 49.998472], [6.137766, 49.998362], [6.137926, 49.998205], [6.138132, 49.998018], [6.138327, 49.997843], [6.138636, 49.997518], [6.138781, 49.997339], [6.139021, 49.997099], [6.139101, 49.997004], [6.139357, 49.996679], [6.139452, 49.996572], [6.139566, 49.996458], [6.139673, 49.996363], [6.139799, 49.996263], [6.139914, 49.996176], [6.140043, 49.996092], [6.140486, 49.995821], [6.140623, 49.995733], [6.140718, 49.995668], [6.140787, 49.995623], [6.140894, 49.995527], [6.141085, 49.995363], [6.14123, 49.995215], [6.141405, 49.995031], [6.141806, 49.994864], [6.141958, 49.994806], [6.142092, 49.994764], [6.14226, 49.994722], [6.14242, 49.994688], [6.142588, 49.994665], [6.14274, 49.994658], [6.14311, 49.994658], [6.14348, 49.994669], [6.143671, 49.994677], [6.143942, 49.994692], [6.144224, 49.994715], [6.144545, 49.994741], [6.145285, 49.994814], [6.145594, 49.994852], [6.145876, 49.994883], [6.146166, 49.994902], [6.146349, 49.994906], [6.146585, 49.994906], [6.146795, 49.994898], [6.146971, 49.99489], [6.147165, 49.994871], [6.147295, 49.994856], [6.147459, 49.994833], [6.147707, 49.994791], [6.147974, 49.994738], [6.148287, 49.994661], [6.1486, 49.994585], [6.148798, 49.994532], [6.149229, 49.994417], [6.149408, 49.994375], [6.149633, 49.994341], [6.149702, 49.994333], [6.149939, 49.994349], [6.150007, 49.994352], [6.15008, 49.994345], [6.150152, 49.994333], [6.150282, 49.994299], [6.150461, 49.994242], [6.150541, 49.994215], [6.15069, 49.994162], [6.150774, 49.994123], [6.150797, 49.994104], [6.150835, 49.994017], [6.150885, 49.993891], [6.150969, 49.993654], [6.151033, 49.993532], [6.151201, 49.993269], [6.151304, 49.993254], [6.151438, 49.992956], [6.151484, 49.992853], [6.151575, 49.992693], [6.151613, 49.992643], [6.15172, 49.99254], [6.151751, 49.992498], [6.151808, 49.992384], [6.151861, 49.992331], [6.15188, 49.992304], [6.151926, 49.992144], [6.15196, 49.992052], [6.152105, 49.991754], [6.152227, 49.991453], [6.152319, 49.991201], [6.152407, 49.990927], [6.152704, 49.990499], [6.153055, 49.989988], [6.153242, 49.989721], [6.15336, 49.989592], [6.153505, 49.98945], [6.153624, 49.989351], [6.153723, 49.989294], [6.153883, 49.98921], [6.154058, 49.989107], [6.154295, 49.988966], [6.154493, 49.988848], [6.154661, 49.988726], [6.154966, 49.988569], [6.155153, 49.988478], [6.15526, 49.988417], [6.155447, 49.988302], [6.155584, 49.988214], [6.155668, 49.988157], [6.155947, 49.987883], [6.156305, 49.98752], [6.156702, 49.987299], [6.156939, 49.987169], [6.157053, 49.98712], [6.157171, 49.987078], [6.1574, 49.98702], [6.157652, 49.986975], [6.157873, 49.986937], [6.158194, 49.986895], [6.158571, 49.986853], [6.158991, 49.986826], [6.159269, 49.986811], [6.159407, 49.986811], [6.159452, 49.986811], [6.159647, 49.986818], [6.159872, 49.986841], [6.159971, 49.98686], [6.160223, 49.986929], [6.160402, 49.986975], [6.160536, 49.987001], [6.160692, 49.987028], [6.160967, 49.987059], [6.161142, 49.987074], [6.161299, 49.987085], [6.161394, 49.987089], [6.16155, 49.987089], [6.161829, 49.987082], [6.161955, 49.987074], [6.162111, 49.987082], [6.16221, 49.987085], [6.162298, 49.987078], [6.162409, 49.987066], [6.162531, 49.987047], [6.162878, 49.986986], [6.163095, 49.986948], [6.163237, 49.986925], [6.163393, 49.986906], [6.163401, 49.986921], [6.163526, 49.986906], [6.163519, 49.986887], [6.163767, 49.986837], [6.163912, 49.986826], [6.164129, 49.986826], [6.164335, 49.986834], [6.16445, 49.986826], [6.164862, 49.986734], [6.165106, 49.986677], [6.165304, 49.986635], [6.165445, 49.986609], [6.165709, 49.986567], [6.165926, 49.986521], [6.166098, 49.986471], [6.166254, 49.986414], [6.166429, 49.986338], [6.16654, 49.986269], [6.166693, 49.9862], [6.166716, 49.986223], [6.167181, 49.986105], [6.167238, 49.986063], [6.167322, 49.98601], [6.167395, 49.985971], [6.167528, 49.985922], [6.167738, 49.985857], [6.16799, 49.985792], [6.168154, 49.985758], [6.168299, 49.985716], [6.168421, 49.985689], [6.168615, 49.985651], [6.168776, 49.985605], [6.168879, 49.985632], [6.169023, 49.98567], [6.169107, 49.985685], [6.169226, 49.985693], [6.169409, 49.985697], [6.169474, 49.985681], [6.169584, 49.985662], [6.16968, 49.985636], [6.169748, 49.985624], [6.169798, 49.985609], [6.169867, 49.985586], [6.169916, 49.985579], [6.170004, 49.985567], [6.170046, 49.985556], [6.170118, 49.985533], [6.170233, 49.985491], [6.17029, 49.985483], [6.170504, 49.98546], [6.170572, 49.985453], [6.170698, 49.98543], [6.170774, 49.985414], [6.171152, 49.985312], [6.171324, 49.985258], [6.171465, 49.985212], [6.171549, 49.985178], [6.171965, 49.98498], [6.172144, 49.984888], [6.172266, 49.984812], [6.172342, 49.984762], [6.172419, 49.98469], [6.172464, 49.984644], [6.172522, 49.984568], [6.172556, 49.984514], [6.17259, 49.98443], [6.172609, 49.984381], [6.172621, 49.984323], [6.172632, 49.984201], [6.17259, 49.984144], [6.172518, 49.984057], [6.172438, 49.983984], [6.172399, 49.983984], [6.172171, 49.984053], [6.171953, 49.98403], [6.171717, 49.984011], [6.171644, 49.984011], [6.171564, 49.984022], [6.171492, 49.984041], [6.171442, 49.98406], [6.171419, 49.984076], [6.171408, 49.984095], [6.1714, 49.984194], [6.171373, 49.984236], [6.17135, 49.984266], [6.17127, 49.984293], [6.170939, 49.984366], [6.170614, 49.984384], [6.170553, 49.984411], [6.170401, 49.984423], [6.170355, 49.984434], [6.170324, 49.984442], [6.17029, 49.984449], [6.170229, 49.984468], [6.170157, 49.984503], [6.169958, 49.984598], [6.169748, 49.984514], [6.169657, 49.984476], [6.169615, 49.984453], [6.169497, 49.984366], [6.169413, 49.984289], [6.169306, 49.984178], [6.169195, 49.984064], [6.169035, 49.983885], [6.169016, 49.983858], [6.168993, 49.983828], [6.168947, 49.983755], [6.168909, 49.983675], [6.168882, 49.983595], [6.168871, 49.983542], [6.168867, 49.983461], [6.168859, 49.9834], [6.168859, 49.983366], [6.168863, 49.983297], [6.168779, 49.983118], [6.168753, 49.982984], [6.168737, 49.982881], [6.16873, 49.982775], [6.168726, 49.982717], [6.168676, 49.982447], [6.168611, 49.982141], [6.168638, 49.98197], [6.168657, 49.981848], [6.168715, 49.981695], [6.168726, 49.981638], [6.168726, 49.981562], [6.168726, 49.981512], [6.168734, 49.98147], [6.168737, 49.981443], [6.168772, 49.981462], [6.168783, 49.981344], [6.168787, 49.981226], [6.168768, 49.981119], [6.168745, 49.981051], [6.168699, 49.980978], [6.168615, 49.980864], [6.168562, 49.980803], [6.168489, 49.980749], [6.168291, 49.980654], [6.168096, 49.980562], [6.167913, 49.980459], [6.167784, 49.980379], [6.167742, 49.980356], [6.167589, 49.980249], [6.167433, 49.980131], [6.167364, 49.980055], [6.167269, 49.979967], [6.167086, 49.979647], [6.167028, 49.979555], [6.166975, 49.979433], [6.166876, 49.979261], [6.166777, 49.978964], [6.166739, 49.978499], [6.166712, 49.978182], [6.166677, 49.977755], [6.166666, 49.977594], [6.166681, 49.977499], [6.166685, 49.977442], [6.166674, 49.9774], [6.166643, 49.97735], [6.166613, 49.977308], [6.16659, 49.977274], [6.166578, 49.977255], [6.166567, 49.977201], [6.166563, 49.977156], [6.166544, 49.977083], [6.166506, 49.977034], [6.16646, 49.97698], [6.166376, 49.976877], [6.166342, 49.976812], [6.166368, 49.976801], [6.166094, 49.976404], [6.165972, 49.976221], [6.165842, 49.97603], [6.165808, 49.975923], [6.165758, 49.975847], [6.165678, 49.975779], [6.16564, 49.975729], [6.165605, 49.975656], [6.16551, 49.975496], [6.165468, 49.975405], [6.165419, 49.975321], [6.165392, 49.975267], [6.16535, 49.975168], [6.165304, 49.9751], [6.165239, 49.974993], [6.165209, 49.974932], [6.165178, 49.974844], [6.165125, 49.974672], [6.165102, 49.974672], [6.164999, 49.974401], [6.164919, 49.974192], [6.164827, 49.973886], [6.164801, 49.9737], [6.164743, 49.973413], [6.164705, 49.973173], [6.164675, 49.972864], [6.164644, 49.972586], [6.164644, 49.972357], [6.164652, 49.972074], [6.164663, 49.971918], [6.164667, 49.971811], [6.164705, 49.971575], [6.164717, 49.971495], [6.164743, 49.971254], [6.164763, 49.971254], [6.16477, 49.971197], [6.164797, 49.970766], [6.164812, 49.970552], [6.164827, 49.970381], [6.164839, 49.970274], [6.164862, 49.970198], [6.164888, 49.970098], [6.164946, 49.96998], [6.165014, 49.969847], [6.165068, 49.969763], [6.165182, 49.969629], [6.165506, 49.969301], [6.165605, 49.969233], [6.1658, 49.969072], [6.165869, 49.969027], [6.165964, 49.968973], [6.166067, 49.96892], [6.166262, 49.968813], [6.166376, 49.968748], [6.166582, 49.968611], [6.166773, 49.968424], [6.16688, 49.968306], [6.166994, 49.968145], [6.167063, 49.968023], [6.167147, 49.967871], [6.1672, 49.967733], [6.167246, 49.967596], [6.167303, 49.96739], [6.167364, 49.967203], [6.167456, 49.966986], [6.167578, 49.966707], [6.167749, 49.966276], [6.167875, 49.966024], [6.167974, 49.965868], [6.168112, 49.965673], [6.168352, 49.965349], [6.168627, 49.964971], [6.168863, 49.964533], [6.168993, 49.964205], [6.169176, 49.963854], [6.169325, 49.963663], [6.169386, 49.963606], [6.169638, 49.963408], [6.169691, 49.963362], [6.169718, 49.963331], [6.169741, 49.963301], [6.169992, 49.96298], [6.170157, 49.962809], [6.170221, 49.962751], [6.170397, 49.962614], [6.1705, 49.962561], [6.170637, 49.962507], [6.170858, 49.962439], [6.17103, 49.962389], [6.17124, 49.962332], [6.17156, 49.962248], [6.1719, 49.962168], [6.172174, 49.962095], [6.17227, 49.96208], [6.172472, 49.962053], [6.172598, 49.962042], [6.17322, 49.961992], [6.17375, 49.961954], [6.174017, 49.961935], [6.174082, 49.961931], [6.174528, 49.96184], [6.174887, 49.961767], [6.17499, 49.961748], [6.17507, 49.96174], [6.175154, 49.961744], [6.175276, 49.961748], [6.175348, 49.96174], [6.175428, 49.961714], [6.175581, 49.96166], [6.175657, 49.961626], [6.175718, 49.961561], [6.17576, 49.961489], [6.175779, 49.96142], [6.175802, 49.961294], [6.175806, 49.961183], [6.175821, 49.961092], [6.17584, 49.961042], [6.17589, 49.960958], [6.175959, 49.960848], [6.175993, 49.960775], [6.17605, 49.960684], [6.176119, 49.960543], [6.176149, 49.960466], [6.176184, 49.960295], [6.176176, 49.960161], [6.176176, 49.960093], [6.176191, 49.96002], [6.176233, 49.959845], [6.176264, 49.959787], [6.17631, 49.959722], [6.176363, 49.959623], [6.17639, 49.959516], [6.176443, 49.959379], [6.176512, 49.959215], [6.17663, 49.958967], [6.176634, 49.958883], [6.176638, 49.95878], [6.176653, 49.958674], [6.176668, 49.958612], [6.176691, 49.958345], [6.176695, 49.958261], [6.17671, 49.958181], [6.176794, 49.957823], [6.176813, 49.957685], [6.176851, 49.957464], [6.17687, 49.9573], [6.176886, 49.957037], [6.176897, 49.956728], [6.176897, 49.956606], [6.176901, 49.956587], [6.176901, 49.956526], [6.176893, 49.956446], [6.176889, 49.956389], [6.176897, 49.95635], [6.176928, 49.956255], [6.176893, 49.956221], [6.176951, 49.955957], [6.176981, 49.955839], [6.177046, 49.95566], [6.177172, 49.955282], [6.177179, 49.955183], [6.177198, 49.955069], [6.177214, 49.95487], [6.177237, 49.954645], [6.177259, 49.954527], [6.17734, 49.954203], [6.177374, 49.954069], [6.177458, 49.953882], [6.177542, 49.953649], [6.177614, 49.953489], [6.177774, 49.953379], [6.177805, 49.95336], [6.177919, 49.953283], [6.17808, 49.95318], [6.178118, 49.953157], [6.178366, 49.953016], [6.178389, 49.953005], [6.178515, 49.952944], [6.178595, 49.952906], [6.178633, 49.952887], [6.17869, 49.95286], [6.178713, 49.952848], [6.178755, 49.952818], [6.178831, 49.952738], [6.17885, 49.952684], [6.178858, 49.95265], [6.17885, 49.952616], [6.178839, 49.952578], [6.17882, 49.952536], [6.178812, 49.952517], [6.179201, 49.952345], [6.179663, 49.952143], [6.179689, 49.952154], [6.179808, 49.952208], [6.179926, 49.952246], [6.180029, 49.952253], [6.180109, 49.952253], [6.180231, 49.952238], [6.180292, 49.952227], [6.180353, 49.952219], [6.180391, 49.952215], [6.180498, 49.952208], [6.180563, 49.952204], [6.180929, 49.952303], [6.181364, 49.952421], [6.181498, 49.952448], [6.18181, 49.952536], [6.181929, 49.95257], [6.182154, 49.952646], [6.182619, 49.952814], [6.183485, 49.953116], [6.183966, 49.953295], [6.184385, 49.953421], [6.184824, 49.953569], [6.185026, 49.953642], [6.185156, 49.953703], [6.185305, 49.953802], [6.18545, 49.953924], [6.185545, 49.954023], [6.185629, 49.9541], [6.18569, 49.954145], [6.185801, 49.954195], [6.185862, 49.954218], [6.185915, 49.954241], [6.185984, 49.954275], [6.186029, 49.954306], [6.186087, 49.954386], [6.186193, 49.954557], [6.186255, 49.954668], [6.186369, 49.954905], [6.186411, 49.954966], [6.186514, 49.955103], [6.186598, 49.955202], [6.186739, 49.955347], [6.186819, 49.955416], [6.186872, 49.955454], [6.186964, 49.955511], [6.187025, 49.955545], [6.187143, 49.955603], [6.18754, 49.955778], [6.187979, 49.955973], [6.188169, 49.956064], [6.188242, 49.95611], [6.188288, 49.956148], [6.188391, 49.956232], [6.188528, 49.956327], [6.188623, 49.956385], [6.188684, 49.956427], [6.188738, 49.95648], [6.188803, 49.956556], [6.188837, 49.956614], [6.188852, 49.956655], [6.188864, 49.956716], [6.188871, 49.956774], [6.188868, 49.956835], [6.188852, 49.956881], [6.188829, 49.956922], [6.188765, 49.956987], [6.188703, 49.957041], [6.188669, 49.957068], [6.188639, 49.957083], [6.188589, 49.957098], [6.188517, 49.95711], [6.188463, 49.957113], [6.188383, 49.957102], [6.188231, 49.957075], [6.188177, 49.957068], [6.188143, 49.957071], [6.18812, 49.957079], [6.188097, 49.957094], [6.188074, 49.957106], [6.188047, 49.957113], [6.188021, 49.957117], [6.187967, 49.95711], [6.187941, 49.95711], [6.187925, 49.957113], [6.187895, 49.957125], [6.187857, 49.957144], [6.187807, 49.957159], [6.187662, 49.957186], [6.187437, 49.957228], [6.187166, 49.957277], [6.187059, 49.957296], [6.186949, 49.957323], [6.186808, 49.957365], [6.186525, 49.957445], [6.1864, 49.957472], [6.186228, 49.957506], [6.185892, 49.957571], [6.18543, 49.957663], [6.185072, 49.957739], [6.184915, 49.957769], [6.184687, 49.957811], [6.184507, 49.957869], [6.184271, 49.957949], [6.183909, 49.958086], [6.183706, 49.958174], [6.183477, 49.958292], [6.183367, 49.958357], [6.183302, 49.958406], [6.183245, 49.95846], [6.183187, 49.958525], [6.183149, 49.958578], [6.18313, 49.958609], [6.183126, 49.958651], [6.18313, 49.9587], [6.183153, 49.958788], [6.183176, 49.958868], [6.183222, 49.958979], [6.183294, 49.959101], [6.183363, 49.959211], [6.183374, 49.959238], [6.183401, 49.959341], [6.183416, 49.959387], [6.183447, 49.95944], [6.183466, 49.95949], [6.183474, 49.959532], [6.183474, 49.9597], [6.183474, 49.959749], [6.183485, 49.959784], [6.183493, 49.959818], [6.183489, 49.959852], [6.183477, 49.959917], [6.183477, 49.959982], [6.183485, 49.960043], [6.183535, 49.96026], [6.183558, 49.960409], [6.183599, 49.960596], [6.183634, 49.960783], [6.183649, 49.960878], [6.183649, 49.96092], [6.183638, 49.961016], [6.183634, 49.961195], [6.183626, 49.961229], [6.183577, 49.961306], [6.183512, 49.961409], [6.183451, 49.961515], [6.183424, 49.96155], [6.183386, 49.961584], [6.183355, 49.961603], [6.18331, 49.961641], [6.183237, 49.961714], [6.183172, 49.961775], [6.183069, 49.961859], [6.18302, 49.961901], [6.182959, 49.961962], [6.182768, 49.962172], [6.182692, 49.962248], [6.182619, 49.962316], [6.182569, 49.962359], [6.182482, 49.962423], [6.182424, 49.962473], [6.182348, 49.962568], [6.182272, 49.96266], [6.182177, 49.962763], [6.182035, 49.962908], [6.181974, 49.962977], [6.18181, 49.963163], [6.181776, 49.963198], [6.181723, 49.96324], [6.181673, 49.963278], [6.181639, 49.963304], [6.181459, 49.96351], [6.18128, 49.963724], [6.181223, 49.963789], [6.181204, 49.963823], [6.181196, 49.963854], [6.181196, 49.963907], [6.181189, 49.963922], [6.181166, 49.963957], [6.181116, 49.963999], [6.181093, 49.964033], [6.181082, 49.964056], [6.181078, 49.964102], [6.181082, 49.964186], [6.181089, 49.964251], [6.181127, 49.964392], [6.181158, 49.964491], [6.181196, 49.964575], [6.181253, 49.964655], [6.181337, 49.964739], [6.181433, 49.964842], [6.181574, 49.964991], [6.181704, 49.965136], [6.181841, 49.965307], [6.181936, 49.965445], [6.182043, 49.965612], [6.182184, 49.965803], [6.18228, 49.965914], [6.182451, 49.966066], [6.182718, 49.966314], [6.182833, 49.966421], [6.182943, 49.966513], [6.183065, 49.966612], [6.183268, 49.966795], [6.183405, 49.966917], [6.183527, 49.967009], [6.183744, 49.96718], [6.183931, 49.967333], [6.18405, 49.967428], [6.184172, 49.96752], [6.184282, 49.967592], [6.18437, 49.967653], [6.184427, 49.96768], [6.184496, 49.967707], [6.18461, 49.967741], [6.184973, 49.967821], [6.185198, 49.967875], [6.185274, 49.96789], [6.18561, 49.96792], [6.185732, 49.967928], [6.185919, 49.967936], [6.186113, 49.967939], [6.186502, 49.967962], [6.186647, 49.96797], [6.186682, 49.967959], [6.186705, 49.967955], [6.186762, 49.967974], [6.186796, 49.967981], [6.186991, 49.968012], [6.18722, 49.968058], [6.187395, 49.968088], [6.187513, 49.968119], [6.187864, 49.968233], [6.18812, 49.968321], [6.188307, 49.968382], [6.188452, 49.968424], [6.18862, 49.968493], [6.188711, 49.968523], [6.188871, 49.968569], [6.188974, 49.968599], [6.189161, 49.968664], [6.189314, 49.96871], [6.189451, 49.968748], [6.189585, 49.968779], [6.189711, 49.968801], [6.189817, 49.968817], [6.189932, 49.968824], [6.190065, 49.968832], [6.19018, 49.96884], [6.190374, 49.968859], [6.190428, 49.968859], [6.190454, 49.968851], [6.190489, 49.968832], [6.190538, 49.968786], [6.190573, 49.968767], [6.190638, 49.968729], [6.190691, 49.968683], [6.190737, 49.968649], [6.19076, 49.968618], [6.190786, 49.968569], [6.190805, 49.968538], [6.190981, 49.968393], [6.191053, 49.968344], [6.191111, 49.968313], [6.191149, 49.968302], [6.191206, 49.968286], [6.191236, 49.968264], [6.191259, 49.968241], [6.191294, 49.968191], [6.191313, 49.96818], [6.191339, 49.968176], [6.191404, 49.968161], [6.19145, 49.968145], [6.191603, 49.968061], [6.19174, 49.967978], [6.191858, 49.967905], [6.191999, 49.967798], [6.192095, 49.967726], [6.192251, 49.967596], [6.192358, 49.967501], [6.192434, 49.967417], [6.192495, 49.967348], [6.192537, 49.967318], [6.192579, 49.967302], [6.192602, 49.967291], [6.192614, 49.967276], [6.192625, 49.96723], [6.192648, 49.967176], [6.192663, 49.967146], [6.192679, 49.967138], [6.192743, 49.967115], [6.192762, 49.9671], [6.192789, 49.967073], [6.192812, 49.967031], [6.192839, 49.966978], [6.192846, 49.966929], [6.192854, 49.966879], [6.192854, 49.966799], [6.192854, 49.966761], [6.192854, 49.966726], [6.192846, 49.966681], [6.192823, 49.966562], [6.19282, 49.966524], [6.192812, 49.966444], [6.192804, 49.966406], [6.192797, 49.966387], [6.192743, 49.966345], [6.192709, 49.966318], [6.19269, 49.966295], [6.192675, 49.966253], [6.192648, 49.966162], [6.192614, 49.965986], [6.192591, 49.965899], [6.192564, 49.965853], [6.192549, 49.965818], [6.192545, 49.965792], [6.192545, 49.965765], [6.192556, 49.965704], [6.192564, 49.965632], [6.192556, 49.965563], [6.192545, 49.965498], [6.192511, 49.965414], [6.192488, 49.965364], [6.192423, 49.965284], [6.192369, 49.965212], [6.192308, 49.96512], [6.192266, 49.96504], [6.192232, 49.96496], [6.192221, 49.964922], [6.192225, 49.964899], [6.192236, 49.964872], [6.192244, 49.964857], [6.192244, 49.964842], [6.192236, 49.964815], [6.192205, 49.964788], [6.192171, 49.964739], [6.192164, 49.964724], [6.192164, 49.964704], [6.192167, 49.964685], [6.192175, 49.964651], [6.192175, 49.964628], [6.192167, 49.964533], [6.192152, 49.964403], [6.192129, 49.964235], [6.192125, 49.964182], [6.192156, 49.964033], [6.192175, 49.963919], [6.192225, 49.963739], [6.192335, 49.963427], [6.1924, 49.96327], [6.1924, 49.963247], [6.192392, 49.963228], [6.192385, 49.963209], [6.192366, 49.963179], [6.192362, 49.963156], [6.192369, 49.96314], [6.192495, 49.962977], [6.192553, 49.962904], [6.192579, 49.962904], [6.192614, 49.962896], [6.192636, 49.962881], [6.192675, 49.962847], [6.192781, 49.962709], [6.1929, 49.962561], [6.192995, 49.962416], [6.193106, 49.962252], [6.193201, 49.962126], [6.193251, 49.962084], [6.193281, 49.962057], [6.193346, 49.962023], [6.19343, 49.961977], [6.193491, 49.961931], [6.193537, 49.961878], [6.193632, 49.961706], [6.193724, 49.96155], [6.193785, 49.961424], [6.193899, 49.961119], [6.193933, 49.961016], [6.193953, 49.960932], [6.193972, 49.960867], [6.193987, 49.960779], [6.193987, 49.960741], [6.193979, 49.960684], [6.193968, 49.960661], [6.193953, 49.960642], [6.193918, 49.960627], [6.19388, 49.960608], [6.193861, 49.960588], [6.193857, 49.960569], [6.193876, 49.960314], [6.193903, 49.959909], [6.193926, 49.959887], [6.193956, 49.959856], [6.193979, 49.959822], [6.194021, 49.959719], [6.194071, 49.959593], [6.194105, 49.959478], [6.194113, 49.959395], [6.194109, 49.959173], [6.194105, 49.959063], [6.194097, 49.95899], [6.19404, 49.958788], [6.194006, 49.958666], [6.193979, 49.958548], [6.193968, 49.95854], [6.193907, 49.958555], [6.193754, 49.958277], [6.19367, 49.958151], [6.193571, 49.95801], [6.193506, 49.957926], [6.19343, 49.957838], [6.193342, 49.95767], [6.193243, 49.957518], [6.193129, 49.957331], [6.192999, 49.95711], [6.192972, 49.957071], [6.192926, 49.957045], [6.1929, 49.957026], [6.192884, 49.957003], [6.192816, 49.956854], [6.192804, 49.956812], [6.192804, 49.956739], [6.192793, 49.95664], [6.192793, 49.956575], [6.1928, 49.956522], [6.192827, 49.956392], [6.192858, 49.956301], [6.192915, 49.956114], [6.192934, 49.956037], [6.192946, 49.955969], [6.192957, 49.955847], [6.192961, 49.955801], [6.192999, 49.955721], [6.193064, 49.95561], [6.193155, 49.955484], [6.193289, 49.95532], [6.19338, 49.955221], [6.193602, 49.955011], [6.193647, 49.954973], [6.193682, 49.954966], [6.19372, 49.954958], [6.193747, 49.954946], [6.193819, 49.954889], [6.193872, 49.954855], [6.193895, 49.954847], [6.193933, 49.954832], [6.193991, 49.954794], [6.19404, 49.954775], [6.194151, 49.954729], [6.194231, 49.954683], [6.194269, 49.954657], [6.194296, 49.954622], [6.19433, 49.954557], [6.194353, 49.954527], [6.194387, 49.9545], [6.194464, 49.954454], [6.194639, 49.954367], [6.1947, 49.954332], [6.19475, 49.954294], [6.194784, 49.954252], [6.19483, 49.954184], [6.194883, 49.954107], [6.194952, 49.954023], [6.195021, 49.953955], [6.195116, 49.953871], [6.195188, 49.953806], [6.195238, 49.953756], [6.195303, 49.953669], [6.195417, 49.953501], [6.195509, 49.953379], [6.195578, 49.953302], [6.19565, 49.953192], [6.195707, 49.9531], [6.19573, 49.953028], [6.195765, 49.952906], [6.195787, 49.952822], [6.195803, 49.952787], [6.195833, 49.952745], [6.195974, 49.952601], [6.196138, 49.952429], [6.196264, 49.952295], [6.196398, 49.952078], [6.196524, 49.951879], [6.196749, 49.951555], [6.196833, 49.951437], [6.196936, 49.951288], [6.196993, 49.951185], [6.197039, 49.951101], [6.197054, 49.951078], [6.197123, 49.951029], [6.197226, 49.950964], [6.197287, 49.950933], [6.197355, 49.950903], [6.197432, 49.95088], [6.197538, 49.950861], [6.197672, 49.950838], [6.197729, 49.950823], [6.197763, 49.950804], [6.197786, 49.950781], [6.197817, 49.950731], [6.197966, 49.950392], [6.198069, 49.950178], [6.198103, 49.950098], [6.198118, 49.950045], [6.198122, 49.949984], [6.19813, 49.949877], [6.198137, 49.949812], [6.19816, 49.949694], [6.198175, 49.949598], [6.198175, 49.949556], [6.198164, 49.949518], [6.198084, 49.949362], [6.197988, 49.94916], [6.197946, 49.94906], [6.19792, 49.949011], [6.197847, 49.9489], [6.19779, 49.948793], [6.197737, 49.948732], [6.197664, 49.948652], [6.197638, 49.948645], [6.197653, 49.94845], [6.197664, 49.948236], [6.19766, 49.948168], [6.198282, 49.948439], [6.198458, 49.94851], [6.198507, 49.9486], [6.198484, 49.948696], [6.198603, 49.948727], [6.198667, 49.94879], [6.198786, 49.948822], [6.198946, 49.949013], [6.199194, 49.94914], [6.199431, 49.94931], [6.199591, 49.949497], [6.199602, 49.94954], [6.199655, 49.94969], [6.199579, 49.950603], [6.19956, 49.950817], [6.199553, 49.950886], [6.199549, 49.950905], [6.199541, 49.95105], [6.199606, 49.951256], [6.199793, 49.95147], [6.200243, 49.951912], [6.200476, 49.952194], [6.20051, 49.9523], [6.200487, 49.952404], [6.200628, 49.952717], [6.200785, 49.95293], [6.2012, 49.953213], [6.201624, 49.95344], [6.201742, 49.953476], [6.201941, 49.953617], [6.201982, 49.95364], [6.202192, 49.95374], [6.202383, 49.95383], [6.202593, 49.95393], [6.203146, 49.954243], [6.203398, 49.954487], [6.204168, 49.954845], [6.204294, 49.954906], [6.204493, 49.955006], [6.204603, 49.955048], [6.204874, 49.955105], [6.205198, 49.95516], [6.205431, 49.955185], [6.205603, 49.955196], [6.205973, 49.955177], [6.206232, 49.955128], [6.206583, 49.95506], [6.206938, 49.95496], [6.20735, 49.954826], [6.207712, 49.954727], [6.208212, 49.95464], [6.208494, 49.95461], [6.208502, 49.954395], [6.208513, 49.953823], [6.208635, 49.95353], [6.208746, 49.95325], [6.208841, 49.95301], [6.209242, 49.952637], [6.209776, 49.95214], [6.209909, 49.952], [6.210306, 49.951553], [6.210848, 49.950974], [6.211115, 49.950684], [6.211741, 49.95023], [6.21306, 49.950214], [6.213152, 49.950214], [6.213213, 49.950214], [6.213839, 49.950207], [6.214487, 49.9502], [6.215159, 49.950195], [6.215795, 49.950188], [6.217096, 49.950172], [6.217955, 49.950165], [6.218306, 49.95016], [6.218626, 49.950157], [6.219171, 49.95015], [6.219507, 49.950146], [6.219641, 49.950146], [6.220072, 49.95014], [6.220457, 49.950138], [6.220552, 49.950138], [6.221407, 49.95013], [6.221979, 49.950123], [6.222719, 49.950108], [6.223307, 49.9501], [6.223913, 49.950085], [6.223646, 49.9493], [6.223631, 49.949245], [6.223551, 49.949013], [6.222994, 49.948673], [6.220171, 49.94717], [6.219358, 49.946587], [6.218859, 49.94614], [6.218626, 49.94599], [6.218508, 49.945496], [6.217642, 49.945408], [6.217428, 49.94536], [6.216894, 49.94539], [6.216684, 49.945168], [6.216543, 49.944508], [6.218233, 49.94382], [6.219723, 49.94341], [6.220003, 49.943333], [6.219988, 49.94325], [6.21985, 49.942932], [6.219801, 49.94282], [6.220781, 49.94243], [6.220938, 49.942253], [6.221151, 49.94166], [6.221334, 49.941547], [6.221437, 49.94155], [6.22151, 49.941555], [6.221979, 49.941406], [6.222876, 49.941006], [6.222856, 49.94092], [6.223146, 49.940712], [6.223139, 49.94043], [6.223883, 49.940044], [6.224215, 49.939774], [6.224565, 49.93937], [6.224558, 49.93911], [6.224554, 49.93907], [6.224409, 49.938774], [6.224619, 49.938652], [6.224863, 49.9387], [6.225035, 49.93873], [6.225306, 49.93876], [6.225553, 49.938534], [6.225851, 49.93815], [6.226431, 49.93747], [6.226748, 49.937225], [6.226782, 49.93719], [6.227011, 49.936928], [6.227076, 49.936867], [6.227102, 49.93684], [6.227331, 49.936623], [6.226374, 49.936016], [6.225241, 49.93546], [6.224749, 49.935135], [6.224173, 49.934692], [6.223688, 49.9343], [6.223604, 49.9343], [6.223524, 49.934002], [6.223535, 49.933987], [6.223589, 49.933914], [6.223787, 49.933628], [6.224825, 49.93349], [6.225225, 49.93336], [6.225168, 49.933144], [6.224909, 49.932735], [6.224455, 49.932804], [6.224413, 49.932636], [6.224268, 49.932407], [6.224226, 49.932335], [6.224028, 49.93207], [6.224058, 49.931946], [6.224619, 49.931965], [6.224703, 49.931583], [6.224859, 49.93157], [6.224913, 49.931416], [6.224932, 49.931362], [6.225027, 49.931366], [6.225183, 49.930912], [6.225428, 49.930614], [6.225622, 49.93037], [6.225847, 49.930122], [6.225958, 49.929635], [6.226183, 49.929371], [6.226187, 49.929314], [6.226084, 49.928932], [6.225828, 49.92867], [6.225733, 49.92859], [6.22563, 49.928497], [6.225275, 49.92821], [6.225157, 49.928135], [6.224955, 49.928], [6.224905, 49.927967], [6.224581, 49.927757], [6.22447, 49.92765], [6.224449, 49.927651], [6.224276, 49.92766], [6.223955, 49.927751], [6.223673, 49.927828], [6.223558, 49.927683], [6.223478, 49.927568], [6.223093, 49.927286], [6.222902, 49.927156], [6.222673, 49.927031], [6.222441, 49.92692], [6.222162, 49.926817], [6.222029, 49.926752], [6.221857, 49.926676], [6.221544, 49.926565], [6.221292, 49.926474], [6.221201, 49.926454], [6.221128, 49.926435], [6.220983, 49.926409], [6.220777, 49.926352], [6.22051, 49.926245], [6.220305, 49.926157], [6.220064, 49.926058], [6.219854, 49.925985], [6.219664, 49.925878], [6.21953, 49.92581], [6.219301, 49.925695], [6.219149, 49.925615], [6.219, 49.925535], [6.218836, 49.925425], [6.218645, 49.925306], [6.218634, 49.925299], [6.218557, 49.925253], [6.218485, 49.925139], [6.218397, 49.925051], [6.218328, 49.924955], [6.218218, 49.924788], [6.218039, 49.924322], [6.218, 49.924269], [6.21792, 49.923971], [6.217897, 49.92388], [6.217867, 49.923738], [6.217874, 49.923681], [6.217882, 49.923609], [6.217894, 49.923521], [6.217928, 49.92338], [6.217943, 49.923304], [6.217985, 49.92317], [6.218031, 49.923075], [6.218122, 49.922949], [6.218172, 49.922884], [6.218222, 49.922834], [6.218283, 49.922785], [6.218416, 49.922705], [6.21855, 49.92264], [6.218656, 49.922598], [6.21879, 49.92256], [6.218962, 49.922522], [6.219206, 49.922457], [6.219744, 49.922331], [6.220301, 49.92219], [6.22061, 49.922106], [6.220724, 49.922083], [6.220953, 49.922022], [6.221083, 49.921987], [6.221147, 49.921976], [6.221365, 49.921938], [6.22172, 49.921881], [6.221975, 49.921824], [6.222238, 49.92177], [6.222597, 49.921694], [6.222803, 49.921663], [6.223089, 49.921621], [6.223185, 49.92161], [6.223471, 49.921587], [6.223646, 49.921541], [6.22386, 49.921484], [6.223974, 49.921461], [6.224138, 49.921427], [6.224531, 49.921362], [6.22463, 49.921358], [6.225042, 49.921289], [6.225134, 49.921274], [6.225344, 49.921244], [6.225409, 49.921232], [6.225614, 49.921202], [6.225756, 49.92119], [6.225981, 49.921179], [6.226267, 49.921171], [6.226641, 49.921164], [6.226797, 49.92116], [6.2269, 49.92116], [6.227099, 49.921148], [6.227488, 49.921122], [6.227686, 49.92111], [6.22793, 49.921114], [6.22819, 49.92111], [6.228437, 49.921114], [6.228582, 49.921103], [6.228697, 49.921091], [6.228907, 49.921068], [6.229097, 49.921022], [6.229235, 49.920969], [6.229296, 49.920938], [6.22941, 49.92087], [6.22965, 49.920675], [6.229666, 49.920603], [6.229776, 49.920519], [6.229899, 49.920423], [6.230028, 49.920286], [6.230249, 49.920046], [6.230284, 49.920012], [6.230299, 49.919996], [6.230432, 49.919851], [6.230894, 49.919344], [6.231035, 49.919264], [6.231218, 49.919001], [6.231333, 49.91884], [6.231573, 49.918493], [6.231642, 49.918386], [6.231806, 49.918062], [6.231859, 49.917959], [6.231901, 49.917879], [6.231924, 49.917833], [6.232012, 49.917665], [6.232042, 49.917612], [6.2321, 49.917471], [6.232202, 49.917231], [6.232412, 49.916948], [6.232496, 49.9168], [6.23263, 49.916426], [6.232702, 49.916304], [6.23276, 49.916204], [6.232912, 49.916002], [6.232901, 49.915789], [6.233049, 49.915411], [6.233076, 49.915358], [6.233126, 49.915293], [6.233156, 49.915251], [6.233335, 49.915037], [6.233477, 49.914873], [6.233526, 49.914812], [6.233633, 49.914675], [6.233675, 49.914579], [6.233725, 49.914511], [6.233736, 49.914492], [6.233786, 49.914411], [6.233847, 49.914305], [6.233881, 49.914225], [6.233923, 49.914087], [6.233946, 49.913977], [6.233973, 49.913847], [6.233999, 49.913691], [6.234011, 49.913546], [6.234011, 49.913393], [6.234007, 49.913294], [6.233992, 49.91316], [6.23395, 49.91297], [6.233896, 49.912775], [6.233919, 49.912775], [6.233843, 49.912649], [6.233786, 49.912592], [6.233675, 49.9125], [6.233618, 49.912458], [6.233431, 49.912359], [6.233026, 49.912146], [6.232653, 49.911966], [6.232454, 49.911848], [6.232237, 49.911715], [6.23205, 49.9116], [6.231825, 49.911428], [6.23173, 49.911352], [6.231615, 49.911238], [6.231523, 49.911184], [6.231291, 49.911154], [6.231039, 49.91115], [6.230932, 49.911142], [6.230749, 49.911123], [6.230425, 49.911108], [6.230375, 49.911108], [6.230204, 49.911123], [6.23004, 49.911177], [6.229864, 49.911245], [6.229563, 49.911306], [6.229563, 49.911322], [6.229357, 49.911364], [6.228952, 49.91144], [6.228319, 49.911554], [6.228121, 49.911577], [6.227804, 49.911608], [6.227678, 49.911615], [6.227579, 49.911619], [6.227507, 49.911615], [6.227426, 49.911592], [6.227358, 49.91157], [6.22727, 49.911539], [6.227198, 49.911493], [6.22714, 49.911448], [6.22703, 49.911341], [6.226988, 49.911264], [6.226965, 49.911196], [6.226911, 49.911024], [6.226896, 49.910799], [6.226919, 49.910627], [6.226946, 49.910513], [6.226961, 49.910482], [6.227003, 49.910418], [6.227072, 49.910322], [6.227121, 49.910315], [6.227144, 49.910299], [6.22711, 49.91028], [6.227156, 49.91025], [6.227514, 49.909998], [6.227617, 49.910006], [6.227694, 49.909971], [6.227789, 49.90991], [6.227858, 49.909903], [6.227957, 49.909838], [6.227968, 49.909792], [6.228136, 49.909677], [6.228182, 49.909605], [6.228319, 49.909517], [6.228396, 49.909475], [6.228506, 49.909414], [6.228586, 49.909361], [6.228701, 49.909281], [6.228857, 49.90917], [6.22883, 49.909162], [6.228933, 49.909094], [6.22901, 49.909044], [6.229128, 49.908987], [6.229372, 49.908884], [6.229528, 49.908785], [6.22957, 49.908754], [6.229628, 49.90872], [6.229837, 49.90859], [6.230013, 49.908461], [6.230394, 49.908167], [6.230681, 49.907953], [6.230848, 49.90782], [6.231196, 49.907515], [6.231325, 49.907389], [6.231417, 49.907301], [6.231485, 49.907221], [6.231604, 49.907053], [6.231722, 49.906889], [6.231829, 49.906755], [6.231966, 49.90658], [6.232061, 49.906462], [6.232115, 49.906393], [6.232138, 49.906343], [6.232142, 49.906317], [6.232134, 49.906195], [6.232126, 49.906015], [6.232126, 49.905958], [6.232038, 49.90592], [6.232084, 49.905783], [6.232073, 49.905695], [6.232058, 49.905649], [6.231978, 49.90555], [6.232004, 49.905493], [6.232019, 49.905371], [6.232027, 49.90534], [6.232058, 49.905325], [6.232065, 49.905218], [6.232004, 49.905218], [6.232012, 49.905127], [6.232054, 49.905065], [6.232073, 49.904814], [6.2321, 49.904703], [6.232126, 49.904566], [6.23213, 49.904554], [6.232161, 49.904455], [6.23221, 49.904345], [6.232256, 49.904253], [6.232206, 49.904196], [6.232294, 49.904028], [6.232355, 49.903849], [6.232374, 49.903784], [6.232519, 49.903513], [6.232607, 49.903341], [6.23263, 49.903292], [6.232748, 49.903101], [6.23282, 49.902994], [6.23282, 49.902784], [6.232836, 49.902761], [6.232824, 49.90272], [6.232824, 49.902689], [6.232843, 49.902662], [6.232973, 49.902468], [6.232935, 49.902346], [6.232923, 49.902288], [6.23292, 49.902246], [6.232927, 49.902197], [6.232943, 49.902163], [6.232992, 49.902075], [6.233107, 49.901995], [6.233107, 49.901903], [6.233114, 49.901716], [6.233122, 49.901625], [6.233084, 49.901567], [6.233095, 49.901438], [6.233137, 49.901049], [6.233156, 49.900885], [6.233225, 49.900705], [6.233335, 49.900412], [6.233412, 49.900286], [6.233477, 49.90019], [6.233526, 49.900122], [6.233568, 49.900087], [6.233725, 49.899984], [6.23385, 49.899908], [6.233931, 49.899893], [6.234221, 49.899713], [6.234514, 49.899553], [6.235201, 49.89921], [6.23522, 49.899198], [6.235365, 49.899126], [6.235762, 49.899008], [6.236242, 49.898725], [6.236406, 49.898626], [6.237043, 49.898115], [6.237402, 49.897814], [6.237631, 49.897612], [6.237825, 49.897417], [6.237951, 49.897295], [6.237986, 49.897264], [6.238039, 49.897219], [6.238363, 49.89699], [6.238436, 49.896936], [6.238531, 49.896883], [6.239023, 49.896643], [6.239302, 49.896513], [6.239439, 49.896456], [6.239882, 49.89628], [6.240126, 49.896185], [6.240457, 49.896093], [6.240816, 49.89604], [6.241129, 49.895983], [6.241514, 49.895906], [6.241869, 49.895815], [6.242025, 49.895773], [6.242151, 49.895746], [6.242311, 49.895716], [6.242392, 49.895708], [6.242639, 49.895685], [6.243181, 49.895647], [6.243429, 49.89562], [6.243624, 49.895597], [6.243872, 49.895578], [6.244043, 49.895563], [6.244673, 49.89554], [6.245886, 49.895506], [6.246004, 49.895502], [6.246187, 49.895426], [6.246336, 49.895414], [6.246565, 49.895288], [6.246622, 49.89525], [6.246805, 49.895117], [6.246904, 49.895048], [6.24703, 49.894957], [6.247061, 49.894922], [6.247118, 49.894857], [6.247141, 49.894819], [6.247229, 49.894606], [6.247255, 49.894545], [6.247389, 49.894304], [6.247412, 49.894274], [6.247534, 49.89414], [6.247728, 49.893915], [6.248121, 49.893473], [6.248297, 49.893351], [6.248732, 49.893072], [6.249105, 49.892832], [6.249189, 49.892771], [6.249517, 49.892508], [6.249712, 49.892267], [6.24975, 49.892099], [6.24988, 49.891935], [6.249971, 49.891745], [6.250166, 49.891321], [6.250219, 49.891066], [6.250238, 49.890974], [6.250261, 49.890863], [6.25028, 49.890749], [6.250303, 49.890638], [6.250315, 49.890505], [6.250334, 49.89044], [6.250361, 49.89039], [6.250399, 49.890356], [6.25046, 49.890318], [6.250631, 49.890223], [6.250803, 49.890146], [6.251261, 49.889944], [6.251387, 49.889883], [6.252008, 49.889582], [6.252096, 49.88954], [6.252359, 49.889414], [6.252512, 49.889334], [6.252794, 49.889185], [6.252989, 49.889059], [6.253225, 49.888971], [6.253275, 49.888948], [6.253332, 49.888926], [6.253706, 49.888739], [6.253843, 49.888678], [6.254034, 49.888601], [6.254206, 49.888533], [6.254885, 49.888262], [6.254953, 49.888235], [6.25532, 49.888071], [6.25543, 49.888018], [6.255716, 49.88785], [6.255949, 49.887751], [6.256094, 49.887636], [6.256361, 49.887423], [6.256548, 49.887224], [6.256597, 49.88719], [6.25664, 49.887117], [6.256678, 49.887098], [6.256853, 49.886938], [6.256868, 49.886888], [6.257052, 49.886721], [6.257219, 49.886564], [6.257265, 49.886522], [6.257364, 49.886465], [6.257555, 49.886252], [6.257769, 49.886122], [6.257906, 49.885935], [6.258001, 49.885805], [6.258051, 49.885683], [6.258116, 49.885549], [6.258173, 49.88537], [6.258215, 49.885229], [6.258242, 49.885134], [6.258249, 49.885107], [6.258303, 49.884924], [6.25831, 49.884893], [6.258329, 49.884836], [6.258341, 49.88479], [6.258364, 49.88471], [6.258379, 49.884668], [6.258398, 49.884603], [6.258425, 49.88452], [6.258436, 49.884481], [6.258497, 49.884325], [6.258509, 49.884298], [6.258516, 49.884275], [6.25857, 49.884157], [6.258619, 49.884069], [6.258631, 49.884031], [6.258699, 49.883741], [6.258669, 49.883703], [6.258902, 49.883272], [6.259039, 49.883177], [6.2591, 49.883066], [6.259169, 49.88302], [6.259272, 49.882956], [6.259333, 49.882956], [6.259649, 49.882727], [6.259775, 49.882685], [6.259733, 49.882669], [6.259977, 49.882555], [6.260748, 49.882196], [6.260805, 49.882177], [6.261236, 49.881792], [6.26132, 49.881712], [6.26137, 49.881659], [6.261412, 49.88159], [6.261446, 49.881502], [6.26148, 49.881388], [6.261484, 49.881346], [6.261484, 49.881292], [6.261476, 49.881266], [6.261454, 49.881189], [6.261587, 49.881006], [6.261656, 49.880991], [6.261927, 49.88085], [6.261988, 49.880827], [6.262068, 49.8808], [6.262297, 49.880739], [6.262381, 49.88072], [6.262487, 49.880697], [6.262575, 49.880732], [6.262941, 49.880732], [6.263178, 49.880659], [6.263441, 49.880579], [6.263491, 49.880526], [6.26359, 49.88051], [6.264318, 49.880262], [6.264574, 49.88019], [6.264898, 49.880117], [6.2651, 49.880091], [6.265371, 49.880003], [6.265493, 49.879957], [6.265558, 49.879923], [6.265879, 49.879816], [6.266123, 49.879732], [6.266424, 49.879614], [6.266466, 49.87953], [6.266573, 49.879511], [6.266703, 49.879488], [6.266874, 49.879507], [6.267305, 49.879435], [6.267695, 49.87937], [6.267809, 49.879381], [6.268137, 49.879324], [6.268911, 49.879122], [6.269152, 49.879057], [6.269278, 49.879007], [6.2694, 49.878981], [6.269567, 49.878923], [6.270136, 49.878729], [6.270266, 49.878675], [6.270365, 49.878626], [6.270647, 49.878473], [6.271231, 49.878118], [6.271746, 49.877829], [6.271826, 49.877787], [6.272207, 49.877581], [6.272303, 49.877531], [6.272455, 49.877451], [6.272695, 49.877321], [6.273111, 49.877104], [6.273527, 49.877062], [6.2736, 49.877047], [6.273802, 49.877001], [6.273993, 49.876959], [6.274076, 49.876951], [6.274427, 49.876944], [6.274679, 49.876947], [6.275007, 49.876898], [6.275061, 49.876856], [6.275217, 49.876841], [6.275534, 49.876749], [6.275797, 49.876688], [6.275866, 49.876684], [6.276049, 49.876699], [6.276094, 49.876707], [6.276239, 49.876745], [6.276724, 49.876905], [6.277147, 49.877088], [6.277708, 49.87731], [6.277956, 49.877413], [6.278151, 49.8775], [6.278311, 49.877581], [6.278589, 49.877714], [6.278742, 49.877798], [6.278814, 49.877863], [6.278845, 49.877905], [6.278879, 49.877962], [6.279066, 49.878145], [6.279318, 49.878336], [6.27949, 49.878435], [6.27968, 49.878519], [6.279837, 49.878569], [6.280012, 49.878622], [6.280081, 49.878637], [6.280161, 49.878653], [6.280546, 49.878714], [6.280821, 49.878744], [6.28092, 49.878752], [6.281008, 49.878763], [6.281084, 49.878775], [6.281134, 49.878779], [6.281202, 49.878779], [6.281355, 49.878775], [6.281454, 49.878763], [6.281656, 49.87874], [6.282049, 49.878687], [6.28229, 49.878656], [6.282427, 49.878637], [6.282538, 49.878614], [6.282583, 49.878603], [6.282705, 49.878569], [6.282762, 49.878542], [6.282808, 49.878523], [6.282865, 49.878485], [6.282896, 49.87847], [6.283056, 49.878351], [6.283194, 49.878153], [6.28332, 49.877977], [6.28343, 49.877813], [6.283579, 49.877653], [6.28359, 49.877634], [6.283617, 49.877607], [6.283636, 49.877584], [6.283922, 49.87726], [6.28417, 49.876986], [6.28422, 49.876932], [6.284231, 49.876921], [6.284452, 49.876738], [6.284628, 49.8766], [6.284922, 49.87628], [6.285078, 49.876108], [6.285269, 49.87591], [6.285318, 49.87586], [6.285414, 49.875769], [6.285524, 49.875677], [6.285627, 49.875589], [6.285646, 49.87557], [6.285669, 49.875547], [6.285696, 49.875524], [6.285738, 49.875486], [6.285768, 49.875464], [6.285788, 49.875448], [6.285864, 49.875391], [6.285891, 49.875376], [6.285955, 49.875349], [6.286001, 49.875326], [6.286024, 49.875315], [6.286051, 49.875299], [6.286104, 49.875269], [6.2862, 49.875216], [6.286257, 49.875181], [6.28631, 49.875151], [6.286375, 49.875112], [6.286417, 49.87509], [6.286562, 49.87504], [6.28655, 49.875021], [6.286776, 49.874975], [6.287142, 49.874899], [6.287195, 49.874926], [6.287546, 49.875013], [6.287939, 49.875071], [6.288195, 49.875097], [6.288317, 49.875093], [6.288759, 49.875109], [6.288889, 49.875105], [6.289053, 49.875116], [6.289282, 49.875109], [6.289618, 49.875082], [6.289823, 49.875051], [6.290026, 49.875009], [6.290091, 49.874991], [6.290117, 49.874983], [6.290434, 49.874895], [6.290705, 49.874811], [6.290857, 49.874746], [6.291277, 49.874613], [6.291483, 49.874472], [6.291696, 49.874247], [6.29178, 49.873995], [6.29178, 49.873854], [6.291708, 49.873758], [6.291628, 49.87361], [6.291582, 49.873339], [6.291498, 49.873114], [6.291426, 49.872946], [6.291391, 49.872721], [6.291399, 49.872557], [6.291403, 49.872408], [6.291418, 49.872191], [6.291437, 49.87192], [6.291452, 49.871759], [6.291506, 49.871542], [6.291548, 49.871382], [6.291624, 49.871118], [6.291704, 49.87097], [6.29183, 49.870779], [6.291933, 49.870592], [6.29207, 49.870367], [6.292181, 49.870184], [6.292345, 49.869959], [6.292524, 49.869703], [6.292719, 49.869451], [6.292826, 49.869322], [6.292833, 49.869284], [6.292818, 49.869268], [6.292917, 49.8692], [6.292986, 49.86912], [6.29307, 49.86902], [6.293192, 49.868887], [6.293325, 49.86873], [6.293478, 49.868563], [6.29365, 49.868399], [6.293779, 49.868292], [6.293867, 49.868231], [6.294027, 49.868097], [6.294172, 49.86799], [6.294287, 49.867884], [6.294413, 49.867773], [6.294554, 49.867613], [6.294767, 49.867445], [6.294912, 49.867311], [6.295073, 49.867186], [6.295172, 49.867106], [6.295294, 49.867041], [6.295519, 49.866911], [6.295721, 49.866754], [6.295855, 49.866674], [6.296015, 49.866598], [6.296282, 49.866445], [6.296453, 49.866381], [6.296656, 49.866301], [6.296888, 49.866205], [6.297129, 49.86614], [6.297308, 49.866114], [6.297594, 49.866072], [6.297876, 49.866064], [6.298227, 49.866068], [6.298559, 49.866106], [6.2988, 49.866114], [6.29915, 49.866144], [6.299517, 49.86619], [6.299826, 49.866224], [6.300035, 49.866266], [6.300322, 49.866343], [6.300585, 49.866419], [6.300718, 49.866457], [6.300829, 49.866487], [6.30097, 49.866533], [6.300997, 49.866594], [6.301245, 49.866671], [6.301489, 49.866774], [6.301519, 49.86677], [6.301848, 49.866922], [6.302092, 49.867056], [6.302107, 49.867094], [6.302256, 49.867159], [6.302584, 49.867334], [6.302664, 49.867369], [6.302854, 49.867464], [6.303125, 49.867609], [6.303469, 49.867804], [6.30385, 49.868006], [6.304033, 49.868097], [6.304159, 49.868151], [6.304297, 49.868223], [6.304373, 49.868242], [6.304586, 49.868349], [6.304659, 49.868395], [6.304823, 49.868475], [6.304968, 49.868532], [6.305292, 49.868712], [6.305624, 49.868856], [6.305792, 49.86891], [6.306089, 49.869055], [6.306238, 49.869124], [6.306604, 49.869276], [6.306803, 49.869352], [6.307097, 49.869448], [6.307272, 49.869513], [6.307386, 49.869551], [6.307604, 49.869597], [6.307829, 49.869627], [6.308126, 49.869677], [6.30831, 49.869711], [6.308649, 49.869768], [6.308886, 49.869791], [6.309179, 49.869848], [6.309385, 49.869883], [6.309732, 49.869886], [6.310064, 49.869883], [6.310621, 49.869802], [6.310911, 49.869654], [6.311163, 49.86949], [6.311411, 49.869341], [6.311735, 49.869131], [6.311899, 49.868986], [6.312109, 49.868837], [6.31233, 49.868647], [6.312529, 49.868463], [6.312769, 49.868231], [6.312933, 49.868063], [6.313143, 49.867823], [6.313318, 49.867621], [6.31344, 49.867483], [6.313562, 49.867262], [6.313681, 49.867083], [6.313742, 49.86693], [6.313788, 49.866751], [6.313925, 49.866449], [6.314012, 49.86622], [6.314051, 49.86606], [6.31415, 49.865808], [6.314169, 49.865667], [6.314196, 49.865538], [6.314226, 49.865397], [6.314287, 49.865316], [6.314325, 49.865099], [6.31431, 49.864889], [6.314245, 49.864672], [6.314184, 49.864477], [6.314131, 49.864283], [6.314051, 49.864096], [6.313986, 49.863836], [6.313871, 49.863523], [6.313788, 49.86326], [6.313692, 49.863035], [6.313635, 49.862837], [6.313559, 49.862669], [6.31349, 49.862486], [6.313456, 49.862341], [6.31344, 49.862253], [6.313436, 49.862166], [6.31341, 49.862112], [6.313417, 49.861998], [6.313421, 49.861895], [6.313444, 49.861753], [6.313467, 49.861635], [6.313471, 49.861509], [6.313459, 49.861372], [6.313479, 49.861319], [6.313498, 49.861231], [6.313543, 49.861101], [6.313574, 49.860998], [6.313585, 49.860887], [6.313665, 49.860773], [6.313703, 49.860689], [6.313757, 49.860548], [6.313814, 49.86043], [6.313875, 49.860289], [6.314016, 49.860064], [6.314093, 49.859949], [6.314135, 49.859884], [6.314123, 49.859882], [6.314062, 49.85987], [6.31386, 49.859768], [6.313681, 49.859726], [6.313486, 49.859676], [6.313452, 49.85967], [6.31323, 49.859604], [6.313021, 49.85953], [6.312803, 49.859447], [6.312551, 49.859352], [6.312429, 49.859303], [6.312387, 49.859276], [6.311998, 49.85904], [6.311464, 49.858902], [6.311304, 49.858837], [6.310858, 49.858654], [6.310755, 49.85862], [6.310121, 49.858368], [6.310003, 49.858315], [6.309572, 49.858112], [6.309343, 49.858], [6.309053, 49.857872], [6.308569, 49.85769], [6.307997, 49.85747], [6.307451, 49.857254], [6.307756, 49.85685], [6.308195, 49.856274], [6.308367, 49.85604], [6.308432, 49.85595], [6.308752, 49.85555], [6.308828, 49.855453], [6.308897, 49.855362], [6.309031, 49.855194], [6.309221, 49.85493], [6.309755, 49.85392], [6.309751, 49.85387], [6.309683, 49.85281], [6.309664, 49.852566], [6.309881, 49.852108], [6.310011, 49.851826], [6.310038, 49.85172], [6.310103, 49.851444], [6.310121, 49.85138], [6.310137, 49.851315], [6.310209, 49.851063], [6.310335, 49.850655], [6.310404, 49.850346], [6.310419, 49.8503], [6.310446, 49.85011], [6.310434, 49.849422], [6.310423, 49.848995], [6.310423, 49.848915], [6.310419, 49.848785], [6.310408, 49.848335], [6.310396, 49.847797], [6.309473, 49.847805], [6.309034, 49.847805], [6.308859, 49.847794], [6.308363, 49.84776], [6.308058, 49.847733], [6.307798, 49.847706], [6.307291, 49.847622], [6.306734, 49.847504], [6.306509, 49.847336], [6.305948, 49.84699], [6.305803, 49.84688], [6.305636, 49.846756], [6.305532, 49.846664], [6.305448, 49.846542], [6.305418, 49.846478], [6.30538, 49.84637], [6.305342, 49.846363], [6.305239, 49.846333], [6.305078, 49.84629], [6.30501, 49.846275], [6.304949, 49.84627], [6.304869, 49.846294], [6.304552, 49.84637], [6.30438, 49.846413], [6.304041, 49.846474], [6.303751, 49.846523], [6.303579, 49.84656], [6.303434, 49.846596], [6.303297, 49.846638], [6.303049, 49.84671], [6.302813, 49.846775], [6.302698, 49.84681], [6.302622, 49.846848], [6.302519, 49.84689], [6.302454, 49.846928], [6.302359, 49.84699], [6.302259, 49.84703], [6.301973, 49.84715], [6.301844, 49.847206], [6.301691, 49.84729], [6.30134, 49.84749], [6.301142, 49.84761], [6.300947, 49.84773], [6.300852, 49.847786], [6.300787, 49.847816], [6.300676, 49.84785], [6.300558, 49.847885], [6.300386, 49.847927], [6.300314, 49.84795], [6.300253, 49.847973], [6.300196, 49.848007], [6.300157, 49.848022], [6.300112, 49.848038], [6.300047, 49.848057], [6.300005, 49.84808], [6.299959, 49.84812], [6.299837, 49.848255], [6.299803, 49.84829], [6.299765, 49.8483], [6.299704, 49.848312], [6.299536, 49.848324], [6.299307, 49.84835], [6.299013, 49.848385], [6.298822, 49.84841], [6.298506, 49.848465], [6.29825, 49.848537], [6.298201, 49.848545], [6.298136, 49.84854], [6.297949, 49.84853], [6.297701, 49.848515], [6.297453, 49.848507], [6.297262, 49.8485], [6.297117, 49.848503], [6.297026, 49.84849], [6.296949, 49.848473], [6.296797, 49.848408], [6.296537, 49.84829], [6.296331, 49.848206], [6.296167, 49.84814], [6.296068, 49.84811], [6.295801, 49.848057], [6.295664, 49.848026], [6.295496, 49.847977], [6.29532, 49.84793], [6.294928, 49.84785], [6.294779, 49.847816], [6.294657, 49.847786], [6.294344, 49.8477], [6.294088, 49.847626], [6.293928, 49.847572], [6.293814, 49.84754], [6.293585, 49.847523], [6.293508, 49.84751], [6.293421, 49.847492], [6.293337, 49.84748], [6.293241, 49.847473], [6.293158, 49.847485], [6.293055, 49.847507], [6.293028, 49.847515], [6.292917, 49.84752], [6.292807, 49.847538], [6.292749, 49.847546], [6.292624, 49.84755], [6.292517, 49.84757], [6.292372, 49.847595], [6.292181, 49.847645], [6.29209, 49.847656], [6.291704, 49.84768], [6.291586, 49.84768], [6.291391, 49.847668], [6.291315, 49.847668], [6.291216, 49.84768], [6.29109, 49.8477], [6.290998, 49.847702], [6.290937, 49.847706], [6.290831, 49.8477], [6.290754, 49.847694], [6.290655, 49.8477], [6.290514, 49.847706], [6.290094, 49.847713], [6.289793, 49.847713], [6.28961, 49.847717], [6.289526, 49.847713], [6.28948, 49.847706], [6.2894, 49.84769], [6.289225, 49.84764], [6.2889, 49.84756], [6.28874, 49.847534], [6.288557, 49.847507], [6.288347, 49.847485], [6.288233, 49.847466], [6.288156, 49.847446], [6.287798, 49.847343], [6.287672, 49.8473], [6.28742, 49.84723], [6.287283, 49.84719], [6.287176, 49.847164], [6.287088, 49.847145], [6.286966, 49.847126], [6.286757, 49.847107], [6.286646, 49.8471], [6.286619, 49.847084], [6.286577, 49.84709], [6.286528, 49.847103], [6.286303, 49.847107], [6.28615, 49.847107], [6.286062, 49.84711], [6.285891, 49.84712], [6.285756, 49.84713], [6.285665, 49.847137], [6.285642, 49.84714], [6.285601, 49.847145], [6.285444, 49.847157], [6.285326, 49.847168], [6.284998, 49.8472], [6.284742, 49.84722], [6.284601, 49.847233], [6.284563, 49.847237], [6.284468, 49.847244], [6.284372, 49.847256], [6.284262, 49.847263], [6.284166, 49.84727], [6.283976, 49.84729], [6.283915, 49.847298], [6.283735, 49.847313], [6.283697, 49.847313], [6.283407, 49.847339], [6.283323, 49.847347], [6.283266, 49.84735], [6.283182, 49.847358], [6.283041, 49.84737], [6.283022, 49.847374], [6.282977, 49.847377], [6.282877, 49.847385], [6.282511, 49.84743], [6.282393, 49.847441], [6.282126, 49.84748], [6.281954, 49.847504], [6.28163, 49.847546], [6.281535, 49.84756], [6.281496, 49.847565], [6.281389, 49.847576], [6.28097, 49.84763], [6.280684, 49.847668], [6.280436, 49.8477], [6.280195, 49.84773], [6.280171, 49.847733], [6.279764, 49.847786], [6.279287, 49.847847], [6.279051, 49.847878], [6.278994, 49.847885], [6.278944, 49.847893], [6.278849, 49.847916], [6.278719, 49.847942], [6.278238, 49.84805], [6.277983, 49.848106], [6.277762, 49.848156], [6.277514, 49.84821], [6.277247, 49.848267], [6.277105, 49.84827], [6.27696, 49.84832], [6.276915, 49.848328], [6.276144, 49.848415], [6.275591, 49.84848], [6.275087, 49.848537], [6.275011, 49.848534], [6.274977, 49.84855], [6.274935, 49.848545], [6.274797, 49.84855], [6.274511, 49.84859], [6.274416, 49.848602], [6.274103, 49.848648], [6.273886, 49.848675], [6.272322, 49.848892], [6.271524, 49.848995], [6.271318, 49.84902], [6.27112, 49.84904], [6.270933, 49.849064], [6.270552, 49.849094], [6.270338, 49.849113], [6.269991, 49.84914], [6.269663, 49.849167], [6.269545, 49.84918], [6.269518, 49.849182], [6.269319, 49.849003], [6.268957, 49.848694], [6.268885, 49.848644], [6.268675, 49.848537], [6.268358, 49.848373], [6.267786, 49.848087], [6.26745, 49.847916], [6.267061, 49.84765], [6.266806, 49.847477], [6.266821, 49.847466], [6.266901, 49.847404], [6.266966, 49.847355], [6.267019, 49.847313], [6.266844, 49.847218], [6.266123, 49.84683], [6.265619, 49.846558], [6.265576, 49.846536], [6.265486, 49.84649], [6.265459, 49.846472], [6.265417, 49.846443], [6.264502, 49.845943], [6.264055, 49.845703], [6.263422, 49.84537], [6.263323, 49.84532], [6.262987, 49.845146], [6.2628, 49.845047], [6.262781, 49.84503], [6.263239, 49.84464], [6.263704, 49.844223], [6.264509, 49.84349], [6.264624, 49.84337], [6.264898, 49.84309], [6.265291, 49.84272], [6.265886, 49.84215], [6.266024, 49.842026], [6.266046, 49.841988], [6.266073, 49.84195], [6.266169, 49.841896], [6.266321, 49.841824], [6.266531, 49.841747], [6.266973, 49.84162], [6.267885, 49.841366], [6.268423, 49.841232], [6.268736, 49.84119], [6.269041, 49.84116], [6.269308, 49.84115], [6.269636, 49.841152], [6.270418, 49.841194], [6.270643, 49.8412], [6.270792, 49.8412], [6.27096, 49.84118], [6.271143, 49.84115], [6.271456, 49.841087], [6.271429, 49.841072], [6.271223, 49.84094], [6.270666, 49.840576], [6.270086, 49.8402], [6.269262, 49.839664], [6.269197, 49.839615], [6.268984, 49.839478], [6.268877, 49.83941], [6.268412, 49.83911], [6.268328, 49.839058], [6.267939, 49.83881], [6.26782, 49.838734], [6.267729, 49.838673], [6.26755, 49.838562], [6.267408, 49.838474], [6.267149, 49.838306], [6.267111, 49.838284], [6.266962, 49.83819], [6.266604, 49.83796], [6.266302, 49.83777], [6.266024, 49.837593], [6.265989, 49.83757], [6.265478, 49.837254], [6.264875, 49.836864], [6.264113, 49.836372], [6.263857, 49.8362], [6.26367, 49.83608], [6.263334, 49.835854], [6.263224, 49.83578], [6.262838, 49.835533], [6.262087, 49.83504], [6.261023, 49.834347], [6.260958, 49.8343], [6.260511, 49.83401], [6.2605, 49.834003], [6.260088, 49.833725], [6.259661, 49.83344], [6.2595, 49.833332], [6.259348, 49.833233], [6.258799, 49.832863], [6.258375, 49.83258], [6.258223, 49.83248], [6.257936, 49.832302], [6.257666, 49.832123], [6.257467, 49.831993], [6.257105, 49.83175], [6.257009, 49.831688], [6.2568, 49.831547], [6.256022, 49.831028], [6.255991, 49.831005], [6.255446, 49.830643], [6.255171, 49.83046], [6.254892, 49.830276], [6.254675, 49.830135], [6.254694, 49.830013], [6.25469, 49.829967], [6.254808, 49.8291], [6.254824, 49.828964], [6.254877, 49.828568], [6.254961, 49.828064], [6.255003, 49.82778], [6.255045, 49.827534], [6.255125, 49.827026], [6.255205, 49.826485], [6.255293, 49.825977], [6.255373, 49.825447], [6.255449, 49.82503], [6.255529, 49.824486], [6.25559, 49.82412], [6.255602, 49.82406], [6.255617, 49.823956], [6.255655, 49.823727], [6.255659, 49.823692], [6.25569, 49.8235], [6.255693, 49.823486], [6.256052, 49.823395], [6.256601, 49.823227], [6.256926, 49.82312], [6.257254, 49.823025], [6.257662, 49.822937], [6.258459, 49.822773], [6.258856, 49.822662], [6.25963, 49.82244], [6.260191, 49.822304], [6.261667, 49.822033], [6.262087, 49.821926], [6.263243, 49.821644], [6.264254, 49.82141], [6.264696, 49.82132], [6.26549, 49.821182], [6.265779, 49.821136], [6.266657, 49.8211], [6.267858, 49.821068], [6.26882, 49.82106], [6.268911, 49.821087], [6.269754, 49.821053], [6.270159, 49.821297], [6.270193, 49.82132], [6.270285, 49.821312], [6.270346, 49.8213], [6.27043, 49.821274], [6.270334, 49.821266], [6.270205, 49.821182], [6.270147, 49.82113], [6.270033, 49.82096], [6.269953, 49.82083], [6.26988, 49.82077], [6.269793, 49.820744], [6.269739, 49.82072], [6.269739, 49.820675], [6.269796, 49.820557], [6.269819, 49.82047], [6.2698, 49.820385], [6.269735, 49.820274], [6.269693, 49.82021], [6.269682, 49.820152], [6.269712, 49.8201], [6.269789, 49.820045], [6.269815, 49.819996], [6.269815, 49.819923], [6.269766, 49.81984], [6.269628, 49.819675], [6.269507, 49.819603], [6.269335, 49.819534], [6.269262, 49.819473], [6.269251, 49.819405], [6.269239, 49.81919], [6.269213, 49.819115], [6.269178, 49.819077], [6.269113, 49.819016], [6.269033, 49.818985], [6.268953, 49.818947], [6.268923, 49.81892], [6.268896, 49.81883], [6.268854, 49.818703], [6.26882, 49.818657], [6.268724, 49.81858], [6.268614, 49.818512], [6.268591, 49.81848], [6.268579, 49.818436], [6.268583, 49.81838], [6.268614, 49.81831], [6.268698, 49.81816], [6.268713, 49.818115], [6.268721, 49.81804], [6.268755, 49.817955], [6.268705, 49.817856], [6.268682, 49.817825], [6.268675, 49.817795], [6.26885, 49.81742], [6.268862, 49.817314], [6.26885, 49.8172], [6.268778, 49.81703], [6.268766, 49.816936], [6.268759, 49.81684], [6.268774, 49.8168], [6.268816, 49.816788], [6.268976, 49.81681], [6.269014, 49.816807], [6.26903, 49.816788], [6.269018, 49.816757], [6.26882, 49.816635], [6.268759, 49.81658], [6.268736, 49.816544], [6.268751, 49.816498], [6.268747, 49.816467], [6.268713, 49.816452], [6.268675, 49.816452], [6.268618, 49.81645], [6.268579, 49.81643], [6.26856, 49.816406], [6.268553, 49.81634], [6.268545, 49.8163], [6.268499, 49.816257], [6.268412, 49.816208], [6.268213, 49.816154], [6.268022, 49.81611], [6.267977, 49.816093], [6.26795, 49.81607], [6.267954, 49.816017], [6.267954, 49.81597], [6.267904, 49.815937], [6.267813, 49.8159], [6.267668, 49.815865], [6.267588, 49.815826], [6.267523, 49.815773], [6.267496, 49.815727], [6.267485, 49.81565], [6.267492, 49.815548], [6.267492, 49.81553], [6.267488, 49.815514], [6.267466, 49.815506], [6.267427, 49.81552], [6.267405, 49.81552], [6.267374, 49.815514], [6.267336, 49.815483], [6.267294, 49.815453], [6.267267, 49.815422], [6.267157, 49.815357], [6.267145, 49.815346], [6.267134, 49.815327], [6.267115, 49.8153], [6.267092, 49.815277], [6.267061, 49.815254], [6.267038, 49.815247], [6.267, 49.815243], [6.266966, 49.81524], [6.266932, 49.815224], [6.266897, 49.81521], [6.266863, 49.8152], [6.266828, 49.815186], [6.266768, 49.81515], [6.266687, 49.815125], [6.266623, 49.81512], [6.266558, 49.815117], [6.26652, 49.815117], [6.26642, 49.815132], [6.266375, 49.81514], [6.266237, 49.81514], [6.266203, 49.815147], [6.266165, 49.81515], [6.266115, 49.81517], [6.266081, 49.815186], [6.266058, 49.815186], [6.266024, 49.815178], [6.265993, 49.815186], [6.265837, 49.81523], [6.265749, 49.815247], [6.265684, 49.815247], [6.265619, 49.81523], [6.265455, 49.81523], [6.265333, 49.815243], [6.265238, 49.81524], [6.265131, 49.815254], [6.2651, 49.815254], [6.26502, 49.81526], [6.264952, 49.815247], [6.264883, 49.815247], [6.264792, 49.815254], [6.264738, 49.81527], [6.264681, 49.815277], [6.264593, 49.815277], [6.264536, 49.815285], [6.264471, 49.81529], [6.264269, 49.815277], [6.264177, 49.81526], [6.264063, 49.81524], [6.263788, 49.815193], [6.263636, 49.81517], [6.263777, 49.81492], [6.264013, 49.814632], [6.264345, 49.814217], [6.264429, 49.814095], [6.264482, 49.813995], [6.264525, 49.813896], [6.264536, 49.81383], [6.264525, 49.813606], [6.264517, 49.813545], [6.264498, 49.8135], [6.264448, 49.8134], [6.264292, 49.81317], [6.263876, 49.81289], [6.263475, 49.812706], [6.263086, 49.812607], [6.26293, 49.81257], [6.262438, 49.81245], [6.262281, 49.812416], [6.262487, 49.812195], [6.262762, 49.811905], [6.262911, 49.811745], [6.262937, 49.811726], [6.262995, 49.811714], [6.263086, 49.81171], [6.263201, 49.811714], [6.263491, 49.811756], [6.263533, 49.811676], [6.263704, 49.81132], [6.261831, 49.811073], [6.260801, 49.810936], [6.260233, 49.810856], [6.259489, 49.81073], [6.258734, 49.8106], [6.257578, 49.810394], [6.257708, 49.81013], [6.257349, 49.810143], [6.257204, 49.81015], [6.257074, 49.810165], [6.256716, 49.81022], [6.256308, 49.810287], [6.255938, 49.810352], [6.255426, 49.810444], [6.255152, 49.81048], [6.254824, 49.810497], [6.25448, 49.810524], [6.254385, 49.810684], [6.25416, 49.810547], [6.253626, 49.81051], [6.253553, 49.810493], [6.253183, 49.81041], [6.253023, 49.81037], [6.252844, 49.810326], [6.252792, 49.810302], [6.252779, 49.810303], [6.253485, 49.80969], [6.253714, 49.809414], [6.253981, 49.80902], [6.254171, 49.80881], [6.25432, 49.80868], [6.254545, 49.80849], [6.254583, 49.80844], [6.255407, 49.80722], [6.256048, 49.806328], [6.256769, 49.805344], [6.257464, 49.804344], [6.258062, 49.803455], [6.258486, 49.802837], [6.257837, 49.80259], [6.257555, 49.802456], [6.256926, 49.80213], [6.256826, 49.80206], [6.256571, 49.801804], [6.256109, 49.801407], [6.255762, 49.80115], [6.254637, 49.800587], [6.254202, 49.800373], [6.254324, 49.800106], [6.254389, 49.79994], [6.252924, 49.799397], [6.251223, 49.798763], [6.24991, 49.79831], [6.248712, 49.797894], [6.244883, 49.796436], [6.244635, 49.795784], [6.24457, 49.795593], [6.244543, 49.79538], [6.244432, 49.79418], [6.24439, 49.79376], [6.244337, 49.793076], [6.244432, 49.79298], [6.244928, 49.792572], [6.245272, 49.792294], [6.245516, 49.792137], [6.246698, 49.79142], [6.247477, 49.79093], [6.248007, 49.790573], [6.248545, 49.790195], [6.249304, 49.789646], [6.250456, 49.788837], [6.251219, 49.78833], [6.251131, 49.788296], [6.251047, 49.788258], [6.250563, 49.78805], [6.251062, 49.787285], [6.25149, 49.786613], [6.251638, 49.78638], [6.251959, 49.78584], [6.251982, 49.7858], [6.251772, 49.785755], [6.251696, 49.78574], [6.251417, 49.786064], [6.250921, 49.78594], [6.250807, 49.785908], [6.250269, 49.78577], [6.249689, 49.785625], [6.249239, 49.785526], [6.248575, 49.785378], [6.24766, 49.78635], [6.246485, 49.787613], [6.246798, 49.787777], [6.246584, 49.787933], [6.246363, 49.78809], [6.246138, 49.788258], [6.245981, 49.788372], [6.245524, 49.788708], [6.245417, 49.788788], [6.245295, 49.788876], [6.245188, 49.78896], [6.245073, 49.78904], [6.244783, 49.78887], [6.244562, 49.78873], [6.243547, 49.787968], [6.243654, 49.787895], [6.243204, 49.787464], [6.242498, 49.786785], [6.242163, 49.786465], [6.242037, 49.786343], [6.24185, 49.786465], [6.241457, 49.786728], [6.241217, 49.78689], [6.241186, 49.786907], [6.24095, 49.787067], [6.23987, 49.786705], [6.239763, 49.78668], [6.239534, 49.786606], [6.239183, 49.786503], [6.238817, 49.786404], [6.238344, 49.786293], [6.237825, 49.786182], [6.237696, 49.78615], [6.23757, 49.786484], [6.237383, 49.78696], [6.237078, 49.78777], [6.236914, 49.7882], [6.236681, 49.78884], [6.236372, 49.78968], [6.23628, 49.789925], [6.236204, 49.790134], [6.236128, 49.790337], [6.236055, 49.790543], [6.235979, 49.790745], [6.235674, 49.79158], [6.235659, 49.791626], [6.235578, 49.79184], [6.234858, 49.79272], [6.23414, 49.793533], [6.233847, 49.793865], [6.233664, 49.7938], [6.23353, 49.79375], [6.233335, 49.793877], [6.233087, 49.79405], [6.232939, 49.794167], [6.232775, 49.794304], [6.23266, 49.794415], [6.232576, 49.794506], [6.232492, 49.79461], [6.23242, 49.794712], [6.232359, 49.79482], [6.232294, 49.79497], [6.232245, 49.795147], [6.232229, 49.795288], [6.232222, 49.79544], [6.232237, 49.79558], [6.232275, 49.795753], [6.232317, 49.795883], [6.232382, 49.796036], [6.232443, 49.796143], [6.232126, 49.7963], [6.231615, 49.79655], [6.231134, 49.796417], [6.230299, 49.79618], [6.23004, 49.796127], [6.229937, 49.7961], [6.22962, 49.795994], [6.228838, 49.795776], [6.228785, 49.795765], [6.228685, 49.79572], [6.228579, 49.795677], [6.228483, 49.795635], [6.228422, 49.795612], [6.228258, 49.79559], [6.228083, 49.79556], [6.227953, 49.795544], [6.227861, 49.795547], [6.227739, 49.79556], [6.227606, 49.795578], [6.227552, 49.795578], [6.227446, 49.795563], [6.227308, 49.79553], [6.227243, 49.795513], [6.227198, 49.795506], [6.227106, 49.795506], [6.226999, 49.795517], [6.226889, 49.795513], [6.226816, 49.795506], [6.226748, 49.795486], [6.226698, 49.79546], [6.226664, 49.795452], [6.22661, 49.79545], [6.226446, 49.795475], [6.226385, 49.79548], [6.226305, 49.79547], [6.226198, 49.795444], [6.226072, 49.795406], [6.226019, 49.795383], [6.225962, 49.79535], [6.225908, 49.795307], [6.225866, 49.79529], [6.225809, 49.79528], [6.225752, 49.79528], [6.225664, 49.795284], [6.225607, 49.795288], [6.225557, 49.79528], [6.225512, 49.79526], [6.22545, 49.795223], [6.225409, 49.795185], [6.225378, 49.79517], [6.225161, 49.795135], [6.224749, 49.79509], [6.224375, 49.795074], [6.224443, 49.794968], [6.22452, 49.794853], [6.223696, 49.79457], [6.223558, 49.794525], [6.222864, 49.794243], [6.222338, 49.79393], [6.222208, 49.793846], [6.221731, 49.793434], [6.221727, 49.793335], [6.221487, 49.792625], [6.221323, 49.79189], [6.221338, 49.791496], [6.221228, 49.791214], [6.2209, 49.791264], [6.220682, 49.791298], [6.220224, 49.791367], [6.220026, 49.791435], [6.219389, 49.791523], [6.219152, 49.791523], [6.219137, 49.79133], [6.219114, 49.79119], [6.219088, 49.791058], [6.219042, 49.790985], [6.218882, 49.7908], [6.218676, 49.790604], [6.218569, 49.79052], [6.218492, 49.7904], [6.21842, 49.790176], [6.21837, 49.790035], [6.218203, 49.7897], [6.218103, 49.789486], [6.218077, 49.789345], [6.218042, 49.789364], [6.217958, 49.789402], [6.217939, 49.78941], [6.217596, 49.789574], [6.217245, 49.78983], [6.21726, 49.789852], [6.217283, 49.789894], [6.217352, 49.79001], [6.217482, 49.790226], [6.217253, 49.790264], [6.216806, 49.790356], [6.216005, 49.79054], [6.215479, 49.790695], [6.215059, 49.790833], [6.214743, 49.790947], [6.214556, 49.791016], [6.214205, 49.791172], [6.213648, 49.79143], [6.213438, 49.791515], [6.212946, 49.791687], [6.212381, 49.791893], [6.211813, 49.792095], [6.211634, 49.792133], [6.211363, 49.792194], [6.21121, 49.79228], [6.211019, 49.792404], [6.210447, 49.792828], [6.209929, 49.7932], [6.209814, 49.793297], [6.209711, 49.793392], [6.209555, 49.793575], [6.209513, 49.79362], [6.209433, 49.793674], [6.209284, 49.793755], [6.209066, 49.793854], [6.208769, 49.79396], [6.208647, 49.794], [6.208494, 49.794033], [6.208338, 49.794056], [6.208227, 49.79407], [6.208178, 49.794075], [6.208128, 49.794067], [6.208082, 49.79405], [6.207827, 49.79425], [6.207579, 49.794567], [6.207632, 49.794956], [6.2078, 49.79494], [6.208029, 49.794926], [6.208128, 49.794914], [6.208227, 49.79509], [6.20825, 49.79515], [6.208273, 49.79527], [6.208281, 49.795403], [6.208261, 49.795517], [6.208231, 49.795647], [6.208158, 49.795887], [6.208151, 49.795937], [6.208151, 49.795982], [6.20817, 49.796055], [6.20817, 49.796124], [6.208124, 49.79619], [6.208067, 49.79624], [6.207979, 49.796295], [6.207853, 49.796368], [6.207727, 49.796444], [6.207628, 49.79652], [6.207502, 49.796623], [6.207338, 49.796776], [6.207212, 49.796898], [6.207171, 49.79693], [6.207083, 49.796986], [6.206976, 49.797047], [6.206816, 49.797123], [6.206617, 49.79722], [6.20648, 49.797283], [6.206343, 49.79736], [6.206167, 49.797478], [6.205954, 49.797623], [6.205805, 49.79771], [6.205637, 49.797836], [6.205446, 49.797985], [6.205336, 49.797863], [6.204992, 49.798023], [6.204763, 49.79812], [6.20455, 49.798176], [6.204435, 49.7982], [6.204218, 49.798233], [6.203764, 49.79829], [6.203268, 49.798367], [6.202898, 49.798435], [6.202501, 49.798523], [6.202509, 49.798534], [6.202612, 49.798725], [6.202513, 49.798737], [6.202475, 49.79875], [6.202337, 49.798805], [6.202204, 49.79886], [6.202009, 49.79893], [6.201521, 49.79911], [6.201487, 49.79913], [6.200758, 49.799236], [6.199331, 49.799477], [6.197973, 49.79971], [6.197901, 49.799725], [6.197962, 49.799877], [6.198133, 49.800293], [6.198214, 49.800495], [6.198248, 49.80065], [6.198256, 49.800804], [6.198244, 49.800972], [6.198194, 49.801147], [6.198133, 49.80137], [6.198034, 49.801662], [6.19795, 49.80167], [6.197435, 49.801723], [6.197119, 49.801754], [6.196779, 49.80179], [6.196733, 49.801796], [6.196676, 49.8018], [6.19602, 49.80198], [6.195906, 49.802017], [6.195528, 49.8022], [6.195265, 49.80224], [6.195295, 49.802315], [6.195067, 49.80242], [6.19504, 49.802437], [6.194727, 49.80259], [6.194304, 49.802822], [6.194284, 49.802834], [6.194193, 49.80291], [6.194151, 49.802948], [6.194101, 49.802986], [6.194086, 49.803], [6.193991, 49.803078], [6.19375, 49.803276], [6.193522, 49.803467], [6.193499, 49.80346], [6.193418, 49.803436], [6.193277, 49.803406], [6.193144, 49.803375], [6.193014, 49.803345], [6.192789, 49.80329], [6.192541, 49.803215], [6.19245, 49.803192], [6.192125, 49.803093], [6.191828, 49.802986], [6.19166, 49.802925], [6.191614, 49.80291], [6.191187, 49.802734], [6.19105, 49.802856], [6.190962, 49.80296], [6.190828, 49.80316], [6.190718, 49.80332], [6.190878, 49.80343], [6.190866, 49.803463], [6.191271, 49.803642], [6.191549, 49.803818], [6.191694, 49.80391], [6.191904, 49.804077], [6.192015, 49.804207], [6.192121, 49.80435], [6.192121, 49.804417], [6.192121, 49.804543], [6.192125, 49.80459], [6.192079, 49.804626], [6.191908, 49.804626], [6.191664, 49.80462], [6.191454, 49.80459], [6.191198, 49.804535], [6.191095, 49.804512], [6.190977, 49.804485], [6.190874, 49.80446], [6.190741, 49.80442], [6.190622, 49.80439], [6.190474, 49.804344], [6.190416, 49.804333], [6.190309, 49.804314], [6.189676, 49.80517], [6.189485, 49.80542], [6.189413, 49.80552], [6.189299, 49.805676], [6.188906, 49.806206], [6.188761, 49.806385], [6.188742, 49.806416], [6.188658, 49.806404], [6.188684, 49.806458], [6.188868, 49.806767], [6.189165, 49.80723], [6.189432, 49.80767], [6.189627, 49.808], [6.189909, 49.808456], [6.190016, 49.8086], [6.19, 49.808613], [6.190031, 49.80867], [6.19018, 49.808952], [6.190447, 49.808964], [6.190523, 49.808968], [6.190752, 49.808975], [6.190882, 49.808975], [6.190966, 49.808975], [6.191134, 49.8093], [6.191202, 49.80946], [6.191221, 49.809525], [6.191236, 49.80964], [6.191229, 49.80974], [6.191198, 49.809902], [6.191099, 49.810093], [6.190943, 49.810352], [6.191057, 49.810627], [6.191198, 49.81097], [6.191507, 49.81171], [6.191523, 49.811756], [6.191542, 49.811802], [6.191549, 49.811817], [6.191637, 49.812042], [6.191645, 49.812103], [6.191629, 49.81226], [6.191606, 49.812466], [6.191462, 49.812748], [6.191378, 49.812897], [6.191236, 49.81326], [6.191145, 49.81355], [6.191126, 49.81367], [6.191126, 49.813934], [6.191126, 49.8141], [6.19108, 49.814247], [6.190966, 49.814507], [6.190851, 49.814754], [6.190695, 49.81501], [6.190516, 49.81531], [6.190287, 49.8157], [6.190042, 49.81608], [6.189772, 49.816402], [6.189505, 49.816696], [6.189394, 49.816772], [6.189005, 49.817024], [6.18857, 49.81746], [6.188333, 49.817703], [6.188143, 49.817795], [6.187986, 49.81787], [6.187697, 49.818016], [6.187746, 49.818176], [6.187765, 49.81824], [6.187891, 49.81864], [6.188055, 49.81918], [6.188185, 49.819576], [6.188345, 49.820084], [6.188444, 49.82038], [6.188551, 49.820698], [6.1886, 49.82085], [6.18862, 49.82099], [6.188631, 49.82103], [6.188726, 49.821342], [6.188929, 49.8218], [6.189138, 49.822273], [6.188204, 49.822506], [6.187346, 49.82272], [6.185526, 49.823032], [6.18503, 49.822952], [6.184233, 49.82282], [6.183855, 49.822765], [6.183798, 49.822758], [6.183775, 49.822754], [6.182775, 49.82266], [6.181929, 49.8226], [6.181864, 49.822598], [6.180761, 49.82234], [6.179769, 49.822124], [6.178846, 49.82196], [6.178484, 49.821903], [6.178427, 49.82189], [6.177759, 49.821697], [6.176851, 49.82143], [6.175795, 49.821133], [6.175779, 49.82113], [6.175001, 49.820885], [6.172743, 49.82104], [6.170996, 49.82126], [6.168688, 49.821793], [6.167917, 49.822117], [6.167543, 49.82223], [6.166864, 49.82244], [6.165827, 49.822308], [6.164915, 49.82221], [6.164866, 49.8222], [6.164511, 49.822163], [6.164465, 49.82216], [6.164415, 49.82215], [6.164144, 49.82212], [6.162645, 49.822693], [6.16155, 49.821808], [6.160749, 49.821423], [6.160002, 49.82106], [6.159746, 49.82095], [6.158621, 49.820473], [6.157869, 49.820198], [6.156988, 49.819885], [6.156298, 49.81963], [6.155477, 49.81935], [6.154398, 49.819008], [6.154203, 49.81895], [6.153913, 49.818874], [6.153612, 49.818787], [6.152651, 49.818428], [6.152525, 49.818653], [6.152208, 49.81854], [6.152075, 49.818493], [6.151957, 49.81845], [6.151663, 49.818344], [6.151297, 49.818485], [6.151217, 49.818523], [6.151079, 49.81859], [6.150846, 49.818703], [6.150698, 49.818874], [6.150587, 49.81907], [6.150499, 49.819275], [6.150682, 49.819332], [6.150637, 49.81946], [6.150572, 49.819645], [6.150553, 49.81977], [6.150526, 49.82005], [6.150774, 49.82036], [6.150873, 49.820503], [6.150907, 49.820545], [6.150927, 49.820576], [6.150984, 49.820667], [6.150999, 49.820698], [6.151167, 49.821], [6.150705, 49.82144], [6.150679, 49.82147], [6.150446, 49.821697], [6.15048, 49.821888], [6.150522, 49.822136], [6.150568, 49.822277], [6.150614, 49.822433], [6.150629, 49.82247], [6.150732, 49.822758], [6.150755, 49.82283], [6.150774, 49.822876], [6.150553, 49.82325], [6.150103, 49.823994], [6.150091, 49.824017], [6.149763, 49.82463], [6.149477, 49.825157], [6.149134, 49.82566], [6.147913, 49.8264], [6.147814, 49.826366], [6.147581, 49.82629], [6.147459, 49.826252], [6.147032, 49.82612], [6.146715, 49.82604], [6.146414, 49.825962], [6.1462, 49.8262], [6.145981, 49.826443], [6.145959, 49.826466], [6.145716, 49.826736], [6.145264, 49.826496], [6.14466, 49.82619], [6.14413, 49.825897], [6.143568, 49.825596], [6.143257, 49.825447], [6.143158, 49.82541], [6.143032, 49.82537], [6.142972, 49.82536], [6.142889, 49.82534], [6.14275, 49.82532], [6.142557, 49.825287], [6.14233, 49.82523], [6.142198, 49.825184], [6.142178, 49.825176], [6.14208, 49.825146], [6.141514, 49.824917], [6.140979, 49.824703], [6.140352, 49.82446], [6.139879, 49.824272], [6.139661, 49.82417], [6.139307, 49.824005], [6.139043, 49.82387], [6.138689, 49.823666], [6.138582, 49.823605], [6.137832, 49.82316], [6.137354, 49.82285], [6.137209, 49.82275], [6.137062, 49.822655], [6.13662, 49.82236], [6.136001, 49.82206], [6.135467, 49.821747], [6.135144, 49.821552], [6.134924, 49.821423], [6.134617, 49.82123], [6.134393, 49.821125], [6.133977, 49.820942], [6.133816, 49.82087], [6.133266, 49.820595], [6.133092, 49.820507], [6.1329, 49.820404], [6.132708, 49.820274], [6.132439, 49.820084], [6.132075, 49.81982], [6.131862, 49.819637], [6.131688, 49.819496], [6.130775, 49.819084], [6.130729, 49.819054], [6.130685, 49.819103], [6.13058, 49.819088], [6.130391, 49.81905], [6.130227, 49.81901], [6.130161, 49.818985], [6.130083, 49.818954], [6.13006, 49.818935], [6.129956, 49.81885], [6.129911, 49.81881], [6.12985, 49.818764], [6.129747, 49.818707], [6.129654, 49.818645], [6.129583, 49.818577], [6.129497, 49.818493], [6.129395, 49.818447], [6.12932, 49.81839], [6.129249, 49.818367], [6.129155, 49.81832], [6.129042, 49.81828], [6.128984, 49.818264], [6.128767, 49.818237], [6.128704, 49.818222], [6.128563, 49.81818], [6.128412, 49.818157], [6.128328, 49.818134], [6.128287, 49.818115], [6.128264, 49.818104], [6.12825, 49.81808], [6.128254, 49.818], [6.128237, 49.81796], [6.1282, 49.817894], [6.128137, 49.81782], [6.128066, 49.81774], [6.127963, 49.817654], [6.127832, 49.81757], [6.127729, 49.817516], [6.127544, 49.817444], [6.127355, 49.81737], [6.127236, 49.81733], [6.12713, 49.817295], [6.126867, 49.817234], [6.126742, 49.817207], [6.126668, 49.817184], [6.126596, 49.81714], [6.126538, 49.8171], [6.126501, 49.817085], [6.126456, 49.817085], [6.126401, 49.817093], [6.126337, 49.817097], [6.126295, 49.817093], [6.126241, 49.817078], [6.126191, 49.817047], [6.12612, 49.816994], [6.126103, 49.816986], [6.126067, 49.816963], [6.126041, 49.816933], [6.12603, 49.8169], [6.126027, 49.816845], [6.126016, 49.816833], [6.125995, 49.81682], [6.125971, 49.816822], [6.12593, 49.816833], [6.125896, 49.81683], [6.125873, 49.81682], [6.125828, 49.81679], [6.125802, 49.816757], [6.125798, 49.816708], [6.125776, 49.816677], [6.125739, 49.816666], [6.125707, 49.81668], [6.125694, 49.8167], [6.125685, 49.81673], [6.125661, 49.816734], [6.125588, 49.81668], [6.125501, 49.81663], [6.125419, 49.81659], [6.125396, 49.816578], [6.125359, 49.816536], [6.125322, 49.816498], [6.125262, 49.81646], [6.125094, 49.816387], [6.124923, 49.81632], [6.124717, 49.81622], [6.124487, 49.816113], [6.124205, 49.81597], [6.124149, 49.81594], [6.124129, 49.815914], [6.124092, 49.815857], [6.124064, 49.81583], [6.124034, 49.81581], [6.12399, 49.81579], [6.123932, 49.815777], [6.1238, 49.815758], [6.123713, 49.815727], [6.123639, 49.815704], [6.123427, 49.815655], [6.123256, 49.815613], [6.123172, 49.815586], [6.123107, 49.815563], [6.122933, 49.815514], [6.122774, 49.81544], [6.12246, 49.815285], [6.122313, 49.81522], [6.122266, 49.8152], [6.122081, 49.815147], [6.121965, 49.815083], [6.12178, 49.814983], [6.121499, 49.81486], [6.120922, 49.81462], [6.120597, 49.814472], [6.120278, 49.81433], [6.120017, 49.814224], [6.119736, 49.814087], [6.119457, 49.81399], [6.119138, 49.813885], [6.118834, 49.813812], [6.11857, 49.81372], [6.118311, 49.813633], [6.11796, 49.81353], [6.117608, 49.813435], [6.117481, 49.81339], [6.117407, 49.813354], [6.117285, 49.813267], [6.117234, 49.81324], [6.117021, 49.81315], [6.116704, 49.812923], [6.116334, 49.812653], [6.116226, 49.812584], [6.116038, 49.81249], [6.1156, 49.81231], [6.11547, 49.81223], [6.115422, 49.812206], [6.115336, 49.812176], [6.115094, 49.812103], [6.114847, 49.812], [6.114662, 49.811928], [6.113631, 49.81161], [6.113286, 49.811485], [6.113269, 49.811466], [6.113264, 49.811443], [6.11325, 49.811424], [6.113231, 49.81141], [6.113207, 49.811405], [6.113156, 49.811398], [6.113109, 49.811386], [6.112926, 49.811283], [6.112806, 49.811226], [6.112682, 49.811146], [6.112239, 49.81094], [6.112161, 49.8109], [6.112146, 49.810898], [6.111868, 49.810905], [6.111705, 49.810917], [6.111566, 49.8109], [6.111323, 49.810863], [6.111256, 49.81085], [6.111095, 49.810852], [6.110813, 49.81077], [6.110799, 49.810764], [6.110666, 49.810726], [6.110647, 49.81072], [6.110464, 49.810665], [6.110194, 49.810596], [6.109992, 49.810547], [6.109564, 49.810436], [6.109472, 49.810413], [6.109338, 49.81038], [6.109228, 49.810467], [6.108976, 49.81064], [6.108751, 49.810852], [6.10853, 49.811142], [6.108381, 49.811417], [6.108229, 49.811653], [6.108152, 49.811882], [6.108133, 49.81207], [6.108168, 49.81237], [6.10813, 49.812645], [6.108065, 49.81281], [6.107855, 49.812973], [6.10739, 49.813232], [6.106836, 49.813545], [6.106493, 49.81371], [6.106131, 49.813843], [6.106043, 49.813965], [6.105574, 49.814354], [6.105196, 49.814537], [6.105017, 49.814606], [6.104963, 49.81462], [6.104227, 49.814873], [6.103834, 49.814987], [6.103777, 49.814995], [6.103605, 49.815002], [6.103418, 49.815002], [6.103186, 49.814987], [6.102991, 49.814953], [6.102785, 49.814995], [6.1028, 49.814926], [6.101885, 49.81475], [6.101847, 49.81466], [6.101839, 49.814644], [6.100988, 49.81462], [6.100824, 49.81463], [6.099875, 49.81476], [6.099798, 49.814766], [6.099474, 49.814774], [6.099302, 49.814796], [6.099222, 49.8148], [6.098997, 49.814827], [6.098841, 49.814857], [6.098726, 49.814884], [6.098589, 49.81494], [6.098444, 49.814987], [6.098356, 49.814995], [6.098146, 49.81495], [6.098127, 49.81495], [6.097982, 49.81492], [6.097959, 49.81492], [6.097639, 49.814857], [6.097303, 49.81482], [6.097067, 49.814842], [6.096777, 49.814896], [6.096522, 49.814978], [6.096254, 49.815097], [6.095869, 49.815357], [6.095758, 49.81543], [6.095617, 49.815514], [6.094957, 49.816036], [6.094656, 49.81637], [6.094545, 49.81658], [6.094496, 49.816734], [6.094503, 49.816944], [6.094599, 49.817093], [6.094801, 49.81724], [6.095038, 49.817368], [6.095766, 49.817726], [6.096266, 49.81792], [6.096457, 49.81803], [6.09654, 49.818123], [6.096544, 49.8182], [6.096495, 49.818367], [6.096392, 49.81861], [6.096247, 49.818924], [6.095968, 49.81932], [6.095598, 49.819916], [6.095304, 49.820335], [6.09506, 49.82064], [6.09474, 49.820984], [6.09445, 49.821236], [6.094202, 49.821476], [6.093763, 49.82174], [6.093199, 49.82206], [6.092684, 49.822285], [6.091974, 49.822456], [6.091524, 49.822544], [6.091291, 49.82264], [6.091196, 49.82275], [6.091169, 49.822834], [6.091074, 49.822845], [6.09099, 49.822872], [6.090918, 49.822857], [6.090258, 49.822796], [6.089838, 49.822758], [6.089766, 49.822777], [6.08946, 49.822754], [6.089025, 49.822716], [6.087927, 49.82264], [6.08769, 49.82262], [6.087461, 49.822605], [6.086718, 49.822548], [6.086344, 49.82252], [6.085768, 49.822487], [6.085314, 49.822487], [6.084745, 49.822517], [6.084215, 49.8227], [6.083571, 49.822952], [6.083078, 49.823013], [6.08259, 49.82307], [6.082575, 49.823074], [6.082132, 49.823147], [6.081282, 49.82339], [6.080271, 49.823696], [6.07942, 49.824043], [6.077059, 49.82474], [6.076136, 49.824936], [6.074854, 49.825058], [6.072992, 49.825413], [6.072844, 49.82544], [6.072779, 49.82545], [6.072916, 49.825577], [6.073332, 49.825993], [6.073793, 49.826447], [6.073683, 49.827057], [6.07353, 49.82777], [6.074022, 49.828316], [6.074469, 49.828735], [6.074591, 49.82883], [6.074701, 49.82876], [6.074873, 49.828854], [6.074743, 49.829], [6.075064, 49.829197], [6.075048, 49.829453], [6.074568, 49.829556], [6.074076, 49.829315], [6.07329, 49.829525], [6.072405, 49.829758], [6.072496, 49.830006], [6.072069, 49.830013], [6.071119, 49.829994], [6.07107, 49.829994], [6.070391, 49.830036], [6.070311, 49.83004], [6.069429, 49.83008], [6.068663, 49.83012], [6.067881, 49.83016], [6.067091, 49.83017], [6.066904, 49.830177], [6.066374, 49.83019], [6.066324, 49.830193], [6.066301, 49.830193], [6.066145, 49.830196], [6.065939, 49.830204], [6.064371, 49.83036], [6.064062, 49.83091], [6.064016, 49.830936], [6.06394, 49.83093], [6.063932, 49.830956], [6.063932, 49.83097], [6.06391, 49.831226], [6.063879, 49.8316], [6.063887, 49.831814], [6.063891, 49.831944], [6.063894, 49.832], [6.063898, 49.832043], [6.063925, 49.832146], [6.063948, 49.83225], [6.063997, 49.83242], [6.064028, 49.83248], [6.064108, 49.83264], [6.064188, 49.832794], [6.064238, 49.832882], [6.064398, 49.832836], [6.064573, 49.83308], [6.064665, 49.83321], [6.064867, 49.833492], [6.065111, 49.833775], [6.065439, 49.834152], [6.065321, 49.834175], [6.065245, 49.834255], [6.06518, 49.834244], [6.065119, 49.834236], [6.065069, 49.834236], [6.065039, 49.834244], [6.064959, 49.834274], [6.064875, 49.83431], [6.064573, 49.834442], [6.064253, 49.834167], [6.063459, 49.832882], [6.063456, 49.832798], [6.06238, 49.8312], [6.062147, 49.830864], [6.061979, 49.830624], [6.061895, 49.830555], [6.061777, 49.830505], [6.061583, 49.830452], [6.061129, 49.83038], [6.060236, 49.830296], [6.059828, 49.830254], [6.059545, 49.830208], [6.059286, 49.83015], [6.059004, 49.83006], [6.058798, 49.829975], [6.058149, 49.82969], [6.057348, 49.829334], [6.057127, 49.829224], [6.056673, 49.828976], [6.056646, 49.828846], [6.056539, 49.828762], [6.056448, 49.82872], [6.056135, 49.828606], [6.055815, 49.828495], [6.055376, 49.828354], [6.054632, 49.828136], [6.053598, 49.82784], [6.053247, 49.82773], [6.053019, 49.827652], [6.052885, 49.827595], [6.052229, 49.827267], [6.05179, 49.82705], [6.051462, 49.826916], [6.051188, 49.826817], [6.050928, 49.826736], [6.050703, 49.82668], [6.050432, 49.826626], [6.050169, 49.826572], [6.050192, 49.826553], [6.050348, 49.82643], [6.050482, 49.826332], [6.050631, 49.826218], [6.050734, 49.82612], [6.050814, 49.826035], [6.05094, 49.825893], [6.051024, 49.825794], [6.051153, 49.825653], [6.051474, 49.82532], [6.051027, 49.82515], [6.050955, 49.825123], [6.050135, 49.82482], [6.050074, 49.824802], [6.0497, 49.824665], [6.049616, 49.824635], [6.049421, 49.824562], [6.048971, 49.824398], [6.048101, 49.82497], [6.047449, 49.82539], [6.047354, 49.825455], [6.047075, 49.825634], [6.046812, 49.825798], [6.045275, 49.826603], [6.045088, 49.8267], [6.043829, 49.826748], [6.041895, 49.826588], [6.041834, 49.82657], [6.041815, 49.82656], [6.041689, 49.826523], [6.041555, 49.826477], [6.04035, 49.82609], [6.040777, 49.825466], [6.040998, 49.8247], [6.041159, 49.824158], [6.041124, 49.824066], [6.041101, 49.823997], [6.04104, 49.823772], [6.040983, 49.823586], [6.040972, 49.823544], [6.040766, 49.822823], [6.040007, 49.822723], [6.039103, 49.822594], [6.038954, 49.822567], [6.038851, 49.822544], [6.038027, 49.822388], [6.037645, 49.822304], [6.037287, 49.82222], [6.037119, 49.822178], [6.036863, 49.82212], [6.036478, 49.82203], [6.03591, 49.821796], [6.03541, 49.821526], [6.035284, 49.821438], [6.035181, 49.82137], [6.035021, 49.821274], [6.034784, 49.8211], [6.03454, 49.82094], [6.033724, 49.820526], [6.033079, 49.820213], [6.032778, 49.82004], [6.032263, 49.81974], [6.032145, 49.81929], [6.03211, 49.819168], [6.032061, 49.818962], [6.032049, 49.818924], [6.032026, 49.81881], [6.031988, 49.81858], [6.031927, 49.818222], [6.031885, 49.818207], [6.031748, 49.81742], [6.031755, 49.817326], [6.031599, 49.816902], [6.031256, 49.816345], [6.030939, 49.815834], [6.030626, 49.815315], [6.030554, 49.815193], [6.030477, 49.815056], [6.030214, 49.814606], [6.030062, 49.81436], [6.029776, 49.81391], [6.029516, 49.81364], [6.029379, 49.813507], [6.029238, 49.813343], [6.029036, 49.813137], [6.028933, 49.81304], [6.028597, 49.8127], [6.028547, 49.812355], [6.028593, 49.81227], [6.028665, 49.812157], [6.028768, 49.811947], [6.028872, 49.81157], [6.028772, 49.811455], [6.02841, 49.811047], [6.028204, 49.81076], [6.027918, 49.810364], [6.028009, 49.810173], [6.02833, 49.809666], [6.028345, 49.80964], [6.028646, 49.80953], [6.029223, 49.809315], [6.030043, 49.80912], [6.030146, 49.809074], [6.030592, 49.80887], [6.029947, 49.808197], [6.030008, 49.808167], [6.030138, 49.808067], [6.030436, 49.807835], [6.030508, 49.807774], [6.030603, 49.807697], [6.030996, 49.807514], [6.031069, 49.807484], [6.031393, 49.807327], [6.031447, 49.8073], [6.031568, 49.80724], [6.031664, 49.8072], [6.032469, 49.80682], [6.033125, 49.806522], [6.033247, 49.80647], [6.033567, 49.806324], [6.034143, 49.806053], [6.034479, 49.8059], [6.034731, 49.805782], [6.035582, 49.80538], [6.035837, 49.805264], [6.036741, 49.80484], [6.036901, 49.804768], [6.036917, 49.804756], [6.037062, 49.804676], [6.037893, 49.80417], [6.037905, 49.80416], [6.038572, 49.80377], [6.038168, 49.803722], [6.037542, 49.803654], [6.037382, 49.803635], [6.036806, 49.803585], [6.035933, 49.803513], [6.035105, 49.80344], [6.035063, 49.80344], [6.034594, 49.803284], [6.033716, 49.802994], [6.033457, 49.802864], [6.033304, 49.80279], [6.033045, 49.802685], [6.032801, 49.802597], [6.032549, 49.802517], [6.032457, 49.80249], [6.031969, 49.80234], [6.031828, 49.80229], [6.03171, 49.802258], [6.031282, 49.802105], [6.031107, 49.80204], [6.030989, 49.802002], [6.030691, 49.801895], [6.030336, 49.801773], [6.030188, 49.80172], [6.029844, 49.801582], [6.029108, 49.80128], [6.028795, 49.800877], [6.028746, 49.800793], [6.028708, 49.80079], [6.028677, 49.80078], [6.02865, 49.80077], [6.028597, 49.80076], [6.02854, 49.800747], [6.02849, 49.800747], [6.028452, 49.80074], [6.028376, 49.80072], [6.028284, 49.8007], [6.028208, 49.800682], [6.028143, 49.800674], [6.028063, 49.800674], [6.028017, 49.80068], [6.027983, 49.800674], [6.027777, 49.800636], [6.02767, 49.800625], [6.02759, 49.80061], [6.027494, 49.800602], [6.027437, 49.8006], [6.027391, 49.8006], [6.027357, 49.800594], [6.02733, 49.800583], [6.027304, 49.80057], [6.027277, 49.80056], [6.02725, 49.800556], [6.027204, 49.80055], [6.02717, 49.80055], [6.027124, 49.800545], [6.027082, 49.800533], [6.027002, 49.800507], [6.026819, 49.80055], [6.026716, 49.800507], [6.026636, 49.800495], [6.026625, 49.800488], [6.026575, 49.800446], [6.026396, 49.80048], [6.026354, 49.800453], [6.026339, 49.800446], [6.025915, 49.800156], [6.025854, 49.79996], [6.025847, 49.799934], [6.025526, 49.80002], [6.025476, 49.800003], [6.024988, 49.799877], [6.024569, 49.799778], [6.024286, 49.799713], [6.024126, 49.79968], [6.023828, 49.799606], [6.023371, 49.79949], [6.022844, 49.799328], [6.022661, 49.79927], [6.022333, 49.799168], [6.021917, 49.79905], [6.021761, 49.799015], [6.021315, 49.7989], [6.02112, 49.798855], [6.021028, 49.79883], [6.020414, 49.79867], [6.019983, 49.798576], [6.019503, 49.798466], [6.01972, 49.797897], [6.019941, 49.797653], [6.020361, 49.797207], [6.020578, 49.796967], [6.0207, 49.796818], [6.020632, 49.79679], [6.020563, 49.796764], [6.020502, 49.796745], [6.020449, 49.796734], [6.020361, 49.79671], [6.020323, 49.796703], [6.020285, 49.796688], [6.020239, 49.796665], [6.020136, 49.79662], [6.020021, 49.796577], [6.019873, 49.796535], [6.019781, 49.796513], [6.019705, 49.796486], [6.019671, 49.796467], [6.019606, 49.79644], [6.019323, 49.796356], [6.019186, 49.796314], [6.019083, 49.796288], [6.018988, 49.796265], [6.018843, 49.79624], [6.018744, 49.79622], [6.018686, 49.79621], [6.018614, 49.796207], [6.018545, 49.796192], [6.018446, 49.79616], [6.0184, 49.79615], [6.018347, 49.79614], [6.018286, 49.79613], [6.018232, 49.796112], [6.018171, 49.796093], [6.018099, 49.79608], [6.018026, 49.79607], [6.0179, 49.796036], [6.017851, 49.796024], [6.017775, 49.796013], [6.017668, 49.795986], [6.017588, 49.795967], [6.017504, 49.795956], [6.017279, 49.795925], [6.016981, 49.79585], [6.016768, 49.79582], [6.016687, 49.795807], [6.016546, 49.7958], [6.01642, 49.795776], [6.016317, 49.795757], [6.016253, 49.795734], [6.016153, 49.79568], [6.016096, 49.79566], [6.015986, 49.79563], [6.015917, 49.795597], [6.015886, 49.795586], [6.015791, 49.795563], [6.01568, 49.795532], [6.015631, 49.795525], [6.015501, 49.79551], [6.015425, 49.795498], [6.015345, 49.795475], [6.015226, 49.79544], [6.015257, 49.79533], [6.015268, 49.7953], [6.015345, 49.79505], [6.01536, 49.79499], [6.015448, 49.794636], [6.015543, 49.794132], [6.015551, 49.794083], [6.015589, 49.793743], [6.015593, 49.793625], [6.015535, 49.793365], [6.015467, 49.79308], [6.015337, 49.792664], [6.015234, 49.79248], [6.01515, 49.79235], [6.014864, 49.791924], [6.014811, 49.791843], [6.014689, 49.791668], [6.014532, 49.791435], [6.014536, 49.7913], [6.014536, 49.79114], [6.01454, 49.79095], [6.013994, 49.790752], [6.013239, 49.79047], [6.012609, 49.79024], [6.013029, 49.789753], [6.01314, 49.789627], [6.013304, 49.789417], [6.013445, 49.789154], [6.013502, 49.788994], [6.01354, 49.788868], [6.013575, 49.788696], [6.013582, 49.78851], [6.013582, 49.788334], [6.013578, 49.78816], [6.013567, 49.787983], [6.013285, 49.787983], [6.013262, 49.78798], [6.013266, 49.787914], [6.013262, 49.787827], [6.013258, 49.787766], [6.01325, 49.787724], [6.013201, 49.78768], [6.013155, 49.787655], [6.013124, 49.78762], [6.013117, 49.787598], [6.01314, 49.78753], [6.013151, 49.787502], [6.013159, 49.787476], [6.013159, 49.787445], [6.013155, 49.78738], [6.013151, 49.78736], [6.013159, 49.78733], [6.01317, 49.787308], [6.013201, 49.78727], [6.013281, 49.787163], [6.0133, 49.787148], [6.013311, 49.78714], [6.013334, 49.78713], [6.013376, 49.78711], [6.013407, 49.78709], [6.013433, 49.78708], [6.01346, 49.787075], [6.013483, 49.787075], [6.013517, 49.78708], [6.01354, 49.78708], [6.013563, 49.787075], [6.013586, 49.78706], [6.013598, 49.787037], [6.013605, 49.787003], [6.013605, 49.786983], [6.013609, 49.78697], [6.013594, 49.78696], [6.013536, 49.786926], [6.013262, 49.78697], [6.013143, 49.786983], [6.012968, 49.786995], [6.012835, 49.786995], [6.012739, 49.786987], [6.012304, 49.786926], [6.012056, 49.786907], [6.011824, 49.78688], [6.011686, 49.78687], [6.01148, 49.786858], [6.011141, 49.786835], [6.011076, 49.786793], [6.010965, 49.786736], [6.010481, 49.78681], [6.01037, 49.78679], [6.010279, 49.78678], [6.01008, 49.786774], [6.009878, 49.786777], [6.009638, 49.786804], [6.009279, 49.78685], [6.009138, 49.786877], [6.008955, 49.786922], [6.008711, 49.786995], [6.008589, 49.787025], [6.008444, 49.78705], [6.008154, 49.78709], [6.008104, 49.7871], [6.008024, 49.78713], [6.00794, 49.787163], [6.007765, 49.78725], [6.00773, 49.78727], [6.007677, 49.787296], [6.007563, 49.787304], [6.007448, 49.78731], [6.006445, 49.78739], [6.006395, 49.78738], [6.006025, 49.787285], [6.005949, 49.78727], [6.005674, 49.7872], [6.005613, 49.787186], [6.005358, 49.78712], [6.005217, 49.787086], [6.004, 49.786808], [6.003138, 49.7866], [6.002531, 49.78636], [6.002134, 49.786213], [6.001486, 49.785965], [6.001436, 49.785942], [6.001585, 49.78572], [6.001825, 49.785408], [6.001791, 49.78539], [6.00152, 49.785225], [6.00107, 49.78495], [6.00057, 49.78465], [5.999941, 49.78426], [5.999784, 49.784164], [5.999613, 49.784065], [5.999521, 49.78402], [5.99925, 49.7839], [5.998907, 49.78375], [5.998865, 49.78373], [5.99851, 49.783573], [5.999006, 49.78271], [5.998587, 49.782448], [5.998293, 49.782257], [5.998068, 49.782112], [5.997915, 49.782017], [5.997721, 49.78189], [5.997694, 49.78187], [5.997969, 49.781715], [5.998442, 49.78145], [5.999067, 49.781094], [5.999048, 49.781082], [5.998781, 49.78095], [5.998503, 49.78081], [5.998255, 49.78069], [5.998636, 49.780365], [5.999258, 49.779785], [5.999277, 49.779766], [5.999243, 49.77975], [5.99917, 49.77972], [5.999029, 49.779663], [5.999079, 49.779613], [5.999132, 49.779556], [5.999144, 49.779545], [5.999403, 49.779266], [5.99954, 49.779125], [5.999716, 49.778942], [6.000193, 49.77854], [6.000299, 49.778423], [6.000345, 49.778297], [6.000349, 49.77816], [6.00041, 49.777924], [6.000608, 49.77744], [6.000734, 49.77716], [6.000822, 49.776703], [6.000387, 49.776424], [6.000074, 49.776226], [5.999807, 49.775986], [5.999613, 49.77581], [5.999289, 49.775524], [5.998873, 49.77516], [5.998743, 49.775047], [5.998964, 49.775063], [5.999212, 49.775078], [5.999952, 49.775127], [5.999975, 49.774864], [6.000006, 49.774487], [6.000006, 49.774445], [6.001585, 49.774464], [6.001589, 49.774437], [6.001654, 49.774433], [6.001619, 49.774353], [6.001581, 49.774254], [6.001493, 49.77404], [6.001391, 49.773785], [6.002062, 49.773666], [6.00239, 49.77359], [6.002794, 49.773476], [6.003088, 49.773384], [6.002947, 49.773205], [6.002829, 49.773064], [6.002775, 49.77305], [6.002752, 49.77302], [6.002668, 49.77303], [6.002577, 49.77302], [6.002501, 49.773003], [6.002386, 49.772957], [6.002245, 49.772873], [6.002066, 49.77281], [6.001844, 49.772766], [6.001585, 49.772736], [6.001307, 49.77271], [6.001032, 49.772617], [6.000784, 49.77253], [6.000677, 49.7725], [6.00062, 49.77249], [6.000475, 49.772488], [6.000311, 49.772503], [6.000193, 49.7725], [6.000013, 49.772446], [5.999849, 49.772346], [5.999796, 49.77224], [5.999769, 49.77213], [5.999723, 49.77205], [5.99967, 49.772003], [5.999502, 49.77192], [5.999342, 49.771862], [5.999224, 49.771828], [5.999186, 49.771797], [5.999136, 49.771717], [5.999064, 49.771667], [5.9989, 49.771626], [5.998758, 49.77161], [5.998617, 49.771633], [5.998495, 49.771687], [5.998213, 49.771828], [5.99811, 49.77186], [5.998014, 49.771835], [5.997919, 49.771793], [5.997835, 49.77173], [5.997663, 49.771503], [5.997534, 49.771286], [5.99748, 49.7711], [5.997461, 49.77095], [5.997446, 49.770714], [5.997423, 49.770634], [5.99729, 49.770527], [5.99711, 49.77037], [5.996969, 49.770294], [5.996828, 49.770267], [5.996664, 49.770256], [5.99645, 49.770275], [5.996016, 49.770317], [5.996084, 49.77025], [5.997004, 49.7693], [5.997175, 49.769127], [5.996916, 49.768925], [5.996859, 49.768887], [5.996881, 49.768867], [5.997045, 49.768738], [5.997213, 49.76861], [5.997316, 49.768528], [5.997225, 49.768486], [5.997042, 49.768406], [5.996927, 49.768337], [5.996874, 49.768295], [5.996855, 49.768272], [5.996836, 49.768234], [5.996836, 49.768192], [5.996885, 49.76801], [5.996908, 49.767937], [5.996984, 49.767715], [5.99711, 49.767292], [5.997175, 49.76701], [5.997312, 49.76639], [5.99737, 49.766155], [5.997515, 49.765663], [5.997564, 49.765526], [5.997652, 49.765316], [5.997728, 49.765152], [5.997923, 49.764755], [5.998014, 49.76459], [5.998114, 49.764435], [5.998289, 49.764412], [5.998503, 49.76439], [5.998613, 49.764378], [5.99864, 49.76433], [5.998678, 49.764244], [5.999109, 49.763298], [5.999815, 49.76189], [5.999308, 49.761784], [5.999227, 49.761765], [5.998659, 49.761612], [5.998091, 49.761448], [5.997995, 49.761417], [5.997385, 49.761242], [5.996897, 49.7611], [5.996504, 49.760983], [5.996, 49.760803], [5.995794, 49.76071], [5.995462, 49.760536], [5.995733, 49.760246], [5.995863, 49.76011], [5.996088, 49.759865], [5.996164, 49.759842], [5.996111, 49.759804], [5.995462, 49.759407], [5.994394, 49.758728], [5.99365, 49.758236], [5.993593, 49.758183], [5.993578, 49.758125], [5.993586, 49.757915], [5.993551, 49.75774], [5.993483, 49.757614], [5.993334, 49.757362], [5.993174, 49.75711], [5.993082, 49.75697], [5.992983, 49.756878], [5.99283, 49.75677], [5.992521, 49.75662], [5.991968, 49.756348], [5.991472, 49.756096], [5.991125, 49.7559], [5.990828, 49.75573], [5.990591, 49.75558], [5.990225, 49.755295], [5.989809, 49.75498], [5.989744, 49.754948], [5.989592, 49.754917], [5.989206, 49.754845], [5.988779, 49.754772], [5.988428, 49.75472], [5.988077, 49.754684], [5.987966, 49.754627], [5.987955, 49.75435], [5.988954, 49.754158], [5.989042, 49.75414], [5.989687, 49.754017], [5.989233, 49.7536], [5.989134, 49.75348], [5.989088, 49.75341], [5.989065, 49.75336], [5.989054, 49.75333], [5.989023, 49.753235], [5.988996, 49.753117], [5.988974, 49.75296], [5.98897, 49.7528], [5.988993, 49.75264], [5.989004, 49.752472], [5.988375, 49.752174], [5.988691, 49.751938], [5.988867, 49.751804], [5.988913, 49.751762], [5.989073, 49.75136], [5.989164, 49.751057], [5.989244, 49.750824], [5.989412, 49.75033], [5.988886, 49.750275], [5.988932, 49.75019], [5.988985, 49.75008], [5.989069, 49.749958], [5.98916, 49.749817], [5.989057, 49.749794], [5.988401, 49.749645], [5.987665, 49.749447], [5.987421, 49.74937], [5.987028, 49.74923], [5.987017, 49.74922], [5.986815, 49.749123], [5.986486, 49.748943], [5.985933, 49.74861], [5.986143, 49.748466], [5.986376, 49.74831], [5.986532, 49.748203], [5.986914, 49.74794], [5.98704, 49.747852], [5.98744, 49.747578], [5.987635, 49.747444], [5.987825, 49.74731], [5.987848, 49.74729], [5.98797, 49.74718], [5.988165, 49.74701], [5.988394, 49.746838], [5.988481, 49.746765], [5.988546, 49.74669], [5.988646, 49.74657], [5.988798, 49.746365], [5.988897, 49.74624], [5.989141, 49.74593], [5.989252, 49.745792], [5.989363, 49.745655], [5.989534, 49.745438], [5.989573, 49.745384], [5.989607, 49.745342], [5.98966, 49.745266], [5.989763, 49.74513], [5.989782, 49.745102], [5.989843, 49.74502], [5.989916, 49.74492], [5.989935, 49.744896], [5.990103, 49.744667], [5.990858, 49.744957], [5.990988, 49.74482], [5.990999, 49.74481], [5.990232, 49.74447], [5.989729, 49.744236], [5.988642, 49.743744], [5.988226, 49.74356], [5.987635, 49.74329], [5.987013, 49.743008], [5.987028, 49.742996], [5.987959, 49.742508], [5.988115, 49.742424], [5.988157, 49.742397], [5.988317, 49.742313], [5.988638, 49.7421], [5.988871, 49.74194], [5.988596, 49.74182], [5.988829, 49.74135], [5.988874, 49.74126], [5.98892, 49.741165], [5.989611, 49.74147], [5.989721, 49.74152], [5.990534, 49.741882], [5.990541, 49.74187], [5.990637, 49.74174], [5.99066, 49.741703], [5.99135, 49.741978], [5.99164, 49.742073], [5.991907, 49.742146], [5.992273, 49.74222], [5.99264, 49.74229], [5.9928, 49.74232], [5.992815, 49.742306], [5.992842, 49.74228], [5.992918, 49.742203], [5.992933, 49.742184], [5.993002, 49.742115], [5.993097, 49.742023], [5.993227, 49.742092], [5.993261, 49.742107], [5.993463, 49.742214], [5.993708, 49.742344], [5.99399, 49.742077], [5.99449, 49.741608], [5.994867, 49.741222], [5.995165, 49.740925], [5.995432, 49.74101], [5.995459, 49.74102], [5.995607, 49.741066], [5.995771, 49.741123], [5.996107, 49.741234], [5.996286, 49.74129], [5.996477, 49.741356], [5.996676, 49.74142], [5.996836, 49.741474], [5.996992, 49.741524], [5.997103, 49.74156], [5.997206, 49.741596], [5.997415, 49.741665], [5.997637, 49.741737], [5.997747, 49.74177], [5.997507, 49.742115], [5.997366, 49.742287], [5.997259, 49.742393], [5.997374, 49.742443], [5.997454, 49.742474], [5.997465, 49.74248], [5.997576, 49.742523], [5.99774, 49.74259], [5.997759, 49.742577], [5.998171, 49.74222], [5.998365, 49.742043], [5.998514, 49.741894], [5.998587, 49.74181], [5.998712, 49.74165], [5.998938, 49.741383], [5.999155, 49.741116], [5.999426, 49.740788], [5.999594, 49.74062], [5.999823, 49.74042], [6.000036, 49.74026], [6.000162, 49.740173], [6.000238, 49.740124], [6.000612, 49.739727], [6.000906, 49.739403], [6.000956, 49.73934], [6.001566, 49.738552], [6.001993, 49.73796], [6.002005, 49.737934], [6.002218, 49.73792], [6.00255, 49.737877], [6.003012, 49.7378], [6.003191, 49.737762], [6.003427, 49.7377], [6.003672, 49.737625], [6.004114, 49.73749], [6.004664, 49.737324], [6.004713, 49.737293], [6.004801, 49.73721], [6.004896, 49.737103], [6.004992, 49.737026], [6.005033, 49.737007], [6.005144, 49.73697], [6.005262, 49.736935], [6.005461, 49.736897], [6.005598, 49.736874], [6.00577, 49.73686], [6.005922, 49.736847], [6.00635, 49.736828], [6.006845, 49.736816], [6.006864, 49.736782], [6.006918, 49.736626], [6.006964, 49.736504], [6.006983, 49.73644], [6.006998, 49.736404], [6.007044, 49.736275], [6.0068, 49.7363], [6.00664, 49.735878], [6.006617, 49.735813], [6.006575, 49.735706], [6.006617, 49.735577], [6.006605, 49.73556], [6.005785, 49.735405], [6.005552, 49.73536], [6.005209, 49.735283], [6.004904, 49.7352], [6.004618, 49.735104], [6.004335, 49.734993], [6.004164, 49.73493], [6.004011, 49.73487], [6.003668, 49.73476], [6.003164, 49.73462], [6.001631, 49.734207], [6.001006, 49.734031], [6.001017, 49.73401], [6.001085, 49.733913], [6.001169, 49.7338], [6.001226, 49.733727], [6.00123, 49.733715], [6.001261, 49.73368], [6.001516, 49.73333], [6.001718, 49.73305], [6.001863, 49.73309], [6.002008, 49.733128], [6.002688, 49.732582], [6.002798, 49.73248], [6.002863, 49.732414], [6.003084, 49.73212], [6.003168, 49.732006], [6.003248, 49.731842], [6.003294, 49.73171], [6.003317, 49.731503], [6.003328, 49.731415], [6.003321, 49.731358], [6.004877, 49.73115], [6.004755, 49.730793], [6.004705, 49.730656], [6.00469, 49.730618], [6.004656, 49.730515], [6.004644, 49.730488], [6.004595, 49.73035], [6.004446, 49.730015], [6.004423, 49.729965], [6.004351, 49.72979], [6.004332, 49.729748], [6.004274, 49.729607], [6.004259, 49.729576], [6.004217, 49.72947], [6.00419, 49.72941], [6.004126, 49.729244], [6.004015, 49.728977], [6.003984, 49.728912], [6.003973, 49.72888], [6.003946, 49.72882], [6.003809, 49.728516], [6.003813, 49.728447], [6.003824, 49.727955], [6.0044, 49.727722], [6.004538, 49.72767], [6.004793, 49.72749], [6.004976, 49.72738], [6.00524, 49.72722], [6.005011, 49.727047], [6.00498, 49.727036], [6.004885, 49.72701], [6.004782, 49.72698], [6.004686, 49.726948], [6.004587, 49.726917], [6.004347, 49.72684], [6.00416, 49.726784], [6.004099, 49.72677], [6.004129, 49.726727], [6.004465, 49.726322], [6.004717, 49.72599], [6.004934, 49.72569], [6.005056, 49.725525], [6.005213, 49.72529], [6.004896, 49.725193], [6.004747, 49.72515], [6.004599, 49.725105], [6.004404, 49.725048], [6.004175, 49.72498], [6.00395, 49.72491], [6.003859, 49.724884], [6.00345, 49.72476], [6.003382, 49.72474], [6.003469, 49.724575], [6.002688, 49.724327], [6.002542, 49.72428], [6.002073, 49.724133], [6.001852, 49.72406], [6.002153, 49.723747], [6.002585, 49.723274], [6.003057, 49.722736], [6.002909, 49.722687], [6.003279, 49.722168], [6.003569, 49.72176], [6.00358, 49.721737], [6.00342, 49.72172], [6.003061, 49.721695], [6.002852, 49.721664], [6.002436, 49.721573], [6.001539, 49.721344], [6.000727, 49.721127], [5.999498, 49.720875], [5.997679, 49.720474], [5.995844, 49.719986], [5.994326, 49.719597], [5.993074, 49.7193], [5.992792, 49.71925], [5.992426, 49.719223], [5.991884, 49.71915], [5.991045, 49.71901], [5.990622, 49.71895], [5.990389, 49.719], [5.990404, 49.719044], [5.990419, 49.719166], [5.990423, 49.719345], [5.990397, 49.7195], [5.990343, 49.71965], [5.990278, 49.719807], [5.989958, 49.720497], [5.989912, 49.720646], [5.989908, 49.720676], [5.989916, 49.7207], [5.990026, 49.720913], [5.990152, 49.72121], [5.990225, 49.72143], [5.990252, 49.72155], [5.990271, 49.72171], [5.990332, 49.722164], [5.990335, 49.72222], [5.990339, 49.722244], [5.990332, 49.722294], [5.990313, 49.722343], [5.990175, 49.72268], [5.99008, 49.722862], [5.989992, 49.72302], [5.989836, 49.72326], [5.989744, 49.72339], [5.989458, 49.723724], [5.98942, 49.723717], [5.989119, 49.723644], [5.988882, 49.723606], [5.988722, 49.723595], [5.988489, 49.723595], [5.988123, 49.723637], [5.988119, 49.723682], [5.987833, 49.72372], [5.987707, 49.72373], [5.987604, 49.723724], [5.987482, 49.72371], [5.987333, 49.72368], [5.987131, 49.723633], [5.986845, 49.723568], [5.986513, 49.723484], [5.986265, 49.72343], [5.986059, 49.723377], [5.985819, 49.723305], [5.98564, 49.72324], [5.985453, 49.723183], [5.985208, 49.723114], [5.985067, 49.723083], [5.985098, 49.72303], [5.985167, 49.722904], [5.984217, 49.722713], [5.98382, 49.722637], [5.98353, 49.722576], [5.983221, 49.722504], [5.983068, 49.722458], [5.982798, 49.72238], [5.982649, 49.72234], [5.98234, 49.722248], [5.982046, 49.722164], [5.981893, 49.722115], [5.981741, 49.72207], [5.981321, 49.72194], [5.981192, 49.721878], [5.980784, 49.72162], [5.980528, 49.721443], [5.980421, 49.72138], [5.980322, 49.721344], [5.980226, 49.72131], [5.980051, 49.721245], [5.979849, 49.721165], [5.97965, 49.721104], [5.979544, 49.72107], [5.979422, 49.72102], [5.979326, 49.720978], [5.979223, 49.72093], [5.979132, 49.720886], [5.978998, 49.72086], [5.978926, 49.720848], [5.978868, 49.720833], [5.978746, 49.720795], [5.978468, 49.720703], [5.978353, 49.720673], [5.978128, 49.72065], [5.977583, 49.72058], [5.977346, 49.720554], [5.977041, 49.72053], [5.976778, 49.72051], [5.976442, 49.720474], [5.976248, 49.720455], [5.975859, 49.720406], [5.975664, 49.72039], [5.975466, 49.720364], [5.975244, 49.720337], [5.974993, 49.7203], [5.974878, 49.72028], [5.974756, 49.72026], [5.97444, 49.720245], [5.974325, 49.720238], [5.974096, 49.720222], [5.973875, 49.7202], [5.973379, 49.72016], [5.973146, 49.720146], [5.972868, 49.72014], [5.97262, 49.720127], [5.972158, 49.720177], [5.972147, 49.720177], [5.971682, 49.720222], [5.971491, 49.72021], [5.971335, 49.720203], [5.971033, 49.720398], [5.970865, 49.720932], [5.970572, 49.720943], [5.970285, 49.72095], [5.970175, 49.72095], [5.970259, 49.721077], [5.970175, 49.721054], [5.969923, 49.72093], [5.969534, 49.720726], [5.969397, 49.720634], [5.969133, 49.72039], [5.968805, 49.72007], [5.968512, 49.719826], [5.967295, 49.719425], [5.966772, 49.71902], [5.966165, 49.718597], [5.9652, 49.71826], [5.96517, 49.718243], [5.965147, 49.718227], [5.965124, 49.71821], [5.96493, 49.71785], [5.964754, 49.71753], [5.964708, 49.717457], [5.964685, 49.717422], [5.96464, 49.717377], [5.964567, 49.71732], [5.964285, 49.71707], [5.964212, 49.71699], [5.963755, 49.716816], [5.963381, 49.716644], [5.962908, 49.716393], [5.962568, 49.71619], [5.962439, 49.716194], [5.961801, 49.71592], [5.961458, 49.71564], [5.961279, 49.71552], [5.96129, 49.715443], [5.96097, 49.71526], [5.960051, 49.714733], [5.959616, 49.7145], [5.957643, 49.713608], [5.957174, 49.713413], [5.956778, 49.71327], [5.95616, 49.713062], [5.955576, 49.7129], [5.955278, 49.712803], [5.954569, 49.712585], [5.954405, 49.71253], [5.954313, 49.712486], [5.95421, 49.712425], [5.953505, 49.71188], [5.952719, 49.71129], [5.952131, 49.71088], [5.951521, 49.71047], [5.951368, 49.71032], [5.951216, 49.710144], [5.95104, 49.70991], [5.950853, 49.709644], [5.950544, 49.709286], [5.950316, 49.709034], [5.950197, 49.708874], [5.950197, 49.70883], [5.95009, 49.70872], [5.950029, 49.708683], [5.949839, 49.708626], [5.949637, 49.7086], [5.94935, 49.70859], [5.949038, 49.708603], [5.948378, 49.708626], [5.94792, 49.708652], [5.947317, 49.70869], [5.946867, 49.708702], [5.946535, 49.708702], [5.946253, 49.708714], [5.945112, 49.708244], [5.944502, 49.707973], [5.943945, 49.70772], [5.943281, 49.707413], [5.942873, 49.707184], [5.942167, 49.706776], [5.941286, 49.70626], [5.940309, 49.70569], [5.939619, 49.705288], [5.938681, 49.704746], [5.938047, 49.704376], [5.93759, 49.70413], [5.937021, 49.703873], [5.936659, 49.70376], [5.936094, 49.703594], [5.935625, 49.70346], [5.934557, 49.70316], [5.934046, 49.703014], [5.932646, 49.702618], [5.932424, 49.702557], [5.932203, 49.7025], [5.931616, 49.702366], [5.931078, 49.702263], [5.930544, 49.702175], [5.929979, 49.70211], [5.929831, 49.702057], [5.929789, 49.70204], [5.929327, 49.701912], [5.929167, 49.701874], [5.929155, 49.701885], [5.929064, 49.701977], [5.928976, 49.702057], [5.928965, 49.70207], [5.928637, 49.70238], [5.928217, 49.7028], [5.92816, 49.70288], [5.928099, 49.702988], [5.927992, 49.70317], [5.92787, 49.70341], [5.92779, 49.70357], [5.927519, 49.703533], [5.927469, 49.703518], [5.927206, 49.703426], [5.927175, 49.703415], [5.926573, 49.703205], [5.926054, 49.70302], [5.925779, 49.702934], [5.925478, 49.702835], [5.925035, 49.70271], [5.924623, 49.702637], [5.924486, 49.702663], [5.924135, 49.702732], [5.923723, 49.702885], [5.923445, 49.70309], [5.9233, 49.703194], [5.922861, 49.70348], [5.922762, 49.703545], [5.922758, 49.70356], [5.922659, 49.703773], [5.922579, 49.703964], [5.922594, 49.704044], [5.922655, 49.70434], [5.922667, 49.704685], [5.922789, 49.704845], [5.92285, 49.704918], [5.922815, 49.705036], [5.922762, 49.70518], [5.922689, 49.705235], [5.922648, 49.705265], [5.922598, 49.705303], [5.922556, 49.705284], [5.922483, 49.70524], [5.922426, 49.705204], [5.922163, 49.705048], [5.921808, 49.70475], [5.921736, 49.704685], [5.921648, 49.704636], [5.921194, 49.70435], [5.920656, 49.70442], [5.920191, 49.704403], [5.919645, 49.704384], [5.919393, 49.70437], [5.919268, 49.704338], [5.918844, 49.704243], [5.918448, 49.70421], [5.918058, 49.704193], [5.918005, 49.704197], [5.917646, 49.70426], [5.917231, 49.704315], [5.916929, 49.704353], [5.916723, 49.70437], [5.916616, 49.70413], [5.916594, 49.704094], [5.91646, 49.703976], [5.916178, 49.703754], [5.915918, 49.703625], [5.915483, 49.70344], [5.91527, 49.703377], [5.915133, 49.703335], [5.914648, 49.703217], [5.914526, 49.703182], [5.913927, 49.70329], [5.913732, 49.70333], [5.913446, 49.70361], [5.913153, 49.703896], [5.912981, 49.704067], [5.912924, 49.70412], [5.912836, 49.7042], [5.912687, 49.704346], [5.912611, 49.70442], [5.912481, 49.704544], [5.912359, 49.704647], [5.912344, 49.704662], [5.912302, 49.704697], [5.912222, 49.704758], [5.912184, 49.70479], [5.912069, 49.70487], [5.911978, 49.70494], [5.911741, 49.704933], [5.911264, 49.705418], [5.910917, 49.705746], [5.91012, 49.70659], [5.909941, 49.706806], [5.909868, 49.70694], [5.9098, 49.707146], [5.909754, 49.707397], [5.909723, 49.707562], [5.909716, 49.70765], [5.909738, 49.707966], [5.909811, 49.708294], [5.909754, 49.7083], [5.90975, 49.708378], [5.909754, 49.708454], [5.909761, 49.708565], [5.909777, 49.708656], [5.909792, 49.708717], [5.909822, 49.708797], [5.909861, 49.708874], [5.909918, 49.708973], [5.909983, 49.70908], [5.910044, 49.709175], [5.910089, 49.709167], [5.910219, 49.709568], [5.910376, 49.71001], [5.910437, 49.71021], [5.910395, 49.710217], [5.910395, 49.710365], [5.910063, 49.71065], [5.909822, 49.710854], [5.909697, 49.710964], [5.909525, 49.71109], [5.909338, 49.711224], [5.909037, 49.711433], [5.908865, 49.711555], [5.908705, 49.711647], [5.908441, 49.711796], [5.90827, 49.71189], [5.908239, 49.711914], [5.907789, 49.71186], [5.907232, 49.71179], [5.906862, 49.71168], [5.906538, 49.711586], [5.905916, 49.7114], [5.905611, 49.71128], [5.905237, 49.711136], [5.90489, 49.711006], [5.904402, 49.7109], [5.90399, 49.710808], [5.903349, 49.710823], [5.903028, 49.710842], [5.902548, 49.710857], [5.902357, 49.710865], [5.902208, 49.71087], [5.901758, 49.71087], [5.901499, 49.710865], [5.90119, 49.710865], [5.900969, 49.71086], [5.900442, 49.71086], [5.900435, 49.710827], [5.899973, 49.710827], [5.899946, 49.710823], [5.899992, 49.710934], [5.900053, 49.7111], [5.900125, 49.71128], [5.900202, 49.711514], [5.900282, 49.71174], [5.900358, 49.711945], [5.900335, 49.71197], [5.900141, 49.71215], [5.899553, 49.71248], [5.899298, 49.712616], [5.898985, 49.712765], [5.898645, 49.712883], [5.898279, 49.712822], [5.897627, 49.71269], [5.896898, 49.712456], [5.896532, 49.712364], [5.896357, 49.71231], [5.896135, 49.712234], [5.895929, 49.71216], [5.895777, 49.712097], [5.895571, 49.711998], [5.895422, 49.711918], [5.895304, 49.711853], [5.89517, 49.711773], [5.895063, 49.711693], [5.894892, 49.711555], [5.894693, 49.7114], [5.894598, 49.71133], [5.89427, 49.711143], [5.893923, 49.710938], [5.893522, 49.710712], [5.893217, 49.710556], [5.892771, 49.71044], [5.892447, 49.710354], [5.89213, 49.710342], [5.891897, 49.710335], [5.891729, 49.710342], [5.891668, 49.710342], [5.89147, 49.71035], [5.891294, 49.710365], [5.89102, 49.71039], [5.890715, 49.710426], [5.890486, 49.71045], [5.89031, 49.710457], [5.890078, 49.71047], [5.889803, 49.71047], [5.889578, 49.71045], [5.889364, 49.710426], [5.888993, 49.710324], [5.888796, 49.71027], [5.888655, 49.710224], [5.888529, 49.710167], [5.888288, 49.71005], [5.887918, 49.70986], [5.887873, 49.709827], [5.88764, 49.70969], [5.887289, 49.70949], [5.886946, 49.70929], [5.886934, 49.709282], [5.886354, 49.709507], [5.886045, 49.709644], [5.885737, 49.709797], [5.885496, 49.709938], [5.885282, 49.710075], [5.885168, 49.710155], [5.885042, 49.710243], [5.884981, 49.710255], [5.88487, 49.710327], [5.884714, 49.71043], [5.884188, 49.710804], [5.88365, 49.711243], [5.883783, 49.71129], [5.883814, 49.711304], [5.883627, 49.711514], [5.883505, 49.71162], [5.883345, 49.71172], [5.88307, 49.71184], [5.882902, 49.7119], [5.882616, 49.71196], [5.882532, 49.711994], [5.882181, 49.7125], [5.882055, 49.712658], [5.881861, 49.712833], [5.881659, 49.71299], [5.881529, 49.713066], [5.881231, 49.713192], [5.880911, 49.713326], [5.880039, 49.713628], [5.879698, 49.713814], [5.879266, 49.714031], [5.878626, 49.714325], [5.878264, 49.7145], [5.877935, 49.714645], [5.877653, 49.714756], [5.877428, 49.714832], [5.877241, 49.714893], [5.876925, 49.71498], [5.87649, 49.715073], [5.876158, 49.715145], [5.876001, 49.715195], [5.875826, 49.71527], [5.875689, 49.71534], [5.875402, 49.71545], [5.87517, 49.715546], [5.874987, 49.715633], [5.874868, 49.7157], [5.874796, 49.715755], [5.874762, 49.715862], [5.874742, 49.716034], [5.87475, 49.716133], [5.874823, 49.716557], [5.874803, 49.71669], [5.874739, 49.71683], [5.874594, 49.717033], [5.874418, 49.71723], [5.874277, 49.717342], [5.874117, 49.717438], [5.874243, 49.7175], [5.874952, 49.717705], [5.876555, 49.71813], [5.876539, 49.71816], [5.876017, 49.71881], [5.875628, 49.719303], [5.875601, 49.719322], [5.875525, 49.71937], [5.875467, 49.719414], [5.875421, 49.719456], [5.875387, 49.719505], [5.875315, 49.719677], [5.875181, 49.719982], [5.87499, 49.72046], [5.874987, 49.720505], [5.875002, 49.720562], [5.875025, 49.720608], [5.875059, 49.72064], [5.875124, 49.72067], [5.875631, 49.72087], [5.875628, 49.721172], [5.875608, 49.721237], [5.875574, 49.72132], [5.875509, 49.721455], [5.875464, 49.72153], [5.875414, 49.721603], [5.875299, 49.72173], [5.875174, 49.72185], [5.874983, 49.72182], [5.874792, 49.721794], [5.874643, 49.721767], [5.874369, 49.721725], [5.874243, 49.721706], [5.874029, 49.721676], [5.873823, 49.721645], [5.873632, 49.721615], [5.873568, 49.721603], [5.8734, 49.721603], [5.87319, 49.721607], [5.872831, 49.721607], [5.871962, 49.721592], [5.871813, 49.721596], [5.8715, 49.72162], [5.871214, 49.72164], [5.871058, 49.72164], [5.870722, 49.72162], [5.870573, 49.721897], [5.870447, 49.722145], [5.87039, 49.72227], [5.870336, 49.722427], [5.870306, 49.72256], [5.870291, 49.7227], [5.870283, 49.722816], [5.870325, 49.72306], [5.87039, 49.723244], [5.870447, 49.723408], [5.870012, 49.723583], [5.869947, 49.72361], [5.869894, 49.723637], [5.86978, 49.72369], [5.869589, 49.723785], [5.869661, 49.72395], [5.869108, 49.72441], [5.868452, 49.724827], [5.8678, 49.72529], [5.867552, 49.725464], [5.867292, 49.72565], [5.866957, 49.725914], [5.866987, 49.725925], [5.866942, 49.726208], [5.866724, 49.72636], [5.86669, 49.72638], [5.866667, 49.726383], [5.866617, 49.726376], [5.866587, 49.72637], [5.866541, 49.72639], [5.866495, 49.726414], [5.866461, 49.726418], [5.866419, 49.726414], [5.866335, 49.7264], [5.866285, 49.726395], [5.866228, 49.726402], [5.866163, 49.726414], [5.866083, 49.726418], [5.866011, 49.726425], [5.865942, 49.726444], [5.865896, 49.726463], [5.865843, 49.726505], [5.865801, 49.726532], [5.865751, 49.72655], [5.865732, 49.72656], [5.865709, 49.726593], [5.865694, 49.726627], [5.865671, 49.726654], [5.865645, 49.72667], [5.865583, 49.726692], [5.865526, 49.726707], [5.86548, 49.726727], [5.865431, 49.72676], [5.865335, 49.726837], [5.865278, 49.72687], [5.865198, 49.726913], [5.865095, 49.72695], [5.865026, 49.726963], [5.864962, 49.726955], [5.864687, 49.7269], [5.864164, 49.72679], [5.863989, 49.726757], [5.86379, 49.726738], [5.863455, 49.726704], [5.862841, 49.726658], [5.862612, 49.7266], [5.862089, 49.72643], [5.861917, 49.726322], [5.861727, 49.726215], [5.861509, 49.726376], [5.861319, 49.726482], [5.861204, 49.726547], [5.861185, 49.72656], [5.861135, 49.726574], [5.861036, 49.726593], [5.861002, 49.72661], [5.86091, 49.726654], [5.860846, 49.726677], [5.86072, 49.726715], [5.860678, 49.726738], [5.860552, 49.72683], [5.860456, 49.726887], [5.860407, 49.726913], [5.860327, 49.726963], [5.860285, 49.726997], [5.860251, 49.727028], [5.860186, 49.72709], [5.860041, 49.727234], [5.859606, 49.72696], [5.859526, 49.726925], [5.859201, 49.7268], [5.859007, 49.72671], [5.858835, 49.72662], [5.857744, 49.726357], [5.8575, 49.72627], [5.857161, 49.72611], [5.856794, 49.72592], [5.85631, 49.725628], [5.856123, 49.725502], [5.856028, 49.725407], [5.855844, 49.725197], [5.85499, 49.72485], [5.854402, 49.724625], [5.853575, 49.72456], [5.852938, 49.724495], [5.852007, 49.724396], [5.851702, 49.72435], [5.851191, 49.72424], [5.850794, 49.72416], [5.8505, 49.72409], [5.85018, 49.724], [5.849909, 49.723915], [5.849634, 49.723793], [5.848871, 49.723457], [5.848555, 49.723328], [5.848215, 49.723206], [5.847734, 49.72305], [5.847536, 49.722973], [5.847231, 49.72281], [5.847029, 49.72269], [5.846891, 49.722588], [5.846575, 49.72233], [5.846281, 49.722126], [5.846022, 49.721992], [5.845636, 49.7218], [5.844828, 49.721424], [5.844675, 49.721375], [5.844519, 49.721336], [5.844294, 49.721306], [5.843893, 49.721268], [5.843279, 49.72123], [5.842897, 49.72122], [5.84273, 49.721222], [5.842306, 49.721264], [5.840929, 49.72144], [5.840661, 49.721508], [5.840372, 49.721703], [5.839777, 49.72197], [5.839598, 49.722034], [5.839045, 49.722206], [5.838984, 49.722237], [5.838694, 49.72245], [5.837843, 49.722992], [5.838316, 49.72357], [5.838221, 49.72361], [5.837961, 49.723713], [5.837923, 49.72373], [5.838011, 49.723843], [5.837744, 49.723957], [5.837618, 49.724003], [5.83758, 49.724003], [5.837156, 49.724014], [5.836668, 49.72403], [5.835497, 49.724285], [5.835306, 49.724472], [5.834715, 49.72439], [5.834715, 49.72413], [5.834524, 49.724117], [5.834475, 49.724117], [5.83449, 49.724037], [5.834192, 49.72408], [5.833712, 49.72413], [5.833494, 49.724155], [5.832914, 49.724297], [5.832579, 49.724384], [5.832262, 49.724434], [5.831926, 49.724464], [5.831583, 49.724483], [5.831392, 49.72447], [5.831211, 49.724437], [5.830965, 49.724392], [5.8305, 49.724293], [5.829843, 49.72414], [5.829294, 49.72399], [5.828478, 49.723778], [5.82826, 49.72372], [5.828061, 49.723682], [5.827967, 49.723656], [5.827524, 49.723583], [5.827227, 49.72354], [5.827024, 49.723526], [5.82657, 49.72351], [5.826334, 49.72352], [5.82617, 49.723732], [5.82614, 49.72375], [5.826082, 49.72385], [5.826044, 49.723904], [5.825979, 49.723965], [5.825926, 49.72402], [5.825754, 49.724136], [5.825556, 49.724285], [5.82543, 49.724377], [5.825304, 49.724487], [5.825151, 49.72464], [5.825045, 49.72476], [5.82498, 49.724846], [5.824869, 49.725025], [5.824801, 49.725143], [5.824758, 49.725224], [5.824614, 49.725548], [5.82445, 49.725883], [5.824366, 49.72605], [5.825232, 49.72637], [5.825605, 49.7265], [5.825975, 49.72662], [5.826277, 49.726723], [5.826502, 49.726788], [5.826857, 49.72687], [5.826922, 49.726887], [5.826761, 49.727352], [5.826765, 49.72745], [5.826769, 49.72764], [5.826677, 49.727814], [5.826788, 49.727894], [5.826689, 49.728092], [5.826582, 49.728313], [5.826658, 49.728462], [5.826708, 49.72852], [5.826796, 49.728596], [5.826883, 49.72867], [5.82696, 49.72873], [5.827192, 49.728874], [5.827024, 49.729095], [5.826994, 49.72913], [5.826902, 49.72925], [5.826742, 49.729458], [5.826708, 49.729504], [5.826632, 49.72962], [5.826536, 49.72977], [5.826426, 49.72995], [5.826136, 49.730457], [5.825853, 49.73097], [5.825624, 49.731487], [5.825418, 49.732002], [5.825728, 49.732082], [5.826098, 49.732174], [5.826277, 49.732224], [5.826456, 49.732273], [5.82683, 49.73238], [5.827181, 49.732483], [5.827539, 49.732605], [5.827723, 49.732704], [5.827807, 49.732758], [5.827822, 49.732765], [5.827948, 49.73285], [5.828085, 49.732937], [5.828287, 49.733322], [5.828268, 49.733383], [5.828245, 49.73345], [5.828138, 49.73375], [5.82815, 49.733883], [5.82818, 49.734165], [5.828215, 49.734474], [5.828234, 49.734657], [5.828234, 49.735325], [5.828222, 49.735474], [5.828219, 49.735516], [5.828215, 49.735584], [5.828207, 49.735695], [5.828134, 49.735973], [5.828081, 49.736183], [5.827871, 49.73694], [5.828459, 49.73716], [5.828104, 49.737602], [5.827807, 49.737976], [5.827681, 49.738297], [5.827654, 49.73836], [5.827555, 49.73863], [5.827391, 49.739113], [5.827497, 49.739174], [5.827822, 49.739357], [5.828062, 49.739483], [5.828424, 49.739666], [5.828608, 49.73976], [5.828878, 49.739918], [5.829161, 49.740078], [5.829325, 49.74017], [5.829393, 49.740204], [5.829508, 49.740273], [5.830019, 49.740578], [5.830217, 49.74065], [5.830298, 49.740677], [5.830656, 49.740795], [5.830885, 49.740852], [5.830965, 49.740875], [5.8314, 49.740997], [5.831572, 49.741047], [5.832022, 49.74121], [5.83222, 49.741283], [5.832518, 49.741398], [5.832628, 49.74145], [5.831911, 49.74199], [5.831785, 49.741962], [5.83161, 49.74219], [5.831522, 49.742313], [5.831488, 49.742374], [5.831442, 49.742462], [5.831377, 49.7426], [5.831301, 49.742584], [5.830385, 49.74338], [5.830572, 49.743633], [5.830763, 49.74394], [5.830828, 49.74404], [5.831026, 49.74437], [5.831133, 49.74455], [5.831236, 49.744717], [5.831297, 49.74482], [5.83135, 49.744915], [5.831434, 49.74516], [5.831472, 49.745243], [5.832403, 49.746864], [5.832434, 49.746925], [5.832239, 49.74716], [5.832087, 49.74733], [5.832083, 49.74741], [5.831907, 49.747673], [5.831686, 49.747803], [5.831602, 49.74782], [5.831106, 49.748333], [5.830915, 49.748535], [5.830858, 49.748608], [5.830828, 49.748665], [5.830755, 49.74895], [5.830629, 49.74939], [5.830603, 49.74947], [5.830561, 49.749546], [5.830465, 49.749615], [5.830313, 49.74968], [5.830088, 49.749752], [5.829615, 49.749855], [5.829172, 49.74997], [5.828951, 49.750046], [5.828886, 49.750088], [5.828741, 49.75008], [5.828608, 49.750076], [5.828493, 49.750084], [5.828383, 49.750095], [5.828257, 49.75011], [5.828169, 49.75014], [5.828058, 49.750187], [5.828001, 49.750225], [5.827978, 49.750256], [5.827848, 49.750256], [5.827723, 49.75026], [5.827704, 49.750233], [5.827692, 49.750175], [5.82704, 49.75002], [5.825323, 49.749615], [5.824621, 49.749447], [5.82419, 49.749348], [5.824026, 49.749317], [5.82398, 49.749317], [5.823805, 49.74936], [5.823584, 49.74938], [5.823458, 49.749397], [5.823252, 49.74943], [5.823019, 49.74947], [5.822844, 49.74963], [5.82263, 49.74986], [5.822535, 49.749973], [5.822454, 49.75006], [5.82234, 49.75017], [5.822264, 49.75024], [5.821917, 49.7505], [5.821772, 49.750595], [5.821394, 49.750847], [5.821333, 49.75088], [5.821215, 49.75094], [5.8211, 49.750984], [5.820879, 49.751064], [5.82073, 49.751125], [5.820639, 49.751163], [5.820459, 49.751266], [5.820467, 49.751328], [5.820555, 49.751793], [5.820631, 49.752148], [5.820707, 49.75252], [5.82086, 49.753258], [5.82065, 49.75336], [5.82044, 49.75346], [5.820311, 49.753513], [5.820116, 49.753586], [5.819967, 49.75364], [5.819792, 49.753693], [5.81962, 49.753727], [5.819513, 49.753742], [5.819155, 49.75379], [5.819101, 49.7538], [5.819006, 49.753815], [5.81883, 49.753845], [5.818701, 49.753864], [5.818224, 49.75393], [5.81785, 49.753975], [5.817911, 49.754726], [5.817751, 49.755146], [5.81774, 49.75517], [5.817728, 49.755196], [5.817251, 49.75642], [5.816694, 49.757862], [5.816633, 49.758015], [5.816576, 49.758274], [5.816542, 49.758488], [5.816484, 49.758797], [5.816481, 49.758823], [5.816473, 49.758865], [5.816412, 49.759327], [5.816339, 49.75984], [5.816259, 49.760307], [5.816194, 49.76073], [5.816099, 49.761333], [5.816069, 49.76154], [5.816034, 49.761757], [5.815973, 49.762207], [5.814878, 49.762894], [5.814531, 49.763107], [5.814482, 49.763145], [5.814333, 49.76324], [5.813841, 49.76357], [5.813551, 49.763756], [5.81341, 49.763847], [5.812796, 49.76425], [5.812635, 49.76436], [5.812513, 49.76444], [5.812376, 49.764526], [5.812185, 49.764652], [5.811926, 49.76482], [5.811628, 49.76501], [5.811411, 49.765156], [5.811113, 49.765354], [5.811045, 49.765354], [5.810648, 49.765347], [5.809446, 49.76533], [5.809114, 49.76602], [5.808977, 49.7663], [5.808851, 49.766544], [5.808641, 49.766987], [5.808618, 49.76702], [5.80863, 49.767082], [5.808645, 49.7672], [5.80866, 49.76733], [5.808649, 49.767532], [5.808638, 49.767654], [5.80863, 49.767708], [5.808618, 49.76773], [5.808577, 49.76782], [5.808531, 49.767895], [5.80846, 49.767975], [5.808439, 49.767998], [5.808382, 49.76807], [5.808329, 49.76814], [5.808287, 49.768208], [5.808249, 49.768284], [5.808229, 49.768328], [5.808203, 49.768387], [5.808184, 49.768456], [5.808172, 49.768524], [5.80816, 49.768613], [5.808142, 49.768757], [5.808123, 49.768894], [5.8081, 49.76902], [5.80809, 49.769181], [5.808046, 49.769234], [5.807997, 49.769405], [5.80792, 49.769615], [5.807836, 49.769855], [5.807836, 49.769917], [5.80784, 49.770103], [5.80784, 49.77027], [5.807829, 49.77042], [5.807817, 49.770535], [5.807772, 49.770836], [5.807749, 49.770958], [5.807707, 49.77117], [5.80765, 49.771507], [5.807634, 49.7716], [5.807577, 49.771843], [5.807539, 49.771942], [5.807501, 49.772026], [5.807428, 49.772156], [5.807321, 49.772335], [5.807238, 49.772465], [5.807104, 49.772602], [5.80691, 49.77279], [5.806742, 49.77296], [5.806551, 49.77316], [5.806452, 49.773266], [5.806356, 49.77338], [5.806185, 49.7736], [5.80599, 49.773865], [5.805868, 49.774002], [5.80575, 49.774124], [5.80559, 49.774277], [5.805468, 49.774384], [5.805334, 49.774494], [5.80525, 49.77458], [5.805132, 49.77472], [5.804861, 49.775105], [5.804606, 49.77551], [5.804209, 49.77607], [5.804144, 49.77616], [5.804056, 49.77625], [5.804007, 49.77629], [5.8039, 49.77636], [5.803678, 49.77648], [5.803431, 49.776604], [5.803217, 49.776672], [5.802813, 49.77679], [5.802156, 49.77699], [5.801806, 49.777103], [5.800913, 49.777393], [5.800211, 49.777596], [5.799986, 49.777668], [5.799887, 49.77771], [5.799624, 49.777878], [5.799501, 49.777973], [5.799429, 49.778065], [5.799395, 49.778175], [5.799364, 49.778366], [5.799334, 49.77851], [5.799223, 49.77892], [5.799143, 49.779335], [5.799044, 49.779728], [5.798994, 49.779892], [5.798964, 49.780163], [5.798941, 49.780434], [5.798914, 49.780617], [5.798864, 49.780796], [5.798731, 49.78118], [5.798582, 49.781544], [5.798468, 49.781834], [5.798426, 49.781902], [5.798384, 49.78195], [5.798048, 49.782345], [5.797663, 49.78262], [5.797422, 49.78284], [5.797087, 49.783146], [5.79656, 49.783485], [5.795796, 49.783868], [5.795252, 49.784267], [5.794817, 49.784527], [5.794658, 49.784631], [5.794519, 49.784904], [5.794485, 49.78495], [5.794435, 49.785], [5.793726, 49.78559], [5.792959, 49.786224], [5.792299, 49.78679], [5.79204, 49.787014], [5.791929, 49.787132], [5.791857, 49.787243], [5.791727, 49.787502], [5.791647, 49.78773], [5.791628, 49.787834], [5.791639, 49.787903], [5.791685, 49.78807], [5.791773, 49.788376], [5.791845, 49.788555], [5.791914, 49.788673], [5.792006, 49.7888], [5.792261, 49.78915], [5.792513, 49.789524], [5.792658, 49.789738], [5.792875, 49.79003], [5.793299, 49.790575], [5.793276, 49.790613], [5.792879, 49.791326], [5.792265, 49.792406], [5.7917, 49.793425], [5.791475, 49.793829], [5.791365, 49.793802], [5.791159, 49.794252], [5.790976, 49.794447], [5.790739, 49.794947], [5.790506, 49.795446], [5.790411, 49.795656], [5.790365, 49.795755], [5.790041, 49.795816], [5.789801, 49.795931], [5.789122, 49.796286], [5.788668, 49.796549], [5.788576, 49.796598], [5.788485, 49.796621], [5.788439, 49.796625], [5.78842, 49.796621], [5.788389, 49.796652], [5.788061, 49.796568], [5.788023, 49.796587], [5.787977, 49.796595], [5.78795, 49.796595], [5.787821, 49.796572], [5.787409, 49.796495], [5.786905, 49.7964], [5.786795, 49.796488], [5.786474, 49.796446], [5.786138, 49.796404], [5.785887, 49.796373], [5.785711, 49.796343], [5.785479, 49.796289], [5.785311, 49.796228], [5.785192, 49.796171], [5.785105, 49.796095], [5.785055, 49.796022], [5.785036, 49.795973], [5.785032, 49.795931], [5.785025, 49.795771], [5.785002, 49.795557], [5.78499, 49.79542], [5.784967, 49.795336], [5.784918, 49.795263], [5.784884, 49.795233], [5.7848, 49.79516], [5.784716, 49.795057], [5.78462, 49.794943], [5.784487, 49.794802], [5.78433, 49.794645], [5.784281, 49.794607], [5.784224, 49.794542], [5.784182, 49.794504], [5.784117, 49.794451], [5.783728, 49.794142], [5.783575, 49.794031], [5.783419, 49.793924], [5.783049, 49.793692], [5.782888, 49.793611], [5.78277, 49.793539], [5.782694, 49.793486], [5.782625, 49.793413], [5.782545, 49.793325], [5.782499, 49.793272], [5.782453, 49.793242], [5.782415, 49.79323], [5.782209, 49.793238], [5.782122, 49.793211], [5.782045, 49.793154], [5.781984, 49.793089], [5.781946, 49.793024], [5.781939, 49.792963], [5.781935, 49.792852], [5.781923, 49.79283], [5.781897, 49.79281], [5.781763, 49.792749], [5.781645, 49.792681], [5.781534, 49.79262], [5.781488, 49.792582], [5.781469, 49.792563], [5.781477, 49.792536], [5.781504, 49.792467], [5.7815, 49.792417], [5.781439, 49.792334], [5.781393, 49.792299], [5.781347, 49.792269], [5.781301, 49.792296], [5.781122, 49.792376], [5.780928, 49.79249], [5.780684, 49.792646], [5.780592, 49.7927], [5.780371, 49.792795], [5.78013, 49.792894], [5.779768, 49.793036], [5.779676, 49.793078], [5.779604, 49.793116], [5.779577, 49.793116], [5.779276, 49.793257], [5.779009, 49.793379], [5.778902, 49.79339], [5.778749, 49.793493], [5.778627, 49.793562], [5.778517, 49.793608], [5.778322, 49.793684], [5.778223, 49.793718], [5.778147, 49.793753], [5.778036, 49.793814], [5.777914, 49.793909], [5.777861, 49.793955], [5.777765, 49.794062], [5.777674, 49.79418], [5.777586, 49.794298], [5.777533, 49.794352], [5.777464, 49.794405], [5.777414, 49.794439], [5.777311, 49.794481], [5.77717, 49.794535], [5.776991, 49.794588], [5.776896, 49.794603], [5.776751, 49.794615], [5.776575, 49.794626], [5.776377, 49.794626], [5.776186, 49.794592], [5.776052, 49.794584], [5.775793, 49.794573], [5.775785, 49.794588], [5.77577, 49.794607], [5.775076, 49.79455], [5.77479, 49.794527], [5.774679, 49.794516], [5.774523, 49.794489], [5.774374, 49.794455], [5.774137, 49.79439], [5.773703, 49.794268], [5.773443, 49.794119], [5.7731, 49.793928], [5.772863, 49.793772], [5.772692, 49.793661], [5.77244, 49.793497], [5.772177, 49.793322], [5.7717, 49.793188], [5.771246, 49.793669], [5.771139, 49.793776], [5.770968, 49.793844], [5.770796, 49.793852], [5.770578, 49.794035], [5.770258, 49.794237], [5.769838, 49.793856], [5.76927, 49.794272], [5.768507, 49.794043], [5.768278, 49.793982], [5.768057, 49.793943], [5.767878, 49.793924], [5.767652, 49.793905], [5.76742, 49.793871], [5.76718, 49.793825], [5.766973, 49.793772], [5.766768, 49.793703], [5.766455, 49.793581], [5.766046, 49.793417], [5.765184, 49.793821], [5.764967, 49.793688], [5.764818, 49.793585], [5.764601, 49.793425], [5.764429, 49.793303], [5.764318, 49.793249], [5.764093, 49.793158], [5.764082, 49.793146], [5.764032, 49.793196], [5.764006, 49.793264], [5.764006, 49.793284], [5.763975, 49.79328], [5.763613, 49.793249], [5.763533, 49.793184], [5.763228, 49.793219], [5.763002, 49.793234], [5.762899, 49.793238], [5.762651, 49.793226], [5.762419, 49.793215], [5.762262, 49.793203], [5.76193, 49.793165], [5.761358, 49.793051], [5.761412, 49.792875], [5.760088, 49.792623], [5.759558, 49.792547], [5.758696, 49.792322], [5.758463, 49.792265], [5.758291, 49.792219], [5.757986, 49.79215], [5.757715, 49.792086], [5.757464, 49.792009], [5.757216, 49.791918], [5.756956, 49.791826], [5.756575, 49.791746], [5.756384, 49.7917], [5.756193, 49.791662], [5.755823, 49.79159], [5.755465, 49.791517], [5.755156, 49.791456], [5.754931, 49.792086], [5.754888, 49.792234], [5.754858, 49.792421], [5.754839, 49.792616], [5.754736, 49.792635], [5.754476, 49.792662], [5.754408, 49.792665], [5.754339, 49.792662], [5.754122, 49.792643], [5.754145, 49.79278], [5.754202, 49.793364], [5.754209, 49.793417], [5.753092, 49.793398], [5.753122, 49.793539], [5.753157, 49.793684], [5.753187, 49.793943], [5.753222, 49.794283], [5.753248, 49.794474], [5.753283, 49.794668], [5.753317, 49.794771], [5.753367, 49.794878], [5.753393, 49.794924], [5.753443, 49.794996], [5.75355, 49.795118], [5.753454, 49.795534], [5.753332, 49.796091], [5.753313, 49.796118], [5.753298, 49.796129], [5.753279, 49.796141], [5.753248, 49.796152], [5.753187, 49.796164], [5.753164, 49.796175], [5.753153, 49.796198], [5.753157, 49.796225], [5.753179, 49.796259], [5.75329, 49.796354], [5.753332, 49.796408], [5.75342, 49.796511], [5.753469, 49.796595], [5.753531, 49.796709], [5.753515, 49.79672], [5.752897, 49.796953], [5.752893, 49.79714], [5.752882, 49.797197], [5.752859, 49.797258], [5.752844, 49.797331], [5.752733, 49.797812], [5.752588, 49.798429], [5.752558, 49.798563], [5.752413, 49.799238], [5.752359, 49.79949], [5.752329, 49.799643], [5.752294, 49.799776], [5.752256, 49.799971], [5.752195, 49.800241], [5.75215, 49.800463], [5.752039, 49.800981], [5.751978, 49.801264], [5.75194, 49.801451], [5.751905, 49.801615], [5.751776, 49.80221], [5.751734, 49.802385], [5.751711, 49.802492], [5.751547, 49.803278], [5.751467, 49.803614], [5.751451, 49.803698], [5.75144, 49.803766], [5.751348, 49.804171], [5.751276, 49.804483], [5.751188, 49.804892], [5.751116, 49.805216], [5.751028, 49.805613], [5.750994, 49.805761], [5.75094, 49.805803], [5.750353, 49.806257], [5.75049, 49.806429], [5.750605, 49.806574], [5.750673, 49.806673], [5.750719, 49.806753], [5.75083, 49.806971], [5.750895, 49.8071], [5.750773, 49.807119], [5.750704, 49.807131], [5.750368, 49.807188], [5.750479, 49.807421], [5.750513, 49.807527], [5.75054, 49.807699], [5.750532, 49.807886], [5.750517, 49.808046], [5.750452, 49.808226], [5.750151, 49.808847], [5.750032, 49.809072], [5.750517, 49.809263], [5.750467, 49.809393], [5.750444, 49.809507], [5.750441, 49.80958], [5.750353, 49.809931], [5.750227, 49.810423], [5.750109, 49.810911], [5.750055, 49.811125], [5.750051, 49.811144], [5.750456, 49.811266], [5.750444, 49.811285], [5.750006, 49.811895], [5.749952, 49.811972], [5.750185, 49.812036], [5.750387, 49.812094], [5.75054, 49.812128], [5.750807, 49.812178], [5.750685, 49.812269], [5.750608, 49.812479], [5.750589, 49.812506], [5.750494, 49.812593], [5.750574, 49.812777], [5.750635, 49.812929], [5.750738, 49.813124], [5.750845, 49.81333], [5.750914, 49.81341], [5.750795, 49.813578], [5.751055, 49.813833], [5.751154, 49.81394], [5.751253, 49.814043], [5.751192, 49.814455], [5.751184, 49.81452], [5.751181, 49.814619], [5.751181, 49.814867], [5.751169, 49.81489], [5.750917, 49.814875], [5.750685, 49.814867], [5.750307, 49.814878], [5.750036, 49.814901], [5.749819, 49.814932], [5.749559, 49.814974], [5.749323, 49.815027], [5.74898, 49.815134], [5.748705, 49.815241], [5.748514, 49.815298], [5.748335, 49.815306], [5.74803, 49.815306], [5.747511, 49.815275], [5.747355, 49.815268], [5.747251, 49.815268], [5.747194, 49.815275], [5.747099, 49.815298], [5.746756, 49.815413], [5.746614, 49.815466], [5.746347, 49.815653], [5.746267, 49.815733], [5.746241, 49.815767], [5.746172, 49.816095], [5.746115, 49.816153], [5.745962, 49.816282], [5.745894, 49.816359], [5.745848, 49.81645], [5.745817, 49.816545], [5.745783, 49.81669], [5.745771, 49.81682], [5.745768, 49.816881], [5.745752, 49.816942], [5.745707, 49.817041], [5.745649, 49.817137], [5.745577, 49.817232], [5.745436, 49.817392], [5.745176, 49.817667], [5.745016, 49.817865], [5.74489, 49.818041], [5.744688, 49.818308], [5.744566, 49.81851], [5.744478, 49.818651], [5.744268, 49.818949], [5.744051, 49.819273], [5.743815, 49.819735], [5.743654, 49.820082], [5.743536, 49.820402], [5.74349, 49.820547], [5.743463, 49.820696], [5.743441, 49.821024], [5.743475, 49.821112], [5.744299, 49.821501], [5.745275, 49.821955], [5.746695, 49.822664], [5.7474, 49.823008], [5.747843, 49.823263], [5.747969, 49.823358], [5.748041, 49.823439], [5.748098, 49.823568], [5.748182, 49.823969], [5.748232, 49.824324], [5.74822, 49.824457], [5.748125, 49.824591], [5.747934, 49.824743], [5.747522, 49.824976], [5.747297, 49.825109], [5.747049, 49.825308], [5.74687, 49.825487], [5.746626, 49.825758], [5.746477, 49.825937], [5.746321, 49.826139], [5.746241, 49.826284], [5.746183, 49.826456], [5.746141, 49.826654], [5.746096, 49.826918], [5.746031, 49.827353], [5.745954, 49.827742], [5.745874, 49.828012], [5.74584, 49.828093], [5.745646, 49.82836], [5.745359, 49.828737], [5.7451, 49.829107], [5.744783, 49.829523], [5.744597, 49.829817], [5.74441, 49.830225], [5.744162, 49.830896], [5.744142, 49.830969], [5.744024, 49.831182], [5.743933, 49.831297], [5.743738, 49.831469], [5.743544, 49.831621], [5.743139, 49.831846], [5.742826, 49.831991], [5.742174, 49.832281], [5.741484, 49.832579], [5.74061, 49.832964], [5.740171, 49.833197], [5.739511, 49.833483], [5.739191, 49.833616], [5.739256, 49.833677], [5.73937, 49.833788]]]}}]}