{"type": "FeatureCollection", "features": [{"type": "Feature", "properties": {"name": "Canton Diekirch"}, "geometry": {"type": "MultiPolygon", "coordinates": [[[[5.97019, 49.843147], [5.970423, 49.84346], [5.970751, 49.843918], [5.970858, 49.84406], [5.971132, 49.844517], [5.971212, 49.844807], [5.971289, 49.845116], [5.971499, 49.845527], [5.971804, 49.84552], [5.972074, 49.845516], [5.972429, 49.84551], [5.973162, 49.845512], [5.973371, 49.8455], [5.973578, 49.845478], [5.973585, 49.845497], [5.973684, 49.845844], [5.973803, 49.846184], [5.973967, 49.846413], [5.974028, 49.84651], [5.974222, 49.846916], [5.974329, 49.847164], [5.974581, 49.847168], [5.97476, 49.847164], [5.974958, 49.847145], [5.975031, 49.84713], [5.975103, 49.84712], [5.975317, 49.847054], [5.975485, 49.84698], [5.975889, 49.846874], [5.976118, 49.846836], [5.976198, 49.84683], [5.976244, 49.846825], [5.976343, 49.846825], [5.976404, 49.846817], [5.976423, 49.846813], [5.976538, 49.846794], [5.976683, 49.84675], [5.976789, 49.846714], [5.976866, 49.84669], [5.977068, 49.846634], [5.977129, 49.84661], [5.977434, 49.84647], [5.977468, 49.846455], [5.977583, 49.84641], [5.977629, 49.84639], [5.977835, 49.846336], [5.977983, 49.846294], [5.978025, 49.846287], [5.978701, 49.846138], [5.978773, 49.846264], [5.978838, 49.846256], [5.97891, 49.846252], [5.979002, 49.846245], [5.979738, 49.8462], [5.980612, 49.846115], [5.981066, 49.84614], [5.98131, 49.846153], [5.981577, 49.846165], [5.981867, 49.846165], [5.982122, 49.84616], [5.982206, 49.846138], [5.982092, 49.845905], [5.982244, 49.84588], [5.982485, 49.845833], [5.982698, 49.845783], [5.982984, 49.8457], [5.983137, 49.84565], [5.983454, 49.84554], [5.983465, 49.845524], [5.983633, 49.845585], [5.98377, 49.845623], [5.983885, 49.84565], [5.983988, 49.845665], [5.984083, 49.845676], [5.98424, 49.845684], [5.984354, 49.845676], [5.984484, 49.845665], [5.984606, 49.84565], [5.984617, 49.845676], [5.98461, 49.845753], [5.984697, 49.845985], [5.984987, 49.84592], [5.985212, 49.846188], [5.98522, 49.8462], [5.985392, 49.846195], [5.985468, 49.84619], [5.985746, 49.846184], [5.985781, 49.84618], [5.985811, 49.846115], [5.985853, 49.846046], [5.985937, 49.84594], [5.985979, 49.845936], [5.986025, 49.84593], [5.986109, 49.84588], [5.986197, 49.84577], [5.986265, 49.845444], [5.98625, 49.84529], [5.986593, 49.84528], [5.986612, 49.84528], [5.986631, 49.845623], [5.986654, 49.845623], [5.987284, 49.84567], [5.987246, 49.84606], [5.987146, 49.846306], [5.987165, 49.846664], [5.987303, 49.846817], [5.987307, 49.846844], [5.987314, 49.84687], [5.987295, 49.84692], [5.987257, 49.84697], [5.987196, 49.847015], [5.987146, 49.84707], [5.98712, 49.8472], [5.98712, 49.847256], [5.987127, 49.84731], [5.98712, 49.84737], [5.987089, 49.84744], [5.986917, 49.84773], [5.986921, 49.847782], [5.986818, 49.847816], [5.986753, 49.847813], [5.986712, 49.847813], [5.986756, 49.847917], [5.98678, 49.847973], [5.986601, 49.84824], [5.986544, 49.848354], [5.986517, 49.848442], [5.986509, 49.848484], [5.986498, 49.84853], [5.986479, 49.848625], [5.986372, 49.848763], [5.986338, 49.848804], [5.986292, 49.848877], [5.986246, 49.848946], [5.986216, 49.849003], [5.986155, 49.849106], [5.986139, 49.849133], [5.986074, 49.84924], [5.986036, 49.849304], [5.986029, 49.849323], [5.985956, 49.849445], [5.985708, 49.849766], [5.985342, 49.850136], [5.985292, 49.85012], [5.985273, 49.850124], [5.985235, 49.850193], [5.985071, 49.850407], [5.984846, 49.850662], [5.984838, 49.850685], [5.984644, 49.850937], [5.984442, 49.85112], [5.984312, 49.851234], [5.984209, 49.85132], [5.984003, 49.851475], [5.983622, 49.851734], [5.983191, 49.85199], [5.983221, 49.85201], [5.982992, 49.852173], [5.982664, 49.8524], [5.982565, 49.85247], [5.982515, 49.852524], [5.982492, 49.85255], [5.98247, 49.852596], [5.982466, 49.85263], [5.982477, 49.852676], [5.982523, 49.852764], [5.982576, 49.85284], [5.982695, 49.852962], [5.983091, 49.85318], [5.983255, 49.85327], [5.98192, 49.853836], [5.982054, 49.853947], [5.982183, 49.854053], [5.982325, 49.85417], [5.98242, 49.85425], [5.982538, 49.85435], [5.982431, 49.854473], [5.982412, 49.854496], [5.982202, 49.854736], [5.98218, 49.854767], [5.982141, 49.85481], [5.982081, 49.854877], [5.982042, 49.85492], [5.981955, 49.85502], [5.981886, 49.8551], [5.981726, 49.85531], [5.981539, 49.855556], [5.981474, 49.85564], [5.981417, 49.85582], [5.98139, 49.855892], [5.981363, 49.856], [5.981348, 49.85615], [5.981268, 49.856216], [5.981707, 49.856213], [5.981844, 49.856228], [5.982122, 49.856262], [5.982199, 49.856274], [5.982313, 49.856293], [5.98239, 49.856308], [5.982481, 49.856327], [5.98258, 49.856354], [5.982717, 49.85639], [5.982962, 49.856472], [5.982988, 49.85648], [5.983175, 49.856544], [5.983206, 49.856552], [5.983442, 49.856632], [5.983561, 49.85667], [5.983778, 49.856743], [5.983854, 49.856762], [5.983904, 49.856773], [5.984232, 49.856853], [5.984579, 49.856926], [5.984823, 49.856964], [5.985086, 49.85701], [5.985182, 49.857025], [5.985586, 49.857105], [5.985907, 49.85715], [5.986349, 49.857254], [5.986376, 49.85726], [5.986769, 49.857376], [5.986757, 49.857407], [5.98675, 49.85761], [5.986746, 49.857662], [5.986742, 49.857708], [5.986696, 49.85792], [5.986666, 49.858017], [5.986479, 49.858234], [5.986219, 49.85853], [5.986155, 49.858597], [5.986166, 49.858604], [5.986463, 49.858765], [5.986498, 49.85878], [5.986536, 49.858807], [5.986551, 49.85882], [5.986578, 49.858856], [5.986601, 49.858906], [5.986608, 49.85895], [5.986605, 49.85901], [5.986597, 49.85906], [5.986559, 49.85919], [5.986517, 49.859306], [5.98646, 49.859447], [5.986284, 49.859833], [5.986238, 49.859955], [5.986231, 49.859993], [5.986181, 49.860348], [5.986238, 49.860683], [5.986242, 49.860695], [5.986261, 49.860832], [5.986265, 49.86092], [5.986357, 49.860928], [5.986402, 49.861156], [5.986399, 49.861225], [5.986376, 49.861343], [5.986334, 49.861477], [5.986284, 49.86161], [5.986235, 49.861694], [5.986204, 49.86174], [5.986135, 49.861816], [5.986025, 49.8619], [5.985838, 49.86203], [5.986437, 49.862347], [5.986059, 49.86253], [5.985834, 49.862644], [5.985682, 49.862736], [5.985571, 49.862816], [5.985487, 49.86288], [5.985464, 49.862904], [5.985678, 49.862904], [5.985907, 49.862896], [5.986052, 49.862892], [5.98636, 49.86287], [5.986471, 49.86286], [5.986681, 49.862843], [5.98691, 49.862812], [5.987242, 49.862766], [5.987593, 49.862713], [5.987783, 49.862682], [5.987806, 49.862663], [5.987841, 49.86264], [5.98794, 49.862564], [5.988066, 49.86248], [5.988199, 49.862404], [5.988462, 49.86227], [5.988676, 49.862164], [5.988798, 49.862095], [5.988951, 49.862003], [5.989046, 49.86194], [5.98913, 49.861877], [5.989283, 49.861755], [5.989382, 49.86168], [5.989458, 49.861637], [5.989573, 49.861603], [5.989668, 49.861576], [5.989794, 49.861546], [5.989946, 49.861492], [5.990011, 49.861458], [5.990049, 49.861427], [5.990068, 49.861393], [5.990095, 49.8613], [5.99016, 49.861355], [5.990572, 49.8617], [5.990744, 49.861702], [5.990873, 49.861713], [5.991003, 49.86174], [5.991114, 49.861767], [5.99114, 49.861774], [5.991339, 49.86187], [5.99156, 49.861973], [5.991831, 49.862106], [5.991983, 49.862175], [5.992113, 49.862217], [5.99222, 49.862247], [5.992315, 49.86227], [5.992464, 49.862297], [5.99272, 49.862335], [5.992857, 49.862347], [5.993002, 49.862354], [5.993147, 49.86236], [5.993238, 49.86235], [5.99341, 49.86232], [5.993486, 49.862293], [5.993765, 49.86238], [5.993792, 49.86239], [5.993815, 49.862396], [5.993998, 49.862453], [5.994135, 49.8625], [5.994097, 49.862606], [5.994074, 49.862713], [5.994066, 49.862793], [5.994051, 49.862843], [5.994039, 49.862877], [5.99399, 49.862988], [5.993936, 49.863075], [5.99386, 49.863155], [5.993773, 49.863243], [5.993666, 49.86333], [5.993837, 49.86341], [5.994558, 49.863758], [5.994787, 49.86387], [5.995005, 49.863968], [5.995523, 49.86422], [5.995951, 49.864414], [5.995966, 49.864418], [5.996008, 49.864437], [5.996241, 49.864536], [5.996427, 49.86461], [5.996603, 49.86467], [5.996901, 49.864784], [5.997213, 49.864902], [5.997797, 49.86512], [5.997702, 49.865192], [5.997648, 49.865234], [5.997595, 49.86526], [5.997366, 49.865345], [5.997229, 49.86538], [5.99716, 49.8654], [5.997084, 49.865417], [5.997026, 49.865444], [5.996916, 49.865536], [5.996717, 49.865692], [5.996557, 49.86581], [5.996492, 49.86586], [5.996073, 49.86617], [5.996035, 49.866196], [5.995977, 49.86622], [5.995756, 49.866264], [5.995741, 49.866272], [5.995729, 49.866283], [5.995726, 49.866386], [5.99571, 49.866432], [5.995653, 49.866524], [5.995405, 49.866913], [5.995359, 49.867], [5.995333, 49.867085], [5.995314, 49.86713], [5.995237, 49.86724], [5.995146, 49.867374], [5.995081, 49.86744], [5.995027, 49.867474], [5.994963, 49.86751], [5.994932, 49.867542], [5.994905, 49.867596], [5.994879, 49.86768], [5.994818, 49.867836], [5.994764, 49.86794], [5.99473, 49.867996], [5.994657, 49.86806], [5.994593, 49.868103], [5.994547, 49.86814], [5.994516, 49.868176], [5.994497, 49.86822], [5.994497, 49.868298], [5.994505, 49.86839], [5.994493, 49.868435], [5.994463, 49.868496], [5.994448, 49.868553], [5.994417, 49.868748], [5.994402, 49.868767], [5.994348, 49.868805], [5.994207, 49.86892], [5.994188, 49.86894], [5.994116, 49.869007], [5.993936, 49.869247], [5.993738, 49.86949], [5.993567, 49.869736], [5.993544, 49.86977], [5.993929, 49.86985], [5.994543, 49.869984], [5.99473, 49.870033], [5.994944, 49.870117], [5.995069, 49.870186], [5.99515, 49.870255], [5.99518, 49.870285], [5.995234, 49.870346], [5.995268, 49.870388], [5.995287, 49.870422], [5.99534, 49.870514], [5.995348, 49.870544], [5.995367, 49.870625], [5.995405, 49.87073], [5.995482, 49.87089], [5.995646, 49.8711], [5.995752, 49.871223], [5.996023, 49.871548], [5.996199, 49.871784], [5.996229, 49.87182], [5.996477, 49.872177], [5.996492, 49.87226], [5.99642, 49.872395], [5.996313, 49.87258], [5.996256, 49.872696], [5.996118, 49.872967], [5.995997, 49.872936], [5.995699, 49.872894], [5.995394, 49.872852], [5.99523, 49.87284], [5.995119, 49.872837], [5.994799, 49.872826], [5.994738, 49.87282], [5.994322, 49.87281], [5.994013, 49.87281], [5.993639, 49.872807], [5.993429, 49.872807], [5.993032, 49.872826], [5.992853, 49.87288], [5.992743, 49.872906], [5.992674, 49.872944], [5.992598, 49.873005], [5.992525, 49.87308], [5.992407, 49.873234], [5.992327, 49.873375], [5.9923, 49.873466], [5.992281, 49.873543], [5.992292, 49.87362], [5.992319, 49.87382], [5.992342, 49.87396], [5.992403, 49.874176], [5.992441, 49.874252], [5.992594, 49.87442], [5.992659, 49.874485], [5.992865, 49.87464], [5.992971, 49.874718], [5.993181, 49.87484], [5.993391, 49.874924], [5.993612, 49.875042], [5.99362, 49.875233], [5.993635, 49.875515], [5.994238, 49.87603], [5.994558, 49.8763], [5.994585, 49.87632], [5.994257, 49.876526], [5.994043, 49.876667], [5.993914, 49.876762], [5.993807, 49.876858], [5.993719, 49.87691], [5.99341, 49.87724], [5.993525, 49.87729], [5.993593, 49.877316], [5.993727, 49.877373], [5.993994, 49.87748], [5.994299, 49.8776], [5.994467, 49.87767], [5.994905, 49.877846], [5.995218, 49.87795], [5.995501, 49.87802], [5.995512, 49.878025], [5.995954, 49.878143], [5.996115, 49.878185], [5.996298, 49.87825], [5.996477, 49.87833], [5.996588, 49.878387], [5.99674, 49.878483], [5.996916, 49.87861], [5.997129, 49.87877], [5.997221, 49.8786], [5.997278, 49.878483], [5.997347, 49.878296], [5.997469, 49.877975], [5.997518, 49.877823], [5.997545, 49.877754], [5.99756, 49.877724], [5.997595, 49.87767], [5.997698, 49.877487], [5.997774, 49.877346], [5.997816, 49.877285], [5.997927, 49.877117], [5.998014, 49.876987], [5.998063, 49.87692], [5.998091, 49.87687], [5.998102, 49.876854], [5.99824, 49.876648], [5.998301, 49.876614], [5.998854, 49.876358], [5.999235, 49.87619], [5.999369, 49.876152], [5.999498, 49.87612], [5.999765, 49.876057], [5.999777, 49.876064], [5.999872, 49.876102], [6.000349, 49.87629], [6.000921, 49.876514], [6.001177, 49.876637], [6.001215, 49.876656], [6.001612, 49.87686], [6.001776, 49.876965], [6.00205, 49.877163], [6.002275, 49.877342], [6.002314, 49.877373], [6.002424, 49.87747], [6.002756, 49.87775], [6.002817, 49.877804], [6.002897, 49.877876], [6.00308, 49.87805], [6.003202, 49.87817], [6.002809, 49.878235], [6.002783, 49.87824], [6.002668, 49.87826], [6.002352, 49.87833], [6.002241, 49.87835], [6.00223, 49.878353], [6.002085, 49.878376], [6.002043, 49.87838], [6.001921, 49.878395], [6.001753, 49.878395], [6.001646, 49.87839], [6.001215, 49.878372], [6.001127, 49.878647], [6.001268, 49.878754], [6.001375, 49.878838], [6.001482, 49.87891], [6.002073, 49.878944], [6.002233, 49.87896], [6.002306, 49.87898], [6.002352, 49.879], [6.002401, 49.879025], [6.002462, 49.879036], [6.002783, 49.879066], [6.003138, 49.879105], [6.00321, 49.879105], [6.003244, 49.8791], [6.00329, 49.87909], [6.003324, 49.879078], [6.003427, 49.879105], [6.003477, 49.87911], [6.003584, 49.87911], [6.003679, 49.879105], [6.003721, 49.879097], [6.003767, 49.87909], [6.003859, 49.879074], [6.004194, 49.878998], [6.004259, 49.87899], [6.004301, 49.87899], [6.0044, 49.879013], [6.004515, 49.87905], [6.004599, 49.879078], [6.004763, 49.879112], [6.004911, 49.879147], [6.00498, 49.879158], [6.00503, 49.879158], [6.005194, 49.87914], [6.005533, 49.87911], [6.005827, 49.87908], [6.006205, 49.879047], [6.006651, 49.879005], [6.006819, 49.878998], [6.006945, 49.878998], [6.007029, 49.879078], [6.007059, 49.879105], [6.007097, 49.87913], [6.007135, 49.879154], [6.007215, 49.879185], [6.007296, 49.879215], [6.007429, 49.879257], [6.007532, 49.879288], [6.007711, 49.87933], [6.00783, 49.879353], [6.007998, 49.87937], [6.008101, 49.879383], [6.008219, 49.879402], [6.008406, 49.879444], [6.008532, 49.879463], [6.00868, 49.87947], [6.00897, 49.879475], [6.009081, 49.879475], [6.009367, 49.87947], [6.00952, 49.879475], [6.00968, 49.879475], [6.009764, 49.87947], [6.009836, 49.879456], [6.009882, 49.87927], [6.010061, 49.87927], [6.010122, 49.879143], [6.010252, 49.879177], [6.010336, 49.879196], [6.010458, 49.879227], [6.010504, 49.87923], [6.010599, 49.87923], [6.010656, 49.879227], [6.010885, 49.879562], [6.010958, 49.8797], [6.011007, 49.879818], [6.011045, 49.879917], [6.011167, 49.879875], [6.011251, 49.879837], [6.011316, 49.879826], [6.011404, 49.87981], [6.011507, 49.879787], [6.011595, 49.879757], [6.011675, 49.879723], [6.011763, 49.87966], [6.0119, 49.87954], [6.011946, 49.879562], [6.011984, 49.87957], [6.012022, 49.879566], [6.012075, 49.879562], [6.01211, 49.879566], [6.01214, 49.879574], [6.012175, 49.87959], [6.012209, 49.8796], [6.012266, 49.879612], [6.012262, 49.879673], [6.012278, 49.879757], [6.012289, 49.879776], [6.012308, 49.879795], [6.01235, 49.87982], [6.012358, 49.879833], [6.012361, 49.879845], [6.01235, 49.879856], [6.012312, 49.879864], [6.012243, 49.879887], [6.012217, 49.879898], [6.012197, 49.879917], [6.012194, 49.879936], [6.012194, 49.879955], [6.012205, 49.87998], [6.012273, 49.88005], [6.012251, 49.880184], [6.012254, 49.880279], [6.012265, 49.880428], [6.012273, 49.880566], [6.011853, 49.880592], [6.011647, 49.880606], [6.011617, 49.880611], [6.011567, 49.880764], [6.011533, 49.880913], [6.011507, 49.881111], [6.011709, 49.881416], [6.011774, 49.881504], [6.011827, 49.881566], [6.011937, 49.881679], [6.012113, 49.881836], [6.012682, 49.882278], [6.013067, 49.882561], [6.013261, 49.882713], [6.013372, 49.882806], [6.01344, 49.882873], [6.013505, 49.882946], [6.013543, 49.882992], [6.013589, 49.883066], [6.013627, 49.88314], [6.013643, 49.883196], [6.013665, 49.883306], [6.013674, 49.88335], [6.01373, 49.883346], [6.013849, 49.883339], [6.013746, 49.883823], [6.013712, 49.88398], [6.013669, 49.884178], [6.013571, 49.884466], [6.013627, 49.884486], [6.013647, 49.884706], [6.013674, 49.884872], [6.01373, 49.885181], [6.013734, 49.88528], [6.01373, 49.885299], [6.013692, 49.885414], [6.013677, 49.885521], [6.013669, 49.885658], [6.013696, 49.885773], [6.013753, 49.886006], [6.013765, 49.88607], [6.013761, 49.886156], [6.013742, 49.886253], [6.013715, 49.886349], [6.013647, 49.886524], [6.013571, 49.886501], [6.01354, 49.886493], [6.013475, 49.886596], [6.013426, 49.886666], [6.013372, 49.886726], [6.01325, 49.886829], [6.013173, 49.886906], [6.013097, 49.886993], [6.013052, 49.887066], [6.012911, 49.887348], [6.012857, 49.887474], [6.012651, 49.887832], [6.012586, 49.887958], [6.012529, 49.888099], [6.012472, 49.888256], [6.012754, 49.888316], [6.012773, 49.888382], [6.012808, 49.88847], [6.013075, 49.889006], [6.01333, 49.889553], [6.013345, 49.889583], [6.013361, 49.88961], [6.01341, 49.889706], [6.013257, 49.890236], [6.01325, 49.890251], [6.013032, 49.890516], [6.012952, 49.890616], [6.012838, 49.8908], [6.01283, 49.890816], [6.012823, 49.890826], [6.012685, 49.891036], [6.012658, 49.891079], [6.01262, 49.891136], [6.01251, 49.891296], [6.012452, 49.891372], [6.01272, 49.891453], [6.013113, 49.891559], [6.013486, 49.891656], [6.013857, 49.891746], [6.014119, 49.891804], [6.014822, 49.891941], [6.014852, 49.891949], [6.014177, 49.892101], [6.013639, 49.892231], [6.013094, 49.892353], [6.012422, 49.892513], [6.012251, 49.892566], [6.012174, 49.892601], [6.012132, 49.892626], [6.012033, 49.892704], [6.011945, 49.892766], [6.01177, 49.892921], [6.01159, 49.893074], [6.011488, 49.893166], [6.011342, 49.893284], [6.011361, 49.893296], [6.012494, 49.89341], [6.013147, 49.893471], [6.013597, 49.893509], [6.014013, 49.893551], [6.01425, 49.893576], [6.015214, 49.893703], [6.015863, 49.893786], [6.015844, 49.893982], [6.015828, 49.894172], [6.015828, 49.894206], [6.015814, 49.894536], [6.014131, 49.894566], [6.014104, 49.894746], [6.014108, 49.894826], [6.014108, 49.894913], [6.014104, 49.895153], [6.014104, 49.895344], [6.014108, 49.895416], [6.014108, 49.895561], [6.014055, 49.896023], [6.014047, 49.896196], [6.014043, 49.896343], [6.014043, 49.896406], [6.014051, 49.896454], [6.014066, 49.896511], [6.014089, 49.896583], [6.014131, 49.896683], [6.014192, 49.89685], [6.014303, 49.897066], [6.014486, 49.897449], [6.014562, 49.897613], [6.014615, 49.897726], [6.01478, 49.897739], [6.014917, 49.897758], [6.015051, 49.897786], [6.015306, 49.897831], [6.015512, 49.897892], [6.015779, 49.897996], [6.015905, 49.898048], [6.016149, 49.898163], [6.016187, 49.898182], [6.016305, 49.898243], [6.016386, 49.898292], [6.016405, 49.8983], [6.016538, 49.898406], [6.016641, 49.898491], [6.016855, 49.898696], [6.017027, 49.898853], [6.017339, 49.899093], [6.017423, 49.899151], [6.017659, 49.899296], [6.018018, 49.899479], [6.018427, 49.899662], [6.018644, 49.899742], [6.018918, 49.899833], [6.019285, 49.899952], [6.019551, 49.900013], [6.019616, 49.90002], [6.020215, 49.900032], [6.020311, 49.900036], [6.020303, 49.90007], [6.020292, 49.900146], [6.020269, 49.900276], [6.0202, 49.900692], [6.020169, 49.900822], [6.020105, 49.900963], [6.01996, 49.901253], [6.019869, 49.901371], [6.019857, 49.901378], [6.0198, 49.90142], [6.019723, 49.901474], [6.019529, 49.9016], [6.019304, 49.901718], [6.019235, 49.901752], [6.019075, 49.90184], [6.018831, 49.90197], [6.018647, 49.902066], [6.018354, 49.902214], [6.018152, 49.902306], [6.017896, 49.90242], [6.017659, 49.902506], [6.017438, 49.90258], [6.017152, 49.902664], [6.016451, 49.902846], [6.016653, 49.903034], [6.017049, 49.903419], [6.017076, 49.903499], [6.017091, 49.90353], [6.017122, 49.903568], [6.01716, 49.903614], [6.017313, 49.903728], [6.017503, 49.903862], [6.017572, 49.9039], [6.017957, 49.904098], [6.018163, 49.904209], [6.018308, 49.904293], [6.018396, 49.904346], [6.018656, 49.90451], [6.018781, 49.904598], [6.018872, 49.904659], [6.018991, 49.904751], [6.019178, 49.904888], [6.019346, 49.905021], [6.019544, 49.905182], [6.019578, 49.905206], [6.019704, 49.905472], [6.019941, 49.905933], [6.020044, 49.906156], [6.020341, 49.906742], [6.020505, 49.9071], [6.020608, 49.907286], [6.020899, 49.90776], [6.02107, 49.908026], [6.021501, 49.90871], [6.021005, 49.908783], [6.020872, 49.908826], [6.020532, 49.908926], [6.020036, 49.909069], [6.019674, 49.909168], [6.019262, 49.909266], [6.018983, 49.909336], [6.01864, 49.909393], [6.018697, 49.909506], [6.018541, 49.909606], [6.018743, 49.909931], [6.0188, 49.909996], [6.018903, 49.910096], [6.019059, 49.910229], [6.019445, 49.910511], [6.019777, 49.910751], [6.019869, 49.910824], [6.019899, 49.91085], [6.020063, 49.911016], [6.020131, 49.911076], [6.020288, 49.911209], [6.020379, 49.911276], [6.02041, 49.911296], [6.020498, 49.91135], [6.020539, 49.911366], [6.020601, 49.911388], [6.020696, 49.911419], [6.020799, 49.911449], [6.020929, 49.91148], [6.021001, 49.911663], [6.021089, 49.911876], [6.021177, 49.912076], [6.02123, 49.912176], [6.021272, 49.912243], [6.021352, 49.912356], [6.021352, 49.912464], [6.021356, 49.91254], [6.021368, 49.912571], [6.021436, 49.912676], [6.021482, 49.912756], [6.021509, 49.912811], [6.021512, 49.912846], [6.021512, 49.912876], [6.021509, 49.912933], [6.021494, 49.913032], [6.021497, 49.913078], [6.021509, 49.913126], [6.021597, 49.913479], [6.021409, 49.913756], [6.021208, 49.914001], [6.021001, 49.914256], [6.020799, 49.914516], [6.020696, 49.914646], [6.020601, 49.914749], [6.021135, 49.915156], [6.021414, 49.915344], [6.021703, 49.915536], [6.021913, 49.915649], [6.02218, 49.915798], [6.022264, 49.915844], [6.022317, 49.91587], [6.022367, 49.91589], [6.02242, 49.915906], [6.022508, 49.915909], [6.022779, 49.915932], [6.022886, 49.915943], [6.023096, 49.915981], [6.023206, 49.916], [6.023244, 49.916004], [6.023278, 49.916004], [6.023344, 49.916], [6.023442, 49.915989], [6.023523, 49.915973], [6.023645, 49.915943], [6.023782, 49.915901], [6.023893, 49.915878], [6.023992, 49.915866], [6.024133, 49.915866], [6.024244, 49.915863], [6.024263, 49.91587], [6.024286, 49.915882], [6.024305, 49.915893], [6.024328, 49.915896], [6.024355, 49.915896], [6.024381, 49.915893], [6.024423, 49.915882], [6.02445, 49.915876], [6.024488, 49.915876], [6.024518, 49.915882], [6.024545, 49.915882], [6.024576, 49.915886], [6.024614, 49.91589], [6.024682, 49.915876], [6.024751, 49.915863], [6.024812, 49.915859], [6.024873, 49.915856], [6.024927, 49.915851], [6.024972, 49.915844], [6.025041, 49.915826], [6.025194, 49.915776], [6.025281, 49.915756], [6.025388, 49.915733], [6.025491, 49.915726], [6.025571, 49.915722], [6.025792, 49.915748], [6.025869, 49.915752], [6.026075, 49.915752], [6.026143, 49.915741], [6.026216, 49.915733], [6.026258, 49.915736], [6.026315, 49.915733], [6.026342, 49.915726], [6.026391, 49.915703], [6.026422, 49.915691], [6.026468, 49.915686], [6.026559, 49.915686], [6.026624, 49.915691], [6.026769, 49.915686], [6.026884, 49.915691], [6.026952, 49.915696], [6.027024, 49.915703], [6.027036, 49.915703], [6.027158, 49.915722], [6.02722, 49.915729], [6.027334, 49.915741], [6.027387, 49.915813], [6.027402, 49.91584], [6.027478, 49.915924], [6.027544, 49.915962], [6.027822, 49.916023], [6.027933, 49.916056], [6.02804, 49.916103], [6.028162, 49.91616], [6.028269, 49.916216], [6.028398, 49.916313], [6.028455, 49.916351], [6.028539, 49.916393], [6.028608, 49.916416], [6.028886, 49.916511], [6.029065, 49.916576], [6.029184, 49.91663], [6.029272, 49.916676], [6.029531, 49.916839], [6.029608, 49.916893], [6.029706, 49.916956], [6.029859, 49.917068], [6.029943, 49.917141], [6.030019, 49.917166], [6.030084, 49.917196], [6.030157, 49.91724], [6.030416, 49.917426], [6.030519, 49.917516], [6.03061, 49.917591], [6.030683, 49.917646], [6.030702, 49.917656], [6.030786, 49.917702], [6.03087, 49.917751], [6.030931, 49.917789], [6.030988, 49.917816], [6.031072, 49.917866], [6.031206, 49.917926], [6.031275, 49.917976], [6.031294, 49.918011], [6.031339, 49.918049], [6.03143, 49.918083], [6.031526, 49.918121], [6.031587, 49.918159], [6.031663, 49.918228], [6.031739, 49.918293], [6.031812, 49.918369], [6.031877, 49.918419], [6.03198, 49.918496], [6.032037, 49.918522], [6.032118, 49.91856], [6.032174, 49.918576], [6.032274, 49.918602], [6.032381, 49.918651], [6.032716, 49.918826], [6.032941, 49.918916], [6.033182, 49.918999], [6.033399, 49.919066], [6.033453, 49.919079], [6.033502, 49.91909], [6.033605, 49.919116], [6.033712, 49.919163], [6.033788, 49.919186], [6.033895, 49.919216], [6.034055, 49.91925], [6.034173, 49.919286], [6.034269, 49.919311], [6.034364, 49.919346], [6.034513, 49.919416], [6.034532, 49.919418], [6.034609, 49.919449], [6.034703, 49.919476], [6.03478, 49.919496], [6.034917, 49.919526], [6.035001, 49.91951], [6.035032, 49.919506], [6.035093, 49.919502], [6.035192, 49.919502], [6.035306, 49.91951], [6.035379, 49.919521], [6.035513, 49.919544], [6.035646, 49.919563], [6.035722, 49.919571], [6.035829, 49.919586], [6.035963, 49.919594], [6.036031, 49.919596], [6.036107, 49.919606], [6.036145, 49.919609], [6.03618, 49.919613], [6.036295, 49.919651], [6.036321, 49.919658], [6.036367, 49.919674], [6.036409, 49.919681], [6.036478, 49.919689], [6.036569, 49.919712], [6.036607, 49.91975], [6.03663, 49.919761], [6.036676, 49.919773], [6.036748, 49.9198], [6.036773, 49.919809], [6.036802, 49.919823], [6.036846, 49.919851], [6.037019, 49.91999], [6.037172, 49.920139], [6.03733, 49.920168], [6.037618, 49.919495], [6.03788, 49.91924], [6.038073, 49.919125], [6.038264, 49.91907], [6.038561, 49.919067], [6.038839, 49.919132], [6.039113, 49.919266], [6.039268, 49.919415], [6.039434, 49.91962], [6.039498, 49.919765], [6.039607, 49.920074], [6.039691, 49.920387], [6.039705, 49.92051], [6.039709, 49.920986], [6.039683, 49.92138], [6.039502, 49.922016], [6.039451, 49.92225], [6.039412, 49.92243], [6.039402, 49.922623], [6.039348, 49.922806], [6.038933, 49.923508], [6.038389, 49.924263], [6.038213, 49.92459], [6.038191, 49.924835], [6.038239, 49.92499], [6.038572, 49.925316], [6.039038, 49.925823], [6.039419, 49.926033], [6.039712, 49.926113], [6.0401, 49.926167], [6.040384, 49.926144], [6.040401, 49.926136], [6.041082, 49.92604], [6.042723, 49.925705], [6.043981, 49.92543], [6.045441, 49.92511], [6.04654, 49.92488], [6.047299, 49.924644], [6.047804, 49.924393], [6.048089, 49.924206], [6.048163, 49.92415], [6.048388, 49.92398], [6.048931, 49.923534], [6.049, 49.923492], [6.049067, 49.923485], [6.049104, 49.92349], [6.049162, 49.923508], [6.049203, 49.923534], [6.049244, 49.923588], [6.049279, 49.923763], [6.0493, 49.92392], [6.049299, 49.92403], [6.049222, 49.924324], [6.049077, 49.92475], [6.048963, 49.925076], [6.048845, 49.925392], [6.048704, 49.925762], [6.048409, 49.926453], [6.048211, 49.927055], [6.048086, 49.92749], [6.04796, 49.92782], [6.047807, 49.928104], [6.047656, 49.92832], [6.04755, 49.928482], [6.047425, 49.928635], [6.047142, 49.928875], [6.046449, 49.92921], [6.045778, 49.92953], [6.045478, 49.929646], [6.044721, 49.92998], [6.043887, 49.93041], [6.043731, 49.930557], [6.043577, 49.930794], [6.043523, 49.930996], [6.043514, 49.931023], [6.04351, 49.931183], [6.043538, 49.93129], [6.043576, 49.931362], [6.04363, 49.93159], [6.043639, 49.93167], [6.043648, 49.931747], [6.043667, 49.931885], [6.043722, 49.93202], [6.043797, 49.93208], [6.043808, 49.932087], [6.043882, 49.93214], [6.043894, 49.93215], [6.044008, 49.932236], [6.044187, 49.932446], [6.044302, 49.93266], [6.04434, 49.932777], [6.044371, 49.9329], [6.044371, 49.933002], [6.044309, 49.93315], [6.044185, 49.933315], [6.043973, 49.93351], [6.043829, 49.93363], [6.0437, 49.93365], [6.043685, 49.93365], [6.043593, 49.933666], [6.043579, 49.93367], [6.043423, 49.933693], [6.042198, 49.933952], [6.041778, 49.934044], [6.041537, 49.934155], [6.041325, 49.934284], [6.041148, 49.934456], [6.040993, 49.934704], [6.040905, 49.9349], [6.040885, 49.935], [6.040892, 49.93518], [6.040869, 49.935524], [6.040835, 49.935722], [6.040815, 49.935898], [6.040809, 49.93602], [6.0408, 49.936157], [6.040802, 49.936356], [6.040846, 49.936497], [6.040918, 49.93667], [6.041005, 49.936783], [6.041162, 49.936935], [6.041245, 49.937016], [6.041268, 49.937073], [6.041238, 49.93718], [6.041178, 49.937347], [6.041179, 49.937447], [6.041305, 49.93753], [6.041316, 49.93754], [6.041383, 49.93758], [6.041394, 49.937588], [6.041553, 49.93769], [6.041906, 49.93789], [6.042037, 49.93802], [6.042129, 49.938187], [6.042157, 49.93831], [6.042145, 49.938393], [6.042079, 49.93846], [6.041964, 49.938503], [6.041713, 49.93855], [6.041604, 49.938572], [6.041543, 49.93857], [6.041301, 49.938564], [6.040994, 49.938538], [6.040583, 49.93846], [6.04023, 49.93844], [6.040031, 49.938446], [6.039803, 49.938496], [6.038742, 49.93879], [6.038235, 49.938942], [6.038096, 49.939014], [6.038065, 49.939053], [6.038021, 49.939106], [6.037878, 49.939552], [6.037715, 49.940014], [6.037641, 49.940098], [6.037642, 49.9401], [6.037569, 49.94022], [6.037554, 49.940277], [6.037455, 49.940758], [6.037394, 49.94095], [6.037409, 49.941036], [6.037428, 49.941162], [6.037416, 49.941257], [6.037378, 49.94145], [6.037363, 49.941494], [6.037283, 49.941612], [6.037268, 49.941643], [6.037271, 49.941673], [6.037271, 49.941765], [6.037256, 49.94181], [6.037149, 49.94202], [6.037165, 49.94221], [6.037085, 49.94228], [6.036917, 49.94242], [6.036764, 49.942783], [6.036734, 49.94286], [6.036722, 49.94313], [6.036745, 49.94317], [6.036798, 49.943253], [6.036806, 49.943287], [6.036802, 49.943348], [6.03676, 49.94349], [6.036749, 49.943565], [6.036753, 49.9438], [6.036764, 49.94414], [6.036787, 49.94423], [6.036814, 49.944317], [6.03694, 49.944496], [6.037027, 49.9446], [6.03731, 49.944828], [6.037462, 49.944942], [6.037558, 49.94503], [6.03763, 49.945107], [6.037687, 49.945164], [6.037935, 49.945423], [6.038034, 49.945522], [6.03824, 49.945675], [6.038389, 49.945793], [6.038557, 49.945923], [6.038656, 49.94599], [6.038698, 49.946014], [6.038836, 49.94608], [6.038996, 49.94613], [6.039068, 49.94615], [6.039255, 49.94622], [6.039377, 49.94627], [6.039518, 49.946346], [6.039629, 49.946426], [6.039679, 49.946465], [6.039747, 49.94652], [6.039801, 49.946598], [6.039888, 49.946743], [6.039942, 49.94682], [6.040018, 49.946915], [6.040106, 49.94699], [6.040235, 49.94706], [6.040373, 49.947124], [6.0404, 49.947132], [6.040502, 49.94714], [6.040747, 49.94716], [6.040998, 49.94721], [6.04133, 49.94728], [6.041597, 49.94736], [6.041902, 49.947475], [6.042162, 49.947575], [6.042513, 49.947727], [6.042734, 49.94781], [6.042986, 49.94789], [6.043207, 49.947964], [6.043352, 49.948017], [6.043406, 49.94805], [6.043444, 49.94807], [6.043497, 49.948082], [6.043573, 49.94809], [6.043741, 49.94814], [6.043989, 49.94824], [6.044115, 49.948273], [6.044317, 49.948326], [6.044512, 49.94838], [6.044683, 49.948433], [6.044909, 49.94851], [6.04516, 49.94858], [6.045256, 49.94861], [6.045702, 49.94874], [6.045958, 49.948807], [6.046072, 49.948837], [6.046175, 49.948856], [6.046232, 49.948856], [6.046305, 49.94885], [6.046484, 49.948822], [6.046541, 49.94881], [6.046648, 49.94882], [6.046751, 49.94883], [6.046808, 49.948826], [6.046869, 49.94882], [6.046987, 49.94876], [6.047087, 49.94871], [6.047171, 49.94865], [6.047228, 49.94862], [6.047342, 49.948597], [6.047396, 49.948578], [6.047483, 49.948536], [6.047621, 49.948505], [6.047735, 49.948483], [6.047857, 49.94845], [6.047964, 49.948437], [6.048292, 49.948418], [6.048498, 49.948414], [6.04867, 49.948414], [6.048742, 49.948406], [6.048845, 49.94838], [6.048975, 49.948357], [6.049196, 49.94829], [6.049406, 49.948223], [6.049559, 49.948185], [6.04973, 49.94812], [6.049822, 49.9481], [6.049921, 49.948093], [6.049974, 49.9481], [6.050081, 49.948055], [6.050177, 49.94803], [6.050241, 49.948025], [6.050341, 49.948032], [6.050383, 49.948055], [6.050489, 49.948177], [6.050619, 49.948326], [6.050703, 49.948402], [6.050791, 49.94847], [6.050959, 49.9486], [6.051191, 49.94878], [6.051306, 49.948883], [6.051489, 49.949074], [6.051573, 49.94915], [6.051756, 49.949284], [6.051901, 49.9494], [6.052004, 49.949497], [6.052107, 49.94962], [6.052141, 49.94967], [6.052145, 49.94972], [6.052122, 49.949795], [6.052095, 49.94986], [6.052061, 49.9499], [6.052, 49.949944], [6.052084, 49.95001], [6.052221, 49.950104], [6.052259, 49.950134], [6.052282, 49.95015], [6.052446, 49.95026], [6.05266, 49.950382], [6.052835, 49.950474], [6.052854, 49.950485], [6.052969, 49.950535], [6.053083, 49.950577], [6.053175, 49.950607], [6.053232, 49.95062], [6.053713, 49.950718], [6.053846, 49.95075], [6.054579, 49.950893], [6.054396, 49.95118], [6.054312, 49.951283], [6.054254, 49.951336], [6.05419, 49.951366], [6.054129, 49.951385], [6.054087, 49.95139], [6.053888, 49.95141], [6.053396, 49.951454], [6.052923, 49.9515], [6.052877, 49.951504], [6.052092, 49.951576], [6.051844, 49.95165], [6.050951, 49.951916], [6.050787, 49.95197], [6.050676, 49.952374], [6.050817, 49.952427], [6.050852, 49.952442], [6.051062, 49.952522], [6.051237, 49.952587], [6.051275, 49.952602], [6.051355, 49.952633], [6.051741, 49.95277], [6.052153, 49.952915], [6.053003, 49.9532], [6.053339, 49.953373], [6.054113, 49.953754], [6.054396, 49.953884], [6.054457, 49.953903], [6.054514, 49.95392], [6.054541, 49.953922], [6.054674, 49.953945], [6.054823, 49.953968], [6.054899, 49.95398], [6.054976, 49.953987], [6.055273, 49.954018], [6.055429, 49.954033], [6.055464, 49.954037], [6.055479, 49.954037], [6.05559, 49.95404], [6.055655, 49.954044], [6.055727, 49.95404], [6.055792, 49.95403], [6.055822, 49.954025], [6.055876, 49.954018], [6.056051, 49.953987], [6.056154, 49.95397], [6.056315, 49.953945], [6.056482, 49.953926], [6.056539, 49.95393], [6.056665, 49.953938], [6.056753, 49.953953], [6.056784, 49.95396], [6.056848, 49.953976], [6.057001, 49.954018], [6.057157, 49.95406], [6.057249, 49.95408], [6.057306, 49.954094], [6.057455, 49.954132], [6.05781, 49.954224], [6.058081, 49.954292], [6.058195, 49.954323], [6.058394, 49.95438], [6.058866, 49.954544], [6.059092, 49.954624], [6.059256, 49.954674], [6.059542, 49.954754], [6.059935, 49.95485], [6.060053, 49.954876], [6.060225, 49.954933], [6.060968, 49.955204], [6.061098, 49.95525], [6.061109, 49.955254], [6.061149, 49.955242], [6.061195, 49.955223], [6.061313, 49.955154], [6.061407, 49.955128], [6.061459, 49.955116], [6.061523, 49.955093], [6.061657, 49.955013], [6.061826, 49.95495], [6.061894, 49.95494], [6.061959, 49.954937], [6.062022, 49.95493], [6.062108, 49.954914], [6.062242, 49.954872], [6.062529, 49.954838], [6.062647, 49.954834], [6.062706, 49.954823], [6.062851, 49.954792], [6.063048, 49.954777], [6.063115, 49.954773], [6.06319, 49.95477], [6.06326, 49.954765], [6.063486, 49.954723], [6.063753, 49.954674], [6.063798, 49.95466], [6.063846, 49.95464], [6.063974, 49.954567], [6.064041, 49.95453], [6.064128, 49.954502], [6.064204, 49.95448], [6.064354, 49.95445], [6.064461, 49.954422], [6.064494, 49.954407], [6.064527, 49.95439], [6.064537, 49.954372], [6.064549, 49.954327], [6.064557, 49.95425], [6.064568, 49.95417], [6.064593, 49.954037], [6.064593, 49.954006], [6.064575, 49.953987], [6.064515, 49.95395], [6.064256, 49.95383], [6.064001, 49.953716], [6.063739, 49.95359], [6.063624, 49.953537], [6.063485, 49.95349], [6.063377, 49.95346], [6.063233, 49.953426], [6.063048, 49.953392], [6.062938, 49.953354], [6.062822, 49.953304], [6.062702, 49.953228], [6.062679, 49.9532], [6.062666, 49.953175], [6.062663, 49.953144], [6.062737, 49.95283], [6.062744, 49.952785], [6.062736, 49.952717], [6.062731, 49.952644], [6.062741, 49.952602], [6.062775, 49.952534], [6.062843, 49.952423], [6.062885, 49.952377], [6.062938, 49.952347], [6.063064, 49.952297], [6.063228, 49.952232], [6.063486, 49.95211], [6.063531, 49.952095], [6.063565, 49.952095], [6.063647, 49.95211], [6.063698, 49.952114], [6.063736, 49.952103], [6.063841, 49.952053], [6.063893, 49.95202], [6.063919, 49.951984], [6.063928, 49.951946], [6.063957, 49.951897], [6.064004, 49.951866], [6.064104, 49.95182], [6.064142, 49.951786], [6.064173, 49.95174], [6.064215, 49.951683], [6.064296, 49.951622], [6.064461, 49.951515], [6.064519, 49.95148], [6.064579, 49.95147], [6.064662, 49.951458], [6.064735, 49.951427], [6.064806, 49.95139], [6.064895, 49.951317], [6.064942, 49.95127], [6.064978, 49.951214], [6.065009, 49.95115], [6.065047, 49.95101], [6.065088, 49.950905], [6.065137, 49.95081], [6.065191, 49.950737], [6.06527, 49.95067], [6.065371, 49.9506], [6.065404, 49.950565], [6.065439, 49.95051], [6.065438, 49.950466], [6.06542, 49.950413], [6.065425, 49.950386], [6.065444, 49.95033], [6.06548, 49.950245], [6.065491, 49.950184], [6.065487, 49.950092], [6.065449, 49.95001], [6.065441, 49.949947], [6.065472, 49.949825], [6.065476, 49.949776], [6.06544, 49.94966], [6.065397, 49.94955], [6.06534, 49.949425], [6.065341, 49.94938], [6.065389, 49.94927], [6.065381, 49.949245], [6.065349, 49.949223], [6.065239, 49.949165], [6.065122, 49.94907], [6.065002, 49.949], [6.064946, 49.948986], [6.06487, 49.948997], [6.064717, 49.949024], [6.064641, 49.949036], [6.064576, 49.949066], [6.064511, 49.949112], [6.064425, 49.949142], [6.064346, 49.949154], [6.064247, 49.949158], [6.064188, 49.949146], [6.064137, 49.949123], [6.064074, 49.949078], [6.064039, 49.94904], [6.063978, 49.948936], [6.063932, 49.948895], [6.063868, 49.948845], [6.0637, 49.948753], [6.063562, 49.948673], [6.06341, 49.948624], [6.063314, 49.94859], [6.063215, 49.948524], [6.063074, 49.948418], [6.063036, 49.94838], [6.063017, 49.94832], [6.063009, 49.948265], [6.063047, 49.94807], [6.063066, 49.947994], [6.063063, 49.947956], [6.06304, 49.947926], [6.063005, 49.947887], [6.062849, 49.94776], [6.062757, 49.94768], [6.062685, 49.947594], [6.062635, 49.94752], [6.062613, 49.947468], [6.062597, 49.947388], [6.06259, 49.947308], [6.062597, 49.94714], [6.06262, 49.947033], [6.062643, 49.946964], [6.062666, 49.946938], [6.062704, 49.9469], [6.063139, 49.9467], [6.063238, 49.94665], [6.063284, 49.946617], [6.06333, 49.946564], [6.06336, 49.94652], [6.063372, 49.946484], [6.063368, 49.94641], [6.063372, 49.94637], [6.063387, 49.94634], [6.063436, 49.9463], [6.063574, 49.946224], [6.063761, 49.94614], [6.0641, 49.945988], [6.064203, 49.945934], [6.064253, 49.945904], [6.064283, 49.945866], [6.064302, 49.94582], [6.06431, 49.945744], [6.064318, 49.945667], [6.064329, 49.945637], [6.064379, 49.945564], [6.064425, 49.9455], [6.064451, 49.94544], [6.064489, 49.94531], [6.064508, 49.945274], [6.0646, 49.945187], [6.064661, 49.94511], [6.064726, 49.94502], [6.064825, 49.944874], [6.064856, 49.944836], [6.064897, 49.944782], [6.064974, 49.944695], [6.065008, 49.944637], [6.065042, 49.94455], [6.065069, 49.944466], [6.065123, 49.944286], [6.06513, 49.944237], [6.065119, 49.94419], [6.065012, 49.94401], [6.064974, 49.943954], [6.064932, 49.94392], [6.064707, 49.94377], [6.064485, 49.943623], [6.064428, 49.943565], [6.064383, 49.943497], [6.06436, 49.943436], [6.064348, 49.943317], [6.064352, 49.943176], [6.064348, 49.943077], [6.064333, 49.942955], [6.064318, 49.94291], [6.064276, 49.942856], [6.064218, 49.9428], [6.064123, 49.94272], [6.063978, 49.94257], [6.063669, 49.942245], [6.0636, 49.942184], [6.063505, 49.942112], [6.063425, 49.94204], [6.063379, 49.941975], [6.063318, 49.941853], [6.063276, 49.941723], [6.063253, 49.941586], [6.063257, 49.941463], [6.063273, 49.94137], [6.063303, 49.941307], [6.063387, 49.94114], [6.063532, 49.94076], [6.063562, 49.940697], [6.06357, 49.940685], [6.063616, 49.94059], [6.06362, 49.940575], [6.063784, 49.94023], [6.063921, 49.9399], [6.064035, 49.939613], [6.064192, 49.93922], [6.064241, 49.939133], [6.064276, 49.939095], [6.064337, 49.939053], [6.06439, 49.939007], [6.064432, 49.938946], [6.064508, 49.93882], [6.064577, 49.938713], [6.064661, 49.93857], [6.064794, 49.938343], [6.064844, 49.938217], [6.064882, 49.938057], [6.064917, 49.93796], [6.064955, 49.93782], [6.064959, 49.937775], [6.064966, 49.937714], [6.06497, 49.937584], [6.064974, 49.937504], [6.064966, 49.937443], [6.064947, 49.93741], [6.064936, 49.937374], [6.064951, 49.937344], [6.064989, 49.937305], [6.065027, 49.937256], [6.065039, 49.937214], [6.06505, 49.937027], [6.065073, 49.93672], [6.065065, 49.9366], [6.065046, 49.93646], [6.065065, 49.936306], [6.065088, 49.936253], [6.065126, 49.936172], [6.065142, 49.93608], [6.065149, 49.935993], [6.065199, 49.935757], [6.065222, 49.935555], [6.065245, 49.93548], [6.06534, 49.935238], [6.065401, 49.9351], [6.065443, 49.935036], [6.065477, 49.93501], [6.065519, 49.93499], [6.065588, 49.934975], [6.06571, 49.934967], [6.065828, 49.93495], [6.065947, 49.93493], [6.066023, 49.93492], [6.066134, 49.934925], [6.066252, 49.934937], [6.066343, 49.93495], [6.066454, 49.93498], [6.066591, 49.935028], [6.066668, 49.93505], [6.066713, 49.935055], [6.066778, 49.93505], [6.066824, 49.935043], [6.066877, 49.935024], [6.066938, 49.934986], [6.066988, 49.934963], [6.067061, 49.934956], [6.067141, 49.93495], [6.067255, 49.93496], [6.067427, 49.934975], [6.067514, 49.934975], [6.067606, 49.93496], [6.067728, 49.934937], [6.067816, 49.934906], [6.067881, 49.93487], [6.067934, 49.93483], [6.06798, 49.93478], [6.068079, 49.934643], [6.068228, 49.93445], [6.068308, 49.93436], [6.068373, 49.93431], [6.068438, 49.93427], [6.068514, 49.934246], [6.068613, 49.934223], [6.068727, 49.934216], [6.068876, 49.934208], [6.068979, 49.93421], [6.069204, 49.93422], [6.069467, 49.934235], [6.069559, 49.93425], [6.069666, 49.934273], [6.069811, 49.934315], [6.069879, 49.93433], [6.069921, 49.93433], [6.069952, 49.934326], [6.070086, 49.93429], [6.0702, 49.93426], [6.070276, 49.934235], [6.070337, 49.93421], [6.070433, 49.934162], [6.070593, 49.93409], [6.07062, 49.934063], [6.070631, 49.934], [6.070642, 49.93396], [6.070684, 49.93389], [6.070688, 49.933853], [6.070684, 49.933807], [6.070665, 49.93374], [6.070658, 49.93369], [6.070677, 49.93362], [6.070688, 49.93357], [6.070688, 49.93354], [6.070642, 49.933437], [6.070627, 49.933384], [6.070635, 49.93329], [6.070631, 49.93323], [6.070608, 49.93319], [6.07057, 49.933155], [6.070456, 49.93307], [6.070425, 49.933037], [6.070406, 49.932976], [6.070391, 49.932785], [6.070364, 49.932545], [6.070353, 49.9325], [6.070345, 49.932476], [6.070311, 49.932304], [6.070337, 49.932312], [6.070467, 49.932354], [6.070597, 49.932453], [6.070757, 49.93257], [6.070913, 49.93271], [6.070967, 49.932777], [6.071077, 49.932953], [6.071207, 49.933266], [6.071306, 49.933575], [6.071329, 49.93377], [6.071318, 49.933964], [6.071276, 49.934113], [6.071211, 49.934223], [6.071035, 49.934547], [6.071089, 49.934555], [6.071314, 49.934505], [6.072569, 49.93419], [6.073332, 49.933994], [6.073515, 49.933956], [6.07374, 49.933914], [6.073942, 49.933357], [6.074366, 49.933178], [6.074602, 49.933376], [6.074652, 49.93325], [6.074678, 49.93317], [6.074732, 49.933086], [6.074781, 49.933037], [6.074854, 49.932983], [6.075022, 49.932896], [6.075315, 49.932774], [6.075413, 49.932724], [6.075663, 49.93258], [6.075884, 49.932728], [6.076029, 49.9327], [6.076624, 49.932613], [6.076963, 49.93257], [6.077356, 49.932526], [6.077711, 49.932484], [6.078257, 49.932423], [6.078623, 49.932392], [6.078943, 49.932365], [6.079081, 49.932358], [6.079214, 49.93236], [6.079348, 49.932373], [6.07968, 49.932438], [6.079626, 49.93267], [6.079977, 49.93284], [6.080187, 49.93293], [6.080538, 49.93305], [6.081171, 49.933258], [6.081762, 49.933456], [6.081873, 49.93349], [6.082159, 49.93356], [6.082453, 49.933624], [6.082517, 49.933636], [6.082781, 49.933693], [6.082917, 49.933723], [6.083349, 49.933834], [6.083386, 49.93384], [6.083417, 49.93385], [6.083559, 49.933876], [6.083702, 49.933907], [6.083774, 49.93392], [6.084504, 49.93399], [6.084935, 49.93396], [6.085545, 49.93391], [6.085813, 49.93378], [6.085847, 49.933544], [6.085874, 49.933422], [6.085923, 49.9333], [6.085973, 49.933205], [6.086011, 49.933163], [6.086131, 49.933155], [6.086347, 49.93315], [6.086481, 49.93315], [6.08661, 49.933155], [6.086704, 49.933163], [6.086889, 49.93318], [6.087014, 49.9332], [6.087138, 49.933228], [6.087351, 49.933292], [6.087385, 49.933304], [6.087323, 49.933407], [6.087286, 49.93348], [6.087173, 49.9337], [6.087126, 49.933823], [6.087033, 49.934116], [6.087125, 49.93413], [6.087564, 49.934216], [6.087576, 49.934218], [6.087687, 49.934116], [6.087763, 49.93406], [6.08782, 49.934002], [6.087877, 49.933933], [6.087995, 49.933773], [6.088091, 49.933662], [6.088182, 49.933594], [6.088251, 49.93353], [6.088407, 49.933327], [6.088472, 49.933258], [6.088598, 49.93313], [6.088717, 49.933033], [6.08885, 49.932934], [6.088999, 49.932846], [6.089136, 49.93279], [6.089228, 49.932743], [6.089312, 49.93269], [6.089388, 49.932613], [6.089418, 49.93256], [6.089445, 49.932503], [6.089479, 49.932446], [6.089552, 49.932396], [6.089655, 49.932335], [6.089823, 49.932278], [6.09009, 49.932205], [6.09017, 49.93219], [6.090311, 49.932186], [6.090433, 49.932182], [6.09059, 49.93219], [6.090693, 49.932205], [6.090818, 49.93225], [6.091017, 49.932343], [6.091223, 49.932434], [6.091299, 49.93246], [6.091383, 49.93248], [6.091444, 49.932484], [6.091524, 49.93248], [6.091646, 49.932457], [6.091726, 49.93244], [6.092051, 49.93236], [6.092493, 49.932285], [6.09265, 49.93226], [6.092737, 49.932255], [6.092848, 49.932247], [6.092916, 49.932255], [6.092985, 49.932266], [6.093122, 49.932304], [6.09329, 49.932358], [6.093561, 49.932446], [6.093718, 49.93249], [6.093893, 49.932533], [6.094011, 49.932564], [6.094137, 49.932575], [6.09421, 49.93258], [6.094263, 49.93258], [6.094339, 49.93257], [6.094492, 49.93254], [6.094591, 49.932487], [6.09485, 49.932323], [6.09495, 49.932255], [6.095007, 49.932186], [6.095083, 49.932034], [6.095141, 49.931915], [6.09519, 49.93171], [6.095194, 49.931686], [6.095186, 49.931664], [6.095098, 49.931576], [6.094961, 49.93147], [6.094812, 49.931393], [6.094721, 49.93135], [6.094648, 49.931324], [6.094381, 49.93129], [6.094309, 49.93126], [6.094271, 49.931236], [6.09421, 49.931213], [6.094126, 49.931206], [6.094065, 49.931194], [6.094034, 49.93118], [6.094015, 49.93116], [6.09403, 49.93116], [6.094046, 49.931114], [6.094072, 49.930965], [6.09408, 49.93094], [6.094103, 49.93093], [6.094122, 49.930935], [6.09416, 49.930946], [6.094183, 49.930954], [6.09421, 49.930965], [6.094236, 49.930965], [6.094267, 49.930958], [6.094286, 49.930946], [6.094297, 49.930935], [6.094324, 49.93085], [6.094339, 49.9307], [6.094336, 49.930573], [6.094328, 49.930416], [6.094381, 49.9304], [6.094461, 49.930347], [6.094481, 49.930325], [6.094488, 49.93029], [6.094488, 49.930237], [6.094481, 49.930195], [6.094465, 49.930183], [6.094412, 49.930122], [6.094278, 49.930004], [6.094271, 49.929993], [6.094267, 49.92997], [6.094313, 49.929947], [6.094347, 49.929924], [6.094355, 49.9299], [6.094366, 49.92982], [6.094393, 49.92971], [6.094423, 49.929615], [6.094431, 49.929573], [6.094435, 49.929523], [6.094435, 49.92949], [6.094423, 49.929478], [6.094374, 49.929455], [6.094439, 49.92931], [6.094488, 49.929157], [6.094534, 49.929], [6.09458, 49.928944], [6.094656, 49.928856], [6.094847, 49.92867], [6.094912, 49.92861], [6.095041, 49.928535], [6.095148, 49.928463], [6.095194, 49.928425], [6.095285, 49.928314], [6.09532, 49.928265], [6.095365, 49.928204], [6.095392, 49.928116], [6.095427, 49.92801], [6.095468, 49.927944], [6.095526, 49.927895], [6.095671, 49.92781], [6.095835, 49.92774], [6.09593, 49.927685], [6.095972, 49.927643], [6.096029, 49.92757], [6.096102, 49.927452], [6.096155, 49.927376], [6.096159, 49.927357], [6.096163, 49.927322], [6.096136, 49.92728], [6.09609, 49.927242], [6.096052, 49.92722], [6.095987, 49.927204], [6.095934, 49.927193], [6.095884, 49.927174], [6.095423, 49.926903], [6.095404, 49.92685], [6.095373, 49.92675], [6.095346, 49.926548], [6.095331, 49.92646], [6.095343, 49.926407], [6.0954, 49.92627], [6.09551, 49.92603], [6.09556, 49.925983], [6.095678, 49.92591], [6.09572, 49.925877], [6.095766, 49.925835], [6.095808, 49.925755], [6.09582, 49.925648], [6.09582, 49.925636], [6.095808, 49.92548], [6.095797, 49.925415], [6.095789, 49.92534], [6.095793, 49.925198], [6.095793, 49.92511], [6.095774, 49.925007], [6.095755, 49.92492], [6.095739, 49.92484], [6.095739, 49.924778], [6.095755, 49.924686], [6.095777, 49.924618], [6.095816, 49.92452], [6.095839, 49.92449], [6.095865, 49.92447], [6.096033, 49.92438], [6.096155, 49.92433], [6.096266, 49.92429], [6.096285, 49.92428], [6.0963, 49.924263], [6.096323, 49.92424], [6.096354, 49.92422], [6.096388, 49.924206], [6.096598, 49.924168], [6.096869, 49.924175], [6.097376, 49.924232], [6.098234, 49.92427], [6.098265, 49.924282], [6.098303, 49.9243], [6.098333, 49.92431], [6.098356, 49.92431], [6.098875, 49.924232], [6.099146, 49.92419], [6.099363, 49.92413], [6.099546, 49.92407], [6.099783, 49.923946], [6.099897, 49.92386], [6.10008, 49.92367], [6.100252, 49.923466], [6.100416, 49.923332], [6.100569, 49.92322], [6.100641, 49.923172], [6.100721, 49.923115], [6.100885, 49.92302], [6.101, 49.922947], [6.101046, 49.92292], [6.101194, 49.92286], [6.101572, 49.92273], [6.101908, 49.922607], [6.102056, 49.92256], [6.102255, 49.9225], [6.102415, 49.92248], [6.102629, 49.922462], [6.102861, 49.922432], [6.103014, 49.922417], [6.103128, 49.922405], [6.103315, 49.922344], [6.103525, 49.922268], [6.103632, 49.922245], [6.103773, 49.922222], [6.103949, 49.9222], [6.104132, 49.92216], [6.104189, 49.922157], [6.104345, 49.922153], [6.104406, 49.922146], [6.104456, 49.92213], [6.104544, 49.922073], [6.104639, 49.922016], [6.104944, 49.92184], [6.105078, 49.92177], [6.105112, 49.921753], [6.105143, 49.92175], [6.105207, 49.921806], [6.105253, 49.92185], [6.105291, 49.921856], [6.105337, 49.921856], [6.105448, 49.92184], [6.105596, 49.921814], [6.105715, 49.92179], [6.106031, 49.9217], [6.106207, 49.92163], [6.106386, 49.92155], [6.106424, 49.921528], [6.106489, 49.921494], [6.106546, 49.921467], [6.106619, 49.92145], [6.106657, 49.92144], [6.106707, 49.921425], [6.106756, 49.9214], [6.106798, 49.921364], [6.106863, 49.921318], [6.10689, 49.92131], [6.106989, 49.92131], [6.107214, 49.921303], [6.107275, 49.92129], [6.10737, 49.921265], [6.107462, 49.921223], [6.107534, 49.921207], [6.107687, 49.921192], [6.10776, 49.921177], [6.107878, 49.921158], [6.107962, 49.921143], [6.108046, 49.92113], [6.108061, 49.921127], [6.10811, 49.921112], [6.108152, 49.921093], [6.108221, 49.921043], [6.108305, 49.920967], [6.108355, 49.920933], [6.108439, 49.920883], [6.108576, 49.92081], [6.108629, 49.920773], [6.108671, 49.920734], [6.108713, 49.920673], [6.10874, 49.920624], [6.108755, 49.920574], [6.108763, 49.920498], [6.108763, 49.920406], [6.10874, 49.920242], [6.108725, 49.92016], [6.108644, 49.919956], [6.108648, 49.919914], [6.108656, 49.91988], [6.108679, 49.91985], [6.108706, 49.91981], [6.108736, 49.919785], [6.108805, 49.91974], [6.108931, 49.91967], [6.109114, 49.919586], [6.109469, 49.919456], [6.110117, 49.919197], [6.110216, 49.91915], [6.110323, 49.91912], [6.110521, 49.91908], [6.110731, 49.91903], [6.111059, 49.918934], [6.111216, 49.918884], [6.111452, 49.91884], [6.111536, 49.918816], [6.111666, 49.918785], [6.111734, 49.918766], [6.111799, 49.918755], [6.112001, 49.91873], [6.112158, 49.91871], [6.112291, 49.91869], [6.112425, 49.91869], [6.112516, 49.918705], [6.112677, 49.91874], [6.112875, 49.918793], [6.112986, 49.918823], [6.113058, 49.91884], [6.113134, 49.918846], [6.113226, 49.918854], [6.113329, 49.918858], [6.113501, 49.918846], [6.113676, 49.91884], [6.114046, 49.918823], [6.114489, 49.918816], [6.114878, 49.91882], [6.115198, 49.918827], [6.115557, 49.91884], [6.116209, 49.91888], [6.116423, 49.918896], [6.116476, 49.918907], [6.116617, 49.918938], [6.116739, 49.91898], [6.116831, 49.919014], [6.116957, 49.91908], [6.117002, 49.919113], [6.117094, 49.9192], [6.117113, 49.919197], [6.117498, 49.919106], [6.11759, 49.919067], [6.117762, 49.91897], [6.118032, 49.918777], [6.118223, 49.918636], [6.118238, 49.91861], [6.118689, 49.918167], [6.118727, 49.918144], [6.118734, 49.918125], [6.118597, 49.918087], [6.118769, 49.917824], [6.118837, 49.91772], [6.118742, 49.91774], [6.11809, 49.91788], [6.11717, 49.918083], [6.117155, 49.918102], [6.117147, 49.918175], [6.117128, 49.91822], [6.11709, 49.91826], [6.117029, 49.918285], [6.116949, 49.91831], [6.11688, 49.918316], [6.116816, 49.918312], [6.116751, 49.918297], [6.116667, 49.91826], [6.116583, 49.918198], [6.116491, 49.918118], [6.116365, 49.918007], [6.116262, 49.91793], [6.116198, 49.917896], [6.116125, 49.917873], [6.116049, 49.917862], [6.115976, 49.91787], [6.115892, 49.91788], [6.115755, 49.917908], [6.115671, 49.91791], [6.115602, 49.917908], [6.115507, 49.91789], [6.115442, 49.91787], [6.115389, 49.917847], [6.115347, 49.91782], [6.115313, 49.91779], [6.115286, 49.91775], [6.115164, 49.917522], [6.115099, 49.917423], [6.115049, 49.91737], [6.114992, 49.91733], [6.114958, 49.917313], [6.114912, 49.917294], [6.114737, 49.917263], [6.114599, 49.917244], [6.114042, 49.917206], [6.113962, 49.9172], [6.113878, 49.91718], [6.113798, 49.91715], [6.113722, 49.917114], [6.113676, 49.917088], [6.113615, 49.917038], [6.113581, 49.917004], [6.113554, 49.91696], [6.113527, 49.916904], [6.113504, 49.916817], [6.113478, 49.91669], [6.113451, 49.916534], [6.11344, 49.91645], [6.113459, 49.91645], [6.11368, 49.916443], [6.113836, 49.91643], [6.113913, 49.916416], [6.113977, 49.916393], [6.114073, 49.91633], [6.114134, 49.916252], [6.114164, 49.91614], [6.114195, 49.91604], [6.11421, 49.915966], [6.114244, 49.9159], [6.114283, 49.91583], [6.114469, 49.91551], [6.114508, 49.91543], [6.114534, 49.915314], [6.114542, 49.915264], [6.114576, 49.915134], [6.114618, 49.915016], [6.114675, 49.914898], [6.114824, 49.914635], [6.114901, 49.91447], [6.114973, 49.914257], [6.115053, 49.913975], [6.115164, 49.91349], [6.11524, 49.91309], [6.115267, 49.912926], [6.115271, 49.912838], [6.115274, 49.91241], [6.115778, 49.912373], [6.115824, 49.9122], [6.115862, 49.91198], [6.115885, 49.91168], [6.115595, 49.91172], [6.115255, 49.911774], [6.114855, 49.911835], [6.114534, 49.91188], [6.114309, 49.911915], [6.114107, 49.911926], [6.113878, 49.91192], [6.113733, 49.91191], [6.113604, 49.911892], [6.113569, 49.911865], [6.113508, 49.91168], [6.113489, 49.9116], [6.113462, 49.911476], [6.113401, 49.91108], [6.113344, 49.910526], [6.113314, 49.910385], [6.113276, 49.910275], [6.113237, 49.9102], [6.11318, 49.910126], [6.113108, 49.910065], [6.11305, 49.910027], [6.112974, 49.909992], [6.112947, 49.909966], [6.112844, 49.90991], [6.112646, 49.90983], [6.112467, 49.909775], [6.112307, 49.909733], [6.112219, 49.90972], [6.112169, 49.90971], [6.111898, 49.909683], [6.111757, 49.90968], [6.111502, 49.909687], [6.111254, 49.90971], [6.111006, 49.909748], [6.110769, 49.90979], [6.110498, 49.909855], [6.110346, 49.909904], [6.110201, 49.90996], [6.110098, 49.910015], [6.110033, 49.910057], [6.109987, 49.910088], [6.109903, 49.910137], [6.109816, 49.91018], [6.109671, 49.91023], [6.109541, 49.910267], [6.109495, 49.91029], [6.109426, 49.910343], [6.109362, 49.910408], [6.109285, 49.91049], [6.109243, 49.910538], [6.109217, 49.91057], [6.109137, 49.910675], [6.109117, 49.910694], [6.108961, 49.91068], [6.108828, 49.910645], [6.108728, 49.910603], [6.10866, 49.91057], [6.10861, 49.91052], [6.108599, 49.910477], [6.108629, 49.910465], [6.108866, 49.91038], [6.109053, 49.9103], [6.109236, 49.910194], [6.109423, 49.910057], [6.109575, 49.909966], [6.109781, 49.90989], [6.109915, 49.90984], [6.110033, 49.90977], [6.110228, 49.90964], [6.110426, 49.909485], [6.11067, 49.909294], [6.11072, 49.90925], [6.110819, 49.90917], [6.111067, 49.908962], [6.110899, 49.908955], [6.110834, 49.90895], [6.11146, 49.908615], [6.111761, 49.90845], [6.111948, 49.908333], [6.112204, 49.90815], [6.112364, 49.908016], [6.112486, 49.908115], [6.112486, 49.908215], [6.112501, 49.908302], [6.113092, 49.908302], [6.113401, 49.90831], [6.113745, 49.908333], [6.114, 49.90836], [6.114306, 49.908405], [6.11466, 49.908474], [6.115, 49.90856], [6.115595, 49.908745], [6.116003, 49.908867], [6.116144, 49.908897], [6.116606, 49.90896], [6.117022, 49.909027], [6.117247, 49.909058], [6.117418, 49.909077], [6.117643, 49.90909], [6.11783, 49.909092], [6.118036, 49.90909], [6.118368, 49.909077], [6.118429, 49.909058], [6.118612, 49.908955], [6.118734, 49.908867], [6.118811, 49.908802], [6.118891, 49.908703], [6.118925, 49.908646], [6.118952, 49.908577], [6.119001, 49.90842], [6.119062, 49.908157], [6.119089, 49.908077], [6.119131, 49.90799], [6.119234, 49.907845], [6.118471, 49.90717], [6.118322, 49.907036], [6.117983, 49.90671], [6.117853, 49.9067], [6.117849, 49.90667], [6.117788, 49.906425], [6.117731, 49.906315], [6.117666, 49.906208], [6.117621, 49.906147], [6.117456, 49.90597], [6.11735, 49.90587], [6.117338, 49.905857], [6.117098, 49.905663], [6.11801, 49.905136], [6.118116, 49.905067], [6.118597, 49.90475], [6.119005, 49.904457], [6.119509, 49.90408], [6.119886, 49.903847], [6.120417, 49.903557], [6.12108, 49.903275], [6.121767, 49.90302], [6.122488, 49.90283], [6.123259, 49.902668], [6.123667, 49.902603], [6.124464, 49.90254], [6.124765, 49.90252], [6.125021, 49.902534], [6.125769, 49.90258], [6.12594, 49.902603], [6.126497, 49.90264], [6.126966, 49.90268], [6.127111, 49.90269], [6.127245, 49.9027], [6.127707, 49.902706], [6.12789, 49.902714], [6.127996, 49.902714], [6.128126, 49.902706], [6.12837, 49.902683], [6.128675, 49.90265], [6.128839, 49.902634], [6.129015, 49.90262], [6.129068, 49.90263], [6.129213, 49.90266], [6.129606, 49.90261], [6.130014, 49.902584], [6.130346, 49.902584], [6.13061, 49.90262], [6.131014, 49.902687], [6.131189, 49.902687], [6.131384, 49.902645], [6.131399, 49.902596], [6.131411, 49.902554], [6.131617, 49.90226], [6.131716, 49.902264], [6.13172, 49.902233], [6.13172, 49.902195], [6.131529, 49.902187], [6.131399, 49.90196], [6.130964, 49.901344], [6.130674, 49.90096], [6.130526, 49.900803], [6.130476, 49.900753], [6.130617, 49.900616], [6.130545, 49.90058], [6.130148, 49.900406], [6.129652, 49.90008], [6.129465, 49.89997], [6.129023, 49.899704], [6.128954, 49.89966], [6.128878, 49.89961], [6.128706, 49.899494], [6.128355, 49.89924], [6.12797, 49.898975], [6.12715, 49.89842], [6.127317, 49.898308], [6.127482, 49.898197], [6.127256, 49.898026], [6.127085, 49.897884], [6.127001, 49.897804], [6.126928, 49.89771], [6.126856, 49.897587], [6.126783, 49.897453], [6.126734, 49.897343], [6.1266, 49.896988], [6.126551, 49.896873], [6.126413, 49.896572], [6.126261, 49.89628], [6.126116, 49.896008], [6.125959, 49.895786], [6.125803, 49.895573], [6.125734, 49.895477], [6.125639, 49.89537], [6.125509, 49.895245], [6.125635, 49.895187], [6.125704, 49.895145], [6.125876, 49.895023], [6.125589, 49.894783], [6.125566, 49.894753], [6.125555, 49.89472], [6.125551, 49.894684], [6.12557, 49.894535], [6.125616, 49.894268], [6.125669, 49.894005], [6.125723, 49.893803], [6.125765, 49.89367], [6.125845, 49.89345], [6.125895, 49.893337], [6.125971, 49.893173], [6.125979, 49.89315], [6.126329, 49.893215], [6.12668, 49.893288], [6.126856, 49.89331], [6.126997, 49.893322], [6.127134, 49.89333], [6.127218, 49.893333], [6.127256, 49.893333], [6.127283, 49.89334], [6.127344, 49.893353], [6.127482, 49.893387], [6.127523, 49.89339], [6.127539, 49.893387], [6.127554, 49.89339], [6.12768, 49.893433], [6.127817, 49.893486], [6.127859, 49.89351], [6.12797, 49.893597], [6.128046, 49.893642], [6.128138, 49.893684], [6.12818, 49.89371], [6.128222, 49.893772], [6.128263, 49.893818], [6.128324, 49.89387], [6.128485, 49.89383], [6.128656, 49.893795], [6.12879, 49.89377], [6.129137, 49.893707], [6.1294, 49.893997], [6.129732, 49.894382], [6.130545, 49.894394], [6.130892, 49.894184], [6.131098, 49.8949], [6.131197, 49.895233], [6.131254, 49.895344], [6.131411, 49.895622], [6.13164, 49.89597], [6.131987, 49.896206], [6.132048, 49.89625], [6.13212, 49.896297], [6.132177, 49.896336], [6.132406, 49.896523], [6.132605, 49.896675], [6.132731, 49.896774], [6.132811, 49.896828], [6.133905, 49.89737], [6.134199, 49.897533], [6.134527, 49.897724], [6.134569, 49.897755], [6.134607, 49.897793], [6.134649, 49.897877], [6.134729, 49.89801], [6.134851, 49.898163], [6.135004, 49.898327], [6.134981, 49.898438], [6.135477, 49.89867], [6.135538, 49.898636], [6.13558, 49.89861], [6.135641, 49.898552], [6.135675, 49.898525], [6.135687, 49.898514], [6.135694, 49.89846], [6.13571, 49.898445], [6.135729, 49.898434], [6.135782, 49.898422], [6.135828, 49.898396], [6.135908, 49.8983], [6.13595, 49.898273], [6.136209, 49.89815], [6.13624, 49.89813], [6.136274, 49.89811], [6.136301, 49.898098], [6.136316, 49.898083], [6.136347, 49.89806], [6.136389, 49.898037], [6.136484, 49.898], [6.136576, 49.897934], [6.136606, 49.897926], [6.136656, 49.897915], [6.13669, 49.8979], [6.136793, 49.897835], [6.13682, 49.897827], [6.136869, 49.89782], [6.136892, 49.897816], [6.136938, 49.897797], [6.136988, 49.897762], [6.13703, 49.89773], [6.137056, 49.89772], [6.13714, 49.89771], [6.13719, 49.8977], [6.137236, 49.89768], [6.13727, 49.897636], [6.137289, 49.89762], [6.13732, 49.897606], [6.137354, 49.8976], [6.137468, 49.89759], [6.137518, 49.89757], [6.137629, 49.89752], [6.137674, 49.8975], [6.137827, 49.89746], [6.137953, 49.89741], [6.13801, 49.897396], [6.138102, 49.897385], [6.138136, 49.897385], [6.138182, 49.897373], [6.138304, 49.897324], [6.138407, 49.897285], [6.138449, 49.897266], [6.138521, 49.897255], [6.138624, 49.897247], [6.138735, 49.89723], [6.138792, 49.897213], [6.138819, 49.8972], [6.138857, 49.897205], [6.138907, 49.897194], [6.138964, 49.897175], [6.139032, 49.897156], [6.139078, 49.897137], [6.139135, 49.89713], [6.139177, 49.89712], [6.139219, 49.897102], [6.139261, 49.897095], [6.139303, 49.897083], [6.139315, 49.897064], [6.139334, 49.897022], [6.139349, 49.896996], [6.139387, 49.89697], [6.139452, 49.89694], [6.139574, 49.896893], [6.139749, 49.896812], [6.139852, 49.89676], [6.13991, 49.896732], [6.140036, 49.896683], [6.140093, 49.896656], [6.140196, 49.896603], [6.140242, 49.89657], [6.140276, 49.89653], [6.140303, 49.89649], [6.140314, 49.896477], [6.140364, 49.89645], [6.14044, 49.896427], [6.14057, 49.89638], [6.140638, 49.896343], [6.140718, 49.896294], [6.140837, 49.89621], [6.140917, 49.896164], [6.141027, 49.89609], [6.141092, 49.896053], [6.141161, 49.89603], [6.141264, 49.896008], [6.141359, 49.89599], [6.141474, 49.89598], [6.141581, 49.895977], [6.141661, 49.895966], [6.141718, 49.895954], [6.141775, 49.895947], [6.141863, 49.89594], [6.141951, 49.89593], [6.142008, 49.89593], [6.142057, 49.89594], [6.142107, 49.895943], [6.142164, 49.895943], [6.14226, 49.895927], [6.142336, 49.895912], [6.142416, 49.8959], [6.142519, 49.895893], [6.142614, 49.89589], [6.142721, 49.89588], [6.142786, 49.89587], [6.142851, 49.89585], [6.142904, 49.895832], [6.142958, 49.89582], [6.142988, 49.895817], [6.143057, 49.89582], [6.143114, 49.895832], [6.143202, 49.895855], [6.143339, 49.895916], [6.143446, 49.895954], [6.14353, 49.89598], [6.143621, 49.896004], [6.143728, 49.896023], [6.143805, 49.896046], [6.143869, 49.896072], [6.143961, 49.896095], [6.144041, 49.896114], [6.144083, 49.89613], [6.144152, 49.89615], [6.144251, 49.89617], [6.144567, 49.896202], [6.144594, 49.896103], [6.144674, 49.89589], [6.144712, 49.89581], [6.144808, 49.895668], [6.144979, 49.89544], [6.145086, 49.895317], [6.145128, 49.895275], [6.145369, 49.895096], [6.145872, 49.8943], [6.145945, 49.89413], [6.146025, 49.89392], [6.146135, 49.8937], [6.146177, 49.893627], [6.146223, 49.893555], [6.146357, 49.893375], [6.146276, 49.893356], [6.144751, 49.892975], [6.144842, 49.89274], [6.144464, 49.89265], [6.144323, 49.89262], [6.144197, 49.89261], [6.14398, 49.89259], [6.14332, 49.89219], [6.142992, 49.892345], [6.142672, 49.89247], [6.14253, 49.892517], [6.141474, 49.89244], [6.14131, 49.892437], [6.140875, 49.892483], [6.140631, 49.892506], [6.140474, 49.89252], [6.139887, 49.89238], [6.139792, 49.89234], [6.139593, 49.892258], [6.139051, 49.892143], [6.138926, 49.89212], [6.138632, 49.89208], [6.138502, 49.89205], [6.138273, 49.891994], [6.138128, 49.891956], [6.138002, 49.89191], [6.137983, 49.891895], [6.137976, 49.89185], [6.137941, 49.891674], [6.137918, 49.89157], [6.137915, 49.89154], [6.137896, 49.891525], [6.137789, 49.89147], [6.137781, 49.891407], [6.13801, 49.891438], [6.138723, 49.891533], [6.138937, 49.891285], [6.138941, 49.891254], [6.138937, 49.891125], [6.138945, 49.890884], [6.139807, 49.89084], [6.140207, 49.890816], [6.140608, 49.89078], [6.140585, 49.89071], [6.141027, 49.89052], [6.141401, 49.890373], [6.141645, 49.890293], [6.14184, 49.89024], [6.142038, 49.890194], [6.142221, 49.89016], [6.142355, 49.890152], [6.142576, 49.89015], [6.142801, 49.89015], [6.142813, 49.89009], [6.142817, 49.890022], [6.142817, 49.88996], [6.143457, 49.89008], [6.143801, 49.89015], [6.144312, 49.890278], [6.144796, 49.890408], [6.144869, 49.89043], [6.145517, 49.890614], [6.145834, 49.89071], [6.146238, 49.89082], [6.146765, 49.89095], [6.146776, 49.890907], [6.14681, 49.890785], [6.146833, 49.890682], [6.14686, 49.890568], [6.146887, 49.89047], [6.147177, 49.89034], [6.147303, 49.890263], [6.147489, 49.890125], [6.147688, 49.889957], [6.14789, 49.88979], [6.148104, 49.889618], [6.148176, 49.88957], [6.148245, 49.889523], [6.148432, 49.889412], [6.149305, 49.888958], [6.149538, 49.888847], [6.149752, 49.888763], [6.150248, 49.888573], [6.15048, 49.8886], [6.151056, 49.888245], [6.151602, 49.887897], [6.151682, 49.88783], [6.151815, 49.887672], [6.152311, 49.887035], [6.152365, 49.886963], [6.152685, 49.886547], [6.153017, 49.88608], [6.153067, 49.886], [6.153398, 49.885654], [6.153543, 49.885513], [6.153799, 49.8853], [6.154425, 49.884693], [6.154799, 49.884377], [6.155424, 49.883907], [6.1556, 49.883793], [6.155626, 49.88383], [6.155684, 49.883877], [6.155798, 49.883907], [6.155912, 49.883926], [6.156027, 49.883938], [6.156061, 49.883915], [6.156656, 49.883675], [6.15735, 49.883404], [6.158655, 49.882915], [6.158255, 49.882412], [6.159002, 49.8822], [6.15933, 49.8821], [6.159433, 49.882084], [6.159647, 49.882076], [6.160021, 49.88206], [6.160166, 49.88205], [6.160315, 49.88203], [6.160524, 49.882], [6.160616, 49.88198], [6.160704, 49.88195], [6.161451, 49.881668], [6.16263, 49.88188], [6.163439, 49.882027], [6.1635, 49.882034], [6.163534, 49.882034], [6.163672, 49.882023], [6.164015, 49.881985], [6.164137, 49.88197], [6.164351, 49.88195], [6.164511, 49.882378], [6.164866, 49.882282], [6.165148, 49.8822], [6.165522, 49.882072], [6.16564, 49.882023], [6.166037, 49.881752], [6.165682, 49.881462], [6.166231, 49.881115], [6.166575, 49.880905], [6.166788, 49.88076], [6.166826, 49.880733], [6.166864, 49.880703], [6.166922, 49.88067], [6.16712, 49.880527], [6.167437, 49.880333], [6.168089, 49.87995], [6.168543, 49.879707], [6.168928, 49.879513], [6.169168, 49.879402], [6.169642, 49.87922], [6.17016, 49.87901], [6.17021, 49.878994], [6.17042, 49.878918], [6.1709, 49.878784], [6.171038, 49.878742], [6.171183, 49.878685], [6.171419, 49.878563], [6.171591, 49.878475], [6.171911, 49.878304], [6.172251, 49.878094], [6.172609, 49.877876], [6.172854, 49.877724], [6.173105, 49.877934], [6.173307, 49.87783], [6.173452, 49.87776], [6.173635, 49.8777], [6.173845, 49.877632], [6.173902, 49.87761], [6.173994, 49.87756], [6.174097, 49.87751], [6.174246, 49.87748], [6.174406, 49.87744], [6.17457, 49.877384], [6.174658, 49.877346], [6.174738, 49.877296], [6.174776, 49.87727], [6.174898, 49.87719], [6.175169, 49.87699], [6.17536, 49.876972], [6.17555, 49.876953], [6.175585, 49.876953], [6.175608, 49.876965], [6.175947, 49.876938], [6.176172, 49.876923], [6.176382, 49.87691], [6.176401, 49.876907], [6.176428, 49.876907], [6.176539, 49.876896], [6.1765, 49.87682], [6.176451, 49.87663], [6.176432, 49.87653], [6.176409, 49.87635], [6.176397, 49.876163], [6.176397, 49.87612], [6.176405, 49.875877], [6.176409, 49.87564], [6.176413, 49.87559], [6.17642, 49.875393], [6.176447, 49.875126], [6.176626, 49.875122], [6.176813, 49.875122], [6.176989, 49.875126], [6.177698, 49.87513], [6.177664, 49.87474], [6.177637, 49.874416], [6.177622, 49.87407], [6.177607, 49.873775], [6.178316, 49.873844], [6.178518, 49.873863], [6.178686, 49.87388], [6.178949, 49.8739], [6.179254, 49.873928], [6.179899, 49.873985], [6.180017, 49.8737], [6.180075, 49.87357], [6.180101, 49.873505], [6.180231, 49.87327], [6.180319, 49.87312], [6.180338, 49.873085], [6.180403, 49.872974], [6.180536, 49.872738], [6.180548, 49.87272], [6.180597, 49.872635], [6.18062, 49.872604], [6.180632, 49.872578], [6.180658, 49.872524], [6.180487, 49.872482], [6.180277, 49.872437], [6.180025, 49.87238], [6.179914, 49.872353], [6.179918, 49.87234], [6.17993, 49.872322], [6.180033, 49.87234], [6.180323, 49.8724], [6.180494, 49.87243], [6.180662, 49.872437], [6.180902, 49.87244], [6.181047, 49.872475], [6.181658, 49.872627], [6.182062, 49.872723], [6.182508, 49.87281], [6.183241, 49.87293], [6.183718, 49.873005], [6.184305, 49.87309], [6.184572, 49.87311], [6.184694, 49.87311], [6.184782, 49.873104], [6.184858, 49.873085], [6.184935, 49.87306], [6.185015, 49.873013], [6.185106, 49.87295], [6.185202, 49.87288], [6.185354, 49.87275], [6.185747, 49.8724], [6.186094, 49.872093], [6.186472, 49.87178], [6.186541, 49.871742], [6.186689, 49.871693], [6.187079, 49.871567], [6.187403, 49.87148], [6.187536, 49.871456], [6.187586, 49.871452], [6.187716, 49.871464], [6.187818, 49.871464], [6.187876, 49.871475], [6.18812, 49.87123], [6.188162, 49.87114], [6.18825, 49.87111], [6.188341, 49.871002], [6.188261, 49.870983], [6.188459, 49.87081], [6.18852, 49.870728], [6.189581, 49.870815], [6.189501, 49.87109], [6.189402, 49.87122], [6.189268, 49.87134], [6.189005, 49.871548], [6.188902, 49.87162], [6.18886, 49.87165], [6.1887, 49.87177], [6.188623, 49.871845], [6.188574, 49.871944], [6.188513, 49.87209], [6.188452, 49.87233], [6.188456, 49.87239], [6.188498, 49.87244], [6.188597, 49.8725], [6.18878, 49.87258], [6.188913, 49.872646], [6.189161, 49.87279], [6.189409, 49.872913], [6.189493, 49.872963], [6.189539, 49.87301], [6.189573, 49.873055], [6.189604, 49.873135], [6.18965, 49.873337], [6.189695, 49.873493], [6.189722, 49.873554], [6.189779, 49.87363], [6.189962, 49.873863], [6.190042, 49.873985], [6.190065, 49.874043], [6.190069, 49.874077], [6.190058, 49.87412], [6.190081, 49.874126], [6.190249, 49.874157], [6.190329, 49.87417], [6.190294, 49.874413], [6.190229, 49.87463], [6.189997, 49.87518], [6.189714, 49.875805], [6.189314, 49.876682], [6.188559, 49.87839], [6.188256, 49.879025], [6.188162, 49.879223], [6.187944, 49.879772], [6.188044, 49.879837], [6.188257, 49.87974], [6.188387, 49.879707], [6.188406, 49.879704], [6.188467, 49.879696], [6.188528, 49.879696], [6.188578, 49.8797], [6.188658, 49.87973], [6.188761, 49.879784], [6.188887, 49.87987], [6.188963, 49.87994], [6.189058, 49.880074], [6.189093, 49.880108], [6.189596, 49.880722], [6.189676, 49.88069], [6.189978, 49.8811], [6.190172, 49.88141], [6.190226, 49.881516], [6.190119, 49.882458], [6.190149, 49.882713], [6.19034, 49.883205], [6.190363, 49.88327], [6.190535, 49.88361], [6.191011, 49.884243], [6.19105, 49.88429], [6.191572, 49.88513], [6.191816, 49.88546], [6.192095, 49.885838], [6.192617, 49.88646], [6.19282, 49.886803], [6.192976, 49.887062], [6.19364, 49.886826], [6.19401, 49.886692], [6.194113, 49.88666], [6.193781, 49.88623], [6.194159, 49.886086], [6.194483, 49.88596], [6.19459, 49.88592], [6.194876, 49.885807], [6.195394, 49.885605], [6.195452, 49.885582], [6.195509, 49.885563], [6.195555, 49.885544], [6.195936, 49.885395], [6.19597, 49.88538], [6.196363, 49.88523], [6.19676, 49.88508], [6.198362, 49.884464], [6.198423, 49.88444], [6.198774, 49.884842], [6.199915, 49.886143], [6.200163, 49.886055], [6.20019, 49.886047], [6.200331, 49.88617], [6.200705, 49.88649], [6.201055, 49.886883], [6.201441, 49.887333], [6.201456, 49.887356], [6.201734, 49.887672], [6.201899, 49.88782], [6.202082, 49.887993], [6.202425, 49.88828], [6.202719, 49.88823], [6.202906, 49.88819], [6.203302, 49.888115], [6.20373, 49.888065], [6.204104, 49.888023], [6.204428, 49.887894], [6.204458, 49.887913], [6.204603, 49.888012], [6.204947, 49.888283], [6.205339, 49.888577], [6.206373, 49.88841], [6.206415, 49.8884], [6.206507, 49.888382], [6.206675, 49.888348], [6.207376, 49.888187], [6.207823, 49.888027], [6.207964, 49.887978], [6.208345, 49.887817], [6.208368, 49.887806], [6.208399, 49.88783], [6.208651, 49.88798], [6.208757, 49.888046], [6.209314, 49.888454], [6.209406, 49.88852], [6.2096, 49.888668], [6.209894, 49.888893], [6.210245, 49.889133], [6.210531, 49.8893], [6.211161, 49.889675], [6.211546, 49.88987], [6.211847, 49.890026], [6.211943, 49.89007], [6.212301, 49.89026], [6.212511, 49.89037], [6.213282, 49.890766], [6.213881, 49.89108], [6.214232, 49.891296], [6.214483, 49.891457], [6.21456, 49.891502], [6.215147, 49.89184], [6.21578, 49.89221], [6.216818, 49.892803], [6.217253, 49.893055], [6.21765, 49.893135], [6.218061, 49.893234], [6.218439, 49.893265], [6.218615, 49.893276], [6.219458, 49.893173], [6.219759, 49.893135], [6.220182, 49.893085], [6.220907, 49.893013], [6.221777, 49.892925], [6.22352, 49.892925], [6.224028, 49.892895], [6.22431, 49.89288], [6.225771, 49.892647], [6.226996, 49.89261], [6.22724, 49.8927], [6.227716, 49.892788], [6.22862, 49.892673], [6.228666, 49.89274], [6.228746, 49.89286], [6.228903, 49.893093], [6.229086, 49.893368], [6.229357, 49.893764], [6.229456, 49.89392], [6.22949, 49.89396], [6.229822, 49.894363], [6.229845, 49.894394], [6.229872, 49.894424], [6.229917, 49.89448], [6.229959, 49.894535], [6.230166, 49.894787], [6.230196, 49.894825], [6.230631, 49.895344], [6.230772, 49.89551], [6.231165, 49.895885], [6.231276, 49.896088], [6.231546, 49.896576], [6.23171, 49.896866], [6.232115, 49.897335], [6.232222, 49.89745], [6.232401, 49.89763], [6.232435, 49.897663], [6.232489, 49.89768], [6.232576, 49.897705], [6.232832, 49.897785], [6.233034, 49.897846], [6.234026, 49.89816], [6.234476, 49.8983], [6.234495, 49.89833], [6.234617, 49.898537], [6.234663, 49.898613], [6.234682, 49.898647], [6.234827, 49.898865], [6.234861, 49.898884], [6.234926, 49.898926], [6.235365, 49.899126], [6.235762, 49.899008], [6.236242, 49.898725], [6.236406, 49.898626], [6.237043, 49.898115], [6.237402, 49.897814], [6.237631, 49.897612], [6.237825, 49.897417], [6.237951, 49.897295], [6.237986, 49.897264], [6.238039, 49.897219], [6.238363, 49.89699], [6.238436, 49.896936], [6.238531, 49.896883], [6.239023, 49.896643], [6.239302, 49.896513], [6.239439, 49.896456], [6.239882, 49.89628], [6.240126, 49.896185], [6.240457, 49.896093], [6.240816, 49.89604], [6.241129, 49.895983], [6.241514, 49.895906], [6.241869, 49.895815], [6.242025, 49.895773], [6.242151, 49.895746], [6.242311, 49.895716], [6.242392, 49.895708], [6.242639, 49.895685], [6.243181, 49.895647], [6.243429, 49.89562], [6.243624, 49.895597], [6.243872, 49.895578], [6.244043, 49.895563], [6.244673, 49.89554], [6.245886, 49.895506], [6.246004, 49.895502], [6.246187, 49.895426], [6.246336, 49.895414], [6.246565, 49.895288], [6.246622, 49.89525], [6.246805, 49.895117], [6.246904, 49.895048], [6.24703, 49.894957], [6.247061, 49.894922], [6.247118, 49.894857], [6.247141, 49.894819], [6.247229, 49.894606], [6.247255, 49.894545], [6.247389, 49.894304], [6.247412, 49.894274], [6.247534, 49.89414], [6.247728, 49.893915], [6.248121, 49.893473], [6.248297, 49.893351], [6.248732, 49.893072], [6.249105, 49.892832], [6.249189, 49.892771], [6.249517, 49.892508], [6.249712, 49.892267], [6.24975, 49.892099], [6.24988, 49.891935], [6.249971, 49.891745], [6.250166, 49.891321], [6.250219, 49.891066], [6.250238, 49.890974], [6.250261, 49.890863], [6.25028, 49.890749], [6.250303, 49.890638], [6.250315, 49.890505], [6.250334, 49.89044], [6.250361, 49.89039], [6.250399, 49.890356], [6.25046, 49.890318], [6.250631, 49.890223], [6.250803, 49.890146], [6.251261, 49.889944], [6.251387, 49.889883], [6.252008, 49.889582], [6.252096, 49.88954], [6.252359, 49.889414], [6.252512, 49.889334], [6.252794, 49.889185], [6.252989, 49.889059], [6.253225, 49.888971], [6.253275, 49.888948], [6.253332, 49.888926], [6.253706, 49.888739], [6.253843, 49.888678], [6.254034, 49.888601], [6.254206, 49.888533], [6.254885, 49.888262], [6.254953, 49.888235], [6.25532, 49.888071], [6.25543, 49.888018], [6.255716, 49.88785], [6.255949, 49.887751], [6.256094, 49.887636], [6.256361, 49.887423], [6.256548, 49.887224], [6.256597, 49.88719], [6.25664, 49.887117], [6.256678, 49.887098], [6.256853, 49.886938], [6.256868, 49.886888], [6.257052, 49.886721], [6.257219, 49.886564], [6.257265, 49.886522], [6.257364, 49.886465], [6.257555, 49.886252], [6.257769, 49.886122], [6.257906, 49.885935], [6.258001, 49.885805], [6.258051, 49.885683], [6.258116, 49.885549], [6.258173, 49.88537], [6.258215, 49.885229], [6.258242, 49.885134], [6.258249, 49.885107], [6.258303, 49.884924], [6.25831, 49.884893], [6.258329, 49.884836], [6.258341, 49.88479], [6.258364, 49.88471], [6.258379, 49.884668], [6.258398, 49.884603], [6.258425, 49.88452], [6.258436, 49.884481], [6.258497, 49.884325], [6.258509, 49.884298], [6.258516, 49.884275], [6.25857, 49.884157], [6.258619, 49.884069], [6.258631, 49.884031], [6.258699, 49.883741], [6.258669, 49.883703], [6.258902, 49.883272], [6.259039, 49.883177], [6.2591, 49.883066], [6.259169, 49.88302], [6.259272, 49.882956], [6.259333, 49.882956], [6.259649, 49.882727], [6.259775, 49.882685], [6.259733, 49.882669], [6.259977, 49.882555], [6.260748, 49.882196], [6.260805, 49.882177], [6.261236, 49.881792], [6.26132, 49.881712], [6.26137, 49.881659], [6.261412, 49.88159], [6.261446, 49.881502], [6.26148, 49.881388], [6.261484, 49.881346], [6.261484, 49.881292], [6.261476, 49.881266], [6.261454, 49.881189], [6.261587, 49.881006], [6.261656, 49.880991], [6.261927, 49.88085], [6.261988, 49.880827], [6.262068, 49.8808], [6.262297, 49.880739], [6.262381, 49.88072], [6.262487, 49.880697], [6.262575, 49.880732], [6.262941, 49.880732], [6.263178, 49.880659], [6.263441, 49.880579], [6.263491, 49.880526], [6.26359, 49.88051], [6.264318, 49.880262], [6.264574, 49.88019], [6.264898, 49.880117], [6.2651, 49.880091], [6.265371, 49.880003], [6.265493, 49.879957], [6.265558, 49.879923], [6.265879, 49.879816], [6.266123, 49.879732], [6.266424, 49.879614], [6.266466, 49.87953], [6.266573, 49.879511], [6.266703, 49.879488], [6.266874, 49.879507], [6.267305, 49.879435], [6.267695, 49.87937], [6.267809, 49.879381], [6.268137, 49.879324], [6.268911, 49.879122], [6.269152, 49.879057], [6.269278, 49.879007], [6.2694, 49.878981], [6.269567, 49.878923], [6.270136, 49.878729], [6.270266, 49.878675], [6.270365, 49.878626], [6.270647, 49.878473], [6.271231, 49.878118], [6.271746, 49.877829], [6.271826, 49.877787], [6.272207, 49.877581], [6.272303, 49.877531], [6.272455, 49.877451], [6.272695, 49.877321], [6.273111, 49.877104], [6.273527, 49.877062], [6.2736, 49.877047], [6.273802, 49.877001], [6.273993, 49.876959], [6.274076, 49.876951], [6.274427, 49.876944], [6.274679, 49.876947], [6.275007, 49.876898], [6.275061, 49.876856], [6.275217, 49.876841], [6.275534, 49.876749], [6.275797, 49.876688], [6.275866, 49.876684], [6.276049, 49.876699], [6.276094, 49.876707], [6.276239, 49.876745], [6.276724, 49.876905], [6.277147, 49.877088], [6.277708, 49.87731], [6.277956, 49.877413], [6.278151, 49.8775], [6.278311, 49.877581], [6.278589, 49.877714], [6.278742, 49.877798], [6.278814, 49.877863], [6.278845, 49.877905], [6.278879, 49.877962], [6.279066, 49.878145], [6.279318, 49.878336], [6.27949, 49.878435], [6.27968, 49.878519], [6.279837, 49.878569], [6.280012, 49.878622], [6.280081, 49.878637], [6.280161, 49.878653], [6.280546, 49.878714], [6.280821, 49.878744], [6.28092, 49.878752], [6.281008, 49.878763], [6.281084, 49.878775], [6.281134, 49.878779], [6.281202, 49.878779], [6.281355, 49.878775], [6.281454, 49.878763], [6.281656, 49.87874], [6.282049, 49.878687], [6.28229, 49.878656], [6.282427, 49.878637], [6.282538, 49.878614], [6.282583, 49.878603], [6.282705, 49.878569], [6.282762, 49.878542], [6.282808, 49.878523], [6.282865, 49.878485], [6.282896, 49.87847], [6.283056, 49.878351], [6.283194, 49.878153], [6.28332, 49.877977], [6.28343, 49.877813], [6.283579, 49.877653], [6.28359, 49.877634], [6.283617, 49.877607], [6.283636, 49.877584], [6.283922, 49.87726], [6.28417, 49.876986], [6.28422, 49.876932], [6.284231, 49.876921], [6.284452, 49.876738], [6.284628, 49.8766], [6.284922, 49.87628], [6.285078, 49.876108], [6.285269, 49.87591], [6.285318, 49.87586], [6.285414, 49.875769], [6.285524, 49.875677], [6.285627, 49.875589], [6.285646, 49.87557], [6.285669, 49.875547], [6.285696, 49.875524], [6.285738, 49.875486], [6.285768, 49.875464], [6.285788, 49.875448], [6.285864, 49.875391], [6.285891, 49.875376], [6.285955, 49.875349], [6.286001, 49.875326], [6.286024, 49.875315], [6.286051, 49.875299], [6.286104, 49.875269], [6.2862, 49.875216], [6.286257, 49.875181], [6.28631, 49.875151], [6.286375, 49.875112], [6.286417, 49.87509], [6.286562, 49.87504], [6.28655, 49.875021], [6.286776, 49.874975], [6.287142, 49.874899], [6.287195, 49.874926], [6.287546, 49.875013], [6.287939, 49.875071], [6.288195, 49.875097], [6.288317, 49.875093], [6.288759, 49.875109], [6.288889, 49.875105], [6.289053, 49.875116], [6.289282, 49.875109], [6.289618, 49.875082], [6.289823, 49.875051], [6.290026, 49.875009], [6.290091, 49.874991], [6.290117, 49.874983], [6.290434, 49.874895], [6.290705, 49.874811], [6.290857, 49.874746], [6.291277, 49.874613], [6.291483, 49.874472], [6.291696, 49.874247], [6.29178, 49.873995], [6.29178, 49.873854], [6.291708, 49.873758], [6.291628, 49.87361], [6.291582, 49.873339], [6.291498, 49.873114], [6.291426, 49.872946], [6.291391, 49.872721], [6.291399, 49.872557], [6.291403, 49.872408], [6.291418, 49.872191], [6.291437, 49.87192], [6.291452, 49.871759], [6.291506, 49.871542], [6.291548, 49.871382], [6.291624, 49.871118], [6.291704, 49.87097], [6.29183, 49.870779], [6.291933, 49.870592], [6.29207, 49.870367], [6.292181, 49.870184], [6.292345, 49.869959], [6.292524, 49.869703], [6.292719, 49.869451], [6.292826, 49.869322], [6.292833, 49.869284], [6.292818, 49.869268], [6.292917, 49.8692], [6.292986, 49.86912], [6.29307, 49.86902], [6.293192, 49.868887], [6.293325, 49.86873], [6.293478, 49.868563], [6.29365, 49.868399], [6.293779, 49.868292], [6.293867, 49.868231], [6.294027, 49.868097], [6.294172, 49.86799], [6.294287, 49.867884], [6.294413, 49.867773], [6.294554, 49.867613], [6.294767, 49.867445], [6.294912, 49.867311], [6.295073, 49.867186], [6.295172, 49.867106], [6.295294, 49.867041], [6.295519, 49.866911], [6.295721, 49.866754], [6.295855, 49.866674], [6.296015, 49.866598], [6.296282, 49.866445], [6.296453, 49.866381], [6.296656, 49.866301], [6.296888, 49.866205], [6.297129, 49.86614], [6.297308, 49.866114], [6.297594, 49.866072], [6.297876, 49.866064], [6.298227, 49.866068], [6.298559, 49.866106], [6.2988, 49.866114], [6.29915, 49.866144], [6.299517, 49.86619], [6.299826, 49.866224], [6.300035, 49.866266], [6.300322, 49.866343], [6.300585, 49.866419], [6.300718, 49.866457], [6.300829, 49.866487], [6.30097, 49.866533], [6.300997, 49.866594], [6.301245, 49.866671], [6.301489, 49.866774], [6.301519, 49.86677], [6.301848, 49.866922], [6.302092, 49.867056], [6.302107, 49.867094], [6.302256, 49.867159], [6.302584, 49.867334], [6.302664, 49.867369], [6.302854, 49.867464], [6.303125, 49.867609], [6.303469, 49.867804], [6.30385, 49.868006], [6.304033, 49.868097], [6.304159, 49.868151], [6.304297, 49.868223], [6.304373, 49.868242], [6.304586, 49.868349], [6.304659, 49.868395], [6.304823, 49.868475], [6.304968, 49.868532], [6.305292, 49.868712], [6.305624, 49.868856], [6.305792, 49.86891], [6.306089, 49.869055], [6.306238, 49.869124], [6.306604, 49.869276], [6.306803, 49.869352], [6.307097, 49.869448], [6.307272, 49.869513], [6.307386, 49.869551], [6.307604, 49.869597], [6.307829, 49.869627], [6.308126, 49.869677], [6.30831, 49.869711], [6.308649, 49.869768], [6.308886, 49.869791], [6.309179, 49.869848], [6.309385, 49.869883], [6.309732, 49.869886], [6.310064, 49.869883], [6.310621, 49.869802], [6.310911, 49.869654], [6.311163, 49.86949], [6.311411, 49.869341], [6.311735, 49.869131], [6.311899, 49.868986], [6.312109, 49.868837], [6.31233, 49.868647], [6.312529, 49.868463], [6.312769, 49.868231], [6.312933, 49.868063], [6.313143, 49.867823], [6.313318, 49.867621], [6.31344, 49.867483], [6.313562, 49.867262], [6.313681, 49.867083], [6.313742, 49.86693], [6.313788, 49.866751], [6.313925, 49.866449], [6.314012, 49.86622], [6.314051, 49.86606], [6.31415, 49.865808], [6.314169, 49.865667], [6.314196, 49.865538], [6.314226, 49.865397], [6.314287, 49.865316], [6.314325, 49.865099], [6.31431, 49.864889], [6.314245, 49.864672], [6.314184, 49.864477], [6.314131, 49.864283], [6.314051, 49.864096], [6.313986, 49.863836], [6.313871, 49.863523], [6.313788, 49.86326], [6.313692, 49.863035], [6.313635, 49.862837], [6.313559, 49.862669], [6.31349, 49.862486], [6.313456, 49.862341], [6.31344, 49.862253], [6.313436, 49.862166], [6.31341, 49.862112], [6.313417, 49.861998], [6.313421, 49.861895], [6.313444, 49.861753], [6.313467, 49.861635], [6.313471, 49.861509], [6.313459, 49.861372], [6.313479, 49.861319], [6.313498, 49.861231], [6.313543, 49.861101], [6.313574, 49.860998], [6.313585, 49.860887], [6.313665, 49.860773], [6.313703, 49.860689], [6.313757, 49.860548], [6.313814, 49.86043], [6.313875, 49.860289], [6.314016, 49.860064], [6.314093, 49.859949], [6.314135, 49.859884], [6.314123, 49.859882], [6.314062, 49.85987], [6.31386, 49.859768], [6.313681, 49.859726], [6.313486, 49.859676], [6.313452, 49.85967], [6.31323, 49.859604], [6.313021, 49.85953], [6.312803, 49.859447], [6.312551, 49.859352], [6.312429, 49.859303], [6.312387, 49.859276], [6.311998, 49.85904], [6.311464, 49.858902], [6.311304, 49.858837], [6.310858, 49.858654], [6.310755, 49.85862], [6.310121, 49.858368], [6.310003, 49.858315], [6.309572, 49.858112], [6.309343, 49.858], [6.309053, 49.857872], [6.308569, 49.85769], [6.307997, 49.85747], [6.307451, 49.857254], [6.307756, 49.85685], [6.308195, 49.856274], [6.308367, 49.85604], [6.308432, 49.85595], [6.308752, 49.85555], [6.308828, 49.855453], [6.308897, 49.855362], [6.309031, 49.855194], [6.309221, 49.85493], [6.309755, 49.85392], [6.309751, 49.85387], [6.309683, 49.85281], [6.309664, 49.852566], [6.309881, 49.852108], [6.310011, 49.851826], [6.310038, 49.85172], [6.310103, 49.851444], [6.310121, 49.85138], [6.310137, 49.851315], [6.310209, 49.851063], [6.310335, 49.850655], [6.310404, 49.850346], [6.310419, 49.8503], [6.310446, 49.85011], [6.310434, 49.849422], [6.310423, 49.848995], [6.310423, 49.848915], [6.310419, 49.848785], [6.310408, 49.848335], [6.310396, 49.847797], [6.309473, 49.847805], [6.309034, 49.847805], [6.308859, 49.847794], [6.308363, 49.84776], [6.308058, 49.847733], [6.307798, 49.847706], [6.307291, 49.847622], [6.306734, 49.847504], [6.306509, 49.847336], [6.305948, 49.84699], [6.305803, 49.84688], [6.305636, 49.846756], [6.305532, 49.846664], [6.305448, 49.846542], [6.305418, 49.846478], [6.30538, 49.84637], [6.305342, 49.846363], [6.305239, 49.846333], [6.305078, 49.84629], [6.30501, 49.846275], [6.304949, 49.84627], [6.304869, 49.846294], [6.304552, 49.84637], [6.30438, 49.846413], [6.304041, 49.846474], [6.303751, 49.846523], [6.303579, 49.84656], [6.303434, 49.846596], [6.303297, 49.846638], [6.303049, 49.84671], [6.302813, 49.846775], [6.302698, 49.84681], [6.302622, 49.846848], [6.302519, 49.84689], [6.302454, 49.846928], [6.302359, 49.84699], [6.302259, 49.84703], [6.301973, 49.84715], [6.301844, 49.847206], [6.301691, 49.84729], [6.30134, 49.84749], [6.301142, 49.84761], [6.300947, 49.84773], [6.300852, 49.847786], [6.300787, 49.847816], [6.300676, 49.84785], [6.300558, 49.847885], [6.300386, 49.847927], [6.300314, 49.84795], [6.300253, 49.847973], [6.300196, 49.848007], [6.300157, 49.848022], [6.300112, 49.848038], [6.300047, 49.848057], [6.300005, 49.84808], [6.299959, 49.84812], [6.299837, 49.848255], [6.299803, 49.84829], [6.299765, 49.8483], [6.299704, 49.848312], [6.299536, 49.848324], [6.299307, 49.84835], [6.299013, 49.848385], [6.298822, 49.84841], [6.298506, 49.848465], [6.29825, 49.848537], [6.298201, 49.848545], [6.298136, 49.84854], [6.297949, 49.84853], [6.297701, 49.848515], [6.297453, 49.848507], [6.297262, 49.8485], [6.297117, 49.848503], [6.297026, 49.84849], [6.296949, 49.848473], [6.296797, 49.848408], [6.296537, 49.84829], [6.296331, 49.848206], [6.296167, 49.84814], [6.296068, 49.84811], [6.295801, 49.848057], [6.295664, 49.848026], [6.295496, 49.847977], [6.29532, 49.84793], [6.294928, 49.84785], [6.294779, 49.847816], [6.294657, 49.847786], [6.294344, 49.8477], [6.294088, 49.847626], [6.293928, 49.847572], [6.293814, 49.84754], [6.293585, 49.847523], [6.293508, 49.84751], [6.293421, 49.847492], [6.293337, 49.84748], [6.293241, 49.847473], [6.293158, 49.847485], [6.293055, 49.847507], [6.293028, 49.847515], [6.292917, 49.84752], [6.292807, 49.847538], [6.292749, 49.847546], [6.292624, 49.84755], [6.292517, 49.84757], [6.292372, 49.847595], [6.292181, 49.847645], [6.29209, 49.847656], [6.291704, 49.84768], [6.291586, 49.84768], [6.291391, 49.847668], [6.291315, 49.847668], [6.291216, 49.84768], [6.29109, 49.8477], [6.290998, 49.847702], [6.290937, 49.847706], [6.290831, 49.8477], [6.290754, 49.847694], [6.290655, 49.8477], [6.290514, 49.847706], [6.290094, 49.847713], [6.289793, 49.847713], [6.28961, 49.847717], [6.289526, 49.847713], [6.28948, 49.847706], [6.2894, 49.84769], [6.289225, 49.84764], [6.2889, 49.84756], [6.28874, 49.847534], [6.288557, 49.847507], [6.288347, 49.847485], [6.288233, 49.847466], [6.288156, 49.847446], [6.287798, 49.847343], [6.287672, 49.8473], [6.28742, 49.84723], [6.287283, 49.84719], [6.287176, 49.847164], [6.287088, 49.847145], [6.286966, 49.847126], [6.286757, 49.847107], [6.286646, 49.8471], [6.286619, 49.847084], [6.286577, 49.84709], [6.286528, 49.847103], [6.286303, 49.847107], [6.28615, 49.847107], [6.286062, 49.84711], [6.285891, 49.84712], [6.285756, 49.84713], [6.285665, 49.847137], [6.285642, 49.84714], [6.285601, 49.847145], [6.285444, 49.847157], [6.285326, 49.847168], [6.284998, 49.8472], [6.284742, 49.84722], [6.284601, 49.847233], [6.284563, 49.847237], [6.284468, 49.847244], [6.284372, 49.847256], [6.284262, 49.847263], [6.284166, 49.84727], [6.283976, 49.84729], [6.283915, 49.847298], [6.283735, 49.847313], [6.283697, 49.847313], [6.283407, 49.847339], [6.283323, 49.847347], [6.283266, 49.84735], [6.283182, 49.847358], [6.283041, 49.84737], [6.283022, 49.847374], [6.282977, 49.847377], [6.282877, 49.847385], [6.282511, 49.84743], [6.282393, 49.847441], [6.282126, 49.84748], [6.281954, 49.847504], [6.28163, 49.847546], [6.281535, 49.84756], [6.281496, 49.847565], [6.281389, 49.847576], [6.28097, 49.84763], [6.280684, 49.847668], [6.280436, 49.8477], [6.280195, 49.84773], [6.280171, 49.847733], [6.279764, 49.847786], [6.279287, 49.847847], [6.279051, 49.847878], [6.278994, 49.847885], [6.278944, 49.847893], [6.278849, 49.847916], [6.278719, 49.847942], [6.278238, 49.84805], [6.277983, 49.848106], [6.277762, 49.848156], [6.277514, 49.84821], [6.277247, 49.848267], [6.277105, 49.84827], [6.27696, 49.84832], [6.276915, 49.848328], [6.276144, 49.848415], [6.275591, 49.84848], [6.275087, 49.848537], [6.275011, 49.848534], [6.274977, 49.84855], [6.274935, 49.848545], [6.274797, 49.84855], [6.274511, 49.84859], [6.274416, 49.848602], [6.274103, 49.848648], [6.273886, 49.848675], [6.272322, 49.848892], [6.271524, 49.848995], [6.271318, 49.84902], [6.27112, 49.84904], [6.270933, 49.849064], [6.270552, 49.849094], [6.270338, 49.849113], [6.269991, 49.84914], [6.269663, 49.849167], [6.269545, 49.84918], [6.269518, 49.849182], [6.269319, 49.849003], [6.268957, 49.848694], [6.268885, 49.848644], [6.268675, 49.848537], [6.268358, 49.848373], [6.267786, 49.848087], [6.26745, 49.847916], [6.267061, 49.84765], [6.266806, 49.847477], [6.266821, 49.847466], [6.266901, 49.847404], [6.266966, 49.847355], [6.267019, 49.847313], [6.266844, 49.847218], [6.266123, 49.84683], [6.265619, 49.846558], [6.265576, 49.846536], [6.265486, 49.84649], [6.265459, 49.846472], [6.265417, 49.846443], [6.264502, 49.845943], [6.264055, 49.845703], [6.263422, 49.84537], [6.263323, 49.84532], [6.262987, 49.845146], [6.2628, 49.845047], [6.262781, 49.84503], [6.263239, 49.84464], [6.263704, 49.844223], [6.264509, 49.84349], [6.264624, 49.84337], [6.264898, 49.84309], [6.265291, 49.84272], [6.265886, 49.84215], [6.266024, 49.842026], [6.266046, 49.841988], [6.266073, 49.84195], [6.266169, 49.841896], [6.266321, 49.841824], [6.266531, 49.841747], [6.266973, 49.84162], [6.267885, 49.841366], [6.268423, 49.841232], [6.268736, 49.84119], [6.269041, 49.84116], [6.269308, 49.84115], [6.269636, 49.841152], [6.270418, 49.841194], [6.270643, 49.8412], [6.270792, 49.8412], [6.27096, 49.84118], [6.271143, 49.84115], [6.271456, 49.841087], [6.271429, 49.841072], [6.271223, 49.84094], [6.270666, 49.840576], [6.270086, 49.8402], [6.269262, 49.839664], [6.269197, 49.839615], [6.268984, 49.839478], [6.268877, 49.83941], [6.268412, 49.83911], [6.268328, 49.839058], [6.267939, 49.83881], [6.26782, 49.838734], [6.267729, 49.838673], [6.26755, 49.838562], [6.267408, 49.838474], [6.267149, 49.838306], [6.267111, 49.838284], [6.266962, 49.83819], [6.266604, 49.83796], [6.266302, 49.83777], [6.266024, 49.837593], [6.265989, 49.83757], [6.265478, 49.837254], [6.264875, 49.836864], [6.264113, 49.836372], [6.263857, 49.8362], [6.26367, 49.83608], [6.263334, 49.835854], [6.263224, 49.83578], [6.262838, 49.835533], [6.262087, 49.83504], [6.261023, 49.834347], [6.260958, 49.8343], [6.260511, 49.83401], [6.2605, 49.834003], [6.260088, 49.833725], [6.259661, 49.83344], [6.2595, 49.833332], [6.259348, 49.833233], [6.258799, 49.832863], [6.258375, 49.83258], [6.258223, 49.83248], [6.257936, 49.832302], [6.257666, 49.832123], [6.257467, 49.831993], [6.257105, 49.83175], [6.257009, 49.831688], [6.2568, 49.831547], [6.256022, 49.831028], [6.255991, 49.831005], [6.255446, 49.830643], [6.255171, 49.83046], [6.254892, 49.830276], [6.254675, 49.830135], [6.254694, 49.830013], [6.25469, 49.829967], [6.254808, 49.8291], [6.254824, 49.828964], [6.254877, 49.828568], [6.254961, 49.828064], [6.255003, 49.82778], [6.255045, 49.827534], [6.255125, 49.827026], [6.255205, 49.826485], [6.255293, 49.825977], [6.255373, 49.825447], [6.255449, 49.82503], [6.255529, 49.824486], [6.25559, 49.82412], [6.255602, 49.82406], [6.255617, 49.823956], [6.255655, 49.823727], [6.255659, 49.823692], [6.25569, 49.8235], [6.255693, 49.823486], [6.256052, 49.823395], [6.256601, 49.823227], [6.256926, 49.82312], [6.257254, 49.823025], [6.257662, 49.822937], [6.258459, 49.822773], [6.258856, 49.822662], [6.25963, 49.82244], [6.260191, 49.822304], [6.261667, 49.822033], [6.262087, 49.821926], [6.263243, 49.821644], [6.264254, 49.82141], [6.264696, 49.82132], [6.26549, 49.821182], [6.265779, 49.821136], [6.266657, 49.8211], [6.267858, 49.821068], [6.26882, 49.82106], [6.268911, 49.821087], [6.269754, 49.821053], [6.270159, 49.821297], [6.270193, 49.82132], [6.270285, 49.821312], [6.270346, 49.8213], [6.27043, 49.821274], [6.270334, 49.821266], [6.270205, 49.821182], [6.270147, 49.82113], [6.270033, 49.82096], [6.269953, 49.82083], [6.26988, 49.82077], [6.269793, 49.820744], [6.269739, 49.82072], [6.269739, 49.820675], [6.269796, 49.820557], [6.269819, 49.82047], [6.2698, 49.820385], [6.269735, 49.820274], [6.269693, 49.82021], [6.269682, 49.820152], [6.269712, 49.8201], [6.269789, 49.820045], [6.269815, 49.819996], [6.269815, 49.819923], [6.269766, 49.81984], [6.269628, 49.819675], [6.269507, 49.819603], [6.269335, 49.819534], [6.269262, 49.819473], [6.269251, 49.819405], [6.269239, 49.81919], [6.269213, 49.819115], [6.269178, 49.819077], [6.269113, 49.819016], [6.269033, 49.818985], [6.268953, 49.818947], [6.268923, 49.81892], [6.268896, 49.81883], [6.268854, 49.818703], [6.26882, 49.818657], [6.268724, 49.81858], [6.268614, 49.818512], [6.268591, 49.81848], [6.268579, 49.818436], [6.268583, 49.81838], [6.268614, 49.81831], [6.268698, 49.81816], [6.268713, 49.818115], [6.268721, 49.81804], [6.268755, 49.817955], [6.268705, 49.817856], [6.268682, 49.817825], [6.268675, 49.817795], [6.26885, 49.81742], [6.268862, 49.817314], [6.26885, 49.8172], [6.268778, 49.81703], [6.268766, 49.816936], [6.268759, 49.81684], [6.268774, 49.8168], [6.268816, 49.816788], [6.268976, 49.81681], [6.269014, 49.816807], [6.26903, 49.816788], [6.269018, 49.816757], [6.26882, 49.816635], [6.268759, 49.81658], [6.268736, 49.816544], [6.268751, 49.816498], [6.268747, 49.816467], [6.268713, 49.816452], [6.268675, 49.816452], [6.268618, 49.81645], [6.268579, 49.81643], [6.26856, 49.816406], [6.268553, 49.81634], [6.268545, 49.8163], [6.268499, 49.816257], [6.268412, 49.816208], [6.268213, 49.816154], [6.268022, 49.81611], [6.267977, 49.816093], [6.26795, 49.81607], [6.267954, 49.816017], [6.267954, 49.81597], [6.267904, 49.815937], [6.267813, 49.8159], [6.267668, 49.815865], [6.267588, 49.815826], [6.267523, 49.815773], [6.267496, 49.815727], [6.267485, 49.81565], [6.267492, 49.815548], [6.267492, 49.81553], [6.267488, 49.815514], [6.267466, 49.815506], [6.267427, 49.81552], [6.267405, 49.81552], [6.267374, 49.815514], [6.267336, 49.815483], [6.267294, 49.815453], [6.267267, 49.815422], [6.267157, 49.815357], [6.267145, 49.815346], [6.267134, 49.815327], [6.267115, 49.8153], [6.267092, 49.815277], [6.267061, 49.815254], [6.267038, 49.815247], [6.267, 49.815243], [6.266966, 49.81524], [6.266932, 49.815224], [6.266897, 49.81521], [6.266863, 49.8152], [6.266828, 49.815186], [6.266768, 49.81515], [6.266687, 49.815125], [6.266623, 49.81512], [6.266558, 49.815117], [6.26652, 49.815117], [6.26642, 49.815132], [6.266375, 49.81514], [6.266237, 49.81514], [6.266203, 49.815147], [6.266165, 49.81515], [6.266115, 49.81517], [6.266081, 49.815186], [6.266058, 49.815186], [6.266024, 49.815178], [6.265993, 49.815186], [6.265837, 49.81523], [6.265749, 49.815247], [6.265684, 49.815247], [6.265619, 49.81523], [6.265455, 49.81523], [6.265333, 49.815243], [6.265238, 49.81524], [6.265131, 49.815254], [6.2651, 49.815254], [6.26502, 49.81526], [6.264952, 49.815247], [6.264883, 49.815247], [6.264792, 49.815254], [6.264738, 49.81527], [6.264681, 49.815277], [6.264593, 49.815277], [6.264536, 49.815285], [6.264471, 49.81529], [6.264269, 49.815277], [6.264177, 49.81526], [6.264063, 49.81524], [6.263788, 49.815193], [6.263636, 49.81517], [6.263777, 49.81492], [6.264013, 49.814632], [6.264345, 49.814217], [6.264429, 49.814095], [6.264482, 49.813995], [6.264525, 49.813896], [6.264536, 49.81383], [6.264525, 49.813606], [6.264517, 49.813545], [6.264498, 49.8135], [6.264448, 49.8134], [6.264292, 49.81317], [6.263876, 49.81289], [6.263475, 49.812706], [6.263086, 49.812607], [6.26293, 49.81257], [6.262438, 49.81245], [6.262281, 49.812416], [6.262487, 49.812195], [6.262762, 49.811905], [6.262911, 49.811745], [6.262937, 49.811726], [6.262995, 49.811714], [6.263086, 49.81171], [6.263201, 49.811714], [6.263491, 49.811756], [6.263533, 49.811676], [6.263704, 49.81132], [6.261831, 49.811073], [6.260801, 49.810936], [6.260233, 49.810856], [6.259489, 49.81073], [6.258734, 49.8106], [6.257578, 49.810394], [6.257708, 49.81013], [6.257349, 49.810143], [6.257204, 49.81015], [6.257074, 49.810165], [6.256716, 49.81022], [6.256308, 49.810287], [6.255938, 49.810352], [6.255426, 49.810444], [6.255152, 49.81048], [6.254824, 49.810497], [6.25448, 49.810524], [6.254385, 49.810684], [6.25416, 49.810547], [6.253626, 49.81051], [6.253553, 49.810493], [6.253183, 49.81041], [6.253023, 49.81037], [6.252844, 49.810326], [6.252792, 49.810302], [6.252779, 49.810303], [6.253485, 49.80969], [6.253714, 49.809414], [6.253981, 49.80902], [6.254171, 49.80881], [6.25432, 49.80868], [6.254545, 49.80849], [6.254583, 49.80844], [6.255407, 49.80722], [6.256048, 49.806328], [6.256769, 49.805344], [6.257464, 49.804344], [6.258062, 49.803455], [6.258486, 49.802837], [6.257837, 49.80259], [6.257555, 49.802456], [6.256926, 49.80213], [6.256826, 49.80206], [6.256571, 49.801804], [6.256109, 49.801407], [6.255762, 49.80115], [6.254637, 49.800587], [6.254202, 49.800373], [6.254324, 49.800106], [6.254389, 49.79994], [6.252924, 49.799397], [6.251223, 49.798763], [6.24991, 49.79831], [6.248712, 49.797894], [6.244883, 49.796436], [6.244635, 49.795784], [6.24457, 49.795593], [6.244543, 49.79538], [6.244432, 49.79418], [6.24439, 49.79376], [6.244337, 49.793076], [6.244432, 49.79298], [6.244928, 49.792572], [6.245272, 49.792294], [6.245516, 49.792137], [6.246698, 49.79142], [6.247477, 49.79093], [6.248007, 49.790573], [6.248545, 49.790195], [6.249304, 49.789646], [6.250456, 49.788837], [6.251219, 49.78833], [6.251131, 49.788296], [6.251047, 49.788258], [6.250563, 49.78805], [6.251062, 49.787285], [6.25149, 49.786613], [6.251638, 49.78638], [6.251959, 49.78584], [6.251982, 49.7858], [6.251772, 49.785755], [6.251696, 49.78574], [6.251417, 49.786064], [6.250921, 49.78594], [6.250807, 49.785908], [6.250269, 49.78577], [6.249689, 49.785625], [6.249239, 49.785526], [6.248575, 49.785378], [6.24766, 49.78635], [6.246485, 49.787613], [6.246798, 49.787777], [6.246584, 49.787933], [6.246363, 49.78809], [6.246138, 49.788258], [6.245981, 49.788372], [6.245524, 49.788708], [6.245417, 49.788788], [6.245295, 49.788876], [6.245188, 49.78896], [6.245073, 49.78904], [6.244783, 49.78887], [6.244562, 49.78873], [6.243547, 49.787968], [6.243654, 49.787895], [6.243204, 49.787464], [6.242498, 49.786785], [6.242163, 49.786465], [6.242037, 49.786343], [6.24185, 49.786465], [6.241457, 49.786728], [6.241217, 49.78689], [6.241186, 49.786907], [6.24095, 49.787067], [6.23987, 49.786705], [6.239763, 49.78668], [6.239534, 49.786606], [6.239183, 49.786503], [6.238817, 49.786404], [6.238344, 49.786293], [6.237825, 49.786182], [6.237696, 49.78615], [6.23757, 49.786484], [6.237383, 49.78696], [6.237078, 49.78777], [6.236914, 49.7882], [6.236681, 49.78884], [6.236372, 49.78968], [6.23628, 49.789925], [6.236204, 49.790134], [6.236128, 49.790337], [6.236055, 49.790543], [6.235979, 49.790745], [6.235674, 49.79158], [6.235659, 49.791626], [6.235578, 49.79184], [6.234858, 49.79272], [6.23414, 49.793533], [6.233847, 49.793865], [6.233664, 49.7938], [6.23353, 49.79375], [6.233335, 49.793877], [6.233087, 49.79405], [6.232939, 49.794167], [6.232775, 49.794304], [6.23266, 49.794415], [6.232576, 49.794506], [6.232492, 49.79461], [6.23242, 49.794712], [6.232359, 49.79482], [6.232294, 49.79497], [6.232245, 49.795147], [6.232229, 49.795288], [6.232222, 49.79544], [6.232237, 49.79558], [6.232275, 49.795753], [6.232317, 49.795883], [6.232382, 49.796036], [6.232443, 49.796143], [6.232126, 49.7963], [6.231615, 49.79655], [6.231134, 49.796417], [6.230299, 49.79618], [6.23004, 49.796127], [6.229937, 49.7961], [6.22962, 49.795994], [6.228838, 49.795776], [6.228785, 49.795765], [6.228685, 49.79572], [6.228579, 49.795677], [6.228483, 49.795635], [6.228422, 49.795612], [6.228258, 49.79559], [6.228083, 49.79556], [6.227953, 49.795544], [6.227861, 49.795547], [6.227739, 49.79556], [6.227606, 49.795578], [6.227552, 49.795578], [6.227446, 49.795563], [6.227308, 49.79553], [6.227243, 49.795513], [6.227198, 49.795506], [6.227106, 49.795506], [6.226999, 49.795517], [6.226889, 49.795513], [6.226816, 49.795506], [6.226748, 49.795486], [6.226698, 49.79546], [6.226664, 49.795452], [6.22661, 49.79545], [6.226446, 49.795475], [6.226385, 49.79548], [6.226305, 49.79547], [6.226198, 49.795444], [6.226072, 49.795406], [6.226019, 49.795383], [6.225962, 49.79535], [6.225908, 49.795307], [6.225866, 49.79529], [6.225809, 49.79528], [6.225752, 49.79528], [6.225664, 49.795284], [6.225607, 49.795288], [6.225557, 49.79528], [6.225512, 49.79526], [6.22545, 49.795223], [6.225409, 49.795185], [6.225378, 49.79517], [6.225161, 49.795135], [6.224749, 49.79509], [6.224375, 49.795074], [6.224443, 49.794968], [6.22452, 49.794853], [6.223696, 49.79457], [6.223558, 49.794525], [6.222864, 49.794243], [6.222338, 49.79393], [6.222208, 49.793846], [6.221731, 49.793434], [6.221727, 49.793335], [6.221487, 49.792625], [6.221323, 49.79189], [6.221338, 49.791496], [6.221228, 49.791214], [6.2209, 49.791264], [6.220682, 49.791298], [6.220224, 49.791367], [6.220026, 49.791435], [6.219389, 49.791523], [6.219152, 49.791523], [6.219137, 49.79133], [6.219114, 49.79119], [6.219088, 49.791058], [6.219042, 49.790985], [6.218882, 49.7908], [6.218676, 49.790604], [6.218569, 49.79052], [6.218492, 49.7904], [6.21842, 49.790176], [6.21837, 49.790035], [6.218203, 49.7897], [6.218103, 49.789486], [6.218077, 49.789345], [6.218042, 49.789364], [6.217958, 49.789402], [6.217939, 49.78941], [6.217596, 49.789574], [6.217245, 49.78983], [6.21726, 49.789852], [6.217283, 49.789894], [6.217352, 49.79001], [6.217482, 49.790226], [6.217253, 49.790264], [6.216806, 49.790356], [6.216005, 49.79054], [6.215479, 49.790695], [6.215059, 49.790833], [6.214743, 49.790947], [6.214556, 49.791016], [6.214205, 49.791172], [6.213648, 49.79143], [6.213438, 49.791515], [6.212946, 49.791687], [6.212381, 49.791893], [6.211813, 49.792095], [6.211634, 49.792133], [6.211363, 49.792194], [6.21121, 49.79228], [6.211019, 49.792404], [6.210447, 49.792828], [6.209929, 49.7932], [6.209814, 49.793297], [6.209711, 49.793392], [6.209555, 49.793575], [6.209513, 49.79362], [6.209433, 49.793674], [6.209284, 49.793755], [6.209066, 49.793854], [6.208769, 49.79396], [6.208647, 49.794], [6.208494, 49.794033], [6.208338, 49.794056], [6.208227, 49.79407], [6.208178, 49.794075], [6.208128, 49.794067], [6.208082, 49.79405], [6.207827, 49.79425], [6.207579, 49.794567], [6.207632, 49.794956], [6.2078, 49.79494], [6.208029, 49.794926], [6.208128, 49.794914], [6.208227, 49.79509], [6.20825, 49.79515], [6.208273, 49.79527], [6.208281, 49.795403], [6.208261, 49.795517], [6.208231, 49.795647], [6.208158, 49.795887], [6.208151, 49.795937], [6.208151, 49.795982], [6.20817, 49.796055], [6.20817, 49.796124], [6.208124, 49.79619], [6.208067, 49.79624], [6.207979, 49.796295], [6.207853, 49.796368], [6.207727, 49.796444], [6.207628, 49.79652], [6.207502, 49.796623], [6.207338, 49.796776], [6.207212, 49.796898], [6.207171, 49.79693], [6.207083, 49.796986], [6.206976, 49.797047], [6.206816, 49.797123], [6.206617, 49.79722], [6.20648, 49.797283], [6.206343, 49.79736], [6.206167, 49.797478], [6.205954, 49.797623], [6.205805, 49.79771], [6.205637, 49.797836], [6.205446, 49.797985], [6.205336, 49.797863], [6.204992, 49.798023], [6.204763, 49.79812], [6.20455, 49.798176], [6.204435, 49.7982], [6.204218, 49.798233], [6.203764, 49.79829], [6.203268, 49.798367], [6.202898, 49.798435], [6.202501, 49.798523], [6.202509, 49.798534], [6.202612, 49.798725], [6.202513, 49.798737], [6.202475, 49.79875], [6.202337, 49.798805], [6.202204, 49.79886], [6.202009, 49.79893], [6.201521, 49.79911], [6.201487, 49.79913], [6.200758, 49.799236], [6.199331, 49.799477], [6.197973, 49.79971], [6.197901, 49.799725], [6.197962, 49.799877], [6.198133, 49.800293], [6.198214, 49.800495], [6.198248, 49.80065], [6.198256, 49.800804], [6.198244, 49.800972], [6.198194, 49.801147], [6.198133, 49.80137], [6.198034, 49.801662], [6.19795, 49.80167], [6.197435, 49.801723], [6.197119, 49.801754], [6.196779, 49.80179], [6.196733, 49.801796], [6.196676, 49.8018], [6.19602, 49.80198], [6.195906, 49.802017], [6.195528, 49.8022], [6.195265, 49.80224], [6.195295, 49.802315], [6.195067, 49.80242], [6.19504, 49.802437], [6.194727, 49.80259], [6.194304, 49.802822], [6.194284, 49.802834], [6.194193, 49.80291], [6.194151, 49.802948], [6.194101, 49.802986], [6.194086, 49.803], [6.193991, 49.803078], [6.19375, 49.803276], [6.193522, 49.803467], [6.193499, 49.80346], [6.193418, 49.803436], [6.193277, 49.803406], [6.193144, 49.803375], [6.193014, 49.803345], [6.192789, 49.80329], [6.192541, 49.803215], [6.19245, 49.803192], [6.192125, 49.803093], [6.191828, 49.802986], [6.19166, 49.802925], [6.191614, 49.80291], [6.191187, 49.802734], [6.19105, 49.802856], [6.190962, 49.80296], [6.190828, 49.80316], [6.190718, 49.80332], [6.190878, 49.80343], [6.190866, 49.803463], [6.191271, 49.803642], [6.191549, 49.803818], [6.191694, 49.80391], [6.191904, 49.804077], [6.192015, 49.804207], [6.192121, 49.80435], [6.192121, 49.804417], [6.192121, 49.804543], [6.192125, 49.80459], [6.192079, 49.804626], [6.191908, 49.804626], [6.191664, 49.80462], [6.191454, 49.80459], [6.191198, 49.804535], [6.191095, 49.804512], [6.190977, 49.804485], [6.190874, 49.80446], [6.190741, 49.80442], [6.190622, 49.80439], [6.190474, 49.804344], [6.190416, 49.804333], [6.190309, 49.804314], [6.189676, 49.80517], [6.189485, 49.80542], [6.189413, 49.80552], [6.189299, 49.805676], [6.188906, 49.806206], [6.188761, 49.806385], [6.188742, 49.806416], [6.188658, 49.806404], [6.188684, 49.806458], [6.188868, 49.806767], [6.189165, 49.80723], [6.189432, 49.80767], [6.189627, 49.808], [6.189909, 49.808456], [6.190016, 49.8086], [6.19, 49.808613], [6.190031, 49.80867], [6.19018, 49.808952], [6.190447, 49.808964], [6.190523, 49.808968], [6.190752, 49.808975], [6.190882, 49.808975], [6.190966, 49.808975], [6.191134, 49.8093], [6.191202, 49.80946], [6.191221, 49.809525], [6.191236, 49.80964], [6.191229, 49.80974], [6.191198, 49.809902], [6.191099, 49.810093], [6.190943, 49.810352], [6.191057, 49.810627], [6.191198, 49.81097], [6.191507, 49.81171], [6.191523, 49.811756], [6.191542, 49.811802], [6.191549, 49.811817], [6.191637, 49.812042], [6.191645, 49.812103], [6.191629, 49.81226], [6.191606, 49.812466], [6.191462, 49.812748], [6.191378, 49.812897], [6.191236, 49.81326], [6.191145, 49.81355], [6.191126, 49.81367], [6.191126, 49.813934], [6.191126, 49.8141], [6.19108, 49.814247], [6.190966, 49.814507], [6.190851, 49.814754], [6.190695, 49.81501], [6.190516, 49.81531], [6.190287, 49.8157], [6.190042, 49.81608], [6.189772, 49.816402], [6.189505, 49.816696], [6.189394, 49.816772], [6.189005, 49.817024], [6.18857, 49.81746], [6.188333, 49.817703], [6.188143, 49.817795], [6.187986, 49.81787], [6.187697, 49.818016], [6.187746, 49.818176], [6.187765, 49.81824], [6.187891, 49.81864], [6.188055, 49.81918], [6.188185, 49.819576], [6.188345, 49.820084], [6.188444, 49.82038], [6.188551, 49.820698], [6.1886, 49.82085], [6.18862, 49.82099], [6.188631, 49.82103], [6.188726, 49.821342], [6.188929, 49.8218], [6.189138, 49.822273], [6.188204, 49.822506], [6.187346, 49.82272], [6.185526, 49.823032], [6.18503, 49.822952], [6.184233, 49.82282], [6.183855, 49.822765], [6.183798, 49.822758], [6.183775, 49.822754], [6.182775, 49.82266], [6.181929, 49.8226], [6.181864, 49.822598], [6.180761, 49.82234], [6.179769, 49.822124], [6.178846, 49.82196], [6.178484, 49.821903], [6.178427, 49.82189], [6.177759, 49.821697], [6.176851, 49.82143], [6.175795, 49.821133], [6.175779, 49.82113], [6.175001, 49.820885], [6.172743, 49.82104], [6.170996, 49.82126], [6.168688, 49.821793], [6.167917, 49.822117], [6.167543, 49.82223], [6.166864, 49.82244], [6.165827, 49.822308], [6.164915, 49.82221], [6.164866, 49.8222], [6.164511, 49.822163], [6.164465, 49.82216], [6.164415, 49.82215], [6.164144, 49.82212], [6.162645, 49.822693], [6.16155, 49.821808], [6.160749, 49.821423], [6.160002, 49.82106], [6.159746, 49.82095], [6.158621, 49.820473], [6.157869, 49.820198], [6.156988, 49.819885], [6.156298, 49.81963], [6.155477, 49.81935], [6.154398, 49.819008], [6.154203, 49.81895], [6.153913, 49.818874], [6.153612, 49.818787], [6.152651, 49.818428], [6.152525, 49.818653], [6.152208, 49.81854], [6.152075, 49.818493], [6.151957, 49.81845], [6.151663, 49.818344], [6.151297, 49.818485], [6.151217, 49.818523], [6.151079, 49.81859], [6.150846, 49.818703], [6.150698, 49.818874], [6.150587, 49.81907], [6.150499, 49.819275], [6.150682, 49.819332], [6.150637, 49.81946], [6.150572, 49.819645], [6.150553, 49.81977], [6.150526, 49.82005], [6.150774, 49.82036], [6.150873, 49.820503], [6.150907, 49.820545], [6.150927, 49.820576], [6.150984, 49.820667], [6.150999, 49.820698], [6.151167, 49.821], [6.150705, 49.82144], [6.150679, 49.82147], [6.150446, 49.821697], [6.15048, 49.821888], [6.150522, 49.822136], [6.150568, 49.822277], [6.150614, 49.822433], [6.150629, 49.82247], [6.150732, 49.822758], [6.150755, 49.82283], [6.150774, 49.822876], [6.150553, 49.82325], [6.150103, 49.823994], [6.150091, 49.824017], [6.149763, 49.82463], [6.149477, 49.825157], [6.149134, 49.82566], [6.147913, 49.8264], [6.147814, 49.826366], [6.147581, 49.82629], [6.147459, 49.826252], [6.147032, 49.82612], [6.146715, 49.82604], [6.146414, 49.825962], [6.1462, 49.8262], [6.145981, 49.826443], [6.145959, 49.826466], [6.145716, 49.826736], [6.145264, 49.826496], [6.14466, 49.82619], [6.14413, 49.825897], [6.143568, 49.825596], [6.143257, 49.825447], [6.143158, 49.82541], [6.143032, 49.82537], [6.142972, 49.82536], [6.142889, 49.82534], [6.14275, 49.82532], [6.142557, 49.825287], [6.14233, 49.82523], [6.142198, 49.825184], [6.142178, 49.825176], [6.14208, 49.825146], [6.141514, 49.824917], [6.140979, 49.824703], [6.140352, 49.82446], [6.139879, 49.824272], [6.139661, 49.82417], [6.139307, 49.824005], [6.139043, 49.82387], [6.138689, 49.823666], [6.138582, 49.823605], [6.137832, 49.82316], [6.137354, 49.82285], [6.137209, 49.82275], [6.137062, 49.822655], [6.13662, 49.82236], [6.136001, 49.82206], [6.135467, 49.821747], [6.135144, 49.821552], [6.134924, 49.821423], [6.134617, 49.82123], [6.134393, 49.821125], [6.133977, 49.820942], [6.133816, 49.82087], [6.133266, 49.820595], [6.133092, 49.820507], [6.1329, 49.820404], [6.132708, 49.820274], [6.132439, 49.820084], [6.132075, 49.81982], [6.131862, 49.819637], [6.131688, 49.819496], [6.130775, 49.819084], [6.130729, 49.819054], [6.130685, 49.819103], [6.13058, 49.819088], [6.130391, 49.81905], [6.130227, 49.81901], [6.130161, 49.818985], [6.130083, 49.818954], [6.13006, 49.818935], [6.129956, 49.81885], [6.129911, 49.81881], [6.12985, 49.818764], [6.129747, 49.818707], [6.129654, 49.818645], [6.129583, 49.818577], [6.129497, 49.818493], [6.129395, 49.818447], [6.12932, 49.81839], [6.129249, 49.818367], [6.129155, 49.81832], [6.129042, 49.81828], [6.128984, 49.818264], [6.128767, 49.818237], [6.128704, 49.818222], [6.128563, 49.81818], [6.128412, 49.818157], [6.128328, 49.818134], [6.128287, 49.818115], [6.128264, 49.818104], [6.12825, 49.81808], [6.128254, 49.818], [6.128237, 49.81796], [6.1282, 49.817894], [6.128137, 49.81782], [6.128066, 49.81774], [6.127963, 49.817654], [6.127832, 49.81757], [6.127729, 49.817516], [6.127544, 49.817444], [6.127355, 49.81737], [6.127236, 49.81733], [6.12713, 49.817295], [6.126867, 49.817234], [6.126742, 49.817207], [6.126668, 49.817184], [6.126596, 49.81714], [6.126538, 49.8171], [6.126501, 49.817085], [6.126456, 49.817085], [6.126401, 49.817093], [6.126337, 49.817097], [6.126295, 49.817093], [6.126241, 49.817078], [6.126191, 49.817047], [6.12612, 49.816994], [6.126103, 49.816986], [6.126067, 49.816963], [6.126041, 49.816933], [6.12603, 49.8169], [6.126027, 49.816845], [6.126016, 49.816833], [6.125995, 49.81682], [6.125971, 49.816822], [6.12593, 49.816833], [6.125896, 49.81683], [6.125873, 49.81682], [6.125828, 49.81679], [6.125802, 49.816757], [6.125798, 49.816708], [6.125776, 49.816677], [6.125739, 49.816666], [6.125707, 49.81668], [6.125694, 49.8167], [6.125685, 49.81673], [6.125661, 49.816734], [6.125588, 49.81668], [6.125501, 49.81663], [6.125419, 49.81659], [6.125396, 49.816578], [6.125359, 49.816536], [6.125322, 49.816498], [6.125262, 49.81646], [6.125094, 49.816387], [6.124923, 49.81632], [6.124717, 49.81622], [6.124487, 49.816113], [6.124205, 49.81597], [6.124149, 49.81594], [6.124129, 49.815914], [6.124092, 49.815857], [6.124064, 49.81583], [6.124034, 49.81581], [6.12399, 49.81579], [6.123932, 49.815777], [6.1238, 49.815758], [6.123713, 49.815727], [6.123639, 49.815704], [6.123427, 49.815655], [6.123256, 49.815613], [6.123172, 49.815586], [6.123107, 49.815563], [6.122933, 49.815514], [6.122774, 49.81544], [6.12246, 49.815285], [6.122313, 49.81522], [6.122266, 49.8152], [6.122081, 49.815147], [6.121965, 49.815083], [6.12178, 49.814983], [6.121499, 49.81486], [6.120922, 49.81462], [6.120597, 49.814472], [6.120278, 49.81433], [6.120017, 49.814224], [6.119736, 49.814087], [6.119457, 49.81399], [6.119138, 49.813885], [6.118834, 49.813812], [6.11857, 49.81372], [6.118311, 49.813633], [6.11796, 49.81353], [6.117608, 49.813435], [6.117481, 49.81339], [6.117407, 49.813354], [6.117285, 49.813267], [6.117234, 49.81324], [6.117021, 49.81315], [6.116704, 49.812923], [6.116334, 49.812653], [6.116226, 49.812584], [6.116038, 49.81249], [6.1156, 49.81231], [6.11547, 49.81223], [6.115422, 49.812206], [6.115336, 49.812176], [6.115094, 49.812103], [6.114847, 49.812], [6.114662, 49.811928], [6.113631, 49.81161], [6.113286, 49.811485], [6.113269, 49.811466], [6.113264, 49.811443], [6.11325, 49.811424], [6.113231, 49.81141], [6.113207, 49.811405], [6.113156, 49.811398], [6.113109, 49.811386], [6.112926, 49.811283], [6.112806, 49.811226], [6.112682, 49.811146], [6.112239, 49.81094], [6.112161, 49.8109], [6.112146, 49.810898], [6.111868, 49.810905], [6.111705, 49.810917], [6.111566, 49.8109], [6.111323, 49.810863], [6.111256, 49.81085], [6.111095, 49.810852], [6.110813, 49.81077], [6.110799, 49.810764], [6.110666, 49.810726], [6.110647, 49.81072], [6.110464, 49.810665], [6.110194, 49.810596], [6.109992, 49.810547], [6.109564, 49.810436], [6.109472, 49.810413], [6.109338, 49.81038], [6.109228, 49.810467], [6.108976, 49.81064], [6.108751, 49.810852], [6.10853, 49.811142], [6.108381, 49.811417], [6.108229, 49.811653], [6.108152, 49.811882], [6.108133, 49.81207], [6.108168, 49.81237], [6.10813, 49.812645], [6.108065, 49.81281], [6.107855, 49.812973], [6.10739, 49.813232], [6.106836, 49.813545], [6.106493, 49.81371], [6.106131, 49.813843], [6.106043, 49.813965], [6.105574, 49.814354], [6.105196, 49.814537], [6.105017, 49.814606], [6.104963, 49.81462], [6.104227, 49.814873], [6.103834, 49.814987], [6.103777, 49.814995], [6.103605, 49.815002], [6.103418, 49.815002], [6.103186, 49.814987], [6.102991, 49.814953], [6.102785, 49.814995], [6.1028, 49.814926], [6.101885, 49.81475], [6.101847, 49.81466], [6.101839, 49.814644], [6.100988, 49.81462], [6.100824, 49.81463], [6.099875, 49.81476], [6.099798, 49.814766], [6.099474, 49.814774], [6.099302, 49.814796], [6.099222, 49.8148], [6.098997, 49.814827], [6.098841, 49.814857], [6.098726, 49.814884], [6.098589, 49.81494], [6.098444, 49.814987], [6.098356, 49.814995], [6.098146, 49.81495], [6.098127, 49.81495], [6.097982, 49.81492], [6.097959, 49.81492], [6.097639, 49.814857], [6.097303, 49.81482], [6.097067, 49.814842], [6.096777, 49.814896], [6.096522, 49.814978], [6.096254, 49.815097], [6.095869, 49.815357], [6.095758, 49.81543], [6.095617, 49.815514], [6.094957, 49.816036], [6.094656, 49.81637], [6.094545, 49.81658], [6.094496, 49.816734], [6.094503, 49.816944], [6.094599, 49.817093], [6.094801, 49.81724], [6.095038, 49.817368], [6.095766, 49.817726], [6.096266, 49.81792], [6.096457, 49.81803], [6.09654, 49.818123], [6.096544, 49.8182], [6.096495, 49.818367], [6.096392, 49.81861], [6.096247, 49.818924], [6.095968, 49.81932], [6.095598, 49.819916], [6.095304, 49.820335], [6.09506, 49.82064], [6.09474, 49.820984], [6.09445, 49.821236], [6.094202, 49.821476], [6.093763, 49.82174], [6.093199, 49.82206], [6.092684, 49.822285], [6.091974, 49.822456], [6.091524, 49.822544], [6.091291, 49.82264], [6.091196, 49.82275], [6.091169, 49.822834], [6.091074, 49.822845], [6.09099, 49.822872], [6.090918, 49.822857], [6.090258, 49.822796], [6.089838, 49.822758], [6.089766, 49.822777], [6.08946, 49.822754], [6.089025, 49.822716], [6.087927, 49.82264], [6.08769, 49.82262], [6.087461, 49.822605], [6.086718, 49.822548], [6.086344, 49.82252], [6.085768, 49.822487], [6.085314, 49.822487], [6.084745, 49.822517], [6.084215, 49.8227], [6.083571, 49.822952], [6.083078, 49.823013], [6.08259, 49.82307], [6.082575, 49.823074], [6.082132, 49.823147], [6.081282, 49.82339], [6.080271, 49.823696], [6.07942, 49.824043], [6.077059, 49.82474], [6.076136, 49.824936], [6.074854, 49.825058], [6.072992, 49.825413], [6.072844, 49.82544], [6.072779, 49.82545], [6.072916, 49.825577], [6.073332, 49.825993], [6.073793, 49.826447], [6.073683, 49.827057], [6.07353, 49.82777], [6.074022, 49.828316], [6.074469, 49.828735], [6.074591, 49.82883], [6.074701, 49.82876], [6.074873, 49.828854], [6.074743, 49.829], [6.075064, 49.829197], [6.075048, 49.829453], [6.074568, 49.829556], [6.074076, 49.829315], [6.07329, 49.829525], [6.072405, 49.829758], [6.072496, 49.830006], [6.072069, 49.830013], [6.071119, 49.829994], [6.07107, 49.829994], [6.070391, 49.830036], [6.070311, 49.83004], [6.069429, 49.83008], [6.068663, 49.83012], [6.067881, 49.83016], [6.067091, 49.83017], [6.066904, 49.830177], [6.066374, 49.83019], [6.066324, 49.830193], [6.066301, 49.830193], [6.066145, 49.830196], [6.065939, 49.830204], [6.064371, 49.83036], [6.064062, 49.83091], [6.064016, 49.830936], [6.06394, 49.83093], [6.063932, 49.830956], [6.063932, 49.83097], [6.06391, 49.831226], [6.063879, 49.8316], [6.063887, 49.831814], [6.063891, 49.831944], [6.063894, 49.832], [6.063898, 49.832043], [6.063925, 49.832146], [6.063948, 49.83225], [6.063997, 49.83242], [6.064028, 49.83248], [6.064108, 49.83264], [6.064188, 49.832794], [6.064238, 49.832882], [6.064398, 49.832836], [6.064573, 49.83308], [6.064665, 49.83321], [6.064867, 49.833492], [6.065111, 49.833775], [6.065439, 49.834152], [6.065321, 49.834175], [6.065245, 49.834255], [6.06518, 49.834244], [6.065119, 49.834236], [6.065069, 49.834236], [6.065039, 49.834244], [6.064959, 49.834274], [6.064875, 49.83431], [6.064573, 49.834442], [6.064253, 49.834167], [6.063459, 49.832882], [6.063456, 49.832798], [6.06238, 49.8312], [6.062147, 49.830864], [6.061979, 49.830624], [6.061895, 49.830555], [6.061777, 49.830505], [6.061583, 49.830452], [6.061129, 49.83038], [6.060236, 49.830296], [6.059828, 49.830254], [6.059545, 49.830208], [6.059286, 49.83015], [6.059004, 49.83006], [6.058798, 49.829975], [6.058149, 49.82969], [6.057348, 49.829334], [6.057127, 49.829224], [6.056673, 49.828976], [6.056646, 49.828846], [6.056539, 49.828762], [6.056448, 49.82872], [6.056135, 49.828606], [6.055815, 49.828495], [6.055376, 49.828354], [6.054632, 49.828136], [6.053598, 49.82784], [6.053247, 49.82773], [6.053019, 49.827652], [6.052885, 49.827595], [6.052229, 49.827267], [6.05179, 49.82705], [6.051462, 49.826916], [6.051188, 49.826817], [6.050928, 49.826736], [6.050703, 49.82668], [6.050432, 49.826626], [6.050169, 49.826572], [6.050192, 49.826553], [6.050348, 49.82643], [6.050482, 49.826332], [6.050631, 49.826218], [6.050734, 49.82612], [6.050814, 49.826035], [6.05094, 49.825893], [6.051024, 49.825794], [6.051153, 49.825653], [6.051474, 49.82532], [6.051027, 49.82515], [6.050955, 49.825123], [6.050135, 49.82482], [6.050074, 49.824802], [6.0497, 49.824665], [6.049616, 49.824635], [6.049421, 49.824562], [6.048971, 49.824398], [6.048101, 49.82497], [6.047449, 49.82539], [6.047354, 49.825455], [6.047075, 49.825634], [6.046812, 49.825798], [6.045275, 49.826603], [6.045088, 49.8267], [6.043829, 49.826748], [6.041895, 49.826588], [6.041834, 49.82657], [6.041815, 49.82656], [6.041689, 49.826523], [6.041555, 49.826477], [6.04035, 49.82609], [6.039473, 49.8256], [6.039091, 49.825397], [6.038721, 49.825203], [6.038412, 49.82504], [6.038199, 49.82493], [6.03789, 49.824764], [6.037714, 49.824665], [6.037493, 49.82459], [6.037203, 49.824486], [6.037115, 49.82453], [6.036959, 49.824615], [6.036661, 49.824783], [6.036482, 49.82489], [6.03591, 49.82522], [6.035223, 49.825615], [6.035116, 49.825676], [6.034895, 49.825806], [6.034395, 49.826103], [6.033983, 49.82635], [6.033285, 49.8261], [6.033129, 49.826458], [6.033117, 49.82654], [6.033079, 49.827225], [6.033369, 49.827824], [6.033487, 49.828156], [6.033579, 49.828403], [6.033747, 49.82863], [6.03377, 49.828922], [6.033854, 49.829285], [6.033831, 49.82957], [6.033835, 49.82969], [6.033854, 49.829792], [6.033915, 49.83024], [6.03393, 49.830364], [6.034052, 49.83065], [6.034391, 49.83157], [6.033865, 49.831512], [6.033415, 49.83145], [6.033091, 49.831398], [6.032629, 49.83131], [6.032358, 49.831257], [6.031847, 49.831154], [6.031488, 49.831074], [6.031019, 49.830956], [6.030363, 49.8308], [6.030184, 49.83076], [6.029764, 49.83069], [6.0282, 49.83039], [6.02804, 49.83036], [6.027166, 49.83018], [6.026926, 49.83013], [6.026751, 49.8301], [6.026754, 49.83009], [6.026937, 49.82979], [6.027098, 49.829517], [6.027227, 49.829407], [6.027533, 49.82915], [6.027693, 49.829006], [6.027868, 49.828827], [6.028112, 49.828552], [6.028307, 49.828323], [6.028494, 49.82813], [6.028662, 49.827953], [6.029051, 49.82758], [6.029196, 49.827446], [6.029283, 49.82738], [6.02936, 49.827316], [6.02944, 49.82722], [6.029478, 49.82717], [6.029489, 49.827156], [6.029543, 49.827084], [6.029631, 49.82697], [6.029738, 49.826828], [6.029882, 49.82669], [6.030092, 49.826485], [6.030348, 49.82621], [6.030558, 49.825836], [6.030039, 49.8254], [6.029974, 49.825344], [6.028833, 49.82556], [6.028723, 49.825542], [6.027868, 49.825703], [6.027002, 49.825874], [6.026926, 49.825905], [6.026483, 49.826214], [6.026274, 49.826344], [6.026106, 49.82643], [6.025854, 49.82653], [6.025835, 49.826515], [6.02556, 49.82629], [6.025339, 49.82611], [6.025061, 49.825897], [6.024744, 49.825676], [6.024176, 49.825264], [6.024065, 49.825443], [6.023867, 49.825787], [6.023519, 49.826366], [6.023176, 49.826942], [6.021948, 49.827118], [6.020876, 49.82704], [6.020597, 49.827045], [6.02006, 49.827057], [6.019751, 49.827065], [6.019117, 49.82708], [6.018461, 49.827076], [6.018526, 49.82684], [6.01832, 49.826523], [6.018236, 49.8264], [6.017885, 49.825905], [6.017439, 49.825863], [6.016867, 49.825825], [6.016748, 49.825806], [6.016558, 49.825768], [6.016451, 49.825745], [6.016211, 49.825695], [6.016104, 49.82567], [6.015509, 49.825558], [6.015249, 49.825447], [6.014963, 49.82523], [6.014643, 49.825], [6.014555, 49.824944], [6.014357, 49.824814], [6.014234, 49.824905], [6.013998, 49.824806], [6.013582, 49.82463], [6.013331, 49.824528], [6.013262, 49.824493], [6.013002, 49.82434], [6.012716, 49.824173], [6.01203, 49.823765], [6.012003, 49.823746], [6.011713, 49.823574], [6.011698, 49.823563], [6.011328, 49.82334], [6.011297, 49.823326], [6.010771, 49.823135], [6.010725, 49.823116], [6.010538, 49.823067], [6.010241, 49.823], [6.009981, 49.822956], [6.009951, 49.823006], [6.009775, 49.822983], [6.009714, 49.822952], [6.00968, 49.82291], [6.009657, 49.822895], [6.00963, 49.822884], [6.009569, 49.822884], [6.009516, 49.822887], [6.009478, 49.822884], [6.009455, 49.82288], [6.009436, 49.822884], [6.009417, 49.822895], [6.00939, 49.822918], [6.009375, 49.82293], [6.009352, 49.82293], [6.009314, 49.822926], [6.009287, 49.822914], [6.009264, 49.822914], [6.009226, 49.82293], [6.009199, 49.822933], [6.009161, 49.82293], [6.009146, 49.82293], [6.009134, 49.82294], [6.009111, 49.82295], [6.009066, 49.82295], [6.00905, 49.822952], [6.009028, 49.822952], [6.009001, 49.82295], [6.008966, 49.82294], [6.008936, 49.822937], [6.008905, 49.822926], [6.008879, 49.822914], [6.008818, 49.822865], [6.008787, 49.822853], [6.008764, 49.822857], [6.008745, 49.822845], [6.008692, 49.82283], [6.008646, 49.822823], [6.008616, 49.82282], [6.008585, 49.822826], [6.008558, 49.82283], [6.008543, 49.822838], [6.008528, 49.822845], [6.008501, 49.82287], [6.00847, 49.822884], [6.008436, 49.82289], [6.008406, 49.822903], [6.00839, 49.822918], [6.008364, 49.822933], [6.007784, 49.82294], [6.007685, 49.82294], [6.007624, 49.82292], [6.007547, 49.822926], [6.007513, 49.82292], [6.007471, 49.822914], [6.007391, 49.822914], [6.007338, 49.822906], [6.007223, 49.822914], [6.007189, 49.822918], [6.007155, 49.822914], [6.007116, 49.822906], [6.007067, 49.82289], [6.007036, 49.822884], [6.006998, 49.822887], [6.006975, 49.822895], [6.006956, 49.822903], [6.006933, 49.822906], [6.00688, 49.822903], [6.006788, 49.822895], [6.006746, 49.82289], [6.006712, 49.822903], [6.006678, 49.822903], [6.006636, 49.8229], [6.006586, 49.8229], [6.006544, 49.822903], [6.006491, 49.822906], [6.006456, 49.822906], [6.00635, 49.822884], [6.006296, 49.822865], [6.00625, 49.822865], [6.006197, 49.82287], [6.006163, 49.82287], [6.006117, 49.822857], [6.006082, 49.822857], [6.006006, 49.82287], [6.005968, 49.822872], [6.005922, 49.822884], [6.005873, 49.822903], [6.005846, 49.822865], [6.005835, 49.822845], [6.005808, 49.82281], [6.005701, 49.822662], [6.00567, 49.822613], [6.005632, 49.822536], [6.00556, 49.82238], [6.005522, 49.82228], [6.005499, 49.822193], [6.005491, 49.82202], [6.005735, 49.821896], [6.005129, 49.821724], [6.004488, 49.821568], [6.004282, 49.82147], [6.003901, 49.82129], [6.003771, 49.821198], [6.003752, 49.821182], [6.003691, 49.821133], [6.003595, 49.821053], [6.003435, 49.820904], [6.003305, 49.820778], [6.003218, 49.820694], [6.00305, 49.820526], [6.002928, 49.82041], [6.002871, 49.820366], [6.002817, 49.820335], [6.00268, 49.820267], [6.002508, 49.820183], [6.00242, 49.820145], [6.00231, 49.8201], [6.002211, 49.82007], [6.002077, 49.820026], [6.001867, 49.81996], [6.001314, 49.819805], [6.000898, 49.819683], [6.00041, 49.819542], [6.00046, 49.819454], [6.000464, 49.819313], [6.00046, 49.819244], [6.000452, 49.819206], [6.000452, 49.819187], [6.00046, 49.81916], [6.000471, 49.81914], [6.000509, 49.819077], [6.000566, 49.819], [6.000746, 49.818787], [6.000669, 49.818787], [6.000258, 49.818775], [5.999968, 49.818775], [5.999769, 49.81878], [5.999067, 49.818737], [5.998613, 49.81871], [5.998568, 49.81871], [5.998426, 49.8187], [5.998335, 49.818695], [5.99822, 49.818684], [5.998125, 49.818672], [5.998064, 49.818665], [5.997965, 49.818657], [5.997622, 49.81861], [5.997518, 49.8186], [5.997164, 49.818558], [5.997076, 49.81855], [5.996771, 49.818512], [5.996641, 49.8185], [5.996508, 49.81849], [5.996225, 49.818462], [5.996073, 49.81845], [5.996, 49.818443], [5.995947, 49.818443], [5.995707, 49.818428], [5.995672, 49.818424], [5.995256, 49.818405], [5.994993, 49.81839], [5.994696, 49.81838], [5.994593, 49.818367], [5.994158, 49.81835], [5.99349, 49.818336], [5.99301, 49.81833], [5.992365, 49.81833], [5.992029, 49.81832], [5.991594, 49.818314], [5.99148, 49.81831], [5.991354, 49.818287], [5.991274, 49.818275], [5.991133, 49.818268], [5.990423, 49.81825], [5.990377, 49.81828], [5.990023, 49.81828], [5.989515, 49.81807], [5.98929, 49.817986], [5.988604, 49.817802], [5.988253, 49.81771], [5.987719, 49.817642], [5.987143, 49.817574], [5.986971, 49.817543], [5.986605, 49.817375], [5.986284, 49.817245], [5.986193, 49.817192], [5.985952, 49.816944], [5.985785, 49.816994], [5.985708, 49.81702], [5.985468, 49.8171], [5.985323, 49.817146], [5.985033, 49.817245], [5.984667, 49.81704], [5.984617, 49.81702], [5.984255, 49.81682], [5.984186, 49.81678], [5.984152, 49.816807], [5.983431, 49.81726], [5.983255, 49.817368], [5.982569, 49.81702], [5.982199, 49.817295], [5.981893, 49.817505], [5.981687, 49.817665], [5.981646, 49.817696], [5.981592, 49.817734], [5.98163, 49.817757], [5.981684, 49.81779], [5.98179, 49.81785], [5.981947, 49.81792], [5.982206, 49.818047], [5.981665, 49.818398], [5.981253, 49.81865], [5.980967, 49.81882], [5.980631, 49.81901], [5.980269, 49.819214], [5.979948, 49.819412], [5.979277, 49.819813], [5.979715, 49.820145], [5.979734, 49.82016], [5.98012, 49.82028], [5.980429, 49.820374], [5.980612, 49.820446], [5.980822, 49.820538], [5.980921, 49.820587], [5.981001, 49.820633], [5.981047, 49.820663], [5.981226, 49.820873], [5.981401, 49.82108], [5.981585, 49.821274], [5.981638, 49.82134], [5.981699, 49.821404], [5.981726, 49.821438], [5.98189, 49.82162], [5.981375, 49.821873], [5.981585, 49.822033], [5.981806, 49.822205], [5.982019, 49.822388], [5.982073, 49.82244], [5.982122, 49.82249], [5.982409, 49.822796], [5.982611, 49.82297], [5.98271, 49.823048], [5.98282, 49.823128], [5.982943, 49.823204], [5.983114, 49.8233], [5.983305, 49.823387], [5.983538, 49.82349], [5.983847, 49.823612], [5.983957, 49.823654], [5.98403, 49.823685], [5.98411, 49.823723], [5.984201, 49.823772], [5.984621, 49.82401], [5.984602, 49.82403], [5.984335, 49.824368], [5.984198, 49.824543], [5.984037, 49.824757], [5.983934, 49.824883], [5.983835, 49.825016], [5.983786, 49.825077], [5.983641, 49.825264], [5.983625, 49.82529], [5.983767, 49.82564], [5.983889, 49.825905], [5.983877, 49.825905], [5.983664, 49.825855], [5.983492, 49.82581], [5.983385, 49.82578], [5.982977, 49.825657], [5.982576, 49.82553], [5.982538, 49.82552], [5.981974, 49.826138], [5.981863, 49.826263], [5.981821, 49.826305], [5.981802, 49.82633], [5.981661, 49.826477], [5.98171, 49.826492], [5.981527, 49.82672], [5.981401, 49.82688], [5.981314, 49.827007], [5.981001, 49.827473], [5.981234, 49.827545], [5.98171, 49.827694], [5.981989, 49.82778], [5.981798, 49.828167], [5.981768, 49.82823], [5.981649, 49.82847], [5.981615, 49.828537], [5.981508, 49.828735], [5.981398, 49.828934], [5.981321, 49.829063], [5.981119, 49.82942], [5.981024, 49.82961], [5.980932, 49.82978], [5.980825, 49.829998], [5.980265, 49.830055], [5.979471, 49.83012], [5.979361, 49.83018], [5.979021, 49.83017], [5.978426, 49.83012], [5.978417, 49.830136], [5.978388, 49.83019], [5.978338, 49.830315], [5.978228, 49.830585], [5.978193, 49.830658], [5.978067, 49.83091], [5.977942, 49.83114], [5.97743, 49.831455], [5.977022, 49.831703], [5.977511, 49.83209], [5.977533, 49.83211], [5.977549, 49.83213], [5.978201, 49.832867], [5.978415, 49.833122], [5.978582, 49.833324], [5.97817, 49.833458], [5.978075, 49.83357], [5.978045, 49.8336], [5.977987, 49.83365], [5.977938, 49.833702], [5.977907, 49.833717], [5.977858, 49.83374], [5.9778, 49.83375], [5.977766, 49.833763], [5.977735, 49.833782], [5.977709, 49.833805], [5.977682, 49.833817], [5.977625, 49.83383], [5.977602, 49.833843], [5.977571, 49.833866], [5.977533, 49.83389], [5.977491, 49.833904], [5.977419, 49.833923], [5.977385, 49.83393], [5.977346, 49.833946], [5.977308, 49.83397], [5.977251, 49.833984], [5.977224, 49.833992], [5.977198, 49.83401], [5.977179, 49.834026], [5.977121, 49.834038], [5.977099, 49.834045], [5.977179, 49.834118], [5.977217, 49.834152], [5.977293, 49.83424], [5.977365, 49.834328], [5.977392, 49.834385], [5.977404, 49.83442], [5.977442, 49.834606], [5.977465, 49.83479], [5.977472, 49.834908], [5.977461, 49.835052], [5.977434, 49.835266], [5.977415, 49.835365], [5.977388, 49.83544], [5.977365, 49.83555], [5.977346, 49.835682], [5.977362, 49.835796], [5.977381, 49.835857], [5.977568, 49.836315], [5.977354, 49.83638], [5.977232, 49.83642], [5.976889, 49.83652], [5.976854, 49.83666], [5.976728, 49.837116], [5.976721, 49.83715], [5.976702, 49.837242], [5.976686, 49.83733], [5.976629, 49.83777], [5.976595, 49.8379], [5.976572, 49.838], [5.976553, 49.838078], [5.976538, 49.838135], [5.976297, 49.838036], [5.975969, 49.83806], [5.975599, 49.8381], [5.975435, 49.83817], [5.975126, 49.8385], [5.975088, 49.83864], [5.975046, 49.838696], [5.97497, 49.83876], [5.97489, 49.8388], [5.974817, 49.83883], [5.974642, 49.83891], [5.973978, 49.8392], [5.973917, 49.839226], [5.973429, 49.83944], [5.973471, 49.839478], [5.973581, 49.839592], [5.973734, 49.83974], [5.973715, 49.83975], [5.973597, 49.839825], [5.973253, 49.84008], [5.972727, 49.84048], [5.972918, 49.840694], [5.97333, 49.841164], [5.973391, 49.841232], [5.973356, 49.84124], [5.973196, 49.841396], [5.973204, 49.841496], [5.972769, 49.84175], [5.972525, 49.84189], [5.972235, 49.842045], [5.972101, 49.842113], [5.971407, 49.84238], [5.971155, 49.842495], [5.970923, 49.84255], [5.970808, 49.842583], [5.970781, 49.84259], [5.970652, 49.84264], [5.970526, 49.842705], [5.970327, 49.842834], [5.970224, 49.843067], [5.97019, 49.843147]]]]}}]}