{"type": "FeatureCollection", "features": [{"type": "Feature", "properties": {"name": "Canton Luxembourg"}, "geometry": {"type": "MultiPolygon", "coordinates": [[[[5.998434, 49.59451], [5.998503, 49.594696], [5.998522, 49.59475], [5.998686, 49.595238], [5.998671, 49.595387], [5.998655, 49.59551], [5.99864, 49.595737], [5.998629, 49.595833], [5.998625, 49.59589], [5.998621, 49.59602], [5.998609, 49.59622], [5.998606, 49.596325], [5.998609, 49.596424], [5.998613, 49.596455], [5.998613, 49.596478], [5.998625, 49.596577], [5.99864, 49.596733], [5.998701, 49.596767], [5.998755, 49.59681], [5.999136, 49.597088], [5.999334, 49.59762], [5.999563, 49.59822], [5.999754, 49.598785], [6.000166, 49.599068], [6.000952, 49.5996], [6.0016, 49.599957], [6.002302, 49.60034], [6.002596, 49.600502], [6.003622, 49.600998], [6.004782, 49.60162], [6.004808, 49.60164], [6.005579, 49.60225], [6.005705, 49.602352], [6.005777, 49.60243], [6.005796, 49.602448], [6.006308, 49.603172], [6.00633, 49.603203], [6.006384, 49.603283], [6.006823, 49.603672], [6.007093, 49.603905], [6.007147, 49.60393], [6.007616, 49.604134], [6.007986, 49.604267], [6.008299, 49.604286], [6.008554, 49.604305], [6.008593, 49.60431], [6.008795, 49.6053], [6.008825, 49.605354], [6.008863, 49.605457], [6.009008, 49.605835], [6.009111, 49.606125], [6.009287, 49.60661], [6.009462, 49.60704], [6.009512, 49.607204], [6.009573, 49.607246], [6.009813, 49.607403], [6.009993, 49.60753], [6.010363, 49.607628], [6.010801, 49.607735], [6.011118, 49.6078], [6.011519, 49.608124], [6.01182, 49.608356], [6.012121, 49.608597], [6.012674, 49.60907], [6.012587, 49.609573], [6.012697, 49.6101], [6.012808, 49.61036], [6.012941, 49.61061], [6.013037, 49.610825], [6.013075, 49.61091], [6.01309, 49.61094], [6.013174, 49.611084], [6.013357, 49.61136], [6.013647, 49.61121], [6.013887, 49.61105], [6.014105, 49.61088], [6.014139, 49.610855], [6.014753, 49.610676], [6.015322, 49.610493], [6.016375, 49.61009], [6.016806, 49.60994], [6.017244, 49.609802], [6.01742, 49.60978], [6.017996, 49.609753], [6.018621, 49.609745], [6.019239, 49.609753], [6.019556, 49.609768], [6.019735, 49.60977], [6.020159, 49.609707], [6.020788, 49.60961], [6.020853, 49.60962], [6.021006, 49.609604], [6.021391, 49.609562], [6.021566, 49.60955], [6.021757, 49.609547], [6.021906, 49.609543], [6.022119, 49.609554], [6.022383, 49.609573], [6.022696, 49.609604], [6.023058, 49.609642], [6.023356, 49.609665], [6.023394, 49.60964], [6.024263, 49.609737], [6.024897, 49.60984], [6.026457, 49.610058], [6.028124, 49.61034], [6.028631, 49.610424], [6.029223, 49.61044], [6.03026, 49.610447], [6.030806, 49.61045], [6.031126, 49.610416], [6.031347, 49.61035], [6.031389, 49.610405], [6.031626, 49.610752], [6.031931, 49.61109], [6.031988, 49.611088], [6.032064, 49.611153], [6.032305, 49.611362], [6.032469, 49.611523], [6.032572, 49.61164], [6.032701, 49.611774], [6.032865, 49.611923], [6.033129, 49.612133], [6.033415, 49.612316], [6.033525, 49.6124], [6.033621, 49.61249], [6.033537, 49.612534], [6.033457, 49.61257], [6.03343, 49.612583], [6.033327, 49.612606], [6.03306, 49.612667], [6.032808, 49.61272], [6.032927, 49.61298], [6.033003, 49.61316], [6.033136, 49.613132], [6.033281, 49.613106], [6.033403, 49.613083], [6.033453, 49.613235], [6.033483, 49.613354], [6.033522, 49.613533], [6.033544, 49.613636], [6.033552, 49.61371], [6.033579, 49.613922], [6.033587, 49.61408], [6.033575, 49.614243], [6.03356, 49.61439], [6.033525, 49.61453], [6.03351, 49.61458], [6.033468, 49.614727], [6.033682, 49.61476], [6.033888, 49.614796], [6.034231, 49.61481], [6.034555, 49.61486], [6.034433, 49.615047], [6.034262, 49.615383], [6.03414, 49.615665], [6.034102, 49.61577], [6.034056, 49.61589], [6.033991, 49.615887], [6.033983, 49.61603], [6.033983, 49.616226], [6.033987, 49.61652], [6.033991, 49.61669], [6.03401, 49.616917], [6.034048, 49.61715], [6.034086, 49.617332], [6.034296, 49.618065], [6.034422, 49.618492], [6.034487, 49.618694], [6.034643, 49.618713], [6.034697, 49.618717], [6.034742, 49.618942], [6.034765, 49.619026], [6.034834, 49.61926], [6.03488, 49.61939], [6.034903, 49.619442], [6.034925, 49.619488], [6.034975, 49.619583], [6.035048, 49.619698], [6.035116, 49.619793], [6.035196, 49.61988], [6.035326, 49.620003], [6.035299, 49.62004], [6.035273, 49.620075], [6.035242, 49.620125], [6.035501, 49.620438], [6.03554, 49.62052], [6.035708, 49.62074], [6.035753, 49.620792], [6.035883, 49.62099], [6.036005, 49.621197], [6.036062, 49.6213], [6.036078, 49.621338], [6.036089, 49.62141], [6.036104, 49.621613], [6.036097, 49.621693], [6.036085, 49.62177], [6.036074, 49.621838], [6.036047, 49.621956], [6.036028, 49.622154], [6.036032, 49.6223], [6.036055, 49.622414], [6.0361, 49.622555], [6.03615, 49.622643], [6.036219, 49.622738], [6.036264, 49.622787], [6.03636, 49.62285], [6.036512, 49.622917], [6.036589, 49.622963], [6.036669, 49.62303], [6.036703, 49.623066], [6.036764, 49.623127], [6.036829, 49.62319], [6.036886, 49.623253], [6.036928, 49.623287], [6.036985, 49.623325], [6.037058, 49.623361], [6.03708, 49.623372], [6.03718, 49.62343], [6.037286, 49.623487], [6.037329, 49.62351], [6.037358, 49.623536], [6.037392, 49.623573], [6.037408, 49.623593], [6.037454, 49.623654], [6.037533, 49.623745], [6.037691, 49.623873], [6.038153, 49.624002], [6.038137, 49.624026], [6.03842, 49.624252], [6.038824, 49.624393], [6.039122, 49.624485], [6.039362, 49.62454], [6.039568, 49.624584], [6.039648, 49.6246], [6.039732, 49.6246], [6.039804, 49.624584], [6.039892, 49.62455], [6.039965, 49.62447], [6.040075, 49.62444], [6.040205, 49.62442], [6.040361, 49.62442], [6.040655, 49.62451], [6.040907, 49.62465], [6.041094, 49.624798], [6.041254, 49.624992], [6.04141, 49.6252], [6.041517, 49.6254], [6.041494, 49.62543], [6.041391, 49.625538], [6.041338, 49.62557], [6.0413, 49.625587], [6.041273, 49.625618], [6.041265, 49.62565], [6.041307, 49.625706], [6.041445, 49.62585], [6.04151, 49.62593], [6.041532, 49.625973], [6.041552, 49.626038], [6.041578, 49.62611], [6.041616, 49.62617], [6.041681, 49.626225], [6.041754, 49.626266], [6.041826, 49.6263], [6.041883, 49.626324], [6.041975, 49.626347], [6.042055, 49.626324], [6.042208, 49.6264], [6.042284, 49.626465], [6.042314, 49.626526], [6.042334, 49.62658], [6.042391, 49.626667], [6.042429, 49.62673], [6.042429, 49.626778], [6.042406, 49.626873], [6.042414, 49.62692], [6.042452, 49.626984], [6.042536, 49.62709], [6.042627, 49.627182], [6.042677, 49.627213], [6.042784, 49.62722], [6.042868, 49.627243], [6.042917, 49.627285], [6.043089, 49.627457], [6.043222, 49.627537], [6.043383, 49.6276], [6.043585, 49.627632], [6.043676, 49.627655], [6.044397, 49.627945], [6.044493, 49.628036], [6.044558, 49.628204], [6.044752, 49.62832], [6.044985, 49.628426], [6.045351, 49.628517], [6.045542, 49.62855], [6.045893, 49.628532], [6.046072, 49.62861], [6.046362, 49.628723], [6.046507, 49.62882], [6.046678, 49.62902], [6.046896, 49.62922], [6.047171, 49.629425], [6.047281, 49.629513], [6.047426, 49.629803], [6.04756, 49.62994], [6.047785, 49.630043], [6.047853, 49.63012], [6.047823, 49.630264], [6.047777, 49.630493], [6.047674, 49.630592], [6.04759, 49.630657], [6.047567, 49.630753], [6.047537, 49.630875], [6.047514, 49.63107], [6.047518, 49.63134], [6.04748, 49.631416], [6.047457, 49.631474], [6.047495, 49.631603], [6.047583, 49.631878], [6.047552, 49.631992], [6.047495, 49.632065], [6.047361, 49.63216], [6.047205, 49.632244], [6.047144, 49.632328], [6.047098, 49.632454], [6.047098, 49.63248], [6.047144, 49.632523], [6.047152, 49.632572], [6.047102, 49.632603], [6.046781, 49.63273], [6.046743, 49.632763], [6.046682, 49.632877], [6.046606, 49.632957], [6.046274, 49.63321], [6.046057, 49.633347], [6.045851, 49.63345], [6.045835, 49.63348], [6.045835, 49.63351], [6.045896, 49.633587], [6.045973, 49.633656], [6.046011, 49.633747], [6.046042, 49.633858], [6.046061, 49.634026], [6.04608, 49.634106], [6.046125, 49.634155], [6.046236, 49.634235], [6.046274, 49.63432], [6.046255, 49.634453], [6.04619, 49.63463], [6.046137, 49.634716], [6.04611, 49.63497], [6.046202, 49.635143], [6.046316, 49.63524], [6.046431, 49.6353], [6.04661, 49.635338], [6.046843, 49.635414], [6.04719, 49.635696], [6.047415, 49.63588], [6.047571, 49.636055], [6.047907, 49.636543], [6.047956, 49.63667], [6.047968, 49.63678], [6.047995, 49.636875], [6.048071, 49.636974], [6.048201, 49.63707], [6.0483, 49.63712], [6.0487, 49.63735], [6.048857, 49.63746], [6.048986, 49.637608], [6.049074, 49.637756], [6.049128, 49.637897], [6.049158, 49.638138], [6.04912, 49.638294], [6.049051, 49.63847], [6.04891, 49.63866], [6.048792, 49.63877], [6.048574, 49.63889], [6.048372, 49.638985], [6.048246, 49.639084], [6.048216, 49.63911], [6.047991, 49.63927], [6.047789, 49.63938], [6.047525, 49.63952], [6.047361, 49.639633], [6.047159, 49.63984], [6.04706, 49.639988], [6.047045, 49.640076], [6.047083, 49.640144], [6.047079, 49.640244], [6.047049, 49.640343], [6.046957, 49.640472], [6.046843, 49.640575], [6.046762, 49.640614], [6.046637, 49.640636], [6.046598, 49.640648], [6.046564, 49.64069], [6.046534, 49.640892], [6.046549, 49.640945], [6.046633, 49.641006], [6.046789, 49.640976], [6.046969, 49.640972], [6.047228, 49.64104], [6.047506, 49.641148], [6.047564, 49.641182], [6.047552, 49.641304], [6.047544, 49.64142], [6.047621, 49.641575], [6.047865, 49.641815], [6.04804, 49.641933], [6.048143, 49.641964], [6.048315, 49.641964], [6.048422, 49.64201], [6.048521, 49.6421], [6.048605, 49.64219], [6.048661, 49.64231], [6.04875, 49.6425], [6.048841, 49.642542], [6.048929, 49.642576], [6.049124, 49.64264], [6.04941, 49.64272], [6.049471, 49.64276], [6.049585, 49.642864], [6.049684, 49.642933], [6.049795, 49.642986], [6.05002, 49.64304], [6.050188, 49.643066], [6.050261, 49.64309], [6.050295, 49.64314], [6.050302, 49.64327], [6.050344, 49.643314], [6.050455, 49.64334], [6.050684, 49.643353], [6.050871, 49.64336], [6.05097, 49.643375], [6.051084, 49.643448], [6.05118, 49.643513], [6.051268, 49.64361], [6.051371, 49.643665], [6.051523, 49.643707], [6.051813, 49.643738], [6.052282, 49.643795], [6.052557, 49.643864], [6.052866, 49.64395], [6.053034, 49.644028], [6.053156, 49.644096], [6.05324, 49.644184], [6.053282, 49.64426], [6.053286, 49.64433], [6.053236, 49.64455], [6.053225, 49.64472], [6.053286, 49.644817], [6.053339, 49.64488], [6.053446, 49.644917], [6.053606, 49.644924], [6.053739, 49.6449], [6.053865, 49.64488], [6.053961, 49.644867], [6.054048, 49.644886], [6.054171, 49.64493], [6.054285, 49.644997], [6.054399, 49.645092], [6.054625, 49.645195], [6.054754, 49.645252], [6.054827, 49.6453], [6.054846, 49.645344], [6.054846, 49.645435], [6.054827, 49.645523], [6.05472, 49.645638], [6.05459, 49.645702], [6.054487, 49.645775], [6.05448, 49.645847], [6.054487, 49.64595], [6.054506, 49.64605], [6.054476, 49.646126], [6.054392, 49.64619], [6.054262, 49.646286], [6.054144, 49.64639], [6.054064, 49.64647], [6.05406, 49.646576], [6.054125, 49.646706], [6.054312, 49.646866], [6.054392, 49.646957], [6.054411, 49.64704], [6.054388, 49.647095], [6.054289, 49.64724], [6.054285, 49.647285], [6.054319, 49.647335], [6.054407, 49.647392], [6.054552, 49.64743], [6.05467, 49.64745], [6.054769, 49.647472], [6.054831, 49.647522], [6.054846, 49.647614], [6.054884, 49.64765], [6.055666, 49.647873], [6.056025, 49.647987], [6.056429, 49.648136], [6.056791, 49.64832], [6.056898, 49.64835], [6.057074, 49.64836], [6.057207, 49.648373], [6.057329, 49.648415], [6.057451, 49.648476], [6.057585, 49.648582], [6.057715, 49.648693], [6.057783, 49.64879], [6.057833, 49.648933], [6.057848, 49.649036], [6.057836, 49.64915], [6.057802, 49.64933], [6.057775, 49.64953], [6.057825, 49.64969], [6.05789, 49.64979], [6.057978, 49.649933], [6.05802, 49.650066], [6.058027, 49.650166], [6.05802, 49.65027], [6.058031, 49.650368], [6.058058, 49.65045], [6.058096, 49.650517], [6.058168, 49.650597], [6.05839, 49.65076], [6.058508, 49.650913], [6.058622, 49.65111], [6.058695, 49.65135], [6.058664, 49.651424], [6.058649, 49.651497], [6.058641, 49.651634], [6.058653, 49.65173], [6.058672, 49.65178], [6.058714, 49.65187], [6.058767, 49.65193], [6.058878, 49.652008], [6.058966, 49.65204], [6.059076, 49.65205], [6.05932, 49.652065], [6.059435, 49.65206], [6.059538, 49.65205], [6.059607, 49.652027], [6.059645, 49.652004], [6.059725, 49.65201], [6.059839, 49.652058], [6.05995, 49.65216], [6.060034, 49.65224], [6.060141, 49.65237], [6.060202, 49.652473], [6.060251, 49.65261], [6.060377, 49.65282], [6.060476, 49.652943], [6.060621, 49.653137], [6.060774, 49.653248], [6.060945, 49.653244], [6.061243, 49.653282], [6.061384, 49.653267], [6.061708, 49.653084], [6.061842, 49.653053], [6.06196, 49.65306], [6.062345, 49.65325], [6.062464, 49.653263], [6.062548, 49.653244], [6.062796, 49.653126], [6.062845, 49.653072], [6.062906, 49.653057], [6.06299, 49.653065], [6.063211, 49.653175], [6.063528, 49.653313], [6.063833, 49.653477], [6.064012, 49.653557], [6.064264, 49.6537], [6.064386, 49.65373], [6.064501, 49.653774], [6.064661, 49.65389], [6.064768, 49.654], [6.064852, 49.654156], [6.064985, 49.65432], [6.065115, 49.65437], [6.065195, 49.654377], [6.065344, 49.65432], [6.065386, 49.654316], [6.065626, 49.654408], [6.065931, 49.65456], [6.066091, 49.654694], [6.06616, 49.654854], [6.06629, 49.655025], [6.066576, 49.655327], [6.066721, 49.65531], [6.066786, 49.655403], [6.066866, 49.65549], [6.066877, 49.65553], [6.06674, 49.655766], [6.06674, 49.655834], [6.066813, 49.65596], [6.066992, 49.65608], [6.067068, 49.65616], [6.06716, 49.656303], [6.067404, 49.656593], [6.067511, 49.656723], [6.06764, 49.656914], [6.067778, 49.657005], [6.067923, 49.657204], [6.067934, 49.65726], [6.067934, 49.657345], [6.067892, 49.657467], [6.067888, 49.65748], [6.067923, 49.657597], [6.067976, 49.65761], [6.068098, 49.657627], [6.068174, 49.657635], [6.068308, 49.657646], [6.068808, 49.657978], [6.069029, 49.658115], [6.069304, 49.658287], [6.069353, 49.65826], [6.069483, 49.658203], [6.06962, 49.658134], [6.069872, 49.658024], [6.06999, 49.657978], [6.070078, 49.657948], [6.070211, 49.657906], [6.070372, 49.657864], [6.07044, 49.657845], [6.070498, 49.65783], [6.070856, 49.657722], [6.071005, 49.65768], [6.071188, 49.65763], [6.071295, 49.657604], [6.071352, 49.657597], [6.071482, 49.657585], [6.071623, 49.657574], [6.071932, 49.65755], [6.072233, 49.657528], [6.072458, 49.657513], [6.072721, 49.65749], [6.072954, 49.657475], [6.07337, 49.657223], [6.073439, 49.657185], [6.073545, 49.65712], [6.073641, 49.65706], [6.073797, 49.656963], [6.074114, 49.65674], [6.074327, 49.656586], [6.074415, 49.656517], [6.074541, 49.65643], [6.074766, 49.65626], [6.07538, 49.655823], [6.075521, 49.65547], [6.075705, 49.65504], [6.075762, 49.654903], [6.075781, 49.65486], [6.075823, 49.654778], [6.075945, 49.654556], [6.076059, 49.654335], [6.07609, 49.65427], [6.07614, 49.65417], [6.076254, 49.653942], [6.076342, 49.65376], [6.076395, 49.653667], [6.076422, 49.653625], [6.076544, 49.653427], [6.07659, 49.653355], [6.076822, 49.65301], [6.077032, 49.652782], [6.077299, 49.6525], [6.077448, 49.652348], [6.077913, 49.651867], [6.078096, 49.651676], [6.078371, 49.65137], [6.078451, 49.651287], [6.078482, 49.651257], [6.078581, 49.651146], [6.0786, 49.651127], [6.078909, 49.650806], [6.078951, 49.650764], [6.079001, 49.650734], [6.079061, 49.65069], [6.079107, 49.65046], [6.079142, 49.650295], [6.079195, 49.650055], [6.079252, 49.64977], [6.079264, 49.649708], [6.079268, 49.649696], [6.079279, 49.64962], [6.079332, 49.64931], [6.079382, 49.649036], [6.079378, 49.648994], [6.079328, 49.648827], [6.079206, 49.648434], [6.079081, 49.64799], [6.079008, 49.6477], [6.078958, 49.647625], [6.078741, 49.64733], [6.07865, 49.647224], [6.078505, 49.647045], [6.078447, 49.646976], [6.078371, 49.64684], [6.079187, 49.64667], [6.07974, 49.64646], [6.080931, 49.64647], [6.082228, 49.646473], [6.083284, 49.64643], [6.083429, 49.64642], [6.083506, 49.646416], [6.084322, 49.646362], [6.085249, 49.64628], [6.085272, 49.64628], [6.085401, 49.646267], [6.085424, 49.646263], [6.085482, 49.64626], [6.086081, 49.646217], [6.086607, 49.646183], [6.087835, 49.646107], [6.088198, 49.646095], [6.089052, 49.64607], [6.090269, 49.64604], [6.091436, 49.646008], [6.0926, 49.64599], [6.093863, 49.645992], [6.09511, 49.64607], [6.095449, 49.646076], [6.096399, 49.646103], [6.097685, 49.64612], [6.099215, 49.64619], [6.099581, 49.6462], [6.100008, 49.646206], [6.100149, 49.64621], [6.101164, 49.64627], [6.101099, 49.646317], [6.100821, 49.646812], [6.100618, 49.647118], [6.100607, 49.647137], [6.100199, 49.64775], [6.099485, 49.648754], [6.098783, 49.649822], [6.098143, 49.650803], [6.099192, 49.65152], [6.099535, 49.65175], [6.099672, 49.65184], [6.099745, 49.651966], [6.099852, 49.652134], [6.099943, 49.65227], [6.10002, 49.652393], [6.100123, 49.652542], [6.100275, 49.652756], [6.100351, 49.65286], [6.100538, 49.65311], [6.10066, 49.65327], [6.100679, 49.6533], [6.100702, 49.653328], [6.100748, 49.653393], [6.100855, 49.65353], [6.10116, 49.65391], [6.101297, 49.654087], [6.101473, 49.6543], [6.101538, 49.65438], [6.101587, 49.654434], [6.101751, 49.65462], [6.101973, 49.654865], [6.102056, 49.65496], [6.102419, 49.65535], [6.102465, 49.655396], [6.10264, 49.65559], [6.102842, 49.655804], [6.103132, 49.655964], [6.10322, 49.656013], [6.103418, 49.656128], [6.103567, 49.65621], [6.10367, 49.65627], [6.103868, 49.65638], [6.104185, 49.65655], [6.104021, 49.656734], [6.103972, 49.656796], [6.103941, 49.656857], [6.103853, 49.657024], [6.103769, 49.657196], [6.103647, 49.657444], [6.10356, 49.657642], [6.103472, 49.65782], [6.103312, 49.65815], [6.103189, 49.658398], [6.103125, 49.658554], [6.103102, 49.658607], [6.103067, 49.658695], [6.102697, 49.65957], [6.102633, 49.659725], [6.102587, 49.659813], [6.102545, 49.659874], [6.102465, 49.659977], [6.102411, 49.66004], [6.102327, 49.660114], [6.102217, 49.660206], [6.102083, 49.660316], [6.102056, 49.66034], [6.102022, 49.660366], [6.102007, 49.66038], [6.101824, 49.660538], [6.101736, 49.660603], [6.101664, 49.66066], [6.101595, 49.660717], [6.101332, 49.660927], [6.101179, 49.661045], [6.101049, 49.661148], [6.100916, 49.66125], [6.100733, 49.661396], [6.100424, 49.661636], [6.100378, 49.66167], [6.100344, 49.6617], [6.100233, 49.661793], [6.10018, 49.66184], [6.100096, 49.661903], [6.099794, 49.66214], [6.099619, 49.66229], [6.099482, 49.6624], [6.099291, 49.66255], [6.098913, 49.662895], [6.098814, 49.663], [6.098619, 49.6632], [6.098467, 49.66337], [6.098108, 49.663807], [6.098047, 49.66388], [6.09794, 49.664], [6.097685, 49.664295], [6.097284, 49.665207], [6.096888, 49.6655], [6.096849, 49.66553], [6.096643, 49.6657], [6.096384, 49.665916], [6.096147, 49.666115], [6.096064, 49.666172], [6.09593, 49.666264], [6.095724, 49.666386], [6.095583, 49.666477], [6.095251, 49.6668], [6.094988, 49.667034], [6.094759, 49.66724], [6.094721, 49.66727], [6.094454, 49.667515], [6.094404, 49.66756], [6.09392, 49.66801], [6.095232, 49.66819], [6.095934, 49.668293], [6.09646, 49.668365], [6.096907, 49.66843], [6.097166, 49.668472], [6.097315, 49.668495], [6.097521, 49.668526], [6.098043, 49.66859], [6.098452, 49.66896], [6.09794, 49.66906], [6.09775, 49.669094], [6.096945, 49.669254], [6.096506, 49.669346], [6.096365, 49.66938], [6.096075, 49.669518], [6.095896, 49.66961], [6.095766, 49.66967], [6.095495, 49.669815], [6.095369, 49.669884], [6.095194, 49.669975], [6.094892, 49.67014], [6.094732, 49.670227], [6.094652, 49.670277], [6.094618, 49.6703], [6.094572, 49.67033], [6.094511, 49.67039], [6.094461, 49.67044], [6.094397, 49.670513], [6.094336, 49.67059], [6.094305, 49.67063], [6.094263, 49.67069], [6.094233, 49.67074], [6.094217, 49.670757], [6.094038, 49.67081], [6.093668, 49.670933], [6.09342, 49.67101], [6.093271, 49.67106], [6.092989, 49.671146], [6.092665, 49.67125], [6.092283, 49.67137], [6.092058, 49.671444], [6.091772, 49.671535], [6.091692, 49.671562], [6.091604, 49.671627], [6.091459, 49.671738], [6.091276, 49.67188], [6.090998, 49.672092], [6.090883, 49.67218], [6.090612, 49.672386], [6.09012, 49.672768], [6.089724, 49.67308], [6.089415, 49.67332], [6.089277, 49.673435], [6.089098, 49.673532], [6.088711, 49.673719], [6.088263, 49.67372], [6.087637, 49.673725], [6.087183, 49.67373], [6.087004, 49.673737], [6.086824, 49.67375], [6.086508, 49.67377], [6.085978, 49.673805], [6.085764, 49.67383], [6.085539, 49.673862], [6.085302, 49.673904], [6.085218, 49.673916], [6.084959, 49.67398], [6.08473, 49.674038], [6.084498, 49.6741], [6.084059, 49.674213], [6.083891, 49.674255], [6.083715, 49.6743], [6.083468, 49.674362], [6.083422, 49.674374], [6.083242, 49.674423], [6.083136, 49.674446], [6.082872, 49.674515], [6.082601, 49.674583], [6.082193, 49.67469], [6.082228, 49.674873], [6.082251, 49.675007], [6.082266, 49.675064], [6.082274, 49.675095], [6.082277, 49.675117], [6.082338, 49.675167], [6.082418, 49.67524], [6.082464, 49.675304], [6.082495, 49.675392], [6.082514, 49.67549], [6.082533, 49.67557], [6.082583, 49.675625], [6.082655, 49.67568], [6.082693, 49.67571], [6.082743, 49.67579], [6.082739, 49.675858], [6.082674, 49.676006], [6.082651, 49.67609], [6.082663, 49.676178], [6.082727, 49.676296], [6.082735, 49.676346], [6.082697, 49.676468], [6.082686, 49.67655], [6.082716, 49.67663], [6.082804, 49.676697], [6.082949, 49.676743], [6.083078, 49.676765], [6.083166, 49.6768], [6.083281, 49.67696], [6.083372, 49.677017], [6.083487, 49.67707], [6.083635, 49.677124], [6.083731, 49.677135], [6.083952, 49.677143], [6.084063, 49.67718], [6.084116, 49.67723], [6.084154, 49.677296], [6.084158, 49.67736], [6.084139, 49.6774], [6.084093, 49.67742], [6.083979, 49.677456], [6.083948, 49.677475], [6.083952, 49.677498], [6.083967, 49.677525], [6.084261, 49.677696], [6.084513, 49.677814], [6.084635, 49.67786], [6.084684, 49.67786], [6.084784, 49.67782], [6.084867, 49.677788], [6.084959, 49.677784], [6.085051, 49.67781], [6.085115, 49.67787], [6.085165, 49.677994], [6.085218, 49.678143], [6.085276, 49.678192], [6.085371, 49.678223], [6.08592, 49.67833], [6.086172, 49.67842], [6.086466, 49.67859], [6.08663, 49.67866], [6.086828, 49.678715], [6.086954, 49.678776], [6.087103, 49.67896], [6.087553, 49.679256], [6.087782, 49.679474], [6.087973, 49.679714], [6.088194, 49.680058], [6.088259, 49.680294], [6.088327, 49.680695], [6.088297, 49.68086], [6.088137, 49.681244], [6.088114, 49.68138], [6.088167, 49.68153], [6.088293, 49.68165], [6.08853, 49.681828], [6.088659, 49.681957], [6.088762, 49.682133], [6.088922, 49.682495], [6.089167, 49.68295], [6.089464, 49.68351], [6.089632, 49.68383], [6.089727, 49.684116], [6.089788, 49.684364], [6.089968, 49.68458], [6.090063, 49.68478], [6.090139, 49.68507], [6.090147, 49.685333], [6.090219, 49.685318], [6.091001, 49.68517], [6.091456, 49.68509], [6.091509, 49.685078], [6.091604, 49.68506], [6.091661, 49.68505], [6.091723, 49.68504], [6.09178, 49.685028], [6.091898, 49.68501], [6.091944, 49.684998], [6.092337, 49.684925], [6.092882, 49.68483], [6.092962, 49.684814], [6.093409, 49.684742], [6.093741, 49.684834], [6.094328, 49.68499], [6.094465, 49.685024], [6.094843, 49.685127], [6.095255, 49.68524], [6.095659, 49.685364], [6.096079, 49.685482], [6.096701, 49.685665], [6.096979, 49.68575], [6.097341, 49.685856], [6.097986, 49.686043], [6.09823, 49.686115], [6.098467, 49.686188], [6.098612, 49.686245], [6.098883, 49.686363], [6.099157, 49.686478], [6.099382, 49.686573], [6.099546, 49.68664], [6.099722, 49.686714], [6.10013, 49.686893], [6.100718, 49.687172], [6.100819, 49.68722], [6.100973, 49.687294], [6.101084, 49.68736], [6.101141, 49.68735], [6.101439, 49.687515], [6.101725, 49.687675], [6.101988, 49.687817], [6.102282, 49.687946], [6.102755, 49.688145], [6.103361, 49.688393], [6.103819, 49.688576], [6.104361, 49.688778], [6.104727, 49.68892], [6.104933, 49.68899], [6.105066, 49.689064], [6.105066, 49.68916], [6.105074, 49.68929], [6.105074, 49.68941], [6.105284, 49.68939], [6.105421, 49.689373], [6.105493, 49.689365], [6.105555, 49.68936], [6.105646, 49.68935], [6.105669, 49.689346], [6.105795, 49.68933], [6.10581, 49.689327], [6.10589, 49.68932], [6.10597, 49.68931], [6.106051, 49.689297], [6.106306, 49.689823], [6.10644, 49.68979], [6.106577, 49.68975], [6.106687, 49.689724], [6.10679, 49.689697], [6.106978, 49.68965], [6.107019, 49.689644], [6.107206, 49.68999], [6.10734, 49.689987], [6.107767, 49.690086], [6.10811, 49.69016], [6.108473, 49.69024], [6.108854, 49.690308], [6.109175, 49.69036], [6.109465, 49.690403], [6.109919, 49.690456], [6.110197, 49.690487], [6.110308, 49.690495], [6.110388, 49.690502], [6.110628, 49.690517], [6.11093, 49.690533], [6.1112, 49.690556], [6.111227, 49.690556], [6.111296, 49.690563], [6.111475, 49.69058], [6.11162, 49.69059], [6.111712, 49.690598], [6.111753, 49.6906], [6.111788, 49.690605], [6.112028, 49.690624], [6.112162, 49.69063], [6.11223, 49.69064], [6.112326, 49.690655], [6.112459, 49.69069], [6.112589, 49.690712], [6.112894, 49.690746], [6.113577, 49.690826], [6.113768, 49.691338], [6.11389, 49.691307], [6.114065, 49.691265], [6.114233, 49.691223], [6.114344, 49.691196], [6.114397, 49.691185], [6.114481, 49.691162], [6.114504, 49.69116], [6.114649, 49.691124], [6.114714, 49.691105], [6.114752, 49.691097], [6.114821, 49.69108], [6.114916, 49.69105], [6.115042, 49.691017], [6.115126, 49.69099], [6.115259, 49.690952], [6.115419, 49.6909], [6.11556, 49.690857], [6.115725, 49.6909], [6.115744, 49.690903], [6.115873, 49.690937], [6.116354, 49.69107], [6.116797, 49.691196], [6.11698, 49.69132], [6.117609, 49.691765], [6.117777, 49.691883], [6.117994, 49.69205], [6.118086, 49.69198], [6.118166, 49.69195], [6.1182, 49.691944], [6.118231, 49.691936], [6.118269, 49.69194], [6.118296, 49.69194], [6.118502, 49.69196], [6.11857, 49.691963], [6.11862, 49.69196], [6.118685, 49.69195], [6.11878, 49.691933], [6.118799, 49.69195], [6.118837, 49.69199], [6.118875, 49.692024], [6.119001, 49.692116], [6.11941, 49.69144], [6.119505, 49.691284], [6.119551, 49.69119], [6.119604, 49.691074], [6.119619, 49.69101], [6.119635, 49.690937], [6.119631, 49.690887], [6.119619, 49.690823], [6.1196, 49.690765], [6.11949, 49.690502], [6.119684, 49.69045], [6.11976, 49.690426], [6.119982, 49.690353], [6.120119, 49.690304], [6.120184, 49.69028], [6.120249, 49.690254], [6.12034, 49.69022], [6.120413, 49.69019], [6.120478, 49.690166], [6.120565, 49.690132], [6.12068, 49.690083], [6.120806, 49.690033], [6.121023, 49.69026], [6.121126, 49.690395], [6.121191, 49.6905], [6.12126, 49.69064], [6.121328, 49.690845], [6.121386, 49.691067], [6.121466, 49.691055], [6.121485, 49.691055], [6.121664, 49.691036], [6.121695, 49.691032], [6.121836, 49.691017], [6.121881, 49.69101], [6.121984, 49.690998], [6.122, 49.690998], [6.122099, 49.690987], [6.122202, 49.690975], [6.122255, 49.690968], [6.122435, 49.69095], [6.122629, 49.690926], [6.122683, 49.690918], [6.122793, 49.690907], [6.122953, 49.690887], [6.123064, 49.690876], [6.123148, 49.69087], [6.123251, 49.690853], [6.123503, 49.690826], [6.123625, 49.69081], [6.124033, 49.69096], [6.124205, 49.69103], [6.124338, 49.691093], [6.12459, 49.69125], [6.12475, 49.69136], [6.124817, 49.691416], [6.125227, 49.691757], [6.125799, 49.69225], [6.125845, 49.692287], [6.125868, 49.692307], [6.125876, 49.692238], [6.12591, 49.691708], [6.12591, 49.691643], [6.127607, 49.69154], [6.127554, 49.69131], [6.127527, 49.6912], [6.127478, 49.690968], [6.127443, 49.69082], [6.127756, 49.690796], [6.127989, 49.69078], [6.128286, 49.690765], [6.128321, 49.69076], [6.128553, 49.690746], [6.128935, 49.69075], [6.129026, 49.690754], [6.129259, 49.690758], [6.129576, 49.690765], [6.129621, 49.69077], [6.129664, 49.690445], [6.129671, 49.690407], [6.129675, 49.690357], [6.13069, 49.690403], [6.130716, 49.69025], [6.130754, 49.69], [6.130979, 49.690014], [6.131151, 49.69002], [6.131491, 49.69004], [6.131597, 49.689987], [6.131746, 49.689972], [6.133066, 49.689857], [6.133078, 49.689854], [6.133036, 49.689766], [6.133608, 49.68971], [6.133978, 49.68967], [6.134527, 49.689613], [6.134504, 49.689526], [6.134638, 49.68952], [6.134729, 49.68952], [6.134737, 49.689613], [6.134989, 49.689613], [6.134996, 49.689762], [6.135286, 49.68961], [6.135405, 49.689564], [6.135523, 49.689514], [6.13571, 49.689484], [6.135725, 49.68943], [6.135725, 49.689384], [6.135706, 49.689304], [6.135675, 49.689236], [6.135637, 49.689186], [6.135584, 49.689144], [6.135523, 49.68911], [6.135462, 49.68907], [6.135389, 49.68901], [6.135313, 49.68896], [6.135248, 49.68891], [6.135141, 49.688854], [6.135046, 49.68881], [6.134955, 49.688778], [6.134844, 49.688732], [6.134752, 49.68868], [6.134691, 49.68865], [6.134646, 49.688625], [6.134603, 49.688618], [6.134451, 49.688618], [6.134367, 49.688614], [6.134275, 49.688606], [6.134066, 49.688583], [6.133886, 49.688557], [6.133764, 49.688457], [6.133696, 49.688374], [6.133669, 49.688263], [6.133661, 49.688164], [6.133665, 49.688114], [6.133772, 49.68807], [6.133844, 49.68802], [6.13394, 49.68795], [6.133982, 49.687912], [6.134005, 49.68788], [6.13402, 49.68784], [6.134016, 49.68778], [6.133993, 49.687717], [6.133944, 49.687664], [6.133871, 49.68759], [6.133799, 49.687534], [6.133741, 49.687504], [6.133665, 49.68747], [6.133558, 49.687435], [6.133455, 49.68741], [6.133184, 49.68737], [6.132559, 49.686863], [6.132677, 49.68684], [6.133165, 49.68674], [6.133303, 49.686714], [6.133734, 49.686634], [6.134119, 49.68656], [6.134153, 49.686558], [6.1345, 49.686493], [6.135019, 49.686398], [6.134962, 49.686317], [6.134821, 49.68612], [6.134497, 49.685677], [6.13434, 49.685467], [6.134611, 49.685444], [6.135096, 49.6854], [6.135515, 49.685356], [6.135378, 49.685287], [6.13521, 49.685204], [6.135138, 49.685165], [6.134878, 49.685028], [6.13468, 49.68492], [6.13463, 49.684895], [6.134569, 49.684856], [6.13452, 49.684826], [6.1345, 49.68479], [6.13447, 49.684742], [6.134432, 49.684673], [6.134401, 49.684574], [6.134344, 49.684315], [6.134325, 49.684235], [6.134249, 49.683903], [6.134153, 49.683483], [6.134115, 49.683304], [6.134088, 49.68319], [6.134058, 49.683044], [6.134077, 49.682976], [6.134096, 49.6829], [6.134218, 49.682903], [6.134382, 49.682903], [6.134375, 49.682926], [6.13481, 49.682877], [6.134813, 49.682846], [6.134829, 49.682808], [6.135393, 49.682766], [6.136126, 49.68271], [6.136843, 49.682644], [6.136904, 49.68264], [6.137209, 49.682613], [6.137533, 49.682583], [6.137812, 49.68256], [6.137987, 49.68254], [6.138083, 49.682533], [6.138205, 49.68252], [6.138266, 49.682842], [6.138304, 49.683], [6.138365, 49.683224], [6.138449, 49.683212], [6.138468, 49.68321], [6.138662, 49.68318], [6.138773, 49.68317], [6.138967, 49.68314], [6.139151, 49.683113], [6.139166, 49.683113], [6.139433, 49.68307], [6.139444, 49.683067], [6.13954, 49.683052], [6.139578, 49.683044], [6.139624, 49.683037], [6.139738, 49.683018], [6.139852, 49.682995], [6.140081, 49.682953], [6.140192, 49.68293], [6.140207, 49.682926], [6.140329, 49.682903], [6.140509, 49.68287], [6.140551, 49.68286], [6.140696, 49.682835], [6.140722, 49.68283], [6.140814, 49.682816], [6.140966, 49.682785], [6.141035, 49.682774], [6.141169, 49.68275], [6.141245, 49.682735], [6.141256, 49.68273], [6.141771, 49.68264], [6.142092, 49.682747], [6.142256, 49.682854], [6.142462, 49.683], [6.142675, 49.683147], [6.142725, 49.683098], [6.14279, 49.683018], [6.142843, 49.68297], [6.142893, 49.68293], [6.142916, 49.682915], [6.143, 49.68287], [6.143145, 49.682724], [6.14324, 49.68263], [6.143335, 49.682545], [6.143358, 49.68252], [6.143827, 49.68222], [6.143866, 49.682198], [6.144327, 49.68178], [6.145128, 49.68168], [6.145483, 49.68163], [6.146223, 49.681557], [6.146791, 49.681496], [6.146952, 49.681477], [6.146978, 49.681473], [6.147013, 49.681465], [6.147181, 49.681446], [6.147287, 49.68143], [6.147505, 49.681404], [6.14768, 49.68138], [6.147844, 49.68136], [6.147963, 49.681343], [6.148092, 49.68138], [6.148214, 49.681408], [6.148264, 49.68142], [6.148352, 49.68143], [6.148432, 49.681446], [6.148527, 49.681458], [6.148615, 49.68147], [6.148687, 49.681477], [6.148844, 49.68149], [6.148916, 49.6815], [6.149221, 49.681534], [6.14929, 49.68154], [6.149458, 49.681557], [6.149565, 49.68157], [6.149729, 49.681587], [6.150065, 49.68162], [6.150259, 49.68164], [6.150358, 49.681652], [6.150499, 49.681667], [6.150633, 49.681683], [6.150759, 49.681694], [6.150869, 49.68171], [6.150995, 49.68172], [6.15114, 49.68174], [6.151213, 49.681747], [6.151602, 49.681793], [6.151724, 49.68181], [6.151819, 49.68182], [6.152086, 49.68185], [6.152193, 49.681866], [6.152414, 49.681892], [6.153383, 49.682014], [6.153597, 49.682037], [6.153704, 49.682045], [6.153746, 49.68205], [6.153818, 49.682053], [6.154077, 49.682068], [6.154203, 49.68207], [6.154455, 49.682068], [6.154635, 49.682064], [6.154779, 49.682064], [6.155016, 49.68205], [6.155611, 49.68201], [6.155691, 49.682007], [6.155909, 49.68199], [6.155958, 49.682087], [6.15597, 49.682106], [6.156053, 49.682262], [6.156126, 49.6824], [6.156691, 49.682358], [6.157213, 49.682327], [6.157419, 49.68232], [6.157473, 49.68232], [6.157538, 49.682316], [6.157671, 49.682312], [6.158243, 49.682316], [6.158525, 49.682312], [6.158918, 49.682304], [6.15917, 49.682297], [6.159239, 49.682293], [6.159433, 49.682285], [6.159822, 49.682262], [6.160036, 49.68225], [6.160341, 49.68223], [6.160414, 49.682228], [6.16049, 49.682358], [6.160551, 49.682415], [6.160707, 49.682537], [6.161165, 49.682877], [6.161505, 49.683113], [6.161932, 49.68339], [6.16247, 49.683746], [6.163038, 49.684155], [6.163713, 49.684612], [6.164, 49.684822], [6.164106, 49.68485], [6.164667, 49.68497], [6.164904, 49.68502], [6.165686, 49.68518], [6.165998, 49.685246], [6.166292, 49.685307], [6.166834, 49.685425], [6.167292, 49.685528], [6.167894, 49.68567], [6.168318, 49.685764], [6.16894, 49.685925], [6.168985, 49.68594], [6.169031, 49.68595], [6.169081, 49.685963], [6.169298, 49.68602], [6.169664, 49.685974], [6.17013, 49.685913], [6.170626, 49.685852], [6.171514, 49.68574], [6.17227, 49.68565], [6.172674, 49.685596], [6.173017, 49.68556], [6.17322, 49.685535], [6.173368, 49.685654], [6.173414, 49.6857], [6.173494, 49.685772], [6.173563, 49.685825], [6.173605, 49.685852], [6.173662, 49.685886], [6.173769, 49.685947], [6.174036, 49.686123], [6.174105, 49.68617], [6.174433, 49.686375], [6.174734, 49.686565], [6.174932, 49.686687], [6.175253, 49.68669], [6.175684, 49.68669], [6.175634, 49.68678], [6.175592, 49.68685], [6.175673, 49.686844], [6.175863, 49.68682], [6.17605, 49.686802], [6.176222, 49.686787], [6.176401, 49.686775], [6.176619, 49.686764], [6.176718, 49.686764], [6.177027, 49.686756], [6.177336, 49.68675], [6.177694, 49.686745], [6.177992, 49.686737], [6.178114, 49.686733], [6.178236, 49.686733], [6.178389, 49.68672], [6.178476, 49.686714], [6.178553, 49.686707], [6.178652, 49.68669], [6.17877, 49.686672], [6.178835, 49.686665], [6.179068, 49.686626], [6.179171, 49.68661], [6.179281, 49.686596], [6.179399, 49.68658], [6.179483, 49.68657], [6.179602, 49.686554], [6.179674, 49.686546], [6.179827, 49.686528], [6.179869, 49.686523], [6.179831, 49.686447], [6.179754, 49.6863], [6.179602, 49.68599], [6.179136, 49.685074], [6.178987, 49.684765], [6.178965, 49.684723], [6.17898, 49.684708], [6.179049, 49.684654], [6.179163, 49.68461], [6.179323, 49.684555], [6.17943, 49.684532], [6.179617, 49.68452], [6.179808, 49.684517], [6.179827, 49.684475], [6.179853, 49.68445], [6.179888, 49.68443], [6.179933, 49.68441], [6.179953, 49.684395], [6.179964, 49.684364], [6.17996, 49.68434], [6.179945, 49.684303], [6.179914, 49.684277], [6.179869, 49.684254], [6.179827, 49.684246], [6.179796, 49.684227], [6.179777, 49.684208], [6.179766, 49.68419], [6.179754, 49.684162], [6.179754, 49.68413], [6.17975, 49.68409], [6.179735, 49.684055], [6.179709, 49.684025], [6.179693, 49.684], [6.179689, 49.683968], [6.179693, 49.683933], [6.179712, 49.683884], [6.179705, 49.683697], [6.179686, 49.683613], [6.179709, 49.683613], [6.180334, 49.683662], [6.180593, 49.683937], [6.180819, 49.684177], [6.180895, 49.684265], [6.180986, 49.684254], [6.181051, 49.684376], [6.181467, 49.68439], [6.18199, 49.6844], [6.18252, 49.684383], [6.182913, 49.684387], [6.183924, 49.684418], [6.185053, 49.684464], [6.18619, 49.68447], [6.187765, 49.684486], [6.187765, 49.68446], [6.188021, 49.684437], [6.188253, 49.684418], [6.188536, 49.6844], [6.188745, 49.68438], [6.189444, 49.684322], [6.189997, 49.684273], [6.190229, 49.684258], [6.190565, 49.684235], [6.190851, 49.6841], [6.191355, 49.683865], [6.191931, 49.683598], [6.192457, 49.68336], [6.192541, 49.683315], [6.192621, 49.683273], [6.192694, 49.683243], [6.192812, 49.683193], [6.193003, 49.683098], [6.193159, 49.683018], [6.193296, 49.682945], [6.193396, 49.682888], [6.19372, 49.68271], [6.194658, 49.68311], [6.195375, 49.683403], [6.196341, 49.68381], [6.19731, 49.68421], [6.197668, 49.684357], [6.198603, 49.684753], [6.19808, 49.685673], [6.197023, 49.6862], [6.196692, 49.68637], [6.196573, 49.68682], [6.196466, 49.687202], [6.196348, 49.68765], [6.196283, 49.68789], [6.196276, 49.68791], [6.197378, 49.688175], [6.197741, 49.688263], [6.198149, 49.688274], [6.199133, 49.688293], [6.199999, 49.688305], [6.20019, 49.688305], [6.20035, 49.688297], [6.200884, 49.68828], [6.201185, 49.688267], [6.201296, 49.688263], [6.202089, 49.688225], [6.2031, 49.688175], [6.203524, 49.688156], [6.204328, 49.688114], [6.204382, 49.688118], [6.20471, 49.68816], [6.205893, 49.68832], [6.206751, 49.68843], [6.207601, 49.688534], [6.207739, 49.68855], [6.209234, 49.688732], [6.210329, 49.688866], [6.210497, 49.688885], [6.211058, 49.688953], [6.211725, 49.689026], [6.212015, 49.68906], [6.212393, 49.688835], [6.212873, 49.688689], [6.212992, 49.688496], [6.213099, 49.688435], [6.213179, 49.688316], [6.213316, 49.688118], [6.213388, 49.688015], [6.213763, 49.687644], [6.214008, 49.687486], [6.214251, 49.687076], [6.214479, 49.686623], [6.214434, 49.686493], [6.214373, 49.6863], [6.214289, 49.686012], [6.214201, 49.685722], [6.214483, 49.685364], [6.21475, 49.685024], [6.214773, 49.684998], [6.214723, 49.684896], [6.214853, 49.684902], [6.214952, 49.684784], [6.215288, 49.684814], [6.215456, 49.68483], [6.216227, 49.6849], [6.217161, 49.684975], [6.217283, 49.684986], [6.217558, 49.685043], [6.21784, 49.685085], [6.218142, 49.685112], [6.218561, 49.68513], [6.218954, 49.685143], [6.219076, 49.685146], [6.219568, 49.685173], [6.219847, 49.685192], [6.22035, 49.685234], [6.220949, 49.685307], [6.222238, 49.685463], [6.222437, 49.685486], [6.222662, 49.68551], [6.223345, 49.685574], [6.223104, 49.684914], [6.222967, 49.684525], [6.223005, 49.684517], [6.223337, 49.684467], [6.223825, 49.684387], [6.223539, 49.683807], [6.223574, 49.683514], [6.223867, 49.68348], [6.223925, 49.68347], [6.22407, 49.683456], [6.224123, 49.68345], [6.224184, 49.68344], [6.224245, 49.683434], [6.224298, 49.68343], [6.22455, 49.683964], [6.224646, 49.68415], [6.22468, 49.68421], [6.224749, 49.684353], [6.22492, 49.684624], [6.2251, 49.68484], [6.225287, 49.685024], [6.225382, 49.685055], [6.225634, 49.685116], [6.225729, 49.68514], [6.225969, 49.685184], [6.226007, 49.685192], [6.226271, 49.68523], [6.226442, 49.68525], [6.226633, 49.68526], [6.226786, 49.685253], [6.227018, 49.6852], [6.22735, 49.68516], [6.227419, 49.685154], [6.227739, 49.68525], [6.227778, 49.68525], [6.228304, 49.68522], [6.22846, 49.685207], [6.228575, 49.6852], [6.229151, 49.685158], [6.229334, 49.685143], [6.229868, 49.685097], [6.230257, 49.685062], [6.230448, 49.68504], [6.230631, 49.685017], [6.230719, 49.685005], [6.230902, 49.684982], [6.231008, 49.684967], [6.231184, 49.684944], [6.231276, 49.684933], [6.2316, 49.684883], [6.23176, 49.684868], [6.231752, 49.68485], [6.231806, 49.684868], [6.231985, 49.684925], [6.232348, 49.685017], [6.232538, 49.685062], [6.232817, 49.685123], [6.233038, 49.685158], [6.233267, 49.685184], [6.233492, 49.685207], [6.233728, 49.68522], [6.234022, 49.685234], [6.234274, 49.685238], [6.234316, 49.685177], [6.23501, 49.684284], [6.235258, 49.683968], [6.235361, 49.683838], [6.235453, 49.68372], [6.235842, 49.68365], [6.236219, 49.683567], [6.236643, 49.68347], [6.23707, 49.683395], [6.237158, 49.683388], [6.237299, 49.683384], [6.237471, 49.683384], [6.237715, 49.683395], [6.237825, 49.68341], [6.238169, 49.68347], [6.238317, 49.683506], [6.238485, 49.68355], [6.238634, 49.683598], [6.238832, 49.683655], [6.239077, 49.683716], [6.239485, 49.683823], [6.239988, 49.683933], [6.241163, 49.684174], [6.241198, 49.68418], [6.241198, 49.684067], [6.241137, 49.683964], [6.241621, 49.68408], [6.242342, 49.68425], [6.242556, 49.6843], [6.242811, 49.684357], [6.2437, 49.68457], [6.244371, 49.68473], [6.244635, 49.68479], [6.244703, 49.684807], [6.245298, 49.684944], [6.245604, 49.68501], [6.245874, 49.685055], [6.246817, 49.685184], [6.247148, 49.68524], [6.247278, 49.68526], [6.247408, 49.685284], [6.247465, 49.6853], [6.247534, 49.685314], [6.24769, 49.685356], [6.24785, 49.685394], [6.247892, 49.68541], [6.247938, 49.68542], [6.248423, 49.685585], [6.248453, 49.685593], [6.248705, 49.68576], [6.24888, 49.685604], [6.249041, 49.685455], [6.249124, 49.68538], [6.249201, 49.685287], [6.249258, 49.685207], [6.249357, 49.685036], [6.249407, 49.684902], [6.249437, 49.68478], [6.249441, 49.684673], [6.249445, 49.684616], [6.249517, 49.68462], [6.249548, 49.684624], [6.249903, 49.684654], [6.250082, 49.68469], [6.250421, 49.68473], [6.250826, 49.684723], [6.251036, 49.684715], [6.251203, 49.684708], [6.251478, 49.684704], [6.251711, 49.6847], [6.252047, 49.68469], [6.252165, 49.68469], [6.252218, 49.684723], [6.252268, 49.684757], [6.252749, 49.685104], [6.252783, 49.685127], [6.252878, 49.685127], [6.252962, 49.685123], [6.253038, 49.685123], [6.25329, 49.684868], [6.253401, 49.684902], [6.25358, 49.68495], [6.25395, 49.685047], [6.254431, 49.685165], [6.254656, 49.685234], [6.25503, 49.68536], [6.255537, 49.685535], [6.256044, 49.685272], [6.25635, 49.685375], [6.256525, 49.685432], [6.256708, 49.685513], [6.256811, 49.68557], [6.256872, 49.685608], [6.256937, 49.685654], [6.256998, 49.68571], [6.257036, 49.685753], [6.257124, 49.68584], [6.257219, 49.685936], [6.257544, 49.686287], [6.257856, 49.686108], [6.257902, 49.686092], [6.257982, 49.68607], [6.258085, 49.68603], [6.25828, 49.685963], [6.258478, 49.685898], [6.258654, 49.68583], [6.25878, 49.685772], [6.258856, 49.685726], [6.259001, 49.685642], [6.259134, 49.68556], [6.259298, 49.685455], [6.259489, 49.685318], [6.259985, 49.684944], [6.260805, 49.684742], [6.260885, 49.684673], [6.260965, 49.684605], [6.261038, 49.68454], [6.261126, 49.684464], [6.261145, 49.68445], [6.261332, 49.684383], [6.26156, 49.684307], [6.261889, 49.6842], [6.262178, 49.684097], [6.262716, 49.68422], [6.262991, 49.68428], [6.263174, 49.684326], [6.263285, 49.684345], [6.263708, 49.684383], [6.263865, 49.68439], [6.263838, 49.684147], [6.263834, 49.68412], [6.263899, 49.68411], [6.263956, 49.6841], [6.26401, 49.68409], [6.264082, 49.684067], [6.264177, 49.68402], [6.264307, 49.683937], [6.26446, 49.683838], [6.26454, 49.683765], [6.264795, 49.68349], [6.264997, 49.68327], [6.265188, 49.683064], [6.265406, 49.6828], [6.265703, 49.682438], [6.265886, 49.682213], [6.265955, 49.682133], [6.266184, 49.68192], [6.266417, 49.681725], [6.266596, 49.681587], [6.266939, 49.68134], [6.267233, 49.681133], [6.267332, 49.68106], [6.267389, 49.68101], [6.267401, 49.68098], [6.267408, 49.68091], [6.267416, 49.680717], [6.267416, 49.680634], [6.267447, 49.6803], [6.267466, 49.6801], [6.267485, 49.67996], [6.267519, 49.679817], [6.267561, 49.679676], [6.267633, 49.67941], [6.267691, 49.679207], [6.267733, 49.679024], [6.267748, 49.678917], [6.267759, 49.678616], [6.267767, 49.67824], [6.267763, 49.678017], [6.267778, 49.677948], [6.267805, 49.67791], [6.267988, 49.677685], [6.268011, 49.677647], [6.268068, 49.677536], [6.268129, 49.67739], [6.268206, 49.677193], [6.26829, 49.676964], [6.268305, 49.676895], [6.26832, 49.67681], [6.268339, 49.676647], [6.268351, 49.67657], [6.268362, 49.67652], [6.268377, 49.67649], [6.268412, 49.67643], [6.268553, 49.676258], [6.268705, 49.676105], [6.26874, 49.676147], [6.268805, 49.67623], [6.269026, 49.67651], [6.269094, 49.676598], [6.269438, 49.67709], [6.269598, 49.67731], [6.269705, 49.677464], [6.269865, 49.677685], [6.270025, 49.677902], [6.270353, 49.677727], [6.27075, 49.6775], [6.27117, 49.67723], [6.271341, 49.677124], [6.271208, 49.676964], [6.271387, 49.676632], [6.271483, 49.676468], [6.271578, 49.676292], [6.271707, 49.676083], [6.271856, 49.675865], [6.271868, 49.67585], [6.272009, 49.675648], [6.272097, 49.67553], [6.272417, 49.675053], [6.272482, 49.67507], [6.273169, 49.675278], [6.273645, 49.67542], [6.273642, 49.675434], [6.274305, 49.675583], [6.274103, 49.676], [6.274672, 49.676315], [6.275038, 49.676502], [6.275389, 49.67668], [6.275545, 49.676765], [6.275869, 49.676933], [6.276144, 49.677067], [6.276342, 49.677162], [6.276426, 49.677197], [6.276556, 49.677254], [6.277121, 49.677452], [6.277376, 49.67759], [6.277933, 49.6779], [6.278009, 49.677757], [6.278048, 49.677593], [6.278101, 49.677376], [6.278162, 49.67714], [6.278219, 49.676907], [6.278273, 49.67668], [6.278391, 49.67623], [6.278452, 49.67601], [6.278463, 49.67591], [6.278467, 49.67581], [6.278456, 49.67556], [6.278448, 49.675076], [6.278444, 49.67492], [6.278437, 49.674747], [6.278425, 49.674515], [6.278437, 49.67424], [6.27846, 49.673576], [6.278463, 49.673542], [6.278479, 49.673462], [6.278509, 49.673336], [6.278524, 49.67329], [6.278635, 49.672947], [6.278665, 49.672836], [6.278681, 49.672737], [6.278715, 49.67262], [6.278772, 49.672386], [6.278795, 49.672268], [6.27886, 49.67186], [6.278883, 49.671684], [6.278837, 49.6713], [6.278772, 49.670803], [6.278727, 49.67029], [6.278711, 49.670105], [6.278635, 49.669243], [6.278582, 49.669243], [6.278566, 49.66924], [6.278555, 49.66923], [6.278547, 49.66922], [6.278547, 49.66921], [6.278551, 49.669197], [6.278547, 49.66918], [6.278547, 49.66915], [6.278524, 49.669144], [6.278509, 49.66915], [6.27846, 49.669186], [6.278433, 49.66919], [6.278406, 49.669197], [6.278383, 49.66919], [6.278368, 49.669186], [6.27836, 49.66917], [6.27836, 49.669136], [6.278345, 49.669125], [6.278326, 49.66912], [6.278307, 49.669125], [6.278261, 49.66914], [6.278246, 49.669144], [6.278231, 49.66914], [6.278219, 49.66913], [6.2782, 49.669125], [6.278173, 49.669132], [6.278147, 49.669132], [6.278128, 49.66913], [6.278105, 49.669117], [6.27807, 49.669117], [6.278051, 49.66912], [6.278028, 49.66914], [6.278006, 49.669144], [6.277986, 49.669144], [6.277964, 49.669132], [6.277945, 49.669106], [6.277929, 49.669098], [6.27791, 49.669094], [6.277891, 49.6691], [6.27788, 49.66911], [6.277861, 49.669136], [6.277838, 49.669147], [6.277811, 49.669147], [6.277792, 49.669144], [6.27778, 49.669132], [6.277773, 49.669106], [6.277758, 49.669083], [6.277735, 49.669067], [6.277723, 49.66906], [6.277697, 49.669056], [6.27767, 49.669056], [6.277655, 49.66905], [6.277659, 49.669025], [6.277662, 49.66901], [6.277647, 49.669003], [6.277624, 49.669], [6.277601, 49.669006], [6.277582, 49.669025], [6.277556, 49.66904], [6.277525, 49.669044], [6.277479, 49.669044], [6.27746, 49.66904], [6.277433, 49.66903], [6.277414, 49.66902], [6.277391, 49.669018], [6.277372, 49.669014], [6.277334, 49.669014], [6.277403, 49.668888], [6.277651, 49.668427], [6.278158, 49.66747], [6.278437, 49.667015], [6.27881, 49.666378], [6.278959, 49.666107], [6.279142, 49.66578], [6.279451, 49.665215], [6.279722, 49.664715], [6.279764, 49.66464], [6.279779, 49.664627], [6.27984, 49.664608], [6.279863, 49.664604], [6.279882, 49.66461], [6.279921, 49.664635], [6.27994, 49.664642], [6.279962, 49.66464], [6.279978, 49.66463], [6.279985, 49.664616], [6.279997, 49.664604], [6.280016, 49.6646], [6.280039, 49.664604], [6.28005, 49.66461], [6.280073, 49.66463], [6.2801, 49.664642], [6.280119, 49.664646], [6.280138, 49.664635], [6.280138, 49.664616], [6.280146, 49.664604], [6.280165, 49.664593], [6.280191, 49.66459], [6.280249, 49.664597], [6.280271, 49.664608], [6.280302, 49.66463], [6.280321, 49.66464], [6.280336, 49.664635], [6.28034, 49.664616], [6.28034, 49.6646], [6.280352, 49.66459], [6.280374, 49.664593], [6.28039, 49.6646], [6.280405, 49.664616], [6.280458, 49.66463], [6.280447, 49.664646], [6.280413, 49.664665], [6.280401, 49.66468], [6.280409, 49.664692], [6.28042, 49.6647], [6.280447, 49.664707], [6.280477, 49.664707], [6.280565, 49.6647], [6.280588, 49.664703], [6.280615, 49.664715], [6.280638, 49.66472], [6.280672, 49.664726], [6.280691, 49.664738], [6.280699, 49.66475], [6.28071, 49.664772], [6.280729, 49.66478], [6.280741, 49.664776], [6.280752, 49.66477], [6.28079, 49.6647], [6.280806, 49.664684], [6.280829, 49.664677], [6.280848, 49.66468], [6.280874, 49.664692], [6.280882, 49.664703], [6.280882, 49.664757], [6.280886, 49.66477], [6.280901, 49.664776], [6.28092, 49.664772], [6.280939, 49.66477], [6.280977, 49.664757], [6.280996, 49.664757], [6.281008, 49.664764], [6.281008, 49.66479], [6.281019, 49.6648], [6.281031, 49.6648], [6.28105, 49.664795], [6.281057, 49.664783], [6.281069, 49.66476], [6.281088, 49.664745], [6.281118, 49.664734], [6.281156, 49.66473], [6.281202, 49.66474], [6.281237, 49.664757], [6.281252, 49.664772], [6.281263, 49.664795], [6.281271, 49.66485], [6.281279, 49.664864], [6.281298, 49.664867], [6.281321, 49.664864], [6.281332, 49.664864], [6.281336, 49.66485], [6.281347, 49.664837], [6.28137, 49.66483], [6.281424, 49.664825], [6.281439, 49.664814], [6.281466, 49.664814], [6.281508, 49.664825], [6.28153, 49.66483], [6.281553, 49.664825], [6.281584, 49.664814], [6.281614, 49.66481], [6.281645, 49.664814], [6.281679, 49.66482], [6.281702, 49.66482], [6.281736, 49.66481], [6.28174, 49.664772], [6.281767, 49.66476], [6.281786, 49.66476], [6.281801, 49.664764], [6.281813, 49.66478], [6.281828, 49.66478], [6.281916, 49.664745], [6.281942, 49.664745], [6.281969, 49.664757], [6.281973, 49.664776], [6.281984, 49.664787], [6.282003, 49.664795], [6.282023, 49.66479], [6.282034, 49.664783], [6.282045, 49.664772], [6.282064, 49.66478], [6.282083, 49.664795], [6.282103, 49.6648], [6.282133, 49.664783], [6.282133, 49.664745], [6.282148, 49.664734], [6.282171, 49.664726], [6.28219, 49.66473], [6.282221, 49.664745], [6.282247, 49.66475], [6.282293, 49.664757], [6.282324, 49.664772], [6.282362, 49.664795], [6.282381, 49.6648], [6.282404, 49.664795], [6.282427, 49.664783], [6.282434, 49.664764], [6.282453, 49.66476], [6.282473, 49.66476], [6.282488, 49.66477], [6.282492, 49.664787], [6.282484, 49.66483], [6.282499, 49.66484], [6.282515, 49.664845], [6.282545, 49.66484], [6.282579, 49.66484], [6.282602, 49.66485], [6.282618, 49.66486], [6.282625, 49.664894], [6.282641, 49.664906], [6.282663, 49.664913], [6.282698, 49.664917], [6.282732, 49.664917], [6.282759, 49.66491], [6.282805, 49.664886], [6.28282, 49.664875], [6.282839, 49.66488], [6.282827, 49.664917], [6.282824, 49.664936], [6.282831, 49.664948], [6.282846, 49.66495], [6.282869, 49.66495], [6.282888, 49.664936], [6.282908, 49.66492], [6.282927, 49.664917], [6.282953, 49.66492], [6.283026, 49.66494], [6.283045, 49.66495], [6.283064, 49.66495], [6.283098, 49.664948], [6.283159, 49.66494], [6.283182, 49.66494], [6.283197, 49.664944], [6.283201, 49.66496], [6.283201, 49.664974], [6.283216, 49.664986], [6.283232, 49.66499], [6.283243, 49.66498], [6.28327, 49.664932], [6.283281, 49.664925], [6.283312, 49.664925], [6.283327, 49.664932], [6.283331, 49.664944], [6.283331, 49.664963], [6.283354, 49.665005], [6.283365, 49.665012], [6.283388, 49.66501], [6.283411, 49.665005], [6.283438, 49.66499], [6.283449, 49.66497], [6.283445, 49.664944], [6.283461, 49.664883], [6.28348, 49.66487], [6.283506, 49.66487], [6.283525, 49.66488], [6.283537, 49.664894], [6.283548, 49.664936], [6.283567, 49.664948], [6.28359, 49.66495], [6.283602, 49.664948], [6.283609, 49.664936], [6.28359, 49.66492], [6.283587, 49.664906], [6.283606, 49.66489], [6.283613, 49.664875], [6.283617, 49.66484], [6.283621, 49.664818], [6.28364, 49.664795], [6.283667, 49.664783], [6.28369, 49.664787], [6.283701, 49.6648], [6.283705, 49.664814], [6.283728, 49.664818], [6.283728, 49.6648], [6.283735, 49.664787], [6.283758, 49.664776], [6.283777, 49.664776], [6.283804, 49.664783], [6.283861, 49.664757], [6.283884, 49.66475], [6.283918, 49.664745], [6.283953, 49.664753], [6.283979, 49.66476], [6.283999, 49.664764], [6.28409, 49.664753], [6.284098, 49.66474], [6.28409, 49.664715], [6.284109, 49.6647], [6.28414, 49.664684], [6.284185, 49.664684], [6.284208, 49.66469], [6.284235, 49.66469], [6.284269, 49.6647], [6.284304, 49.664707], [6.284346, 49.66471], [6.284384, 49.664703], [6.28441, 49.664692], [6.284452, 49.664665], [6.284487, 49.66464], [6.284525, 49.66463], [6.284582, 49.66463], [6.284597, 49.66464], [6.284609, 49.66468], [6.284628, 49.664696], [6.284693, 49.664715], [6.284719, 49.664715], [6.284742, 49.664707], [6.284769, 49.664692], [6.284815, 49.66468], [6.284845, 49.66468], [6.284872, 49.66469], [6.284899, 49.664707], [6.284925, 49.664722], [6.284971, 49.664726], [6.285006, 49.664726], [6.285051, 49.66472], [6.285097, 49.664722], [6.285139, 49.664726], [6.285177, 49.66474], [6.285208, 49.664757], [6.285257, 49.66477], [6.28528, 49.66477], [6.285311, 49.66476], [6.285372, 49.664753], [6.285395, 49.664757], [6.285425, 49.664772], [6.285459, 49.664783], [6.285524, 49.664787], [6.285559, 49.664795], [6.285585, 49.664787], [6.285604, 49.664776], [6.285604, 49.66474], [6.285612, 49.664726], [6.285627, 49.66472], [6.28565, 49.66472], [6.285669, 49.664722], [6.285696, 49.66474], [6.285708, 49.66475], [6.28573, 49.66478], [6.285753, 49.66479], [6.285768, 49.66479], [6.285784, 49.664783], [6.285795, 49.66477], [6.285807, 49.66476], [6.285822, 49.664757], [6.285845, 49.664757], [6.285856, 49.66476], [6.285883, 49.66479], [6.285906, 49.6648], [6.285948, 49.664806], [6.28599, 49.664803], [6.286062, 49.664776], [6.28607, 49.664753], [6.286093, 49.664738], [6.286119, 49.664734], [6.286142, 49.664738], [6.28615, 49.66475], [6.286154, 49.664764], [6.286173, 49.664776], [6.2862, 49.66478], [6.286223, 49.664772], [6.286245, 49.66476], [6.286283, 49.664757], [6.286318, 49.66476], [6.286371, 49.66477], [6.286402, 49.66478], [6.286192, 49.6644], [6.285643, 49.6634], [6.285665, 49.66039], [6.285509, 49.65953], [6.285486, 49.65941], [6.282865, 49.659115], [6.282808, 49.659107], [6.282774, 49.659103], [6.28026, 49.65872], [6.280333, 49.6586], [6.280371, 49.658535], [6.280417, 49.658463], [6.280481, 49.65835], [6.280508, 49.658306], [6.280531, 49.658264], [6.280573, 49.658195], [6.280622, 49.658108], [6.280687, 49.658005], [6.280706, 49.65797], [6.280767, 49.65787], [6.280802, 49.65781], [6.280809, 49.657795], [6.280851, 49.657726], [6.280912, 49.657623], [6.280943, 49.657574], [6.28097, 49.657513], [6.280989, 49.657475], [6.281, 49.657448], [6.281176, 49.657135], [6.281248, 49.657116], [6.282053, 49.65724], [6.281984, 49.656834], [6.281942, 49.656578], [6.281881, 49.656143], [6.281858, 49.656], [6.281706, 49.65512], [6.281668, 49.654884], [6.28166, 49.654846], [6.281748, 49.65485], [6.281752, 49.654808], [6.281771, 49.654644], [6.281775, 49.65458], [6.281782, 49.654522], [6.28179, 49.654453], [6.28179, 49.654438], [6.281824, 49.65403], [6.281748, 49.65402], [6.281744, 49.65391], [6.281744, 49.653873], [6.28174, 49.653736], [6.281736, 49.653717], [6.281736, 49.653667], [6.281729, 49.653522], [6.281729, 49.653465], [6.281725, 49.653408], [6.281721, 49.65328], [6.281714, 49.65316], [6.281733, 49.653107], [6.282076, 49.652756], [6.282126, 49.652714], [6.282572, 49.652363], [6.28306, 49.65201], [6.283224, 49.6519], [6.283667, 49.65161], [6.284044, 49.65134], [6.284666, 49.65108], [6.285582, 49.650864], [6.286955, 49.65055], [6.288828, 49.649925], [6.289183, 49.649734], [6.289328, 49.649197], [6.289446, 49.649002], [6.289385, 49.64898], [6.289022, 49.64884], [6.289137, 49.64865], [6.289167, 49.648598], [6.289175, 49.648586], [6.289267, 49.64858], [6.289602, 49.648197], [6.289274, 49.64812], [6.289209, 49.648106], [6.289144, 49.64809], [6.288588, 49.64792], [6.289515, 49.64728], [6.289843, 49.647167], [6.290014, 49.64725], [6.29006, 49.647274], [6.289988, 49.64716], [6.2899, 49.647057], [6.28977, 49.646908], [6.289484, 49.646698], [6.28937, 49.64662], [6.289267, 49.64657], [6.289087, 49.646503], [6.289373, 49.646114], [6.28961, 49.645775], [6.289717, 49.645626], [6.289763, 49.645546], [6.289785, 49.64543], [6.289801, 49.645344], [6.289812, 49.64522], [6.289835, 49.64511], [6.289877, 49.644997], [6.289934, 49.644875], [6.290041, 49.64462], [6.290075, 49.644516], [6.290129, 49.64436], [6.290186, 49.64417], [6.290213, 49.644073], [6.290228, 49.643932], [6.290232, 49.64382], [6.290228, 49.643803], [6.290216, 49.64374], [6.29019, 49.643517], [6.290186, 49.643433], [6.290194, 49.64333], [6.290197, 49.64326], [6.290201, 49.64325], [6.290205, 49.64318], [6.290205, 49.643166], [6.290209, 49.643147], [6.290209, 49.6431], [6.290194, 49.64302], [6.290152, 49.642834], [6.290129, 49.64274], [6.290102, 49.642624], [6.290098, 49.64261], [6.290102, 49.64258], [6.290102, 49.642513], [6.29011, 49.64239], [6.29011, 49.642345], [6.290121, 49.64211], [6.290125, 49.64205], [6.290129, 49.642002], [6.290136, 49.641937], [6.29014, 49.64188], [6.290171, 49.641514], [6.290178, 49.641453], [6.290197, 49.641228], [6.290209, 49.64116], [6.290247, 49.640926], [6.290285, 49.640686], [6.290297, 49.640633], [6.290373, 49.640545], [6.290461, 49.64044], [6.290529, 49.640385], [6.290712, 49.64022], [6.29085, 49.640095], [6.290972, 49.639988], [6.291037, 49.63993], [6.291235, 49.639755], [6.291327, 49.639675], [6.291437, 49.639576], [6.291559, 49.63947], [6.291674, 49.639366], [6.291693, 49.639347], [6.291773, 49.63928], [6.291807, 49.639248], [6.291842, 49.639217], [6.291868, 49.6392], [6.291895, 49.639175], [6.291975, 49.639107], [6.292135, 49.638966], [6.292192, 49.63892], [6.292242, 49.638878], [6.29233, 49.638805], [6.292463, 49.638687], [6.292555, 49.638607], [6.292669, 49.638504], [6.292784, 49.638535], [6.292917, 49.638573], [6.293123, 49.63862], [6.293192, 49.638638], [6.293299, 49.63866], [6.293432, 49.638695], [6.293653, 49.638424], [6.293741, 49.638298], [6.293787, 49.638233], [6.293821, 49.638187], [6.29384, 49.638165], [6.29392, 49.638046], [6.294809, 49.63819], [6.295012, 49.63822], [6.295469, 49.638294], [6.295481, 49.638256], [6.295519, 49.63815], [6.295572, 49.637955], [6.295622, 49.637783], [6.295645, 49.637688], [6.295679, 49.637512], [6.295702, 49.63737], [6.295717, 49.637234], [6.295725, 49.637074], [6.295713, 49.636963], [6.295664, 49.636726], [6.295637, 49.636623], [6.295565, 49.636356], [6.296015, 49.63643], [6.296225, 49.636467], [6.29656, 49.63652], [6.296778, 49.63656], [6.296862, 49.636574], [6.296995, 49.636597], [6.297228, 49.636635], [6.29756, 49.63669], [6.297613, 49.6367], [6.297648, 49.636707], [6.297693, 49.636715], [6.297785, 49.63673], [6.297998, 49.63677], [6.298109, 49.636787], [6.29822, 49.636806], [6.298544, 49.636864], [6.298613, 49.636875], [6.298857, 49.636917], [6.29896, 49.636932], [6.299059, 49.636948], [6.299147, 49.636963], [6.299292, 49.63699], [6.299467, 49.63702], [6.299543, 49.63703], [6.299662, 49.637054], [6.299746, 49.637066], [6.299932, 49.6371], [6.300379, 49.637177], [6.30044, 49.637188], [6.300554, 49.637207], [6.300661, 49.637226], [6.300688, 49.63723], [6.300703, 49.637238], [6.300844, 49.637287], [6.300932, 49.63732], [6.301104, 49.637386], [6.301199, 49.637424], [6.30126, 49.63745], [6.30131, 49.637466], [6.301424, 49.637512], [6.301542, 49.637558], [6.301603, 49.6375], [6.301737, 49.637356], [6.301844, 49.637222], [6.301966, 49.637062], [6.302031, 49.636982], [6.302134, 49.637028], [6.302248, 49.637085], [6.302393, 49.637154], [6.302526, 49.63722], [6.302664, 49.637287], [6.302694, 49.637203], [6.302706, 49.637157], [6.30271, 49.63711], [6.302702, 49.63701], [6.302675, 49.636883], [6.302641, 49.636787], [6.302622, 49.636753], [6.302603, 49.63671], [6.30295, 49.636665], [6.303038, 49.636654], [6.303175, 49.636635], [6.303248, 49.636456], [6.30327, 49.636395], [6.303358, 49.636177], [6.303793, 49.63518], [6.303827, 49.6351], [6.303888, 49.63495], [6.303999, 49.634705], [6.304754, 49.63431], [6.304796, 49.634235], [6.304956, 49.63415], [6.307077, 49.63314], [6.307424, 49.632973], [6.307474, 49.63292], [6.307879, 49.632248], [6.308603, 49.63102], [6.308718, 49.63067], [6.308866, 49.630177], [6.309214, 49.628906], [6.30924, 49.62882], [6.309282, 49.62875], [6.309687, 49.628384], [6.309034, 49.6281], [6.307718, 49.62757], [6.307173, 49.627354], [6.307035, 49.627308], [6.306784, 49.627235], [6.30652, 49.627132], [6.305998, 49.626904], [6.305605, 49.6267], [6.304953, 49.626354], [6.30472, 49.62622], [6.304468, 49.62605], [6.304293, 49.625893], [6.303991, 49.62566], [6.303915, 49.625603], [6.303793, 49.62551], [6.303659, 49.625412], [6.30345, 49.625263], [6.303171, 49.62507], [6.302641, 49.62469], [6.302423, 49.62453], [6.301855, 49.62412], [6.301348, 49.62375], [6.300825, 49.623363], [6.300562, 49.62317], [6.300264, 49.62295], [6.299852, 49.62265], [6.299665, 49.622513], [6.299643, 49.622498], [6.299589, 49.622444], [6.299547, 49.622437], [6.299032, 49.621925], [6.298868, 49.62177], [6.298788, 49.62171], [6.298487, 49.621536], [6.2983, 49.62141], [6.297884, 49.621086], [6.297304, 49.620655], [6.296934, 49.620384], [6.296698, 49.620213], [6.296434, 49.61999], [6.295923, 49.619537], [6.295385, 49.61907], [6.294542, 49.61842], [6.29384, 49.617886], [6.293058, 49.61728], [6.292879, 49.61717], [6.292559, 49.617], [6.292387, 49.616875], [6.292223, 49.616707], [6.292181, 49.616642], [6.292231, 49.616634], [6.291819, 49.616276], [6.291029, 49.615654], [6.290373, 49.61514], [6.289682, 49.61462], [6.289045, 49.614132], [6.288168, 49.61348], [6.287233, 49.61279], [6.286894, 49.612545], [6.286577, 49.61239], [6.286116, 49.61207], [6.285887, 49.611885], [6.285753, 49.611736], [6.285616, 49.61162], [6.284456, 49.610775], [6.283556, 49.610126], [6.282732, 49.60953], [6.281858, 49.60891], [6.281298, 49.60851], [6.280466, 49.607895], [6.279921, 49.607487], [6.279718, 49.607307], [6.279528, 49.607132], [6.27923, 49.6068], [6.279097, 49.606686], [6.278784, 49.606434], [6.278612, 49.606277], [6.278479, 49.60611], [6.278357, 49.606003], [6.278116, 49.605896], [6.277609, 49.605675], [6.277388, 49.60552], [6.277021, 49.60525], [6.276869, 49.605133], [6.276682, 49.60496], [6.27627, 49.604557], [6.276064, 49.60434], [6.275934, 49.60418], [6.275736, 49.603916], [6.275499, 49.603592], [6.275488, 49.60355], [6.275476, 49.6035], [6.274939, 49.602913], [6.274771, 49.60272], [6.274672, 49.602592], [6.274653, 49.60255], [6.274633, 49.602474], [6.274607, 49.60239], [6.274534, 49.60229], [6.274439, 49.602173], [6.274267, 49.601948], [6.273958, 49.601513], [6.273786, 49.6013], [6.273821, 49.601288], [6.273912, 49.601254], [6.274168, 49.601154], [6.274427, 49.601055], [6.274595, 49.600994], [6.274893, 49.60088], [6.275175, 49.600777], [6.275412, 49.60069], [6.275488, 49.60077], [6.275583, 49.600853], [6.275679, 49.60094], [6.275763, 49.60101], [6.275923, 49.60113], [6.276079, 49.601242], [6.276163, 49.6013], [6.276289, 49.601364], [6.276426, 49.601433], [6.276495, 49.60146], [6.276689, 49.601524], [6.276758, 49.60154], [6.27696, 49.601578], [6.277109, 49.6016], [6.277449, 49.60164], [6.277475, 49.6018], [6.277491, 49.601883], [6.277502, 49.60195], [6.277514, 49.601997], [6.27754, 49.602116], [6.278109, 49.6021], [6.278349, 49.602097], [6.278662, 49.602097], [6.279089, 49.602108], [6.279432, 49.602135], [6.279833, 49.602165], [6.279974, 49.602306], [6.280649, 49.60247], [6.280729, 49.602493], [6.280935, 49.60253], [6.281412, 49.60262], [6.281965, 49.602715], [6.282087, 49.602734], [6.282137, 49.60274], [6.28219, 49.60275], [6.282331, 49.602737], [6.282721, 49.60271], [6.283033, 49.60269], [6.283297, 49.602676], [6.283483, 49.602665], [6.284391, 49.60263], [6.284937, 49.602608], [6.285311, 49.6024], [6.285795, 49.602123], [6.286337, 49.601818], [6.286852, 49.60183], [6.287199, 49.601833], [6.28763, 49.60183], [6.288107, 49.601826], [6.288515, 49.601818], [6.28861, 49.60168], [6.288774, 49.601448], [6.288973, 49.601173], [6.289125, 49.600952], [6.289183, 49.60081], [6.289308, 49.60045], [6.289339, 49.60035], [6.289431, 49.6001], [6.289553, 49.59976], [6.289763, 49.59962], [6.289823, 49.59958], [6.290011, 49.59945], [6.290129, 49.599354], [6.290319, 49.599216], [6.290369, 49.599155], [6.290556, 49.599113], [6.290846, 49.599045], [6.291044, 49.599], [6.291166, 49.598965], [6.291265, 49.59893], [6.291391, 49.598877], [6.291582, 49.5988], [6.29178, 49.598717], [6.291868, 49.598682], [6.291918, 49.598663], [6.291979, 49.59865], [6.292067, 49.598637], [6.29217, 49.59864], [6.292242, 49.598648], [6.292402, 49.598648], [6.292479, 49.59865], [6.292559, 49.59866], [6.29265, 49.59866], [6.292791, 49.59865], [6.292875, 49.59864], [6.293047, 49.598625], [6.293314, 49.59859], [6.293478, 49.598568], [6.293558, 49.598553], [6.293715, 49.598526], [6.294062, 49.598454], [6.294168, 49.59843], [6.294409, 49.598377], [6.294718, 49.598312], [6.295179, 49.598217], [6.295324, 49.597965], [6.295431, 49.597775], [6.2955, 49.59764], [6.295584, 49.597466], [6.295843, 49.596912], [6.295984, 49.596615], [6.296041, 49.596504], [6.296087, 49.596424], [6.296148, 49.59633], [6.296206, 49.596237], [6.296324, 49.59605], [6.296385, 49.59595], [6.296557, 49.595695], [6.296637, 49.595566], [6.296652, 49.595543], [6.296923, 49.595318], [6.296942, 49.595303], [6.297228, 49.595066], [6.297491, 49.5949], [6.297586, 49.594833], [6.297731, 49.594734], [6.297876, 49.594585], [6.298075, 49.594387], [6.298185, 49.594273], [6.298254, 49.594215], [6.298418, 49.59408], [6.298677, 49.593876], [6.298925, 49.593685], [6.299337, 49.59336], [6.299524, 49.593212], [6.299612, 49.593136], [6.299627, 49.59289], [6.299654, 49.592537], [6.299673, 49.592194], [6.299684, 49.59207], [6.2997, 49.59179], [6.29973, 49.591164], [6.299948, 49.591087], [6.300299, 49.59097], [6.300741, 49.59082], [6.301203, 49.590664], [6.301256, 49.59065], [6.301306, 49.59063], [6.301763, 49.590473], [6.301558, 49.590206], [6.301325, 49.589912], [6.301516, 49.589615], [6.301741, 49.589256], [6.302004, 49.588844], [6.302031, 49.5886], [6.302076, 49.58824], [6.302126, 49.587856], [6.302175, 49.587486], [6.302229, 49.587048], [6.302248, 49.586906], [6.302271, 49.586697], [6.302317, 49.586575], [6.302378, 49.58647], [6.302469, 49.58632], [6.302534, 49.586113], [6.302633, 49.585804], [6.302671, 49.58568], [6.302744, 49.585423], [6.302816, 49.58517], [6.302854, 49.585014], [6.302813, 49.584885], [6.302694, 49.58457], [6.30261, 49.584362], [6.302549, 49.584194], [6.302412, 49.58381], [6.302362, 49.583748], [6.302301, 49.58369], [6.302187, 49.583588], [6.30187, 49.583336], [6.301558, 49.58313], [6.301184, 49.582886], [6.301149, 49.582867], [6.301065, 49.582817], [6.300833, 49.582676], [6.300821, 49.58267], [6.300764, 49.58263], [6.300711, 49.582664], [6.299994, 49.58316], [6.299272, 49.583664], [6.298796, 49.58399], [6.298384, 49.58428], [6.297941, 49.584583], [6.297449, 49.584904], [6.297266, 49.585], [6.29706, 49.585075], [6.296866, 49.585136], [6.296297, 49.585297], [6.295336, 49.58557], [6.294275, 49.585876], [6.293188, 49.586193], [6.29191, 49.58656], [6.291769, 49.586437], [6.291658, 49.586376], [6.291575, 49.58634], [6.291456, 49.586315], [6.291315, 49.586296], [6.291182, 49.586292], [6.29072, 49.5863], [6.290331, 49.586308], [6.289946, 49.586323], [6.289144, 49.586376], [6.28834, 49.58643], [6.287813, 49.586456], [6.287153, 49.58648], [6.285646, 49.586533], [6.284857, 49.58656], [6.284609, 49.58656], [6.28443, 49.58654], [6.283468, 49.58632], [6.282762, 49.586174], [6.282049, 49.586033], [6.281446, 49.585926], [6.280676, 49.58579], [6.27976, 49.585636], [6.278978, 49.585503], [6.278009, 49.58533], [6.277349, 49.5852], [6.276651, 49.585064], [6.276049, 49.58494], [6.274813, 49.584732], [6.274172, 49.584698], [6.273165, 49.58468], [6.272062, 49.58464], [6.271055, 49.584595], [6.269876, 49.58436], [6.26948, 49.58423], [6.268679, 49.583954], [6.268648, 49.583786], [6.268644, 49.583645], [6.268778, 49.583256], [6.268755, 49.58314], [6.268629, 49.582916], [6.268229, 49.582363], [6.267946, 49.581924], [6.267733, 49.581493], [6.267557, 49.581097], [6.267248, 49.5805], [6.26745, 49.57996], [6.267412, 49.579956], [6.267225, 49.579712], [6.267145, 49.57961], [6.267126, 49.579582], [6.267069, 49.57951], [6.267019, 49.57945], [6.266958, 49.579365], [6.266672, 49.579136], [6.266611, 49.579086], [6.266451, 49.578957], [6.266233, 49.57885], [6.265974, 49.578728], [6.265772, 49.578648], [6.265829, 49.578903], [6.265833, 49.579086], [6.265818, 49.5792], [6.265745, 49.57941], [6.26568, 49.579605], [6.265642, 49.579693], [6.265596, 49.5798], [6.265551, 49.5799], [6.265417, 49.579838], [6.265524, 49.579567], [6.265654, 49.57912], [6.265661, 49.57902], [6.265528, 49.579014], [6.265512, 49.578655], [6.265524, 49.57855], [6.265589, 49.578457], [6.265688, 49.578354], [6.265806, 49.57825], [6.265665, 49.57825], [6.265501, 49.578255], [6.265406, 49.578255], [6.265314, 49.57825], [6.263922, 49.578487], [6.263815, 49.578506], [6.263189, 49.578583], [6.262548, 49.578636], [6.262449, 49.57864], [6.262007, 49.578655], [6.261931, 49.57866], [6.261786, 49.578667], [6.261675, 49.57867], [6.261267, 49.57869], [6.261232, 49.57869], [6.260694, 49.578716], [6.260588, 49.57872], [6.260405, 49.578728], [6.260134, 49.578743], [6.259455, 49.578777], [6.259355, 49.578674], [6.259287, 49.578617], [6.259131, 49.5785], [6.259024, 49.578415], [6.258932, 49.578346], [6.258692, 49.578175], [6.258577, 49.578102], [6.258383, 49.577976], [6.258211, 49.577877], [6.258108, 49.577766], [6.25783, 49.577473], [6.257791, 49.57743], [6.257738, 49.577362], [6.25762, 49.577217], [6.257585, 49.577168], [6.257505, 49.577072], [6.257429, 49.576977], [6.257353, 49.576874], [6.257132, 49.5766], [6.257059, 49.576504], [6.256975, 49.576397], [6.256929, 49.57634], [6.256876, 49.576256], [6.256864, 49.576225], [6.256834, 49.576157], [6.256807, 49.576084], [6.256796, 49.576046], [6.256727, 49.575756], [6.256704, 49.575695], [6.256689, 49.575645], [6.256678, 49.575634], [6.256647, 49.57559], [6.256628, 49.575558], [6.256559, 49.57548], [6.256529, 49.575447], [6.256487, 49.57541], [6.256411, 49.575336], [6.256327, 49.575283], [6.256296, 49.57526], [6.256052, 49.5751], [6.256025, 49.575077], [6.255938, 49.575012], [6.255842, 49.574936], [6.255812, 49.57491], [6.255739, 49.574844], [6.255606, 49.574726], [6.255568, 49.574677], [6.255487, 49.574566], [6.255442, 49.574486], [6.255446, 49.57446], [6.255484, 49.57425], [6.255533, 49.574062], [6.255636, 49.57364], [6.255659, 49.57355], [6.25567, 49.573467], [6.255667, 49.57344], [6.255655, 49.573406], [6.255568, 49.57322], [6.255446, 49.57293], [6.255381, 49.572784], [6.255373, 49.572674], [6.255388, 49.57257], [6.255419, 49.57246], [6.25551, 49.572224], [6.255526, 49.572193], [6.255541, 49.572155], [6.25572, 49.571877], [6.256033, 49.57144], [6.256166, 49.571255], [6.256384, 49.570984], [6.256895, 49.570576], [6.257189, 49.570347], [6.257486, 49.570126], [6.257505, 49.57011], [6.2572, 49.570004], [6.256258, 49.569695], [6.255793, 49.56954], [6.255732, 49.56954], [6.255526, 49.56951], [6.255083, 49.56939], [6.254805, 49.569317], [6.254644, 49.569225], [6.254213, 49.56899], [6.253969, 49.56881], [6.253839, 49.568707], [6.253775, 49.568645], [6.25345, 49.568596], [6.25297, 49.56842], [6.2525, 49.568363], [6.252081, 49.568214], [6.251707, 49.56814], [6.251111, 49.56798], [6.250673, 49.567863], [6.250269, 49.56789], [6.249365, 49.567646], [6.248819, 49.567566], [6.248041, 49.567677], [6.247458, 49.567623], [6.246908, 49.567627], [6.245954, 49.567654], [6.245592, 49.567608], [6.24468, 49.56769], [6.243681, 49.567707], [6.24299, 49.56758], [6.242502, 49.567665], [6.242311, 49.56766], [6.24188, 49.567657], [6.241777, 49.567654], [6.241625, 49.56766], [6.240965, 49.568027], [6.240385, 49.568546], [6.239901, 49.569252], [6.239576, 49.569576], [6.239481, 49.56965], [6.238653, 49.569843], [6.238039, 49.569996], [6.237852, 49.570034], [6.23752, 49.570087], [6.23694, 49.570164], [6.236567, 49.57021], [6.236353, 49.570213], [6.23612, 49.570206], [6.235346, 49.570168], [6.234545, 49.57013], [6.234087, 49.570103], [6.233744, 49.570072], [6.233572, 49.570053], [6.233442, 49.57004], [6.233198, 49.57001], [6.232969, 49.569992], [6.23276, 49.569984], [6.23234, 49.570007], [6.23197, 49.570004], [6.231802, 49.569996], [6.23171, 49.569996], [6.231554, 49.57], [6.231443, 49.57001], [6.231302, 49.57003], [6.231237, 49.57004], [6.231207, 49.56998], [6.231127, 49.56981], [6.231008, 49.569546], [6.230982, 49.56949], [6.230887, 49.569202], [6.230825, 49.569004], [6.231134, 49.568787], [6.231375, 49.568615], [6.231516, 49.568516], [6.231806, 49.568382], [6.232061, 49.568172], [6.232248, 49.56802], [6.232401, 49.567894], [6.232038, 49.56761], [6.232252, 49.56737], [6.232553, 49.567043], [6.232904, 49.56672], [6.233049, 49.566574], [6.233339, 49.566284], [6.23353, 49.566086], [6.233595, 49.56561], [6.233599, 49.565594], [6.233606, 49.565525], [6.233652, 49.565434], [6.233679, 49.565384], [6.233889, 49.564976], [6.233847, 49.56494], [6.23382, 49.564915], [6.233713, 49.564827], [6.23361, 49.564735], [6.233526, 49.564667], [6.233511, 49.56465], [6.23345, 49.56459], [6.233381, 49.564526], [6.233343, 49.56448], [6.233236, 49.564365], [6.233183, 49.56431], [6.233126, 49.564247], [6.23311, 49.564228], [6.23308, 49.564198], [6.233019, 49.564133], [6.232946, 49.564053], [6.232782, 49.563877], [6.232687, 49.56377], [6.232401, 49.56353], [6.232267, 49.56342], [6.232122, 49.563297], [6.232092, 49.56327], [6.232054, 49.563213], [6.231993, 49.563133], [6.231878, 49.562973], [6.231829, 49.5629], [6.231714, 49.56274], [6.231676, 49.562687], [6.231642, 49.562645], [6.231741, 49.562546], [6.231806, 49.56249], [6.231939, 49.562363], [6.231978, 49.56233], [6.232367, 49.561974], [6.232439, 49.56185], [6.232515, 49.561672], [6.232855, 49.560806], [6.232935, 49.560673], [6.233072, 49.56044], [6.232962, 49.56043], [6.232843, 49.56041], [6.232744, 49.5604], [6.232698, 49.56039], [6.232199, 49.560272], [6.232054, 49.560226], [6.23197, 49.5602], [6.231813, 49.560135], [6.231684, 49.560062], [6.231607, 49.560017], [6.231566, 49.55998], [6.231302, 49.559704], [6.231199, 49.55956], [6.231169, 49.559464], [6.231108, 49.559284], [6.231081, 49.559177], [6.231051, 49.55904], [6.231024, 49.558887], [6.231024, 49.558853], [6.231001, 49.558586], [6.231012, 49.55832], [6.231054, 49.55811], [6.231108, 49.557945], [6.231165, 49.557804], [6.231218, 49.55768], [6.231463, 49.557465], [6.231531, 49.557404], [6.231585, 49.557358], [6.231646, 49.5573], [6.231707, 49.55725], [6.231821, 49.557148], [6.231928, 49.55705], [6.232023, 49.55696], [6.232084, 49.556904], [6.232229, 49.556763], [6.232332, 49.556664], [6.232443, 49.55656], [6.232626, 49.556385], [6.232664, 49.556328], [6.23276, 49.55619], [6.232847, 49.55606], [6.232904, 49.555977], [6.232965, 49.55589], [6.233068, 49.555927], [6.233335, 49.555565], [6.233484, 49.555412], [6.233713, 49.555202], [6.233896, 49.555065], [6.234098, 49.55491], [6.23448, 49.554676], [6.234865, 49.554474], [6.235334, 49.55425], [6.235475, 49.554195], [6.235308, 49.553905], [6.235258, 49.55383], [6.235251, 49.55381], [6.23522, 49.553764], [6.235193, 49.553715], [6.235163, 49.553665], [6.235102, 49.553555], [6.235044, 49.553463], [6.235022, 49.553417], [6.234953, 49.553307], [6.234545, 49.55343], [6.234057, 49.55363], [6.233519, 49.55388], [6.233412, 49.553932], [6.233267, 49.553997], [6.232561, 49.553658], [6.232145, 49.553474], [6.23179, 49.55334], [6.231386, 49.55323], [6.231176, 49.553177], [6.230921, 49.553127], [6.230326, 49.553032], [6.23028, 49.553024], [6.229734, 49.553463], [6.22912, 49.553978], [6.228296, 49.554615], [6.227991, 49.554867], [6.227358, 49.555492], [6.227137, 49.55575], [6.226603, 49.55681], [6.226507, 49.55684], [6.22624, 49.556835], [6.226122, 49.556805], [6.225828, 49.55672], [6.225706, 49.556686], [6.225542, 49.556637], [6.22547, 49.556614], [6.225203, 49.55652], [6.225042, 49.556454], [6.224478, 49.5562], [6.224188, 49.55604], [6.223822, 49.555836], [6.223516, 49.556183], [6.222967, 49.555977], [6.222658, 49.55586], [6.222444, 49.55579], [6.221853, 49.555603], [6.221777, 49.55558], [6.221731, 49.55557], [6.221544, 49.555515], [6.22106, 49.555397], [6.220575, 49.55528], [6.220472, 49.555256], [6.220266, 49.555202], [6.220091, 49.555164], [6.220038, 49.55515], [6.219774, 49.5551], [6.219316, 49.555008], [6.219217, 49.55499], [6.219259, 49.55492], [6.219431, 49.55465], [6.219511, 49.554523], [6.219564, 49.554245], [6.219591, 49.5541], [6.21961, 49.55405], [6.219644, 49.553986], [6.219797, 49.55379], [6.219889, 49.553646], [6.220079, 49.553314], [6.220224, 49.553013], [6.220293, 49.552845], [6.220385, 49.55263], [6.220453, 49.552464], [6.220621, 49.552044], [6.220766, 49.551918], [6.220999, 49.551723], [6.221205, 49.55154], [6.221224, 49.55152], [6.221411, 49.551357], [6.221491, 49.551285], [6.221537, 49.551247], [6.2218, 49.55102], [6.221827, 49.551006], [6.221945, 49.550938], [6.222052, 49.550873], [6.222082, 49.550846], [6.222174, 49.550724], [6.222246, 49.55067], [6.222311, 49.550632], [6.222372, 49.550602], [6.222494, 49.550533], [6.222639, 49.550453], [6.222689, 49.550423], [6.222708, 49.55041], [6.222902, 49.55029], [6.222933, 49.55027], [6.223181, 49.550095], [6.223379, 49.54998], [6.223425, 49.549957], [6.223715, 49.54984], [6.223738, 49.549828], [6.223822, 49.549686], [6.223825, 49.549675], [6.223841, 49.549644], [6.22389, 49.549522], [6.223913, 49.54946], [6.223944, 49.549385], [6.223959, 49.54932], [6.223967, 49.549294], [6.223974, 49.54928], [6.223993, 49.54923], [6.22402, 49.549168], [6.224039, 49.549118], [6.224066, 49.54907], [6.2241, 49.549004], [6.224123, 49.548965], [6.224142, 49.54893], [6.224234, 49.548794], [6.224268, 49.54875], [6.224302, 49.54871], [6.224337, 49.548664], [6.22436, 49.548637], [6.224413, 49.54858], [6.224516, 49.548477], [6.224722, 49.548267], [6.224798, 49.548195], [6.22476, 49.54811], [6.224897, 49.548008], [6.22502, 49.547935], [6.225138, 49.547863], [6.225183, 49.547844], [6.22537, 49.547756], [6.225515, 49.547703], [6.225676, 49.54765], [6.22579, 49.547615], [6.226168, 49.547504], [6.226458, 49.547417], [6.226309, 49.54735], [6.225908, 49.547203], [6.225504, 49.547066], [6.22526, 49.546986], [6.225359, 49.54688], [6.225466, 49.546764], [6.225573, 49.546646], [6.225668, 49.546543], [6.225779, 49.54642], [6.226011, 49.54617], [6.226046, 49.546135], [6.226091, 49.546085], [6.226236, 49.545933], [6.226442, 49.545727], [6.226538, 49.545628], [6.22666, 49.545506], [6.226927, 49.545242], [6.227476, 49.54469], [6.227503, 49.54466], [6.227632, 49.544716], [6.228018, 49.544888], [6.228449, 49.54507], [6.228697, 49.545177], [6.229002, 49.545288], [6.229265, 49.545383], [6.229372, 49.545303], [6.229521, 49.545193], [6.229643, 49.5451], [6.229765, 49.545013], [6.229963, 49.54487], [6.230169, 49.544716], [6.23036, 49.54458], [6.230135, 49.54444], [6.229876, 49.544292], [6.229494, 49.54407], [6.229376, 49.544003], [6.229231, 49.543915], [6.228846, 49.543694], [6.228464, 49.543476], [6.228254, 49.54336], [6.228151, 49.5433], [6.228235, 49.543217], [6.228281, 49.543175], [6.228338, 49.54312], [6.228399, 49.543064], [6.22859, 49.542892], [6.228647, 49.542847], [6.228697, 49.54281], [6.228819, 49.542713], [6.22888, 49.542667], [6.229044, 49.54255], [6.229196, 49.542454], [6.229383, 49.54235], [6.229418, 49.54233], [6.2292, 49.542046], [6.228857, 49.541553], [6.228754, 49.54143], [6.228617, 49.541256], [6.22838, 49.540966], [6.228693, 49.540806], [6.229395, 49.540535], [6.229891, 49.540367], [6.230116, 49.540287], [6.230062, 49.540253], [6.229986, 49.540207], [6.229818, 49.5401], [6.22978, 49.540077], [6.22957, 49.539936], [6.229284, 49.539738], [6.229147, 49.539616], [6.229078, 49.53953], [6.229032, 49.539455], [6.229013, 49.53942], [6.228968, 49.53932], [6.228918, 49.539177], [6.228838, 49.5388], [6.228781, 49.53854], [6.228506, 49.538616], [6.228201, 49.5387], [6.228071, 49.53828], [6.228033, 49.538166], [6.228022, 49.53813], [6.227976, 49.538], [6.227949, 49.537907], [6.227934, 49.53784], [6.22703, 49.53772], [6.226614, 49.537663], [6.225885, 49.537544], [6.225973, 49.537296], [6.225985, 49.53727], [6.226, 49.537228], [6.226007, 49.53721], [6.226038, 49.53713], [6.226069, 49.53704], [6.226091, 49.536976], [6.226103, 49.53695], [6.225321, 49.53689], [6.224577, 49.536827], [6.224005, 49.5368], [6.223738, 49.536793], [6.223707, 49.536793], [6.223585, 49.53679], [6.222952, 49.53679], [6.222864, 49.536785], [6.22254, 49.536785], [6.222403, 49.53679], [6.222216, 49.53679], [6.222082, 49.536793], [6.221869, 49.536793], [6.221563, 49.536797], [6.221472, 49.536797], [6.221308, 49.5368], [6.221212, 49.536804], [6.221182, 49.536896], [6.221102, 49.537125], [6.221087, 49.537174], [6.221048, 49.537266], [6.22093, 49.537575], [6.220602, 49.53828], [6.220392, 49.538692], [6.220232, 49.538593], [6.220064, 49.538486], [6.219896, 49.538383], [6.219854, 49.5384], [6.219736, 49.538445], [6.219614, 49.538498], [6.219572, 49.538513], [6.219793, 49.538673], [6.220068, 49.538868], [6.220144, 49.538918], [6.220396, 49.53908], [6.220415, 49.539093], [6.220617, 49.539207], [6.220888, 49.53934], [6.221109, 49.539444], [6.221476, 49.539604], [6.221315, 49.539673], [6.221304, 49.539944], [6.221304, 49.539963], [6.2213, 49.540005], [6.2213, 49.540066], [6.220686, 49.54023], [6.220076, 49.540394], [6.220007, 49.540413], [6.219938, 49.54043], [6.219805, 49.54026], [6.219282, 49.54038], [6.219008, 49.54044], [6.218164, 49.54063], [6.217428, 49.540806], [6.217405, 49.54077], [6.21723, 49.540543], [6.217077, 49.540333], [6.216997, 49.540226], [6.21694, 49.540146], [6.216833, 49.540005], [6.21681, 49.53997], [6.216688, 49.539803], [6.21665, 49.539753], [6.21662, 49.53971], [6.216593, 49.539677], [6.216475, 49.53952], [6.216402, 49.539413], [6.21636, 49.53936], [6.216326, 49.53931], [6.216314, 49.539295], [6.216291, 49.53926], [6.21615, 49.539066], [6.216074, 49.53896], [6.215956, 49.538788], [6.215898, 49.538708], [6.215773, 49.53852], [6.215757, 49.53847], [6.215757, 49.538433], [6.215754, 49.5384], [6.215757, 49.53832], [6.215769, 49.538246], [6.215822, 49.538124], [6.215841, 49.538074], [6.215868, 49.53802], [6.215918, 49.53788], [6.215963, 49.537643], [6.215986, 49.537502], [6.216021, 49.537346], [6.216047, 49.537216], [6.21607, 49.537155], [6.216105, 49.537106], [6.216188, 49.536995], [6.216291, 49.536854], [6.21636, 49.53675], [6.216398, 49.536694], [6.216433, 49.536617], [6.216459, 49.53654], [6.216482, 49.53645], [6.216486, 49.536407], [6.216482, 49.53631], [6.216471, 49.53621], [6.216413, 49.535976], [6.216372, 49.53583], [6.216322, 49.535706], [6.2162, 49.53546], [6.215586, 49.535378], [6.215483, 49.53531], [6.215323, 49.53518], [6.21525, 49.535023], [6.215189, 49.534893], [6.215132, 49.534763], [6.215071, 49.534615], [6.215094, 49.534473], [6.215147, 49.534157], [6.215185, 49.5339], [6.215197, 49.533817], [6.215204, 49.53377], [6.215216, 49.533527], [6.215235, 49.533318], [6.215242, 49.533222], [6.215242, 49.533207], [6.215178, 49.533173], [6.215132, 49.533157], [6.215101, 49.53315], [6.21504, 49.53313], [6.214785, 49.533054], [6.214743, 49.533043], [6.214499, 49.53304], [6.213747, 49.533012], [6.213274, 49.533012], [6.212801, 49.533016], [6.212503, 49.533], [6.211863, 49.53297], [6.211336, 49.532772], [6.211164, 49.532707], [6.211096, 49.53268], [6.210985, 49.53263], [6.210814, 49.53255], [6.210634, 49.532467], [6.210428, 49.532368], [6.210024, 49.532166], [6.209761, 49.532032], [6.208757, 49.53217], [6.207777, 49.53233], [6.207315, 49.532516], [6.207266, 49.532482], [6.207171, 49.532406], [6.207121, 49.53243], [6.20698, 49.53228], [6.2068, 49.532085], [6.206705, 49.531982], [6.206545, 49.531834], [6.206369, 49.53168], [6.206144, 49.53151], [6.206106, 49.531525], [6.206072, 49.531506], [6.206068, 49.53148], [6.206072, 49.531456], [6.206007, 49.531403], [6.205957, 49.531353], [6.205904, 49.53128], [6.205843, 49.531223], [6.205702, 49.531097], [6.205629, 49.531006], [6.205587, 49.530968], [6.205522, 49.530922], [6.205492, 49.530903], [6.20545, 49.530865], [6.2054, 49.530743], [6.205336, 49.53066], [6.205301, 49.5306], [6.205294, 49.530552], [6.20529, 49.530514], [6.205252, 49.530468], [6.205221, 49.530426], [6.205202, 49.53039], [6.205198, 49.530376], [6.204813, 49.530453], [6.204775, 49.53037], [6.203665, 49.53067], [6.203573, 49.530544], [6.203451, 49.530388], [6.203226, 49.530098], [6.203051, 49.529865], [6.202928, 49.52971], [6.202829, 49.52958], [6.202787, 49.52953], [6.202566, 49.52925], [6.202391, 49.529026], [6.202383, 49.529015], [6.202349, 49.52897], [6.202314, 49.528923], [6.202093, 49.528675], [6.20207, 49.528656], [6.201723, 49.52835], [6.201387, 49.528065], [6.201094, 49.52781], [6.201075, 49.52779], [6.20104, 49.527756], [6.201353, 49.527573], [6.201853, 49.527275], [6.202082, 49.52713], [6.202219, 49.52705], [6.202429, 49.52693], [6.202261, 49.526855], [6.20199, 49.52678], [6.201632, 49.526684], [6.20112, 49.526573], [6.200758, 49.526505], [6.200567, 49.526463], [6.200293, 49.526695], [6.200186, 49.526783], [6.200117, 49.526844], [6.199804, 49.526726], [6.199514, 49.526615], [6.199163, 49.526493], [6.198835, 49.526382], [6.198774, 49.52647], [6.198641, 49.52667], [6.198225, 49.526543], [6.198042, 49.526485], [6.197752, 49.526394], [6.197569, 49.526352], [6.197367, 49.526302], [6.197283, 49.526283], [6.197168, 49.526253], [6.197115, 49.52624], [6.197023, 49.52622], [6.19713, 49.525806], [6.19684, 49.52576], [6.196802, 49.525753], [6.196657, 49.52573], [6.196497, 49.525703], [6.19636, 49.525684], [6.196226, 49.52566], [6.196173, 49.525654], [6.196123, 49.525642], [6.19607, 49.525635], [6.195967, 49.525627], [6.195871, 49.52563], [6.195749, 49.52563], [6.195543, 49.525642], [6.195429, 49.52564], [6.195253, 49.52563], [6.195181, 49.525627], [6.194979, 49.52562], [6.194849, 49.525616], [6.1947, 49.525616], [6.194548, 49.525623], [6.194426, 49.525646], [6.194277, 49.525684], [6.19414, 49.52573], [6.194048, 49.52576], [6.193789, 49.52585], [6.193594, 49.525898], [6.193342, 49.525955], [6.193071, 49.526024], [6.19306, 49.526184], [6.19306, 49.526222], [6.193052, 49.526318], [6.193045, 49.52645], [6.192839, 49.52643], [6.192434, 49.526367], [6.192083, 49.526318], [6.191927, 49.526287], [6.191706, 49.52625], [6.191576, 49.526226], [6.191507, 49.52621], [6.191217, 49.526154], [6.190927, 49.526093], [6.19079, 49.526066], [6.19084, 49.525974], [6.190683, 49.525936], [6.190309, 49.525837], [6.189863, 49.525726], [6.189753, 49.525696], [6.189478, 49.525627], [6.189138, 49.525543], [6.18907, 49.525528], [6.188974, 49.525913], [6.188921, 49.52612], [6.188913, 49.526157], [6.188791, 49.526134], [6.188681, 49.526115], [6.188528, 49.52608], [6.188421, 49.526054], [6.188303, 49.52602], [6.188208, 49.52599], [6.188044, 49.525932], [6.187036, 49.52555], [6.187021, 49.52558], [6.186956, 49.525684], [6.186872, 49.525814], [6.186789, 49.52593], [6.186708, 49.52602], [6.186678, 49.52606], [6.186556, 49.526196], [6.186369, 49.526394], [6.186335, 49.526432], [6.186201, 49.526577], [6.18614, 49.52665], [6.185987, 49.526817], [6.185667, 49.52717], [6.185507, 49.52734], [6.185362, 49.527485], [6.185213, 49.52763], [6.185045, 49.52778], [6.184816, 49.52771], [6.184645, 49.52766], [6.184536, 49.527627], [6.184347, 49.52757], [6.184168, 49.52751], [6.184019, 49.527466], [6.18368, 49.52737], [6.183538, 49.527332], [6.183466, 49.52731], [6.183386, 49.52729], [6.183115, 49.527214], [6.1831, 49.527206], [6.183016, 49.527184], [6.182928, 49.527157], [6.182917, 49.527153], [6.182856, 49.527134], [6.182592, 49.527046], [6.182417, 49.526993], [6.181936, 49.526836], [6.181143, 49.52658], [6.180853, 49.52649], [6.180689, 49.526443], [6.180483, 49.526382], [6.180441, 49.52637], [6.180357, 49.526344], [6.179823, 49.526188], [6.180063, 49.525673], [6.180178, 49.52544], [6.180201, 49.52539], [6.180284, 49.52522], [6.179804, 49.525154], [6.179472, 49.525105], [6.179068, 49.52506], [6.178205, 49.52496], [6.178041, 49.52494], [6.17774, 49.524906], [6.177362, 49.524857], [6.176966, 49.5248], [6.176539, 49.524723], [6.175989, 49.52462], [6.17576, 49.524567], [6.175535, 49.52451], [6.175199, 49.52442], [6.174852, 49.524326], [6.174505, 49.524223], [6.174284, 49.524155], [6.174295, 49.524136], [6.174334, 49.524082], [6.17449, 49.523903], [6.174299, 49.523838], [6.173853, 49.523674], [6.1737, 49.523544], [6.173628, 49.523487], [6.173506, 49.523388], [6.17343, 49.523327], [6.173246, 49.523216], [6.172945, 49.523056], [6.172693, 49.52292], [6.17248, 49.5228], [6.172365, 49.522724], [6.172285, 49.52266], [6.171988, 49.522274], [6.171717, 49.52194], [6.171617, 49.52181], [6.171617, 49.521557], [6.171621, 49.521366], [6.171633, 49.52106], [6.171644, 49.5209], [6.171694, 49.520607], [6.171709, 49.520515], [6.171721, 49.520435], [6.171724, 49.52042], [6.171728, 49.5204], [6.171728, 49.520382], [6.171732, 49.520348], [6.171732, 49.52033], [6.171751, 49.520145], [6.171762, 49.519943], [6.171793, 49.519444], [6.171804, 49.5193], [6.171949, 49.51894], [6.171988, 49.518837], [6.172052, 49.518665], [6.172083, 49.51838], [6.172117, 49.518116], [6.172125, 49.51802], [6.172129, 49.517944], [6.172133, 49.517597], [6.172136, 49.517445], [6.172136, 49.51733], [6.172133, 49.517292], [6.172129, 49.51705], [6.171778, 49.517025], [6.171454, 49.517014], [6.171049, 49.517002], [6.170828, 49.516994], [6.170492, 49.516987], [6.170401, 49.516983], [6.170122, 49.51698], [6.169779, 49.516975], [6.169687, 49.516975], [6.169355, 49.51698], [6.169115, 49.516987], [6.169004, 49.516994], [6.168901, 49.51701], [6.168818, 49.51702], [6.168634, 49.517048], [6.168154, 49.517113], [6.167841, 49.51715], [6.16773, 49.517162], [6.167589, 49.517174], [6.167376, 49.517197], [6.167166, 49.517216], [6.167009, 49.517227], [6.166639, 49.517258], [6.166513, 49.517273], [6.166365, 49.517284], [6.166063, 49.517323], [6.165785, 49.51736], [6.165594, 49.517384], [6.165472, 49.517395], [6.165232, 49.517406], [6.164926, 49.51741], [6.164656, 49.51741], [6.164331, 49.5174], [6.163858, 49.51737], [6.163729, 49.51736], [6.163668, 49.517357], [6.16258, 49.51728], [6.162432, 49.517445], [6.162058, 49.517857], [6.161806, 49.51773], [6.161455, 49.517555], [6.16102, 49.518135], [6.160791, 49.518433], [6.160585, 49.518612], [6.160273, 49.518513], [6.159742, 49.518913], [6.159571, 49.51877], [6.15954, 49.518745], [6.159159, 49.51901], [6.158182, 49.519703], [6.158012, 49.519818], [6.157457, 49.520195], [6.157194, 49.520363], [6.157026, 49.520466], [6.156706, 49.520657], [6.156359, 49.52082], [6.156214, 49.520893], [6.155912, 49.520992], [6.155485, 49.521107], [6.155581, 49.521175], [6.155691, 49.52125], [6.155832, 49.521324], [6.156225, 49.52141], [6.156614, 49.521496], [6.156763, 49.52166], [6.156897, 49.521816], [6.15703, 49.522007], [6.157103, 49.522114], [6.157186, 49.522224], [6.157499, 49.522594], [6.157785, 49.522877], [6.157843, 49.52293], [6.158251, 49.523273], [6.158594, 49.52353], [6.15885, 49.523712], [6.15962, 49.523857], [6.160292, 49.52385], [6.16091, 49.52377], [6.162188, 49.523396], [6.162809, 49.52325], [6.163057, 49.52319], [6.163401, 49.523132], [6.163855, 49.52306], [6.164164, 49.52304], [6.164469, 49.523033], [6.164751, 49.52307], [6.165476, 49.52319], [6.165354, 49.523323], [6.165804, 49.524563], [6.165976, 49.52508], [6.166155, 49.525604], [6.165907, 49.5259], [6.165548, 49.526352], [6.165194, 49.52662], [6.165018, 49.526752], [6.164381, 49.527218], [6.163629, 49.52732], [6.163275, 49.527363], [6.162344, 49.527416], [6.162283, 49.52742], [6.161402, 49.527466], [6.161348, 49.52808], [6.161268, 49.5286], [6.160833, 49.528862], [6.159868, 49.528687], [6.160143, 49.528103], [6.160292, 49.527782], [6.160341, 49.527187], [6.159307, 49.52693], [6.158442, 49.526714], [6.157949, 49.526558], [6.15732, 49.52636], [6.157221, 49.526344], [6.15708, 49.526337], [6.156076, 49.5263], [6.155851, 49.526657], [6.155718, 49.526863], [6.155413, 49.527355], [6.155477, 49.527557], [6.155493, 49.527664], [6.156282, 49.527977], [6.157045, 49.52827], [6.157812, 49.52856], [6.157961, 49.528618], [6.15814, 49.52869], [6.158445, 49.52881], [6.159056, 49.52923], [6.159567, 49.529594], [6.160261, 49.52969], [6.160421, 49.529716], [6.1611, 49.529816], [6.161287, 49.529842], [6.161852, 49.529926], [6.161928, 49.529938], [6.162062, 49.529957], [6.162771, 49.530064], [6.16276, 49.530193], [6.162752, 49.530296], [6.162748, 49.530354], [6.162737, 49.53049], [6.162729, 49.530617], [6.162722, 49.530724], [6.162699, 49.531025], [6.16268, 49.531292], [6.162672, 49.53139], [6.162933, 49.531465], [6.163103, 49.531513], [6.163301, 49.53138], [6.16334, 49.53138], [6.163382, 49.531387], [6.163454, 49.53141], [6.163496, 49.53143], [6.16353, 49.53147], [6.163538, 49.5315], [6.163519, 49.53154], [6.163458, 49.531616], [6.163519, 49.531666], [6.163965, 49.531788], [6.16453, 49.531948], [6.165403, 49.53202], [6.166235, 49.532097], [6.166204, 49.53278], [6.166201, 49.53282], [6.166693, 49.532806], [6.167177, 49.532806], [6.167799, 49.53284], [6.168207, 49.532894], [6.168592, 49.53301], [6.168749, 49.533054], [6.168642, 49.533268], [6.168707, 49.533287], [6.168882, 49.53334], [6.1691, 49.533398], [6.16929, 49.533447], [6.169642, 49.533512], [6.170118, 49.53358], [6.170134, 49.53358], [6.170263, 49.5336], [6.170343, 49.53361], [6.170443, 49.533627], [6.170488, 49.53363], [6.170546, 49.533638], [6.170637, 49.533646], [6.170732, 49.533653], [6.170805, 49.53366], [6.170755, 49.534233], [6.170744, 49.534607], [6.170767, 49.53508], [6.170767, 49.53512], [6.17103, 49.535057], [6.171343, 49.534992], [6.171713, 49.534935], [6.172152, 49.534874], [6.172426, 49.53485], [6.17285, 49.534832], [6.173567, 49.53481], [6.173578, 49.53483], [6.173769, 49.53524], [6.173914, 49.5356], [6.17399, 49.535793], [6.174032, 49.535904], [6.174082, 49.536034], [6.174189, 49.53602], [6.174631, 49.535957], [6.174711, 49.536144], [6.174807, 49.53636], [6.176455, 49.535995], [6.176413, 49.53605], [6.176371, 49.536102], [6.176355, 49.536125], [6.176107, 49.536373], [6.175737, 49.536716], [6.175577, 49.536854], [6.17499, 49.53734], [6.174826, 49.537468], [6.174688, 49.53758], [6.174406, 49.537804], [6.174307, 49.537888], [6.174238, 49.537945], [6.174154, 49.53804], [6.174059, 49.53815], [6.173998, 49.538265], [6.173914, 49.538414], [6.173906, 49.538433], [6.173548, 49.538406], [6.173258, 49.538372], [6.173262, 49.53839], [6.173384, 49.538666], [6.173471, 49.53884], [6.17351, 49.538918], [6.173605, 49.53908], [6.173693, 49.539234], [6.17375, 49.539345], [6.173811, 49.539486], [6.173872, 49.539677], [6.17391, 49.539845], [6.173937, 49.53995], [6.173979, 49.540142], [6.173918, 49.54015], [6.173632, 49.54018], [6.173441, 49.540203], [6.173387, 49.540726], [6.173349, 49.54133], [6.173342, 49.541462], [6.173323, 49.54188], [6.173315, 49.541985], [6.173292, 49.54224], [6.173296, 49.542347], [6.1733, 49.54248], [6.173311, 49.542606], [6.173319, 49.542747], [6.173143, 49.543], [6.173078, 49.543087], [6.173029, 49.543163], [6.172914, 49.543324], [6.172747, 49.5436], [6.172648, 49.543766], [6.172399, 49.544186], [6.172262, 49.544422], [6.172072, 49.544754], [6.171984, 49.544903], [6.171953, 49.544952], [6.1719, 49.54504], [6.171888, 49.545055], [6.171846, 49.545124], [6.171824, 49.545162], [6.171801, 49.545204], [6.171667, 49.545418], [6.171595, 49.545532], [6.171576, 49.545567], [6.172106, 49.545856], [6.172682, 49.546116], [6.173834, 49.546597], [6.17388, 49.546833], [6.17407, 49.546856], [6.174169, 49.546875], [6.174169, 49.546894], [6.17407, 49.54719], [6.1738, 49.54797], [6.173548, 49.548737], [6.17322, 49.549633], [6.173143, 49.549854], [6.173071, 49.549843], [6.172945, 49.549828], [6.172869, 49.549816], [6.172701, 49.549797], [6.172449, 49.549797], [6.172361, 49.5498], [6.171858, 49.54983], [6.171232, 49.54986], [6.170587, 49.549862], [6.16997, 49.549873], [6.169546, 49.549885], [6.169577, 49.54999], [6.169283, 49.550045], [6.168825, 49.55015], [6.1686, 49.550205], [6.168493, 49.550232], [6.168283, 49.55028], [6.168062, 49.55033], [6.16773, 49.55041], [6.167566, 49.55045], [6.167391, 49.55049], [6.167372, 49.550495], [6.167116, 49.550556], [6.166296, 49.55076], [6.16625, 49.55077], [6.165831, 49.550884], [6.165495, 49.550983], [6.165167, 49.551083], [6.164652, 49.551254], [6.1649, 49.55155], [6.165052, 49.55173], [6.165087, 49.551773], [6.165396, 49.55209], [6.165545, 49.552246], [6.165667, 49.552376], [6.165957, 49.552666], [6.165884, 49.552692], [6.165815, 49.552715], [6.165728, 49.552746], [6.165579, 49.552795], [6.165422, 49.55284], [6.1653, 49.55288], [6.165216, 49.552814], [6.165113, 49.55287], [6.165029, 49.55292], [6.164961, 49.55296], [6.164831, 49.553032], [6.16477, 49.55307], [6.164709, 49.553104], [6.164656, 49.553143], [6.164534, 49.553226], [6.164381, 49.553356], [6.164293, 49.55343], [6.16424, 49.5534], [6.164, 49.55327], [6.163443, 49.552917], [6.163061, 49.552658], [6.162699, 49.552387], [6.162554, 49.55249], [6.162508, 49.552525], [6.162359, 49.552647], [6.16218, 49.552788], [6.162104, 49.552864], [6.161997, 49.55298], [6.161959, 49.55302], [6.161932, 49.55305], [6.161879, 49.553112], [6.161867, 49.553127], [6.161798, 49.55321], [6.16176, 49.553253], [6.161734, 49.553288], [6.161696, 49.55332], [6.161673, 49.55334], [6.161619, 49.553383], [6.161558, 49.55343], [6.161444, 49.553513], [6.16136, 49.553577], [6.161299, 49.553623], [6.161264, 49.55365], [6.161234, 49.55367], [6.161222, 49.55368], [6.161135, 49.553738], [6.161089, 49.55377], [6.161066, 49.553783], [6.16078, 49.55349], [6.160654, 49.553364], [6.160482, 49.55318], [6.160391, 49.553215], [6.160227, 49.553272], [6.160154, 49.5533], [6.160021, 49.55335], [6.15999, 49.55336], [6.159895, 49.553394], [6.159834, 49.553417], [6.159815, 49.553425], [6.159693, 49.553467], [6.159651, 49.553482], [6.159628, 49.553493], [6.159544, 49.553524], [6.159452, 49.553555], [6.159426, 49.553566], [6.159338, 49.5536], [6.159208, 49.553646], [6.15954, 49.554085], [6.159578, 49.55414], [6.159903, 49.55456], [6.160391, 49.5552], [6.160421, 49.555237], [6.160456, 49.555283], [6.160379, 49.555305], [6.160116, 49.555386], [6.15996, 49.55543], [6.159876, 49.555458], [6.159677, 49.55552], [6.159609, 49.55554], [6.159536, 49.555557], [6.15951, 49.55557], [6.159273, 49.555637], [6.159227, 49.555653], [6.159162, 49.55567], [6.159079, 49.555695], [6.158983, 49.55572], [6.158869, 49.555756], [6.158815, 49.55569], [6.158762, 49.55563], [6.158354, 49.55514], [6.15785, 49.554554], [6.157606, 49.554287], [6.157538, 49.55421], [6.157488, 49.554153], [6.15737, 49.553993], [6.157083, 49.553505], [6.156878, 49.553165], [6.156813, 49.553177], [6.15663, 49.55322], [6.156134, 49.553326], [6.156092, 49.553333], [6.156053, 49.553345], [6.155882, 49.55338], [6.155729, 49.553413], [6.155523, 49.55346], [6.155359, 49.553493], [6.154993, 49.55358], [6.15489, 49.55347], [6.154795, 49.55337], [6.154623, 49.553196], [6.154478, 49.553047], [6.154455, 49.553055], [6.15428, 49.55312], [6.154207, 49.553146], [6.153746, 49.553318], [6.153635, 49.55335], [6.153307, 49.553455], [6.153181, 49.553493], [6.15309, 49.553524], [6.152945, 49.553574], [6.152704, 49.55366], [6.152643, 49.55368], [6.152563, 49.55371], [6.152411, 49.553764], [6.152346, 49.55379], [6.152277, 49.553814], [6.152208, 49.55384], [6.152128, 49.553764], [6.151228, 49.55396], [6.150232, 49.55418], [6.150209, 49.554127], [6.150137, 49.553894], [6.150099, 49.55383], [6.149954, 49.553616], [6.149904, 49.55354], [6.14966, 49.55361], [6.14945, 49.55368], [6.149301, 49.553726], [6.149149, 49.553776], [6.148523, 49.553974], [6.148134, 49.5541], [6.147867, 49.554184], [6.147535, 49.554295], [6.14736, 49.554356], [6.147184, 49.554413], [6.146555, 49.55463], [6.146418, 49.55468], [6.146265, 49.554733], [6.146212, 49.554752], [6.146143, 49.55478], [6.146078, 49.554802], [6.145903, 49.554558], [6.145742, 49.55442], [6.14567, 49.55428], [6.145598, 49.554058], [6.145472, 49.553955], [6.14533, 49.554005], [6.144831, 49.55417], [6.144499, 49.554276], [6.144159, 49.554382], [6.144117, 49.554398], [6.144045, 49.55442], [6.143999, 49.554436], [6.143885, 49.554447], [6.143835, 49.554455], [6.143663, 49.554485], [6.143614, 49.554497], [6.143312, 49.554554], [6.142733, 49.554623], [6.142607, 49.55465], [6.142237, 49.554726], [6.141806, 49.55482], [6.141329, 49.554935], [6.141073, 49.55501], [6.140986, 49.55504], [6.140871, 49.555073], [6.140669, 49.555138], [6.14052, 49.555187], [6.140444, 49.55521], [6.14023, 49.55528], [6.140169, 49.5552], [6.139967, 49.55527], [6.139803, 49.55533], [6.139677, 49.555374], [6.139536, 49.555424], [6.139475, 49.555344], [6.139345, 49.555397], [6.139219, 49.55545], [6.139139, 49.555485], [6.138983, 49.55555], [6.138952, 49.5555], [6.138754, 49.555584], [6.13859, 49.55565], [6.138437, 49.555714], [6.13838, 49.555637], [6.138247, 49.5557], [6.138185, 49.555725], [6.138121, 49.555756], [6.138079, 49.555687], [6.137945, 49.55575], [6.137808, 49.555813], [6.137751, 49.555733], [6.137697, 49.55566], [6.137548, 49.555744], [6.137491, 49.55578], [6.137426, 49.555817], [6.137396, 49.555782], [6.137361, 49.555733], [6.137316, 49.55568], [6.137205, 49.555744], [6.137125, 49.555794], [6.137072, 49.55572], [6.136942, 49.555794], [6.136885, 49.55571], [6.13677, 49.555775], [6.136698, 49.555683], [6.136599, 49.555756], [6.136362, 49.555927], [6.135961, 49.55622], [6.135836, 49.556313], [6.135668, 49.556057], [6.135508, 49.556114], [6.135408, 49.556152], [6.135332, 49.556168], [6.135092, 49.556194], [6.134901, 49.55621], [6.134485, 49.55624], [6.133898, 49.556255], [6.133402, 49.556267], [6.133112, 49.556282], [6.13249, 49.556366], [6.131926, 49.556454], [6.131422, 49.55655], [6.13064, 49.5567], [6.130171, 49.556774], [6.12982, 49.556812], [6.129641, 49.55683], [6.12945, 49.55685], [6.12903, 49.5569], [6.129007, 49.5569], [6.128565, 49.55693], [6.128191, 49.55696], [6.127806, 49.557007], [6.127592, 49.557026], [6.127439, 49.55701], [6.12739, 49.557], [6.12734, 49.556988], [6.127508, 49.557068], [6.127523, 49.55709], [6.127539, 49.557117], [6.127264, 49.557175], [6.127596, 49.557755], [6.127695, 49.557938], [6.12755, 49.557976], [6.127173, 49.558086], [6.127024, 49.55813], [6.126818, 49.558205], [6.126696, 49.558247], [6.126299, 49.55839], [6.125982, 49.55851], [6.125727, 49.558594], [6.125364, 49.558723], [6.125009, 49.558857], [6.124838, 49.558907], [6.124636, 49.558964], [6.124498, 49.559006], [6.124441, 49.55902], [6.1243, 49.55906], [6.124182, 49.559086], [6.124037, 49.559113], [6.12377, 49.55917], [6.123606, 49.559204], [6.123396, 49.559246], [6.122946, 49.55931], [6.122747, 49.559345], [6.122595, 49.559383], [6.122389, 49.55944], [6.121786, 49.559628], [6.121248, 49.559784], [6.120737, 49.559822], [6.120439, 49.55985], [6.120195, 49.559856], [6.119928, 49.559853], [6.119421, 49.55983], [6.118841, 49.559807], [6.118326, 49.55979], [6.117792, 49.559784], [6.117273, 49.559803], [6.117083, 49.559753], [6.116911, 49.55971], [6.116835, 49.559692], [6.116659, 49.559776], [6.116102, 49.56002], [6.115454, 49.5603], [6.114782, 49.560623], [6.114515, 49.560745], [6.114237, 49.56085], [6.114061, 49.560894], [6.113714, 49.560986], [6.11352, 49.561058], [6.113272, 49.561153], [6.113138, 49.561188], [6.11252, 49.56133], [6.112028, 49.561428], [6.111322, 49.561543], [6.110205, 49.56175], [6.109407, 49.561893], [6.108232, 49.562107], [6.108297, 49.562553], [6.108511, 49.563297], [6.108793, 49.564293], [6.108946, 49.564827], [6.108999, 49.565056], [6.109026, 49.56525], [6.109049, 49.5656], [6.109083, 49.565968], [6.109148, 49.566525], [6.109034, 49.56653], [6.10895, 49.56653], [6.108789, 49.566532], [6.108747, 49.566536], [6.108694, 49.56654], [6.108633, 49.56655], [6.108576, 49.566566], [6.108454, 49.566597], [6.108122, 49.566692], [6.107084, 49.56679], [6.106192, 49.56674], [6.10589, 49.566467], [6.105471, 49.56636], [6.105268, 49.566307], [6.105028, 49.566246], [6.104857, 49.566196], [6.104471, 49.566036], [6.10425, 49.565952], [6.104158, 49.56589], [6.103918, 49.5657], [6.103895, 49.56568], [6.103865, 49.565655], [6.103701, 49.565506], [6.10359, 49.56541], [6.103441, 49.565304], [6.103342, 49.565247], [6.102938, 49.565033], [6.102556, 49.564842], [6.102343, 49.564747], [6.102117, 49.564655], [6.10174, 49.564648], [6.101755, 49.564716], [6.101767, 49.564785], [6.101782, 49.56486], [6.101744, 49.56497], [6.101652, 49.565094], [6.101507, 49.56521], [6.101419, 49.565273], [6.101122, 49.56549], [6.100428, 49.565937], [6.099691, 49.566414], [6.099619, 49.56646], [6.100424, 49.567135], [6.101259, 49.56783], [6.101854, 49.56828], [6.102194, 49.568466], [6.102827, 49.568798], [6.10362, 49.569168], [6.103739, 49.569286], [6.103945, 49.569496], [6.104193, 49.569763], [6.104315, 49.569916], [6.104342, 49.569977], [6.104353, 49.570034], [6.104338, 49.570087], [6.104319, 49.57014], [6.104208, 49.570198], [6.103575, 49.570564], [6.103262, 49.570744], [6.103048, 49.570843], [6.102781, 49.570957], [6.102522, 49.57104], [6.102003, 49.571194], [6.101637, 49.571297], [6.101419, 49.571346], [6.101297, 49.57136], [6.100775, 49.571415], [6.100759, 49.571415], [6.100614, 49.57148], [6.100477, 49.57154], [6.100443, 49.571556], [6.100397, 49.57157], [6.100351, 49.57158], [6.100283, 49.571575], [6.10021, 49.57156], [6.09992, 49.57149], [6.099718, 49.57143], [6.099634, 49.571377], [6.09936, 49.57119], [6.098833, 49.57131], [6.098715, 49.571335], [6.098192, 49.571453], [6.09807, 49.571625], [6.097856, 49.571915], [6.097818, 49.57196], [6.097757, 49.572044], [6.09767, 49.57216], [6.097597, 49.57225], [6.097529, 49.572308], [6.097422, 49.572395], [6.097315, 49.572483], [6.097261, 49.57253], [6.09717, 49.5726], [6.097097, 49.572666], [6.096994, 49.572758], [6.096895, 49.572853], [6.0968, 49.57295], [6.096788, 49.57296], [6.096697, 49.573067], [6.096563, 49.57323], [6.096182, 49.57374], [6.095926, 49.57406], [6.095697, 49.574364], [6.095346, 49.574814], [6.095182, 49.57503], [6.095247, 49.57517], [6.095137, 49.575207], [6.094923, 49.57528], [6.094786, 49.57533], [6.094683, 49.575363], [6.094626, 49.575382], [6.094458, 49.57544], [6.094408, 49.57546], [6.094004, 49.575592], [6.093988, 49.575603], [6.093962, 49.575638], [6.093947, 49.575676], [6.093939, 49.57571], [6.093958, 49.57594], [6.093962, 49.575977], [6.093992, 49.57611], [6.094057, 49.576324], [6.094111, 49.576622], [6.094118, 49.576702], [6.094122, 49.57685], [6.094122, 49.576942], [6.094137, 49.57724], [6.094149, 49.577374], [6.094141, 49.57739], [6.094107, 49.57745], [6.093927, 49.577778], [6.09384, 49.57795], [6.093809, 49.578003], [6.093782, 49.578064], [6.093645, 49.578342], [6.093607, 49.578415], [6.09355, 49.578564], [6.093245, 49.57853], [6.092787, 49.578423], [6.092287, 49.57829], [6.091108, 49.57797], [6.091074, 49.57796], [6.09104, 49.577946], [6.091001, 49.57792], [6.090986, 49.577892], [6.090986, 49.577877], [6.090975, 49.5778], [6.0903, 49.577637], [6.089682, 49.577473], [6.089338, 49.577377], [6.088785, 49.577206], [6.088537, 49.577126], [6.088411, 49.577084], [6.088263, 49.577038], [6.088083, 49.576984], [6.087877, 49.576923], [6.087278, 49.576782], [6.087042, 49.5767], [6.086756, 49.576595], [6.086645, 49.57657], [6.085638, 49.57637], [6.084917, 49.57623], [6.084406, 49.576576], [6.083776, 49.576855], [6.08325, 49.577103], [6.082567, 49.57709], [6.081636, 49.57741], [6.081129, 49.577663], [6.080557, 49.577522], [6.080473, 49.577503], [6.080244, 49.577454], [6.07976, 49.577408], [6.079413, 49.577377], [6.079397, 49.577377], [6.07939, 49.577395], [6.079306, 49.577625], [6.079195, 49.57788], [6.079031, 49.57823], [6.079119, 49.578697], [6.079229, 49.57911], [6.079225, 49.57912], [6.078814, 49.579895], [6.078611, 49.580105], [6.078531, 49.580177], [6.07836, 49.58032], [6.078325, 49.580345], [6.078287, 49.580376], [6.07823, 49.580414], [6.078276, 49.580477], [6.078566, 49.580875], [6.078138, 49.581333], [6.078211, 49.581573], [6.078264, 49.581745], [6.078341, 49.581947], [6.078386, 49.582096], [6.078421, 49.5822], [6.078432, 49.582235], [6.078459, 49.58232], [6.078516, 49.582493], [6.078566, 49.582596], [6.078749, 49.582962], [6.078791, 49.58305], [6.078833, 49.583153], [6.078844, 49.58319], [6.078844, 49.58322], [6.078829, 49.583275], [6.078817, 49.583332], [6.078814, 49.58339], [6.078817, 49.58345], [6.078878, 49.58363], [6.079012, 49.584038], [6.079023, 49.584076], [6.079065, 49.584194], [6.079126, 49.584217], [6.079195, 49.584244], [6.079271, 49.58429], [6.079351, 49.584335], [6.079409, 49.58438], [6.079454, 49.58442], [6.079493, 49.584446], [6.079534, 49.584457], [6.079584, 49.584465], [6.079611, 49.58446], [6.079653, 49.584442], [6.079725, 49.584393], [6.07976, 49.584366], [6.079645, 49.584553], [6.079428, 49.58489], [6.079298, 49.5851], [6.079275, 49.585136], [6.079287, 49.58524], [6.078997, 49.585434], [6.078756, 49.585594], [6.078501, 49.585747], [6.078344, 49.58584], [6.077852, 49.58613], [6.077589, 49.586296], [6.076948, 49.586708], [6.076815, 49.586796], [6.076368, 49.58711], [6.076227, 49.587273], [6.076757, 49.587498], [6.076685, 49.587666], [6.07667, 49.587704], [6.07662, 49.58781], [6.076555, 49.587955], [6.076525, 49.588028], [6.076506, 49.588093], [6.076471, 49.588303], [6.076407, 49.58868], [6.076384, 49.588768], [6.076376, 49.588802], [6.076307, 49.589058], [6.076257, 49.58923], [6.076231, 49.58932], [6.076216, 49.589363], [6.075918, 49.589333], [6.075739, 49.58931], [6.075705, 49.589424], [6.075174, 49.589382], [6.074736, 49.589405], [6.074385, 49.58942], [6.074224, 49.589806], [6.073744, 49.589386], [6.073633, 49.5894], [6.073511, 49.589417], [6.073107, 49.58936], [6.072986, 49.589284], [6.072981, 49.58934], [6.07284, 49.589203], [6.072782, 49.589146], [6.072744, 49.58911], [6.072676, 49.589043], [6.072622, 49.58899], [6.072569, 49.58894], [6.072519, 49.58889], [6.072477, 49.588852], [6.072428, 49.5888], [6.072363, 49.588737], [6.071653, 49.588337], [6.071295, 49.58803], [6.070982, 49.58769], [6.070936, 49.587795], [6.070665, 49.588577], [6.070654, 49.588608], [6.070612, 49.58873], [6.070604, 49.58876], [6.070581, 49.588825], [6.070166, 49.5887], [6.069906, 49.588673], [6.06967, 49.589157], [6.069544, 49.589413], [6.069513, 49.58947], [6.06946, 49.589584], [6.069357, 49.589825], [6.069277, 49.58981], [6.069166, 49.589787], [6.068224, 49.589542], [6.068117, 49.58951], [6.067896, 49.58945], [6.067533, 49.589355], [6.067205, 49.58927], [6.066301, 49.589027], [6.065199, 49.588737], [6.065054, 49.588696], [6.064505, 49.58856], [6.064257, 49.588493], [6.064115, 49.58847], [6.062716, 49.58823], [6.062277, 49.58816], [6.061899, 49.588074], [6.061029, 49.587902], [6.060621, 49.587814], [6.060293, 49.58775], [6.0599, 49.58767], [6.059854, 49.58766], [6.059797, 49.587658], [6.059763, 49.587654], [6.059309, 49.58763], [6.058866, 49.587627], [6.058588, 49.587616], [6.058294, 49.5876], [6.058268, 49.5876], [6.057901, 49.58758], [6.057424, 49.58755], [6.057226, 49.58752], [6.056784, 49.587456], [6.056765, 49.587456], [6.056574, 49.58743], [6.05615, 49.587368], [6.056101, 49.587364], [6.056036, 49.587353], [6.055929, 49.587337], [6.055681, 49.587284], [6.055479, 49.587242], [6.055437, 49.587234], [6.055265, 49.587196], [6.055181, 49.587173], [6.054922, 49.587097], [6.054651, 49.587044], [6.054552, 49.587032], [6.054491, 49.58703], [6.054277, 49.58703], [6.054167, 49.58702], [6.054106, 49.58701], [6.054037, 49.586994], [6.053858, 49.586956], [6.053701, 49.586914], [6.053564, 49.586876], [6.053236, 49.58677], [6.053137, 49.586754], [6.052874, 49.58672], [6.052755, 49.5867], [6.05275, 49.586699], [6.05261, 49.58667], [6.05237, 49.58663], [6.052175, 49.58661], [6.051996, 49.586582], [6.051855, 49.586555], [6.051699, 49.586514], [6.05147, 49.58644], [6.051428, 49.58643], [6.051313, 49.586414], [6.051188, 49.5864], [6.051058, 49.586372], [6.050981, 49.586353], [6.05094, 49.58634], [6.050806, 49.586296], [6.050554, 49.586193], [6.050367, 49.586113], [6.050264, 49.58608], [6.050173, 49.586052], [6.050028, 49.586018], [6.049784, 49.585968], [6.049486, 49.5859], [6.049383, 49.58587], [6.04883, 49.585712], [6.0487, 49.58565], [6.048307, 49.585476], [6.048147, 49.585415], [6.047422, 49.58516], [6.047068, 49.585022], [6.04661, 49.584843], [6.046339, 49.584816], [6.045809, 49.584843], [6.045649, 49.584873], [6.045408, 49.584923], [6.045023, 49.5849], [6.044737, 49.58489], [6.044397, 49.584858], [6.044149, 49.584827], [6.044054, 49.584816], [6.04384, 49.584766], [6.043779, 49.58475], [6.043585, 49.58471], [6.043467, 49.584682], [6.04339, 49.584663], [6.043024, 49.58457], [6.042826, 49.584522], [6.042574, 49.58446], [6.042242, 49.58438], [6.042215, 49.584373], [6.041983, 49.584316], [6.041883, 49.58429], [6.041842, 49.584282], [6.041803, 49.584274], [6.041681, 49.584267], [6.041578, 49.584263], [6.040979, 49.58423], [6.040873, 49.58422], [6.040705, 49.58421], [6.040487, 49.584198], [6.040255, 49.584213], [6.040091, 49.584225], [6.039896, 49.584236], [6.039995, 49.58444], [6.040239, 49.584618], [6.040556, 49.584812], [6.040701, 49.5849], [6.040896, 49.585167], [6.041067, 49.585354], [6.041082, 49.585445], [6.041075, 49.58566], [6.04093, 49.58592], [6.040834, 49.586285], [6.040556, 49.586433], [6.040304, 49.586613], [6.040075, 49.586647], [6.039865, 49.58668], [6.039465, 49.586655], [6.039095, 49.586613], [6.038973, 49.586594], [6.038752, 49.586548], [6.038614, 49.586517], [6.038534, 49.586494], [6.038279, 49.58641], [6.038168, 49.586376], [6.037821, 49.586266], [6.037306, 49.58612], [6.037489, 49.585915], [6.036467, 49.585915], [6.036074, 49.585907], [6.035948, 49.585907], [6.035891, 49.585903], [6.035467, 49.585903], [6.035368, 49.5859], [6.035234, 49.5859], [6.035013, 49.585896], [6.034941, 49.58589], [6.034738, 49.585884], [6.034677, 49.58588], [6.034628, 49.585876], [6.034502, 49.585873], [6.034357, 49.585865], [6.034193, 49.585857], [6.03388, 49.58584], [6.033686, 49.585827], [6.033506, 49.58581], [6.033266, 49.58579], [6.03311, 49.585773], [6.032762, 49.58573], [6.032366, 49.585655], [6.032377, 49.585594], [6.032385, 49.585564], [6.032469, 49.585205], [6.032495, 49.58507], [6.032507, 49.58503], [6.03256, 49.584774], [6.032591, 49.584637], [6.032614, 49.584526], [6.032663, 49.584293], [6.032705, 49.58411], [6.032713, 49.5841], [6.032732, 49.584064], [6.032801, 49.583942], [6.032831, 49.58389], [6.032839, 49.583878], [6.032858, 49.583836], [6.032965, 49.583645], [6.033228, 49.58325], [6.033594, 49.582695], [6.033716, 49.582504], [6.033216, 49.58243], [6.032709, 49.582363], [6.032484, 49.58236], [6.032198, 49.58234], [6.031958, 49.582302], [6.03171, 49.582256], [6.031565, 49.582226], [6.031401, 49.5822], [6.031111, 49.582153], [6.030664, 49.582073], [6.030222, 49.581997], [6.029715, 49.581905], [6.029516, 49.58187], [6.029432, 49.582138], [6.028349, 49.581825], [6.028288, 49.581806], [6.028219, 49.58179], [6.027842, 49.58263], [6.027823, 49.582767], [6.027773, 49.582825], [6.02767, 49.583107], [6.027597, 49.58331], [6.027376, 49.58379], [6.027338, 49.583874], [6.027315, 49.583908], [6.027311, 49.58392], [6.027197, 49.584076], [6.027144, 49.584145], [6.027094, 49.584213], [6.027021, 49.584328], [6.026918, 49.584496], [6.026823, 49.584663], [6.026732, 49.584652], [6.026609, 49.584625], [6.026381, 49.58456], [6.026297, 49.584534], [6.025976, 49.584423], [6.025538, 49.584263], [6.025003, 49.584686], [6.024965, 49.584713], [6.024843, 49.584812], [6.024553, 49.584553], [6.024313, 49.584305], [6.024187, 49.58419], [6.02413, 49.584145], [6.023909, 49.584026], [6.023516, 49.583836], [6.023256, 49.58369], [6.023058, 49.583588], [6.023016, 49.583572], [6.022886, 49.58352], [6.022825, 49.583496], [6.022776, 49.583473], [6.022745, 49.583447], [6.022707, 49.583397], [6.022673, 49.58334], [6.022631, 49.5833], [6.022581, 49.58326], [6.022554, 49.58323], [6.022467, 49.583122], [6.022142, 49.583317], [6.021673, 49.583595], [6.021536, 49.583588], [6.021429, 49.58358], [6.021334, 49.58357], [6.0212, 49.583557], [6.021059, 49.58355], [6.020998, 49.58355], [6.020933, 49.583546], [6.020876, 49.583538], [6.020815, 49.58352], [6.020742, 49.583496], [6.020658, 49.58349], [6.020578, 49.583485], [6.020521, 49.583477], [6.020437, 49.58345], [6.020388, 49.583435], [6.020353, 49.58343], [6.020323, 49.583427], [6.020269, 49.583416], [6.020235, 49.583405], [6.020197, 49.58339], [6.020132, 49.583366], [6.020067, 49.583355], [6.019964, 49.58334], [6.019911, 49.58333], [6.019876, 49.583313], [6.019815, 49.58329], [6.019758, 49.58327], [6.019659, 49.583252], [6.019541, 49.583214], [6.019449, 49.583183], [6.019209, 49.583096], [6.019121, 49.583065], [6.018919, 49.582996], [6.018541, 49.58286], [6.018305, 49.58278], [6.01816, 49.582714], [6.018087, 49.58268], [6.01803, 49.58266], [6.017893, 49.582623], [6.017759, 49.58258], [6.017488, 49.5825], [6.017096, 49.582386], [6.016725, 49.58227], [6.016268, 49.58213], [6.015974, 49.582043], [6.015745, 49.581997], [6.015547, 49.58196], [6.015257, 49.581905], [6.01499, 49.581844], [6.014883, 49.581818], [6.014772, 49.58179], [6.014441, 49.581654], [6.014456, 49.581814], [6.014498, 49.581924], [6.014593, 49.58215], [6.014574, 49.58243], [6.014574, 49.58246], [6.01457, 49.582485], [6.01457, 49.582523], [6.014563, 49.582664], [6.014559, 49.5828], [6.014128, 49.582733], [6.013403, 49.582638], [6.01272, 49.582554], [6.010557, 49.582264], [6.010172, 49.582794], [6.009531, 49.582775], [6.009028, 49.58275], [6.008402, 49.5827], [6.008276, 49.582687], [6.008291, 49.58277], [6.008341, 49.583054], [6.00831, 49.583122], [6.008272, 49.583214], [6.008238, 49.583298], [6.007795, 49.58322], [6.007753, 49.58334], [6.007708, 49.583416], [6.007563, 49.58351], [6.007288, 49.58369], [6.007254, 49.58371], [6.007029, 49.583828], [6.006975, 49.583855], [6.006906, 49.583916], [6.006849, 49.58397], [6.006742, 49.584076], [6.006689, 49.584133], [6.006636, 49.5842], [6.006567, 49.584293], [6.006529, 49.584343], [6.006949, 49.5847], [6.007318, 49.585014], [6.007586, 49.585255], [6.007605, 49.58527], [6.007769, 49.585392], [6.007921, 49.585472], [6.008104, 49.585533], [6.008371, 49.585606], [6.00878, 49.58572], [6.00881, 49.585728], [6.009237, 49.585835], [6.009062, 49.586334], [6.009012, 49.58647], [6.00815, 49.586246], [6.007765, 49.586155], [6.007425, 49.586094], [6.007235, 49.586052], [6.00704, 49.586002], [6.006872, 49.58598], [6.006708, 49.585957], [6.006632, 49.585938], [6.006506, 49.585884], [6.006338, 49.585815], [6.006193, 49.585766], [6.006067, 49.585743], [6.005831, 49.585716], [6.005659, 49.585686], [6.005491, 49.58566], [6.005373, 49.58562], [6.005262, 49.585564], [6.00514, 49.58549], [6.005026, 49.585438], [6.004911, 49.585392], [6.00469, 49.585323], [6.004423, 49.585243], [6.004183, 49.58518], [6.004114, 49.585243], [6.00379, 49.585552], [6.003607, 49.585728], [6.003523, 49.585808], [6.003481, 49.585846], [6.003416, 49.585907], [6.003687, 49.586143], [6.004087, 49.5865], [6.00403, 49.58665], [6.003893, 49.587032], [6.003874, 49.58715], [6.004015, 49.58718], [6.004816, 49.587387], [6.004839, 49.58739], [6.005571, 49.587517], [6.005831, 49.58757], [6.006067, 49.58762], [6.006369, 49.587696], [6.007097, 49.5879], [6.00765, 49.588036], [6.007662, 49.588142], [6.007692, 49.5884], [6.007757, 49.588936], [6.007795, 49.58924], [6.007803, 49.589382], [6.007776, 49.5895], [6.00775, 49.589592], [6.007719, 49.58966], [6.008135, 49.589874], [6.008223, 49.58992], [6.008528, 49.590073], [6.008722, 49.590183], [6.008905, 49.590305], [6.009031, 49.5904], [6.009401, 49.59057], [6.00976, 49.590725], [6.010088, 49.590904], [6.010675, 49.591263], [6.010721, 49.591293], [6.010756, 49.59134], [6.010832, 49.59145], [6.010908, 49.591522], [6.010988, 49.591602], [6.0109, 49.591938], [6.010309, 49.592113], [6.010111, 49.59217], [6.009851, 49.592247], [6.009832, 49.592255], [6.009741, 49.59229], [6.009771, 49.59231], [6.009955, 49.59246], [6.010176, 49.592583], [6.01045, 49.5927], [6.009813, 49.592636], [6.009016, 49.59254], [6.008738, 49.5926], [6.008516, 49.592636], [6.008322, 49.592663], [6.00812, 49.592686], [6.007902, 49.5927], [6.007639, 49.592716], [6.007235, 49.592743], [6.006983, 49.592762], [6.006781, 49.592785], [6.006399, 49.592827], [6.006113, 49.592865], [6.005747, 49.59291], [6.005377, 49.59295], [6.004976, 49.592983], [6.004812, 49.592995], [6.004763, 49.593], [6.004335, 49.59303], [6.003889, 49.59304], [6.003553, 49.593056], [6.003218, 49.593086], [6.003065, 49.59311], [6.002958, 49.593132], [6.002714, 49.593185], [6.002649, 49.59321], [6.002585, 49.593224], [6.00247, 49.593258], [6.002375, 49.593292], [6.002264, 49.593334], [6.00202, 49.59343], [6.001913, 49.593475], [6.001856, 49.593502], [6.001295, 49.593624], [6.001139, 49.59366], [6.000971, 49.593708], [6.000887, 49.59373], [6.000795, 49.59376], [6.000082, 49.59399], [5.999666, 49.594116], [5.999712, 49.59433], [5.998972, 49.594433], [5.998434, 49.59451]]]]}}]}