{"type": "FeatureCollection", "features": [{"type": "Feature", "properties": {"name": "Wincrange"}, "geometry": {"type": "MultiPolygon", "coordinates": [[[[5.818987, 50.01281], [5.819162, 50.012905], [5.819319, 50.01301], [5.819456, 50.013123], [5.819685, 50.013287], [5.819776, 50.01334], [5.819868, 50.013382], [5.819948, 50.01341], [5.820215, 50.013474], [5.820414, 50.01354], [5.820631, 50.013615], [5.821318, 50.013878], [5.821524, 50.01396], [5.821661, 50.014023], [5.821745, 50.014065], [5.821947, 50.014187], [5.822077, 50.01427], [5.82229, 50.01441], [5.822313, 50.014393], [5.822889, 50.01401], [5.823511, 50.014435], [5.823702, 50.01458], [5.823824, 50.014675], [5.824045, 50.01487], [5.824163, 50.014973], [5.824583, 50.014782], [5.824736, 50.01471], [5.824766, 50.014694], [5.824785, 50.014675], [5.824827, 50.01462], [5.824865, 50.01459], [5.824907, 50.014572], [5.824995, 50.014545], [5.825129, 50.014515], [5.825178, 50.014503], [5.825289, 50.014465], [5.825457, 50.014404], [5.825575, 50.014526], [5.825605, 50.01458], [5.825659, 50.01467], [5.825716, 50.014763], [5.825777, 50.01484], [5.825857, 50.014923], [5.826544, 50.014557], [5.827436, 50.014076], [5.827532, 50.01429], [5.827547, 50.014328], [5.827578, 50.01441], [5.82765, 50.014587], [5.827738, 50.014805], [5.827757, 50.01485], [5.828116, 50.0148], [5.828352, 50.01478], [5.828539, 50.014767], [5.828691, 50.01476], [5.828909, 50.014755], [5.829061, 50.014763], [5.829367, 50.014786], [5.829836, 50.01482], [5.830133, 50.014843], [5.82992, 50.01507], [5.829771, 50.01524], [5.829676, 50.015335], [5.829618, 50.015385], [5.829584, 50.015423], [5.829485, 50.01554], [5.829302, 50.01577], [5.830042, 50.016026], [5.83, 50.01608], [5.830633, 50.01625], [5.830656, 50.016254], [5.831526, 50.016552], [5.831671, 50.016617], [5.831877, 50.016727], [5.83209, 50.016846], [5.832315, 50.01697], [5.832872, 50.017303], [5.832396, 50.017952], [5.832601, 50.01801], [5.833376, 50.018238], [5.833769, 50.01835], [5.833754, 50.01842], [5.834047, 50.01847], [5.834402, 50.018517], [5.835188, 50.018623], [5.835733, 50.018696], [5.836023, 50.018734], [5.836065, 50.01873], [5.836119, 50.018723], [5.836137, 50.018722], [5.83658, 50.018696], [5.836908, 50.01868], [5.837477, 50.018673], [5.837736, 50.018715], [5.837931, 50.018757], [5.838057, 50.01879], [5.838297, 50.018864], [5.838407, 50.018906], [5.838472, 50.018932], [5.838438, 50.01902], [5.838373, 50.019215], [5.838781, 50.019238], [5.839365, 50.01923], [5.83954, 50.01923], [5.83988, 50.01932], [5.839903, 50.019325], [5.839918, 50.019337], [5.839949, 50.019333], [5.839964, 50.01934], [5.839994, 50.019352], [5.84004, 50.01939], [5.840075, 50.01941], [5.840105, 50.019417], [5.840132, 50.01942], [5.840159, 50.019417], [5.8402, 50.01941], [5.840212, 50.0194], [5.840212, 50.01939], [5.840185, 50.01937], [5.840174, 50.01936], [5.84017, 50.01935], [5.84017, 50.019333], [5.840174, 50.019318], [5.840166, 50.019306], [5.840155, 50.019295], [5.840136, 50.019283], [5.840124, 50.019268], [5.840132, 50.019257], [5.840159, 50.01924], [5.84017, 50.019234], [5.84017, 50.019222], [5.840159, 50.019207], [5.840143, 50.019203], [5.840124, 50.0192], [5.840113, 50.019188], [5.840109, 50.019173], [5.840128, 50.019142], [5.840151, 50.019127], [5.840185, 50.01912], [5.840231, 50.01912], [5.840296, 50.019135], [5.840345, 50.019142], [5.840383, 50.019142], [5.840429, 50.01914], [5.840456, 50.01913], [5.840494, 50.019115], [5.840551, 50.019085], [5.840593, 50.019066], [5.840628, 50.019054], [5.840666, 50.019043], [5.840681, 50.01903], [5.840685, 50.019012], [5.840693, 50.01897], [5.8407, 50.0189], [5.840746, 50.018753], [5.840803, 50.018585], [5.840815, 50.01854], [5.840803, 50.0185], [5.840738, 50.018436], [5.840723, 50.018406], [5.840727, 50.01837], [5.840746, 50.018337], [5.840788, 50.018307], [5.840826, 50.0183], [5.840868, 50.018303], [5.840898, 50.01832], [5.840967, 50.018353], [5.841013, 50.018364], [5.841047, 50.018364], [5.841085, 50.018353], [5.841135, 50.018337], [5.841391, 50.01861], [5.841501, 50.01872], [5.84173, 50.018604], [5.841864, 50.01883], [5.842028, 50.01899], [5.842402, 50.019344], [5.842573, 50.019505], [5.842836, 50.01945], [5.843187, 50.019436], [5.843477, 50.019413], [5.843809, 50.01938], [5.843927, 50.019478], [5.844034, 50.019554], [5.844114, 50.019604], [5.844244, 50.01968], [5.844435, 50.019787], [5.844694, 50.019928], [5.844904, 50.020027], [5.845156, 50.020138], [5.845358, 50.020237], [5.845659, 50.020397], [5.845869, 50.020515], [5.846178, 50.020683], [5.84638, 50.020786], [5.846567, 50.020874], [5.846842, 50.020992], [5.846987, 50.021057], [5.847139, 50.021122], [5.84749, 50.021263], [5.847593, 50.02131], [5.847956, 50.021458], [5.848814, 50.021812], [5.849142, 50.02194], [5.849772, 50.022224], [5.849855, 50.022224], [5.850409, 50.022472], [5.850519, 50.022514], [5.850664, 50.02256], [5.850954, 50.02263], [5.851328, 50.022713], [5.851774, 50.022804], [5.852457, 50.022903], [5.852468, 50.02306], [5.852465, 50.023167], [5.852457, 50.02321], [5.85243, 50.023293], [5.8524, 50.023403], [5.85232, 50.02363], [5.852217, 50.02393], [5.852175, 50.02408], [5.852159, 50.024166], [5.852137, 50.02435], [5.852083, 50.024494], [5.852015, 50.024673], [5.851946, 50.02487], [5.851892, 50.02506], [5.851847, 50.025246], [5.851748, 50.02562], [5.851728, 50.025673], [5.85166, 50.025818], [5.851522, 50.026104], [5.85177, 50.02619], [5.851999, 50.026253], [5.852232, 50.026306], [5.852655, 50.026394], [5.85372, 50.02662], [5.853598, 50.027214], [5.853258, 50.027573], [5.8538, 50.027702], [5.855261, 50.02804], [5.856066, 50.028214], [5.856668, 50.028343], [5.856806, 50.02837], [5.857019, 50.028378], [5.8575, 50.028393], [5.858011, 50.028416], [5.85885, 50.02845], [5.859095, 50.028465], [5.859453, 50.028633], [5.859877, 50.028877], [5.859831, 50.029087], [5.859816, 50.029133], [5.859728, 50.02925], [5.859499, 50.029457], [5.8594, 50.02956], [5.859335, 50.02964], [5.859243, 50.029762], [5.859159, 50.0299], [5.859083, 50.030067], [5.859026, 50.030262], [5.859037, 50.03042], [5.859057, 50.030533], [5.859198, 50.03064], [5.859358, 50.030754], [5.859404, 50.0308], [5.859442, 50.030888], [5.859449, 50.03092], [5.859426, 50.03098], [5.859407, 50.03099], [5.859201, 50.03099], [5.859087, 50.031], [5.859011, 50.031113], [5.858992, 50.03118], [5.85898, 50.031235], [5.858942, 50.03134], [5.859072, 50.031296], [5.859159, 50.031258], [5.859194, 50.03126], [5.859224, 50.031277], [5.859243, 50.0313], [5.859266, 50.03133], [5.859274, 50.03135], [5.859262, 50.031376], [5.859026, 50.03179], [5.858881, 50.031994], [5.858648, 50.03223], [5.858553, 50.032322], [5.858507, 50.032364], [5.858232, 50.032528], [5.85795, 50.032707], [5.857744, 50.03287], [5.857641, 50.032997], [5.857573, 50.033104], [5.857523, 50.03323], [5.857508, 50.03342], [5.857573, 50.03366], [5.857725, 50.03399], [5.857863, 50.034237], [5.857927, 50.03433], [5.858087, 50.034485], [5.858087, 50.034542], [5.858076, 50.03469], [5.857996, 50.034744], [5.857801, 50.03488], [5.857496, 50.03505], [5.85734, 50.035122], [5.857161, 50.035187], [5.856787, 50.035313], [5.856516, 50.035397], [5.856855, 50.035706], [5.856523, 50.03585], [5.856119, 50.03604], [5.856127, 50.03608], [5.856161, 50.0361], [5.856089, 50.03619], [5.85607, 50.03623], [5.85607, 50.036278], [5.856111, 50.036316], [5.856184, 50.036346], [5.856794, 50.03656], [5.857027, 50.03665], [5.857279, 50.036762], [5.857462, 50.03685], [5.857657, 50.036953], [5.857763, 50.03706], [5.857954, 50.03726], [5.858, 50.037304], [5.858557, 50.037678], [5.859037, 50.038002], [5.859285, 50.038147], [5.859823, 50.0384], [5.860037, 50.038483], [5.860449, 50.038635], [5.860823, 50.03876], [5.861189, 50.038887], [5.861219, 50.038834], [5.861937, 50.038933], [5.862463, 50.039017], [5.862703, 50.03907], [5.86315, 50.039196], [5.863512, 50.039318], [5.863653, 50.03938], [5.863382, 50.039436], [5.863298, 50.0394], [5.863092, 50.039593], [5.862791, 50.039883], [5.862577, 50.04009], [5.862959, 50.04021], [5.862646, 50.04067], [5.862555, 50.0408], [5.862371, 50.041035], [5.862299, 50.041134], [5.862478, 50.041214], [5.862459, 50.04125], [5.862429, 50.041313], [5.862658, 50.041473], [5.862955, 50.041676], [5.863012, 50.041702], [5.863104, 50.04173], [5.86331, 50.041782], [5.863237, 50.042206], [5.863924, 50.042233], [5.864069, 50.042244], [5.864283, 50.042263], [5.864752, 50.04233], [5.865343, 50.042423], [5.865271, 50.04271], [5.86603, 50.04292], [5.866362, 50.043022], [5.866476, 50.043068], [5.866617, 50.043137], [5.867018, 50.04333], [5.867205, 50.043423], [5.867445, 50.043285], [5.867708, 50.04344], [5.867903, 50.04356], [5.86809, 50.043633], [5.868227, 50.043686], [5.868307, 50.04374], [5.868349, 50.04378], [5.868414, 50.04386], [5.868456, 50.043926], [5.868467, 50.043945], [5.868463, 50.04396], [5.86836, 50.04421], [5.868269, 50.04435], [5.868216, 50.04441], [5.868074, 50.044525], [5.868025, 50.04457], [5.867903, 50.04473], [5.867769, 50.044907], [5.867594, 50.045135], [5.86746, 50.04533], [5.8678, 50.04543], [5.868177, 50.0455], [5.868799, 50.045654], [5.869432, 50.04582], [5.869871, 50.045933], [5.869909, 50.045944], [5.869699, 50.046227], [5.869455, 50.04651], [5.869234, 50.04685], [5.868723, 50.04771], [5.86833, 50.048363], [5.867945, 50.04901], [5.867804, 50.04925], [5.867727, 50.049397], [5.867586, 50.049774], [5.867441, 50.050186], [5.867155, 50.05037], [5.866911, 50.050526], [5.866583, 50.050713], [5.866274, 50.050888], [5.866102, 50.05099], [5.86595, 50.051117], [5.865583, 50.05142], [5.865183, 50.05172], [5.86492, 50.05202], [5.864782, 50.05215], [5.86447, 50.052437], [5.864351, 50.052547], [5.864119, 50.05275], [5.863916, 50.052914], [5.863771, 50.053017], [5.86347, 50.05321], [5.86297, 50.053516], [5.862471, 50.053795], [5.862139, 50.053993], [5.861792, 50.05423], [5.86141, 50.05452], [5.861242, 50.05466], [5.861174, 50.054752], [5.861135, 50.05483], [5.86112, 50.05494], [5.861124, 50.05503], [5.861025, 50.055046], [5.861002, 50.054985], [5.860971, 50.054924], [5.860846, 50.05472], [5.86062, 50.05445], [5.860304, 50.0545], [5.860029, 50.05455], [5.859888, 50.054585], [5.85951, 50.054714], [5.859198, 50.054817], [5.858847, 50.054935], [5.858625, 50.054996], [5.858347, 50.05503], [5.858099, 50.055042], [5.857824, 50.055042], [5.857519, 50.055016], [5.857405, 50.05529], [5.857248, 50.05562], [5.857115, 50.055866], [5.856943, 50.056187], [5.856833, 50.056454], [5.856729, 50.05678], [5.856646, 50.057056], [5.856543, 50.057404], [5.856466, 50.057682], [5.85626, 50.05767], [5.856066, 50.057667], [5.855989, 50.057865], [5.855646, 50.057846], [5.855467, 50.058], [5.855162, 50.058258], [5.855055, 50.058346], [5.854826, 50.058514], [5.854452, 50.058754], [5.854204, 50.05889], [5.854467, 50.059044], [5.854574, 50.059376], [5.854776, 50.059998], [5.854948, 50.06012], [5.855257, 50.060352], [5.855581, 50.060623], [5.855883, 50.06089], [5.856287, 50.06126], [5.856573, 50.061527], [5.856646, 50.061596], [5.856588, 50.06176], [5.856451, 50.062126], [5.856489, 50.06222], [5.856554, 50.062344], [5.856596, 50.062428], [5.856592, 50.062584], [5.856604, 50.06274], [5.856626, 50.0633], [5.856668, 50.06366], [5.856729, 50.06394], [5.856844, 50.064247], [5.857012, 50.064583], [5.857183, 50.064884], [5.857317, 50.065094], [5.857473, 50.065327], [5.857649, 50.065563], [5.857866, 50.06588], [5.858156, 50.066383], [5.858351, 50.06668], [5.858442, 50.06681], [5.858686, 50.067074], [5.859049, 50.067417], [5.859095, 50.06746], [5.859274, 50.067654], [5.859602, 50.067997], [5.859827, 50.068222], [5.860167, 50.068596], [5.860411, 50.068855], [5.860559, 50.06904], [5.860663, 50.069214], [5.860971, 50.06925], [5.861277, 50.069305], [5.86149, 50.069347], [5.861608, 50.069366], [5.861822, 50.069386], [5.862005, 50.069393], [5.862291, 50.069427], [5.862551, 50.06948], [5.862738, 50.069523], [5.862913, 50.069572], [5.863195, 50.06972], [5.863317, 50.06978], [5.863451, 50.069836], [5.863584, 50.06988], [5.86384, 50.06995], [5.864141, 50.07002], [5.864412, 50.070076], [5.864656, 50.070137], [5.864958, 50.070248], [5.865541, 50.070488], [5.865751, 50.070568], [5.865934, 50.070656], [5.866255, 50.070854], [5.866575, 50.07106], [5.866831, 50.07123], [5.867193, 50.071507], [5.867441, 50.07171], [5.867636, 50.071873], [5.867888, 50.072086], [5.867842, 50.07244], [5.867781, 50.072872], [5.867716, 50.073353], [5.868074, 50.073494], [5.868486, 50.073643], [5.869253, 50.073883], [5.869821, 50.074055], [5.870306, 50.074207], [5.870851, 50.0744], [5.871332, 50.074554], [5.871767, 50.074684], [5.872251, 50.074863], [5.872923, 50.075043], [5.873808, 50.075264], [5.874235, 50.075375], [5.874746, 50.075493], [5.875174, 50.07559], [5.875876, 50.075752], [5.876459, 50.07589], [5.877279, 50.076088], [5.877852, 50.07621], [5.878531, 50.076344], [5.878779, 50.0764], [5.879301, 50.076477], [5.879705, 50.07653], [5.879999, 50.076565], [5.880842, 50.076687], [5.881502, 50.07677], [5.881876, 50.076805], [5.882196, 50.076824], [5.882254, 50.076565], [5.882338, 50.076134], [5.882357, 50.07605], [5.882517, 50.076363], [5.882631, 50.07656], [5.882822, 50.076717], [5.883085, 50.076893], [5.88352, 50.077152], [5.883776, 50.07726], [5.884249, 50.077415], [5.885225, 50.07772], [5.885782, 50.07796], [5.886011, 50.078087], [5.886167, 50.078186], [5.886454, 50.078396], [5.88674, 50.078667], [5.886927, 50.0789], [5.887137, 50.079212], [5.887239, 50.079407], [5.887304, 50.079704], [5.887403, 50.080326], [5.887434, 50.08056], [5.887503, 50.081127], [5.887537, 50.081524], [5.887548, 50.08192], [5.887529, 50.082146], [5.887423, 50.082806], [5.887258, 50.083645], [5.887236, 50.083874], [5.887316, 50.084343], [5.887335, 50.084827], [5.887323, 50.0853], [5.887301, 50.085655], [5.887247, 50.086025], [5.887178, 50.086414], [5.887133, 50.08655], [5.88706, 50.086823], [5.886854, 50.08753], [5.886808, 50.087837], [5.886702, 50.088284], [5.886641, 50.088585], [5.886583, 50.088943], [5.88648, 50.089855], [5.886476, 50.090096], [5.886457, 50.090412], [5.886469, 50.09051], [5.886526, 50.09066], [5.886583, 50.090786], [5.886705, 50.09098], [5.886999, 50.09142], [5.887465, 50.09209], [5.887846, 50.092617], [5.888018, 50.092903], [5.888334, 50.093353], [5.888693, 50.094006], [5.888784, 50.0942], [5.88909, 50.09508], [5.889185, 50.09528], [5.889288, 50.09555], [5.889341, 50.095627], [5.889513, 50.09575], [5.889593, 50.095818], [5.889761, 50.095993], [5.889879, 50.09616], [5.889978, 50.096317], [5.89023, 50.096596], [5.890478, 50.096867], [5.890707, 50.097103], [5.891016, 50.097565], [5.891119, 50.09782], [5.891306, 50.098312], [5.891546, 50.09873], [5.891981, 50.099323], [5.892084, 50.09942], [5.892752, 50.09979], [5.89358, 50.10033], [5.893915, 50.100574], [5.894152, 50.100742], [5.894434, 50.101017], [5.89456, 50.101154], [5.894606, 50.101334], [5.894598, 50.101406], [5.894491, 50.102005], [5.894396, 50.1027], [5.894384, 50.10292], [5.8944, 50.10311], [5.894438, 50.1033], [5.894541, 50.103565], [5.894693, 50.10389], [5.894949, 50.104355], [5.895006, 50.104489], [5.895052, 50.104595], [5.895201, 50.104954], [5.8953, 50.10528], [5.895323, 50.105515], [5.89533, 50.105927], [5.895315, 50.106125], [5.895212, 50.106705], [5.895075, 50.10733], [5.895067, 50.10791], [5.895052, 50.108593], [5.895041, 50.109184], [5.89506, 50.109352], [5.895186, 50.109898], [5.895246, 50.110214], [5.895418, 50.110703], [5.895502, 50.111103], [5.895513, 50.11128], [5.895456, 50.111526], [5.895316, 50.112162], [5.895385, 50.112208], [5.896723, 50.112865], [5.897924, 50.113457], [5.898161, 50.113575], [5.898249, 50.113632], [5.898306, 50.113674], [5.89842, 50.113773], [5.898581, 50.11391], [5.898619, 50.113945], [5.899008, 50.11429], [5.899157, 50.114426], [5.899256, 50.114532], [5.899446, 50.114727], [5.899656, 50.114956], [5.899794, 50.11511], [5.900007, 50.11536], [5.900263, 50.11567], [5.900354, 50.115765], [5.900465, 50.11587], [5.900526, 50.11592], [5.900667, 50.116024], [5.900743, 50.116077], [5.900827, 50.116127], [5.900888, 50.116158], [5.90101, 50.116203], [5.901213, 50.11626], [5.901461, 50.116337], [5.901522, 50.116352], [5.901983, 50.116493], [5.902395, 50.116623], [5.902411, 50.11663], [5.902491, 50.11666], [5.902723, 50.116783], [5.902849, 50.11685], [5.902956, 50.116913], [5.9032, 50.11705], [5.903494, 50.117214], [5.90354, 50.11723], [5.903913, 50.117332], [5.904325, 50.11745], [5.904604, 50.117546], [5.904856, 50.117645], [5.905024, 50.11771], [5.90526, 50.117798], [5.905817, 50.117996], [5.905943, 50.11803], [5.906244, 50.118126], [5.906561, 50.118217], [5.906836, 50.118294], [5.907003, 50.11835], [5.907167, 50.11841], [5.907347, 50.11847], [5.90769, 50.118595], [5.90798, 50.118656], [5.908339, 50.11872], [5.90869, 50.11879], [5.908792, 50.118813], [5.908895, 50.118847], [5.908964, 50.118877], [5.909151, 50.118946], [5.909525, 50.119087], [5.909716, 50.119232], [5.909899, 50.11937], [5.91028, 50.119663], [5.910395, 50.11976], [5.910421, 50.11978], [5.91049, 50.11986], [5.910585, 50.119987], [5.910681, 50.120106], [5.910871, 50.12035], [5.911074, 50.120598], [5.911188, 50.12074], [5.911253, 50.120678], [5.911722, 50.120876], [5.912153, 50.121063], [5.912512, 50.121216], [5.912859, 50.121365], [5.912874, 50.121372], [5.913221, 50.12152], [5.913542, 50.12166], [5.914061, 50.121883], [5.914095, 50.121902], [5.914579, 50.121815], [5.914823, 50.12177], [5.915262, 50.121662], [5.915548, 50.1216], [5.915949, 50.121544], [5.916082, 50.121536], [5.916224, 50.121532], [5.916441, 50.12154], [5.917013, 50.121544], [5.91741, 50.12154], [5.917444, 50.121555], [5.917669, 50.121647], [5.917894, 50.121735], [5.91815, 50.121834], [5.918413, 50.121937], [5.918985, 50.12216], [5.91963, 50.122414], [5.920359, 50.1227], [5.920843, 50.12288], [5.921492, 50.12313], [5.921568, 50.12318], [5.921637, 50.123226], [5.92227, 50.1234], [5.92285, 50.12356], [5.923571, 50.12376], [5.924639, 50.124054], [5.925898, 50.12441], [5.926218, 50.124557], [5.9265, 50.124695], [5.926539, 50.12471], [5.927095, 50.124973], [5.928083, 50.125446], [5.928427, 50.125607], [5.928812, 50.12579], [5.929239, 50.12599], [5.929663, 50.12619], [5.929754, 50.12621], [5.929937, 50.126255], [5.93014, 50.126293], [5.930345, 50.12632], [5.930559, 50.12634], [5.930845, 50.126358], [5.931185, 50.12638], [5.931402, 50.1264], [5.931623, 50.126427], [5.931921, 50.126472], [5.932215, 50.126526], [5.932371, 50.126556], [5.932756, 50.126656], [5.933146, 50.12676], [5.933397, 50.12683], [5.933573, 50.126873], [5.93371, 50.126896], [5.933889, 50.126923], [5.934008, 50.126934], [5.934141, 50.12695], [5.934305, 50.126762], [5.934317, 50.12675], [5.934492, 50.126766], [5.93471, 50.12678], [5.935327, 50.126827], [5.935507, 50.126842], [5.935778, 50.126957], [5.935789, 50.126965], [5.936289, 50.127018], [5.936678, 50.126965], [5.936777, 50.126953], [5.936884, 50.126945], [5.937174, 50.126938], [5.937414, 50.12715], [5.937502, 50.12722], [5.937613, 50.12729], [5.937784, 50.127373], [5.938044, 50.127487], [5.938246, 50.127563], [5.93849, 50.127647], [5.938734, 50.127728], [5.939123, 50.127842], [5.939531, 50.12796], [5.939798, 50.12804], [5.93984, 50.128056], [5.939913, 50.128048], [5.940042, 50.128098], [5.940309, 50.12818], [5.940809, 50.128326], [5.941595, 50.128567], [5.942343, 50.12877], [5.942705, 50.12883], [5.942751, 50.128838], [5.942644, 50.129], [5.942675, 50.12901], [5.943136, 50.129105], [5.94343, 50.129158], [5.943655, 50.129185], [5.943785, 50.12919], [5.94396, 50.129185], [5.94425, 50.129173], [5.944258, 50.12922], [5.944548, 50.12919], [5.944742, 50.129173], [5.945074, 50.129154], [5.945105, 50.129105], [5.945486, 50.12912], [5.945982, 50.12915], [5.94607, 50.12916], [5.946218, 50.129192], [5.94628, 50.129215], [5.946348, 50.129242], [5.946382, 50.129242], [5.946405, 50.129234], [5.94644, 50.129227], [5.94647, 50.12922], [5.946508, 50.129215], [5.946547, 50.129234], [5.946611, 50.129246], [5.946646, 50.129246], [5.946688, 50.129234], [5.946756, 50.129253], [5.946794, 50.12926], [5.946833, 50.12926], [5.946894, 50.12925], [5.94697, 50.129234], [5.947, 50.12923], [5.947035, 50.129234], [5.947111, 50.129246], [5.947168, 50.129253], [5.94729, 50.12925], [5.947298, 50.129204], [5.947523, 50.12914], [5.947592, 50.129128], [5.947649, 50.129124], [5.94776, 50.12913], [5.947943, 50.129135], [5.948069, 50.12913], [5.948202, 50.129128], [5.948393, 50.12912], [5.949106, 50.129143], [5.949743, 50.129166], [5.949865, 50.129173], [5.950003, 50.129185], [5.950129, 50.1292], [5.950224, 50.129215], [5.950777, 50.12933], [5.951521, 50.12949], [5.951723, 50.129536], [5.951883, 50.129578], [5.952143, 50.12965], [5.952406, 50.12973], [5.952738, 50.129837], [5.953375, 50.13003], [5.953669, 50.130108], [5.954016, 50.130215], [5.954042, 50.130222], [5.954275, 50.130318], [5.954172, 50.130394], [5.954328, 50.130554], [5.954687, 50.1304], [5.954729, 50.130383], [5.95484, 50.130234], [5.954939, 50.130116], [5.95524, 50.129936], [5.955343, 50.12987], [5.955435, 50.12979], [5.95569, 50.129547], [5.955908, 50.12936], [5.956236, 50.129105], [5.956331, 50.12899], [5.956587, 50.128654], [5.956316, 50.128353], [5.956259, 50.128284], [5.956095, 50.128075], [5.95603, 50.127975], [5.95598, 50.12791], [5.955904, 50.12784], [5.955874, 50.12782], [5.955675, 50.127712], [5.955576, 50.12767], [5.955484, 50.127636], [5.955378, 50.1276], [5.955156, 50.127544], [5.955027, 50.12751], [5.954889, 50.127457], [5.954691, 50.127365], [5.954634, 50.127346], [5.95434, 50.12727], [5.953562, 50.12707], [5.953451, 50.127026], [5.953219, 50.12691], [5.953066, 50.126812], [5.953108, 50.126537], [5.953131, 50.126442], [5.953165, 50.126328], [5.953241, 50.12613], [5.95326, 50.126087], [5.953371, 50.12585], [5.953466, 50.125656], [5.953569, 50.125393], [5.953779, 50.12467], [5.953753, 50.1245], [5.953722, 50.124397], [5.953672, 50.124237], [5.953661, 50.12409], [5.953669, 50.12395], [5.953691, 50.12374], [5.953791, 50.1233], [5.953829, 50.123154], [5.95389, 50.122856], [5.953932, 50.122726], [5.953966, 50.122665], [5.954012, 50.122597], [5.954115, 50.12247], [5.954245, 50.122334], [5.954508, 50.122047], [5.95455, 50.12201], [5.954584, 50.121975], [5.95471, 50.12186], [5.955027, 50.12163], [5.955038, 50.121624], [5.955419, 50.121357], [5.95569, 50.121147], [5.95611, 50.12073], [5.956793, 50.120037], [5.95608, 50.119823], [5.955305, 50.119595], [5.954897, 50.11946], [5.954866, 50.119446], [5.954939, 50.11931], [5.955095, 50.11902], [5.955244, 50.118748], [5.955358, 50.118587], [5.955667, 50.11821], [5.956041, 50.117775], [5.956068, 50.117752], [5.956732, 50.117046], [5.957071, 50.11667], [5.957312, 50.116405], [5.957613, 50.116043], [5.957949, 50.115635], [5.958281, 50.11527], [5.95862, 50.114872], [5.958731, 50.114727], [5.958784, 50.114643], [5.958845, 50.114456], [5.95891, 50.114166], [5.958971, 50.113976], [5.959101, 50.113678], [5.959211, 50.11345], [5.959395, 50.113167], [5.959528, 50.11299], [5.959951, 50.11249], [5.960188, 50.11219], [5.960432, 50.111874], [5.96055, 50.111732], [5.960661, 50.11163], [5.960916, 50.111412], [5.961039, 50.111298], [5.961145, 50.111164], [5.961302, 50.11092], [5.961439, 50.110664], [5.961725, 50.110214], [5.961851, 50.11002], [5.961908, 50.109898], [5.96216, 50.109425], [5.96237, 50.1091], [5.962736, 50.108547], [5.962851, 50.10845], [5.963076, 50.108284], [5.963125, 50.10821], [5.963354, 50.107716], [5.963873, 50.10787], [5.965292, 50.108315], [5.965792, 50.108463], [5.966448, 50.108685], [5.967646, 50.109062], [5.968767, 50.109398], [5.96958, 50.109783], [5.970842, 50.110344], [5.97159, 50.110653], [5.972128, 50.110844], [5.972254, 50.110886], [5.972658, 50.111027], [5.973268, 50.111214], [5.973616, 50.111332], [5.974054, 50.111485], [5.974432, 50.11164], [5.975523, 50.112114], [5.976091, 50.112347], [5.976561, 50.11251], [5.976969, 50.11262], [5.977552, 50.112747], [5.97809, 50.112865], [5.978624, 50.11299], [5.979303, 50.113132], [5.979708, 50.1132], [5.980459, 50.11332], [5.98078, 50.11338], [5.981379, 50.11351], [5.98163, 50.11357], [5.981836, 50.113647], [5.982248, 50.113827], [5.982992, 50.114082], [5.983542, 50.114273], [5.983793, 50.114365], [5.984049, 50.11446], [5.984186, 50.11449], [5.985025, 50.11462], [5.985521, 50.114685], [5.985682, 50.1147], [5.985701, 50.11468], [5.986185, 50.114155], [5.986479, 50.11384], [5.986872, 50.113422], [5.98694, 50.11333], [5.987242, 50.11294], [5.987593, 50.11253], [5.987822, 50.11256], [5.987989, 50.112587], [5.988249, 50.112648], [5.988481, 50.112713], [5.988611, 50.11276], [5.988893, 50.11287], [5.989061, 50.112946], [5.98921, 50.11302], [5.989386, 50.11312], [5.98942, 50.11308], [5.990015, 50.112286], [5.990602, 50.11252], [5.99111, 50.112717], [5.991697, 50.11295], [5.992029, 50.11257], [5.992563, 50.11196], [5.993216, 50.112198], [5.993269, 50.112225], [5.993902, 50.11262], [5.994043, 50.11271], [5.994066, 50.11272], [5.994181, 50.112793], [5.994528, 50.11296], [5.994722, 50.113056], [5.994997, 50.113186], [5.995211, 50.112923], [5.99531, 50.112812], [5.995466, 50.112644], [5.995531, 50.112576], [5.995855, 50.112232], [5.996004, 50.112083], [5.996157, 50.11195], [5.996275, 50.111877], [5.99629, 50.111866], [5.99655, 50.111717], [5.996763, 50.111588], [5.997164, 50.11135], [5.997622, 50.11108], [5.997759, 50.11099], [5.997862, 50.110905], [5.997984, 50.110806], [5.997995, 50.110817], [5.998087, 50.110863], [5.998171, 50.110893], [5.998251, 50.110916], [5.998327, 50.110924], [5.998396, 50.11092], [5.998445, 50.110912], [5.998461, 50.11091], [5.998533, 50.110886], [5.998747, 50.110786], [5.999086, 50.110588], [5.999079, 50.11044], [5.999086, 50.110146], [5.999098, 50.110058], [5.999151, 50.1099], [5.999224, 50.10973], [5.999365, 50.10945], [5.999472, 50.109272], [5.999495, 50.109238], [5.999567, 50.109188], [5.999662, 50.10914], [5.999735, 50.1091], [5.9998, 50.109077], [5.999857, 50.109055], [6.00009, 50.108963], [6.000109, 50.108955], [6.000162, 50.109], [6.000208, 50.10907], [6.000227, 50.109135], [6.000216, 50.109188], [6.000258, 50.109222], [6.000284, 50.109222], [6.000311, 50.109173], [6.000341, 50.10915], [6.00038, 50.109135], [6.00046, 50.10913], [6.000525, 50.10912], [6.000589, 50.109104], [6.000608, 50.109097], [6.00065, 50.109062], [6.000669, 50.109043], [6.000719, 50.109013], [6.000753, 50.10899], [6.000792, 50.108974], [6.000822, 50.10897], [6.000853, 50.108974], [6.00091, 50.108997], [6.000982, 50.109024], [6.001207, 50.109077], [6.001272, 50.109093], [6.001329, 50.10909], [6.001444, 50.109062], [6.00152, 50.10905], [6.001566, 50.109055], [6.001623, 50.10906], [6.001692, 50.10909], [6.001749, 50.109116], [6.001795, 50.10912], [6.001856, 50.10912], [6.001985, 50.109123], [6.002054, 50.109135], [6.002115, 50.10917], [6.002153, 50.109196], [6.002192, 50.109215], [6.002241, 50.10922], [6.002382, 50.10921], [6.002482, 50.109207], [6.002569, 50.109222], [6.002684, 50.10924], [6.002832, 50.10925], [6.002886, 50.109253], [6.002962, 50.10927], [6.003027, 50.10927], [6.00321, 50.109253], [6.003271, 50.10926], [6.003458, 50.109287], [6.0035, 50.109295], [6.00366, 50.1093], [6.003694, 50.109303], [6.00379, 50.10932], [6.00395, 50.109325], [6.004015, 50.10931], [6.00408, 50.10929], [6.005083, 50.10893], [6.005815, 50.10867], [6.006166, 50.10854], [6.006697, 50.10833], [6.006788, 50.108303], [6.006884, 50.10829], [6.006876, 50.108326], [6.007071, 50.10835], [6.007074, 50.108322], [6.007185, 50.108322], [6.007273, 50.108315], [6.007517, 50.108204], [6.007677, 50.10814], [6.00786, 50.10807], [6.007963, 50.10803], [6.008101, 50.107956], [6.008223, 50.107872], [6.008364, 50.107765], [6.008474, 50.107697], [6.008558, 50.107655], [6.008764, 50.107555], [6.009008, 50.107433], [6.009127, 50.107372], [6.009252, 50.10729], [6.009344, 50.10719], [6.009333, 50.107178], [6.009306, 50.10716], [6.00931, 50.10702], [6.009321, 50.106983], [6.009367, 50.106915], [6.009436, 50.106823], [6.00947, 50.10678], [6.009512, 50.106724], [6.009626, 50.106644], [6.00968, 50.106613], [6.009748, 50.106598], [6.009802, 50.106598], [6.009851, 50.106583], [6.009855, 50.106552], [6.009855, 50.106514], [6.009848, 50.106483], [6.009821, 50.106464], [6.009813, 50.10644], [6.009821, 50.106415], [6.009844, 50.106388], [6.009981, 50.106308], [6.010115, 50.106255], [6.010176, 50.10623], [6.010393, 50.106163], [6.010527, 50.106136], [6.010611, 50.106125], [6.010721, 50.1061], [6.010775, 50.106075], [6.010813, 50.10605], [6.01082, 50.105946], [6.010855, 50.105892], [6.011007, 50.10575], [6.011057, 50.10568], [6.011091, 50.10559], [6.011064, 50.105564], [6.011061, 50.1055], [6.011072, 50.105423], [6.011114, 50.105373], [6.011149, 50.10535], [6.011175, 50.10535], [6.011209, 50.105366], [6.011335, 50.105328], [6.011446, 50.105267], [6.011503, 50.10522], [6.011564, 50.105152], [6.011599, 50.105095], [6.011633, 50.10501], [6.011629, 50.104923], [6.011606, 50.104805], [6.011599, 50.104763], [6.011572, 50.104748], [6.011534, 50.10473], [6.011488, 50.104717], [6.011461, 50.104702], [6.011446, 50.10468], [6.011435, 50.10466], [6.011427, 50.104607], [6.011435, 50.104534], [6.01145, 50.104492], [6.011519, 50.104385], [6.011549, 50.10435], [6.01156, 50.104343], [6.011549, 50.104317], [6.011488, 50.104218], [6.011435, 50.10415], [6.011366, 50.104084], [6.011324, 50.104057], [6.011278, 50.104046], [6.011175, 50.10406], [6.011019, 50.104073], [6.010889, 50.104073], [6.010744, 50.104057], [6.010645, 50.104034], [6.010443, 50.10397], [6.010351, 50.103954], [6.010275, 50.103947], [6.010149, 50.10395], [6.010023, 50.103962], [6.009703, 50.10401], [6.009539, 50.104042], [6.009417, 50.104042], [6.009359, 50.104046], [6.00926, 50.104046], [6.009081, 50.10403], [6.00889, 50.103992], [6.008692, 50.103947], [6.0086, 50.103928], [6.00852, 50.10389], [6.008432, 50.103817], [6.008368, 50.103756], [6.008322, 50.103733], [6.008219, 50.103706], [6.008177, 50.10372], [6.007834, 50.103893], [6.007734, 50.10384], [6.007608, 50.103695], [6.007544, 50.1036], [6.007486, 50.103523], [6.007448, 50.103485], [6.00741, 50.103462], [6.007322, 50.10344], [6.007048, 50.1034], [6.006918, 50.103382], [6.006815, 50.10336], [6.006727, 50.10334], [6.006617, 50.10335], [6.006479, 50.1034], [6.006414, 50.10345], [6.006373, 50.103462], [6.006327, 50.10346], [6.006277, 50.10344], [6.006208, 50.103386], [6.006132, 50.103252], [6.006098, 50.10318], [6.006102, 50.103115], [6.006113, 50.103035], [6.006109, 50.103004], [6.006094, 50.10298], [6.006022, 50.102924], [6.005907, 50.10285], [6.005827, 50.10279], [6.005785, 50.102745], [6.005766, 50.1027], [6.005747, 50.10264], [6.00572, 50.10247], [6.005705, 50.10243], [6.00567, 50.1024], [6.005613, 50.102375], [6.005568, 50.10236], [6.005552, 50.10235], [6.005533, 50.102325], [6.005522, 50.102283], [6.005522, 50.10224], [6.005568, 50.102203], [6.005674, 50.10208], [6.005732, 50.102013], [6.005747, 50.101986], [6.005762, 50.10194], [6.005758, 50.1019], [6.005751, 50.10188], [6.005735, 50.101864], [6.005712, 50.101856], [6.005682, 50.101852], [6.005663, 50.101852], [6.005648, 50.101856], [6.005613, 50.101852], [6.005625, 50.101814], [6.005663, 50.101803], [6.005712, 50.101765], [6.005732, 50.101738], [6.005735, 50.10172], [6.005781, 50.101685], [6.005835, 50.101658], [6.005911, 50.101627], [6.005991, 50.101604], [6.006033, 50.10159], [6.006063, 50.10157], [6.00606, 50.101543], [6.006029, 50.101486], [6.00601, 50.101437], [6.006002, 50.10141], [6.005999, 50.10137], [6.005999, 50.10136], [6.006002, 50.10135], [6.006018, 50.101337], [6.006079, 50.101307], [6.006144, 50.10129], [6.006212, 50.101273], [6.006235, 50.101265], [6.006258, 50.10125], [6.006277, 50.101234], [6.006292, 50.10122], [6.006308, 50.101192], [6.006311, 50.10117], [6.006304, 50.10115], [6.006273, 50.101135], [6.006235, 50.10112], [6.006185, 50.10111], [6.006125, 50.1011], [6.006128, 50.101086], [6.006166, 50.10105], [6.006193, 50.101017], [6.006235, 50.100945], [6.006254, 50.10092], [6.006273, 50.1009], [6.006289, 50.100883], [6.006304, 50.100872], [6.006319, 50.100864], [6.006338, 50.100857], [6.006376, 50.100853], [6.006426, 50.100853], [6.006449, 50.100845], [6.006464, 50.100838], [6.006479, 50.100822], [6.006494, 50.100803], [6.006491, 50.10078], [6.006479, 50.100754], [6.006437, 50.10068], [6.006395, 50.10063], [6.00635, 50.100582], [6.006342, 50.100567], [6.006319, 50.10055], [6.006262, 50.10051], [6.006208, 50.10047], [6.006166, 50.100456], [6.006144, 50.100403], [6.00614, 50.10036], [6.00614, 50.100304], [6.006159, 50.100266], [6.006189, 50.100235], [6.006273, 50.1002], [6.006361, 50.100178], [6.006395, 50.100155], [6.006449, 50.100117], [6.006491, 50.10009], [6.006575, 50.100056], [6.006636, 50.10004], [6.006662, 50.10003], [6.006685, 50.100014], [6.006697, 50.099995], [6.006735, 50.099987], [6.006891, 50.10002], [6.006937, 50.09992], [6.006838, 50.09986], [6.006769, 50.099827], [6.006773, 50.099785], [6.006803, 50.099735], [6.00688, 50.099674], [6.00712, 50.099533], [6.007238, 50.09944], [6.007456, 50.099186], [6.007593, 50.099033], [6.007639, 50.09895], [6.007643, 50.098907], [6.007624, 50.09887], [6.007589, 50.09884], [6.007555, 50.098816], [6.007528, 50.09879], [6.007517, 50.09877], [6.007521, 50.098747], [6.00754, 50.09873], [6.00757, 50.09872], [6.007608, 50.098717], [6.007643, 50.098717], [6.007669, 50.098705], [6.007692, 50.098686], [6.0077, 50.098633], [6.007685, 50.098587], [6.007666, 50.098537], [6.007605, 50.09848], [6.007502, 50.098423], [6.007391, 50.098373], [6.007349, 50.09838], [6.007276, 50.098408], [6.007212, 50.098434], [6.007158, 50.09847], [6.007124, 50.0985], [6.007101, 50.098526], [6.007052, 50.09858], [6.00699, 50.098644], [6.006952, 50.098637], [6.006899, 50.098625], [6.006872, 50.098618], [6.006838, 50.098545], [6.006903, 50.098434], [6.006933, 50.098392], [6.006952, 50.09838], [6.007067, 50.098354], [6.007101, 50.09834], [6.007155, 50.098305], [6.007174, 50.09828], [6.007208, 50.09824], [6.007235, 50.098194], [6.007238, 50.09817], [6.0072, 50.09816], [6.007147, 50.098156], [6.007082, 50.09816], [6.007017, 50.09816], [6.006983, 50.098145], [6.006964, 50.098106], [6.006975, 50.098057], [6.007052, 50.098003], [6.007158, 50.097954], [6.007208, 50.097935], [6.007391, 50.097897], [6.007769, 50.09788], [6.007948, 50.09789], [6.008101, 50.0979], [6.008165, 50.097897], [6.0082, 50.097885], [6.008215, 50.09786], [6.008223, 50.09784], [6.008219, 50.09781], [6.008184, 50.09777], [6.008089, 50.09771], [6.008051, 50.097656], [6.008051, 50.097607], [6.008078, 50.097565], [6.008173, 50.097515], [6.008287, 50.097473], [6.008398, 50.097427], [6.008513, 50.097355], [6.008616, 50.09732], [6.008711, 50.097298], [6.008875, 50.097267], [6.009062, 50.09724], [6.009211, 50.09723], [6.009329, 50.09723], [6.009558, 50.09724], [6.009829, 50.09727], [6.009901, 50.09728], [6.009993, 50.097275], [6.010065, 50.097263], [6.010195, 50.097248], [6.01026, 50.097244], [6.010359, 50.097244], [6.010439, 50.097263], [6.010557, 50.097294], [6.010637, 50.097298], [6.010694, 50.0973], [6.010763, 50.09729], [6.010851, 50.097267], [6.010912, 50.09724], [6.010961, 50.09719], [6.011007, 50.097164], [6.011068, 50.097157], [6.011179, 50.097153], [6.011366, 50.097164], [6.01148, 50.097157], [6.011618, 50.09714], [6.011801, 50.097103], [6.012034, 50.097046], [6.01227, 50.097008], [6.012564, 50.096966], [6.012766, 50.096928], [6.012835, 50.096924], [6.012915, 50.096928], [6.012987, 50.09692], [6.013926, 50.096786], [6.014124, 50.096756], [6.014391, 50.096725], [6.014532, 50.096714], [6.014601, 50.0967], [6.014761, 50.09667], [6.014944, 50.0966], [6.015055, 50.096535], [6.01515, 50.09647], [6.015169, 50.096447], [6.015177, 50.09642], [6.015158, 50.096397], [6.015108, 50.09636], [6.014872, 50.09626], [6.014826, 50.09624], [6.014746, 50.096195], [6.014685, 50.09612], [6.014673, 50.096073], [6.014715, 50.09604], [6.014795, 50.09601], [6.014914, 50.09599], [6.015085, 50.095974], [6.015192, 50.09597], [6.015295, 50.095974], [6.015379, 50.095993], [6.015409, 50.096012], [6.015436, 50.096066], [6.015455, 50.096107], [6.015474, 50.096123], [6.015501, 50.09613], [6.015524, 50.09613], [6.015589, 50.09612], [6.015715, 50.096077], [6.015791, 50.09604], [6.015825, 50.096016], [6.015848, 50.095978], [6.01586, 50.095947], [6.015856, 50.095924], [6.015829, 50.095894], [6.015764, 50.095856], [6.01565, 50.0958], [6.015585, 50.095745], [6.015554, 50.095707], [6.015539, 50.095657], [6.015574, 50.09561], [6.015646, 50.09557], [6.015822, 50.09553], [6.016104, 50.095486], [6.016184, 50.095455], [6.016424, 50.095325], [6.016565, 50.095295], [6.016779, 50.095284], [6.017035, 50.095276], [6.017218, 50.095287], [6.017458, 50.095325], [6.017618, 50.095367], [6.017839, 50.095455], [6.01811, 50.095577], [6.018328, 50.095684], [6.018496, 50.0958], [6.018621, 50.0959], [6.018732, 50.096016], [6.018782, 50.096058], [6.018946, 50.09619], [6.019079, 50.096397], [6.019121, 50.09654], [6.019129, 50.09661], [6.019243, 50.09668], [6.019491, 50.096786], [6.019628, 50.096855], [6.019697, 50.096943], [6.019777, 50.09699], [6.019861, 50.097027], [6.020006, 50.09705], [6.020143, 50.097057], [6.020246, 50.097034], [6.020334, 50.097042], [6.020414, 50.097065], [6.020475, 50.09714], [6.020494, 50.097214], [6.020464, 50.09725], [6.020277, 50.097324], [6.020227, 50.097374], [6.020254, 50.09742], [6.020338, 50.097473], [6.02043, 50.097496], [6.020494, 50.0975], [6.020601, 50.097466], [6.020887, 50.09738], [6.021078, 50.09733], [6.021307, 50.097263], [6.021398, 50.09721], [6.021387, 50.09714], [6.021318, 50.097076], [6.021219, 50.09703], [6.02109, 50.09698], [6.021021, 50.096935], [6.021071, 50.09686], [6.021208, 50.096718], [6.021376, 50.0966], [6.021536, 50.096485], [6.021643, 50.096443], [6.021795, 50.09644], [6.021994, 50.096474], [6.022104, 50.09651], [6.022261, 50.09661], [6.022436, 50.096695], [6.022566, 50.09673], [6.022696, 50.096714], [6.022779, 50.096653], [6.022814, 50.09659], [6.022791, 50.09653], [6.022753, 50.096493], [6.022596, 50.09638], [6.022505, 50.0963], [6.022489, 50.096214], [6.022509, 50.096073], [6.022558, 50.095943], [6.022558, 50.09588], [6.022551, 50.09579], [6.022585, 50.095734], [6.022821, 50.095608], [6.022913, 50.09556], [6.022974, 50.09552], [6.02302, 50.09548], [6.023031, 50.095436], [6.023016, 50.095406], [6.022944, 50.095356], [6.022932, 50.095352], [6.02286, 50.095264], [6.022783, 50.09518], [6.022818, 50.09509], [6.022825, 50.094906], [6.022863, 50.09474], [6.022901, 50.09469], [6.02302, 50.094585], [6.023119, 50.094524], [6.023237, 50.09448], [6.023416, 50.094437], [6.023661, 50.0944], [6.024054, 50.094364], [6.024389, 50.094357], [6.025026, 50.094345], [6.025553, 50.09429], [6.025602, 50.094307], [6.025644, 50.094326], [6.025698, 50.094315], [6.025721, 50.094334], [6.025778, 50.0944], [6.025808, 50.094437], [6.02585, 50.09451], [6.025934, 50.094532], [6.026125, 50.09449], [6.026293, 50.094437], [6.026522, 50.094345], [6.026689, 50.09429], [6.026774, 50.094296], [6.026873, 50.094322], [6.026934, 50.09434], [6.026983, 50.094353], [6.027002, 50.094353], [6.027025, 50.09435], [6.027224, 50.09429], [6.027441, 50.094223], [6.027479, 50.094196], [6.027491, 50.094173], [6.027494, 50.09415], [6.027491, 50.09407], [6.027502, 50.09401], [6.027529, 50.093945], [6.027582, 50.093895], [6.027651, 50.09388], [6.027727, 50.093884], [6.027868, 50.09393], [6.027964, 50.093956], [6.028044, 50.093964], [6.02812, 50.093964], [6.028307, 50.093945], [6.028456, 50.093914], [6.028681, 50.09385], [6.028971, 50.093754], [6.029074, 50.09371], [6.029123, 50.093662], [6.029154, 50.09362], [6.029158, 50.093544], [6.029146, 50.0935], [6.029104, 50.09347], [6.029032, 50.093445], [6.028902, 50.09341], [6.02881, 50.093372], [6.028768, 50.093327], [6.028765, 50.09328], [6.028772, 50.09325], [6.028807, 50.093185], [6.028837, 50.093143], [6.028879, 50.093124], [6.028917, 50.09311], [6.029009, 50.093094], [6.029146, 50.093067], [6.029276, 50.093044], [6.029398, 50.09304], [6.029558, 50.093044], [6.029688, 50.093067], [6.029798, 50.093067], [6.029879, 50.093033], [6.029936, 50.092976], [6.02997, 50.092903], [6.029989, 50.092796], [6.029993, 50.09272], [6.029989, 50.092617], [6.029951, 50.092503], [6.029886, 50.09238], [6.029806, 50.09228], [6.029741, 50.09223], [6.029745, 50.092213], [6.029745, 50.0922], [6.029757, 50.09214], [6.02947, 50.09214], [6.029352, 50.09213], [6.029207, 50.092102], [6.029017, 50.092052], [6.028971, 50.09203], [6.029017, 50.092003], [6.02899, 50.091908], [6.028997, 50.091846], [6.029055, 50.0917], [6.029077, 50.091633], [6.029127, 50.09156], [6.02915, 50.091507], [6.029192, 50.09145], [6.02928, 50.09135], [6.029291, 50.091335], [6.029295, 50.091312], [6.029295, 50.091263], [6.029287, 50.091244], [6.029265, 50.09123], [6.029226, 50.091217], [6.029184, 50.0912], [6.029074, 50.09118], [6.02899, 50.09117], [6.028837, 50.091164], [6.028719, 50.091164], [6.0287, 50.09114], [6.028673, 50.091118], [6.028154, 50.091114], [6.028131, 50.09111], [6.028116, 50.091084], [6.028036, 50.09074], [6.027979, 50.090504], [6.027708, 50.090317], [6.027437, 50.090107], [6.027247, 50.089996], [6.027185, 50.08998], [6.027079, 50.08998], [6.02667, 50.090054], [6.026579, 50.090046], [6.02651, 50.09001], [6.026453, 50.089935], [6.026445, 50.089817], [6.02648, 50.08963], [6.026548, 50.089546], [6.026648, 50.089508], [6.026747, 50.089504], [6.026869, 50.08955], [6.026972, 50.0896], [6.02706, 50.089622], [6.027124, 50.089607], [6.027147, 50.089573], [6.027163, 50.089516], [6.02714, 50.089428], [6.027044, 50.08924], [6.026976, 50.0891], [6.026892, 50.089035], [6.026754, 50.089], [6.026632, 50.088993], [6.02648, 50.089], [6.026381, 50.089035], [6.026304, 50.08907], [6.026258, 50.089104], [6.026167, 50.08911], [6.026022, 50.08909], [6.025869, 50.08902], [6.025835, 50.088974], [6.025839, 50.088913], [6.025923, 50.088814], [6.026003, 50.088657], [6.026056, 50.08861], [6.026186, 50.08858], [6.026323, 50.088596], [6.02651, 50.08868], [6.026655, 50.088737], [6.026781, 50.088745], [6.026911, 50.088707], [6.026983, 50.088654], [6.027067, 50.088577], [6.027071, 50.08852], [6.027052, 50.08847], [6.026979, 50.088425], [6.026629, 50.08831], [6.026426, 50.088245], [6.026384, 50.08821], [6.026381, 50.08817], [6.026453, 50.088097], [6.026636, 50.087975], [6.026796, 50.08791], [6.027086, 50.087864], [6.027231, 50.08781], [6.027353, 50.087723], [6.027426, 50.087635], [6.027471, 50.087463], [6.027433, 50.087383], [6.027361, 50.087284], [6.027227, 50.087147], [6.027185, 50.08698], [6.027201, 50.086895], [6.027258, 50.086834], [6.027368, 50.08673], [6.027514, 50.086628], [6.027643, 50.086582], [6.027899, 50.08655], [6.02817, 50.086544], [6.028261, 50.08653], [6.028501, 50.086605], [6.028608, 50.086636], [6.028665, 50.086693], [6.028791, 50.086693], [6.028986, 50.086655], [6.029169, 50.0866], [6.029337, 50.08652], [6.029474, 50.0864], [6.029734, 50.08624], [6.030157, 50.08595], [6.030241, 50.085835], [6.030333, 50.085728], [6.030455, 50.08553], [6.030477, 50.0855], [6.03055, 50.0854], [6.03071, 50.085274], [6.030771, 50.085224], [6.030859, 50.085155], [6.030909, 50.08509], [6.030932, 50.085007], [6.030954, 50.084953], [6.031034, 50.084835], [6.031115, 50.084633], [6.031115, 50.084583], [6.031088, 50.08452], [6.031076, 50.084473], [6.031084, 50.084435], [6.031122, 50.084366], [6.031176, 50.084293], [6.031256, 50.084217], [6.031332, 50.084175], [6.031454, 50.084137], [6.031584, 50.084084], [6.031652, 50.084023], [6.031755, 50.083897], [6.031775, 50.08381], [6.031763, 50.08375], [6.031706, 50.083702], [6.031626, 50.083675], [6.031538, 50.08368], [6.031404, 50.08372], [6.031275, 50.083763], [6.031122, 50.083775], [6.030989, 50.08376], [6.030867, 50.08372], [6.030798, 50.083664], [6.030771, 50.08361], [6.030779, 50.083557], [6.030855, 50.083412], [6.030996, 50.083088], [6.031073, 50.08297], [6.031176, 50.08284], [6.031271, 50.082775], [6.031576, 50.082684], [6.031675, 50.082626], [6.031733, 50.082577], [6.031755, 50.082523], [6.031771, 50.082436], [6.031759, 50.082314], [6.031748, 50.08224], [6.031706, 50.082157], [6.031626, 50.082092], [6.031565, 50.08203], [6.031561, 50.081936], [6.031576, 50.081875], [6.031542, 50.081814], [6.031424, 50.08169], [6.03116, 50.08145], [6.030798, 50.081223], [6.030413, 50.080975], [6.030027, 50.080723], [6.029871, 50.080685], [6.029699, 50.08066], [6.029592, 50.080658], [6.029482, 50.08067], [6.029013, 50.080734], [6.028887, 50.08076], [6.028719, 50.08078], [6.028543, 50.080772], [6.02841, 50.08074], [6.028196, 50.080647], [6.028082, 50.080605], [6.027712, 50.080456], [6.027253, 50.080311], [6.026674, 50.080044], [6.026358, 50.07993], [6.025843, 50.079746], [6.02569, 50.079674], [6.025579, 50.07961], [6.025503, 50.079548], [6.025438, 50.07946], [6.025316, 50.079178], [6.025133, 50.07873], [6.02503, 50.078445], [6.024935, 50.078102], [6.024931, 50.077995], [6.024942, 50.0779], [6.024977, 50.077812], [6.025026, 50.077736], [6.025259, 50.077583], [6.025435, 50.077477], [6.025545, 50.077396], [6.025576, 50.077354], [6.025591, 50.077305], [6.025591, 50.077255], [6.025515, 50.077084], [6.025427, 50.07681], [6.025297, 50.076233], [6.025255, 50.076237], [6.025068, 50.076244], [6.024767, 50.076103], [6.024527, 50.07637], [6.02434, 50.076416], [6.024271, 50.0764], [6.024191, 50.07638], [6.02413, 50.076363], [6.024073, 50.076332], [6.024004, 50.076275], [6.023882, 50.0761], [6.023783, 50.076115], [6.023523, 50.075645], [6.023649, 50.075623], [6.023645, 50.075573], [6.02363, 50.07548], [6.023596, 50.075253], [6.0236, 50.075027], [6.023592, 50.074425], [6.023409, 50.074425], [6.023207, 50.07457], [6.022982, 50.07469], [6.02297, 50.07449], [6.022959, 50.07426], [6.023062, 50.074116], [6.023088, 50.074074], [6.02313, 50.073994], [6.023176, 50.073925], [6.023249, 50.073822], [6.023413, 50.073627], [6.023317, 50.07346], [6.022993, 50.073437], [6.02286, 50.07343], [6.022306, 50.073437], [6.022013, 50.07344], [6.02125, 50.07342], [6.021086, 50.07342], [6.02096, 50.07343], [6.02088, 50.07342], [6.020868, 50.0734], [6.020865, 50.07336], [6.020876, 50.07331], [6.020956, 50.073124], [6.020925, 50.072903], [6.020903, 50.072716], [6.020903, 50.072563], [6.020922, 50.07239], [6.021006, 50.07213], [6.02117, 50.07165], [6.021299, 50.07129], [6.021425, 50.07099], [6.021566, 50.070698], [6.021647, 50.07055], [6.021723, 50.0704], [6.021807, 50.070213], [6.021917, 50.0699], [6.022016, 50.069576], [6.022051, 50.069427], [6.022055, 50.069305], [6.022043, 50.069183], [6.02202, 50.069088], [6.021936, 50.06891], [6.021742, 50.06851], [6.021662, 50.068295], [6.021647, 50.0682], [6.021601, 50.068195], [6.021551, 50.068188], [6.021078, 50.06809], [6.020586, 50.068104], [6.020086, 50.068127], [6.019709, 50.068153], [6.019316, 50.068195], [6.018953, 50.06825], [6.018629, 50.06834], [6.018465, 50.068386], [6.018156, 50.06849], [6.017797, 50.068615], [6.017046, 50.0689], [6.01676, 50.069023], [6.016604, 50.068996], [6.016253, 50.06912], [6.016031, 50.069206], [6.015951, 50.06925], [6.01586, 50.06931], [6.014956, 50.069946], [6.014803, 50.07005], [6.014563, 50.070198], [6.014456, 50.070255], [6.014231, 50.070362], [6.01409, 50.070427], [6.01396, 50.070503], [6.013651, 50.070686], [6.013662, 50.07071], [6.013319, 50.070835], [6.013189, 50.070885], [6.013136, 50.070904], [6.012873, 50.071003], [6.012587, 50.071117], [6.012373, 50.07121], [6.012232, 50.071266], [6.011938, 50.071396], [6.011736, 50.071487], [6.011683, 50.07151], [6.011553, 50.071568], [6.011476, 50.071598], [6.011354, 50.07165], [6.011259, 50.071693], [6.011068, 50.071777], [6.010866, 50.071854], [6.010611, 50.071945], [6.010466, 50.07199], [6.010328, 50.072037], [6.009779, 50.072212], [6.009447, 50.072304], [6.009359, 50.072327], [6.008863, 50.07245], [6.008688, 50.07249], [6.008432, 50.072556], [6.008383, 50.072567], [6.00823, 50.072598], [6.008032, 50.072628], [6.007971, 50.072636], [6.007856, 50.07265], [6.007673, 50.07267], [6.007528, 50.07268], [6.007418, 50.072685], [6.007292, 50.072674], [6.007265, 50.072674], [6.00717, 50.072662], [6.007093, 50.072647], [6.006971, 50.072628], [6.006903, 50.07261], [6.006811, 50.072582], [6.006727, 50.07255], [6.006662, 50.072533], [6.006636, 50.072525], [6.006338, 50.072426], [6.005949, 50.07229], [6.005869, 50.072403], [6.005556, 50.072227], [6.005339, 50.072113], [6.00514, 50.071983], [6.005056, 50.071922], [6.0049, 50.07182], [6.004843, 50.071766], [6.004824, 50.07173], [6.004778, 50.071693], [6.004454, 50.07141], [6.004038, 50.07112], [6.003702, 50.07089], [6.003611, 50.070843], [6.003496, 50.070812], [6.003344, 50.070805], [6.003149, 50.07081], [6.002943, 50.070827], [6.002703, 50.070854], [6.002504, 50.070877], [6.002287, 50.07091], [6.00205, 50.070953], [6.001783, 50.071014], [6.001528, 50.07107], [6.001257, 50.071133], [6.00086, 50.071194], [6.000414, 50.071236], [6.00041, 50.071266], [6.000246, 50.071285], [6.000029, 50.0713], [5.99959, 50.071323], [5.999281, 50.07134], [5.999079, 50.071342], [5.998918, 50.071327], [5.998777, 50.071312], [5.998609, 50.071278], [5.998484, 50.07124], [5.99843, 50.071217], [5.998373, 50.071194], [5.998251, 50.07114], [5.998133, 50.07108], [5.997927, 50.070953], [5.997622, 50.07077], [5.997515, 50.07072], [5.997461, 50.070705], [5.997301, 50.070698], [5.996969, 50.070675], [5.997118, 50.070576], [5.997213, 50.070503], [5.997305, 50.07044], [5.997179, 50.07041], [5.997099, 50.070393], [5.997015, 50.07037], [5.996908, 50.070328], [5.996851, 50.070297], [5.996794, 50.070282], [5.996637, 50.070255], [5.996622, 50.070225], [5.99658, 50.07017], [5.996553, 50.070137], [5.996534, 50.07012], [5.996481, 50.07009], [5.99645, 50.070072], [5.996412, 50.07003], [5.996359, 50.069996], [5.996267, 50.06995], [5.996027, 50.069862], [5.995813, 50.069794], [5.995665, 50.069736], [5.995588, 50.069695], [5.995512, 50.06963], [5.995428, 50.06954], [5.995352, 50.069454], [5.995153, 50.069183], [5.995008, 50.068993], [5.994749, 50.068672], [5.994669, 50.06859], [5.994627, 50.068558], [5.994463, 50.068466], [5.994398, 50.068436], [5.994387, 50.068367], [5.994371, 50.06835], [5.994341, 50.068336], [5.994303, 50.068333], [5.994272, 50.06832], [5.993799, 50.06798], [5.993708, 50.067917], [5.99365, 50.067894], [5.993593, 50.06788], [5.993463, 50.067863], [5.993345, 50.06785], [5.993261, 50.06783], [5.99317, 50.0678], [5.993048, 50.067757], [5.992895, 50.06771], [5.992655, 50.06765], [5.992552, 50.06763], [5.992395, 50.06762], [5.99225, 50.067627], [5.992128, 50.06764], [5.99201, 50.067604], [5.991938, 50.06759], [5.991839, 50.067577], [5.99164, 50.067577], [5.991465, 50.06757], [5.991308, 50.067554], [5.991075, 50.067524], [5.990889, 50.067497], [5.990797, 50.06749], [5.990705, 50.067482], [5.990549, 50.06746], [5.990316, 50.067425], [5.990118, 50.067383], [5.98982, 50.067307], [5.989603, 50.067253], [5.989504, 50.067234], [5.989393, 50.067238], [5.989332, 50.067234], [5.989252, 50.067223], [5.988936, 50.067165], [5.988714, 50.06714], [5.988623, 50.067127], [5.98852, 50.067116], [5.988184, 50.067085], [5.987894, 50.067036], [5.987593, 50.066986], [5.987406, 50.06695], [5.987246, 50.066933], [5.98715, 50.066936], [5.987005, 50.06695], [5.986857, 50.066994], [5.986727, 50.067047], [5.986689, 50.067074], [5.986589, 50.067165], [5.98646, 50.067245], [5.986345, 50.067318], [5.986277, 50.06737], [5.986135, 50.067513], [5.986033, 50.067604], [5.985693, 50.06786], [5.985586, 50.06789], [5.985628, 50.067913], [5.985502, 50.06798], [5.985434, 50.06801], [5.98535, 50.06802], [5.985243, 50.068024], [5.985144, 50.068016], [5.985056, 50.06801], [5.984938, 50.06798], [5.984873, 50.067966], [5.984774, 50.067936], [5.984678, 50.067894], [5.984591, 50.067852], [5.984572, 50.06784], [5.984838, 50.067673], [5.984987, 50.06757], [5.985033, 50.06752], [5.985125, 50.06734], [5.985373, 50.066734], [5.985441, 50.066536], [5.985514, 50.066303], [5.985578, 50.066124], [5.985598, 50.065907], [5.985514, 50.065716], [5.985067, 50.064938], [5.984976, 50.064747], [5.9848, 50.064304], [5.984678, 50.0639], [5.984655, 50.06375], [5.984659, 50.063644], [5.98469, 50.063465], [5.984781, 50.063126], [5.984854, 50.062935], [5.985033, 50.062546], [5.985052, 50.062458], [5.985106, 50.062386], [5.985235, 50.062233], [5.985495, 50.06191], [5.98588, 50.061398], [5.986013, 50.0612], [5.986116, 50.061043], [5.986387, 50.060596], [5.986402, 50.06056], [5.986078, 50.060524], [5.985224, 50.06042], [5.984796, 50.06037], [5.984579, 50.060345], [5.984259, 50.060043], [5.984159, 50.059956], [5.983927, 50.059734], [5.983538, 50.059345], [5.983114, 50.058907], [5.982775, 50.058495], [5.982557, 50.058197], [5.98242, 50.05796], [5.982344, 50.057755], [5.982275, 50.057533], [5.982225, 50.057323], [5.98221, 50.05725], [5.982199, 50.05714], [5.982176, 50.056976], [5.982126, 50.056828], [5.982081, 50.05668], [5.982065, 50.05649], [5.98205, 50.05616], [5.982035, 50.05607], [5.982019, 50.056034], [5.982, 50.055794], [5.982027, 50.0555], [5.982046, 50.05539], [5.982069, 50.055206], [5.982103, 50.055046], [5.982153, 50.05466], [5.982168, 50.05455], [5.982176, 50.054424], [5.982191, 50.054146], [5.982107, 50.05359], [5.98184, 50.053947], [5.98168, 50.054153], [5.981604, 50.054203], [5.98144, 50.054276], [5.9811, 50.054413], [5.980551, 50.054626], [5.980269, 50.054775], [5.979818, 50.055046], [5.979494, 50.05526], [5.979387, 50.055355], [5.979303, 50.055473], [5.979227, 50.05556], [5.979124, 50.055614], [5.978609, 50.0557], [5.978479, 50.055717], [5.978193, 50.05574], [5.977778, 50.05577], [5.977564, 50.055805], [5.977423, 50.055847], [5.977232, 50.055943], [5.977201, 50.055943], [5.977049, 50.055843], [5.976938, 50.055775], [5.976831, 50.055706], [5.97677, 50.05567], [5.976648, 50.055626], [5.976614, 50.055595], [5.976584, 50.05552], [5.976557, 50.055496], [5.976534, 50.055477], [5.976454, 50.05545], [5.976328, 50.055416], [5.976282, 50.055397], [5.97624, 50.055367], [5.976206, 50.055332], [5.976088, 50.055187], [5.975958, 50.05509], [5.975897, 50.055035], [5.975855, 50.054996], [5.975794, 50.054916], [5.975779, 50.054897], [5.975744, 50.054844], [5.975618, 50.05462], [5.975557, 50.0545], [5.975527, 50.0544], [5.975519, 50.05432], [5.975519, 50.05425], [5.975534, 50.054188], [5.975565, 50.054104], [5.97558, 50.054028], [5.97558, 50.053967], [5.975569, 50.05386], [5.975569, 50.05378], [5.975599, 50.053574], [5.975614, 50.053448], [5.975618, 50.053352], [5.975603, 50.053303], [5.975565, 50.05321], [5.975569, 50.053177], [5.975576, 50.053093], [5.975599, 50.053036], [5.975653, 50.052944], [5.975653, 50.052902], [5.975664, 50.052647], [5.975683, 50.052387], [5.975683, 50.05234], [5.975695, 50.052223], [5.975676, 50.052162], [5.975657, 50.052116], [5.975603, 50.051975], [5.975527, 50.051758], [5.975428, 50.051537], [5.97534, 50.051296], [5.975302, 50.051193], [5.975256, 50.05109], [5.97518, 50.05096], [5.975142, 50.050907], [5.975058, 50.050808], [5.974947, 50.050716], [5.974905, 50.05069], [5.97476, 50.050606], [5.974691, 50.050556], [5.974554, 50.050426], [5.974432, 50.05033], [5.974249, 50.050217], [5.97407, 50.05013], [5.973787, 50.049965], [5.973711, 50.04991], [5.973654, 50.04987], [5.973585, 50.049816], [5.97349, 50.049725], [5.973467, 50.0497], [5.973345, 50.049576], [5.973265, 50.049477], [5.973204, 50.04938], [5.973143, 50.049255], [5.973112, 50.049152], [5.973104, 50.04912], [5.973089, 50.049023], [5.973082, 50.04892], [5.973082, 50.048653], [5.973085, 50.048496], [5.973055, 50.04849], [5.972986, 50.048428], [5.972967, 50.048405], [5.972906, 50.048386], [5.972895, 50.04838], [5.972849, 50.048363], [5.972826, 50.048344], [5.972837, 50.04832], [5.972868, 50.04829], [5.972899, 50.04825], [5.972876, 50.048237], [5.972853, 50.048244], [5.972815, 50.04825], [5.972792, 50.048237], [5.97278, 50.04822], [5.972784, 50.048203], [5.972792, 50.04816], [5.972803, 50.048115], [5.972811, 50.0481], [5.972807, 50.04807], [5.972818, 50.048054], [5.972815, 50.048035], [5.972807, 50.04801], [5.972822, 50.047985], [5.972826, 50.04796], [5.972818, 50.04792], [5.972784, 50.047867], [5.972746, 50.047832], [5.972654, 50.047756], [5.972593, 50.047714], [5.972555, 50.04769], [5.97249, 50.047646], [5.972361, 50.04758], [5.972303, 50.047558], [5.972223, 50.04754], [5.972067, 50.047504], [5.971941, 50.047478], [5.971861, 50.04746], [5.971815, 50.047432], [5.971746, 50.047367], [5.971701, 50.047318], [5.971666, 50.047287], [5.971602, 50.047222], [5.971449, 50.047035], [5.971335, 50.04688], [5.9713, 50.046803], [5.971243, 50.046715], [5.971212, 50.04667], [5.971155, 50.046608], [5.971079, 50.046543], [5.971044, 50.046497], [5.970976, 50.046413], [5.970938, 50.046375], [5.970892, 50.046356], [5.970827, 50.04634], [5.97027, 50.046227], [5.970201, 50.046207], [5.97006, 50.04613], [5.969999, 50.046112], [5.969786, 50.046066], [5.96966, 50.04604], [5.969477, 50.04601], [5.969122, 50.04595], [5.968836, 50.04591], [5.968527, 50.045883], [5.968256, 50.045864], [5.96829, 50.04577], [5.968569, 50.045734], [5.968741, 50.04572], [5.968859, 50.045708], [5.969137, 50.0457], [5.969297, 50.045704], [5.969454, 50.045715], [5.969606, 50.045742], [5.969736, 50.045773], [5.969976, 50.045834], [5.970148, 50.045868], [5.970251, 50.045887], [5.970388, 50.045895], [5.970541, 50.0459], [5.970633, 50.045937], [5.971006, 50.046078], [5.971018, 50.04606], [5.971018, 50.04603], [5.970991, 50.04599], [5.970987, 50.045963], [5.971006, 50.045944], [5.971048, 50.045914], [5.971064, 50.045887], [5.971064, 50.045837], [5.971067, 50.0458], [5.971098, 50.045727], [5.971144, 50.04561], [5.971147, 50.045555], [5.971128, 50.045513], [5.971079, 50.045414], [5.971003, 50.045315], [5.970926, 50.04524], [5.970858, 50.045197], [5.970594, 50.045055], [5.970221, 50.044865], [5.970095, 50.04479], [5.969992, 50.04472], [5.969786, 50.04456], [5.969595, 50.044407], [5.969515, 50.044346], [5.969427, 50.044266], [5.969316, 50.044155], [5.969255, 50.044083], [5.969206, 50.044003], [5.969168, 50.043907], [5.969145, 50.043846], [5.969133, 50.043774], [5.969126, 50.043667], [5.969137, 50.043556], [5.969164, 50.04347], [5.969214, 50.04337], [5.969286, 50.043243], [5.969427, 50.043003], [5.969507, 50.04288], [5.969557, 50.042816], [5.969496, 50.042797], [5.969419, 50.04278], [5.969233, 50.042747], [5.969061, 50.042732], [5.968866, 50.042725], [5.968409, 50.042736], [5.968195, 50.042744], [5.967348, 50.04277], [5.967241, 50.042774], [5.966543, 50.042793], [5.966074, 50.042805], [5.965593, 50.04281], [5.965273, 50.042805], [5.965033, 50.042797], [5.964792, 50.04278], [5.964464, 50.042755], [5.964384, 50.042755], [5.964285, 50.04277], [5.964129, 50.04277], [5.964041, 50.042763], [5.963644, 50.042717], [5.963533, 50.042706], [5.963411, 50.042686], [5.963293, 50.04268], [5.963053, 50.042645], [5.962984, 50.042633], [5.962862, 50.042625], [5.962767, 50.042614], [5.962576, 50.042572], [5.962492, 50.04256], [5.962351, 50.042545], [5.962213, 50.042526], [5.961973, 50.042492], [5.961878, 50.042477], [5.961775, 50.042458], [5.96171, 50.04244], [5.961645, 50.04241], [5.961557, 50.04238], [5.961489, 50.042377], [5.961401, 50.042374], [5.961332, 50.042362], [5.961191, 50.042328], [5.961008, 50.04228], [5.96089, 50.042248], [5.960844, 50.042233], [5.960722, 50.0422], [5.96068, 50.04219], [5.960577, 50.042152], [5.960348, 50.042053], [5.960173, 50.04198], [5.959986, 50.04193], [5.959848, 50.04189], [5.959715, 50.041843], [5.959654, 50.041832], [5.95952, 50.041832], [5.959475, 50.041813], [5.959352, 50.041733], [5.959188, 50.041653], [5.959001, 50.041584], [5.958815, 50.041527], [5.95867, 50.0415], [5.957956, 50.041386], [5.957022, 50.04122], [5.956972, 50.041153], [5.956945, 50.041115], [5.956915, 50.041073], [5.956987, 50.040985], [5.957014, 50.04096], [5.957155, 50.040794], [5.957716, 50.040115], [5.958033, 50.039696], [5.958147, 50.03955], [5.958239, 50.03944], [5.958391, 50.03926], [5.958723, 50.038975], [5.959135, 50.038612], [5.959375, 50.038406], [5.959425, 50.038372], [5.959455, 50.03835], [5.959593, 50.03828], [5.959944, 50.038113], [5.960466, 50.037872], [5.960791, 50.037724], [5.961042, 50.037895], [5.961313, 50.03776], [5.961851, 50.037453], [5.961123, 50.036873], [5.961439, 50.036716], [5.962038, 50.036407], [5.962091, 50.036377], [5.962172, 50.035507], [5.961592, 50.035046], [5.961508, 50.034958], [5.961439, 50.034874], [5.961409, 50.034836], [5.961359, 50.03477], [5.961168, 50.03452], [5.961126, 50.03447], [5.960897, 50.034138], [5.960688, 50.033855], [5.960661, 50.033802], [5.960707, 50.03378], [5.961187, 50.033527], [5.961412, 50.03341], [5.961618, 50.033318], [5.961779, 50.033257], [5.961992, 50.03318], [5.962202, 50.033108], [5.962355, 50.03306], [5.962545, 50.032997], [5.962713, 50.032963], [5.963674, 50.032875], [5.964086, 50.03271], [5.964457, 50.032578], [5.965002, 50.03239], [5.965532, 50.032196], [5.966051, 50.031994], [5.966192, 50.031975], [5.966173, 50.03195], [5.965937, 50.031708], [5.965647, 50.031433], [5.965357, 50.03119], [5.9652, 50.03106], [5.964758, 50.030754], [5.964274, 50.030396], [5.963514, 50.030437], [5.963442, 50.030407], [5.962526, 50.030064], [5.961908, 50.02956], [5.961527, 50.02915], [5.961233, 50.028866], [5.960947, 50.02857], [5.960825, 50.028442], [5.960764, 50.028408], [5.960733, 50.028538], [5.960703, 50.028522], [5.960634, 50.02849], [5.959825, 50.02808], [5.95949, 50.027905], [5.959299, 50.02781], [5.959108, 50.027725], [5.959055, 50.0277], [5.95867, 50.027515], [5.958117, 50.02726], [5.957743, 50.0271], [5.957403, 50.026978], [5.95709, 50.026875], [5.956858, 50.026806], [5.956686, 50.02675], [5.956396, 50.026615], [5.956114, 50.02648], [5.955999, 50.026443], [5.955473, 50.026257], [5.95511, 50.02667], [5.954935, 50.026863], [5.954767, 50.027054], [5.954592, 50.02725], [5.95474, 50.02732], [5.954824, 50.027378], [5.954889, 50.02743], [5.954931, 50.02748], [5.954966, 50.027523], [5.955004, 50.027596], [5.955057, 50.027668], [5.955122, 50.02775], [5.955515, 50.027588], [5.955706, 50.027515], [5.955934, 50.027695], [5.956076, 50.027824], [5.956266, 50.02801], [5.956449, 50.02819], [5.956636, 50.028362], [5.956812, 50.02851], [5.957048, 50.028507], [5.957014, 50.028687], [5.956976, 50.02886], [5.956728, 50.028812], [5.956442, 50.02875], [5.956221, 50.028706], [5.955965, 50.028614], [5.955805, 50.028553], [5.955633, 50.028492], [5.955481, 50.02843], [5.955309, 50.028366], [5.955149, 50.028305], [5.954531, 50.028057], [5.954679, 50.027832], [5.954847, 50.027714], [5.954657, 50.027496], [5.954599, 50.027454], [5.954516, 50.027412], [5.954443, 50.02739], [5.954378, 50.027374], [5.954271, 50.02737], [5.954161, 50.02738], [5.953875, 50.02746], [5.953329, 50.02763], [5.953211, 50.027554], [5.953131, 50.027573], [5.953062, 50.02759], [5.953024, 50.027596], [5.95299, 50.027588], [5.952955, 50.02759], [5.952898, 50.02764], [5.952867, 50.027664], [5.952845, 50.027676], [5.95281, 50.027683], [5.95273, 50.02767], [5.952669, 50.02768], [5.952536, 50.02771], [5.952276, 50.027763], [5.951727, 50.02789], [5.95167, 50.027855], [5.951597, 50.027893], [5.951529, 50.027924], [5.951448, 50.027954], [5.951376, 50.027973], [5.951284, 50.02799], [5.951159, 50.028004], [5.95109, 50.028004], [5.951029, 50.028], [5.950941, 50.027996], [5.950819, 50.027977], [5.950712, 50.027958], [5.950552, 50.02787], [5.950338, 50.027775], [5.950136, 50.027683], [5.950079, 50.027653], [5.949961, 50.027588], [5.949774, 50.027504], [5.949652, 50.02745], [5.949396, 50.027374], [5.949076, 50.027298], [5.948797, 50.02724], [5.948858, 50.027073], [5.948736, 50.027008], [5.9484, 50.026997], [5.948412, 50.026897], [5.948423, 50.02683], [5.948431, 50.026756], [5.948431, 50.026695], [5.948408, 50.026634], [5.948385, 50.02659], [5.948347, 50.02655], [5.948317, 50.02652], [5.948202, 50.026447], [5.948111, 50.02638], [5.948065, 50.026344], [5.947985, 50.02631], [5.947859, 50.026264], [5.947599, 50.026203], [5.947256, 50.026157], [5.947103, 50.026134], [5.946978, 50.02612], [5.946867, 50.026096], [5.946821, 50.026085], [5.946676, 50.02606], [5.946558, 50.02603], [5.946524, 50.02601], [5.946474, 50.025978], [5.946436, 50.025963], [5.946386, 50.02594], [5.94628, 50.02591], [5.946169, 50.02588], [5.946112, 50.02585], [5.946043, 50.025845], [5.94599, 50.025852], [5.945906, 50.025856], [5.945841, 50.025864], [5.945795, 50.025864], [5.945749, 50.025856], [5.9457, 50.025845], [5.945646, 50.025826], [5.945536, 50.02581], [5.945421, 50.025764], [5.945314, 50.02575], [5.945253, 50.025745], [5.945127, 50.025715], [5.944811, 50.025642], [5.944674, 50.025608], [5.944624, 50.0256], [5.944571, 50.025608], [5.944479, 50.025627], [5.944429, 50.02563], [5.944349, 50.025627], [5.944277, 50.025616], [5.944212, 50.0256], [5.944155, 50.02557], [5.944124, 50.025555], [5.944021, 50.0255], [5.943941, 50.025467], [5.943861, 50.025448], [5.943582, 50.02542], [5.943483, 50.025417], [5.94338, 50.02542], [5.943346, 50.02542], [5.943293, 50.0254], [5.94311, 50.025314], [5.942938, 50.025223], [5.9428, 50.025135], [5.942728, 50.025078], [5.942636, 50.025], [5.942369, 50.024746], [5.942392, 50.02473], [5.942564, 50.02462], [5.942541, 50.024597], [5.942427, 50.0245], [5.942373, 50.02439], [5.942312, 50.024326], [5.942255, 50.024273], [5.942194, 50.024166], [5.942141, 50.024086], [5.941984, 50.023987], [5.941851, 50.023907], [5.941721, 50.02383], [5.941652, 50.02378], [5.941526, 50.02364], [5.941454, 50.023575], [5.941355, 50.023506], [5.941153, 50.023357], [5.941134, 50.023342], [5.941038, 50.02326], [5.940977, 50.02319], [5.940863, 50.023125], [5.940802, 50.023083], [5.940653, 50.02301], [5.940481, 50.022938], [5.940321, 50.022858], [5.940229, 50.022808], [5.940207, 50.022793], [5.940172, 50.022766], [5.940046, 50.022705], [5.94002, 50.02268], [5.939993, 50.022625], [5.939982, 50.02261], [5.939821, 50.02254], [5.939661, 50.022472], [5.939577, 50.022446], [5.939547, 50.02243], [5.939505, 50.02241], [5.939428, 50.022366], [5.939379, 50.02233], [5.939249, 50.02228], [5.93915, 50.022194], [5.939085, 50.022133], [5.939043, 50.022095], [5.938848, 50.021976], [5.93878, 50.021935], [5.938761, 50.02191], [5.938703, 50.02185], [5.938574, 50.0217], [5.938543, 50.02167], [5.938494, 50.021614], [5.938353, 50.02143], [5.93825, 50.021294], [5.938234, 50.02127], [5.938208, 50.021225], [5.938143, 50.02111], [5.938089, 50.02101], [5.938009, 50.020885], [5.93791, 50.020756], [5.937826, 50.02067], [5.937609, 50.020462], [5.93738, 50.02024], [5.937258, 50.020107], [5.937117, 50.019962], [5.937048, 50.019886], [5.937002, 50.01984], [5.936918, 50.01975], [5.936869, 50.019688], [5.936754, 50.01956], [5.936678, 50.01952], [5.936605, 50.019493], [5.936567, 50.019478], [5.936499, 50.019463], [5.936457, 50.01946], [5.936392, 50.019463], [5.93635, 50.019478], [5.936274, 50.01951], [5.936068, 50.019623], [5.93598, 50.01966], [5.935881, 50.019688], [5.935114, 50.01989], [5.934919, 50.019917], [5.934637, 50.01994], [5.934561, 50.019943], [5.934282, 50.019947], [5.934069, 50.019955], [5.933721, 50.01995], [5.933329, 50.01996], [5.933046, 50.019966], [5.932859, 50.01998], [5.932779, 50.01999], [5.932711, 50.019997], [5.932646, 50.02001], [5.932444, 50.020084], [5.932276, 50.020138], [5.932062, 50.020195], [5.931921, 50.020226], [5.931795, 50.020256], [5.931704, 50.020287], [5.931673, 50.020298], [5.931662, 50.020306], [5.931608, 50.02033], [5.931547, 50.020367], [5.931486, 50.020416], [5.931467, 50.020466], [5.931421, 50.020535], [5.931383, 50.020588], [5.931356, 50.020638], [5.931337, 50.020695], [5.931333, 50.02074], [5.931337, 50.020794], [5.931349, 50.020836], [5.931375, 50.020905], [5.931398, 50.020977], [5.931402, 50.021], [5.931406, 50.021015], [5.93141, 50.02107], [5.931406, 50.021114], [5.931398, 50.02115], [5.931379, 50.02117], [5.931452, 50.021267], [5.931551, 50.021416], [5.9317, 50.021687], [5.931757, 50.021816], [5.931795, 50.021942], [5.931822, 50.02204], [5.931845, 50.022167], [5.931856, 50.02234], [5.931887, 50.02263], [5.93191, 50.022774], [5.931936, 50.02292], [5.93194, 50.023018], [5.931936, 50.023083], [5.931906, 50.023285], [5.931852, 50.023533], [5.931845, 50.023552], [5.931868, 50.0236], [5.931879, 50.023647], [5.931883, 50.023716], [5.931887, 50.023746], [5.931822, 50.023823], [5.931799, 50.023857], [5.931784, 50.023888], [5.931742, 50.023994], [5.931715, 50.024044], [5.931688, 50.02407], [5.931608, 50.02414], [5.931551, 50.02418], [5.931528, 50.02421], [5.931521, 50.024235], [5.931524, 50.02429], [5.931524, 50.024326], [5.931517, 50.02435], [5.931482, 50.02436], [5.931418, 50.024364], [5.931372, 50.02437], [5.931337, 50.02438], [5.931322, 50.024395], [5.931303, 50.024426], [5.931295, 50.024494], [5.931284, 50.024532], [5.93123, 50.024616], [5.931192, 50.02468], [5.931181, 50.024715], [5.931177, 50.024765], [5.93117, 50.024807], [5.931158, 50.02484], [5.931124, 50.02486], [5.931124, 50.02488], [5.93091, 50.02501], [5.930681, 50.025154], [5.93046, 50.0253], [5.930258, 50.02543], [5.930132, 50.025517], [5.93004, 50.02555], [5.929972, 50.02558], [5.929937, 50.025597], [5.929666, 50.02571], [5.929438, 50.025623], [5.929415, 50.02561], [5.92935, 50.025593], [5.929377, 50.025505], [5.929384, 50.025494], [5.929327, 50.025486], [5.929277, 50.025486], [5.929209, 50.0255], [5.929163, 50.02552], [5.929117, 50.025536], [5.929098, 50.02552], [5.929194, 50.02544], [5.929201, 50.025402], [5.929308, 50.025127], [5.929155, 50.02513], [5.929075, 50.02515], [5.928968, 50.02515], [5.928827, 50.02514], [5.928766, 50.02513], [5.928739, 50.025127], [5.928652, 50.025112], [5.928549, 50.02507], [5.928499, 50.025047], [5.928369, 50.02498], [5.92845, 50.02497], [5.928438, 50.02496], [5.927866, 50.02442], [5.92734, 50.023956], [5.92724, 50.02385], [5.927126, 50.02372], [5.927061, 50.02364], [5.927553, 50.023476], [5.927717, 50.023415], [5.927771, 50.02338], [5.927816, 50.023327], [5.927854, 50.02325], [5.927881, 50.023148], [5.927881, 50.023052], [5.927862, 50.02287], [5.927824, 50.022762], [5.927561, 50.02223], [5.927359, 50.02185], [5.92721, 50.02161], [5.927099, 50.021416], [5.927008, 50.021297], [5.927107, 50.021294], [5.927286, 50.02129], [5.927397, 50.021282], [5.927587, 50.02127], [5.92779, 50.021248], [5.927916, 50.021233], [5.928057, 50.021206], [5.928442, 50.021122], [5.92861, 50.0211], [5.928739, 50.02108], [5.928968, 50.02105], [5.929167, 50.021023], [5.929743, 50.020954], [5.93001, 50.02092], [5.930056, 50.020916], [5.930056, 50.02075], [5.930098, 50.020546], [5.930151, 50.020367], [5.930212, 50.0202], [5.930288, 50.020035], [5.930349, 50.019955], [5.930517, 50.019806], [5.930487, 50.0198], [5.930212, 50.0198], [5.929735, 50.019794], [5.929594, 50.019794], [5.928152, 50.019783], [5.928293, 50.01955], [5.928392, 50.019405], [5.92845, 50.019314], [5.928484, 50.01924], [5.92853, 50.0191], [5.928545, 50.019024], [5.928553, 50.01896], [5.928713, 50.018925], [5.928728, 50.018917], [5.92882, 50.018894], [5.928953, 50.018856], [5.928629, 50.01857], [5.928438, 50.018444], [5.928343, 50.018387], [5.928183, 50.01831], [5.928057, 50.018265], [5.92795, 50.018234], [5.927824, 50.01821], [5.92732, 50.018154], [5.926962, 50.01811], [5.926901, 50.017643], [5.926859, 50.017307], [5.926844, 50.017174], [5.92684, 50.017048], [5.92684, 50.017006], [5.926935, 50.016747], [5.926805, 50.01671], [5.926378, 50.016582], [5.925993, 50.016735], [5.925363, 50.01654], [5.925314, 50.016525], [5.924929, 50.016415], [5.924749, 50.01638], [5.92454, 50.01633], [5.923872, 50.0161], [5.924044, 50.015934], [5.923838, 50.01577], [5.923716, 50.01569], [5.923887, 50.015537], [5.923845, 50.01528], [5.923853, 50.015182], [5.923868, 50.015087], [5.923948, 50.014862], [5.923994, 50.014732], [5.924055, 50.01464], [5.924124, 50.01457], [5.924143, 50.01454], [5.924158, 50.01452], [5.924189, 50.014446], [5.924215, 50.01439], [5.92425, 50.01434], [5.924311, 50.014282], [5.924417, 50.014206], [5.924524, 50.014126], [5.924753, 50.01395], [5.924711, 50.01391], [5.924891, 50.01369], [5.924906, 50.01367], [5.924925, 50.013657], [5.92528, 50.01343], [5.925432, 50.013336], [5.925573, 50.013245], [5.925699, 50.013165], [5.925466, 50.012974], [5.925394, 50.012928], [5.92528, 50.01287], [5.92523, 50.012844], [5.925177, 50.012806], [5.925123, 50.01276], [5.925077, 50.012703], [5.925043, 50.012646], [5.925024, 50.01261], [5.925005, 50.012566], [5.925207, 50.012554], [5.925413, 50.011898], [5.925463, 50.011738], [5.926245, 50.011692], [5.92729, 50.011635], [5.927462, 50.01162], [5.927607, 50.011597], [5.927755, 50.011566], [5.927885, 50.011528], [5.927984, 50.011494], [5.928076, 50.01145], [5.928171, 50.011402], [5.928232, 50.01136], [5.928324, 50.011295], [5.928442, 50.0112], [5.928537, 50.0111], [5.928549, 50.011093], [5.928606, 50.011017], [5.928667, 50.010925], [5.92872, 50.010826], [5.928617, 50.010647], [5.928568, 50.01055], [5.928217, 50.010254], [5.928152, 50.009914], [5.928102, 50.00964], [5.928083, 50.00944], [5.92806, 50.009373], [5.928026, 50.00929], [5.927935, 50.009136], [5.9279, 50.009064], [5.92787, 50.008854], [5.927851, 50.00871], [5.927809, 50.008625], [5.927679, 50.008484], [5.927496, 50.008396], [5.92732, 50.00831], [5.927038, 50.00815], [5.92687, 50.008057], [5.926508, 50.00806], [5.926226, 50.008064], [5.926157, 50.008064], [5.925337, 50.008068], [5.925104, 50.00807], [5.924791, 50.008076], [5.924604, 50.008076], [5.924292, 50.00808], [5.923376, 50.008102], [5.923128, 50.008114], [5.923094, 50.009388], [5.923063, 50.00938], [5.922594, 50.009293], [5.922171, 50.009205], [5.920977, 50.00897], [5.921141, 50.008175], [5.920759, 50.008068], [5.92063, 50.008034], [5.920427, 50.007977], [5.920431, 50.007713], [5.920431, 50.007675], [5.920435, 50.007614], [5.920465, 50.007446], [5.920515, 50.007267], [5.920534, 50.00717], [5.920549, 50.007053], [5.920546, 50.007], [5.920534, 50.00697], [5.920484, 50.006874], [5.920477, 50.006836], [5.920469, 50.006664], [5.92045, 50.00649], [5.92042, 50.00626], [5.920401, 50.006184], [5.920382, 50.00613], [5.920282, 50.00596], [5.920229, 50.00579], [5.920187, 50.00555], [5.920168, 50.00545], [5.920134, 50.00524], [5.920099, 50.004906], [5.919989, 50.004063], [5.919916, 50.00408], [5.919817, 50.004112], [5.919683, 50.004158], [5.9196, 50.00412], [5.918818, 50.00376], [5.918364, 50.00357], [5.918104, 50.00343], [5.917974, 50.003357], [5.917917, 50.00333], [5.917849, 50.003292], [5.917807, 50.00327], [5.917357, 50.00301], [5.916429, 50.002735], [5.916098, 50.00254], [5.915918, 50.00245], [5.915731, 50.002354], [5.915502, 50.002243], [5.915087, 50.002068], [5.914804, 50.00197], [5.914362, 50.00183], [5.914179, 50.001762], [5.914034, 50.00171], [5.913931, 50.00167], [5.913805, 50.00162], [5.913526, 50.001526], [5.91305, 50.001366], [5.912813, 50.00129], [5.912657, 50.00123], [5.912065, 50.00101], [5.911722, 50.00089], [5.911379, 50.000767], [5.911035, 50.00065], [5.910906, 50.000603], [5.910578, 50.000477], [5.91007, 50.000206], [5.910154, 49.999893], [5.910234, 49.999584], [5.91033, 49.99923], [5.910395, 49.99918], [5.910475, 49.99897], [5.910532, 49.99885], [5.910604, 49.998722], [5.910677, 49.998596], [5.910856, 49.998344], [5.91091, 49.998272], [5.910936, 49.998203], [5.910936, 49.99816], [5.910898, 49.99807], [5.910849, 49.997932], [5.910711, 49.99783], [5.91065, 49.99764], [5.910765, 49.997555], [5.910578, 49.997337], [5.910341, 49.997375], [5.910315, 49.997353], [5.910303, 49.99733], [5.910288, 49.99732], [5.910265, 49.997307], [5.910219, 49.997288], [5.91012, 49.997215], [5.909906, 49.997105], [5.909841, 49.997066], [5.909765, 49.997], [5.90967, 49.996998], [5.909613, 49.99699], [5.909586, 49.99697], [5.909578, 49.996952], [5.909586, 49.996925], [5.909582, 49.996902], [5.909574, 49.996883], [5.909548, 49.996853], [5.909514, 49.996788], [5.909479, 49.996758], [5.909433, 49.99672], [5.909399, 49.99668], [5.909391, 49.996662], [5.909395, 49.996643], [5.909418, 49.996613], [5.909418, 49.996586], [5.909403, 49.99657], [5.909369, 49.99655], [5.909327, 49.996544], [5.909311, 49.99653], [5.909288, 49.996475], [5.909269, 49.996452], [5.909239, 49.99643], [5.909216, 49.99641], [5.909182, 49.99636], [5.909162, 49.996346], [5.909102, 49.996315], [5.909059, 49.99629], [5.909014, 49.996246], [5.908979, 49.996223], [5.90893, 49.996193], [5.908812, 49.996124], [5.908705, 49.99605], [5.908541, 49.9959], [5.908506, 49.995865], [5.908441, 49.995796], [5.908281, 49.99567], [5.908239, 49.9956], [5.908209, 49.995567], [5.90814, 49.99556], [5.908136, 49.995506], [5.908117, 49.99545], [5.908098, 49.995422], [5.908072, 49.9954], [5.908022, 49.995373], [5.907953, 49.99535], [5.907881, 49.99533], [5.907846, 49.995316], [5.907835, 49.995296], [5.907812, 49.99521], [5.906942, 49.99509], [5.906878, 49.99508], [5.906702, 49.99506], [5.906664, 49.99489], [5.906611, 49.994667], [5.906557, 49.99439], [5.906527, 49.99432], [5.906462, 49.99423], [5.906359, 49.994106], [5.906309, 49.994038], [5.906256, 49.99395], [5.906179, 49.99382], [5.906137, 49.993732], [5.906111, 49.993656], [5.906076, 49.993565], [5.906061, 49.99347], [5.906065, 49.99344], [5.906134, 49.99328], [5.906134, 49.9932], [5.90613, 49.992966], [5.906118, 49.992966], [5.905992, 49.99303], [5.905771, 49.993126], [5.9056, 49.993187], [5.905439, 49.993233], [5.90531, 49.993263], [5.905191, 49.993286], [5.904871, 49.993626], [5.904223, 49.993935], [5.903913, 49.994045], [5.903898, 49.994194], [5.903887, 49.99423], [5.903555, 49.994205], [5.903288, 49.994167], [5.90288, 49.994133], [5.902391, 49.993984], [5.901964, 49.99388], [5.901792, 49.993835], [5.901648, 49.99378], [5.90151, 49.993717], [5.901236, 49.993584], [5.901071, 49.993515], [5.900885, 49.993443], [5.900351, 49.993286], [5.900293, 49.99328], [5.900007, 49.993298], [5.899782, 49.993313], [5.899599, 49.99333], [5.899584, 49.99333], [5.899565, 49.993366], [5.899561, 49.993397], [5.899565, 49.993435], [5.899557, 49.993454], [5.899542, 49.993473], [5.8995, 49.993515], [5.899477, 49.993534], [5.899469, 49.993557], [5.899466, 49.993584], [5.899481, 49.993603], [5.899504, 49.99362], [5.899508, 49.993637], [5.899508, 49.993664], [5.899519, 49.993675], [5.899542, 49.9937], [5.899549, 49.993717], [5.899549, 49.993732], [5.899534, 49.993763], [5.899511, 49.993797], [5.899466, 49.993855], [5.89945, 49.993896], [5.899466, 49.99392], [5.899477, 49.99393], [5.899508, 49.993935], [5.89953, 49.99394], [5.899546, 49.993942], [5.899553, 49.993954], [5.899549, 49.99397], [5.899538, 49.993984], [5.899511, 49.994], [5.899481, 49.99402], [5.899469, 49.99403], [5.899481, 49.994045], [5.899496, 49.994057], [5.8995, 49.99407], [5.899488, 49.99409], [5.899458, 49.9941], [5.899431, 49.994102], [5.899405, 49.994114], [5.899382, 49.99413], [5.899363, 49.994152], [5.899347, 49.994186], [5.899351, 49.99421], [5.899366, 49.994232], [5.89937, 49.99426], [5.899359, 49.994278], [5.89934, 49.994316], [5.899343, 49.99434], [5.899343, 49.99437], [5.899309, 49.994408], [5.899305, 49.99443], [5.899301, 49.99446], [5.899279, 49.994488], [5.899252, 49.994503], [5.899198, 49.994522], [5.89916, 49.99454], [5.899145, 49.994556], [5.899138, 49.994576], [5.899145, 49.994602], [5.89916, 49.994625], [5.899164, 49.994648], [5.899157, 49.994675], [5.899141, 49.99469], [5.899095, 49.994717], [5.89908, 49.99474], [5.899061, 49.994774], [5.899046, 49.994793], [5.899015, 49.99482], [5.89897, 49.994877], [5.898958, 49.994896], [5.898958, 49.99491], [5.898962, 49.994923], [5.898985, 49.99495], [5.898989, 49.99497], [5.898985, 49.994987], [5.898962, 49.995003], [5.898939, 49.995014], [5.898901, 49.99502], [5.898855, 49.995037], [5.89884, 49.99505], [5.89884, 49.995068], [5.898844, 49.99508], [5.898874, 49.995102], [5.898901, 49.995125], [5.898905, 49.99514], [5.898901, 49.99516], [5.898893, 49.995174], [5.898878, 49.99519], [5.898851, 49.995216], [5.898828, 49.995243], [5.898825, 49.99526], [5.898825, 49.995277], [5.898848, 49.995296], [5.898871, 49.99532], [5.898878, 49.99534], [5.898878, 49.995377], [5.898882, 49.9954], [5.898897, 49.995415], [5.898912, 49.995438], [5.898924, 49.99547], [5.898924, 49.995487], [5.898916, 49.995514], [5.898897, 49.99553], [5.898867, 49.99556], [5.898855, 49.995583], [5.898855, 49.995605], [5.898871, 49.99564], [5.898867, 49.995667], [5.898859, 49.995686], [5.898848, 49.99571], [5.898825, 49.995735], [5.898821, 49.995754], [5.898821, 49.995808], [5.898817, 49.995823], [5.89879, 49.99587], [5.898794, 49.995903], [5.89879, 49.99592], [5.898771, 49.995937], [5.89876, 49.995953], [5.898748, 49.995995], [5.898737, 49.996025], [5.898752, 49.996082], [5.898756, 49.99611], [5.898691, 49.996204], [5.89868, 49.996223], [5.898676, 49.996243], [5.898676, 49.996265], [5.898672, 49.99629], [5.898661, 49.996315], [5.89863, 49.99634], [5.898588, 49.996357], [5.898527, 49.996372], [5.898489, 49.996384], [5.898474, 49.9964], [5.898462, 49.996418], [5.898451, 49.99645], [5.898439, 49.996494], [5.89842, 49.996548], [5.898397, 49.996605], [5.898363, 49.996655], [5.898336, 49.996685], [5.898294, 49.996716], [5.898272, 49.99673], [5.898256, 49.996754], [5.898249, 49.996803], [5.898237, 49.99687], [5.898249, 49.99689], [5.898279, 49.996937], [5.898268, 49.996952], [5.898252, 49.996964], [5.898233, 49.996975], [5.89823, 49.99699], [5.898264, 49.997017], [5.898268, 49.997032], [5.898252, 49.99705], [5.898233, 49.99706], [5.898218, 49.99707], [5.898207, 49.99708], [5.898211, 49.997105], [5.898222, 49.99714], [5.898222, 49.997158], [5.898218, 49.997177], [5.898199, 49.9972], [5.898169, 49.99721], [5.898146, 49.99722], [5.898108, 49.997227], [5.898089, 49.99724], [5.898073, 49.997257], [5.898043, 49.99738], [5.898031, 49.99742], [5.898012, 49.99744], [5.897989, 49.99746], [5.897955, 49.997482], [5.897936, 49.997498], [5.897924, 49.997513], [5.897921, 49.997524], [5.897921, 49.997543], [5.897932, 49.997578], [5.89794, 49.997612], [5.897932, 49.997635], [5.897921, 49.997654], [5.897875, 49.997692], [5.89786, 49.997715], [5.897848, 49.99773], [5.897833, 49.997738], [5.89781, 49.99774], [5.897783, 49.99773], [5.897753, 49.99773], [5.897737, 49.997738], [5.897726, 49.99774], [5.897711, 49.99776], [5.897692, 49.9978], [5.897062, 49.99768], [5.896948, 49.99766], [5.896879, 49.99765], [5.896391, 49.997566], [5.896479, 49.997425], [5.89654, 49.99733], [5.896574, 49.99729], [5.896978, 49.99683], [5.897119, 49.99668], [5.897131, 49.996666], [5.897284, 49.996502], [5.897421, 49.99636], [5.897493, 49.99627], [5.897581, 49.996136], [5.897593, 49.99612], [5.897688, 49.99598], [5.897783, 49.995827], [5.89781, 49.995777], [5.897829, 49.99573], [5.897848, 49.995647], [5.897844, 49.99557], [5.897852, 49.99552], [5.897867, 49.99548], [5.897898, 49.99544], [5.897959, 49.99538], [5.898111, 49.995182], [5.898226, 49.995003], [5.89834, 49.99476], [5.898356, 49.994717], [5.898371, 49.994686], [5.898397, 49.994617], [5.898443, 49.994507], [5.898489, 49.994404], [5.89863, 49.994114], [5.898695, 49.993973], [5.898813, 49.993603], [5.898008, 49.993412], [5.897951, 49.99339], [5.897734, 49.99323], [5.897596, 49.993095], [5.897543, 49.99302], [5.897482, 49.99292], [5.897417, 49.99284], [5.897387, 49.992805], [5.897295, 49.99272], [5.897177, 49.992645], [5.897104, 49.992607], [5.897009, 49.992565], [5.896887, 49.992516], [5.896784, 49.992485], [5.896673, 49.99245], [5.896593, 49.99243], [5.895784, 49.99232], [5.895491, 49.992283], [5.895418, 49.99228], [5.895319, 49.992283], [5.895075, 49.992302], [5.894938, 49.99268], [5.894865, 49.99286], [5.894667, 49.992847], [5.894381, 49.992836], [5.894213, 49.99283], [5.894003, 49.992817], [5.893965, 49.992817], [5.893843, 49.992813], [5.893766, 49.99281], [5.893595, 49.992813], [5.893541, 49.992813], [5.893313, 49.992817], [5.893099, 49.99282], [5.892851, 49.992825], [5.892683, 49.99282], [5.892595, 49.992832], [5.892469, 49.99285], [5.892298, 49.992893], [5.892111, 49.992947], [5.891546, 49.993126], [5.891508, 49.993137], [5.891268, 49.99322], [5.891046, 49.993298], [5.890696, 49.99293], [5.890669, 49.992897], [5.890642, 49.992844], [5.890634, 49.99278], [5.890589, 49.992695], [5.890402, 49.992355], [5.890734, 49.991978], [5.890837, 49.991856], [5.890852, 49.99184], [5.890883, 49.99155], [5.890749, 49.99154], [5.890657, 49.99155], [5.890039, 49.9917], [5.889784, 49.991756], [5.889627, 49.991806], [5.889368, 49.9919], [5.889299, 49.99192], [5.889215, 49.991924], [5.889124, 49.991936], [5.889013, 49.991962], [5.888681, 49.99203], [5.888285, 49.992104], [5.888048, 49.992138], [5.88798, 49.99215], [5.887781, 49.992176], [5.88759, 49.992184], [5.887487, 49.99218], [5.887384, 49.99223], [5.887312, 49.99228], [5.88727, 49.992313], [5.887232, 49.99236], [5.887217, 49.992374], [5.887178, 49.992397], [5.887156, 49.992413], [5.887144, 49.99243], [5.88714, 49.992462], [5.887129, 49.992485], [5.887117, 49.9925], [5.887094, 49.99252], [5.887049, 49.992527], [5.887018, 49.99253], [5.886995, 49.992542], [5.886969, 49.99256], [5.886938, 49.992565], [5.886892, 49.99256], [5.886866, 49.992558], [5.886846, 49.992565], [5.88682, 49.99259], [5.886812, 49.992622], [5.886808, 49.992657], [5.886808, 49.9927], [5.886805, 49.99272], [5.886789, 49.992737], [5.88677, 49.992756], [5.886732, 49.992767], [5.886682, 49.992775], [5.88661, 49.99277], [5.886576, 49.99277], [5.886534, 49.992786], [5.886503, 49.992805], [5.886465, 49.99286], [5.88645, 49.992878], [5.886431, 49.992893], [5.88637, 49.992912], [5.886309, 49.992924], [5.886255, 49.99293], [5.886187, 49.992935], [5.886107, 49.99293], [5.886015, 49.99292], [5.885969, 49.992912], [5.885912, 49.992916], [5.88587, 49.992935], [5.885828, 49.99297], [5.885778, 49.993008], [5.885714, 49.993046], [5.885649, 49.993088], [5.88558, 49.99314], [5.885542, 49.99318], [5.885527, 49.993214], [5.885527, 49.99326], [5.885519, 49.99328], [5.885489, 49.993305], [5.885466, 49.993332], [5.88545, 49.993362], [5.885446, 49.993393], [5.885454, 49.99342], [5.885477, 49.99343], [5.885511, 49.993443], [5.885534, 49.993454], [5.885534, 49.993473], [5.885527, 49.993496], [5.885504, 49.99352], [5.885466, 49.993546], [5.885435, 49.993576], [5.885424, 49.9936], [5.88542, 49.993652], [5.885416, 49.993687], [5.885405, 49.993706], [5.885374, 49.993732], [5.885328, 49.993755], [5.885271, 49.99378], [5.885237, 49.99379], [5.885176, 49.993805], [5.885115, 49.99381], [5.885046, 49.9938], [5.884996, 49.993797], [5.884947, 49.9938], [5.884909, 49.99382], [5.884867, 49.993866], [5.884825, 49.993896], [5.884775, 49.99391], [5.884695, 49.99392], [5.884657, 49.993927], [5.884588, 49.99395], [5.884493, 49.99399], [5.884436, 49.99403], [5.884394, 49.99408], [5.884363, 49.994133], [5.884336, 49.994198], [5.884317, 49.994236], [5.884302, 49.994255], [5.884272, 49.994278], [5.884195, 49.9943], [5.884142, 49.994312], [5.884085, 49.994328], [5.884016, 49.99435], [5.883879, 49.994358], [5.883821, 49.994373], [5.883718, 49.99438], [5.883676, 49.994385], [5.883627, 49.994392], [5.883577, 49.994415], [5.883524, 49.994434], [5.883451, 49.994446], [5.883429, 49.994446], [5.88339, 49.99446], [5.883337, 49.99449], [5.883261, 49.994514], [5.883211, 49.994537], [5.883127, 49.994583], [5.883013, 49.994656], [5.882978, 49.994675], [5.882799, 49.994785], [5.882723, 49.994858], [5.882647, 49.99494], [5.882578, 49.995003], [5.882517, 49.99504], [5.882185, 49.995213], [5.882017, 49.9953], [5.881731, 49.99544], [5.881475, 49.99556], [5.881399, 49.995598], [5.881304, 49.995644], [5.881113, 49.99575], [5.880972, 49.995827], [5.880915, 49.995853], [5.880808, 49.995884], [5.880686, 49.995922], [5.880594, 49.995953], [5.880346, 49.99605], [5.880102, 49.996155], [5.879854, 49.99626], [5.87961, 49.996365], [5.879499, 49.99641], [5.879187, 49.996532], [5.878782, 49.996704], [5.878599, 49.99678], [5.878222, 49.99694], [5.878202, 49.996925], [5.878065, 49.996983], [5.877813, 49.9971], [5.877642, 49.997185], [5.877428, 49.99729], [5.877371, 49.997356], [5.877317, 49.99742], [5.877291, 49.99744], [5.877047, 49.9976], [5.876905, 49.997707], [5.876825, 49.997772], [5.87678, 49.997818], [5.876631, 49.998], [5.876555, 49.998077], [5.876524, 49.998116], [5.876482, 49.99816], [5.876444, 49.998184], [5.87636, 49.998222], [5.876074, 49.99831], [5.875956, 49.998356], [5.875849, 49.99841], [5.875647, 49.998524], [5.875559, 49.998558], [5.875418, 49.998592], [5.875303, 49.998627], [5.875204, 49.99867], [5.875158, 49.998688], [5.875128, 49.998695], [5.875032, 49.998707], [5.874968, 49.998726], [5.874926, 49.99874], [5.874895, 49.998753], [5.8748, 49.998817], [5.874701, 49.998894], [5.874636, 49.998928], [5.874586, 49.99894], [5.874544, 49.99896], [5.874525, 49.99897], [5.874475, 49.998978], [5.874384, 49.999016], [5.874334, 49.999016], [5.874289, 49.999012], [5.874258, 49.99902], [5.874224, 49.999046], [5.874163, 49.99907], [5.874025, 49.999084], [5.873926, 49.9991], [5.873819, 49.999115], [5.873751, 49.99913], [5.873663, 49.99917], [5.873549, 49.999207], [5.873392, 49.999268], [5.873228, 49.99934], [5.873114, 49.999374], [5.873011, 49.9994], [5.872957, 49.999428], [5.872911, 49.999462], [5.87287, 49.999485], [5.872774, 49.999508], [5.872725, 49.999523], [5.872652, 49.999565], [5.872503, 49.99964], [5.872427, 49.999702], [5.87237, 49.99974], [5.872328, 49.99976], [5.872271, 49.99977], [5.872129, 49.999786], [5.872065, 49.999805], [5.871992, 49.99984], [5.871901, 49.999886], [5.871855, 49.9999], [5.871748, 49.999916], [5.871706, 49.99993], [5.871599, 49.999973], [5.871557, 49.99998], [5.871359, 49.999985], [5.871302, 49.999992], [5.871275, 50.000008], [5.871202, 50.000065], [5.871107, 50.00013], [5.871042, 50.00016], [5.870943, 50.000187], [5.870825, 50.00021], [5.870619, 50.000156], [5.870535, 50.000114], [5.870447, 50.000057], [5.870382, 50], [5.87031, 49.999928], [5.870157, 49.999847], [5.869986, 49.99976], [5.869936, 49.99979], [5.869734, 49.99966], [5.869554, 49.999584], [5.869486, 49.999557], [5.869394, 49.99952], [5.869303, 49.999485], [5.869265, 49.999493], [5.869219, 49.99946], [5.869223, 49.999428], [5.869238, 49.998943], [5.869513, 49.9985], [5.869749, 49.998142], [5.869711, 49.99813], [5.869657, 49.998116], [5.86933, 49.998024], [5.869173, 49.997982], [5.86931, 49.997807], [5.869352, 49.99777], [5.869402, 49.997746], [5.869501, 49.99772], [5.869562, 49.997696], [5.869593, 49.997677], [5.869635, 49.997616], [5.869711, 49.99745], [5.869802, 49.9973], [5.869844, 49.99722], [5.869894, 49.99718], [5.869917, 49.997166], [5.870008, 49.997116], [5.870203, 49.99702], [5.870264, 49.996975], [5.870295, 49.996933], [5.870317, 49.99687], [5.870375, 49.996723], [5.870386, 49.996674], [5.870409, 49.99664], [5.870436, 49.99661], [5.870485, 49.996567], [5.870497, 49.996475], [5.870512, 49.99639], [5.870542, 49.99632], [5.870619, 49.996223], [5.870684, 49.996166], [5.870813, 49.996067], [5.870897, 49.995983], [5.870962, 49.9959], [5.871023, 49.995792], [5.871073, 49.99568], [5.871103, 49.995583], [5.871118, 49.99547], [5.871138, 49.99537], [5.871145, 49.9953], [5.871149, 49.9952], [5.87113, 49.995045], [5.871115, 49.99498], [5.871409, 49.99482], [5.8715, 49.994766], [5.871542, 49.994743], [5.871462, 49.994385], [5.871428, 49.994278], [5.871378, 49.99416], [5.871324, 49.99406], [5.871267, 49.993946], [5.871176, 49.993782], [5.871111, 49.9937], [5.870997, 49.993565], [5.870974, 49.993515], [5.870954, 49.993347], [5.870943, 49.993256], [5.871054, 49.993107], [5.871229, 49.993137], [5.87126, 49.992805], [5.871279, 49.992554], [5.871332, 49.992233], [5.871416, 49.991962], [5.87142, 49.991726], [5.87145, 49.99165], [5.871607, 49.991272], [5.871015, 49.991062], [5.870844, 49.990993], [5.870531, 49.990864], [5.870413, 49.99082], [5.870245, 49.99076], [5.870161, 49.990726], [5.869879, 49.990593], [5.869596, 49.990467], [5.869543, 49.990437], [5.869394, 49.990326], [5.869226, 49.99019], [5.869207, 49.99019], [5.86907, 49.99016], [5.868971, 49.99014], [5.868834, 49.9901], [5.86875, 49.99007], [5.868616, 49.990017], [5.868692, 49.989445], [5.868753, 49.98921], [5.868258, 49.98958], [5.868013, 49.989754], [5.867319, 49.990265], [5.866961, 49.990536], [5.866934, 49.990555], [5.866903, 49.990566], [5.866724, 49.990402], [5.86659, 49.990314], [5.866381, 49.99018], [5.866175, 49.99], [5.865774, 49.989662], [5.865599, 49.989517], [5.86548, 49.989407], [5.865423, 49.98933], [5.865351, 49.989223], [5.865309, 49.989212], [5.865057, 49.9891], [5.864477, 49.988846], [5.864374, 49.988796], [5.864145, 49.988728], [5.86376, 49.988605], [5.863333, 49.98846], [5.863214, 49.988407], [5.863119, 49.988365], [5.862673, 49.98821], [5.862276, 49.98808], [5.861952, 49.98797], [5.861689, 49.98789], [5.861532, 49.987843], [5.861334, 49.98779], [5.861219, 49.987743], [5.860983, 49.98762], [5.860819, 49.98754], [5.860578, 49.98744], [5.860025, 49.987225], [5.859835, 49.987156], [5.859308, 49.987], [5.859297, 49.98702], [5.859366, 49.987072], [5.859514, 49.987175], [5.859621, 49.987244], [5.859892, 49.987423], [5.860025, 49.9875], [5.860251, 49.987606], [5.860403, 49.987694], [5.86051, 49.98777], [5.860773, 49.988014], [5.86072, 49.988014], [5.860682, 49.988026], [5.860605, 49.988007], [5.860498, 49.987995], [5.860392, 49.987984], [5.860311, 49.987957], [5.860254, 49.98791], [5.860174, 49.987846], [5.860094, 49.987793], [5.859964, 49.98774], [5.859785, 49.987675], [5.859724, 49.987637], [5.859648, 49.987545], [5.85961, 49.98742], [5.859579, 49.987343], [5.859503, 49.98727], [5.859293, 49.98716], [5.859232, 49.987144], [5.859198, 49.987164], [5.858671, 49.98746], [5.858644, 49.98748], [5.858713, 49.98772], [5.858786, 49.987965], [5.858988, 49.98862], [5.859137, 49.989174], [5.859152, 49.98922], [5.859572, 49.98924], [5.859686, 49.98922], [5.859674, 49.98917], [5.85977, 49.989155], [5.859785, 49.989193], [5.859842, 49.9892], [5.859903, 49.98922], [5.85993, 49.98925], [5.859941, 49.989277], [5.859934, 49.98932], [5.859915, 49.98937], [5.859861, 49.989437], [5.859796, 49.989502], [5.859736, 49.98956], [5.859613, 49.98969], [5.859537, 49.98977], [5.859488, 49.989838], [5.859449, 49.98988], [5.859411, 49.9899], [5.859366, 49.989925], [5.859312, 49.98997], [5.859381, 49.990013], [5.859419, 49.990036], [5.859404, 49.990086], [5.85943, 49.990128], [5.859484, 49.990166], [5.859549, 49.99021], [5.859591, 49.99026], [5.859598, 49.990322], [5.85956, 49.990387], [5.85948, 49.99044], [5.859358, 49.99051], [5.859262, 49.99054], [5.859171, 49.990543], [5.859072, 49.99053], [5.858881, 49.990467], [5.858751, 49.990433], [5.858637, 49.99042], [5.858564, 49.99043], [5.858484, 49.990463], [5.858381, 49.990513], [5.858259, 49.990555], [5.858015, 49.990746], [5.857969, 49.990715], [5.857893, 49.990665], [5.857866, 49.990646], [5.857786, 49.9906], [5.857748, 49.990692], [5.857725, 49.990715], [5.857672, 49.990746], [5.857641, 49.990753], [5.857592, 49.990753], [5.857546, 49.990746], [5.857489, 49.990734], [5.857401, 49.990726], [5.857283, 49.990726], [5.857157, 49.990734], [5.857031, 49.99075], [5.85679, 49.990795], [5.856192, 49.990925], [5.856157, 49.99092], [5.856241, 49.990746], [5.856466, 49.990623], [5.856485, 49.99058], [5.856531, 49.990376], [5.856504, 49.99032], [5.856493, 49.990307], [5.856447, 49.99025], [5.856424, 49.99022], [5.856356, 49.99014], [5.856276, 49.99007], [5.856192, 49.99001], [5.856173, 49.98999], [5.856146, 49.98997], [5.856073, 49.98991], [5.856062, 49.989902], [5.856024, 49.989872], [5.856012, 49.989864], [5.855875, 49.98975], [5.855806, 49.989677], [5.855799, 49.98964], [5.855787, 49.98955], [5.855818, 49.989517], [5.855574, 49.989536], [5.855467, 49.989548], [5.855005, 49.9894], [5.854509, 49.989235], [5.854208, 49.98914], [5.854071, 49.989094], [5.853441, 49.988888], [5.853228, 49.98883], [5.85248, 49.98863], [5.851976, 49.98849], [5.851824, 49.98847], [5.851297, 49.988396], [5.851328, 49.988873], [5.85137, 49.98963], [5.851431, 49.990124], [5.851145, 49.990128], [5.851, 49.990128], [5.850725, 49.990116], [5.850649, 49.990116], [5.850554, 49.99012], [5.850443, 49.990112], [5.850267, 49.99011], [5.850145, 49.990105], [5.850077, 49.990086], [5.849958, 49.99004], [5.849905, 49.990032], [5.849829, 49.990032], [5.849729, 49.99005], [5.84963, 49.990067], [5.849573, 49.99007], [5.84939, 49.990067], [5.849306, 49.990063], [5.849203, 49.99005], [5.849108, 49.99004], [5.848681, 49.98998], [5.848471, 49.989956], [5.848276, 49.98994], [5.848211, 49.989937], [5.848101, 49.989933], [5.847933, 49.989933], [5.847811, 49.989937], [5.847773, 49.989937], [5.847681, 49.989944], [5.847643, 49.98995], [5.847506, 49.989964], [5.847269, 49.98999], [5.846849, 49.99004], [5.846704, 49.99006], [5.846643, 49.990067], [5.846441, 49.99012], [5.846395, 49.990128], [5.846296, 49.990128], [5.846121, 49.990112], [5.845911, 49.990097], [5.845827, 49.99009], [5.845709, 49.99009], [5.845633, 49.990093], [5.845499, 49.990097], [5.845346, 49.990074], [5.84527, 49.990063], [5.845186, 49.990044], [5.845049, 49.990025], [5.844877, 49.990025], [5.844641, 49.99003], [5.84453, 49.99003], [5.844408, 49.99002], [5.844339, 49.99002], [5.84424, 49.990032], [5.844122, 49.99003], [5.843973, 49.990017], [5.843844, 49.990005], [5.84371, 49.989986], [5.843607, 49.98996], [5.843401, 49.98989], [5.843321, 49.98987], [5.843271, 49.98987], [5.843138, 49.989872], [5.843115, 49.989872], [5.842977, 49.989883], [5.842924, 49.989876], [5.842859, 49.98987], [5.842787, 49.989845], [5.84265, 49.989803], [5.842585, 49.98978], [5.842527, 49.989773], [5.84244, 49.98976], [5.842344, 49.989754], [5.842268, 49.989742], [5.842157, 49.98972], [5.84197, 49.989662], [5.841784, 49.989624], [5.84168, 49.98961], [5.841517, 49.989574], [5.841158, 49.98949], [5.841043, 49.989475], [5.840857, 49.989456], [5.840712, 49.989456], [5.840578, 49.98946], [5.840445, 49.989468], [5.840357, 49.989468], [5.840219, 49.989456], [5.840136, 49.989437], [5.84009, 49.989456], [5.839945, 49.989513], [5.839865, 49.98953], [5.83956, 49.989605], [5.839491, 49.98962], [5.839441, 49.989643], [5.839418, 49.989655], [5.839376, 49.989727], [5.83935, 49.98976], [5.839323, 49.989784], [5.839262, 49.989822], [5.839186, 49.989857], [5.83906, 49.989918], [5.8388, 49.990025], [5.838674, 49.990078], [5.838469, 49.99018], [5.83832, 49.990257], [5.83835, 49.990295], [5.838228, 49.990353], [5.837927, 49.9905], [5.837763, 49.990578], [5.837614, 49.99065], [5.837046, 49.990883], [5.836882, 49.99101], [5.836748, 49.991108], [5.836695, 49.991142], [5.836672, 49.991154], [5.836637, 49.99116], [5.83642, 49.99117], [5.836206, 49.991184], [5.83592, 49.991196], [5.83581, 49.9912], [5.835711, 49.991188], [5.835642, 49.99115], [5.8356, 49.991116], [5.835562, 49.991074], [5.835405, 49.991074], [5.835283, 49.99106], [5.835154, 49.99103], [5.834959, 49.99104], [5.834913, 49.99104], [5.834833, 49.991024], [5.834772, 49.99099], [5.834711, 49.99097], [5.834654, 49.99096], [5.834517, 49.99096], [5.834421, 49.990944], [5.83436, 49.99094], [5.8342, 49.990936], [5.834097, 49.990906], [5.834028, 49.99089], [5.833952, 49.990875], [5.833902, 49.990856], [5.833818, 49.990795], [5.833795, 49.990788], [5.833731, 49.990788], [5.8337, 49.990784], [5.833632, 49.99075], [5.833479, 49.990704], [5.83338, 49.99067], [5.833158, 49.9906], [5.83309, 49.990593], [5.832937, 49.99059], [5.832838, 49.990562], [5.832758, 49.990543], [5.832426, 49.990517], [5.832315, 49.990643], [5.832167, 49.990814], [5.831888, 49.99114], [5.831747, 49.99131], [5.831606, 49.991486], [5.831423, 49.99172], [5.831015, 49.99226], [5.83069, 49.992783], [5.830664, 49.992825], [5.830522, 49.993073], [5.83045, 49.993206], [5.830397, 49.99328], [5.830236, 49.99348], [5.830133, 49.993607], [5.829988, 49.993793], [5.829813, 49.993977], [5.829702, 49.994095], [5.829645, 49.994144], [5.828772, 49.99469], [5.828661, 49.994762], [5.828604, 49.9948], [5.828287, 49.995018], [5.82802, 49.995216], [5.827898, 49.995304], [5.827661, 49.99548], [5.827547, 49.99556], [5.827349, 49.995674], [5.827154, 49.99578], [5.826826, 49.99593], [5.826731, 49.99597], [5.826361, 49.99611], [5.825487, 49.996445], [5.824686, 49.99675], [5.82461, 49.996773], [5.823793, 49.99704], [5.823595, 49.996994], [5.822729, 49.997936], [5.822042, 49.99872], [5.821547, 49.999275], [5.821264, 49.999653], [5.820875, 50.00015], [5.820849, 50.000183], [5.820806, 50.00024], [5.820795, 50.000267], [5.820757, 50.000435], [5.820684, 50.000813], [5.820715, 50.000862], [5.820806, 50.00095], [5.821474, 50.001606], [5.821543, 50.001667], [5.821684, 50.0018], [5.821699, 50.001816], [5.821627, 50.002155], [5.821623, 50.00219], [5.821623, 50.002235], [5.821642, 50.002506], [5.821646, 50.002575], [5.821661, 50.002766], [5.821669, 50.002846], [5.821234, 50.003155], [5.821073, 50.00329], [5.820826, 50.003513], [5.821035, 50.00361], [5.821142, 50.003654], [5.821165, 50.003666], [5.821356, 50.003746], [5.820448, 50.005142], [5.820429, 50.005177], [5.820528, 50.005196], [5.820791, 50.005238], [5.821077, 50.00529], [5.821184, 50.00532], [5.821409, 50.00539], [5.821581, 50.005455], [5.82173, 50.005535], [5.821875, 50.00561], [5.821932, 50.005653], [5.822237, 50.005894], [5.822245, 50.005918], [5.821913, 50.00627], [5.821543, 50.006657], [5.821283, 50.006966], [5.821112, 50.00722], [5.820883, 50.00759], [5.82078, 50.007763], [5.820688, 50.007946], [5.820471, 50.008495], [5.820406, 50.008663], [5.820127, 50.009148], [5.819998, 50.00935], [5.819918, 50.009575], [5.819879, 50.009693], [5.819796, 50.00989], [5.819727, 50.010017], [5.819609, 50.010246], [5.819544, 50.010406], [5.819525, 50.010498], [5.819479, 50.0108], [5.81946, 50.010868], [5.81941, 50.01106], [5.819372, 50.01122], [5.820059, 50.011204], [5.820055, 50.011234], [5.820036, 50.011288], [5.819994, 50.011375], [5.819952, 50.011436], [5.819902, 50.011497], [5.819723, 50.011703], [5.819513, 50.011963], [5.819349, 50.01218], [5.819254, 50.012333], [5.819101, 50.012608], [5.818987, 50.01281]]]]}}]}