{"type": "FeatureCollection", "features": [{"type": "Feature", "properties": {"name": "Canton Redange"}, "geometry": {"type": "MultiPolygon", "coordinates": [[[[5.739191, 49.833616], [5.739256, 49.833677], [5.73937, 49.833788], [5.739523, 49.833986], [5.739641, 49.834207], [5.739683, 49.834364], [5.739702, 49.834463], [5.73971, 49.834681], [5.739702, 49.834841], [5.739771, 49.835009], [5.739973, 49.83552], [5.740045, 49.835794], [5.740045, 49.835878], [5.739996, 49.835939], [5.739794, 49.836168], [5.739725, 49.836252], [5.739687, 49.836336], [5.739675, 49.836451], [5.739733, 49.836542], [5.739862, 49.836664], [5.740015, 49.836805], [5.740091, 49.836943], [5.740374, 49.837431], [5.740538, 49.837793], [5.740622, 49.837995], [5.740713, 49.838423], [5.740789, 49.838747], [5.740938, 49.838903], [5.741304, 49.839094], [5.741823, 49.839289], [5.742529, 49.839483], [5.74296, 49.839563], [5.743666, 49.839617], [5.743883, 49.839613], [5.744089, 49.839579], [5.744169, 49.839548], [5.74428, 49.839399], [5.744436, 49.839346], [5.744696, 49.839243], [5.7451, 49.839006], [5.745527, 49.838812], [5.745916, 49.838705], [5.746542, 49.838629], [5.747038, 49.838591], [5.747469, 49.838545], [5.74777, 49.838499], [5.74803, 49.838507], [5.748545, 49.838629], [5.749044, 49.838785], [5.749319, 49.838888], [5.749525, 49.839033], [5.750021, 49.839411], [5.750269, 49.839685], [5.750475, 49.84009], [5.750479, 49.840105], [5.750578, 49.840258], [5.750616, 49.840441], [5.750643, 49.840673], [5.750605, 49.840811], [5.75049, 49.841059], [5.750399, 49.841158], [5.750238, 49.841246], [5.749853, 49.841383], [5.749308, 49.841604], [5.749063, 49.84186], [5.748789, 49.842112], [5.748579, 49.842337], [5.748449, 49.842634], [5.748411, 49.842836], [5.74843, 49.843252], [5.748373, 49.843721], [5.748335, 49.843866], [5.748297, 49.84413], [5.748293, 49.844206], [5.748365, 49.844496], [5.748445, 49.844671], [5.748571, 49.844809], [5.748613, 49.844938], [5.748617, 49.845064], [5.748587, 49.84543], [5.748495, 49.845533], [5.748331, 49.845762], [5.748205, 49.845968], [5.748205, 49.846086], [5.748232, 49.846212], [5.748316, 49.846376], [5.748465, 49.846567], [5.748659, 49.846735], [5.748957, 49.84693], [5.74914, 49.847029], [5.749296, 49.847094], [5.74954, 49.847155], [5.749949, 49.847231], [5.750322, 49.84728], [5.750753, 49.847311], [5.750998, 49.847315], [5.751207, 49.847307], [5.751333, 49.847292], [5.751478, 49.847254], [5.751604, 49.847181], [5.751699, 49.847078], [5.751829, 49.846861], [5.751848, 49.846827], [5.751883, 49.846781], [5.751978, 49.846628], [5.752291, 49.846292], [5.752314, 49.846247], [5.752436, 49.845728], [5.752531, 49.845499], [5.752661, 49.845369], [5.752752, 49.845327], [5.752794, 49.845313], [5.752924, 49.845266], [5.753008, 49.84524], [5.753347, 49.845163], [5.753473, 49.845114], [5.753946, 49.844908], [5.754122, 49.844839], [5.754225, 49.844824], [5.754339, 49.84482], [5.754484, 49.844843], [5.754675, 49.844915], [5.754869, 49.844999], [5.755037, 49.845045], [5.755793, 49.845144], [5.756449, 49.84532], [5.756624, 49.845381], [5.756636, 49.845385], [5.756662, 49.845392], [5.756681, 49.845396], [5.756796, 49.845415], [5.757059, 49.845503], [5.75725, 49.845621], [5.757376, 49.845751], [5.757422, 49.845797], [5.75762, 49.845907], [5.757971, 49.846109], [5.758158, 49.846235], [5.758295, 49.84643], [5.758364, 49.846663], [5.758409, 49.847055], [5.758421, 49.847265], [5.758398, 49.847529], [5.75839, 49.847685], [5.758406, 49.847914], [5.758421, 49.848211], [5.758463, 49.848383], [5.758509, 49.84844], [5.758543, 49.848535], [5.758543, 49.848738], [5.758478, 49.848928], [5.758387, 49.849092], [5.758257, 49.849279], [5.758207, 49.849344], [5.758158, 49.84939], [5.757887, 49.8496], [5.757597, 49.849802], [5.757441, 49.849924], [5.757387, 49.849955], [5.756983, 49.850168], [5.756838, 49.850267], [5.756689, 49.850363], [5.756556, 49.850508], [5.756277, 49.850714], [5.755926, 49.850958], [5.755846, 49.851034], [5.755655, 49.851244], [5.755526, 49.85137], [5.755381, 49.851473], [5.755121, 49.851622], [5.754919, 49.851717], [5.75474, 49.851763], [5.754515, 49.851805], [5.754255, 49.851828], [5.75403, 49.851831], [5.753756, 49.85182], [5.753462, 49.851797], [5.75334, 49.851763], [5.753126, 49.851686], [5.75297, 49.851618], [5.752829, 49.851576], [5.752676, 49.851541], [5.752489, 49.851519], [5.752218, 49.851511], [5.752119, 49.851519], [5.75189, 49.851557], [5.751684, 49.851614], [5.751398, 49.851706], [5.751223, 49.851748], [5.751158, 49.851755], [5.751085, 49.851751], [5.750994, 49.851725], [5.75094, 49.851683], [5.75083, 49.851572], [5.750765, 49.851545], [5.750547, 49.851496], [5.750265, 49.851439], [5.750063, 49.851412], [5.749903, 49.8514], [5.749792, 49.851404], [5.749659, 49.851423], [5.749552, 49.851461], [5.749311, 49.85161], [5.749178, 49.851698], [5.748945, 49.851862], [5.74872, 49.851957], [5.748468, 49.852022], [5.748144, 49.852072], [5.747919, 49.852091], [5.747683, 49.852064], [5.747534, 49.851992], [5.747377, 49.851862], [5.747271, 49.851808], [5.747129, 49.851801], [5.746935, 49.85185], [5.746256, 49.852129], [5.745985, 49.852331], [5.745844, 49.852556], [5.745844, 49.852793], [5.745909, 49.853071], [5.745874, 49.85322], [5.745771, 49.853331], [5.745714, 49.853414], [5.745699, 49.853495], [5.745741, 49.853697], [5.745894, 49.85396], [5.746088, 49.854113], [5.746267, 49.854177], [5.746805, 49.854313], [5.747396, 49.854441], [5.747625, 49.854502], [5.747866, 49.85457], [5.748159, 49.854582], [5.748709, 49.854578], [5.74898, 49.854567], [5.749273, 49.854509], [5.749639, 49.854399], [5.74983, 49.854334], [5.749975, 49.854315], [5.750216, 49.854353], [5.750536, 49.854448], [5.750704, 49.854509], [5.75078, 49.854593], [5.750872, 49.854677], [5.751005, 49.854734], [5.75141, 49.854776], [5.751528, 49.854811], [5.751699, 49.854876], [5.752653, 49.855509], [5.753492, 49.855905], [5.753874, 49.856138], [5.754271, 49.856409], [5.754438, 49.856504], [5.754557, 49.85655], [5.754694, 49.856569], [5.755068, 49.856565], [5.755529, 49.856531], [5.756063, 49.856447], [5.756479, 49.856356], [5.756674, 49.856249], [5.757067, 49.855913], [5.75725, 49.85586], [5.757551, 49.855783], [5.75783, 49.855761], [5.758085, 49.855757], [5.758684, 49.855791], [5.75915, 49.855867], [5.760481, 49.856234], [5.760664, 49.856302], [5.760737, 49.856375], [5.760775, 49.856489], [5.760729, 49.856623], [5.760599, 49.856863], [5.760469, 49.857016], [5.760138, 49.857248], [5.759474, 49.857782], [5.759134, 49.858069], [5.758451, 49.858503], [5.75815, 49.858675], [5.757967, 49.858721], [5.75778, 49.85874], [5.75762, 49.858797], [5.757425, 49.858927], [5.757246, 49.85911], [5.757086, 49.859358], [5.756907, 49.859781], [5.756731, 49.859987], [5.756529, 49.860174], [5.756262, 49.860369], [5.756052, 49.860472], [5.755812, 49.860487], [5.755655, 49.860544], [5.755426, 49.860704], [5.755312, 49.860846], [5.755247, 49.860964], [5.75524, 49.861059], [5.75532, 49.861174], [5.755354, 49.861258], [5.755255, 49.861383], [5.755041, 49.861547], [5.75469, 49.861765], [5.754564, 49.861872], [5.754476, 49.862055], [5.754496, 49.862211], [5.754679, 49.862459], [5.755079, 49.862905], [5.755354, 49.863157], [5.756151, 49.864096], [5.756536, 49.86445], [5.756922, 49.864771], [5.757013, 49.864908], [5.756975, 49.86511], [5.756746, 49.86558], [5.756208, 49.866529], [5.756037, 49.8668], [5.755819, 49.866968], [5.755491, 49.867151], [5.754641, 49.867517], [5.754309, 49.867609], [5.753885, 49.867712], [5.753565, 49.867792], [5.753164, 49.868013], [5.753069, 49.86809], [5.752985, 49.868193], [5.752928, 49.868399], [5.752882, 49.868586], [5.752813, 49.868719], [5.752703, 49.868841], [5.752703, 49.86894], [5.752726, 49.869005], [5.752825, 49.869066], [5.752932, 49.869135], [5.753016, 49.86923], [5.753264, 49.869558], [5.753401, 49.869749], [5.753447, 49.869879], [5.753485, 49.870298], [5.753569, 49.87071], [5.753611, 49.870787], [5.75374, 49.870909], [5.753839, 49.871019], [5.753988, 49.871218], [5.754, 49.871328], [5.753996, 49.871382], [5.753927, 49.87192], [5.75403, 49.871981], [5.754976, 49.872545], [5.755343, 49.87274], [5.755903, 49.873033], [5.756151, 49.873175], [5.756449, 49.873251], [5.756674, 49.873262], [5.756964, 49.873217], [5.757635, 49.873072], [5.758547, 49.872854], [5.758715, 49.872805], [5.758734, 49.872801], [5.75894, 49.872694], [5.759256, 49.872416], [5.759398, 49.872271], [5.759542, 49.872168], [5.759893, 49.872026], [5.760084, 49.871897], [5.760313, 49.87166], [5.760637, 49.871382], [5.760908, 49.871203], [5.761171, 49.871069], [5.761274, 49.870993], [5.761354, 49.870821], [5.761377, 49.870607], [5.761423, 49.870523], [5.761648, 49.870337], [5.762178, 49.870008], [5.76235, 49.869894], [5.762438, 49.869722], [5.76251, 49.869619], [5.762659, 49.869524], [5.762926, 49.869463], [5.763685, 49.869402], [5.764658, 49.869322], [5.7651, 49.869318], [5.765558, 49.869364], [5.76623, 49.869547], [5.766912, 49.869741], [5.767157, 49.869863], [5.767649, 49.870283], [5.768118, 49.870657], [5.768454, 49.871111], [5.768732, 49.871618], [5.768816, 49.871855], [5.768854, 49.872126], [5.768908, 49.872274], [5.769052, 49.8724], [5.769316, 49.872541], [5.76948, 49.872568], [5.76972, 49.872541], [5.770197, 49.872461], [5.770483, 49.87237], [5.771139, 49.872118], [5.771566, 49.871878], [5.771837, 49.871656], [5.772066, 49.871397], [5.772303, 49.870974], [5.772638, 49.870237], [5.772947, 49.86968], [5.773622, 49.867922], [5.773767, 49.867598], [5.774004, 49.867418], [5.774225, 49.867319], [5.774427, 49.867285], [5.774534, 49.8673], [5.774641, 49.867342], [5.774744, 49.867449], [5.774782, 49.867468], [5.774916, 49.867598], [5.775072, 49.867781], [5.775141, 49.867968], [5.775164, 49.868147], [5.775297, 49.868479], [5.775454, 49.868799], [5.77556, 49.868963], [5.775721, 49.86915], [5.775896, 49.869341], [5.776068, 49.869604], [5.77622, 49.869852], [5.776381, 49.87005], [5.77643, 49.870203], [5.77643, 49.870516], [5.776392, 49.870733], [5.776407, 49.870855], [5.77648, 49.871004], [5.776575, 49.871077], [5.776724, 49.871115], [5.776812, 49.871122], [5.776907, 49.871134], [5.777037, 49.871195], [5.777216, 49.871325], [5.777277, 49.871424], [5.777384, 49.87158], [5.777433, 49.871744], [5.777449, 49.871912], [5.777468, 49.872038], [5.777533, 49.872099], [5.777616, 49.872141], [5.778082, 49.872244], [5.778494, 49.872286], [5.778711, 49.872286], [5.778891, 49.872263], [5.77902, 49.872232], [5.779093, 49.872229], [5.779158, 49.872229], [5.779234, 49.872255], [5.779329, 49.872274], [5.779451, 49.87229], [5.779566, 49.872301], [5.779764, 49.872297], [5.779993, 49.872274], [5.780367, 49.872198], [5.780725, 49.872141], [5.78113, 49.87208], [5.781553, 49.872061], [5.782019, 49.871988], [5.782602, 49.871908], [5.782896, 49.87187], [5.783003, 49.871866], [5.783094, 49.871874], [5.783224, 49.871912], [5.783354, 49.872], [5.783739, 49.872408], [5.783888, 49.872622], [5.783964, 49.872751], [5.784033, 49.872927], [5.784029, 49.873007], [5.783998, 49.873064], [5.783873, 49.873133], [5.783396, 49.8734], [5.783106, 49.87351], [5.781984, 49.873915], [5.781614, 49.874014], [5.781298, 49.874128], [5.780588, 49.874414], [5.779856, 49.874712], [5.779493, 49.874803], [5.7791, 49.874865], [5.778956, 49.874899], [5.778856, 49.874945], [5.77873, 49.875032], [5.778441, 49.875315], [5.778193, 49.875601], [5.778078, 49.875792], [5.77804, 49.875887], [5.778063, 49.876047], [5.778398, 49.87636], [5.778543, 49.876593], [5.778723, 49.876821], [5.779016, 49.877081], [5.779139, 49.877153], [5.779261, 49.87718], [5.779367, 49.877184], [5.779909, 49.877138], [5.780287, 49.87705], [5.780584, 49.876898], [5.780912, 49.876677], [5.781259, 49.876413], [5.781355, 49.876364], [5.781618, 49.876215], [5.782312, 49.875856], [5.782568, 49.875727], [5.782667, 49.875578], [5.78285, 49.875414], [5.783377, 49.875112], [5.78401, 49.8748], [5.784933, 49.874277], [5.786085, 49.873915], [5.787149, 49.873541], [5.7875, 49.873476], [5.787992, 49.873488], [5.788542, 49.873568], [5.788958, 49.873713], [5.789583, 49.873999], [5.790064, 49.874231], [5.790686, 49.874563], [5.791182, 49.874803], [5.791792, 49.875124], [5.792021, 49.875288], [5.792192, 49.875429], [5.792345, 49.875574], [5.792379, 49.875654], [5.792364, 49.875784], [5.79233, 49.875952], [5.792135, 49.876619], [5.792021, 49.87694], [5.791998, 49.877123], [5.792093, 49.877516], [5.792097, 49.877924], [5.792028, 49.87813], [5.791788, 49.878916], [5.791819, 49.87908], [5.791937, 49.879232], [5.792311, 49.879553], [5.792917, 49.880049], [5.793219, 49.880331], [5.793405, 49.880461], [5.793818, 49.880636], [5.79421, 49.880686], [5.794451, 49.880671], [5.794638, 49.880568], [5.795034, 49.880449], [5.795542, 49.880323], [5.795626, 49.880278], [5.795904, 49.880087], [5.795996, 49.879976], [5.796179, 49.87974], [5.796366, 49.87948], [5.796473, 49.879229], [5.796625, 49.879042], [5.796808, 49.878801], [5.796904, 49.878603], [5.797037, 49.878309], [5.797201, 49.877611], [5.79722, 49.877375], [5.797125, 49.876986], [5.796965, 49.876604], [5.796625, 49.876074], [5.79603, 49.875139], [5.795683, 49.874479], [5.795385, 49.873613], [5.795282, 49.87322], [5.795267, 49.872816], [5.795229, 49.87253], [5.795267, 49.872301], [5.795397, 49.872183], [5.795687, 49.872049], [5.796286, 49.871923], [5.797148, 49.871832], [5.798624, 49.871653], [5.799376, 49.871492], [5.799978, 49.871286], [5.800406, 49.871057], [5.800634, 49.870894], [5.800734, 49.870821], [5.800772, 49.870722], [5.800657, 49.870489], [5.80052, 49.870295], [5.800459, 49.870127], [5.800421, 49.869955], [5.800425, 49.869818], [5.800444, 49.869646], [5.800489, 49.8696], [5.800627, 49.869581], [5.800714, 49.869593], [5.800867, 49.869623], [5.801115, 49.869711], [5.801222, 49.869764], [5.801714, 49.870024], [5.801981, 49.870176], [5.80224, 49.870398], [5.802523, 49.870627], [5.802679, 49.870745], [5.802786, 49.870798], [5.802885, 49.870836], [5.803045, 49.870863], [5.80332, 49.870882], [5.804003, 49.870871], [5.804769, 49.87084], [5.80514, 49.870783], [5.805555, 49.870726], [5.805708, 49.870668], [5.805906, 49.870542], [5.806139, 49.870352], [5.80633, 49.870146], [5.806425, 49.869955], [5.806463, 49.869753], [5.806463, 49.869535], [5.806387, 49.869322], [5.806223, 49.869043], [5.80591, 49.868643], [5.805636, 49.868311], [5.805323, 49.867994], [5.804998, 49.86767], [5.804655, 49.867243], [5.804491, 49.867109], [5.804041, 49.866869], [5.803408, 49.866587], [5.803286, 49.866499], [5.803068, 49.86635], [5.803022, 49.866316], [5.802881, 49.866156], [5.802675, 49.865889], [5.802465, 49.865576], [5.802076, 49.864897], [5.801844, 49.864458], [5.801836, 49.864313], [5.801897, 49.864176], [5.802073, 49.863981], [5.802259, 49.86381], [5.802401, 49.863718], [5.802603, 49.863626], [5.802797, 49.863577], [5.803152, 49.863508], [5.80335, 49.863485], [5.80361, 49.86347], [5.80406, 49.863485], [5.804293, 49.863508], [5.80456, 49.863554], [5.804823, 49.86363], [5.805151, 49.863768], [5.805471, 49.863958], [5.806009, 49.864283], [5.806078, 49.864401], [5.806127, 49.864504], [5.806166, 49.864679], [5.806169, 49.864912], [5.806131, 49.865244], [5.806139, 49.865744], [5.806204, 49.865953], [5.806288, 49.866087], [5.806379, 49.86632], [5.806631, 49.86669], [5.80681, 49.866846], [5.807138, 49.866938], [5.807459, 49.867033], [5.807604, 49.867147], [5.807661, 49.867304], [5.807806, 49.867903], [5.807879, 49.868078], [5.808065, 49.868151], [5.808291, 49.868216], [5.808565, 49.868265], [5.809221, 49.868288], [5.809694, 49.868334], [5.81032, 49.86846], [5.810972, 49.868597], [5.811544, 49.868635], [5.812406, 49.868616], [5.812449, 49.868612], [5.812906, 49.868532], [5.814703, 49.868269], [5.817705, 49.867952], [5.818308, 49.867884], [5.818953, 49.867773], [5.819696, 49.867697], [5.820478, 49.867643], [5.821211, 49.867506], [5.821821, 49.867239], [5.822275, 49.867048], [5.822935, 49.866858], [5.823614, 49.866644], [5.82387, 49.866541], [5.824102, 49.8664], [5.824278, 49.866365], [5.824526, 49.866373], [5.824903, 49.866457], [5.825228, 49.86656], [5.825995, 49.866812], [5.827745, 49.867388], [5.828615, 49.867727], [5.829302, 49.868002], [5.829561, 49.868151], [5.829889, 49.868433], [5.830179, 49.868677], [5.830698, 49.869066], [5.831144, 49.869402], [5.831308, 49.869482], [5.831594, 49.8696], [5.831861, 49.869684], [5.832212, 49.869764], [5.832415, 49.869776], [5.832525, 49.869783], [5.833509, 49.869795], [5.833933, 49.869795], [5.834185, 49.869814], [5.834307, 49.869844], [5.834398, 49.869909], [5.834585, 49.870104], [5.834898, 49.870325], [5.835123, 49.870409], [5.835341, 49.870447], [5.835676, 49.87047], [5.835997, 49.870462], [5.836359, 49.87044], [5.836519, 49.870428], [5.836576, 49.870405], [5.83663, 49.870394], [5.836698, 49.870409], [5.836821, 49.870474], [5.837133, 49.870699], [5.83732, 49.870871], [5.837439, 49.870981], [5.837591, 49.871229], [5.837889, 49.871756], [5.838099, 49.872171], [5.838263, 49.872412], [5.838541, 49.872801], [5.838663, 49.873003], [5.838717, 49.873179], [5.838766, 49.873537], [5.838831, 49.873716], [5.838968, 49.873877], [5.839151, 49.874041], [5.839441, 49.874205], [5.839907, 49.874403], [5.840372, 49.874548], [5.840769, 49.874598], [5.841448, 49.874636], [5.841787, 49.874628], [5.841898, 49.874617], [5.842112, 49.874544], [5.842485, 49.874361], [5.842775, 49.874163], [5.843214, 49.873815], [5.843527, 49.873579], [5.843645, 49.873518], [5.843828, 49.873468], [5.843966, 49.873449], [5.844149, 49.873446], [5.844336, 49.873461], [5.844538, 49.873491], [5.844755, 49.873548], [5.844942, 49.873632], [5.845201, 49.873793], [5.845549, 49.87406], [5.845888, 49.874392], [5.84598, 49.874498], [5.846113, 49.874666], [5.846228, 49.87483], [5.84627, 49.87491], [5.846289, 49.875021], [5.846289, 49.875162], [5.846266, 49.87536], [5.846247, 49.875486], [5.846228, 49.875582], [5.846186, 49.875765], [5.846087, 49.875967], [5.845964, 49.876108], [5.845831, 49.87623], [5.845629, 49.876402], [5.845388, 49.876623], [5.845324, 49.876707], [5.845194, 49.876905], [5.845121, 49.877012], [5.845003, 49.877153], [5.8449, 49.877233], [5.844786, 49.877306], [5.844629, 49.877417], [5.844507, 49.877516], [5.844339, 49.877676], [5.844149, 49.877905], [5.843947, 49.878176], [5.843828, 49.878313], [5.843759, 49.878363], [5.843656, 49.878416], [5.843462, 49.878511], [5.843401, 49.878553], [5.843351, 49.878599], [5.843267, 49.878645], [5.843149, 49.878687], [5.842932, 49.878717], [5.842596, 49.878767], [5.842081, 49.878874], [5.841372, 49.879007], [5.84091, 49.879091], [5.84041, 49.879141], [5.840403, 49.879366], [5.840383, 49.879767], [5.840376, 49.880014], [5.840383, 49.880144], [5.840403, 49.880308], [5.840426, 49.880419], [5.840471, 49.880423], [5.840559, 49.880438], [5.840673, 49.880465], [5.840776, 49.880499], [5.840857, 49.880529], [5.840921, 49.880568], [5.840944, 49.880587], [5.840647, 49.881079], [5.840521, 49.881353], [5.84049, 49.881399], [5.840361, 49.881639], [5.840216, 49.881949], [5.840189, 49.88201], [5.840147, 49.882116], [5.840071, 49.882296], [5.840033, 49.882372], [5.839975, 49.882433], [5.839849, 49.88254], [5.839743, 49.882627], [5.83967, 49.882666], [5.839628, 49.882692], [5.839479, 49.882772], [5.839373, 49.882826], [5.839292, 49.882868], [5.83917, 49.882952], [5.839136, 49.882978], [5.839018, 49.883058], [5.839006, 49.88307], [5.838961, 49.883108], [5.839121, 49.883139], [5.838911, 49.883276], [5.839117, 49.883409], [5.839716, 49.883657], [5.840029, 49.883822], [5.840357, 49.884024], [5.840548, 49.884153], [5.84133, 49.884714], [5.841463, 49.884817], [5.842077, 49.884546], [5.842295, 49.884447], [5.842505, 49.884359], [5.84265, 49.884294], [5.842947, 49.884127], [5.843046, 49.884081], [5.843172, 49.884043], [5.843302, 49.88402], [5.843557, 49.883989], [5.843676, 49.883959], [5.843939, 49.883875], [5.844305, 49.883768], [5.844679, 49.883654], [5.844885, 49.883581], [5.845125, 49.883493], [5.845362, 49.883394], [5.845583, 49.883314], [5.845808, 49.883249], [5.84606, 49.883181], [5.846296, 49.883131], [5.84654, 49.883078], [5.846754, 49.883055], [5.847048, 49.883036], [5.84733, 49.883036], [5.847899, 49.883047], [5.848196, 49.883074], [5.848692, 49.88315], [5.848776, 49.882875], [5.848799, 49.882742], [5.848864, 49.882536], [5.848959, 49.882242], [5.849462, 49.882303], [5.849859, 49.882338], [5.850458, 49.88236], [5.850595, 49.882368], [5.851194, 49.882433], [5.851389, 49.882456], [5.851465, 49.882479], [5.851599, 49.882528], [5.851805, 49.882612], [5.851976, 49.882688], [5.852098, 49.882738], [5.852377, 49.882841], [5.852701, 49.882952], [5.8529, 49.883017], [5.853079, 49.883062], [5.85325, 49.883104], [5.85346, 49.883161], [5.853705, 49.883246], [5.85391, 49.883318], [5.854479, 49.88352], [5.854395, 49.883768], [5.854231, 49.884123], [5.854097, 49.884428], [5.853666, 49.884493], [5.85507, 49.884764], [5.854967, 49.885027], [5.854956, 49.88508], [5.85491, 49.885187], [5.854837, 49.885385], [5.854776, 49.885538], [5.854662, 49.885801], [5.854639, 49.885851], [5.854422, 49.88624], [5.854357, 49.886354], [5.854269, 49.886614], [5.854212, 49.886892], [5.85467, 49.88703], [5.855024, 49.887091], [5.85531, 49.887133], [5.855047, 49.887209], [5.854971, 49.887308], [5.854929, 49.887365], [5.854628, 49.887781], [5.855093, 49.888014], [5.855421, 49.88817], [5.855738, 49.888315], [5.855936, 49.888391], [5.856356, 49.888548], [5.856802, 49.888693], [5.857096, 49.888658], [5.857428, 49.888651], [5.857672, 49.888647], [5.857817, 49.888639], [5.857889, 49.88862], [5.857977, 49.888605], [5.85808, 49.888578], [5.858152, 49.888567], [5.858301, 49.888556], [5.858335, 49.888548], [5.858484, 49.888502], [5.858618, 49.888479], [5.858778, 49.88846], [5.858885, 49.888449], [5.858931, 49.888445], [5.859053, 49.888449], [5.859289, 49.888452], [5.859426, 49.888445], [5.859526, 49.888433], [5.859663, 49.888403], [5.859808, 49.888357], [5.859953, 49.888296], [5.860216, 49.888174], [5.860357, 49.888117], [5.860582, 49.888048], [5.861177, 49.887854], [5.861448, 49.887766], [5.861429, 49.887739], [5.861456, 49.887728], [5.861738, 49.887548], [5.861807, 49.887507], [5.86186, 49.887476], [5.862063, 49.887358], [5.862177, 49.887289], [5.862276, 49.887266], [5.862448, 49.887236], [5.862658, 49.887205], [5.862772, 49.887194], [5.8631, 49.887175], [5.863169, 49.887194], [5.863421, 49.88727], [5.863508, 49.887301], [5.863634, 49.887346], [5.863726, 49.887377], [5.864031, 49.887495], [5.86416, 49.887556], [5.864286, 49.88759], [5.864451, 49.887629], [5.864554, 49.887655], [5.864668, 49.887678], [5.864794, 49.887709], [5.865019, 49.887758], [5.865366, 49.887842], [5.865725, 49.887937], [5.866114, 49.888033], [5.866373, 49.888136], [5.866507, 49.888185], [5.866579, 49.888185], [5.866648, 49.888182], [5.866762, 49.88817], [5.866384, 49.88767], [5.866144, 49.887419], [5.865728, 49.887045], [5.865366, 49.886713], [5.864946, 49.886324], [5.864447, 49.886011], [5.864073, 49.885759], [5.863626, 49.885485], [5.863169, 49.885183], [5.863073, 49.885118], [5.863123, 49.885046], [5.863466, 49.8846], [5.863649, 49.884378], [5.863806, 49.884199], [5.863909, 49.884062], [5.864077, 49.883841], [5.864172, 49.883676], [5.86426, 49.883547], [5.864355, 49.883409], [5.864584, 49.883108], [5.864683, 49.882986], [5.864721, 49.882925], [5.864729, 49.882887], [5.864752, 49.882792], [5.864828, 49.882585], [5.86487, 49.882494], [5.86508, 49.88212], [5.86521, 49.881918], [5.865293, 49.881803], [5.865496, 49.88167], [5.865702, 49.88151], [5.865774, 49.881453], [5.866007, 49.881288], [5.866201, 49.88117], [5.866781, 49.880854], [5.866869, 49.880865], [5.866919, 49.880865], [5.866995, 49.880854], [5.867243, 49.880773], [5.867773, 49.880693], [5.868364, 49.880571], [5.868513, 49.880529], [5.868746, 49.880453], [5.869249, 49.880236], [5.869123, 49.880503], [5.869059, 49.880499], [5.868845, 49.880739], [5.868635, 49.881029], [5.868418, 49.881418], [5.868498, 49.881437], [5.868723, 49.881487], [5.868807, 49.881315], [5.868845, 49.881258], [5.868879, 49.881231], [5.868978, 49.881174], [5.869062, 49.881121], [5.869097, 49.88109], [5.869173, 49.880999], [5.869272, 49.880835], [5.869417, 49.88059], [5.869497, 49.880461], [5.869623, 49.880346], [5.869669, 49.880281], [5.869703, 49.880236], [5.870066, 49.880323], [5.870169, 49.880354], [5.87068, 49.880495], [5.871134, 49.880617], [5.871306, 49.880659], [5.871821, 49.880781], [5.872015, 49.880808], [5.872141, 49.880827], [5.872213, 49.880854], [5.872293, 49.880892], [5.872435, 49.880674], [5.872393, 49.880663], [5.872267, 49.880644], [5.872042, 49.880602], [5.871756, 49.880533], [5.871489, 49.880461], [5.871134, 49.880362], [5.870897, 49.880297], [5.8706, 49.880213], [5.870607, 49.880201], [5.870672, 49.880094], [5.870733, 49.879999], [5.870882, 49.879671], [5.870958, 49.879473], [5.871096, 49.879145], [5.871183, 49.878885], [5.871202, 49.878824], [5.87126, 49.878668], [5.871309, 49.878591], [5.87134, 49.878538], [5.871374, 49.878462], [5.871393, 49.878389], [5.87142, 49.87826], [5.871542, 49.87818], [5.871618, 49.878126], [5.871691, 49.878069], [5.871736, 49.878012], [5.871782, 49.877935], [5.871874, 49.877771], [5.871916, 49.877688], [5.871954, 49.877592], [5.872019, 49.877447], [5.872061, 49.877386], [5.87216, 49.877268], [5.872183, 49.877245], [5.872297, 49.877115], [5.871614, 49.876761], [5.871359, 49.876631], [5.87134, 49.876593], [5.87134, 49.876543], [5.871382, 49.876436], [5.871538, 49.875997], [5.871607, 49.87578], [5.871679, 49.875494], [5.87171, 49.875494], [5.87216, 49.875502], [5.872515, 49.875509], [5.872938, 49.875517], [5.873419, 49.875528], [5.873327, 49.875608], [5.873232, 49.875715], [5.873175, 49.87586], [5.873152, 49.875963], [5.873144, 49.876051], [5.873148, 49.876127], [5.873205, 49.876436], [5.873224, 49.876596], [5.87324, 49.876696], [5.8734, 49.876768], [5.873579, 49.876852], [5.873739, 49.876928], [5.873877, 49.877001], [5.874094, 49.877134], [5.874418, 49.87734], [5.874281, 49.877455], [5.874506, 49.877565], [5.874624, 49.877626], [5.874723, 49.877695], [5.874853, 49.877798], [5.875166, 49.878042], [5.875193, 49.878004], [5.875433, 49.877672], [5.875639, 49.877394], [5.875849, 49.877108], [5.875864, 49.877085], [5.875967, 49.876951], [5.876112, 49.876787], [5.876181, 49.876707], [5.876345, 49.876493], [5.876467, 49.876333], [5.876711, 49.87602], [5.876925, 49.875757], [5.876966, 49.875704], [5.877249, 49.87554], [5.877286, 49.875518], [5.877333, 49.87549], [5.877489, 49.875395], [5.877859, 49.875177], [5.878088, 49.875063], [5.878591, 49.8748], [5.878794, 49.87467], [5.879126, 49.874453], [5.879374, 49.874277], [5.87948, 49.874205], [5.879812, 49.873957], [5.880125, 49.873713], [5.880175, 49.873671], [5.880098, 49.873632], [5.878614, 49.872839], [5.878122, 49.87285], [5.878553, 49.872309], [5.878569, 49.872293], [5.878008, 49.87195], [5.877512, 49.871656], [5.87771, 49.871092], [5.87784, 49.870733], [5.877893, 49.870588], [5.877905, 49.870539], [5.877935, 49.870291], [5.877951, 49.87015], [5.877939, 49.86981], [5.877943, 49.869705], [5.877996, 49.86927], [5.878023, 49.86882], [5.878069, 49.868454], [5.878191, 49.867764], [5.878271, 49.867695], [5.878752, 49.867035], [5.878939, 49.866776], [5.878954, 49.866753], [5.879061, 49.8666], [5.879164, 49.866455], [5.879065, 49.86634], [5.878992, 49.866245], [5.878962, 49.86617], [5.878889, 49.865986], [5.878843, 49.86585], [5.878809, 49.865757], [5.878748, 49.865658], [5.878679, 49.865555], [5.878531, 49.86539], [5.878736, 49.86526], [5.879011, 49.865105], [5.878916, 49.865013], [5.878946, 49.86499], [5.879, 49.86497], [5.879087, 49.86495], [5.879175, 49.86492], [5.879217, 49.8649], [5.879251, 49.86487], [5.879271, 49.864838], [5.87929, 49.8648], [5.879305, 49.864758], [5.879313, 49.864708], [5.87932, 49.864693], [5.879351, 49.864674], [5.879385, 49.864655], [5.879419, 49.864643], [5.879492, 49.86461], [5.879652, 49.8645], [5.879744, 49.86442], [5.879854, 49.864353], [5.87995, 49.8643], [5.880072, 49.864235], [5.880171, 49.864185], [5.880228, 49.86416], [5.880468, 49.86406], [5.88077, 49.863945], [5.880865, 49.864014], [5.880911, 49.864048], [5.881189, 49.864017], [5.881323, 49.863995], [5.881414, 49.863983], [5.881537, 49.86398], [5.881681, 49.86397], [5.881792, 49.863964], [5.881849, 49.863976], [5.881899, 49.86399], [5.881949, 49.863995], [5.882025, 49.864014], [5.882109, 49.864048], [5.882151, 49.864063], [5.882227, 49.864098], [5.882326, 49.86414], [5.882414, 49.864178], [5.882467, 49.864197], [5.882536, 49.864212], [5.882601, 49.864235], [5.882635, 49.864258], [5.882677, 49.864277], [5.882731, 49.864296], [5.882776, 49.864326], [5.882834, 49.86437], [5.882898, 49.864388], [5.882956, 49.864403], [5.882998, 49.86442], [5.883009, 49.864437], [5.883024, 49.864464], [5.88307, 49.864487], [5.883108, 49.864502], [5.883158, 49.864532], [5.883242, 49.86457], [5.883387, 49.864666], [5.883436, 49.8647], [5.883478, 49.864735], [5.883524, 49.86478], [5.883547, 49.8648], [5.883562, 49.864807], [5.883894, 49.865], [5.884077, 49.86511], [5.884169, 49.86516], [5.88426, 49.86522], [5.884355, 49.86527], [5.884428, 49.865295], [5.884512, 49.865314], [5.884592, 49.865345], [5.884642, 49.865376], [5.884752, 49.865467], [5.88481, 49.865494], [5.884913, 49.86553], [5.885008, 49.865562], [5.885107, 49.86561], [5.885153, 49.86564], [5.885218, 49.86566], [5.885328, 49.865685], [5.885393, 49.865692], [5.885435, 49.865685], [5.885489, 49.86567], [5.885557, 49.865658], [5.885637, 49.86565], [5.885717, 49.86566], [5.885801, 49.865677], [5.885874, 49.86569], [5.885939, 49.86569], [5.886004, 49.8657], [5.886091, 49.865707], [5.886122, 49.865723], [5.886133, 49.865746], [5.88616, 49.865765], [5.886198, 49.865776], [5.886427, 49.86582], [5.88656, 49.865852], [5.886622, 49.86588], [5.886675, 49.86591], [5.886728, 49.86593], [5.8869, 49.865967], [5.886957, 49.865982], [5.887049, 49.866024], [5.887098, 49.866062], [5.887163, 49.866135], [5.887228, 49.866177], [5.887297, 49.866215], [5.887331, 49.866238], [5.887545, 49.866356], [5.887659, 49.86643], [5.887713, 49.86647], [5.887751, 49.866505], [5.887781, 49.866535], [5.887823, 49.866573], [5.887865, 49.866604], [5.888014, 49.866673], [5.888163, 49.866753], [5.888212, 49.866776], [5.888269, 49.866825], [5.888311, 49.86686], [5.88838, 49.866905], [5.888426, 49.86693], [5.888441, 49.866936], [5.888441, 49.866955], [5.888437, 49.86699], [5.888441, 49.867023], [5.888464, 49.86708], [5.888475, 49.867138], [5.888472, 49.867165], [5.888433, 49.867237], [5.888414, 49.867283], [5.888407, 49.867317], [5.888411, 49.867355], [5.888411, 49.867382], [5.888392, 49.86741], [5.888327, 49.86748], [5.888308, 49.867516], [5.888258, 49.86763], [5.88817, 49.867825], [5.888117, 49.867935], [5.888071, 49.868], [5.887995, 49.868153], [5.887918, 49.86829], [5.88788, 49.86837], [5.887854, 49.868454], [5.887838, 49.868526], [5.887835, 49.86862], [5.887842, 49.868717], [5.88788, 49.868866], [5.887915, 49.868954], [5.887953, 49.86903], [5.888021, 49.86914], [5.888121, 49.86927], [5.888189, 49.869366], [5.888334, 49.86955], [5.888441, 49.869682], [5.88859, 49.869843], [5.888693, 49.86993], [5.888792, 49.870007], [5.888952, 49.870148], [5.88901, 49.870186], [5.889097, 49.87023], [5.889234, 49.870304], [5.889246, 49.870296], [5.889334, 49.87025], [5.889383, 49.870216], [5.889414, 49.8702], [5.889521, 49.87016], [5.889559, 49.870136], [5.889608, 49.870106], [5.889631, 49.8701], [5.889658, 49.870087], [5.889719, 49.870075], [5.889757, 49.87006], [5.889917, 49.869976], [5.890009, 49.869995], [5.890093, 49.87001], [5.8902, 49.870026], [5.890463, 49.870026], [5.891157, 49.86999], [5.891226, 49.869984], [5.891436, 49.86997], [5.891756, 49.869946], [5.891951, 49.869934], [5.892176, 49.869923], [5.89245, 49.869904], [5.892443, 49.869946], [5.892443, 49.869976], [5.892447, 49.870014], [5.892469, 49.870056], [5.892511, 49.870102], [5.892584, 49.870148], [5.892683, 49.870197], [5.892988, 49.87032], [5.893728, 49.87059], [5.893595, 49.87068], [5.893904, 49.87086], [5.894125, 49.870995], [5.894293, 49.8711], [5.894644, 49.87134], [5.894789, 49.871445], [5.894674, 49.871525], [5.894579, 49.871597], [5.894461, 49.87169], [5.894388, 49.871758], [5.894678, 49.871956], [5.894892, 49.872093], [5.895151, 49.872265], [5.895506, 49.87245], [5.895712, 49.872555], [5.895872, 49.872627], [5.895968, 49.872665], [5.896311, 49.8728], [5.896608, 49.872906], [5.896784, 49.872982], [5.896952, 49.873066], [5.897184, 49.8732], [5.897375, 49.873314], [5.897558, 49.87343], [5.897707, 49.873554], [5.897673, 49.873554], [5.897665, 49.873615], [5.897654, 49.873676], [5.897627, 49.873745], [5.897593, 49.873787], [5.897543, 49.87384], [5.897436, 49.873917], [5.897303, 49.873997], [5.897207, 49.87406], [5.897116, 49.87413], [5.897024, 49.874218], [5.896963, 49.874283], [5.897017, 49.874336], [5.896963, 49.874474], [5.896902, 49.87461], [5.896864, 49.874683], [5.896822, 49.87475], [5.896746, 49.874832], [5.896631, 49.87493], [5.896463, 49.87503], [5.896326, 49.875084], [5.896177, 49.875122], [5.896059, 49.875145], [5.895914, 49.87516], [5.895842, 49.875187], [5.895178, 49.875153], [5.894922, 49.875126], [5.893503, 49.87497], [5.893789, 49.875328], [5.893915, 49.87545], [5.894247, 49.87575], [5.894491, 49.875973], [5.894831, 49.876305], [5.894922, 49.876404], [5.894716, 49.876484], [5.894693, 49.87649], [5.894537, 49.876564], [5.894514, 49.87657], [5.89435, 49.87666], [5.894255, 49.876717], [5.893946, 49.87689], [5.893957, 49.876896], [5.89406, 49.876987], [5.894396, 49.877296], [5.894628, 49.877514], [5.894819, 49.87769], [5.894995, 49.877823], [5.895269, 49.87803], [5.895502, 49.878216], [5.895342, 49.878323], [5.895071, 49.87848], [5.894808, 49.87861], [5.894716, 49.878654], [5.894545, 49.878716], [5.893744, 49.878983], [5.893324, 49.879124], [5.89237, 49.87945], [5.892355, 49.879456], [5.892595, 49.87968], [5.892675, 49.879757], [5.892897, 49.879967], [5.892919, 49.879993], [5.892939, 49.880047], [5.892969, 49.880157], [5.893003, 49.88027], [5.893053, 49.880383], [5.89308, 49.88047], [5.893095, 49.880596], [5.893095, 49.880676], [5.89308, 49.88075], [5.893045, 49.88084], [5.892962, 49.88101], [5.892935, 49.88105], [5.8929, 49.88108], [5.892862, 49.881104], [5.892824, 49.88116], [5.892786, 49.881214], [5.892752, 49.881268], [5.892748, 49.881313], [5.892759, 49.881443], [5.892775, 49.881577], [5.892798, 49.88167], [5.892832, 49.881763], [5.892889, 49.881863], [5.893019, 49.882042], [5.893122, 49.882202], [5.89316, 49.8823], [5.893187, 49.882362], [5.893232, 49.88242], [5.893286, 49.882496], [5.893415, 49.882828], [5.893496, 49.883026], [5.893568, 49.883186], [5.893629, 49.88331], [5.893671, 49.88337], [5.893728, 49.883423], [5.893908, 49.883575], [5.894041, 49.88371], [5.894094, 49.883766], [5.894167, 49.8839], [5.894247, 49.883984], [5.894304, 49.88405], [5.894312, 49.884087], [5.894289, 49.884132], [5.894281, 49.88417], [5.8943, 49.8842], [5.894369, 49.88425], [5.894449, 49.884304], [5.894495, 49.884384], [5.89456, 49.884453], [5.894701, 49.884563], [5.894716, 49.884556], [5.894911, 49.884483], [5.895002, 49.884453], [5.895201, 49.884377], [5.895361, 49.88432], [5.895845, 49.884144], [5.895918, 49.884212], [5.89617, 49.884434], [5.89649, 49.884693], [5.896765, 49.884926], [5.896959, 49.885094], [5.897383, 49.885445], [5.897482, 49.88552], [5.897894, 49.885845], [5.897329, 49.88629], [5.897207, 49.886387], [5.897161, 49.88642], [5.897104, 49.886467], [5.89707, 49.886494], [5.897055, 49.88651], [5.896955, 49.886585], [5.897043, 49.8867], [5.8971, 49.886738], [5.897249, 49.886856], [5.897337, 49.8869], [5.897558, 49.887024], [5.897696, 49.887096], [5.897741, 49.887135], [5.897787, 49.887177], [5.897871, 49.887226], [5.898054, 49.887318], [5.898127, 49.88736], [5.898199, 49.887413], [5.898268, 49.887455], [5.898321, 49.887478], [5.898409, 49.8875], [5.898447, 49.887512], [5.898497, 49.88754], [5.898592, 49.887608], [5.898714, 49.88769], [5.898806, 49.887794], [5.898848, 49.88783], [5.898954, 49.887886], [5.899069, 49.88795], [5.899141, 49.88801], [5.899198, 49.88807], [5.89926, 49.888145], [5.899317, 49.888237], [5.899374, 49.888336], [5.899412, 49.888382], [5.899443, 49.8884], [5.899477, 49.88841], [5.899519, 49.8884], [5.89958, 49.88838], [5.899744, 49.88828], [5.899786, 49.88825], [5.899881, 49.88817], [5.899973, 49.888042], [5.900156, 49.887836], [5.900221, 49.88778], [5.900377, 49.88764], [5.900515, 49.88755], [5.900686, 49.88746], [5.900877, 49.88738], [5.900984, 49.887325], [5.901068, 49.887276], [5.901194, 49.887238], [5.901346, 49.887196], [5.901457, 49.887184], [5.90156, 49.887177], [5.901743, 49.887173], [5.901922, 49.88718], [5.901987, 49.887177], [5.902033, 49.88716], [5.902079, 49.88714], [5.902098, 49.887115], [5.902121, 49.887077], [5.902163, 49.886986], [5.902224, 49.886806], [5.902311, 49.886574], [5.902403, 49.886307], [5.902475, 49.88619], [5.902555, 49.88607], [5.902632, 49.885983], [5.902731, 49.885883], [5.902823, 49.88581], [5.902952, 49.885723], [5.903009, 49.885666], [5.90304, 49.88561], [5.903074, 49.88555], [5.903116, 49.885525], [5.903185, 49.885494], [5.903227, 49.885456], [5.903265, 49.885395], [5.903295, 49.885357], [5.90333, 49.885323], [5.903398, 49.885296], [5.903456, 49.88527], [5.903475, 49.88523], [5.903459, 49.885117], [5.903467, 49.885063], [5.90349, 49.88504], [5.903536, 49.88502], [5.903597, 49.884995], [5.903627, 49.88497], [5.903654, 49.884945], [5.903696, 49.88492], [5.90373, 49.884876], [5.903753, 49.884876], [5.903799, 49.884872], [5.903853, 49.884846], [5.903913, 49.884804], [5.903948, 49.884777], [5.904009, 49.8847], [5.904032, 49.884647], [5.904043, 49.884583], [5.904036, 49.88453], [5.904028, 49.884422], [5.904043, 49.88429], [5.904108, 49.8841], [5.90415, 49.883953], [5.904165, 49.883858], [5.9042, 49.88354], [5.904207, 49.88349], [5.904242, 49.883186], [5.904257, 49.88308], [5.904299, 49.882824], [5.904306, 49.882607], [5.904242, 49.882576], [5.904223, 49.88257], [5.9042, 49.882557], [5.904249, 49.88251], [5.904371, 49.882416], [5.904448, 49.88236], [5.904501, 49.88232], [5.904551, 49.8823], [5.904623, 49.88228], [5.904776, 49.882256], [5.904909, 49.88224], [5.905043, 49.882225], [5.905157, 49.882187], [5.905462, 49.88206], [5.905684, 49.881973], [5.905771, 49.881924], [5.905943, 49.88182], [5.90613, 49.881695], [5.906351, 49.881554], [5.906508, 49.88147], [5.90663, 49.881386], [5.906687, 49.88133], [5.90671, 49.881294], [5.906725, 49.881237], [5.906702, 49.881176], [5.906714, 49.881157], [5.906813, 49.881096], [5.906897, 49.88103], [5.906939, 49.880985], [5.906979, 49.880874], [5.906984, 49.880825], [5.906958, 49.88081], [5.906935, 49.880802], [5.906889, 49.8808], [5.906843, 49.880806], [5.906725, 49.88086], [5.906519, 49.88097], [5.906328, 49.88087], [5.906321, 49.88086], [5.906351, 49.880844], [5.906385, 49.880817], [5.906408, 49.88076], [5.906416, 49.880722], [5.906443, 49.8807], [5.906481, 49.880676], [5.906496, 49.880653], [5.906508, 49.88063], [5.906511, 49.880615], [5.90653, 49.88055], [5.906534, 49.880463], [5.90653, 49.88038], [5.906511, 49.8803], [5.906485, 49.88023], [5.906439, 49.880165], [5.906397, 49.88012], [5.906382, 49.880108], [5.906385, 49.880013], [5.906385, 49.879917], [5.906401, 49.879852], [5.906431, 49.87979], [5.9065, 49.87968], [5.90658, 49.87956], [5.906622, 49.87948], [5.906652, 49.879395], [5.906668, 49.879402], [5.906691, 49.879417], [5.90674, 49.879448], [5.906988, 49.87959], [5.907412, 49.87984], [5.907572, 49.879772], [5.907671, 49.879757], [5.907805, 49.879745], [5.908106, 49.879738], [5.90851, 49.879723], [5.908613, 49.879513], [5.908686, 49.879353], [5.90875, 49.879246], [5.908972, 49.878925], [5.909048, 49.878803], [5.909105, 49.87872], [5.909166, 49.878616], [5.909197, 49.87855], [5.909243, 49.878426], [5.909246, 49.878395], [5.909262, 49.878326], [5.909285, 49.878166], [5.909323, 49.87801], [5.909365, 49.87787], [5.90938, 49.877815], [5.90943, 49.877655], [5.909525, 49.877296], [5.909552, 49.877205], [5.909578, 49.877148], [5.909609, 49.877113], [5.90967, 49.877064], [5.909788, 49.87698], [5.909983, 49.87687], [5.910013, 49.87685], [5.910296, 49.876705], [5.910456, 49.876625], [5.910559, 49.876587], [5.910944, 49.876476], [5.910849, 49.876347], [5.9107, 49.876144], [5.910967, 49.87594], [5.9111, 49.87583], [5.911238, 49.87572], [5.911406, 49.87559], [5.911505, 49.875523], [5.911707, 49.87538], [5.911962, 49.875214], [5.91247, 49.874813], [5.912275, 49.8747], [5.912325, 49.874664], [5.912687, 49.87441], [5.912775, 49.87436], [5.91284, 49.87432], [5.913103, 49.87422], [5.913259, 49.87418], [5.913526, 49.87411], [5.913752, 49.874054], [5.91387, 49.874035], [5.913942, 49.874035], [5.913954, 49.87385], [5.913706, 49.873863], [5.91361, 49.87388], [5.913561, 49.873886], [5.913458, 49.87391], [5.913355, 49.873936], [5.913092, 49.87401], [5.913103, 49.873775], [5.913107, 49.87371], [5.91313, 49.87353], [5.913134, 49.873486], [5.913141, 49.873413], [5.913176, 49.87329], [5.913199, 49.87322], [5.913225, 49.873142], [5.913271, 49.87304], [5.913385, 49.87292], [5.913496, 49.872818], [5.913576, 49.872738], [5.913672, 49.87263], [5.913729, 49.872555], [5.913797, 49.87245], [5.9139, 49.872288], [5.913927, 49.872242], [5.913992, 49.87212], [5.914091, 49.87193], [5.914167, 49.871742], [5.914335, 49.87132], [5.914564, 49.871296], [5.916002, 49.871155], [5.916143, 49.871143], [5.916433, 49.871128], [5.916651, 49.871143], [5.916967, 49.87106], [5.916964, 49.87103], [5.916956, 49.87099], [5.916933, 49.870953], [5.916902, 49.870914], [5.916864, 49.870888], [5.916796, 49.870865], [5.916662, 49.87083], [5.916517, 49.870796], [5.916395, 49.870754], [5.916117, 49.87082], [5.91596, 49.87085], [5.915728, 49.8709], [5.915937, 49.87069], [5.915823, 49.87054], [5.915739, 49.870403], [5.915697, 49.870316], [5.915659, 49.87021], [5.915701, 49.87004], [5.915712, 49.86999], [5.915728, 49.86991], [5.915766, 49.869747], [5.915766, 49.869736], [5.915796, 49.869637], [5.915853, 49.869484], [5.915949, 49.869236], [5.915983, 49.869087], [5.91601, 49.868958], [5.916017, 49.868927], [5.916021, 49.868896], [5.916021, 49.86888], [5.916037, 49.86876], [5.916063, 49.86862], [5.916117, 49.868416], [5.916189, 49.86813], [5.916201, 49.8681], [5.916334, 49.867874], [5.916376, 49.8678], [5.916342, 49.867218], [5.916342, 49.8672], [5.916323, 49.86709], [5.916536, 49.86707], [5.916712, 49.867035], [5.917013, 49.866978], [5.917055, 49.86696], [5.917238, 49.866985], [5.917437, 49.867023], [5.91754, 49.867054], [5.917654, 49.867115], [5.917738, 49.867134], [5.917997, 49.867184], [5.917997, 49.867134], [5.918493, 49.8672], [5.918947, 49.86727], [5.919165, 49.867294], [5.919275, 49.867302], [5.919352, 49.867294], [5.919424, 49.867287], [5.919497, 49.86726], [5.91955, 49.86721], [5.919588, 49.867157], [5.919699, 49.86703], [5.919767, 49.866943], [5.919809, 49.866848], [5.919828, 49.866768], [5.919855, 49.86673], [5.919893, 49.86669], [5.919954, 49.866646], [5.920034, 49.8666], [5.920221, 49.866505], [5.920389, 49.86641], [5.920672, 49.866234], [5.920767, 49.866165], [5.920805, 49.866123], [5.920824, 49.86608], [5.920813, 49.866028], [5.920786, 49.865936], [5.920763, 49.86585], [5.920732, 49.865776], [5.920698, 49.86571], [5.920633, 49.86562], [5.920568, 49.865547], [5.920496, 49.865475], [5.92045, 49.865414], [5.920443, 49.86538], [5.920435, 49.86532], [5.920446, 49.865257], [5.920477, 49.865158], [5.9205, 49.86506], [5.920523, 49.865], [5.920557, 49.86495], [5.920633, 49.864857], [5.920687, 49.864765], [5.920755, 49.864674], [5.9209, 49.864502], [5.920672, 49.864403], [5.920656, 49.864334], [5.920649, 49.864304], [5.92061, 49.86429], [5.920366, 49.864315], [5.919958, 49.86435], [5.919729, 49.86436], [5.919424, 49.86437], [5.919401, 49.864384], [5.919393, 49.86453], [5.918932, 49.86458], [5.918417, 49.864628], [5.917902, 49.864662], [5.917692, 49.86467], [5.917391, 49.864677], [5.917047, 49.86467], [5.916689, 49.864674], [5.916601, 49.864674], [5.916449, 49.864594], [5.916205, 49.86461], [5.916201, 49.86456], [5.916159, 49.86454], [5.915796, 49.86453], [5.915586, 49.864532], [5.9154, 49.864555], [5.915281, 49.86458], [5.915129, 49.864635], [5.914923, 49.864758], [5.914534, 49.86502], [5.914488, 49.864994], [5.914411, 49.864944], [5.914125, 49.86476], [5.913935, 49.864647], [5.913832, 49.864597], [5.913526, 49.864475], [5.913466, 49.86445], [5.91345, 49.864414], [5.913439, 49.864407], [5.913389, 49.864395], [5.913328, 49.864388], [5.913298, 49.864384], [5.913229, 49.864395], [5.913183, 49.864395], [5.913141, 49.864384], [5.913095, 49.864357], [5.913046, 49.86433], [5.913004, 49.864323], [5.91297, 49.864326], [5.912958, 49.864334], [5.912954, 49.864357], [5.912935, 49.86436], [5.912912, 49.86436], [5.91289, 49.864346], [5.912874, 49.864323], [5.912855, 49.86431], [5.912798, 49.864292], [5.912767, 49.864285], [5.912508, 49.864178], [5.912363, 49.8641], [5.912218, 49.864025], [5.912065, 49.863926], [5.911539, 49.86355], [5.911013, 49.863186], [5.91094, 49.86314], [5.910852, 49.86308], [5.910574, 49.862915], [5.910067, 49.86263], [5.909895, 49.86253], [5.909819, 49.862457], [5.909754, 49.862392], [5.9097, 49.862312], [5.909662, 49.86223], [5.909639, 49.86216], [5.909617, 49.8621], [5.909578, 49.861988], [5.909559, 49.861874], [5.909552, 49.8618], [5.909567, 49.86174], [5.909571, 49.861675], [5.909559, 49.86164], [5.909586, 49.86161], [5.909605, 49.861595], [5.909628, 49.86156], [5.909647, 49.861515], [5.909651, 49.86147], [5.909651, 49.861404], [5.909666, 49.86134], [5.909693, 49.861275], [5.90975, 49.861202], [5.909792, 49.861164], [5.909872, 49.861095], [5.909918, 49.86106], [5.910009, 49.860996], [5.910173, 49.860867], [5.910204, 49.860844], [5.910231, 49.86084], [5.910269, 49.860855], [5.910299, 49.86085], [5.910337, 49.86084], [5.910356, 49.86083], [5.910387, 49.860825], [5.910429, 49.860817], [5.910429, 49.860798], [5.91041, 49.860756], [5.91041, 49.86073], [5.910429, 49.86071], [5.910444, 49.86071], [5.910471, 49.86072], [5.910501, 49.860725], [5.910521, 49.860718], [5.910543, 49.8607], [5.910601, 49.860737], [5.910635, 49.86076], [5.910688, 49.860794], [5.91078, 49.86085], [5.910875, 49.860912], [5.911173, 49.860767], [5.911268, 49.860714], [5.911375, 49.860638], [5.911501, 49.86055], [5.911669, 49.860435], [5.911783, 49.86036], [5.911951, 49.86024], [5.912149, 49.86008], [5.912329, 49.85993], [5.912355, 49.859905], [5.912413, 49.859856], [5.912474, 49.859802], [5.912596, 49.85969], [5.912676, 49.859615], [5.912706, 49.859592], [5.912943, 49.859356], [5.913061, 49.859245], [5.913145, 49.85917], [5.913202, 49.85914], [5.913244, 49.8591], [5.913298, 49.859047], [5.913389, 49.858955], [5.913454, 49.858902], [5.91358, 49.85884], [5.913752, 49.858776], [5.913938, 49.858715], [5.915239, 49.859516], [5.915258, 49.859505], [5.917578, 49.860355], [5.917601, 49.860474], [5.917662, 49.860703], [5.917673, 49.86073], [5.91773, 49.86089], [5.917807, 49.86107], [5.917933, 49.861286], [5.917997, 49.86136], [5.918028, 49.861378], [5.918085, 49.861416], [5.91815, 49.861446], [5.918291, 49.86152], [5.918718, 49.861702], [5.919035, 49.861835], [5.919432, 49.862003], [5.91947, 49.862034], [5.920271, 49.861847], [5.921644, 49.861534], [5.921747, 49.861507], [5.921991, 49.861347], [5.922594, 49.86095], [5.923407, 49.8604], [5.924215, 49.85984], [5.92494, 49.85934], [5.925089, 49.859245], [5.924971, 49.859184], [5.925013, 49.859158], [5.925184, 49.859047], [5.925699, 49.859333], [5.925959, 49.85948], [5.926104, 49.859577], [5.926195, 49.859646], [5.926355, 49.859756], [5.926519, 49.859905], [5.926626, 49.860043], [5.926741, 49.86022], [5.926828, 49.86041], [5.926867, 49.860523], [5.926908, 49.86076], [5.926954, 49.860912], [5.926985, 49.861126], [5.927027, 49.861225], [5.927122, 49.861393], [5.927156, 49.86149], [5.927187, 49.861603], [5.927202, 49.861637], [5.927229, 49.861713], [5.927301, 49.861843], [5.927458, 49.862022], [5.927549, 49.86216], [5.927652, 49.86234], [5.927736, 49.862522], [5.927897, 49.86299], [5.927969, 49.86316], [5.92808, 49.86338], [5.92816, 49.863506], [5.928225, 49.86358], [5.928389, 49.86372], [5.928553, 49.863865], [5.928785, 49.864075], [5.928667, 49.864147], [5.928839, 49.864353], [5.928927, 49.86444], [5.928999, 49.86449], [5.929808, 49.86496], [5.930162, 49.865173], [5.930185, 49.86529], [5.930204, 49.865356], [5.930258, 49.865467], [5.930422, 49.865673], [5.930517, 49.86576], [5.930593, 49.865932], [5.930922, 49.865833], [5.931021, 49.86597], [5.931036, 49.86606], [5.93112, 49.866257], [5.931326, 49.866684], [5.931368, 49.866764], [5.931482, 49.866886], [5.931723, 49.867035], [5.931929, 49.86716], [5.932467, 49.86689], [5.93265, 49.86705], [5.932879, 49.867214], [5.933126, 49.86728], [5.933306, 49.867294], [5.933367, 49.867332], [5.933394, 49.867367], [5.933439, 49.8674], [5.933622, 49.867493], [5.933893, 49.867683], [5.933924, 49.867702], [5.93395, 49.867737], [5.934305, 49.868], [5.934633, 49.86831], [5.934744, 49.868423], [5.934732, 49.868427], [5.934641, 49.868465], [5.935217, 49.869003], [5.935228, 49.86902], [5.93543, 49.869286], [5.935534, 49.869373], [5.935671, 49.869484], [5.93574, 49.869545], [5.935953, 49.869762], [5.936182, 49.870003], [5.936564, 49.870316], [5.936834, 49.870285], [5.93722, 49.870243], [5.93725, 49.87024], [5.93733, 49.870274], [5.937529, 49.870365], [5.938101, 49.870518], [5.938417, 49.870544], [5.938677, 49.870544], [5.939184, 49.87053], [5.939558, 49.870506], [5.939802, 49.87048], [5.940271, 49.870327], [5.940592, 49.87027], [5.941244, 49.870235], [5.941416, 49.87022], [5.941553, 49.870235], [5.941958, 49.870216], [5.942946, 49.870296], [5.943197, 49.87033], [5.943789, 49.87045], [5.94385, 49.87046], [5.943949, 49.870426], [5.944044, 49.870472], [5.944342, 49.870506], [5.944841, 49.870586], [5.945402, 49.870674], [5.945658, 49.87069], [5.945951, 49.870678], [5.946409, 49.870636], [5.946775, 49.870583], [5.947142, 49.87054], [5.947378, 49.87051], [5.947481, 49.870487], [5.947542, 49.870476], [5.947748, 49.870403], [5.947855, 49.870388], [5.948049, 49.870373], [5.94816, 49.870304], [5.948252, 49.870266], [5.9485, 49.870182], [5.94882, 49.870037], [5.949148, 49.869892], [5.949243, 49.869846], [5.949335, 49.8698], [5.949453, 49.869728], [5.949789, 49.86947], [5.94993, 49.869377], [5.950144, 49.869255], [5.950251, 49.869205], [5.950365, 49.869156], [5.950563, 49.869106], [5.951265, 49.869026], [5.951532, 49.86898], [5.952093, 49.868908], [5.952421, 49.868862], [5.952623, 49.868824], [5.952791, 49.868797], [5.953089, 49.868763], [5.953856, 49.868664], [5.954092, 49.86865], [5.954348, 49.86861], [5.954451, 49.868595], [5.954725, 49.868507], [5.954706, 49.868504], [5.955214, 49.868347], [5.95595, 49.867935], [5.955961, 49.86794], [5.956106, 49.86782], [5.956266, 49.867714], [5.956389, 49.867603], [5.956549, 49.867435], [5.95669, 49.867313], [5.956961, 49.86718], [5.956854, 49.86698], [5.956835, 49.866947], [5.956884, 49.86693], [5.956949, 49.866806], [5.957178, 49.86659], [5.957876, 49.866383], [5.958078, 49.866383], [5.958109, 49.86638], [5.95812, 49.86639], [5.958151, 49.86642], [5.958261, 49.86654], [5.958284, 49.866547], [5.958319, 49.86655], [5.958528, 49.8665], [5.958551, 49.866505], [5.958746, 49.866497], [5.95896, 49.866486], [5.959112, 49.866486], [5.959253, 49.866474], [5.959318, 49.866478], [5.959272, 49.86629], [5.959341, 49.86626], [5.959578, 49.866264], [5.960173, 49.866238], [5.960421, 49.86628], [5.960692, 49.866287], [5.960752, 49.866253], [5.960814, 49.86622], [5.961039, 49.866127], [5.961153, 49.865955], [5.961752, 49.865818], [5.96187, 49.86574], [5.962431, 49.86573], [5.962835, 49.865696], [5.962835, 49.86571], [5.962915, 49.866196], [5.963228, 49.866158], [5.963713, 49.866074], [5.963858, 49.866035], [5.963869, 49.86611], [5.963892, 49.866276], [5.964209, 49.86662], [5.964193, 49.86655], [5.964189, 49.86648], [5.964197, 49.86643], [5.96422, 49.866367], [5.964266, 49.86628], [5.964315, 49.86619], [5.964361, 49.866123], [5.964441, 49.866024], [5.964552, 49.865906], [5.964762, 49.865707], [5.964872, 49.865604], [5.965189, 49.865078], [5.965246, 49.865047], [5.965273, 49.865025], [5.965273, 49.864994], [5.96525, 49.864956], [5.965212, 49.864925], [5.965151, 49.86489], [5.965269, 49.86468], [5.965437, 49.864277], [5.965597, 49.86397], [5.965639, 49.8639], [5.965708, 49.863754], [5.965773, 49.86364], [5.966028, 49.863262], [5.966105, 49.86317], [5.966158, 49.862965], [5.966238, 49.862823], [5.966444, 49.862556], [5.966684, 49.8623], [5.966768, 49.86234], [5.96689, 49.86215], [5.966906, 49.862083], [5.967047, 49.86159], [5.967146, 49.861336], [5.967215, 49.86108], [5.967176, 49.86107], [5.967264, 49.86097], [5.967531, 49.86081], [5.967695, 49.860714], [5.968046, 49.860577], [5.9681, 49.86056], [5.968592, 49.860424], [5.968801, 49.860367], [5.969118, 49.86027], [5.969461, 49.860172], [5.969656, 49.86013], [5.970015, 49.860073], [5.970213, 49.860054], [5.970419, 49.860043], [5.970606, 49.860046], [5.970793, 49.860065], [5.970972, 49.860107], [5.971163, 49.86015], [5.97146, 49.86019], [5.971659, 49.860245], [5.971888, 49.860317], [5.972193, 49.8604], [5.972799, 49.860516], [5.973074, 49.86056], [5.973204, 49.86058], [5.973364, 49.860603], [5.973638, 49.86064], [5.974516, 49.860767], [5.974581, 49.860718], [5.975134, 49.86092], [5.975054, 49.860844], [5.974997, 49.860706], [5.975271, 49.86048], [5.975641, 49.860287], [5.975866, 49.860134], [5.976042, 49.859936], [5.976286, 49.859688], [5.976374, 49.859505], [5.976473, 49.85918], [5.976503, 49.859016], [5.976549, 49.85886], [5.976355, 49.858833], [5.976286, 49.858826], [5.975924, 49.85878], [5.975935, 49.85864], [5.975966, 49.858463], [5.975996, 49.858337], [5.976011, 49.858223], [5.976122, 49.858036], [5.976229, 49.857895], [5.976236, 49.85788], [5.976282, 49.857822], [5.976301, 49.857758], [5.976374, 49.85763], [5.976389, 49.85761], [5.976431, 49.857487], [5.976618, 49.857327], [5.976652, 49.8573], [5.976747, 49.85724], [5.976889, 49.857166], [5.977056, 49.85708], [5.977369, 49.85686], [5.977388, 49.856846], [5.977514, 49.856743], [5.977659, 49.856586], [5.977724, 49.856453], [5.977735, 49.856426], [5.977877, 49.85613], [5.977907, 49.85606], [5.977999, 49.855762], [5.978018, 49.855648], [5.97806, 49.855434], [5.977961, 49.855328], [5.977804, 49.855186], [5.977766, 49.85517], [5.977503, 49.85512], [5.977201, 49.85511], [5.977449, 49.855003], [5.977831, 49.854836], [5.977846, 49.85483], [5.978167, 49.854736], [5.978331, 49.854652], [5.978476, 49.85458], [5.978758, 49.854465], [5.978846, 49.85446], [5.978937, 49.854397], [5.979055, 49.85431], [5.979143, 49.854134], [5.979219, 49.85399], [5.979269, 49.853893], [5.979319, 49.8538], [5.979452, 49.85358], [5.979471, 49.85355], [5.979616, 49.853374], [5.979689, 49.853313], [5.979868, 49.85319], [5.980055, 49.853092], [5.980188, 49.852997], [5.980303, 49.852917], [5.980406, 49.852833], [5.980639, 49.852695], [5.980879, 49.852634], [5.980925, 49.85264], [5.980967, 49.852623], [5.981066, 49.852585], [5.981092, 49.852577], [5.981153, 49.85257], [5.981237, 49.852554], [5.98131, 49.852528], [5.981375, 49.852493], [5.981443, 49.852444], [5.981466, 49.852444], [5.981695, 49.852413], [5.982149, 49.85266], [5.982695, 49.852962], [5.982576, 49.85284], [5.982523, 49.852764], [5.982477, 49.852676], [5.982466, 49.85263], [5.98247, 49.852596], [5.982492, 49.85255], [5.982515, 49.852524], [5.982565, 49.85247], [5.982664, 49.8524], [5.982992, 49.852173], [5.983221, 49.85201], [5.983191, 49.85199], [5.983622, 49.851734], [5.984003, 49.851475], [5.984209, 49.85132], [5.984312, 49.851234], [5.984442, 49.85112], [5.984644, 49.850937], [5.984838, 49.850685], [5.984846, 49.850662], [5.985071, 49.850407], [5.985235, 49.850193], [5.985273, 49.850124], [5.985292, 49.85012], [5.985342, 49.850136], [5.985708, 49.849766], [5.985956, 49.849445], [5.986029, 49.849323], [5.986036, 49.849304], [5.986074, 49.84924], [5.986139, 49.849133], [5.986155, 49.849106], [5.986216, 49.849003], [5.986246, 49.848946], [5.986292, 49.848877], [5.986338, 49.848804], [5.986372, 49.848763], [5.986479, 49.848625], [5.986498, 49.84853], [5.986509, 49.848484], [5.986517, 49.848442], [5.986544, 49.848354], [5.986601, 49.84824], [5.98678, 49.847973], [5.986756, 49.847917], [5.986712, 49.847813], [5.986753, 49.847813], [5.986818, 49.847816], [5.986921, 49.847782], [5.986917, 49.84773], [5.987089, 49.84744], [5.98712, 49.84737], [5.987127, 49.84731], [5.98712, 49.847256], [5.98712, 49.8472], [5.987146, 49.84707], [5.987196, 49.847015], [5.987257, 49.84697], [5.987295, 49.84692], [5.987314, 49.84687], [5.987307, 49.846844], [5.987303, 49.846817], [5.987165, 49.846664], [5.987146, 49.846306], [5.987246, 49.84606], [5.987284, 49.84567], [5.986654, 49.845623], [5.986631, 49.845623], [5.986612, 49.84528], [5.986593, 49.84528], [5.98625, 49.84529], [5.986265, 49.845444], [5.986197, 49.84577], [5.986109, 49.84588], [5.986025, 49.84593], [5.985979, 49.845936], [5.985937, 49.84594], [5.985853, 49.846046], [5.985811, 49.846115], [5.985781, 49.84618], [5.985746, 49.846184], [5.985468, 49.84619], [5.985392, 49.846195], [5.98522, 49.8462], [5.985212, 49.846188], [5.984987, 49.84592], [5.984697, 49.845985], [5.98461, 49.845753], [5.984617, 49.845676], [5.984606, 49.84565], [5.984484, 49.845665], [5.984354, 49.845676], [5.98424, 49.845684], [5.984083, 49.845676], [5.983988, 49.845665], [5.983885, 49.84565], [5.98377, 49.845623], [5.983633, 49.845585], [5.983465, 49.845524], [5.983454, 49.84554], [5.983137, 49.84565], [5.982984, 49.8457], [5.982698, 49.845783], [5.982485, 49.845833], [5.982244, 49.84588], [5.982092, 49.845905], [5.982206, 49.846138], [5.982122, 49.84616], [5.981867, 49.846165], [5.981577, 49.846165], [5.98131, 49.846153], [5.981066, 49.84614], [5.980612, 49.846115], [5.979738, 49.8462], [5.979002, 49.846245], [5.97891, 49.846252], [5.978838, 49.846256], [5.978773, 49.846264], [5.978701, 49.846138], [5.978025, 49.846287], [5.977983, 49.846294], [5.977835, 49.846336], [5.977629, 49.84639], [5.977583, 49.84641], [5.977468, 49.846455], [5.977434, 49.84647], [5.977129, 49.84661], [5.977068, 49.846634], [5.976866, 49.84669], [5.976789, 49.846714], [5.976683, 49.84675], [5.976538, 49.846794], [5.976423, 49.846813], [5.976404, 49.846817], [5.976343, 49.846825], [5.976244, 49.846825], [5.976198, 49.84683], [5.976118, 49.846836], [5.975889, 49.846874], [5.975485, 49.84698], [5.975317, 49.847054], [5.975103, 49.84712], [5.975031, 49.84713], [5.974958, 49.847145], [5.97476, 49.847164], [5.974581, 49.847168], [5.974329, 49.847164], [5.974222, 49.846916], [5.974028, 49.84651], [5.973967, 49.846413], [5.973803, 49.846184], [5.973684, 49.845844], [5.973585, 49.845497], [5.973578, 49.845478], [5.973371, 49.8455], [5.973162, 49.845512], [5.972429, 49.84551], [5.972074, 49.845516], [5.971804, 49.84552], [5.971499, 49.845527], [5.971289, 49.845116], [5.971212, 49.844807], [5.971132, 49.844517], [5.970858, 49.84406], [5.970751, 49.843918], [5.970423, 49.84346], [5.97019, 49.843147], [5.970224, 49.843067], [5.970327, 49.842834], [5.970526, 49.842705], [5.970652, 49.84264], [5.970781, 49.84259], [5.970808, 49.842583], [5.970923, 49.84255], [5.971155, 49.842495], [5.971407, 49.84238], [5.972101, 49.842113], [5.972235, 49.842045], [5.972525, 49.84189], [5.972769, 49.84175], [5.973204, 49.841496], [5.973196, 49.841396], [5.973356, 49.84124], [5.973391, 49.841232], [5.97333, 49.841164], [5.972918, 49.840694], [5.972727, 49.84048], [5.973253, 49.84008], [5.973597, 49.839825], [5.973715, 49.83975], [5.973734, 49.83974], [5.973581, 49.839592], [5.973471, 49.839478], [5.973429, 49.83944], [5.973917, 49.839226], [5.973978, 49.8392], [5.974642, 49.83891], [5.974817, 49.83883], [5.97489, 49.8388], [5.97497, 49.83876], [5.975046, 49.838696], [5.975088, 49.83864], [5.975126, 49.8385], [5.975435, 49.83817], [5.975599, 49.8381], [5.975969, 49.83806], [5.976297, 49.838036], [5.976538, 49.838135], [5.976553, 49.838078], [5.976572, 49.838], [5.976595, 49.8379], [5.976629, 49.83777], [5.976686, 49.83733], [5.976702, 49.837242], [5.976721, 49.83715], [5.976728, 49.837116], [5.976854, 49.83666], [5.976889, 49.83652], [5.977232, 49.83642], [5.977354, 49.83638], [5.977568, 49.836315], [5.977381, 49.835857], [5.977362, 49.835796], [5.977346, 49.835682], [5.977365, 49.83555], [5.977388, 49.83544], [5.977415, 49.835365], [5.977434, 49.835266], [5.977461, 49.835052], [5.977472, 49.834908], [5.977465, 49.83479], [5.977442, 49.834606], [5.977404, 49.83442], [5.977392, 49.834385], [5.977365, 49.834328], [5.977293, 49.83424], [5.977217, 49.834152], [5.977179, 49.834118], [5.977099, 49.834045], [5.977121, 49.834038], [5.977179, 49.834026], [5.977198, 49.83401], [5.977224, 49.833992], [5.977251, 49.833984], [5.977308, 49.83397], [5.977346, 49.833946], [5.977385, 49.83393], [5.977419, 49.833923], [5.977491, 49.833904], [5.977533, 49.83389], [5.977571, 49.833866], [5.977602, 49.833843], [5.977625, 49.83383], [5.977682, 49.833817], [5.977709, 49.833805], [5.977735, 49.833782], [5.977766, 49.833763], [5.9778, 49.83375], [5.977858, 49.83374], [5.977907, 49.833717], [5.977938, 49.833702], [5.977987, 49.83365], [5.978045, 49.8336], [5.978075, 49.83357], [5.97817, 49.833458], [5.978582, 49.833324], [5.978415, 49.833122], [5.978201, 49.832867], [5.977549, 49.83213], [5.977533, 49.83211], [5.977511, 49.83209], [5.977022, 49.831703], [5.97743, 49.831455], [5.977942, 49.83114], [5.978067, 49.83091], [5.978193, 49.830658], [5.978228, 49.830585], [5.978338, 49.830315], [5.978388, 49.83019], [5.978417, 49.830136], [5.978426, 49.83012], [5.979021, 49.83017], [5.979361, 49.83018], [5.979471, 49.83012], [5.980265, 49.830055], [5.980825, 49.829998], [5.980932, 49.82978], [5.981024, 49.82961], [5.981119, 49.82942], [5.981321, 49.829063], [5.981398, 49.828934], [5.981508, 49.828735], [5.981615, 49.828537], [5.981649, 49.82847], [5.981768, 49.82823], [5.981798, 49.828167], [5.981989, 49.82778], [5.98171, 49.827694], [5.981234, 49.827545], [5.981001, 49.827473], [5.981314, 49.827007], [5.981401, 49.82688], [5.981527, 49.82672], [5.98171, 49.826492], [5.981661, 49.826477], [5.981802, 49.82633], [5.981821, 49.826305], [5.981863, 49.826263], [5.981974, 49.826138], [5.982538, 49.82552], [5.982576, 49.82553], [5.982977, 49.825657], [5.983385, 49.82578], [5.983492, 49.82581], [5.983664, 49.825855], [5.983877, 49.825905], [5.983889, 49.825905], [5.983767, 49.82564], [5.983625, 49.82529], [5.983641, 49.825264], [5.983786, 49.825077], [5.983835, 49.825016], [5.983934, 49.824883], [5.984037, 49.824757], [5.984198, 49.824543], [5.984335, 49.824368], [5.984602, 49.82403], [5.984621, 49.82401], [5.984201, 49.823772], [5.98411, 49.823723], [5.98403, 49.823685], [5.983957, 49.823654], [5.983847, 49.823612], [5.983538, 49.82349], [5.983305, 49.823387], [5.983114, 49.8233], [5.982943, 49.823204], [5.98282, 49.823128], [5.98271, 49.823048], [5.982611, 49.82297], [5.982409, 49.822796], [5.982122, 49.82249], [5.982073, 49.82244], [5.982019, 49.822388], [5.981806, 49.822205], [5.981585, 49.822033], [5.981375, 49.821873], [5.98189, 49.82162], [5.981726, 49.821438], [5.981699, 49.821404], [5.981638, 49.82134], [5.981585, 49.821274], [5.981401, 49.82108], [5.981226, 49.820873], [5.981047, 49.820663], [5.981001, 49.820633], [5.980921, 49.820587], [5.980822, 49.820538], [5.980612, 49.820446], [5.980429, 49.820374], [5.98012, 49.82028], [5.979734, 49.82016], [5.979715, 49.820145], [5.979277, 49.819813], [5.979948, 49.819412], [5.980269, 49.819214], [5.980631, 49.81901], [5.980967, 49.81882], [5.981253, 49.81865], [5.981665, 49.818398], [5.982206, 49.818047], [5.981947, 49.81792], [5.98179, 49.81785], [5.981684, 49.81779], [5.98163, 49.817757], [5.981592, 49.817734], [5.981646, 49.817696], [5.981687, 49.817665], [5.981893, 49.817505], [5.982199, 49.817295], [5.982569, 49.81702], [5.983255, 49.817368], [5.983431, 49.81726], [5.984152, 49.816807], [5.984186, 49.81678], [5.984255, 49.81682], [5.984617, 49.81702], [5.984667, 49.81704], [5.985033, 49.817245], [5.985323, 49.817146], [5.985468, 49.8171], [5.985708, 49.81702], [5.985785, 49.816994], [5.985952, 49.816944], [5.986193, 49.817192], [5.986284, 49.817245], [5.986605, 49.817375], [5.986971, 49.817543], [5.987143, 49.817574], [5.987719, 49.817642], [5.988253, 49.81771], [5.988604, 49.817802], [5.98929, 49.817986], [5.989515, 49.81807], [5.990023, 49.81828], [5.990377, 49.81828], [5.990423, 49.81825], [5.991133, 49.818268], [5.991274, 49.818275], [5.991354, 49.818287], [5.99148, 49.81831], [5.991594, 49.818314], [5.992029, 49.81832], [5.992365, 49.81833], [5.99301, 49.81833], [5.99349, 49.818336], [5.994158, 49.81835], [5.994593, 49.818367], [5.994696, 49.81838], [5.994993, 49.81839], [5.995256, 49.818405], [5.995672, 49.818424], [5.995707, 49.818428], [5.995947, 49.818443], [5.996, 49.818443], [5.996073, 49.81845], [5.996225, 49.818462], [5.996508, 49.81849], [5.996641, 49.8185], [5.996771, 49.818512], [5.997076, 49.81855], [5.997164, 49.818558], [5.997518, 49.8186], [5.997622, 49.81861], [5.997965, 49.818657], [5.998064, 49.818665], [5.998125, 49.818672], [5.99822, 49.818684], [5.998335, 49.818695], [5.998426, 49.8187], [5.998568, 49.81871], [5.998613, 49.81871], [5.999067, 49.818737], [5.999769, 49.81878], [5.999968, 49.818775], [6.000258, 49.818775], [6.000669, 49.818787], [6.000746, 49.818787], [6.000566, 49.819], [6.000509, 49.819077], [6.000471, 49.81914], [6.00046, 49.81916], [6.000452, 49.819187], [6.000452, 49.819206], [6.00046, 49.819244], [6.000464, 49.819313], [6.00046, 49.819454], [6.00041, 49.819542], [6.000898, 49.819683], [6.001314, 49.819805], [6.001867, 49.81996], [6.002077, 49.820026], [6.002211, 49.82007], [6.00231, 49.8201], [6.00242, 49.820145], [6.002508, 49.820183], [6.00268, 49.820267], [6.002817, 49.820335], [6.002871, 49.820366], [6.002928, 49.82041], [6.00305, 49.820526], [6.003218, 49.820694], [6.003305, 49.820778], [6.003435, 49.820904], [6.003595, 49.821053], [6.003691, 49.821133], [6.003752, 49.821182], [6.003771, 49.821198], [6.003901, 49.82129], [6.004282, 49.82147], [6.004488, 49.821568], [6.005129, 49.821724], [6.005735, 49.821896], [6.005491, 49.82202], [6.005499, 49.822193], [6.005522, 49.82228], [6.00556, 49.82238], [6.005632, 49.822536], [6.00567, 49.822613], [6.005701, 49.822662], [6.005808, 49.82281], [6.005835, 49.822845], [6.005846, 49.822865], [6.005873, 49.822903], [6.005922, 49.822884], [6.005968, 49.822872], [6.006006, 49.82287], [6.006082, 49.822857], [6.006117, 49.822857], [6.006163, 49.82287], [6.006197, 49.82287], [6.00625, 49.822865], [6.006296, 49.822865], [6.00635, 49.822884], [6.006456, 49.822906], [6.006491, 49.822906], [6.006544, 49.822903], [6.006586, 49.8229], [6.006636, 49.8229], [6.006678, 49.822903], [6.006712, 49.822903], [6.006746, 49.82289], [6.006788, 49.822895], [6.00688, 49.822903], [6.006933, 49.822906], [6.006956, 49.822903], [6.006975, 49.822895], [6.006998, 49.822887], [6.007036, 49.822884], [6.007067, 49.82289], [6.007116, 49.822906], [6.007155, 49.822914], [6.007189, 49.822918], [6.007223, 49.822914], [6.007338, 49.822906], [6.007391, 49.822914], [6.007471, 49.822914], [6.007513, 49.82292], [6.007547, 49.822926], [6.007624, 49.82292], [6.007685, 49.82294], [6.007784, 49.82294], [6.008364, 49.822933], [6.00839, 49.822918], [6.008406, 49.822903], [6.008436, 49.82289], [6.00847, 49.822884], [6.008501, 49.82287], [6.008528, 49.822845], [6.008543, 49.822838], [6.008558, 49.82283], [6.008585, 49.822826], [6.008616, 49.82282], [6.008646, 49.822823], [6.008692, 49.82283], [6.008745, 49.822845], [6.008764, 49.822857], [6.008787, 49.822853], [6.008818, 49.822865], [6.008879, 49.822914], [6.008905, 49.822926], [6.008936, 49.822937], [6.008966, 49.82294], [6.009001, 49.82295], [6.009028, 49.822952], [6.00905, 49.822952], [6.009066, 49.82295], [6.009111, 49.82295], [6.009134, 49.82294], [6.009146, 49.82293], [6.009161, 49.82293], [6.009199, 49.822933], [6.009226, 49.82293], [6.009264, 49.822914], [6.009287, 49.822914], [6.009314, 49.822926], [6.009352, 49.82293], [6.009375, 49.82293], [6.00939, 49.822918], [6.009417, 49.822895], [6.009436, 49.822884], [6.009455, 49.82288], [6.009478, 49.822884], [6.009516, 49.822887], [6.009569, 49.822884], [6.00963, 49.822884], [6.009657, 49.822895], [6.00968, 49.82291], [6.009714, 49.822952], [6.009775, 49.822983], [6.009951, 49.823006], [6.009981, 49.822956], [6.010241, 49.823], [6.010538, 49.823067], [6.010725, 49.823116], [6.010771, 49.823135], [6.011297, 49.823326], [6.011328, 49.82334], [6.011698, 49.823563], [6.011713, 49.823574], [6.012003, 49.823746], [6.01203, 49.823765], [6.012716, 49.824173], [6.013002, 49.82434], [6.013262, 49.824493], [6.013331, 49.824528], [6.013582, 49.82463], [6.013998, 49.824806], [6.014234, 49.824905], [6.014357, 49.824814], [6.014555, 49.824944], [6.014643, 49.825], [6.014963, 49.82523], [6.015249, 49.825447], [6.015509, 49.825558], [6.016104, 49.82567], [6.016211, 49.825695], [6.016451, 49.825745], [6.016558, 49.825768], [6.016748, 49.825806], [6.016867, 49.825825], [6.017439, 49.825863], [6.017885, 49.825905], [6.018236, 49.8264], [6.01832, 49.826523], [6.018526, 49.82684], [6.018461, 49.827076], [6.019117, 49.82708], [6.019751, 49.827065], [6.02006, 49.827057], [6.020597, 49.827045], [6.020876, 49.82704], [6.021948, 49.827118], [6.023176, 49.826942], [6.023519, 49.826366], [6.023867, 49.825787], [6.024065, 49.825443], [6.024176, 49.825264], [6.024744, 49.825676], [6.025061, 49.825897], [6.025339, 49.82611], [6.02556, 49.82629], [6.025835, 49.826515], [6.025854, 49.82653], [6.026106, 49.82643], [6.026274, 49.826344], [6.026483, 49.826214], [6.026926, 49.825905], [6.027002, 49.825874], [6.027868, 49.825703], [6.028723, 49.825542], [6.028833, 49.82556], [6.029974, 49.825344], [6.030039, 49.8254], [6.030558, 49.825836], [6.030348, 49.82621], [6.030092, 49.826485], [6.029882, 49.82669], [6.029738, 49.826828], [6.029631, 49.82697], [6.029543, 49.827084], [6.029489, 49.827156], [6.029478, 49.82717], [6.02944, 49.82722], [6.02936, 49.827316], [6.029283, 49.82738], [6.029196, 49.827446], [6.029051, 49.82758], [6.028662, 49.827953], [6.028494, 49.82813], [6.028307, 49.828323], [6.028112, 49.828552], [6.027868, 49.828827], [6.027693, 49.829006], [6.027533, 49.82915], [6.027227, 49.829407], [6.027098, 49.829517], [6.026937, 49.82979], [6.026754, 49.83009], [6.026751, 49.8301], [6.026926, 49.83013], [6.027166, 49.83018], [6.02804, 49.83036], [6.0282, 49.83039], [6.029764, 49.83069], [6.030184, 49.83076], [6.030363, 49.8308], [6.031019, 49.830956], [6.031488, 49.831074], [6.031847, 49.831154], [6.032358, 49.831257], [6.032629, 49.83131], [6.033091, 49.831398], [6.033415, 49.83145], [6.033865, 49.831512], [6.034391, 49.83157], [6.034052, 49.83065], [6.03393, 49.830364], [6.033915, 49.83024], [6.033854, 49.829792], [6.033835, 49.82969], [6.033831, 49.82957], [6.033854, 49.829285], [6.03377, 49.828922], [6.033747, 49.82863], [6.033579, 49.828403], [6.033487, 49.828156], [6.033369, 49.827824], [6.033079, 49.827225], [6.033117, 49.82654], [6.033129, 49.826458], [6.033285, 49.8261], [6.033983, 49.82635], [6.034395, 49.826103], [6.034895, 49.825806], [6.035116, 49.825676], [6.035223, 49.825615], [6.03591, 49.82522], [6.036482, 49.82489], [6.036661, 49.824783], [6.036959, 49.824615], [6.037115, 49.82453], [6.037203, 49.824486], [6.037493, 49.82459], [6.037714, 49.824665], [6.03789, 49.824764], [6.038199, 49.82493], [6.038412, 49.82504], [6.038721, 49.825203], [6.039091, 49.825397], [6.039473, 49.8256], [6.04035, 49.82609], [6.040777, 49.825466], [6.040998, 49.8247], [6.041159, 49.824158], [6.041124, 49.824066], [6.041101, 49.823997], [6.04104, 49.823772], [6.040983, 49.823586], [6.040972, 49.823544], [6.040766, 49.822823], [6.040007, 49.822723], [6.039103, 49.822594], [6.038954, 49.822567], [6.038851, 49.822544], [6.038027, 49.822388], [6.037645, 49.822304], [6.037287, 49.82222], [6.037119, 49.822178], [6.036863, 49.82212], [6.036478, 49.82203], [6.03591, 49.821796], [6.03541, 49.821526], [6.035284, 49.821438], [6.035181, 49.82137], [6.035021, 49.821274], [6.034784, 49.8211], [6.03454, 49.82094], [6.033724, 49.820526], [6.033079, 49.820213], [6.032778, 49.82004], [6.032263, 49.81974], [6.032145, 49.81929], [6.03211, 49.819168], [6.032061, 49.818962], [6.032049, 49.818924], [6.032026, 49.81881], [6.031988, 49.81858], [6.031927, 49.818222], [6.031885, 49.818207], [6.031748, 49.81742], [6.031755, 49.817326], [6.031599, 49.816902], [6.031256, 49.816345], [6.030939, 49.815834], [6.030626, 49.815315], [6.030554, 49.815193], [6.030477, 49.815056], [6.030214, 49.814606], [6.030062, 49.81436], [6.029776, 49.81391], [6.029516, 49.81364], [6.029379, 49.813507], [6.029238, 49.813343], [6.029036, 49.813137], [6.028933, 49.81304], [6.028597, 49.8127], [6.028547, 49.812355], [6.028593, 49.81227], [6.028665, 49.812157], [6.028768, 49.811947], [6.028872, 49.81157], [6.028772, 49.811455], [6.02841, 49.811047], [6.028204, 49.81076], [6.027918, 49.810364], [6.028009, 49.810173], [6.02833, 49.809666], [6.028345, 49.80964], [6.028646, 49.80953], [6.029223, 49.809315], [6.030043, 49.80912], [6.030146, 49.809074], [6.030592, 49.80887], [6.029947, 49.808197], [6.030008, 49.808167], [6.030138, 49.808067], [6.030436, 49.807835], [6.030508, 49.807774], [6.030603, 49.807697], [6.030996, 49.807514], [6.031069, 49.807484], [6.031393, 49.807327], [6.031447, 49.8073], [6.031568, 49.80724], [6.031664, 49.8072], [6.032469, 49.80682], [6.033125, 49.806522], [6.033247, 49.80647], [6.033567, 49.806324], [6.034143, 49.806053], [6.034479, 49.8059], [6.034731, 49.805782], [6.035582, 49.80538], [6.035837, 49.805264], [6.036741, 49.80484], [6.036901, 49.804768], [6.036917, 49.804756], [6.037062, 49.804676], [6.037893, 49.80417], [6.037905, 49.80416], [6.038572, 49.80377], [6.038168, 49.803722], [6.037542, 49.803654], [6.037382, 49.803635], [6.036806, 49.803585], [6.035933, 49.803513], [6.035105, 49.80344], [6.035063, 49.80344], [6.034594, 49.803284], [6.033716, 49.802994], [6.033457, 49.802864], [6.033304, 49.80279], [6.033045, 49.802685], [6.032801, 49.802597], [6.032549, 49.802517], [6.032457, 49.80249], [6.031969, 49.80234], [6.031828, 49.80229], [6.03171, 49.802258], [6.031282, 49.802105], [6.031107, 49.80204], [6.030989, 49.802002], [6.030691, 49.801895], [6.030336, 49.801773], [6.030188, 49.80172], [6.029844, 49.801582], [6.029108, 49.80128], [6.028795, 49.800877], [6.028746, 49.800793], [6.028708, 49.80079], [6.028677, 49.80078], [6.02865, 49.80077], [6.028597, 49.80076], [6.02854, 49.800747], [6.02849, 49.800747], [6.028452, 49.80074], [6.028376, 49.80072], [6.028284, 49.8007], [6.028208, 49.800682], [6.028143, 49.800674], [6.028063, 49.800674], [6.028017, 49.80068], [6.027983, 49.800674], [6.027777, 49.800636], [6.02767, 49.800625], [6.02759, 49.80061], [6.027494, 49.800602], [6.027437, 49.8006], [6.027391, 49.8006], [6.027357, 49.800594], [6.02733, 49.800583], [6.027304, 49.80057], [6.027277, 49.80056], [6.02725, 49.800556], [6.027204, 49.80055], [6.02717, 49.80055], [6.027124, 49.800545], [6.027082, 49.800533], [6.027002, 49.800507], [6.026819, 49.80055], [6.026716, 49.800507], [6.026636, 49.800495], [6.026625, 49.800488], [6.026575, 49.800446], [6.026396, 49.80048], [6.026354, 49.800453], [6.026339, 49.800446], [6.025915, 49.800156], [6.025854, 49.79996], [6.025847, 49.799934], [6.025526, 49.80002], [6.025476, 49.800003], [6.024988, 49.799877], [6.024569, 49.799778], [6.024286, 49.799713], [6.024126, 49.79968], [6.023828, 49.799606], [6.023371, 49.79949], [6.022844, 49.799328], [6.022661, 49.79927], [6.022333, 49.799168], [6.021917, 49.79905], [6.021761, 49.799015], [6.021315, 49.7989], [6.02112, 49.798855], [6.021028, 49.79883], [6.020414, 49.79867], [6.019983, 49.798576], [6.019503, 49.798466], [6.01972, 49.797897], [6.019941, 49.797653], [6.020361, 49.797207], [6.020578, 49.796967], [6.0207, 49.796818], [6.020632, 49.79679], [6.020563, 49.796764], [6.020502, 49.796745], [6.020449, 49.796734], [6.020361, 49.79671], [6.020323, 49.796703], [6.020285, 49.796688], [6.020239, 49.796665], [6.020136, 49.79662], [6.020021, 49.796577], [6.019873, 49.796535], [6.019781, 49.796513], [6.019705, 49.796486], [6.019671, 49.796467], [6.019606, 49.79644], [6.019323, 49.796356], [6.019186, 49.796314], [6.019083, 49.796288], [6.018988, 49.796265], [6.018843, 49.79624], [6.018744, 49.79622], [6.018686, 49.79621], [6.018614, 49.796207], [6.018545, 49.796192], [6.018446, 49.79616], [6.0184, 49.79615], [6.018347, 49.79614], [6.018286, 49.79613], [6.018232, 49.796112], [6.018171, 49.796093], [6.018099, 49.79608], [6.018026, 49.79607], [6.0179, 49.796036], [6.017851, 49.796024], [6.017775, 49.796013], [6.017668, 49.795986], [6.017588, 49.795967], [6.017504, 49.795956], [6.017279, 49.795925], [6.016981, 49.79585], [6.016768, 49.79582], [6.016687, 49.795807], [6.016546, 49.7958], [6.01642, 49.795776], [6.016317, 49.795757], [6.016253, 49.795734], [6.016153, 49.79568], [6.016096, 49.79566], [6.015986, 49.79563], [6.015917, 49.795597], [6.015886, 49.795586], [6.015791, 49.795563], [6.01568, 49.795532], [6.015631, 49.795525], [6.015501, 49.79551], [6.015425, 49.795498], [6.015345, 49.795475], [6.015226, 49.79544], [6.015257, 49.79533], [6.015268, 49.7953], [6.015345, 49.79505], [6.01536, 49.79499], [6.015448, 49.794636], [6.015543, 49.794132], [6.015551, 49.794083], [6.015589, 49.793743], [6.015593, 49.793625], [6.015535, 49.793365], [6.015467, 49.79308], [6.015337, 49.792664], [6.015234, 49.79248], [6.01515, 49.79235], [6.014864, 49.791924], [6.014811, 49.791843], [6.014689, 49.791668], [6.014532, 49.791435], [6.014536, 49.7913], [6.014536, 49.79114], [6.01454, 49.79095], [6.013994, 49.790752], [6.013239, 49.79047], [6.012609, 49.79024], [6.013029, 49.789753], [6.01314, 49.789627], [6.013304, 49.789417], [6.013445, 49.789154], [6.013502, 49.788994], [6.01354, 49.788868], [6.013575, 49.788696], [6.013582, 49.78851], [6.013582, 49.788334], [6.013578, 49.78816], [6.013567, 49.787983], [6.013285, 49.787983], [6.013262, 49.78798], [6.013266, 49.787914], [6.013262, 49.787827], [6.013258, 49.787766], [6.01325, 49.787724], [6.013201, 49.78768], [6.013155, 49.787655], [6.013124, 49.78762], [6.013117, 49.787598], [6.01314, 49.78753], [6.013151, 49.787502], [6.013159, 49.787476], [6.013159, 49.787445], [6.013155, 49.78738], [6.013151, 49.78736], [6.013159, 49.78733], [6.01317, 49.787308], [6.013201, 49.78727], [6.013281, 49.787163], [6.0133, 49.787148], [6.013311, 49.78714], [6.013334, 49.78713], [6.013376, 49.78711], [6.013407, 49.78709], [6.013433, 49.78708], [6.01346, 49.787075], [6.013483, 49.787075], [6.013517, 49.78708], [6.01354, 49.78708], [6.013563, 49.787075], [6.013586, 49.78706], [6.013598, 49.787037], [6.013605, 49.787003], [6.013605, 49.786983], [6.013609, 49.78697], [6.013594, 49.78696], [6.013536, 49.786926], [6.013262, 49.78697], [6.013143, 49.786983], [6.012968, 49.786995], [6.012835, 49.786995], [6.012739, 49.786987], [6.012304, 49.786926], [6.012056, 49.786907], [6.011824, 49.78688], [6.011686, 49.78687], [6.01148, 49.786858], [6.011141, 49.786835], [6.011076, 49.786793], [6.010965, 49.786736], [6.010481, 49.78681], [6.01037, 49.78679], [6.010279, 49.78678], [6.01008, 49.786774], [6.009878, 49.786777], [6.009638, 49.786804], [6.009279, 49.78685], [6.009138, 49.786877], [6.008955, 49.786922], [6.008711, 49.786995], [6.008589, 49.787025], [6.008444, 49.78705], [6.008154, 49.78709], [6.008104, 49.7871], [6.008024, 49.78713], [6.00794, 49.787163], [6.007765, 49.78725], [6.00773, 49.78727], [6.007677, 49.787296], [6.007563, 49.787304], [6.007448, 49.78731], [6.006445, 49.78739], [6.006395, 49.78738], [6.006025, 49.787285], [6.005949, 49.78727], [6.005674, 49.7872], [6.005613, 49.787186], [6.005358, 49.78712], [6.005217, 49.787086], [6.004, 49.786808], [6.003138, 49.7866], [6.002531, 49.78636], [6.002134, 49.786213], [6.001486, 49.785965], [6.001436, 49.785942], [6.001585, 49.78572], [6.001825, 49.785408], [6.001791, 49.78539], [6.00152, 49.785225], [6.00107, 49.78495], [6.00057, 49.78465], [5.999941, 49.78426], [5.999784, 49.784164], [5.999613, 49.784065], [5.999521, 49.78402], [5.99925, 49.7839], [5.998907, 49.78375], [5.998865, 49.78373], [5.99851, 49.783573], [5.999006, 49.78271], [5.998587, 49.782448], [5.998293, 49.782257], [5.998068, 49.782112], [5.997915, 49.782017], [5.997721, 49.78189], [5.997694, 49.78187], [5.997969, 49.781715], [5.998442, 49.78145], [5.999067, 49.781094], [5.999048, 49.781082], [5.998781, 49.78095], [5.998503, 49.78081], [5.998255, 49.78069], [5.998636, 49.780365], [5.999258, 49.779785], [5.999277, 49.779766], [5.999243, 49.77975], [5.99917, 49.77972], [5.999029, 49.779663], [5.999079, 49.779613], [5.999132, 49.779556], [5.999144, 49.779545], [5.999403, 49.779266], [5.99954, 49.779125], [5.999716, 49.778942], [6.000193, 49.77854], [6.000299, 49.778423], [6.000345, 49.778297], [6.000349, 49.77816], [6.00041, 49.777924], [6.000608, 49.77744], [6.000734, 49.77716], [6.000822, 49.776703], [6.000387, 49.776424], [6.000074, 49.776226], [5.999807, 49.775986], [5.999613, 49.77581], [5.999289, 49.775524], [5.998873, 49.77516], [5.998743, 49.775047], [5.998964, 49.775063], [5.999212, 49.775078], [5.999952, 49.775127], [5.999975, 49.774864], [6.000006, 49.774487], [6.000006, 49.774445], [6.001585, 49.774464], [6.001589, 49.774437], [6.001654, 49.774433], [6.001619, 49.774353], [6.001581, 49.774254], [6.001493, 49.77404], [6.001391, 49.773785], [6.002062, 49.773666], [6.00239, 49.77359], [6.002794, 49.773476], [6.003088, 49.773384], [6.002947, 49.773205], [6.002829, 49.773064], [6.002775, 49.77305], [6.002752, 49.77302], [6.002668, 49.77303], [6.002577, 49.77302], [6.002501, 49.773003], [6.002386, 49.772957], [6.002245, 49.772873], [6.002066, 49.77281], [6.001844, 49.772766], [6.001585, 49.772736], [6.001307, 49.77271], [6.001032, 49.772617], [6.000784, 49.77253], [6.000677, 49.7725], [6.00062, 49.77249], [6.000475, 49.772488], [6.000311, 49.772503], [6.000193, 49.7725], [6.000013, 49.772446], [5.999849, 49.772346], [5.999796, 49.77224], [5.999769, 49.77213], [5.999723, 49.77205], [5.99967, 49.772003], [5.999502, 49.77192], [5.999342, 49.771862], [5.999224, 49.771828], [5.999186, 49.771797], [5.999136, 49.771717], [5.999064, 49.771667], [5.9989, 49.771626], [5.998758, 49.77161], [5.998617, 49.771633], [5.998495, 49.771687], [5.998213, 49.771828], [5.99811, 49.77186], [5.998014, 49.771835], [5.997919, 49.771793], [5.997835, 49.77173], [5.997663, 49.771503], [5.997534, 49.771286], [5.99748, 49.7711], [5.997461, 49.77095], [5.997446, 49.770714], [5.997423, 49.770634], [5.99729, 49.770527], [5.99711, 49.77037], [5.996969, 49.770294], [5.996828, 49.770267], [5.996664, 49.770256], [5.99645, 49.770275], [5.996016, 49.770317], [5.996084, 49.77025], [5.997004, 49.7693], [5.997175, 49.769127], [5.996916, 49.768925], [5.996859, 49.768887], [5.996881, 49.768867], [5.997045, 49.768738], [5.997213, 49.76861], [5.997316, 49.768528], [5.997225, 49.768486], [5.997042, 49.768406], [5.996927, 49.768337], [5.996874, 49.768295], [5.996855, 49.768272], [5.996836, 49.768234], [5.996836, 49.768192], [5.996885, 49.76801], [5.996908, 49.767937], [5.996984, 49.767715], [5.99711, 49.767292], [5.997175, 49.76701], [5.997312, 49.76639], [5.99737, 49.766155], [5.997515, 49.765663], [5.997564, 49.765526], [5.997652, 49.765316], [5.997728, 49.765152], [5.997923, 49.764755], [5.998014, 49.76459], [5.998114, 49.764435], [5.998289, 49.764412], [5.998503, 49.76439], [5.998613, 49.764378], [5.99864, 49.76433], [5.998678, 49.764244], [5.999109, 49.763298], [5.999815, 49.76189], [5.999308, 49.761784], [5.999227, 49.761765], [5.998659, 49.761612], [5.998091, 49.761448], [5.997995, 49.761417], [5.997385, 49.761242], [5.996897, 49.7611], [5.996504, 49.760983], [5.996, 49.760803], [5.995794, 49.76071], [5.995462, 49.760536], [5.995733, 49.760246], [5.995863, 49.76011], [5.996088, 49.759865], [5.996164, 49.759842], [5.996111, 49.759804], [5.995462, 49.759407], [5.994394, 49.758728], [5.99365, 49.758236], [5.993593, 49.758183], [5.993578, 49.758125], [5.993586, 49.757915], [5.993551, 49.75774], [5.993483, 49.757614], [5.993334, 49.757362], [5.993174, 49.75711], [5.993082, 49.75697], [5.992983, 49.756878], [5.99283, 49.75677], [5.992521, 49.75662], [5.991968, 49.756348], [5.991472, 49.756096], [5.991125, 49.7559], [5.990828, 49.75573], [5.990591, 49.75558], [5.990225, 49.755295], [5.989809, 49.75498], [5.989744, 49.754948], [5.989592, 49.754917], [5.989206, 49.754845], [5.988779, 49.754772], [5.988428, 49.75472], [5.988077, 49.754684], [5.987966, 49.754627], [5.987955, 49.75435], [5.988954, 49.754158], [5.989042, 49.75414], [5.989687, 49.754017], [5.989233, 49.7536], [5.989134, 49.75348], [5.989088, 49.75341], [5.989065, 49.75336], [5.989054, 49.75333], [5.989023, 49.753235], [5.988996, 49.753117], [5.988974, 49.75296], [5.98897, 49.7528], [5.988993, 49.75264], [5.989004, 49.752472], [5.988375, 49.752174], [5.988691, 49.751938], [5.988867, 49.751804], [5.988913, 49.751762], [5.989073, 49.75136], [5.989164, 49.751057], [5.989244, 49.750824], [5.989412, 49.75033], [5.988886, 49.750275], [5.988932, 49.75019], [5.988985, 49.75008], [5.989069, 49.749958], [5.98916, 49.749817], [5.989057, 49.749794], [5.988401, 49.749645], [5.987665, 49.749447], [5.987421, 49.74937], [5.987028, 49.74923], [5.987017, 49.74922], [5.986815, 49.749123], [5.986486, 49.748943], [5.985933, 49.74861], [5.986143, 49.748466], [5.986376, 49.74831], [5.986532, 49.748203], [5.986914, 49.74794], [5.98704, 49.747852], [5.98744, 49.747578], [5.987635, 49.747444], [5.987825, 49.74731], [5.987848, 49.74729], [5.98797, 49.74718], [5.988165, 49.74701], [5.988394, 49.746838], [5.988481, 49.746765], [5.988546, 49.74669], [5.988646, 49.74657], [5.988798, 49.746365], [5.988897, 49.74624], [5.989141, 49.74593], [5.989252, 49.745792], [5.989363, 49.745655], [5.989534, 49.745438], [5.989573, 49.745384], [5.989607, 49.745342], [5.98966, 49.745266], [5.989763, 49.74513], [5.989782, 49.745102], [5.989843, 49.74502], [5.989916, 49.74492], [5.989935, 49.744896], [5.990103, 49.744667], [5.990858, 49.744957], [5.990988, 49.74482], [5.990999, 49.74481], [5.990232, 49.74447], [5.989729, 49.744236], [5.988642, 49.743744], [5.988226, 49.74356], [5.987635, 49.74329], [5.987013, 49.743008], [5.987028, 49.742996], [5.987959, 49.742508], [5.988115, 49.742424], [5.988157, 49.742397], [5.988317, 49.742313], [5.988638, 49.7421], [5.988871, 49.74194], [5.988596, 49.74182], [5.988829, 49.74135], [5.988874, 49.74126], [5.98892, 49.741165], [5.989611, 49.74147], [5.989721, 49.74152], [5.990534, 49.741882], [5.990541, 49.74187], [5.990637, 49.74174], [5.99066, 49.741703], [5.99135, 49.741978], [5.99164, 49.742073], [5.991907, 49.742146], [5.992273, 49.74222], [5.99264, 49.74229], [5.9928, 49.74232], [5.992815, 49.742306], [5.992842, 49.74228], [5.992918, 49.742203], [5.992933, 49.742184], [5.993002, 49.742115], [5.993097, 49.742023], [5.993227, 49.742092], [5.993261, 49.742107], [5.993463, 49.742214], [5.993708, 49.742344], [5.99399, 49.742077], [5.99449, 49.741608], [5.994867, 49.741222], [5.995165, 49.740925], [5.995432, 49.74101], [5.995459, 49.74102], [5.995607, 49.741066], [5.995771, 49.741123], [5.996107, 49.741234], [5.996286, 49.74129], [5.996477, 49.741356], [5.996676, 49.74142], [5.996836, 49.741474], [5.996992, 49.741524], [5.997103, 49.74156], [5.997206, 49.741596], [5.997415, 49.741665], [5.997637, 49.741737], [5.997747, 49.74177], [5.997507, 49.742115], [5.997366, 49.742287], [5.997259, 49.742393], [5.997374, 49.742443], [5.997454, 49.742474], [5.997465, 49.74248], [5.997576, 49.742523], [5.99774, 49.74259], [5.997759, 49.742577], [5.998171, 49.74222], [5.998365, 49.742043], [5.998514, 49.741894], [5.998587, 49.74181], [5.998712, 49.74165], [5.998938, 49.741383], [5.999155, 49.741116], [5.999426, 49.740788], [5.999594, 49.74062], [5.999823, 49.74042], [6.000036, 49.74026], [6.000162, 49.740173], [6.000238, 49.740124], [6.000612, 49.739727], [6.000906, 49.739403], [6.000956, 49.73934], [6.001566, 49.738552], [6.001993, 49.73796], [6.002005, 49.737934], [6.002218, 49.73792], [6.00255, 49.737877], [6.003012, 49.7378], [6.003191, 49.737762], [6.003427, 49.7377], [6.003672, 49.737625], [6.004114, 49.73749], [6.004664, 49.737324], [6.004713, 49.737293], [6.004801, 49.73721], [6.004896, 49.737103], [6.004992, 49.737026], [6.005033, 49.737007], [6.005144, 49.73697], [6.005262, 49.736935], [6.005461, 49.736897], [6.005598, 49.736874], [6.00577, 49.73686], [6.005922, 49.736847], [6.00635, 49.736828], [6.006845, 49.736816], [6.006864, 49.736782], [6.006918, 49.736626], [6.006964, 49.736504], [6.006983, 49.73644], [6.006998, 49.736404], [6.007044, 49.736275], [6.0068, 49.7363], [6.00664, 49.735878], [6.006617, 49.735813], [6.006575, 49.735706], [6.006617, 49.735577], [6.006605, 49.73556], [6.005785, 49.735405], [6.005552, 49.73536], [6.005209, 49.735283], [6.004904, 49.7352], [6.004618, 49.735104], [6.004335, 49.734993], [6.004164, 49.73493], [6.004011, 49.73487], [6.003668, 49.73476], [6.003164, 49.73462], [6.001631, 49.734207], [6.001006, 49.734031], [6.001017, 49.73401], [6.001085, 49.733913], [6.001169, 49.7338], [6.001226, 49.733727], [6.00123, 49.733715], [6.001261, 49.73368], [6.001516, 49.73333], [6.001718, 49.73305], [6.001863, 49.73309], [6.002008, 49.733128], [6.002688, 49.732582], [6.002798, 49.73248], [6.002863, 49.732414], [6.003084, 49.73212], [6.003168, 49.732006], [6.003248, 49.731842], [6.003294, 49.73171], [6.003317, 49.731503], [6.003328, 49.731415], [6.003321, 49.731358], [6.004877, 49.73115], [6.004755, 49.730793], [6.004705, 49.730656], [6.00469, 49.730618], [6.004656, 49.730515], [6.004644, 49.730488], [6.004595, 49.73035], [6.004446, 49.730015], [6.004423, 49.729965], [6.004351, 49.72979], [6.004332, 49.729748], [6.004274, 49.729607], [6.004259, 49.729576], [6.004217, 49.72947], [6.00419, 49.72941], [6.004126, 49.729244], [6.004015, 49.728977], [6.003984, 49.728912], [6.003973, 49.72888], [6.003946, 49.72882], [6.003809, 49.728516], [6.003813, 49.728447], [6.003824, 49.727955], [6.0044, 49.727722], [6.004538, 49.72767], [6.004793, 49.72749], [6.004976, 49.72738], [6.00524, 49.72722], [6.005011, 49.727047], [6.00498, 49.727036], [6.004885, 49.72701], [6.004782, 49.72698], [6.004686, 49.726948], [6.004587, 49.726917], [6.004347, 49.72684], [6.00416, 49.726784], [6.004099, 49.72677], [6.004129, 49.726727], [6.004465, 49.726322], [6.004717, 49.72599], [6.004934, 49.72569], [6.005056, 49.725525], [6.005213, 49.72529], [6.004896, 49.725193], [6.004747, 49.72515], [6.004599, 49.725105], [6.004404, 49.725048], [6.004175, 49.72498], [6.00395, 49.72491], [6.003859, 49.724884], [6.00345, 49.72476], [6.003382, 49.72474], [6.003469, 49.724575], [6.002688, 49.724327], [6.002542, 49.72428], [6.002073, 49.724133], [6.001852, 49.72406], [6.002153, 49.723747], [6.002585, 49.723274], [6.003057, 49.722736], [6.002909, 49.722687], [6.003279, 49.722168], [6.003569, 49.72176], [6.00358, 49.721737], [6.00342, 49.72172], [6.003061, 49.721695], [6.002852, 49.721664], [6.002436, 49.721573], [6.001539, 49.721344], [6.000727, 49.721127], [5.999498, 49.720875], [5.997679, 49.720474], [5.995844, 49.719986], [5.994326, 49.719597], [5.993074, 49.7193], [5.992792, 49.71925], [5.992426, 49.719223], [5.991884, 49.71915], [5.991045, 49.71901], [5.990622, 49.71895], [5.990389, 49.719], [5.990404, 49.719044], [5.990419, 49.719166], [5.990423, 49.719345], [5.990397, 49.7195], [5.990343, 49.71965], [5.990278, 49.719807], [5.989958, 49.720497], [5.989912, 49.720646], [5.989908, 49.720676], [5.989916, 49.7207], [5.990026, 49.720913], [5.990152, 49.72121], [5.990225, 49.72143], [5.990252, 49.72155], [5.990271, 49.72171], [5.990332, 49.722164], [5.990335, 49.72222], [5.990339, 49.722244], [5.990332, 49.722294], [5.990313, 49.722343], [5.990175, 49.72268], [5.99008, 49.722862], [5.989992, 49.72302], [5.989836, 49.72326], [5.989744, 49.72339], [5.989458, 49.723724], [5.98942, 49.723717], [5.989119, 49.723644], [5.988882, 49.723606], [5.988722, 49.723595], [5.988489, 49.723595], [5.988123, 49.723637], [5.988119, 49.723682], [5.987833, 49.72372], [5.987707, 49.72373], [5.987604, 49.723724], [5.987482, 49.72371], [5.987333, 49.72368], [5.987131, 49.723633], [5.986845, 49.723568], [5.986513, 49.723484], [5.986265, 49.72343], [5.986059, 49.723377], [5.985819, 49.723305], [5.98564, 49.72324], [5.985453, 49.723183], [5.985208, 49.723114], [5.985067, 49.723083], [5.985098, 49.72303], [5.985167, 49.722904], [5.984217, 49.722713], [5.98382, 49.722637], [5.98353, 49.722576], [5.983221, 49.722504], [5.983068, 49.722458], [5.982798, 49.72238], [5.982649, 49.72234], [5.98234, 49.722248], [5.982046, 49.722164], [5.981893, 49.722115], [5.981741, 49.72207], [5.981321, 49.72194], [5.981192, 49.721878], [5.980784, 49.72162], [5.980528, 49.721443], [5.980421, 49.72138], [5.980322, 49.721344], [5.980226, 49.72131], [5.980051, 49.721245], [5.979849, 49.721165], [5.97965, 49.721104], [5.979544, 49.72107], [5.979422, 49.72102], [5.979326, 49.720978], [5.979223, 49.72093], [5.979132, 49.720886], [5.978998, 49.72086], [5.978926, 49.720848], [5.978868, 49.720833], [5.978746, 49.720795], [5.978468, 49.720703], [5.978353, 49.720673], [5.978128, 49.72065], [5.977583, 49.72058], [5.977346, 49.720554], [5.977041, 49.72053], [5.976778, 49.72051], [5.976442, 49.720474], [5.976248, 49.720455], [5.975859, 49.720406], [5.975664, 49.72039], [5.975466, 49.720364], [5.975244, 49.720337], [5.974993, 49.7203], [5.974878, 49.72028], [5.974756, 49.72026], [5.97444, 49.720245], [5.974325, 49.720238], [5.974096, 49.720222], [5.973875, 49.7202], [5.973379, 49.72016], [5.973146, 49.720146], [5.972868, 49.72014], [5.97262, 49.720127], [5.972158, 49.720177], [5.972147, 49.720177], [5.971682, 49.720222], [5.971491, 49.72021], [5.971335, 49.720203], [5.971033, 49.720398], [5.970865, 49.720932], [5.970572, 49.720943], [5.970285, 49.72095], [5.970175, 49.72095], [5.970259, 49.721077], [5.970175, 49.721054], [5.969923, 49.72093], [5.969534, 49.720726], [5.969397, 49.720634], [5.969133, 49.72039], [5.968805, 49.72007], [5.968512, 49.719826], [5.967295, 49.719425], [5.966772, 49.71902], [5.966165, 49.718597], [5.9652, 49.71826], [5.96517, 49.718243], [5.965147, 49.718227], [5.965124, 49.71821], [5.96493, 49.71785], [5.964754, 49.71753], [5.964708, 49.717457], [5.964685, 49.717422], [5.96464, 49.717377], [5.964567, 49.71732], [5.964285, 49.71707], [5.964212, 49.71699], [5.963755, 49.716816], [5.963381, 49.716644], [5.962908, 49.716393], [5.962568, 49.71619], [5.962439, 49.716194], [5.961801, 49.71592], [5.961458, 49.71564], [5.961279, 49.71552], [5.96129, 49.715443], [5.96097, 49.71526], [5.960051, 49.714733], [5.959616, 49.7145], [5.957643, 49.713608], [5.957174, 49.713413], [5.956778, 49.71327], [5.95616, 49.713062], [5.955576, 49.7129], [5.955278, 49.712803], [5.954569, 49.712585], [5.954405, 49.71253], [5.954313, 49.712486], [5.95421, 49.712425], [5.953505, 49.71188], [5.952719, 49.71129], [5.952131, 49.71088], [5.951521, 49.71047], [5.951368, 49.71032], [5.951216, 49.710144], [5.95104, 49.70991], [5.950853, 49.709644], [5.950544, 49.709286], [5.950316, 49.709034], [5.950197, 49.708874], [5.950197, 49.70883], [5.95009, 49.70872], [5.950029, 49.708683], [5.949839, 49.708626], [5.949637, 49.7086], [5.94935, 49.70859], [5.949038, 49.708603], [5.948378, 49.708626], [5.94792, 49.708652], [5.947317, 49.70869], [5.946867, 49.708702], [5.946535, 49.708702], [5.946253, 49.708714], [5.945112, 49.708244], [5.944502, 49.707973], [5.943945, 49.70772], [5.943281, 49.707413], [5.942873, 49.707184], [5.942167, 49.706776], [5.941286, 49.70626], [5.940309, 49.70569], [5.939619, 49.705288], [5.938681, 49.704746], [5.938047, 49.704376], [5.93759, 49.70413], [5.937021, 49.703873], [5.936659, 49.70376], [5.936094, 49.703594], [5.935625, 49.70346], [5.934557, 49.70316], [5.934046, 49.703014], [5.932646, 49.702618], [5.932424, 49.702557], [5.932203, 49.7025], [5.931616, 49.702366], [5.931078, 49.702263], [5.930544, 49.702175], [5.929979, 49.70211], [5.929831, 49.702057], [5.929789, 49.70204], [5.929327, 49.701912], [5.929167, 49.701874], [5.929155, 49.701885], [5.929064, 49.701977], [5.928976, 49.702057], [5.928965, 49.70207], [5.928637, 49.70238], [5.928217, 49.7028], [5.92816, 49.70288], [5.928099, 49.702988], [5.927992, 49.70317], [5.92787, 49.70341], [5.92779, 49.70357], [5.927519, 49.703533], [5.927469, 49.703518], [5.927206, 49.703426], [5.927175, 49.703415], [5.926573, 49.703205], [5.926054, 49.70302], [5.925779, 49.702934], [5.925478, 49.702835], [5.925035, 49.70271], [5.924623, 49.702637], [5.924486, 49.702663], [5.924135, 49.702732], [5.923723, 49.702885], [5.923445, 49.70309], [5.9233, 49.703194], [5.922861, 49.70348], [5.922762, 49.703545], [5.922758, 49.70356], [5.922659, 49.703773], [5.922579, 49.703964], [5.922594, 49.704044], [5.922655, 49.70434], [5.922667, 49.704685], [5.922789, 49.704845], [5.92285, 49.704918], [5.922815, 49.705036], [5.922762, 49.70518], [5.922689, 49.705235], [5.922648, 49.705265], [5.922598, 49.705303], [5.922556, 49.705284], [5.922483, 49.70524], [5.922426, 49.705204], [5.922163, 49.705048], [5.921808, 49.70475], [5.921736, 49.704685], [5.921648, 49.704636], [5.921194, 49.70435], [5.920656, 49.70442], [5.920191, 49.704403], [5.919645, 49.704384], [5.919393, 49.70437], [5.919268, 49.704338], [5.918844, 49.704243], [5.918448, 49.70421], [5.918058, 49.704193], [5.918005, 49.704197], [5.917646, 49.70426], [5.917231, 49.704315], [5.916929, 49.704353], [5.916723, 49.70437], [5.916616, 49.70413], [5.916594, 49.704094], [5.91646, 49.703976], [5.916178, 49.703754], [5.915918, 49.703625], [5.915483, 49.70344], [5.91527, 49.703377], [5.915133, 49.703335], [5.914648, 49.703217], [5.914526, 49.703182], [5.913927, 49.70329], [5.913732, 49.70333], [5.913446, 49.70361], [5.913153, 49.703896], [5.912981, 49.704067], [5.912924, 49.70412], [5.912836, 49.7042], [5.912687, 49.704346], [5.912611, 49.70442], [5.912481, 49.704544], [5.912359, 49.704647], [5.912344, 49.704662], [5.912302, 49.704697], [5.912222, 49.704758], [5.912184, 49.70479], [5.912069, 49.70487], [5.911978, 49.70494], [5.911741, 49.704933], [5.911264, 49.705418], [5.910917, 49.705746], [5.91012, 49.70659], [5.909941, 49.706806], [5.909868, 49.70694], [5.9098, 49.707146], [5.909754, 49.707397], [5.909723, 49.707562], [5.909716, 49.70765], [5.909738, 49.707966], [5.909811, 49.708294], [5.909754, 49.7083], [5.90975, 49.708378], [5.909754, 49.708454], [5.909761, 49.708565], [5.909777, 49.708656], [5.909792, 49.708717], [5.909822, 49.708797], [5.909861, 49.708874], [5.909918, 49.708973], [5.909983, 49.70908], [5.910044, 49.709175], [5.910089, 49.709167], [5.910219, 49.709568], [5.910376, 49.71001], [5.910437, 49.71021], [5.910395, 49.710217], [5.910395, 49.710365], [5.910063, 49.71065], [5.909822, 49.710854], [5.909697, 49.710964], [5.909525, 49.71109], [5.909338, 49.711224], [5.909037, 49.711433], [5.908865, 49.711555], [5.908705, 49.711647], [5.908441, 49.711796], [5.90827, 49.71189], [5.908239, 49.711914], [5.907789, 49.71186], [5.907232, 49.71179], [5.906862, 49.71168], [5.906538, 49.711586], [5.905916, 49.7114], [5.905611, 49.71128], [5.905237, 49.711136], [5.90489, 49.711006], [5.904402, 49.7109], [5.90399, 49.710808], [5.903349, 49.710823], [5.903028, 49.710842], [5.902548, 49.710857], [5.902357, 49.710865], [5.902208, 49.71087], [5.901758, 49.71087], [5.901499, 49.710865], [5.90119, 49.710865], [5.900969, 49.71086], [5.900442, 49.71086], [5.900435, 49.710827], [5.899973, 49.710827], [5.899946, 49.710823], [5.899992, 49.710934], [5.900053, 49.7111], [5.900125, 49.71128], [5.900202, 49.711514], [5.900282, 49.71174], [5.900358, 49.711945], [5.900335, 49.71197], [5.900141, 49.71215], [5.899553, 49.71248], [5.899298, 49.712616], [5.898985, 49.712765], [5.898645, 49.712883], [5.898279, 49.712822], [5.897627, 49.71269], [5.896898, 49.712456], [5.896532, 49.712364], [5.896357, 49.71231], [5.896135, 49.712234], [5.895929, 49.71216], [5.895777, 49.712097], [5.895571, 49.711998], [5.895422, 49.711918], [5.895304, 49.711853], [5.89517, 49.711773], [5.895063, 49.711693], [5.894892, 49.711555], [5.894693, 49.7114], [5.894598, 49.71133], [5.89427, 49.711143], [5.893923, 49.710938], [5.893522, 49.710712], [5.893217, 49.710556], [5.892771, 49.71044], [5.892447, 49.710354], [5.89213, 49.710342], [5.891897, 49.710335], [5.891729, 49.710342], [5.891668, 49.710342], [5.89147, 49.71035], [5.891294, 49.710365], [5.89102, 49.71039], [5.890715, 49.710426], [5.890486, 49.71045], [5.89031, 49.710457], [5.890078, 49.71047], [5.889803, 49.71047], [5.889578, 49.71045], [5.889364, 49.710426], [5.888993, 49.710324], [5.888796, 49.71027], [5.888655, 49.710224], [5.888529, 49.710167], [5.888288, 49.71005], [5.887918, 49.70986], [5.887873, 49.709827], [5.88764, 49.70969], [5.887289, 49.70949], [5.886946, 49.70929], [5.886934, 49.709282], [5.886354, 49.709507], [5.886045, 49.709644], [5.885737, 49.709797], [5.885496, 49.709938], [5.885282, 49.710075], [5.885168, 49.710155], [5.885042, 49.710243], [5.884981, 49.710255], [5.88487, 49.710327], [5.884714, 49.71043], [5.884188, 49.710804], [5.88365, 49.711243], [5.883783, 49.71129], [5.883814, 49.711304], [5.883627, 49.711514], [5.883505, 49.71162], [5.883345, 49.71172], [5.88307, 49.71184], [5.882902, 49.7119], [5.882616, 49.71196], [5.882532, 49.711994], [5.882181, 49.7125], [5.882055, 49.712658], [5.881861, 49.712833], [5.881659, 49.71299], [5.881529, 49.713066], [5.881231, 49.713192], [5.880911, 49.713326], [5.880039, 49.713628], [5.879698, 49.713814], [5.879266, 49.714031], [5.878626, 49.714325], [5.878264, 49.7145], [5.877935, 49.714645], [5.877653, 49.714756], [5.877428, 49.714832], [5.877241, 49.714893], [5.876925, 49.71498], [5.87649, 49.715073], [5.876158, 49.715145], [5.876001, 49.715195], [5.875826, 49.71527], [5.875689, 49.71534], [5.875402, 49.71545], [5.87517, 49.715546], [5.874987, 49.715633], [5.874868, 49.7157], [5.874796, 49.715755], [5.874762, 49.715862], [5.874742, 49.716034], [5.87475, 49.716133], [5.874823, 49.716557], [5.874803, 49.71669], [5.874739, 49.71683], [5.874594, 49.717033], [5.874418, 49.71723], [5.874277, 49.717342], [5.874117, 49.717438], [5.874243, 49.7175], [5.874952, 49.717705], [5.876555, 49.71813], [5.876539, 49.71816], [5.876017, 49.71881], [5.875628, 49.719303], [5.875601, 49.719322], [5.875525, 49.71937], [5.875467, 49.719414], [5.875421, 49.719456], [5.875387, 49.719505], [5.875315, 49.719677], [5.875181, 49.719982], [5.87499, 49.72046], [5.874987, 49.720505], [5.875002, 49.720562], [5.875025, 49.720608], [5.875059, 49.72064], [5.875124, 49.72067], [5.875631, 49.72087], [5.875628, 49.721172], [5.875608, 49.721237], [5.875574, 49.72132], [5.875509, 49.721455], [5.875464, 49.72153], [5.875414, 49.721603], [5.875299, 49.72173], [5.875174, 49.72185], [5.874983, 49.72182], [5.874792, 49.721794], [5.874643, 49.721767], [5.874369, 49.721725], [5.874243, 49.721706], [5.874029, 49.721676], [5.873823, 49.721645], [5.873632, 49.721615], [5.873568, 49.721603], [5.8734, 49.721603], [5.87319, 49.721607], [5.872831, 49.721607], [5.871962, 49.721592], [5.871813, 49.721596], [5.8715, 49.72162], [5.871214, 49.72164], [5.871058, 49.72164], [5.870722, 49.72162], [5.870573, 49.721897], [5.870447, 49.722145], [5.87039, 49.72227], [5.870336, 49.722427], [5.870306, 49.72256], [5.870291, 49.7227], [5.870283, 49.722816], [5.870325, 49.72306], [5.87039, 49.723244], [5.870447, 49.723408], [5.870012, 49.723583], [5.869947, 49.72361], [5.869894, 49.723637], [5.86978, 49.72369], [5.869589, 49.723785], [5.869661, 49.72395], [5.869108, 49.72441], [5.868452, 49.724827], [5.8678, 49.72529], [5.867552, 49.725464], [5.867292, 49.72565], [5.866957, 49.725914], [5.866987, 49.725925], [5.866942, 49.726208], [5.866724, 49.72636], [5.86669, 49.72638], [5.866667, 49.726383], [5.866617, 49.726376], [5.866587, 49.72637], [5.866541, 49.72639], [5.866495, 49.726414], [5.866461, 49.726418], [5.866419, 49.726414], [5.866335, 49.7264], [5.866285, 49.726395], [5.866228, 49.726402], [5.866163, 49.726414], [5.866083, 49.726418], [5.866011, 49.726425], [5.865942, 49.726444], [5.865896, 49.726463], [5.865843, 49.726505], [5.865801, 49.726532], [5.865751, 49.72655], [5.865732, 49.72656], [5.865709, 49.726593], [5.865694, 49.726627], [5.865671, 49.726654], [5.865645, 49.72667], [5.865583, 49.726692], [5.865526, 49.726707], [5.86548, 49.726727], [5.865431, 49.72676], [5.865335, 49.726837], [5.865278, 49.72687], [5.865198, 49.726913], [5.865095, 49.72695], [5.865026, 49.726963], [5.864962, 49.726955], [5.864687, 49.7269], [5.864164, 49.72679], [5.863989, 49.726757], [5.86379, 49.726738], [5.863455, 49.726704], [5.862841, 49.726658], [5.862612, 49.7266], [5.862089, 49.72643], [5.861917, 49.726322], [5.861727, 49.726215], [5.861509, 49.726376], [5.861319, 49.726482], [5.861204, 49.726547], [5.861185, 49.72656], [5.861135, 49.726574], [5.861036, 49.726593], [5.861002, 49.72661], [5.86091, 49.726654], [5.860846, 49.726677], [5.86072, 49.726715], [5.860678, 49.726738], [5.860552, 49.72683], [5.860456, 49.726887], [5.860407, 49.726913], [5.860327, 49.726963], [5.860285, 49.726997], [5.860251, 49.727028], [5.860186, 49.72709], [5.860041, 49.727234], [5.859606, 49.72696], [5.859526, 49.726925], [5.859201, 49.7268], [5.859007, 49.72671], [5.858835, 49.72662], [5.857744, 49.726357], [5.8575, 49.72627], [5.857161, 49.72611], [5.856794, 49.72592], [5.85631, 49.725628], [5.856123, 49.725502], [5.856028, 49.725407], [5.855844, 49.725197], [5.85499, 49.72485], [5.854402, 49.724625], [5.853575, 49.72456], [5.852938, 49.724495], [5.852007, 49.724396], [5.851702, 49.72435], [5.851191, 49.72424], [5.850794, 49.72416], [5.8505, 49.72409], [5.85018, 49.724], [5.849909, 49.723915], [5.849634, 49.723793], [5.848871, 49.723457], [5.848555, 49.723328], [5.848215, 49.723206], [5.847734, 49.72305], [5.847536, 49.722973], [5.847231, 49.72281], [5.847029, 49.72269], [5.846891, 49.722588], [5.846575, 49.72233], [5.846281, 49.722126], [5.846022, 49.721992], [5.845636, 49.7218], [5.844828, 49.721424], [5.844675, 49.721375], [5.844519, 49.721336], [5.844294, 49.721306], [5.843893, 49.721268], [5.843279, 49.72123], [5.842897, 49.72122], [5.84273, 49.721222], [5.842306, 49.721264], [5.840929, 49.72144], [5.840661, 49.721508], [5.840372, 49.721703], [5.839777, 49.72197], [5.839598, 49.722034], [5.839045, 49.722206], [5.838984, 49.722237], [5.838694, 49.72245], [5.837843, 49.722992], [5.838316, 49.72357], [5.838221, 49.72361], [5.837961, 49.723713], [5.837923, 49.72373], [5.838011, 49.723843], [5.837744, 49.723957], [5.837618, 49.724003], [5.83758, 49.724003], [5.837156, 49.724014], [5.836668, 49.72403], [5.835497, 49.724285], [5.835306, 49.724472], [5.834715, 49.72439], [5.834715, 49.72413], [5.834524, 49.724117], [5.834475, 49.724117], [5.83449, 49.724037], [5.834192, 49.72408], [5.833712, 49.72413], [5.833494, 49.724155], [5.832914, 49.724297], [5.832579, 49.724384], [5.832262, 49.724434], [5.831926, 49.724464], [5.831583, 49.724483], [5.831392, 49.72447], [5.831211, 49.724437], [5.830965, 49.724392], [5.8305, 49.724293], [5.829843, 49.72414], [5.829294, 49.72399], [5.828478, 49.723778], [5.82826, 49.72372], [5.828061, 49.723682], [5.827967, 49.723656], [5.827524, 49.723583], [5.827227, 49.72354], [5.827024, 49.723526], [5.82657, 49.72351], [5.826334, 49.72352], [5.82617, 49.723732], [5.82614, 49.72375], [5.826082, 49.72385], [5.826044, 49.723904], [5.825979, 49.723965], [5.825926, 49.72402], [5.825754, 49.724136], [5.825556, 49.724285], [5.82543, 49.724377], [5.825304, 49.724487], [5.825151, 49.72464], [5.825045, 49.72476], [5.82498, 49.724846], [5.824869, 49.725025], [5.824801, 49.725143], [5.824758, 49.725224], [5.824614, 49.725548], [5.82445, 49.725883], [5.824366, 49.72605], [5.825232, 49.72637], [5.825605, 49.7265], [5.825975, 49.72662], [5.826277, 49.726723], [5.826502, 49.726788], [5.826857, 49.72687], [5.826922, 49.726887], [5.826761, 49.727352], [5.826765, 49.72745], [5.826769, 49.72764], [5.826677, 49.727814], [5.826788, 49.727894], [5.826689, 49.728092], [5.826582, 49.728313], [5.826658, 49.728462], [5.826708, 49.72852], [5.826796, 49.728596], [5.826883, 49.72867], [5.82696, 49.72873], [5.827192, 49.728874], [5.827024, 49.729095], [5.826994, 49.72913], [5.826902, 49.72925], [5.826742, 49.729458], [5.826708, 49.729504], [5.826632, 49.72962], [5.826536, 49.72977], [5.826426, 49.72995], [5.826136, 49.730457], [5.825853, 49.73097], [5.825624, 49.731487], [5.825418, 49.732002], [5.825728, 49.732082], [5.826098, 49.732174], [5.826277, 49.732224], [5.826456, 49.732273], [5.82683, 49.73238], [5.827181, 49.732483], [5.827539, 49.732605], [5.827723, 49.732704], [5.827807, 49.732758], [5.827822, 49.732765], [5.827948, 49.73285], [5.828085, 49.732937], [5.828287, 49.733322], [5.828268, 49.733383], [5.828245, 49.73345], [5.828138, 49.73375], [5.82815, 49.733883], [5.82818, 49.734165], [5.828215, 49.734474], [5.828234, 49.734657], [5.828234, 49.735325], [5.828222, 49.735474], [5.828219, 49.735516], [5.828215, 49.735584], [5.828207, 49.735695], [5.828134, 49.735973], [5.828081, 49.736183], [5.827871, 49.73694], [5.828459, 49.73716], [5.828104, 49.737602], [5.827807, 49.737976], [5.827681, 49.738297], [5.827654, 49.73836], [5.827555, 49.73863], [5.827391, 49.739113], [5.827497, 49.739174], [5.827822, 49.739357], [5.828062, 49.739483], [5.828424, 49.739666], [5.828608, 49.73976], [5.828878, 49.739918], [5.829161, 49.740078], [5.829325, 49.74017], [5.829393, 49.740204], [5.829508, 49.740273], [5.830019, 49.740578], [5.830217, 49.74065], [5.830298, 49.740677], [5.830656, 49.740795], [5.830885, 49.740852], [5.830965, 49.740875], [5.8314, 49.740997], [5.831572, 49.741047], [5.832022, 49.74121], [5.83222, 49.741283], [5.832518, 49.741398], [5.832628, 49.74145], [5.831911, 49.74199], [5.831785, 49.741962], [5.83161, 49.74219], [5.831522, 49.742313], [5.831488, 49.742374], [5.831442, 49.742462], [5.831377, 49.7426], [5.831301, 49.742584], [5.830385, 49.74338], [5.830572, 49.743633], [5.830763, 49.74394], [5.830828, 49.74404], [5.831026, 49.74437], [5.831133, 49.74455], [5.831236, 49.744717], [5.831297, 49.74482], [5.83135, 49.744915], [5.831434, 49.74516], [5.831472, 49.745243], [5.832403, 49.746864], [5.832434, 49.746925], [5.832239, 49.74716], [5.832087, 49.74733], [5.832083, 49.74741], [5.831907, 49.747673], [5.831686, 49.747803], [5.831602, 49.74782], [5.831106, 49.748333], [5.830915, 49.748535], [5.830858, 49.748608], [5.830828, 49.748665], [5.830755, 49.74895], [5.830629, 49.74939], [5.830603, 49.74947], [5.830561, 49.749546], [5.830465, 49.749615], [5.830313, 49.74968], [5.830088, 49.749752], [5.829615, 49.749855], [5.829172, 49.74997], [5.828951, 49.750046], [5.828886, 49.750088], [5.828741, 49.75008], [5.828608, 49.750076], [5.828493, 49.750084], [5.828383, 49.750095], [5.828257, 49.75011], [5.828169, 49.75014], [5.828058, 49.750187], [5.828001, 49.750225], [5.827978, 49.750256], [5.827848, 49.750256], [5.827723, 49.75026], [5.827704, 49.750233], [5.827692, 49.750175], [5.82704, 49.75002], [5.825323, 49.749615], [5.824621, 49.749447], [5.82419, 49.749348], [5.824026, 49.749317], [5.82398, 49.749317], [5.823805, 49.74936], [5.823584, 49.74938], [5.823458, 49.749397], [5.823252, 49.74943], [5.823019, 49.74947], [5.822844, 49.74963], [5.82263, 49.74986], [5.822535, 49.749973], [5.822454, 49.75006], [5.82234, 49.75017], [5.822264, 49.75024], [5.821917, 49.7505], [5.821772, 49.750595], [5.821394, 49.750847], [5.821333, 49.75088], [5.821215, 49.75094], [5.8211, 49.750984], [5.820879, 49.751064], [5.82073, 49.751125], [5.820639, 49.751163], [5.820459, 49.751266], [5.820467, 49.751328], [5.820555, 49.751793], [5.820631, 49.752148], [5.820707, 49.75252], [5.82086, 49.753258], [5.82065, 49.75336], [5.82044, 49.75346], [5.820311, 49.753513], [5.820116, 49.753586], [5.819967, 49.75364], [5.819792, 49.753693], [5.81962, 49.753727], [5.819513, 49.753742], [5.819155, 49.75379], [5.819101, 49.7538], [5.819006, 49.753815], [5.81883, 49.753845], [5.818701, 49.753864], [5.818224, 49.75393], [5.81785, 49.753975], [5.817911, 49.754726], [5.817751, 49.755146], [5.81774, 49.75517], [5.817728, 49.755196], [5.817251, 49.75642], [5.816694, 49.757862], [5.816633, 49.758015], [5.816576, 49.758274], [5.816542, 49.758488], [5.816484, 49.758797], [5.816481, 49.758823], [5.816473, 49.758865], [5.816412, 49.759327], [5.816339, 49.75984], [5.816259, 49.760307], [5.816194, 49.76073], [5.816099, 49.761333], [5.816069, 49.76154], [5.816034, 49.761757], [5.815973, 49.762207], [5.814878, 49.762894], [5.814531, 49.763107], [5.814482, 49.763145], [5.814333, 49.76324], [5.813841, 49.76357], [5.813551, 49.763756], [5.81341, 49.763847], [5.812796, 49.76425], [5.812635, 49.76436], [5.812513, 49.76444], [5.812376, 49.764526], [5.812185, 49.764652], [5.811926, 49.76482], [5.811628, 49.76501], [5.811411, 49.765156], [5.811113, 49.765354], [5.811045, 49.765354], [5.810648, 49.765347], [5.809446, 49.76533], [5.809114, 49.76602], [5.808977, 49.7663], [5.808851, 49.766544], [5.808641, 49.766987], [5.808618, 49.76702], [5.80863, 49.767082], [5.808645, 49.7672], [5.80866, 49.76733], [5.808649, 49.767532], [5.808638, 49.767654], [5.80863, 49.767708], [5.808618, 49.76773], [5.808577, 49.76782], [5.808531, 49.767895], [5.80846, 49.767975], [5.808439, 49.767998], [5.808382, 49.76807], [5.808329, 49.76814], [5.808287, 49.768208], [5.808249, 49.768284], [5.808229, 49.768328], [5.808203, 49.768387], [5.808184, 49.768456], [5.808172, 49.768524], [5.80816, 49.768613], [5.808142, 49.768757], [5.808123, 49.768894], [5.8081, 49.76902], [5.80809, 49.769181], [5.808046, 49.769234], [5.807997, 49.769405], [5.80792, 49.769615], [5.807836, 49.769855], [5.807836, 49.769917], [5.80784, 49.770103], [5.80784, 49.77027], [5.807829, 49.77042], [5.807817, 49.770535], [5.807772, 49.770836], [5.807749, 49.770958], [5.807707, 49.77117], [5.80765, 49.771507], [5.807634, 49.7716], [5.807577, 49.771843], [5.807539, 49.771942], [5.807501, 49.772026], [5.807428, 49.772156], [5.807321, 49.772335], [5.807238, 49.772465], [5.807104, 49.772602], [5.80691, 49.77279], [5.806742, 49.77296], [5.806551, 49.77316], [5.806452, 49.773266], [5.806356, 49.77338], [5.806185, 49.7736], [5.80599, 49.773865], [5.805868, 49.774002], [5.80575, 49.774124], [5.80559, 49.774277], [5.805468, 49.774384], [5.805334, 49.774494], [5.80525, 49.77458], [5.805132, 49.77472], [5.804861, 49.775105], [5.804606, 49.77551], [5.804209, 49.77607], [5.804144, 49.77616], [5.804056, 49.77625], [5.804007, 49.77629], [5.8039, 49.77636], [5.803678, 49.77648], [5.803431, 49.776604], [5.803217, 49.776672], [5.802813, 49.77679], [5.802156, 49.77699], [5.801806, 49.777103], [5.800913, 49.777393], [5.800211, 49.777596], [5.799986, 49.777668], [5.799887, 49.77771], [5.799624, 49.777878], [5.799501, 49.777973], [5.799429, 49.778065], [5.799395, 49.778175], [5.799364, 49.778366], [5.799334, 49.77851], [5.799223, 49.77892], [5.799143, 49.779335], [5.799044, 49.779728], [5.798994, 49.779892], [5.798964, 49.780163], [5.798941, 49.780434], [5.798914, 49.780617], [5.798864, 49.780796], [5.798731, 49.78118], [5.798582, 49.781544], [5.798468, 49.781834], [5.798426, 49.781902], [5.798384, 49.78195], [5.798048, 49.782345], [5.797663, 49.78262], [5.797422, 49.78284], [5.797087, 49.783146], [5.79656, 49.783485], [5.795796, 49.783868], [5.795252, 49.784267], [5.794817, 49.784527], [5.794658, 49.784631], [5.794519, 49.784904], [5.794485, 49.78495], [5.794435, 49.785], [5.793726, 49.78559], [5.792959, 49.786224], [5.792299, 49.78679], [5.79204, 49.787014], [5.791929, 49.787132], [5.791857, 49.787243], [5.791727, 49.787502], [5.791647, 49.78773], [5.791628, 49.787834], [5.791639, 49.787903], [5.791685, 49.78807], [5.791773, 49.788376], [5.791845, 49.788555], [5.791914, 49.788673], [5.792006, 49.7888], [5.792261, 49.78915], [5.792513, 49.789524], [5.792658, 49.789738], [5.792875, 49.79003], [5.793299, 49.790575], [5.793276, 49.790613], [5.792879, 49.791326], [5.792265, 49.792406], [5.7917, 49.793425], [5.791475, 49.793829], [5.791365, 49.793802], [5.791159, 49.794252], [5.790976, 49.794447], [5.790739, 49.794947], [5.790506, 49.795446], [5.790411, 49.795656], [5.790365, 49.795755], [5.790041, 49.795816], [5.789801, 49.795931], [5.789122, 49.796286], [5.788668, 49.796549], [5.788576, 49.796598], [5.788485, 49.796621], [5.788439, 49.796625], [5.78842, 49.796621], [5.788389, 49.796652], [5.788061, 49.796568], [5.788023, 49.796587], [5.787977, 49.796595], [5.78795, 49.796595], [5.787821, 49.796572], [5.787409, 49.796495], [5.786905, 49.7964], [5.786795, 49.796488], [5.786474, 49.796446], [5.786138, 49.796404], [5.785887, 49.796373], [5.785711, 49.796343], [5.785479, 49.796289], [5.785311, 49.796228], [5.785192, 49.796171], [5.785105, 49.796095], [5.785055, 49.796022], [5.785036, 49.795973], [5.785032, 49.795931], [5.785025, 49.795771], [5.785002, 49.795557], [5.78499, 49.79542], [5.784967, 49.795336], [5.784918, 49.795263], [5.784884, 49.795233], [5.7848, 49.79516], [5.784716, 49.795057], [5.78462, 49.794943], [5.784487, 49.794802], [5.78433, 49.794645], [5.784281, 49.794607], [5.784224, 49.794542], [5.784182, 49.794504], [5.784117, 49.794451], [5.783728, 49.794142], [5.783575, 49.794031], [5.783419, 49.793924], [5.783049, 49.793692], [5.782888, 49.793611], [5.78277, 49.793539], [5.782694, 49.793486], [5.782625, 49.793413], [5.782545, 49.793325], [5.782499, 49.793272], [5.782453, 49.793242], [5.782415, 49.79323], [5.782209, 49.793238], [5.782122, 49.793211], [5.782045, 49.793154], [5.781984, 49.793089], [5.781946, 49.793024], [5.781939, 49.792963], [5.781935, 49.792852], [5.781923, 49.79283], [5.781897, 49.79281], [5.781763, 49.792749], [5.781645, 49.792681], [5.781534, 49.79262], [5.781488, 49.792582], [5.781469, 49.792563], [5.781477, 49.792536], [5.781504, 49.792467], [5.7815, 49.792417], [5.781439, 49.792334], [5.781393, 49.792299], [5.781347, 49.792269], [5.781301, 49.792296], [5.781122, 49.792376], [5.780928, 49.79249], [5.780684, 49.792646], [5.780592, 49.7927], [5.780371, 49.792795], [5.78013, 49.792894], [5.779768, 49.793036], [5.779676, 49.793078], [5.779604, 49.793116], [5.779577, 49.793116], [5.779276, 49.793257], [5.779009, 49.793379], [5.778902, 49.79339], [5.778749, 49.793493], [5.778627, 49.793562], [5.778517, 49.793608], [5.778322, 49.793684], [5.778223, 49.793718], [5.778147, 49.793753], [5.778036, 49.793814], [5.777914, 49.793909], [5.777861, 49.793955], [5.777765, 49.794062], [5.777674, 49.79418], [5.777586, 49.794298], [5.777533, 49.794352], [5.777464, 49.794405], [5.777414, 49.794439], [5.777311, 49.794481], [5.77717, 49.794535], [5.776991, 49.794588], [5.776896, 49.794603], [5.776751, 49.794615], [5.776575, 49.794626], [5.776377, 49.794626], [5.776186, 49.794592], [5.776052, 49.794584], [5.775793, 49.794573], [5.775785, 49.794588], [5.77577, 49.794607], [5.775076, 49.79455], [5.77479, 49.794527], [5.774679, 49.794516], [5.774523, 49.794489], [5.774374, 49.794455], [5.774137, 49.79439], [5.773703, 49.794268], [5.773443, 49.794119], [5.7731, 49.793928], [5.772863, 49.793772], [5.772692, 49.793661], [5.77244, 49.793497], [5.772177, 49.793322], [5.7717, 49.793188], [5.771246, 49.793669], [5.771139, 49.793776], [5.770968, 49.793844], [5.770796, 49.793852], [5.770578, 49.794035], [5.770258, 49.794237], [5.769838, 49.793856], [5.76927, 49.794272], [5.768507, 49.794043], [5.768278, 49.793982], [5.768057, 49.793943], [5.767878, 49.793924], [5.767652, 49.793905], [5.76742, 49.793871], [5.76718, 49.793825], [5.766973, 49.793772], [5.766768, 49.793703], [5.766455, 49.793581], [5.766046, 49.793417], [5.765184, 49.793821], [5.764967, 49.793688], [5.764818, 49.793585], [5.764601, 49.793425], [5.764429, 49.793303], [5.764318, 49.793249], [5.764093, 49.793158], [5.764082, 49.793146], [5.764032, 49.793196], [5.764006, 49.793264], [5.764006, 49.793284], [5.763975, 49.79328], [5.763613, 49.793249], [5.763533, 49.793184], [5.763228, 49.793219], [5.763002, 49.793234], [5.762899, 49.793238], [5.762651, 49.793226], [5.762419, 49.793215], [5.762262, 49.793203], [5.76193, 49.793165], [5.761358, 49.793051], [5.761412, 49.792875], [5.760088, 49.792623], [5.759558, 49.792547], [5.758696, 49.792322], [5.758463, 49.792265], [5.758291, 49.792219], [5.757986, 49.79215], [5.757715, 49.792086], [5.757464, 49.792009], [5.757216, 49.791918], [5.756956, 49.791826], [5.756575, 49.791746], [5.756384, 49.7917], [5.756193, 49.791662], [5.755823, 49.79159], [5.755465, 49.791517], [5.755156, 49.791456], [5.754931, 49.792086], [5.754888, 49.792234], [5.754858, 49.792421], [5.754839, 49.792616], [5.754736, 49.792635], [5.754476, 49.792662], [5.754408, 49.792665], [5.754339, 49.792662], [5.754122, 49.792643], [5.754145, 49.79278], [5.754202, 49.793364], [5.754209, 49.793417], [5.753092, 49.793398], [5.753122, 49.793539], [5.753157, 49.793684], [5.753187, 49.793943], [5.753222, 49.794283], [5.753248, 49.794474], [5.753283, 49.794668], [5.753317, 49.794771], [5.753367, 49.794878], [5.753393, 49.794924], [5.753443, 49.794996], [5.75355, 49.795118], [5.753454, 49.795534], [5.753332, 49.796091], [5.753313, 49.796118], [5.753298, 49.796129], [5.753279, 49.796141], [5.753248, 49.796152], [5.753187, 49.796164], [5.753164, 49.796175], [5.753153, 49.796198], [5.753157, 49.796225], [5.753179, 49.796259], [5.75329, 49.796354], [5.753332, 49.796408], [5.75342, 49.796511], [5.753469, 49.796595], [5.753531, 49.796709], [5.753515, 49.79672], [5.752897, 49.796953], [5.752893, 49.79714], [5.752882, 49.797197], [5.752859, 49.797258], [5.752844, 49.797331], [5.752733, 49.797812], [5.752588, 49.798429], [5.752558, 49.798563], [5.752413, 49.799238], [5.752359, 49.79949], [5.752329, 49.799643], [5.752294, 49.799776], [5.752256, 49.799971], [5.752195, 49.800241], [5.75215, 49.800463], [5.752039, 49.800981], [5.751978, 49.801264], [5.75194, 49.801451], [5.751905, 49.801615], [5.751776, 49.80221], [5.751734, 49.802385], [5.751711, 49.802492], [5.751547, 49.803278], [5.751467, 49.803614], [5.751451, 49.803698], [5.75144, 49.803766], [5.751348, 49.804171], [5.751276, 49.804483], [5.751188, 49.804892], [5.751116, 49.805216], [5.751028, 49.805613], [5.750994, 49.805761], [5.75094, 49.805803], [5.750353, 49.806257], [5.75049, 49.806429], [5.750605, 49.806574], [5.750673, 49.806673], [5.750719, 49.806753], [5.75083, 49.806971], [5.750895, 49.8071], [5.750773, 49.807119], [5.750704, 49.807131], [5.750368, 49.807188], [5.750479, 49.807421], [5.750513, 49.807527], [5.75054, 49.807699], [5.750532, 49.807886], [5.750517, 49.808046], [5.750452, 49.808226], [5.750151, 49.808847], [5.750032, 49.809072], [5.750517, 49.809263], [5.750467, 49.809393], [5.750444, 49.809507], [5.750441, 49.80958], [5.750353, 49.809931], [5.750227, 49.810423], [5.750109, 49.810911], [5.750055, 49.811125], [5.750051, 49.811144], [5.750456, 49.811266], [5.750444, 49.811285], [5.750006, 49.811895], [5.749952, 49.811972], [5.750185, 49.812036], [5.750387, 49.812094], [5.75054, 49.812128], [5.750807, 49.812178], [5.750685, 49.812269], [5.750608, 49.812479], [5.750589, 49.812506], [5.750494, 49.812593], [5.750574, 49.812777], [5.750635, 49.812929], [5.750738, 49.813124], [5.750845, 49.81333], [5.750914, 49.81341], [5.750795, 49.813578], [5.751055, 49.813833], [5.751154, 49.81394], [5.751253, 49.814043], [5.751192, 49.814455], [5.751184, 49.81452], [5.751181, 49.814619], [5.751181, 49.814867], [5.751169, 49.81489], [5.750917, 49.814875], [5.750685, 49.814867], [5.750307, 49.814878], [5.750036, 49.814901], [5.749819, 49.814932], [5.749559, 49.814974], [5.749323, 49.815027], [5.74898, 49.815134], [5.748705, 49.815241], [5.748514, 49.815298], [5.748335, 49.815306], [5.74803, 49.815306], [5.747511, 49.815275], [5.747355, 49.815268], [5.747251, 49.815268], [5.747194, 49.815275], [5.747099, 49.815298], [5.746756, 49.815413], [5.746614, 49.815466], [5.746347, 49.815653], [5.746267, 49.815733], [5.746241, 49.815767], [5.746172, 49.816095], [5.746115, 49.816153], [5.745962, 49.816282], [5.745894, 49.816359], [5.745848, 49.81645], [5.745817, 49.816545], [5.745783, 49.81669], [5.745771, 49.81682], [5.745768, 49.816881], [5.745752, 49.816942], [5.745707, 49.817041], [5.745649, 49.817137], [5.745577, 49.817232], [5.745436, 49.817392], [5.745176, 49.817667], [5.745016, 49.817865], [5.74489, 49.818041], [5.744688, 49.818308], [5.744566, 49.81851], [5.744478, 49.818651], [5.744268, 49.818949], [5.744051, 49.819273], [5.743815, 49.819735], [5.743654, 49.820082], [5.743536, 49.820402], [5.74349, 49.820547], [5.743463, 49.820696], [5.743441, 49.821024], [5.743475, 49.821112], [5.744299, 49.821501], [5.745275, 49.821955], [5.746695, 49.822664], [5.7474, 49.823008], [5.747843, 49.823263], [5.747969, 49.823358], [5.748041, 49.823439], [5.748098, 49.823568], [5.748182, 49.823969], [5.748232, 49.824324], [5.74822, 49.824457], [5.748125, 49.824591], [5.747934, 49.824743], [5.747522, 49.824976], [5.747297, 49.825109], [5.747049, 49.825308], [5.74687, 49.825487], [5.746626, 49.825758], [5.746477, 49.825937], [5.746321, 49.826139], [5.746241, 49.826284], [5.746183, 49.826456], [5.746141, 49.826654], [5.746096, 49.826918], [5.746031, 49.827353], [5.745954, 49.827742], [5.745874, 49.828012], [5.74584, 49.828093], [5.745646, 49.82836], [5.745359, 49.828737], [5.7451, 49.829107], [5.744783, 49.829523], [5.744597, 49.829817], [5.74441, 49.830225], [5.744162, 49.830896], [5.744142, 49.830969], [5.744024, 49.831182], [5.743933, 49.831297], [5.743738, 49.831469], [5.743544, 49.831621], [5.743139, 49.831846], [5.742826, 49.831991], [5.742174, 49.832281], [5.741484, 49.832579], [5.74061, 49.832964], [5.740171, 49.833197], [5.739511, 49.833483], [5.739191, 49.833616]]]]}}]}