{"type": "FeatureCollection", "features": [{"type": "Feature", "properties": {"name": "Canton Clervaux"}, "geometry": {"type": "MultiPolygon", "coordinates": [[[[5.818987, 50.01281], [5.819162, 50.012905], [5.819319, 50.01301], [5.819456, 50.013123], [5.819685, 50.013287], [5.819776, 50.01334], [5.819868, 50.013382], [5.819948, 50.01341], [5.820215, 50.013474], [5.820414, 50.01354], [5.820631, 50.013615], [5.821318, 50.013878], [5.821524, 50.01396], [5.821661, 50.014023], [5.821745, 50.014065], [5.821947, 50.014187], [5.822077, 50.01427], [5.82229, 50.01441], [5.822313, 50.014393], [5.822889, 50.01401], [5.823511, 50.014435], [5.823702, 50.01458], [5.823824, 50.014675], [5.824045, 50.01487], [5.824163, 50.014973], [5.824583, 50.014782], [5.824736, 50.01471], [5.824766, 50.014694], [5.824785, 50.014675], [5.824827, 50.01462], [5.824865, 50.01459], [5.824907, 50.014572], [5.824995, 50.014545], [5.825129, 50.014515], [5.825178, 50.014503], [5.825289, 50.014465], [5.825457, 50.014404], [5.825575, 50.014526], [5.825605, 50.01458], [5.825659, 50.01467], [5.825716, 50.014763], [5.825777, 50.01484], [5.825857, 50.014923], [5.826544, 50.014557], [5.827436, 50.014076], [5.827532, 50.01429], [5.827547, 50.014328], [5.827578, 50.01441], [5.82765, 50.014587], [5.827738, 50.014805], [5.827757, 50.01485], [5.828116, 50.0148], [5.828352, 50.01478], [5.828539, 50.014767], [5.828691, 50.01476], [5.828909, 50.014755], [5.829061, 50.014763], [5.829367, 50.014786], [5.829836, 50.01482], [5.830133, 50.014843], [5.82992, 50.01507], [5.829771, 50.01524], [5.829676, 50.015335], [5.829618, 50.015385], [5.829584, 50.015423], [5.829485, 50.01554], [5.829302, 50.01577], [5.830042, 50.016026], [5.83, 50.01608], [5.830633, 50.01625], [5.830656, 50.016254], [5.831526, 50.016552], [5.831671, 50.016617], [5.831877, 50.016727], [5.83209, 50.016846], [5.832315, 50.01697], [5.832872, 50.017303], [5.832396, 50.017952], [5.832601, 50.01801], [5.833376, 50.018238], [5.833769, 50.01835], [5.833754, 50.01842], [5.834047, 50.01847], [5.834402, 50.018517], [5.835188, 50.018623], [5.835733, 50.018696], [5.836023, 50.018734], [5.836065, 50.01873], [5.836119, 50.018723], [5.836137, 50.018722], [5.83658, 50.018696], [5.836908, 50.01868], [5.837477, 50.018673], [5.837736, 50.018715], [5.837931, 50.018757], [5.838057, 50.01879], [5.838297, 50.018864], [5.838407, 50.018906], [5.838472, 50.018932], [5.838438, 50.01902], [5.838373, 50.019215], [5.838781, 50.019238], [5.839365, 50.01923], [5.83954, 50.01923], [5.83988, 50.01932], [5.839903, 50.019325], [5.839918, 50.019337], [5.839949, 50.019333], [5.839964, 50.01934], [5.839994, 50.019352], [5.84004, 50.01939], [5.840075, 50.01941], [5.840105, 50.019417], [5.840132, 50.01942], [5.840159, 50.019417], [5.8402, 50.01941], [5.840212, 50.0194], [5.840212, 50.01939], [5.840185, 50.01937], [5.840174, 50.01936], [5.84017, 50.01935], [5.84017, 50.019333], [5.840174, 50.019318], [5.840166, 50.019306], [5.840155, 50.019295], [5.840136, 50.019283], [5.840124, 50.019268], [5.840132, 50.019257], [5.840159, 50.01924], [5.84017, 50.019234], [5.84017, 50.019222], [5.840159, 50.019207], [5.840143, 50.019203], [5.840124, 50.0192], [5.840113, 50.019188], [5.840109, 50.019173], [5.840128, 50.019142], [5.840151, 50.019127], [5.840185, 50.01912], [5.840231, 50.01912], [5.840296, 50.019135], [5.840345, 50.019142], [5.840383, 50.019142], [5.840429, 50.01914], [5.840456, 50.01913], [5.840494, 50.019115], [5.840551, 50.019085], [5.840593, 50.019066], [5.840628, 50.019054], [5.840666, 50.019043], [5.840681, 50.01903], [5.840685, 50.019012], [5.840693, 50.01897], [5.8407, 50.0189], [5.840746, 50.018753], [5.840803, 50.018585], [5.840815, 50.01854], [5.840803, 50.0185], [5.840738, 50.018436], [5.840723, 50.018406], [5.840727, 50.01837], [5.840746, 50.018337], [5.840788, 50.018307], [5.840826, 50.0183], [5.840868, 50.018303], [5.840898, 50.01832], [5.840967, 50.018353], [5.841013, 50.018364], [5.841047, 50.018364], [5.841085, 50.018353], [5.841135, 50.018337], [5.841391, 50.01861], [5.841501, 50.01872], [5.84173, 50.018604], [5.841864, 50.01883], [5.842028, 50.01899], [5.842402, 50.019344], [5.842573, 50.019505], [5.842836, 50.01945], [5.843187, 50.019436], [5.843477, 50.019413], [5.843809, 50.01938], [5.843927, 50.019478], [5.844034, 50.019554], [5.844114, 50.019604], [5.844244, 50.01968], [5.844435, 50.019787], [5.844694, 50.019928], [5.844904, 50.020027], [5.845156, 50.020138], [5.845358, 50.020237], [5.845659, 50.020397], [5.845869, 50.020515], [5.846178, 50.020683], [5.84638, 50.020786], [5.846567, 50.020874], [5.846842, 50.020992], [5.846987, 50.021057], [5.847139, 50.021122], [5.84749, 50.021263], [5.847593, 50.02131], [5.847956, 50.021458], [5.848814, 50.021812], [5.849142, 50.02194], [5.849772, 50.022224], [5.849855, 50.022224], [5.850409, 50.022472], [5.850519, 50.022514], [5.850664, 50.02256], [5.850954, 50.02263], [5.851328, 50.022713], [5.851774, 50.022804], [5.852457, 50.022903], [5.852468, 50.02306], [5.852465, 50.023167], [5.852457, 50.02321], [5.85243, 50.023293], [5.8524, 50.023403], [5.85232, 50.02363], [5.852217, 50.02393], [5.852175, 50.02408], [5.852159, 50.024166], [5.852137, 50.02435], [5.852083, 50.024494], [5.852015, 50.024673], [5.851946, 50.02487], [5.851892, 50.02506], [5.851847, 50.025246], [5.851748, 50.02562], [5.851728, 50.025673], [5.85166, 50.025818], [5.851522, 50.026104], [5.85177, 50.02619], [5.851999, 50.026253], [5.852232, 50.026306], [5.852655, 50.026394], [5.85372, 50.02662], [5.853598, 50.027214], [5.853258, 50.027573], [5.8538, 50.027702], [5.855261, 50.02804], [5.856066, 50.028214], [5.856668, 50.028343], [5.856806, 50.02837], [5.857019, 50.028378], [5.8575, 50.028393], [5.858011, 50.028416], [5.85885, 50.02845], [5.859095, 50.028465], [5.859453, 50.028633], [5.859877, 50.028877], [5.859831, 50.029087], [5.859816, 50.029133], [5.859728, 50.02925], [5.859499, 50.029457], [5.8594, 50.02956], [5.859335, 50.02964], [5.859243, 50.029762], [5.859159, 50.0299], [5.859083, 50.030067], [5.859026, 50.030262], [5.859037, 50.03042], [5.859057, 50.030533], [5.859198, 50.03064], [5.859358, 50.030754], [5.859404, 50.0308], [5.859442, 50.030888], [5.859449, 50.03092], [5.859426, 50.03098], [5.859407, 50.03099], [5.859201, 50.03099], [5.859087, 50.031], [5.859011, 50.031113], [5.858992, 50.03118], [5.85898, 50.031235], [5.858942, 50.03134], [5.859072, 50.031296], [5.859159, 50.031258], [5.859194, 50.03126], [5.859224, 50.031277], [5.859243, 50.0313], [5.859266, 50.03133], [5.859274, 50.03135], [5.859262, 50.031376], [5.859026, 50.03179], [5.858881, 50.031994], [5.858648, 50.03223], [5.858553, 50.032322], [5.858507, 50.032364], [5.858232, 50.032528], [5.85795, 50.032707], [5.857744, 50.03287], [5.857641, 50.032997], [5.857573, 50.033104], [5.857523, 50.03323], [5.857508, 50.03342], [5.857573, 50.03366], [5.857725, 50.03399], [5.857863, 50.034237], [5.857927, 50.03433], [5.858087, 50.034485], [5.858087, 50.034542], [5.858076, 50.03469], [5.857996, 50.034744], [5.857801, 50.03488], [5.857496, 50.03505], [5.85734, 50.035122], [5.857161, 50.035187], [5.856787, 50.035313], [5.856516, 50.035397], [5.856855, 50.035706], [5.856523, 50.03585], [5.856119, 50.03604], [5.856127, 50.03608], [5.856161, 50.0361], [5.856089, 50.03619], [5.85607, 50.03623], [5.85607, 50.036278], [5.856111, 50.036316], [5.856184, 50.036346], [5.856794, 50.03656], [5.857027, 50.03665], [5.857279, 50.036762], [5.857462, 50.03685], [5.857657, 50.036953], [5.857763, 50.03706], [5.857954, 50.03726], [5.858, 50.037304], [5.858557, 50.037678], [5.859037, 50.038002], [5.859285, 50.038147], [5.859823, 50.0384], [5.860037, 50.038483], [5.860449, 50.038635], [5.860823, 50.03876], [5.861189, 50.038887], [5.861219, 50.038834], [5.861937, 50.038933], [5.862463, 50.039017], [5.862703, 50.03907], [5.86315, 50.039196], [5.863512, 50.039318], [5.863653, 50.03938], [5.863382, 50.039436], [5.863298, 50.0394], [5.863092, 50.039593], [5.862791, 50.039883], [5.862577, 50.04009], [5.862959, 50.04021], [5.862646, 50.04067], [5.862555, 50.0408], [5.862371, 50.041035], [5.862299, 50.041134], [5.862478, 50.041214], [5.862459, 50.04125], [5.862429, 50.041313], [5.862658, 50.041473], [5.862955, 50.041676], [5.863012, 50.041702], [5.863104, 50.04173], [5.86331, 50.041782], [5.863237, 50.042206], [5.863924, 50.042233], [5.864069, 50.042244], [5.864283, 50.042263], [5.864752, 50.04233], [5.865343, 50.042423], [5.865271, 50.04271], [5.86603, 50.04292], [5.866362, 50.043022], [5.866476, 50.043068], [5.866617, 50.043137], [5.867018, 50.04333], [5.867205, 50.043423], [5.867445, 50.043285], [5.867708, 50.04344], [5.867903, 50.04356], [5.86809, 50.043633], [5.868227, 50.043686], [5.868307, 50.04374], [5.868349, 50.04378], [5.868414, 50.04386], [5.868456, 50.043926], [5.868467, 50.043945], [5.868463, 50.04396], [5.86836, 50.04421], [5.868269, 50.04435], [5.868216, 50.04441], [5.868074, 50.044525], [5.868025, 50.04457], [5.867903, 50.04473], [5.867769, 50.044907], [5.867594, 50.045135], [5.86746, 50.04533], [5.8678, 50.04543], [5.868177, 50.0455], [5.868799, 50.045654], [5.869432, 50.04582], [5.869871, 50.045933], [5.869909, 50.045944], [5.869699, 50.046227], [5.869455, 50.04651], [5.869234, 50.04685], [5.868723, 50.04771], [5.86833, 50.048363], [5.867945, 50.04901], [5.867804, 50.04925], [5.867727, 50.049397], [5.867586, 50.049774], [5.867441, 50.050186], [5.867155, 50.05037], [5.866911, 50.050526], [5.866583, 50.050713], [5.866274, 50.050888], [5.866102, 50.05099], [5.86595, 50.051117], [5.865583, 50.05142], [5.865183, 50.05172], [5.86492, 50.05202], [5.864782, 50.05215], [5.86447, 50.052437], [5.864351, 50.052547], [5.864119, 50.05275], [5.863916, 50.052914], [5.863771, 50.053017], [5.86347, 50.05321], [5.86297, 50.053516], [5.862471, 50.053795], [5.862139, 50.053993], [5.861792, 50.05423], [5.86141, 50.05452], [5.861242, 50.05466], [5.861174, 50.054752], [5.861135, 50.05483], [5.86112, 50.05494], [5.861124, 50.05503], [5.861025, 50.055046], [5.861002, 50.054985], [5.860971, 50.054924], [5.860846, 50.05472], [5.86062, 50.05445], [5.860304, 50.0545], [5.860029, 50.05455], [5.859888, 50.054585], [5.85951, 50.054714], [5.859198, 50.054817], [5.858847, 50.054935], [5.858625, 50.054996], [5.858347, 50.05503], [5.858099, 50.055042], [5.857824, 50.055042], [5.857519, 50.055016], [5.857405, 50.05529], [5.857248, 50.05562], [5.857115, 50.055866], [5.856943, 50.056187], [5.856833, 50.056454], [5.856729, 50.05678], [5.856646, 50.057056], [5.856543, 50.057404], [5.856466, 50.057682], [5.85626, 50.05767], [5.856066, 50.057667], [5.855989, 50.057865], [5.855646, 50.057846], [5.855467, 50.058], [5.855162, 50.058258], [5.855055, 50.058346], [5.854826, 50.058514], [5.854452, 50.058754], [5.854204, 50.05889], [5.854467, 50.059044], [5.854574, 50.059376], [5.854776, 50.059998], [5.854948, 50.06012], [5.855257, 50.060352], [5.855581, 50.060623], [5.855883, 50.06089], [5.856287, 50.06126], [5.856573, 50.061527], [5.856646, 50.061596], [5.856588, 50.06176], [5.856451, 50.062126], [5.856489, 50.06222], [5.856554, 50.062344], [5.856596, 50.062428], [5.856592, 50.062584], [5.856604, 50.06274], [5.856626, 50.0633], [5.856668, 50.06366], [5.856729, 50.06394], [5.856844, 50.064247], [5.857012, 50.064583], [5.857183, 50.064884], [5.857317, 50.065094], [5.857473, 50.065327], [5.857649, 50.065563], [5.857866, 50.06588], [5.858156, 50.066383], [5.858351, 50.06668], [5.858442, 50.06681], [5.858686, 50.067074], [5.859049, 50.067417], [5.859095, 50.06746], [5.859274, 50.067654], [5.859602, 50.067997], [5.859827, 50.068222], [5.860167, 50.068596], [5.860411, 50.068855], [5.860559, 50.06904], [5.860663, 50.069214], [5.860971, 50.06925], [5.861277, 50.069305], [5.86149, 50.069347], [5.861608, 50.069366], [5.861822, 50.069386], [5.862005, 50.069393], [5.862291, 50.069427], [5.862551, 50.06948], [5.862738, 50.069523], [5.862913, 50.069572], [5.863195, 50.06972], [5.863317, 50.06978], [5.863451, 50.069836], [5.863584, 50.06988], [5.86384, 50.06995], [5.864141, 50.07002], [5.864412, 50.070076], [5.864656, 50.070137], [5.864958, 50.070248], [5.865541, 50.070488], [5.865751, 50.070568], [5.865934, 50.070656], [5.866255, 50.070854], [5.866575, 50.07106], [5.866831, 50.07123], [5.867193, 50.071507], [5.867441, 50.07171], [5.867636, 50.071873], [5.867888, 50.072086], [5.867842, 50.07244], [5.867781, 50.072872], [5.867716, 50.073353], [5.868074, 50.073494], [5.868486, 50.073643], [5.869253, 50.073883], [5.869821, 50.074055], [5.870306, 50.074207], [5.870851, 50.0744], [5.871332, 50.074554], [5.871767, 50.074684], [5.872251, 50.074863], [5.872923, 50.075043], [5.873808, 50.075264], [5.874235, 50.075375], [5.874746, 50.075493], [5.875174, 50.07559], [5.875876, 50.075752], [5.876459, 50.07589], [5.877279, 50.076088], [5.877852, 50.07621], [5.878531, 50.076344], [5.878779, 50.0764], [5.879301, 50.076477], [5.879705, 50.07653], [5.879999, 50.076565], [5.880842, 50.076687], [5.881502, 50.07677], [5.881876, 50.076805], [5.882196, 50.076824], [5.882254, 50.076565], [5.882338, 50.076134], [5.882357, 50.07605], [5.882517, 50.076363], [5.882631, 50.07656], [5.882822, 50.076717], [5.883085, 50.076893], [5.88352, 50.077152], [5.883776, 50.07726], [5.884249, 50.077415], [5.885225, 50.07772], [5.885782, 50.07796], [5.886011, 50.078087], [5.886167, 50.078186], [5.886454, 50.078396], [5.88674, 50.078667], [5.886927, 50.0789], [5.887137, 50.079212], [5.887239, 50.079407], [5.887304, 50.079704], [5.887403, 50.080326], [5.887434, 50.08056], [5.887503, 50.081127], [5.887537, 50.081524], [5.887548, 50.08192], [5.887529, 50.082146], [5.887423, 50.082806], [5.887258, 50.083645], [5.887236, 50.083874], [5.887316, 50.084343], [5.887335, 50.084827], [5.887323, 50.0853], [5.887301, 50.085655], [5.887247, 50.086025], [5.887178, 50.086414], [5.887133, 50.08655], [5.88706, 50.086823], [5.886854, 50.08753], [5.886808, 50.087837], [5.886702, 50.088284], [5.886641, 50.088585], [5.886583, 50.088943], [5.88648, 50.089855], [5.886476, 50.090096], [5.886457, 50.090412], [5.886469, 50.09051], [5.886526, 50.09066], [5.886583, 50.090786], [5.886705, 50.09098], [5.886999, 50.09142], [5.887465, 50.09209], [5.887846, 50.092617], [5.888018, 50.092903], [5.888334, 50.093353], [5.888693, 50.094006], [5.888784, 50.0942], [5.88909, 50.09508], [5.889185, 50.09528], [5.889288, 50.09555], [5.889341, 50.095627], [5.889513, 50.09575], [5.889593, 50.095818], [5.889761, 50.095993], [5.889879, 50.09616], [5.889978, 50.096317], [5.89023, 50.096596], [5.890478, 50.096867], [5.890707, 50.097103], [5.891016, 50.097565], [5.891119, 50.09782], [5.891306, 50.098312], [5.891546, 50.09873], [5.891981, 50.099323], [5.892084, 50.09942], [5.892752, 50.09979], [5.89358, 50.10033], [5.893915, 50.100574], [5.894152, 50.100742], [5.894434, 50.101017], [5.89456, 50.101154], [5.894606, 50.101334], [5.894598, 50.101406], [5.894491, 50.102005], [5.894396, 50.1027], [5.894384, 50.10292], [5.8944, 50.10311], [5.894438, 50.1033], [5.894541, 50.103565], [5.894693, 50.10389], [5.894949, 50.104355], [5.895006, 50.104489], [5.895052, 50.104595], [5.895201, 50.104954], [5.8953, 50.10528], [5.895323, 50.105515], [5.89533, 50.105927], [5.895315, 50.106125], [5.895212, 50.106705], [5.895075, 50.10733], [5.895067, 50.10791], [5.895052, 50.108593], [5.895041, 50.109184], [5.89506, 50.109352], [5.895186, 50.109898], [5.895246, 50.110214], [5.895418, 50.110703], [5.895502, 50.111103], [5.895513, 50.11128], [5.895456, 50.111526], [5.895316, 50.112162], [5.895385, 50.112208], [5.896723, 50.112865], [5.897924, 50.113457], [5.898161, 50.113575], [5.898249, 50.113632], [5.898306, 50.113674], [5.89842, 50.113773], [5.898581, 50.11391], [5.898619, 50.113945], [5.899008, 50.11429], [5.899157, 50.114426], [5.899256, 50.114532], [5.899446, 50.114727], [5.899656, 50.114956], [5.899794, 50.11511], [5.900007, 50.11536], [5.900263, 50.11567], [5.900354, 50.115765], [5.900465, 50.11587], [5.900526, 50.11592], [5.900667, 50.116024], [5.900743, 50.116077], [5.900827, 50.116127], [5.900888, 50.116158], [5.90101, 50.116203], [5.901213, 50.11626], [5.901461, 50.116337], [5.901522, 50.116352], [5.901983, 50.116493], [5.902395, 50.116623], [5.902411, 50.11663], [5.902491, 50.11666], [5.902723, 50.116783], [5.902849, 50.11685], [5.902956, 50.116913], [5.9032, 50.11705], [5.903494, 50.117214], [5.90354, 50.11723], [5.903913, 50.117332], [5.904325, 50.11745], [5.904604, 50.117546], [5.904856, 50.117645], [5.905024, 50.11771], [5.90526, 50.117798], [5.905817, 50.117996], [5.905943, 50.11803], [5.906244, 50.118126], [5.906561, 50.118217], [5.906836, 50.118294], [5.907003, 50.11835], [5.907167, 50.11841], [5.907347, 50.11847], [5.90769, 50.118595], [5.90798, 50.118656], [5.908339, 50.11872], [5.90869, 50.11879], [5.908792, 50.118813], [5.908895, 50.118847], [5.908964, 50.118877], [5.909151, 50.118946], [5.909525, 50.119087], [5.909716, 50.119232], [5.909899, 50.11937], [5.91028, 50.119663], [5.910395, 50.11976], [5.910421, 50.11978], [5.91049, 50.11986], [5.910585, 50.119987], [5.910681, 50.120106], [5.910871, 50.12035], [5.911074, 50.120598], [5.911188, 50.12074], [5.911253, 50.120678], [5.911722, 50.120876], [5.912153, 50.121063], [5.912512, 50.121216], [5.912859, 50.121365], [5.912874, 50.121372], [5.913221, 50.12152], [5.913542, 50.12166], [5.914061, 50.121883], [5.914095, 50.121902], [5.914579, 50.121815], [5.914823, 50.12177], [5.915262, 50.121662], [5.915548, 50.1216], [5.915949, 50.121544], [5.916082, 50.121536], [5.916224, 50.121532], [5.916441, 50.12154], [5.917013, 50.121544], [5.91741, 50.12154], [5.917444, 50.121555], [5.917669, 50.121647], [5.917894, 50.121735], [5.91815, 50.121834], [5.918413, 50.121937], [5.918985, 50.12216], [5.91963, 50.122414], [5.920359, 50.1227], [5.920843, 50.12288], [5.921492, 50.12313], [5.921568, 50.12318], [5.921637, 50.123226], [5.92227, 50.1234], [5.92285, 50.12356], [5.923571, 50.12376], [5.924639, 50.124054], [5.925898, 50.12441], [5.926218, 50.124557], [5.9265, 50.124695], [5.926539, 50.12471], [5.927095, 50.124973], [5.928083, 50.125446], [5.928427, 50.125607], [5.928812, 50.12579], [5.929239, 50.12599], [5.929663, 50.12619], [5.929754, 50.12621], [5.929937, 50.126255], [5.93014, 50.126293], [5.930345, 50.12632], [5.930559, 50.12634], [5.930845, 50.126358], [5.931185, 50.12638], [5.931402, 50.1264], [5.931623, 50.126427], [5.931921, 50.126472], [5.932215, 50.126526], [5.932371, 50.126556], [5.932756, 50.126656], [5.933146, 50.12676], [5.933397, 50.12683], [5.933573, 50.126873], [5.93371, 50.126896], [5.933889, 50.126923], [5.934008, 50.126934], [5.934141, 50.12695], [5.934305, 50.126762], [5.934317, 50.12675], [5.934492, 50.126766], [5.93471, 50.12678], [5.935327, 50.126827], [5.935507, 50.126842], [5.935778, 50.126957], [5.935789, 50.126965], [5.936289, 50.127018], [5.936678, 50.126965], [5.936777, 50.126953], [5.936884, 50.126945], [5.937174, 50.126938], [5.937414, 50.12715], [5.937502, 50.12722], [5.937613, 50.12729], [5.937784, 50.127373], [5.938044, 50.127487], [5.938246, 50.127563], [5.93849, 50.127647], [5.938734, 50.127728], [5.939123, 50.127842], [5.939531, 50.12796], [5.939798, 50.12804], [5.93984, 50.128056], [5.939913, 50.128048], [5.940042, 50.128098], [5.940309, 50.12818], [5.940809, 50.128326], [5.941595, 50.128567], [5.942343, 50.12877], [5.942705, 50.12883], [5.942751, 50.128838], [5.942644, 50.129], [5.942675, 50.12901], [5.943136, 50.129105], [5.94343, 50.129158], [5.943655, 50.129185], [5.943785, 50.12919], [5.94396, 50.129185], [5.94425, 50.129173], [5.944258, 50.12922], [5.944548, 50.12919], [5.944742, 50.129173], [5.945074, 50.129154], [5.945105, 50.129105], [5.945486, 50.12912], [5.945982, 50.12915], [5.94607, 50.12916], [5.946218, 50.129192], [5.94628, 50.129215], [5.946348, 50.129242], [5.946382, 50.129242], [5.946405, 50.129234], [5.94644, 50.129227], [5.94647, 50.12922], [5.946508, 50.129215], [5.946547, 50.129234], [5.946611, 50.129246], [5.946646, 50.129246], [5.946688, 50.129234], [5.946756, 50.129253], [5.946794, 50.12926], [5.946833, 50.12926], [5.946894, 50.12925], [5.94697, 50.129234], [5.947, 50.12923], [5.947035, 50.129234], [5.947111, 50.129246], [5.947168, 50.129253], [5.94729, 50.12925], [5.947298, 50.129204], [5.947523, 50.12914], [5.947592, 50.129128], [5.947649, 50.129124], [5.94776, 50.12913], [5.947943, 50.129135], [5.948069, 50.12913], [5.948202, 50.129128], [5.948393, 50.12912], [5.949106, 50.129143], [5.949743, 50.129166], [5.949865, 50.129173], [5.950003, 50.129185], [5.950129, 50.1292], [5.950224, 50.129215], [5.950777, 50.12933], [5.951521, 50.12949], [5.951723, 50.129536], [5.951883, 50.129578], [5.952143, 50.12965], [5.952406, 50.12973], [5.952738, 50.129837], [5.953375, 50.13003], [5.953669, 50.130108], [5.954016, 50.130215], [5.954042, 50.130222], [5.953993, 50.1303], [5.953753, 50.130688], [5.953787, 50.130737], [5.953852, 50.130806], [5.953943, 50.130905], [5.954008, 50.130978], [5.954119, 50.130978], [5.954222, 50.130985], [5.954321, 50.13101], [5.954668, 50.131092], [5.954859, 50.131073], [5.954973, 50.131058], [5.955229, 50.13105], [5.955347, 50.131054], [5.955793, 50.13106], [5.956156, 50.13107], [5.956297, 50.13107], [5.956419, 50.13106], [5.956678, 50.131054], [5.956823, 50.131042], [5.956904, 50.131042], [5.957018, 50.131046], [5.957109, 50.131054], [5.9573, 50.131077], [5.957476, 50.1311], [5.95764, 50.13112], [5.957701, 50.13112], [5.957808, 50.131115], [5.95796, 50.131107], [5.958261, 50.13108], [5.958559, 50.131054], [5.958841, 50.131027], [5.958952, 50.13102], [5.959131, 50.131004], [5.959269, 50.131], [5.959417, 50.131], [5.959677, 50.13101], [5.959848, 50.131023], [5.959955, 50.13104], [5.960199, 50.13109], [5.960482, 50.131134], [5.960638, 50.131165], [5.960794, 50.131203], [5.961332, 50.131363], [5.961164, 50.131584], [5.960905, 50.13201], [5.960791, 50.13218], [5.960463, 50.13276], [5.960382, 50.132923], [5.960062, 50.13369], [5.959829, 50.13427], [5.959764, 50.134457], [5.959631, 50.13498], [5.959627, 50.135017], [5.959616, 50.135082], [5.95957, 50.135387], [5.959539, 50.135567], [5.959352, 50.136154], [5.959082, 50.137093], [5.958883, 50.137756], [5.958666, 50.138424], [5.958563, 50.138786], [5.958555, 50.13881], [5.95854, 50.138866], [5.958632, 50.13898], [5.959207, 50.139732], [5.959475, 50.140083], [5.960237, 50.141098], [5.960955, 50.142044], [5.961168, 50.14233], [5.961348, 50.142567], [5.961302, 50.142967], [5.961226, 50.143692], [5.961149, 50.144203], [5.961042, 50.144844], [5.960909, 50.145096], [5.960722, 50.145454], [5.960657, 50.14561], [5.96055, 50.14587], [5.960459, 50.146126], [5.960329, 50.146534], [5.960249, 50.146843], [5.960199, 50.14709], [5.960184, 50.14731], [5.960173, 50.147556], [5.960276, 50.14761], [5.960302, 50.147823], [5.960329, 50.14802], [5.960367, 50.148235], [5.960405, 50.148388], [5.960463, 50.14858], [5.960543, 50.148815], [5.96063, 50.149002], [5.960802, 50.14928], [5.960936, 50.149464], [5.96121, 50.149815], [5.960745, 50.149994], [5.960394, 50.150116], [5.959963, 50.150238], [5.95973, 50.150322], [5.959566, 50.150364], [5.959402, 50.150402], [5.959211, 50.15044], [5.9587, 50.150528], [5.958727, 50.15065], [5.958826, 50.15118], [5.958136, 50.151398], [5.958261, 50.151447], [5.958422, 50.15152], [5.959257, 50.151936], [5.95957, 50.152077], [5.959906, 50.15222], [5.960337, 50.152393], [5.96044, 50.152313], [5.961348, 50.152683], [5.961683, 50.15285], [5.962133, 50.153076], [5.962122, 50.15309], [5.96269, 50.15334], [5.962892, 50.15311], [5.962935, 50.153057], [5.963533, 50.15318], [5.96398, 50.153286], [5.964495, 50.153423], [5.964968, 50.15357], [5.96509, 50.153606], [5.965265, 50.153664], [5.965418, 50.153717], [5.965586, 50.15379], [5.965712, 50.15385], [5.965868, 50.15394], [5.965998, 50.154026], [5.966135, 50.15412], [5.966242, 50.154205], [5.966398, 50.154327], [5.966585, 50.154488], [5.966829, 50.1547], [5.966997, 50.154858], [5.967077, 50.154945], [5.967127, 50.15501], [5.967146, 50.155094], [5.967154, 50.155163], [5.96715, 50.15526], [5.967142, 50.155304], [5.967115, 50.155376], [5.96707, 50.155437], [5.9667, 50.155823], [5.966616, 50.155907], [5.965921, 50.156597], [5.965326, 50.157196], [5.964911, 50.157623], [5.964308, 50.15824], [5.964182, 50.158543], [5.964022, 50.15892], [5.96377, 50.159523], [5.963587, 50.159966], [5.963324, 50.16063], [5.963198, 50.16094], [5.961771, 50.160763], [5.961863, 50.161053], [5.961924, 50.16124], [5.961954, 50.161304], [5.96224, 50.16164], [5.962347, 50.161785], [5.962938, 50.162655], [5.963701, 50.16372], [5.963804, 50.163834], [5.96388, 50.163933], [5.963938, 50.16405], [5.964025, 50.16433], [5.964129, 50.164692], [5.964178, 50.16489], [5.964193, 50.165264], [5.964197, 50.165737], [5.964197, 50.16608], [5.964155, 50.166344], [5.964086, 50.166527], [5.964064, 50.166584], [5.964071, 50.166664], [5.964121, 50.166847], [5.964247, 50.16715], [5.964285, 50.167282], [5.964315, 50.167442], [5.964327, 50.16761], [5.964308, 50.168053], [5.964281, 50.168255], [5.964235, 50.16866], [5.964228, 50.16886], [5.964235, 50.16906], [5.964285, 50.169373], [5.964292, 50.16946], [5.964277, 50.169933], [5.964243, 50.17039], [5.964254, 50.17126], [5.964239, 50.171413], [5.964201, 50.171535], [5.963976, 50.17194], [5.963831, 50.172253], [5.963678, 50.172634], [5.963793, 50.172676], [5.964144, 50.172802], [5.964373, 50.172867], [5.965101, 50.17306], [5.965139, 50.173042], [5.965658, 50.173035], [5.965727, 50.17305], [5.966307, 50.173035], [5.966673, 50.173], [5.967058, 50.17293], [5.967413, 50.172874], [5.967638, 50.17285], [5.967814, 50.172848], [5.968, 50.17285], [5.968359, 50.17285], [5.968561, 50.172928], [5.96892, 50.173084], [5.969316, 50.173294], [5.969492, 50.173405], [5.969645, 50.173546], [5.96985, 50.173805], [5.970072, 50.174065], [5.97019, 50.174168], [5.970427, 50.174347], [5.970503, 50.17444], [5.970579, 50.17458], [5.970675, 50.174805], [5.970739, 50.17487], [5.970808, 50.17491], [5.971033, 50.175014], [5.971067, 50.17502], [5.971602, 50.175026], [5.972231, 50.17503], [5.972998, 50.175037], [5.974119, 50.17505], [5.974745, 50.17506], [5.975347, 50.175064], [5.975779, 50.175068], [5.976114, 50.175076], [5.976835, 50.175087], [5.977224, 50.175087], [5.977686, 50.17509], [5.978079, 50.1751], [5.978514, 50.175102], [5.979124, 50.175106], [5.979578, 50.17511], [5.979902, 50.175114], [5.980623, 50.17512], [5.981386, 50.175125], [5.981916, 50.17513], [5.982058, 50.17513], [5.98242, 50.175133], [5.98282, 50.175137], [5.983591, 50.17514], [5.984976, 50.17514], [5.984999, 50.175194], [5.986101, 50.1752], [5.986765, 50.1752], [5.987844, 50.175213], [5.988733, 50.175213], [5.989298, 50.175205], [5.990049, 50.175213], [5.990953, 50.17522], [5.992216, 50.17532], [5.992636, 50.17535], [5.993311, 50.175396], [5.994833, 50.175507], [5.995832, 50.175575], [5.996477, 50.17562], [5.997179, 50.175674], [5.998671, 50.175777], [5.99922, 50.17582], [5.999739, 50.175858], [5.999933, 50.175873], [6.000471, 50.175934], [6.001081, 50.176014], [6.001703, 50.176098], [6.002562, 50.176247], [6.003012, 50.17634], [6.003538, 50.17646], [6.004206, 50.176632], [6.005217, 50.176937], [6.0063, 50.17726], [6.007429, 50.17758], [6.008051, 50.177765], [6.009172, 50.17814], [6.009516, 50.178257], [6.009661, 50.17829], [6.010923, 50.17842], [6.011293, 50.178463], [6.011507, 50.178497], [6.011999, 50.178642], [6.012281, 50.178722], [6.012753, 50.178846], [6.012983, 50.178913], [6.013212, 50.178986], [6.013464, 50.17909], [6.013662, 50.17919], [6.014158, 50.17951], [6.01438, 50.179623], [6.014597, 50.17972], [6.014872, 50.179848], [6.015203, 50.17996], [6.015837, 50.180153], [6.016245, 50.180286], [6.016684, 50.180447], [6.017023, 50.18058], [6.017103, 50.18062], [6.01716, 50.180653], [6.01721, 50.1807], [6.017393, 50.180943], [6.017488, 50.18108], [6.017572, 50.18117], [6.017641, 50.18121], [6.017805, 50.181274], [6.018202, 50.181377], [6.018549, 50.181446], [6.01885, 50.1815], [6.01906, 50.181526], [6.01972, 50.18161], [6.019926, 50.181644], [6.020185, 50.181705], [6.020327, 50.18175], [6.020494, 50.181816], [6.02099, 50.18207], [6.021254, 50.182182], [6.021536, 50.182274], [6.022127, 50.182434], [6.022276, 50.18246], [6.023439, 50.182575], [6.024734, 50.182771], [6.025038, 50.18181], [6.025275, 50.180953], [6.025457, 50.180317], [6.025686, 50.179543], [6.025824, 50.17916], [6.025957, 50.178818], [6.026449, 50.177494], [6.026567, 50.177216], [6.026663, 50.1771], [6.027372, 50.176464], [6.027468, 50.176315], [6.027807, 50.175743], [6.028116, 50.17522], [6.028273, 50.174797], [6.028605, 50.174126], [6.028669, 50.173992], [6.028845, 50.173645], [6.029005, 50.173317], [6.02915, 50.172863], [6.029161, 50.172794], [6.02928, 50.171944], [6.029314, 50.171764], [6.029455, 50.171352], [6.029528, 50.171074], [6.029562, 50.170742], [6.029554, 50.17028], [6.029509, 50.169815], [6.029417, 50.16933], [6.029356, 50.169033], [6.029348, 50.16892], [6.029367, 50.168808], [6.029444, 50.168434], [6.029505, 50.168037], [6.029554, 50.167656], [6.029577, 50.16747], [6.029577, 50.16737], [6.029524, 50.16714], [6.029421, 50.166885], [6.029291, 50.166557], [6.029257, 50.16646], [6.029249, 50.166378], [6.029265, 50.166283], [6.029291, 50.166187], [6.029409, 50.165985], [6.02947, 50.165924], [6.029699, 50.165676], [6.030111, 50.16522], [6.030443, 50.16484], [6.030733, 50.164516], [6.030806, 50.16452], [6.03116, 50.164234], [6.031137, 50.16419], [6.031244, 50.16406], [6.031393, 50.16392], [6.031797, 50.16372], [6.032099, 50.163498], [6.032824, 50.16285], [6.033297, 50.162468], [6.033594, 50.162273], [6.033842, 50.16217], [6.034224, 50.16208], [6.034906, 50.161957], [6.035219, 50.16191], [6.035353, 50.16187], [6.03565, 50.161644], [6.035994, 50.16142], [6.03652, 50.161083], [6.037111, 50.160583], [6.037249, 50.16048], [6.037527, 50.160385], [6.038057, 50.160202], [6.039076, 50.15979], [6.040049, 50.159405], [6.041071, 50.159176], [6.04204, 50.158947], [6.042299, 50.15887], [6.043146, 50.15863], [6.04352, 50.158504], [6.044123, 50.158226], [6.04484, 50.157906], [6.045172, 50.157703], [6.045656, 50.157593], [6.045725, 50.15769], [6.04619, 50.15761], [6.046938, 50.15749], [6.04767, 50.157375], [6.048067, 50.15731], [6.048391, 50.15726], [6.048624, 50.157227], [6.048777, 50.157196], [6.049318, 50.157063], [6.049906, 50.156918], [6.050299, 50.156822], [6.050623, 50.15671], [6.051191, 50.156525], [6.051729, 50.156338], [6.052057, 50.15624], [6.052252, 50.15618], [6.053, 50.155937], [6.053553, 50.155746], [6.054209, 50.155525], [6.054785, 50.15534], [6.055075, 50.155243], [6.055185, 50.15521], [6.055349, 50.15515], [6.05541, 50.15512], [6.055567, 50.155014], [6.055708, 50.15493], [6.055899, 50.15481], [6.055986, 50.154766], [6.056059, 50.154716], [6.056127, 50.15467], [6.056192, 50.15464], [6.056372, 50.154594], [6.056543, 50.154545], [6.056696, 50.154488], [6.05702, 50.154346], [6.057097, 50.154373], [6.057108, 50.15437], [6.057116, 50.15435], [6.057131, 50.154335], [6.05715, 50.154324], [6.057184, 50.154316], [6.057276, 50.154305], [6.057402, 50.154285], [6.057566, 50.154263], [6.057692, 50.15425], [6.057833, 50.154243], [6.057898, 50.154243], [6.058008, 50.154247], [6.058107, 50.15425], [6.058153, 50.154247], [6.058233, 50.154236], [6.058378, 50.154205], [6.058596, 50.154156], [6.058683, 50.15413], [6.058699, 50.154118], [6.058764, 50.154064], [6.058809, 50.15404], [6.058863, 50.154034], [6.058928, 50.154045], [6.058989, 50.154068], [6.059023, 50.15407], [6.059046, 50.154064], [6.059168, 50.153996], [6.059324, 50.153965], [6.059397, 50.153957], [6.059538, 50.153954], [6.059656, 50.153957], [6.059732, 50.153957], [6.059961, 50.153923], [6.059996, 50.153915], [6.060045, 50.15389], [6.060091, 50.153873], [6.060137, 50.15387], [6.060183, 50.153877], [6.060259, 50.15389], [6.060316, 50.153893], [6.060377, 50.15389], [6.06045, 50.153873], [6.060537, 50.153847], [6.060698, 50.153805], [6.060831, 50.153755], [6.060885, 50.153744], [6.060976, 50.15372], [6.061041, 50.153717], [6.061144, 50.153725], [6.061197, 50.15372], [6.061266, 50.1537], [6.061384, 50.15366], [6.061453, 50.153645], [6.061495, 50.15364], [6.061579, 50.153664], [6.061624, 50.153667], [6.061663, 50.153664], [6.061724, 50.153652], [6.061762, 50.153656], [6.06193, 50.153687], [6.061953, 50.153706], [6.061975, 50.15373], [6.061998, 50.15374], [6.062029, 50.153736], [6.062044, 50.153732], [6.062059, 50.153706], [6.062075, 50.153694], [6.062105, 50.15369], [6.062132, 50.153694], [6.062155, 50.153713], [6.062182, 50.153732], [6.062227, 50.15375], [6.062269, 50.153755], [6.062357, 50.153755], [6.062441, 50.153763], [6.062479, 50.153774], [6.062494, 50.15378], [6.062551, 50.153828], [6.062597, 50.153854], [6.062628, 50.153862], [6.062651, 50.15386], [6.062666, 50.15385], [6.062674, 50.15383], [6.062674, 50.1538], [6.062681, 50.153778], [6.062704, 50.15376], [6.062727, 50.153748], [6.062777, 50.15373], [6.062818, 50.1537], [6.062857, 50.153683], [6.06288, 50.15368], [6.062933, 50.153675], [6.063017, 50.15367], [6.063089, 50.15366], [6.063177, 50.153637], [6.063242, 50.153625], [6.063311, 50.15361], [6.063353, 50.153595], [6.063387, 50.153572], [6.063417, 50.15353], [6.063429, 50.153507], [6.063436, 50.15343], [6.063414, 50.153397], [6.063421, 50.153362], [6.063444, 50.153343], [6.063459, 50.153343], [6.063559, 50.153374], [6.063646, 50.15339], [6.063791, 50.153408], [6.063879, 50.15341], [6.064055, 50.15341], [6.064115, 50.15342], [6.064199, 50.153446], [6.064306, 50.1535], [6.064375, 50.153526], [6.064455, 50.153557], [6.064562, 50.15359], [6.0646, 50.153614], [6.064627, 50.153633], [6.064527, 50.15379], [6.064566, 50.1538], [6.064844, 50.15381], [6.065046, 50.15382], [6.065405, 50.153915], [6.065771, 50.15402], [6.065859, 50.154083], [6.066027, 50.154205], [6.06616, 50.15427], [6.066229, 50.1543], [6.066294, 50.154327], [6.066374, 50.154346], [6.0665, 50.154373], [6.066633, 50.154404], [6.066866, 50.15448], [6.067183, 50.15459], [6.067381, 50.15467], [6.067652, 50.154785], [6.068205, 50.15505], [6.068518, 50.15519], [6.068636, 50.15524], [6.068754, 50.15527], [6.068842, 50.1553], [6.068873, 50.155315], [6.068918, 50.155354], [6.068964, 50.1554], [6.069014, 50.155457], [6.06909, 50.155563], [6.069147, 50.15563], [6.069216, 50.1557], [6.069307, 50.15578], [6.069384, 50.15584], [6.06959, 50.156036], [6.069792, 50.156235], [6.06991, 50.15633], [6.070005, 50.1564], [6.070051, 50.156437], [6.0702, 50.156605], [6.070276, 50.156666], [6.070314, 50.156685], [6.07036, 50.156696], [6.070421, 50.156704], [6.070436, 50.156704], [6.070478, 50.15669], [6.07052, 50.156677], [6.070547, 50.15668], [6.070589, 50.156696], [6.070631, 50.15671], [6.070658, 50.156715], [6.070669, 50.15671], [6.070684, 50.1567], [6.070715, 50.156673], [6.070742, 50.156654], [6.070768, 50.156654], [6.070787, 50.156666], [6.070795, 50.15668], [6.070787, 50.1567], [6.070776, 50.156742], [6.07078, 50.156754], [6.070784, 50.156784], [6.070776, 50.156796], [6.070757, 50.15681], [6.070745, 50.156834], [6.070753, 50.15685], [6.070787, 50.156864], [6.070822, 50.156876], [6.070864, 50.15688], [6.070883, 50.15689], [6.070906, 50.156895], [6.070925, 50.156887], [6.070936, 50.156864], [6.07097, 50.156837], [6.071001, 50.156826], [6.07102, 50.15683], [6.071043, 50.156845], [6.071058, 50.15686], [6.071054, 50.156876], [6.071047, 50.156902], [6.071051, 50.15692], [6.071081, 50.156937], [6.071123, 50.15694], [6.071138, 50.15691], [6.071176, 50.156906], [6.071245, 50.15695], [6.071367, 50.157013], [6.071489, 50.15707], [6.071604, 50.15714], [6.071665, 50.15718], [6.071676, 50.157207], [6.07168, 50.157246], [6.071707, 50.157276], [6.071768, 50.157307], [6.07189, 50.157356], [6.072012, 50.157394], [6.072123, 50.157413], [6.07221, 50.15743], [6.072298, 50.15743], [6.07237, 50.15742], [6.072455, 50.157406], [6.072561, 50.157387], [6.072626, 50.15738], [6.072687, 50.1574], [6.072794, 50.157425], [6.072882, 50.15745], [6.072977, 50.15748], [6.073011, 50.157475], [6.073042, 50.15746], [6.073038, 50.157444], [6.073027, 50.15743], [6.073023, 50.157417], [6.073034, 50.15741], [6.073061, 50.15741], [6.073133, 50.15742], [6.07316, 50.157425], [6.073191, 50.15742], [6.073233, 50.15741], [6.073271, 50.15741], [6.07329, 50.157413], [6.073297, 50.15743], [6.07329, 50.157444], [6.073282, 50.157463], [6.07329, 50.15748], [6.073305, 50.15749], [6.073332, 50.15749], [6.073351, 50.157482], [6.073355, 50.15747], [6.073355, 50.15745], [6.073366, 50.15744], [6.073404, 50.157433], [6.0735, 50.157433], [6.073542, 50.15744], [6.073568, 50.15745], [6.07358, 50.157475], [6.073595, 50.157486], [6.073622, 50.157497], [6.073656, 50.1575], [6.073702, 50.157505], [6.073732, 50.157497], [6.073759, 50.157482], [6.073786, 50.15745], [6.073805, 50.15744], [6.073839, 50.157433], [6.073874, 50.15744], [6.073927, 50.157436], [6.073996, 50.157444], [6.074022, 50.157455], [6.07403, 50.157467], [6.074041, 50.15747], [6.074057, 50.157467], [6.074083, 50.15746], [6.074118, 50.15746], [6.074148, 50.157467], [6.074171, 50.15748], [6.07419, 50.15748], [6.074221, 50.157467], [6.074232, 50.15745], [6.074247, 50.157444], [6.07427, 50.157448], [6.074308, 50.157448], [6.074327, 50.15744], [6.07435, 50.15741], [6.074411, 50.15739], [6.074438, 50.157383], [6.074438, 50.157368], [6.074423, 50.157352], [6.074419, 50.157333], [6.074423, 50.157322], [6.074442, 50.157307], [6.074484, 50.157303], [6.074518, 50.157284], [6.074549, 50.157265], [6.074572, 50.15724], [6.074587, 50.15723], [6.074614, 50.15721], [6.07464, 50.157204], [6.074694, 50.15718], [6.07472, 50.15718], [6.074774, 50.15719], [6.074808, 50.15719], [6.074827, 50.15718], [6.07485, 50.15716], [6.07485, 50.157143], [6.074823, 50.157112], [6.074812, 50.157093], [6.074812, 50.15708], [6.074827, 50.157078], [6.074869, 50.157078], [6.074961, 50.15709], [6.074995, 50.157085], [6.075026, 50.157078], [6.075079, 50.157063], [6.075102, 50.15706], [6.075117, 50.157063], [6.075129, 50.157078], [6.075148, 50.15709], [6.07517, 50.157097], [6.075193, 50.157097], [6.075228, 50.15709], [6.075262, 50.15708], [6.075289, 50.157074], [6.075327, 50.157074], [6.075357, 50.157085], [6.075384, 50.157097], [6.075407, 50.157093], [6.075434, 50.15708], [6.075437, 50.157063], [6.075453, 50.15705], [6.07546, 50.157036], [6.075457, 50.157017], [6.07546, 50.156994], [6.075476, 50.156986], [6.075521, 50.15697], [6.075552, 50.156967], [6.075563, 50.15696], [6.075586, 50.156948], [6.075598, 50.156948], [6.075613, 50.156956], [6.075624, 50.156982], [6.075636, 50.156998], [6.075659, 50.15699], [6.075678, 50.156967], [6.075682, 50.156948], [6.075674, 50.15693], [6.075682, 50.156902], [6.075693, 50.15689], [6.075724, 50.156887], [6.075754, 50.15689], [6.075861, 50.156914], [6.075892, 50.156914], [6.075907, 50.156906], [6.075911, 50.156895], [6.075907, 50.15687], [6.075918, 50.15686], [6.075949, 50.156857], [6.075983, 50.156857], [6.076029, 50.156876], [6.076055, 50.15688], [6.076082, 50.156876], [6.076113, 50.15687], [6.076136, 50.15686], [6.07617, 50.156834], [6.0762, 50.15682], [6.076227, 50.156815], [6.076265, 50.156826], [6.076303, 50.15685], [6.07633, 50.15685], [6.076368, 50.156845], [6.076384, 50.156857], [6.07641, 50.15686], [6.076441, 50.15686], [6.076479, 50.156857], [6.076494, 50.15686], [6.076525, 50.156883], [6.076548, 50.156887], [6.076574, 50.15688], [6.076597, 50.156864], [6.076624, 50.15685], [6.076658, 50.15683], [6.076693, 50.156822], [6.076734, 50.156822], [6.076765, 50.156826], [6.076799, 50.156815], [6.076857, 50.156815], [6.076872, 50.156826], [6.076929, 50.156883], [6.076944, 50.15689], [6.076967, 50.15689], [6.076982, 50.156883], [6.077002, 50.156857], [6.077021, 50.156837], [6.077055, 50.156826], [6.07707, 50.15683], [6.077082, 50.156837], [6.077093, 50.15684], [6.077108, 50.156837], [6.077127, 50.15684], [6.077139, 50.15686], [6.077158, 50.156876], [6.077189, 50.156876], [6.077227, 50.156883], [6.077249, 50.15689], [6.077288, 50.15693], [6.077326, 50.156937], [6.07736, 50.15694], [6.077433, 50.156925], [6.077509, 50.156902], [6.077585, 50.156887], [6.077631, 50.15689], [6.077654, 50.156883], [6.077681, 50.156876], [6.0777, 50.15686], [6.077719, 50.15683], [6.077742, 50.15682], [6.077768, 50.156796], [6.07778, 50.156773], [6.077799, 50.156746], [6.077822, 50.156734], [6.077871, 50.156723], [6.077959, 50.156723], [6.078054, 50.15672], [6.078104, 50.156704], [6.07818, 50.156673], [6.07823, 50.156666], [6.078253, 50.15667], [6.078279, 50.15669], [6.078314, 50.156696], [6.078337, 50.15669], [6.078375, 50.156673], [6.078413, 50.15664], [6.078497, 50.15661], [6.078589, 50.15656], [6.078688, 50.1565], [6.078733, 50.15649], [6.078794, 50.1565], [6.078672, 50.156746], [6.078535, 50.15709], [6.07852, 50.15718], [6.078512, 50.15739], [6.078535, 50.158123], [6.078604, 50.15854], [6.078684, 50.158794], [6.078852, 50.15925], [6.078924, 50.15945], [6.079031, 50.15988], [6.079073, 50.15998], [6.079115, 50.160034], [6.079321, 50.16025], [6.080152, 50.161083], [6.080206, 50.16115], [6.080229, 50.16119], [6.08032, 50.161392], [6.080374, 50.161545], [6.080427, 50.16177], [6.080435, 50.161816], [6.0805, 50.16234], [6.080511, 50.162525], [6.080515, 50.162655], [6.0805, 50.16286], [6.080473, 50.163097], [6.080439, 50.163284], [6.08024, 50.16403], [6.08021, 50.16413], [6.080042, 50.16461], [6.079809, 50.165173], [6.079771, 50.165306], [6.07971, 50.165592], [6.079653, 50.165806], [6.079504, 50.166183], [6.07929, 50.16674], [6.079268, 50.16682], [6.07913, 50.167694], [6.079111, 50.16777], [6.079081, 50.167854], [6.078985, 50.167976], [6.078932, 50.16806], [6.078924, 50.168125], [6.078997, 50.16837], [6.079065, 50.16848], [6.079309, 50.16869], [6.079676, 50.169067], [6.079786, 50.169224], [6.079882, 50.169407], [6.079905, 50.169487], [6.079901, 50.16956], [6.079878, 50.16966], [6.079832, 50.16977], [6.079702, 50.169983], [6.079409, 50.1704], [6.079275, 50.170628], [6.079206, 50.17079], [6.07929, 50.17082], [6.079458, 50.170864], [6.079805, 50.17095], [6.080145, 50.171036], [6.080423, 50.171104], [6.080469, 50.171116], [6.080481, 50.17112], [6.081247, 50.171318], [6.081739, 50.17145], [6.082193, 50.171566], [6.082659, 50.17168], [6.08267, 50.171684], [6.083036, 50.17178], [6.083204, 50.171825], [6.083353, 50.171856], [6.083483, 50.17188], [6.083673, 50.17191], [6.084082, 50.171978], [6.084253, 50.172005], [6.084395, 50.171986], [6.084528, 50.171967], [6.084574, 50.17196], [6.084623, 50.171978], [6.084646, 50.171978], [6.084707, 50.171967], [6.084772, 50.17195], [6.084803, 50.171947], [6.084833, 50.17195], [6.084906, 50.17196], [6.084974, 50.171967], [6.084989, 50.171974], [6.085012, 50.171993], [6.085039, 50.172005], [6.085074, 50.17201], [6.085104, 50.172005], [6.085138, 50.17199], [6.085173, 50.171978], [6.085207, 50.17198], [6.085241, 50.171986], [6.085257, 50.17198], [6.085299, 50.171974], [6.085375, 50.171932], [6.085463, 50.171906], [6.085577, 50.17185], [6.085653, 50.17183], [6.085764, 50.171825], [6.085821, 50.17182], [6.085882, 50.171803], [6.085939, 50.171783], [6.086016, 50.17177], [6.086084, 50.17177], [6.086161, 50.171776], [6.086187, 50.171772], [6.086206, 50.17176], [6.086233, 50.17174], [6.08626, 50.17173], [6.086328, 50.171722], [6.086382, 50.171715], [6.086412, 50.171703], [6.086439, 50.17168], [6.086477, 50.17165], [6.086508, 50.171635], [6.086561, 50.171627], [6.086622, 50.171627], [6.086668, 50.17162], [6.086702, 50.171608], [6.086729, 50.171585], [6.086763, 50.171543], [6.086794, 50.171482], [6.086832, 50.17144], [6.08695, 50.171368], [6.086966, 50.171356], [6.086981, 50.17133], [6.086992, 50.171303], [6.087011, 50.171288], [6.087038, 50.171276], [6.087076, 50.17126], [6.087202, 50.171227], [6.087286, 50.171185], [6.087339, 50.17115], [6.087446, 50.171116], [6.087553, 50.171055], [6.087584, 50.171047], [6.087648, 50.171043], [6.087683, 50.17104], [6.087778, 50.171005], [6.08787, 50.17099], [6.087965, 50.170963], [6.088091, 50.17093], [6.088114, 50.170914], [6.088167, 50.17089], [6.088304, 50.17083], [6.088407, 50.17079], [6.088488, 50.170746], [6.088568, 50.170708], [6.088644, 50.17069], [6.088793, 50.17064], [6.088907, 50.170628], [6.088999, 50.170612], [6.089075, 50.1706], [6.089174, 50.170597], [6.089312, 50.17057], [6.089376, 50.17057], [6.089476, 50.170563], [6.089502, 50.170578], [6.089529, 50.17058], [6.089552, 50.17058], [6.089575, 50.17057], [6.08959, 50.17056], [6.089628, 50.170532], [6.08967, 50.17051], [6.08972, 50.170486], [6.089796, 50.17047], [6.089891, 50.17046], [6.089922, 50.17045], [6.090002, 50.170406], [6.090036, 50.170383], [6.090063, 50.170376], [6.09012, 50.170372], [6.090143, 50.170364], [6.09017, 50.17035], [6.090197, 50.170334], [6.0903, 50.170303], [6.090326, 50.17029], [6.090338, 50.17027], [6.090364, 50.170235], [6.090383, 50.17022], [6.09041, 50.170216], [6.090456, 50.170216], [6.090509, 50.170223], [6.09057, 50.17022], [6.090612, 50.170216], [6.090643, 50.17022], [6.090673, 50.170235], [6.090708, 50.17026], [6.090731, 50.170265], [6.090769, 50.17027], [6.090872, 50.17027], [6.090921, 50.17028], [6.09096, 50.17028], [6.091024, 50.17027], [6.09107, 50.170254], [6.091108, 50.170223], [6.091162, 50.170174], [6.09123, 50.170128], [6.091314, 50.170082], [6.091456, 50.170025], [6.091574, 50.169964], [6.091627, 50.169945], [6.091738, 50.169914], [6.091765, 50.1699], [6.091822, 50.16984], [6.091875, 50.169807], [6.091917, 50.169792], [6.091978, 50.169785], [6.092039, 50.169792], [6.092154, 50.169815], [6.09226, 50.169827], [6.092386, 50.16984], [6.092459, 50.169846], [6.092501, 50.16984], [6.092531, 50.16983], [6.092554, 50.16981], [6.092558, 50.169785], [6.092543, 50.16973], [6.092524, 50.169666], [6.092512, 50.16965], [6.092482, 50.169617], [6.092474, 50.16959], [6.092478, 50.169575], [6.092489, 50.169548], [6.092516, 50.169525], [6.092539, 50.1695], [6.09255, 50.16942], [6.092562, 50.169388], [6.092653, 50.169395], [6.092684, 50.169403], [6.092703, 50.169434], [6.092726, 50.169453], [6.092756, 50.169456], [6.092863, 50.16945], [6.092943, 50.16946], [6.092977, 50.16946], [6.093004, 50.169456], [6.093039, 50.16945], [6.093164, 50.1694], [6.093206, 50.169415], [6.093233, 50.169434], [6.09326, 50.169464], [6.093317, 50.169502], [6.09334, 50.16952], [6.093351, 50.169548], [6.093374, 50.169548], [6.093393, 50.169533], [6.093424, 50.16951], [6.093447, 50.169502], [6.093466, 50.1695], [6.093512, 50.1695], [6.093546, 50.169495], [6.093565, 50.169483], [6.093569, 50.169464], [6.093569, 50.169434], [6.093592, 50.169403], [6.093626, 50.16938], [6.093672, 50.169373], [6.093866, 50.16931], [6.093935, 50.169292], [6.093992, 50.16929], [6.094034, 50.169296], [6.094122, 50.16933], [6.094183, 50.169357], [6.094255, 50.16938], [6.094297, 50.169388], [6.094358, 50.16939], [6.094404, 50.169384], [6.094431, 50.169388], [6.094446, 50.169395], [6.094446, 50.16941], [6.094454, 50.169422], [6.094469, 50.169426], [6.094481, 50.169422], [6.094492, 50.169407], [6.094511, 50.169376], [6.094534, 50.16936], [6.094553, 50.169357], [6.094591, 50.169353], [6.094698, 50.169384], [6.09474, 50.169384], [6.094774, 50.16938], [6.094774, 50.16937], [6.094748, 50.169315], [6.094782, 50.16929], [6.094923, 50.1693], [6.095114, 50.16931], [6.095285, 50.169334], [6.095381, 50.169353], [6.095461, 50.169373], [6.095644, 50.16943], [6.095804, 50.169487], [6.0959, 50.16953], [6.095949, 50.169567], [6.09601, 50.169567], [6.096025, 50.16956], [6.096044, 50.169544], [6.096102, 50.16952], [6.096144, 50.169514], [6.096232, 50.169518], [6.096376, 50.169537], [6.096426, 50.16954], [6.09646, 50.16954], [6.096537, 50.169525], [6.096579, 50.16952], [6.096659, 50.169525], [6.096682, 50.169533], [6.096705, 50.169548], [6.096712, 50.169567], [6.09672, 50.169632], [6.096746, 50.169643], [6.096766, 50.169643], [6.096815, 50.16964], [6.096869, 50.16964], [6.096937, 50.16965], [6.096994, 50.169655], [6.097055, 50.16965], [6.097143, 50.16964], [6.097204, 50.169624], [6.097258, 50.169617], [6.097284, 50.16963], [6.09733, 50.169647], [6.097399, 50.169643], [6.097433, 50.16965], [6.097464, 50.169674], [6.09749, 50.169685], [6.097513, 50.16969], [6.097586, 50.169693], [6.097647, 50.16971], [6.097715, 50.169724], [6.097784, 50.169746], [6.097803, 50.169773], [6.097811, 50.16979], [6.097799, 50.16981], [6.097795, 50.169827], [6.097807, 50.16984], [6.097845, 50.169853], [6.097876, 50.169857], [6.097891, 50.16986], [6.097906, 50.169876], [6.097898, 50.169895], [6.097906, 50.169914], [6.097921, 50.169933], [6.097963, 50.16996], [6.098047, 50.17002], [6.098089, 50.170044], [6.098173, 50.170063], [6.098196, 50.170074], [6.098196, 50.17009], [6.098207, 50.1701], [6.098234, 50.1701], [6.098272, 50.17009], [6.09833, 50.170063], [6.098356, 50.17006], [6.098425, 50.170074], [6.098455, 50.17009], [6.098501, 50.170116], [6.098516, 50.17012], [6.098539, 50.170124], [6.098593, 50.170135], [6.098627, 50.17015], [6.098684, 50.170174], [6.098719, 50.170185], [6.098806, 50.170197], [6.098871, 50.170208], [6.098929, 50.170227], [6.098967, 50.170258], [6.099001, 50.170273], [6.099047, 50.17028], [6.099112, 50.170296], [6.099157, 50.17031], [6.099241, 50.170376], [6.099283, 50.170395], [6.099405, 50.17044], [6.099424, 50.170475], [6.099447, 50.17049], [6.099474, 50.170498], [6.099543, 50.170513], [6.099596, 50.17053], [6.099642, 50.17055], [6.099691, 50.170578], [6.099729, 50.17059], [6.099806, 50.170612], [6.099832, 50.170628], [6.099875, 50.170662], [6.099886, 50.17068], [6.099878, 50.170696], [6.099875, 50.17071], [6.099894, 50.17072], [6.09992, 50.17072], [6.099974, 50.170723], [6.100008, 50.17074], [6.100039, 50.170742], [6.100065, 50.17074], [6.100103, 50.170734], [6.100126, 50.17074], [6.100161, 50.170757], [6.10018, 50.17076], [6.100195, 50.170757], [6.100214, 50.170734], [6.100225, 50.170727], [6.100241, 50.170723], [6.100256, 50.170723], [6.100267, 50.17071], [6.10026, 50.1707], [6.100241, 50.17068], [6.100229, 50.170666], [6.100233, 50.170647], [6.100271, 50.17062], [6.100313, 50.170605], [6.100344, 50.17061], [6.100363, 50.170616], [6.100378, 50.170624], [6.100393, 50.170628], [6.100405, 50.170624], [6.100439, 50.170616], [6.100462, 50.170612], [6.1005, 50.17062], [6.100523, 50.170616], [6.10055, 50.170612], [6.100584, 50.1706], [6.100649, 50.170574], [6.100687, 50.17056], [6.100729, 50.170555], [6.100759, 50.170563], [6.10079, 50.17057], [6.100882, 50.17062], [6.100912, 50.170624], [6.100939, 50.170616], [6.100988, 50.1706], [6.101011, 50.17061], [6.101019, 50.170628], [6.10103, 50.170643], [6.101053, 50.17065], [6.101072, 50.170647], [6.101084, 50.17064], [6.101095, 50.17062], [6.101114, 50.17059], [6.101133, 50.170574], [6.10116, 50.170563], [6.10116, 50.170544], [6.101172, 50.17053], [6.101202, 50.17052], [6.10124, 50.170517], [6.101278, 50.170525], [6.101324, 50.170555], [6.101347, 50.17055], [6.101374, 50.17054], [6.101412, 50.170532], [6.101454, 50.170536], [6.101473, 50.170547], [6.101473, 50.170578], [6.101484, 50.170597], [6.101515, 50.170605], [6.101538, 50.17061], [6.101568, 50.170605], [6.101637, 50.170597], [6.101717, 50.170563], [6.101774, 50.170555], [6.101839, 50.170555], [6.101862, 50.17054], [6.101889, 50.17053], [6.101927, 50.17052], [6.102014, 50.17052], [6.102014, 50.17049], [6.102026, 50.170486], [6.102045, 50.170494], [6.102068, 50.17051], [6.102087, 50.170513], [6.102117, 50.17051], [6.10214, 50.1705], [6.102163, 50.17051], [6.102152, 50.17053], [6.102125, 50.17055], [6.102125, 50.170563], [6.102144, 50.17057], [6.102163, 50.170563], [6.102198, 50.17054], [6.10224, 50.170525], [6.102289, 50.170517], [6.102358, 50.17052], [6.102415, 50.17053], [6.102449, 50.17055], [6.102789, 50.170418], [6.103552, 50.1701], [6.104075, 50.169888], [6.104227, 50.169827], [6.104952, 50.16953], [6.105616, 50.16926], [6.10615, 50.169037], [6.106897, 50.168736], [6.107408, 50.16852], [6.108027, 50.168266], [6.108572, 50.168045], [6.109022, 50.16786], [6.109327, 50.167736], [6.109633, 50.16761], [6.110201, 50.16738], [6.110605, 50.167213], [6.111128, 50.166992], [6.111921, 50.166668], [6.112116, 50.166588], [6.112631, 50.166374], [6.113398, 50.16606], [6.113661, 50.16595], [6.114199, 50.165733], [6.115282, 50.165287], [6.115645, 50.165134], [6.116129, 50.164932], [6.116602, 50.164738], [6.117228, 50.164474], [6.11743, 50.164383], [6.117826, 50.164215], [6.117895, 50.16419], [6.118399, 50.16398], [6.119356, 50.163573], [6.119408, 50.163539], [6.119471, 50.1635], [6.119515, 50.163478], [6.1197, 50.16339], [6.119784, 50.163351], [6.120012, 50.162716], [6.120089, 50.162495], [6.120207, 50.162167], [6.120283, 50.162014], [6.120405, 50.16183], [6.120378, 50.161793], [6.120073, 50.161484], [6.119738, 50.16114], [6.119539, 50.16094], [6.119455, 50.160854], [6.119261, 50.160652], [6.119127, 50.160515], [6.119051, 50.160435], [6.11891, 50.160294], [6.118757, 50.16013], [6.118616, 50.159985], [6.118406, 50.159775], [6.118235, 50.1596], [6.118029, 50.159393], [6.117605, 50.15897], [6.117536, 50.158897], [6.117468, 50.15882], [6.117342, 50.15867], [6.11717, 50.15846], [6.117079, 50.15834], [6.117025, 50.158264], [6.116987, 50.158195], [6.116968, 50.15815], [6.116961, 50.15808], [6.116949, 50.15804], [6.116934, 50.15801], [6.116899, 50.157948], [6.116858, 50.15789], [6.116819, 50.157803], [6.116797, 50.15777], [6.116758, 50.15773], [6.116682, 50.157677], [6.115961, 50.15711], [6.115839, 50.157017], [6.115747, 50.156937], [6.115675, 50.156868], [6.115507, 50.156662], [6.115366, 50.156483], [6.115107, 50.156128], [6.11503, 50.156017], [6.114996, 50.155956], [6.114984, 50.1559], [6.114977, 50.155857], [6.114977, 50.155804], [6.114981, 50.15575], [6.114992, 50.155697], [6.115015, 50.155617], [6.115076, 50.155483], [6.115225, 50.15535], [6.115236, 50.155315], [6.115233, 50.155064], [6.115545, 50.155125], [6.115652, 50.155144], [6.115744, 50.15515], [6.115831, 50.155155], [6.115999, 50.155132], [6.116064, 50.15512], [6.116274, 50.155087], [6.1164, 50.155075], [6.116495, 50.15506], [6.116587, 50.155056], [6.116701, 50.155064], [6.116739, 50.15506], [6.116762, 50.155052], [6.1168, 50.155037], [6.116884, 50.154995], [6.116972, 50.15496], [6.117086, 50.154938], [6.117155, 50.154922], [6.117224, 50.154896], [6.117296, 50.154877], [6.117357, 50.154842], [6.117422, 50.154816], [6.117491, 50.154797], [6.117548, 50.154785], [6.117621, 50.154762], [6.117674, 50.154728], [6.117712, 50.1547], [6.117758, 50.154648], [6.117784, 50.154613], [6.117815, 50.154526], [6.117838, 50.15448], [6.117884, 50.154438], [6.117903, 50.154404], [6.117929, 50.15437], [6.117975, 50.154327], [6.118013, 50.15431], [6.118051, 50.15427], [6.118071, 50.154224], [6.118136, 50.154152], [6.118296, 50.154068], [6.118376, 50.154034], [6.118429, 50.153996], [6.118456, 50.153965], [6.118463, 50.15393], [6.118444, 50.15388], [6.118425, 50.153835], [6.118414, 50.15381], [6.118418, 50.153793], [6.118441, 50.153748], [6.118521, 50.15362], [6.118578, 50.15349], [6.118597, 50.153458], [6.118616, 50.153442], [6.11865, 50.153427], [6.118875, 50.153366], [6.118929, 50.15335], [6.118975, 50.153343], [6.119005, 50.153343], [6.11904, 50.153355], [6.119108, 50.153374], [6.119135, 50.153378], [6.119169, 50.153378], [6.119192, 50.153366], [6.119204, 50.15335], [6.1192, 50.153324], [6.119177, 50.1533], [6.119162, 50.15327], [6.119162, 50.153236], [6.119177, 50.153217], [6.119207, 50.15321], [6.119249, 50.153214], [6.119299, 50.153225], [6.119333, 50.153225], [6.119368, 50.153217], [6.119394, 50.153202], [6.119413, 50.153183], [6.119417, 50.153145], [6.119398, 50.153114], [6.119368, 50.15308], [6.11931, 50.15303], [6.119288, 50.153], [6.119284, 50.15298], [6.119295, 50.152966], [6.119375, 50.15293], [6.119398, 50.152912], [6.119421, 50.152885], [6.119429, 50.152843], [6.119421, 50.152824], [6.11939, 50.152786], [6.119375, 50.15276], [6.11936, 50.15274], [6.11933, 50.152718], [6.119318, 50.152702], [6.119303, 50.15269], [6.119291, 50.152668], [6.119295, 50.152653], [6.119322, 50.152645], [6.119352, 50.15265], [6.119398, 50.15266], [6.119448, 50.152664], [6.119478, 50.152664], [6.119532, 50.152657], [6.1196, 50.152634], [6.119684, 50.152603], [6.119749, 50.152584], [6.119795, 50.15258], [6.119821, 50.152584], [6.119841, 50.152596], [6.119856, 50.152615], [6.119871, 50.152622], [6.119894, 50.152634], [6.119924, 50.152626], [6.119951, 50.152615], [6.119966, 50.152596], [6.119982, 50.152565], [6.119997, 50.152546], [6.120012, 50.152534], [6.120069, 50.15251], [6.120096, 50.152485], [6.120104, 50.152473], [6.120096, 50.15246], [6.120085, 50.15245], [6.120066, 50.152443], [6.120005, 50.15244], [6.119974, 50.152435], [6.11994, 50.152424], [6.119932, 50.152412], [6.119947, 50.152393], [6.119982, 50.15238], [6.120035, 50.15238], [6.120054, 50.152378], [6.120085, 50.15237], [6.120123, 50.15235], [6.120211, 50.15231], [6.120287, 50.152267], [6.120336, 50.152233], [6.120371, 50.1522], [6.120371, 50.152184], [6.120348, 50.15217], [6.120352, 50.152145], [6.120382, 50.15213], [6.120405, 50.152107], [6.120417, 50.152084], [6.120417, 50.152065], [6.120401, 50.15204], [6.120394, 50.15202], [6.120398, 50.152008], [6.120424, 50.15199], [6.120443, 50.151978], [6.120489, 50.151962], [6.120562, 50.15195], [6.120623, 50.151936], [6.120661, 50.151928], [6.120695, 50.15193], [6.120722, 50.15194], [6.120726, 50.15195], [6.120737, 50.151974], [6.120764, 50.15198], [6.120794, 50.151978], [6.12084, 50.151966], [6.120867, 50.15196], [6.12089, 50.151966], [6.120905, 50.151978], [6.12092, 50.151993], [6.120943, 50.151997], [6.120981, 50.151993], [6.121042, 50.151978], [6.121077, 50.151962], [6.121096, 50.151962], [6.121126, 50.151966], [6.121141, 50.15198], [6.121153, 50.152008], [6.121153, 50.152035], [6.121164, 50.15205], [6.12118, 50.152058], [6.12121, 50.152058], [6.121244, 50.152054], [6.121271, 50.152035], [6.12129, 50.152016], [6.121317, 50.152004], [6.121359, 50.151997], [6.121428, 50.15201], [6.121481, 50.152016], [6.121512, 50.152008], [6.121542, 50.151997], [6.121561, 50.151978], [6.121561, 50.151962], [6.12155, 50.151947], [6.121515, 50.15193], [6.121485, 50.151928], [6.12145, 50.15193], [6.121431, 50.15192], [6.121424, 50.15191], [6.121435, 50.151894], [6.121454, 50.15188], [6.121473, 50.15186], [6.121481, 50.151817], [6.1215, 50.15181], [6.121527, 50.151817], [6.121565, 50.151844], [6.12158, 50.151848], [6.121618, 50.151848], [6.12166, 50.151833], [6.121683, 50.151833], [6.121702, 50.151848], [6.121714, 50.151867], [6.121729, 50.15187], [6.121759, 50.151867], [6.121794, 50.151855], [6.121817, 50.151836], [6.121824, 50.15181], [6.121836, 50.151794], [6.12187, 50.15178], [6.121939, 50.15176], [6.121958, 50.15175], [6.121969, 50.15173], [6.121969, 50.15172], [6.121984, 50.1517], [6.122007, 50.151684], [6.122045, 50.151665], [6.122068, 50.151646], [6.122076, 50.151627], [6.122072, 50.151615], [6.122053, 50.151592], [6.122019, 50.15157], [6.122, 50.15155], [6.122, 50.151535], [6.122015, 50.151524], [6.122057, 50.151512], [6.122088, 50.151512], [6.122129, 50.15151], [6.122164, 50.151497], [6.122194, 50.151466], [6.122206, 50.151463], [6.122229, 50.151463], [6.122286, 50.151474], [6.122312, 50.151474], [6.122351, 50.15147], [6.122518, 50.151443], [6.122583, 50.15144], [6.122644, 50.15145], [6.122686, 50.151455], [6.122751, 50.151443], [6.122778, 50.15144], [6.122847, 50.15144], [6.122896, 50.15143], [6.122934, 50.151413], [6.123015, 50.15137], [6.123064, 50.15134], [6.123125, 50.151306], [6.12322, 50.15127], [6.123331, 50.15123], [6.123495, 50.151207], [6.123545, 50.151203], [6.123564, 50.151207], [6.123579, 50.151222], [6.123579, 50.151234], [6.123552, 50.151268], [6.123552, 50.151287], [6.12356, 50.15131], [6.123556, 50.151325], [6.123552, 50.151344], [6.12356, 50.151367], [6.12359, 50.15139], [6.123613, 50.151394], [6.12364, 50.151398], [6.123667, 50.151398], [6.123686, 50.151386], [6.123712, 50.15136], [6.123739, 50.15131], [6.123758, 50.151295], [6.123789, 50.151276], [6.123861, 50.15126], [6.123919, 50.15125], [6.123983, 50.151253], [6.124052, 50.151257], [6.124086, 50.151253], [6.124121, 50.151245], [6.124155, 50.151226], [6.124174, 50.151207], [6.124178, 50.151184], [6.124189, 50.151157], [6.124205, 50.151142], [6.12422, 50.151142], [6.124243, 50.151134], [6.124254, 50.151123], [6.124269, 50.1511], [6.124266, 50.15109], [6.12425, 50.15106], [6.124224, 50.15103], [6.124208, 50.151016], [6.124212, 50.151005], [6.124224, 50.150997], [6.124243, 50.151005], [6.124262, 50.151016], [6.124281, 50.151035], [6.124292, 50.151043], [6.124308, 50.15104], [6.124327, 50.15103], [6.12435, 50.151005], [6.124372, 50.150963], [6.124399, 50.15091], [6.124395, 50.150894], [6.124384, 50.150887], [6.124357, 50.15088], [6.124357, 50.150867], [6.124372, 50.150856], [6.124395, 50.150845], [6.124418, 50.150826], [6.124464, 50.150764], [6.124533, 50.150707], [6.124563, 50.15067], [6.124617, 50.15064], [6.124643, 50.15061], [6.124685, 50.150585], [6.124762, 50.15056], [6.124807, 50.150536], [6.12483, 50.150517], [6.124846, 50.150486], [6.124846, 50.150455], [6.124842, 50.150414], [6.124849, 50.150383], [6.124872, 50.150356], [6.124952, 50.1503], [6.124964, 50.150295], [6.124983, 50.150295], [6.124994, 50.15033], [6.125029, 50.150375], [6.12504, 50.15038], [6.125067, 50.15038], [6.12509, 50.150375], [6.125109, 50.150364], [6.125139, 50.150352], [6.125166, 50.150333], [6.1252, 50.1503], [6.125238, 50.15027], [6.125296, 50.15024], [6.125345, 50.15023], [6.125471, 50.15023], [6.125494, 50.150223], [6.125574, 50.150192], [6.125635, 50.150158], [6.125681, 50.150116], [6.125658, 50.150105], [6.125624, 50.150078], [6.125597, 50.15007], [6.125509, 50.150024], [6.125353, 50.14994], [6.125208, 50.149868], [6.125109, 50.149826], [6.125021, 50.14979], [6.124929, 50.14976], [6.124742, 50.14972], [6.124521, 50.149677], [6.124258, 50.149643], [6.124102, 50.14963], [6.123999, 50.149555], [6.123423, 50.149536], [6.12324, 50.14952], [6.122778, 50.149498], [6.122324, 50.1493], [6.122148, 50.14923], [6.122053, 50.149204], [6.121881, 50.149174], [6.121824, 50.14916], [6.121778, 50.14913], [6.121729, 50.149105], [6.121595, 50.149063], [6.121244, 50.148945], [6.120836, 50.148773], [6.120275, 50.14853], [6.119394, 50.14812], [6.119017, 50.14795], [6.118883, 50.147903], [6.1187, 50.147778], [6.118551, 50.147682], [6.118353, 50.147568], [6.118196, 50.14746], [6.118155, 50.14743], [6.118059, 50.147396], [6.117983, 50.14736], [6.117907, 50.14732], [6.117815, 50.147263], [6.117701, 50.147186], [6.117586, 50.147095], [6.117506, 50.147026], [6.117437, 50.14697], [6.117392, 50.14692], [6.117346, 50.146854], [6.1173, 50.146774], [6.117269, 50.146717], [6.117224, 50.146606], [6.117212, 50.14657], [6.117182, 50.146454], [6.117155, 50.14636], [6.117113, 50.14617], [6.117102, 50.1461], [6.117094, 50.14603], [6.117098, 50.14599], [6.117125, 50.14584], [6.117125, 50.145794], [6.11709, 50.145405], [6.11706, 50.145092], [6.117029, 50.144806], [6.117014, 50.144657], [6.117006, 50.144535], [6.115534, 50.14451], [6.115068, 50.144188], [6.115049, 50.144115], [6.114962, 50.14381], [6.114817, 50.143295], [6.114702, 50.1429], [6.114557, 50.142754], [6.114363, 50.14244], [6.114042, 50.141907], [6.114, 50.141743], [6.113863, 50.14122], [6.113855, 50.141197], [6.113825, 50.141163], [6.113794, 50.141136], [6.113684, 50.140713], [6.113653, 50.140575], [6.113653, 50.14051], [6.113661, 50.140316], [6.113668, 50.140182], [6.113649, 50.139915], [6.113623, 50.13979], [6.113592, 50.139687], [6.113558, 50.139595], [6.113512, 50.139496], [6.113348, 50.139225], [6.11326, 50.139076], [6.113146, 50.138916], [6.113031, 50.13878], [6.112887, 50.138612], [6.112802, 50.138515], [6.112719, 50.13842], [6.112684, 50.138386], [6.112474, 50.138226], [6.112143, 50.137997], [6.112097, 50.13782], [6.112085, 50.137745], [6.112078, 50.13756], [6.112081, 50.137276], [6.112093, 50.136963], [6.112093, 50.136745], [6.112081, 50.136456], [6.112063, 50.136246], [6.112063, 50.136166], [6.11228, 50.136023], [6.11233, 50.136019], [6.112398, 50.136026], [6.112467, 50.136045], [6.112516, 50.136065], [6.112543, 50.13608], [6.112631, 50.136133], [6.112688, 50.136164], [6.112722, 50.136171], [6.112772, 50.136175], [6.112844, 50.136183], [6.112871, 50.136179], [6.112894, 50.136156], [6.112913, 50.136126], [6.112932, 50.136122], [6.112951, 50.136122], [6.112966, 50.136133], [6.11302, 50.136179], [6.113039, 50.13619], [6.113085, 50.136206], [6.113108, 50.136209], [6.113157, 50.136209], [6.113207, 50.136209], [6.113241, 50.136217], [6.113295, 50.136229], [6.113348, 50.136252], [6.113378, 50.136263], [6.113432, 50.136263], [6.113478, 50.136267], [6.113531, 50.136282], [6.113619, 50.136316], [6.113676, 50.136343], [6.113714, 50.136354], [6.113752, 50.136358], [6.11381, 50.136354], [6.11384, 50.136351], [6.113867, 50.136339], [6.113893, 50.136332], [6.11392, 50.136332], [6.114008, 50.136347], [6.114054, 50.136354], [6.114183, 50.136354], [6.114244, 50.136362], [6.114302, 50.13637], [6.114363, 50.136381], [6.114431, 50.136381], [6.114527, 50.136385], [6.114592, 50.136389], [6.114683, 50.136408], [6.11474, 50.136419], [6.114794, 50.136423], [6.114855, 50.136419], [6.114904, 50.136408], [6.114977, 50.136381], [6.115042, 50.136366], [6.115107, 50.136354], [6.115156, 50.136358], [6.11521, 50.136362], [6.115313, 50.136377], [6.115366, 50.136385], [6.115404, 50.136385], [6.115477, 50.136377], [6.115576, 50.136373], [6.115633, 50.136373], [6.115656, 50.136385], [6.11566, 50.136408], [6.115656, 50.136442], [6.115652, 50.136465], [6.11566, 50.136477], [6.115683, 50.13648], [6.115744, 50.13648], [6.115782, 50.136484], [6.115824, 50.136499], [6.115885, 50.136526], [6.115923, 50.136549], [6.11595, 50.136553], [6.11598, 50.136553], [6.116003, 50.136545], [6.116018, 50.13653], [6.116022, 50.136499], [6.116018, 50.136442], [6.116015, 50.136404], [6.116026, 50.136381], [6.116041, 50.136366], [6.116087, 50.136354], [6.116163, 50.136351], [6.116316, 50.136347], [6.116423, 50.136347], [6.116507, 50.136354], [6.116598, 50.136373], [6.116629, 50.136373], [6.116686, 50.136366], [6.116827, 50.136366], [6.116877, 50.136358], [6.116911, 50.136347], [6.116961, 50.136328], [6.116991, 50.136324], [6.117063, 50.136324], [6.117086, 50.136324], [6.117109, 50.136316], [6.117144, 50.136301], [6.117182, 50.136278], [6.117209, 50.136271], [6.117235, 50.136271], [6.117281, 50.136286], [6.117342, 50.136316], [6.117395, 50.136324], [6.117441, 50.136316], [6.11751, 50.136301], [6.117586, 50.136278], [6.117643, 50.136255], [6.117689, 50.136248], [6.117712, 50.136252], [6.117727, 50.136267], [6.11775, 50.136271], [6.117807, 50.136282], [6.117876, 50.136301], [6.117907, 50.136305], [6.117945, 50.136297], [6.117975, 50.136286], [6.11801, 50.136263], [6.118036, 50.136244], [6.118078, 50.136232], [6.118113, 50.136229], [6.118139, 50.136221], [6.118162, 50.136209], [6.118193, 50.136171], [6.118212, 50.136148], [6.118242, 50.136141], [6.118273, 50.136137], [6.118353, 50.136145], [6.118635, 50.13619], [6.118711, 50.136202], [6.118769, 50.136206], [6.118792, 50.136202], [6.118822, 50.13619], [6.118826, 50.136179], [6.118815, 50.136148], [6.118811, 50.136133], [6.118826, 50.136122], [6.11886, 50.13611], [6.118898, 50.136106], [6.118978, 50.136114], [6.118998, 50.136114], [6.119024, 50.13611], [6.119108, 50.136087], [6.119154, 50.13608], [6.119169, 50.136084], [6.119204, 50.136103], [6.119253, 50.136129], [6.119303, 50.136141], [6.11936, 50.136133], [6.119406, 50.136118], [6.119463, 50.136095], [6.119524, 50.13608], [6.119562, 50.136076], [6.119635, 50.136087], [6.119741, 50.136087], [6.11978, 50.136091], [6.119795, 50.136106], [6.119806, 50.136137], [6.119795, 50.136183], [6.119795, 50.136209], [6.119814, 50.136232], [6.119852, 50.136255], [6.119928, 50.136286], [6.119997, 50.136301], [6.12002, 50.136297], [6.120066, 50.13629], [6.120115, 50.136286], [6.120188, 50.13629], [6.120249, 50.136301], [6.120298, 50.136316], [6.120317, 50.136316], [6.12034, 50.136309], [6.120356, 50.136297], [6.120371, 50.136278], [6.12039, 50.136263], [6.120413, 50.136263], [6.120428, 50.136263], [6.120439, 50.13629], [6.120459, 50.136309], [6.120474, 50.136316], [6.120497, 50.136313], [6.120516, 50.136305], [6.120539, 50.136286], [6.12055, 50.136278], [6.120569, 50.136278], [6.120604, 50.136293], [6.120649, 50.136309], [6.120691, 50.136309], [6.120722, 50.136297], [6.120749, 50.136282], [6.120783, 50.136252], [6.120806, 50.136221], [6.12081, 50.136206], [6.120806, 50.136183], [6.120802, 50.136145], [6.120825, 50.136137], [6.120851, 50.136145], [6.120894, 50.136164], [6.120913, 50.136167], [6.120943, 50.136164], [6.120966, 50.13616], [6.120985, 50.136148], [6.121016, 50.136114], [6.121054, 50.136065], [6.121073, 50.136034], [6.121099, 50.136011], [6.121126, 50.136], [6.121164, 50.135988], [6.121267, 50.135973], [6.121321, 50.135961], [6.121378, 50.135942], [6.12142, 50.13592], [6.121443, 50.135904], [6.121458, 50.135862], [6.121466, 50.135847], [6.121496, 50.135836], [6.121569, 50.13582], [6.121679, 50.135801], [6.12171, 50.135794], [6.121824, 50.135752], [6.121962, 50.135714], [6.121996, 50.13571], [6.122038, 50.135721], [6.122084, 50.135737], [6.122126, 50.135759], [6.122148, 50.135767], [6.122187, 50.135775], [6.122232, 50.135778], [6.122278, 50.135767], [6.122312, 50.135752], [6.122339, 50.135737], [6.122343, 50.135725], [6.122339, 50.135706], [6.122324, 50.135683], [6.122278, 50.135614], [6.122263, 50.135591], [6.122263, 50.135572], [6.122278, 50.135565], [6.122335, 50.135546], [6.122385, 50.135504], [6.122435, 50.135469], [6.122549, 50.135412], [6.122606, 50.135389], [6.122625, 50.135389], [6.122648, 50.135401], [6.122683, 50.135424], [6.122702, 50.135427], [6.122732, 50.135424], [6.122751, 50.135408], [6.122816, 50.135347], [6.122831, 50.135325], [6.122831, 50.135298], [6.122854, 50.135271], [6.122889, 50.135256], [6.122961, 50.135237], [6.123003, 50.135222], [6.123026, 50.135206], [6.123121, 50.135134], [6.123171, 50.135096], [6.12324, 50.135065], [6.123266, 50.135057], [6.123289, 50.135065], [6.123312, 50.135073], [6.123342, 50.135065], [6.123381, 50.135038], [6.123404, 50.135008], [6.123442, 50.134958], [6.123465, 50.134939], [6.12351, 50.134912], [6.123541, 50.134897], [6.123579, 50.134855], [6.123598, 50.13484], [6.123922, 50.134699], [6.124014, 50.134661], [6.12409, 50.134634], [6.124124, 50.13463], [6.12417, 50.134634], [6.124239, 50.134649], [6.124319, 50.134672], [6.12443, 50.134703], [6.124495, 50.134718], [6.12454, 50.134726], [6.124582, 50.134729], [6.124655, 50.134733], [6.124742, 50.134726], [6.124769, 50.134718], [6.124792, 50.134703], [6.1248, 50.134684], [6.1248, 50.134661], [6.124807, 50.134645], [6.124826, 50.13463], [6.124857, 50.134615], [6.124968, 50.134588], [6.125135, 50.134527], [6.125345, 50.134447], [6.125597, 50.134344], [6.125788, 50.134256], [6.125944, 50.134188], [6.126055, 50.134138], [6.126131, 50.134115], [6.126215, 50.134096], [6.126261, 50.134088], [6.126329, 50.134077], [6.126402, 50.134054], [6.126478, 50.134024], [6.126528, 50.133997], [6.126555, 50.133966], [6.126581, 50.133928], [6.126589, 50.133894], [6.126593, 50.133856], [6.126604, 50.133829], [6.126623, 50.13381], [6.126665, 50.13378], [6.126783, 50.133715], [6.12686, 50.133669], [6.126909, 50.133631], [6.12694, 50.133596], [6.12697, 50.133547], [6.126986, 50.133509], [6.126982, 50.13349], [6.126955, 50.133451], [6.126928, 50.133413], [6.126936, 50.133387], [6.126974, 50.133352], [6.127027, 50.133326], [6.127123, 50.133276], [6.127176, 50.13323], [6.127279, 50.133146], [6.127459, 50.132986], [6.127554, 50.132902], [6.127588, 50.132853], [6.127619, 50.132811], [6.127665, 50.132757], [6.127726, 50.132715], [6.127825, 50.132673], [6.127951, 50.132643], [6.128035, 50.13262], [6.128088, 50.132585], [6.128222, 50.132505], [6.128283, 50.13246], [6.128305, 50.132433], [6.128344, 50.132364], [6.128374, 50.132326], [6.128416, 50.132303], [6.128458, 50.132292], [6.128538, 50.132292], [6.128588, 50.132284], [6.128614, 50.132273], [6.128637, 50.132254], [6.128637, 50.132238], [6.128634, 50.132216], [6.12863, 50.132189], [6.12863, 50.132162], [6.128637, 50.132147], [6.128683, 50.132105], [6.128779, 50.132048], [6.128839, 50.132006], [6.128878, 50.131971], [6.128931, 50.131914], [6.128984, 50.131842], [6.12903, 50.131784], [6.129103, 50.131723], [6.129164, 50.13167], [6.129183, 50.131636], [6.12919, 50.131609], [6.129183, 50.13159], [6.129156, 50.131571], [6.129141, 50.131552], [6.129145, 50.131521], [6.129171, 50.131491], [6.129213, 50.131468], [6.129244, 50.131433], [6.129301, 50.131361], [6.129362, 50.131311], [6.129427, 50.131254], [6.129442, 50.131228], [6.129454, 50.131189], [6.129465, 50.131166], [6.129484, 50.131147], [6.129545, 50.131117], [6.129564, 50.131098], [6.129572, 50.131082], [6.129572, 50.131067], [6.129568, 50.131052], [6.129557, 50.131037], [6.129561, 50.131002], [6.129572, 50.130983], [6.129625, 50.130949], [6.129633, 50.130918], [6.129644, 50.130888], [6.129667, 50.130865], [6.129705, 50.130846], [6.129751, 50.130827], [6.129793, 50.130804], [6.129847, 50.13077], [6.129931, 50.130732], [6.129995, 50.130705], [6.13006, 50.130659], [6.130098, 50.130629], [6.130171, 50.130526], [6.130224, 50.130461], [6.130259, 50.13043], [6.130289, 50.130411], [6.130354, 50.130388], [6.130438, 50.130377], [6.130495, 50.130358], [6.130522, 50.130342], [6.130529, 50.13032], [6.130526, 50.130308], [6.130507, 50.130289], [6.130495, 50.130266], [6.130507, 50.130243], [6.130533, 50.130213], [6.130583, 50.130171], [6.130632, 50.130125], [6.130655, 50.130091], [6.130667, 50.130049], [6.130667, 50.130003], [6.130667, 50.129973], [6.130682, 50.129942], [6.130724, 50.129892], [6.130785, 50.129843], [6.130835, 50.129808], [6.130861, 50.129801], [6.130899, 50.129793], [6.130949, 50.129789], [6.130979, 50.129797], [6.13101, 50.129805], [6.131029, 50.12982], [6.131056, 50.129835], [6.131079, 50.129839], [6.131098, 50.129835], [6.131117, 50.129824], [6.131193, 50.12977], [6.131231, 50.129751], [6.131277, 50.129732], [6.131327, 50.129721], [6.131353, 50.129728], [6.131376, 50.12974], [6.131395, 50.129751], [6.13143, 50.129763], [6.131456, 50.129763], [6.131491, 50.129751], [6.131529, 50.129724], [6.131552, 50.129705], [6.131586, 50.129694], [6.131769, 50.129656], [6.131941, 50.129621], [6.132013, 50.129614], [6.132067, 50.129614], [6.132124, 50.129621], [6.132216, 50.129641], [6.132311, 50.129663], [6.132368, 50.129671], [6.132418, 50.129671], [6.132505, 50.129667], [6.132597, 50.129663], [6.132654, 50.129663], [6.132727, 50.129671], [6.132776, 50.129679], [6.132833, 50.12969], [6.132883, 50.129694], [6.13294, 50.129675], [6.13299, 50.129656], [6.133074, 50.129625], [6.1332, 50.129595], [6.133253, 50.129572], [6.133306, 50.12953], [6.133364, 50.129507], [6.133421, 50.129488], [6.133451, 50.129488], [6.133497, 50.129492], [6.133585, 50.129511], [6.133669, 50.129519], [6.133722, 50.129522], [6.133787, 50.12953], [6.133856, 50.129541], [6.133921, 50.129545], [6.133993, 50.129549], [6.134035, 50.12956], [6.134062, 50.129579], [6.134085, 50.129614], [6.134111, 50.129629], [6.134146, 50.129633], [6.134176, 50.129629], [6.134192, 50.129618], [6.134195, 50.129595], [6.134184, 50.129568], [6.134192, 50.129553], [6.134218, 50.129549], [6.134268, 50.129564], [6.13431, 50.129595], [6.13439, 50.129663], [6.134401, 50.129667], [6.134462, 50.129675], [6.134508, 50.129682], [6.134531, 50.12969], [6.13455, 50.129717], [6.134565, 50.129728], [6.134596, 50.129732], [6.134626, 50.129724], [6.134668, 50.129702], [6.134703, 50.129682], [6.134737, 50.129675], [6.134771, 50.129679], [6.13481, 50.12969], [6.134832, 50.129713], [6.134897, 50.129763], [6.134901, 50.129782], [6.134863, 50.129808], [6.134829, 50.129835], [6.134821, 50.129877], [6.134806, 50.129896], [6.134783, 50.129931], [6.13479, 50.129961], [6.13481, 50.12998], [6.134832, 50.129984], [6.134882, 50.129988], [6.134909, 50.129999], [6.134962, 50.130022], [6.135004, 50.13003], [6.135077, 50.130068], [6.135134, 50.130083], [6.135176, 50.130098], [6.135195, 50.130129], [6.135202, 50.13014], [6.135222, 50.130148], [6.135248, 50.130148], [6.135279, 50.130136], [6.135313, 50.130133], [6.13534, 50.130136], [6.135385, 50.130152], [6.135454, 50.130178], [6.135508, 50.13019], [6.135565, 50.130186], [6.135645, 50.130171], [6.135748, 50.130148], [6.135824, 50.130133], [6.135927, 50.130117], [6.136026, 50.130106], [6.13608, 50.130098], [6.136126, 50.130087], [6.136152, 50.130072], [6.136167, 50.130049], [6.136183, 50.130018], [6.136225, 50.129969], [6.136244, 50.129934], [6.136278, 50.129915], [6.136316, 50.129904], [6.136374, 50.129892], [6.136419, 50.129866], [6.136465, 50.129862], [6.136522, 50.12985], [6.136564, 50.129827], [6.13661, 50.129839], [6.136648, 50.129858], [6.136679, 50.129888], [6.136694, 50.129923], [6.136698, 50.12998], [6.136705, 50.130045], [6.136732, 50.130094], [6.13677, 50.130125], [6.136808, 50.130136], [6.13685, 50.13014], [6.136889, 50.130133], [6.136946, 50.130106], [6.137007, 50.130068], [6.13706, 50.130053], [6.137163, 50.130026], [6.137198, 50.130003], [6.137247, 50.129961], [6.137297, 50.129923], [6.137369, 50.129888], [6.137464, 50.129888], [6.13764, 50.129866], [6.137857, 50.129869], [6.137854, 50.129858], [6.137808, 50.129721], [6.137777, 50.129641], [6.137766, 50.129579], [6.137762, 50.129526], [6.13777, 50.1294], [6.137789, 50.129324], [6.13785, 50.129076], [6.137918, 50.128813], [6.137945, 50.12871], [6.137953, 50.128614], [6.13796, 50.128439], [6.137957, 50.128408], [6.137953, 50.128366], [6.137937, 50.128286], [6.137903, 50.128191], [6.137823, 50.127958], [6.137724, 50.127832], [6.13769, 50.127783], [6.137491, 50.127504], [6.137453, 50.127455], [6.137361, 50.127153], [6.137339, 50.127081], [6.137297, 50.126932], [6.137278, 50.126612], [6.137228, 50.126368], [6.137239, 50.126123], [6.137239, 50.126089], [6.13719, 50.125666], [6.137011, 50.125296], [6.136801, 50.124891], [6.136747, 50.124788], [6.136694, 50.124674], [6.136663, 50.124594], [6.136629, 50.124498], [6.136587, 50.124372], [6.13656, 50.124273], [6.136515, 50.124201], [6.136316, 50.124006], [6.136061, 50.123751], [6.135588, 50.123526], [6.135469, 50.123472], [6.135393, 50.12343], [6.135302, 50.123381], [6.135176, 50.123327], [6.135004, 50.123243], [6.13476, 50.123167], [6.13452, 50.123114], [6.134165, 50.123079], [6.133776, 50.123049], [6.133425, 50.123022], [6.132986, 50.122946], [6.132627, 50.122854], [6.132269, 50.122702], [6.131537, 50.122408], [6.131136, 50.122255], [6.131002, 50.122206], [6.130739, 50.12211], [6.130449, 50.122061], [6.130358, 50.122023], [6.130274, 50.121985], [6.130209, 50.121946], [6.130125, 50.121893], [6.129953, 50.12182], [6.129614, 50.121599], [6.12919, 50.121321], [6.129198, 50.120958], [6.12919, 50.120874], [6.129187, 50.12084], [6.129168, 50.120718], [6.129133, 50.12052], [6.129129, 50.120508], [6.129106, 50.120409], [6.129042, 50.120108], [6.128984, 50.119844], [6.128908, 50.119554], [6.128866, 50.119413], [6.128859, 50.119314], [6.128828, 50.119249], [6.128759, 50.119085], [6.128664, 50.118822], [6.128675, 50.11854], [6.128672, 50.118483], [6.128588, 50.118174], [6.128553, 50.118032], [6.128542, 50.117998], [6.128519, 50.117933], [6.128477, 50.117804], [6.128469, 50.117788], [6.128405, 50.117628], [6.128294, 50.117464], [6.128225, 50.11735], [6.128141, 50.117083], [6.128103, 50.116957], [6.12808, 50.116846], [6.128077, 50.116816], [6.128038, 50.116659], [6.128016, 50.116556], [6.127996, 50.116522], [6.127905, 50.116365], [6.127836, 50.116262], [6.127851, 50.116148], [6.127867, 50.116091], [6.127916, 50.116018], [6.127954, 50.115957], [6.127966, 50.115942], [6.128065, 50.115831], [6.128199, 50.115671], [6.128336, 50.115492], [6.12845, 50.115339], [6.128531, 50.115206], [6.128611, 50.11511], [6.128752, 50.114931], [6.128851, 50.114805], [6.128935, 50.114698], [6.129003, 50.114649], [6.129171, 50.114519], [6.129206, 50.114492], [6.129347, 50.114382], [6.12937, 50.114367], [6.129393, 50.114344], [6.129515, 50.114252], [6.129785, 50.114138], [6.129881, 50.114096], [6.130133, 50.113996], [6.130201, 50.113977], [6.130377, 50.113935], [6.130571, 50.11389], [6.130815, 50.113833], [6.130972, 50.113794], [6.131342, 50.11376], [6.13167, 50.113726], [6.131788, 50.113718], [6.131975, 50.113714], [6.132425, 50.113707], [6.132894, 50.113752], [6.133268, 50.113791], [6.133799, 50.113745], [6.133905, 50.113737], [6.134432, 50.113695], [6.134748, 50.113565], [6.134867, 50.11339], [6.134897, 50.113195], [6.13476, 50.112913], [6.134733, 50.112852], [6.13471, 50.112787], [6.134588, 50.112482], [6.134409, 50.112253], [6.134272, 50.112089], [6.134142, 50.11191], [6.13394, 50.111784], [6.133829, 50.111628], [6.13381, 50.111463], [6.13373, 50.111319], [6.133638, 50.111223], [6.133448, 50.111078], [6.133245, 50.110903], [6.132719, 50.110453], [6.132509, 50.110266], [6.132391, 50.110167], [6.132181, 50.109976], [6.132086, 50.109899], [6.132013, 50.109842], [6.131876, 50.109667], [6.131762, 50.10951], [6.131613, 50.109324], [6.131468, 50.109152], [6.131308, 50.109003], [6.131098, 50.108831], [6.130949, 50.10869], [6.130907, 50.108641], [6.130877, 50.108603], [6.130655, 50.108332], [6.130659, 50.108263], [6.130674, 50.108023], [6.130686, 50.107977], [6.130712, 50.107881], [6.130732, 50.107714], [6.130732, 50.107698], [6.130766, 50.1075], [6.130785, 50.107416], [6.130819, 50.10726], [6.13088, 50.107069], [6.130911, 50.106981], [6.13096, 50.106684], [6.131029, 50.106474], [6.131056, 50.106443], [6.131208, 50.106314], [6.131373, 50.106188], [6.13138, 50.10618], [6.131582, 50.106031], [6.131845, 50.105883], [6.131861, 50.105875], [6.132166, 50.105734], [6.132681, 50.105558], [6.132978, 50.105482], [6.133253, 50.105394], [6.133371, 50.105345], [6.13344, 50.105314], [6.13352, 50.10528], [6.133757, 50.105162], [6.133863, 50.105108], [6.133886, 50.105104], [6.133909, 50.105123], [6.133936, 50.105131], [6.13397, 50.10515], [6.133997, 50.105131], [6.134218, 50.105082], [6.134447, 50.104963], [6.134569, 50.104902], [6.134745, 50.104799], [6.134855, 50.104704], [6.134935, 50.104574], [6.135187, 50.104197], [6.135332, 50.103926], [6.135366, 50.103884], [6.135401, 50.103842], [6.135454, 50.103769], [6.135569, 50.10367], [6.135565, 50.103483], [6.135538, 50.103449], [6.135424, 50.103277], [6.135172, 50.103167], [6.134851, 50.103022], [6.134615, 50.102922], [6.134336, 50.102831], [6.134062, 50.102751], [6.13373, 50.102671], [6.133696, 50.102659], [6.133657, 50.102655], [6.133482, 50.102632], [6.133345, 50.102617], [6.133074, 50.102598], [6.132921, 50.102587], [6.132521, 50.102594], [6.132273, 50.102606], [6.132147, 50.10261], [6.131876, 50.102655], [6.131529, 50.102743], [6.13117, 50.102842], [6.131128, 50.102884], [6.130827, 50.1029], [6.130808, 50.1029], [6.130686, 50.102896], [6.130617, 50.10293], [6.130278, 50.10293], [6.129965, 50.102911], [6.12961, 50.102854], [6.128744, 50.102674], [6.128344, 50.102549], [6.128008, 50.102472], [6.127729, 50.102423], [6.127699, 50.102415], [6.127241, 50.102316], [6.12681, 50.102179], [6.126509, 50.102053], [6.126146, 50.1019], [6.126036, 50.101858], [6.125822, 50.101774], [6.125765, 50.101709], [6.125669, 50.101606], [6.12557, 50.101488], [6.125532, 50.1014], [6.125414, 50.101107], [6.125402, 50.101038], [6.125368, 50.100809], [6.125399, 50.10066], [6.125433, 50.100512], [6.125433, 50.100397], [6.125425, 50.100233], [6.125418, 50.100084], [6.125402, 50.099871], [6.125429, 50.099653], [6.125441, 50.099562], [6.125456, 50.099459], [6.125536, 50.099131], [6.125593, 50.098963], [6.125696, 50.098791], [6.125734, 50.098726], [6.125902, 50.098497], [6.125971, 50.098379], [6.126089, 50.098173], [6.126288, 50.097914], [6.126299, 50.097898], [6.126577, 50.097483], [6.126902, 50.097044], [6.127001, 50.096891], [6.127173, 50.096628], [6.12718, 50.096613], [6.127344, 50.096422], [6.127581, 50.096193], [6.127707, 50.09606], [6.127882, 50.095835], [6.128233, 50.095495], [6.128386, 50.095331], [6.128618, 50.095148], [6.128801, 50.095095], [6.128965, 50.095072], [6.128988, 50.095068], [6.129343, 50.095003], [6.12966, 50.094919], [6.130011, 50.094915], [6.130312, 50.094904], [6.130423, 50.094904], [6.130667, 50.094904], [6.131037, 50.094896], [6.13125, 50.094866], [6.131338, 50.094866], [6.131388, 50.09487], [6.13154, 50.094915], [6.131811, 50.094961], [6.13204, 50.094984], [6.132208, 50.094965], [6.132399, 50.094904], [6.132521, 50.094828], [6.132769, 50.094545], [6.132929, 50.094274], [6.133017, 50.093981], [6.133066, 50.093809], [6.13307, 50.093637], [6.13299, 50.093359], [6.132894, 50.093226], [6.132711, 50.093035], [6.132513, 50.092913], [6.132196, 50.092737], [6.131971, 50.092642], [6.1317, 50.092569], [6.131453, 50.09252], [6.131182, 50.09247], [6.130922, 50.092436], [6.130659, 50.092417], [6.1304, 50.092409], [6.130133, 50.092413], [6.129911, 50.092421], [6.129446, 50.092428], [6.129278, 50.092436], [6.129019, 50.092501], [6.128767, 50.092562], [6.128748, 50.092569], [6.128488, 50.092634], [6.128275, 50.092688], [6.128145, 50.092749], [6.128054, 50.092791], [6.127947, 50.092817], [6.127832, 50.092848], [6.127604, 50.092909], [6.127199, 50.092962], [6.127153, 50.09297], [6.127123, 50.09297], [6.127088, 50.092974], [6.127047, 50.092981], [6.126768, 50.093012], [6.126276, 50.093058], [6.125967, 50.093111], [6.125677, 50.093157], [6.125551, 50.093184], [6.125502, 50.093195], [6.125219, 50.093195], [6.124746, 50.093294], [6.124407, 50.093435], [6.124178, 50.093565], [6.12409, 50.093611], [6.123724, 50.093729], [6.12369, 50.093733], [6.123652, 50.093741], [6.12343, 50.093775], [6.123373, 50.093786], [6.123121, 50.093798], [6.122911, 50.093782], [6.12274, 50.093767], [6.122606, 50.093752], [6.122499, 50.093729], [6.122255, 50.093679], [6.122057, 50.093618], [6.121943, 50.09358], [6.121664, 50.093454], [6.121401, 50.093283], [6.12137, 50.09326], [6.121195, 50.093142], [6.121092, 50.093077], [6.121008, 50.092917], [6.120851, 50.092753], [6.120806, 50.092711], [6.120707, 50.092615], [6.120596, 50.092527], [6.120504, 50.092451], [6.12039, 50.092329], [6.120241, 50.092161], [6.120218, 50.092146], [6.120119, 50.092081], [6.119993, 50.092012], [6.119982, 50.091963], [6.119955, 50.091852], [6.119947, 50.091772], [6.119951, 50.091753], [6.119936, 50.091738], [6.119917, 50.0917], [6.119852, 50.091581], [6.119745, 50.091257], [6.119707, 50.091093], [6.119703, 50.091078], [6.119654, 50.090925], [6.119593, 50.090738], [6.119574, 50.090551], [6.11952, 50.09038], [6.119471, 50.090227], [6.119356, 50.089933], [6.119352, 50.089914], [6.119295, 50.089613], [6.119345, 50.089182], [6.11939, 50.089041], [6.119413, 50.088873], [6.119387, 50.088682], [6.119394, 50.088537], [6.119387, 50.088335], [6.119387, 50.088324], [6.119375, 50.088255], [6.119349, 50.088091], [6.119375, 50.087912], [6.119371, 50.087812], [6.119364, 50.087728], [6.119471, 50.087652], [6.119543, 50.087477], [6.1196, 50.087351], [6.119638, 50.087229], [6.119654, 50.087191], [6.119696, 50.087095], [6.119665, 50.086912], [6.119654, 50.086733], [6.119554, 50.086554], [6.119551, 50.086233], [6.11952, 50.085951], [6.119513, 50.08589], [6.11957, 50.085756], [6.119585, 50.085714], [6.1196, 50.08568], [6.11973, 50.085482], [6.119821, 50.085333], [6.11997, 50.085177], [6.12015, 50.084986], [6.12031, 50.084814], [6.120474, 50.084684], [6.120607, 50.084551], [6.120791, 50.084368], [6.121031, 50.084246], [6.121187, 50.084124], [6.121241, 50.084082], [6.121469, 50.083895], [6.121794, 50.083658], [6.122049, 50.083464], [6.122095, 50.083357], [6.122148, 50.083181], [6.122114, 50.082972], [6.122061, 50.082769], [6.121965, 50.08259], [6.12195, 50.082434], [6.121946, 50.082403], [6.121901, 50.082201], [6.121881, 50.081999], [6.121874, 50.081839], [6.121874, 50.081743], [6.121874, 50.081694], [6.121874, 50.081407], [6.121805, 50.081133], [6.121798, 50.081114], [6.121736, 50.080969], [6.121695, 50.080866], [6.121565, 50.08066], [6.121458, 50.080454], [6.121374, 50.080301], [6.121283, 50.080122], [6.121145, 50.079886], [6.120993, 50.079657], [6.120913, 50.079515], [6.120909, 50.079504], [6.120756, 50.079306], [6.120642, 50.079115], [6.120542, 50.078894], [6.120409, 50.078718], [6.120272, 50.078585], [6.120165, 50.078463], [6.120146, 50.07844], [6.120012, 50.078329], [6.120001, 50.078318], [6.11981, 50.078161], [6.119799, 50.078154], [6.119497, 50.077951], [6.119432, 50.077902], [6.119257, 50.077776], [6.119162, 50.077707], [6.118986, 50.077532], [6.118834, 50.077356], [6.118673, 50.077211], [6.118586, 50.077124], [6.118399, 50.07694], [6.118368, 50.076918], [6.118101, 50.076643], [6.11796, 50.076334], [6.117971, 50.076181], [6.11796, 50.075983], [6.11796, 50.075952], [6.117945, 50.07583], [6.117773, 50.075605], [6.117685, 50.075563], [6.117136, 50.07538], [6.117071, 50.075361], [6.117041, 50.07535], [6.117002, 50.075338], [6.116934, 50.075316], [6.116762, 50.075262], [6.116549, 50.07519], [6.116289, 50.075033], [6.115999, 50.074861], [6.1159, 50.07477], [6.115774, 50.074648], [6.115789, 50.074591], [6.115812, 50.074568], [6.115912, 50.074472], [6.11622, 50.074186], [6.116297, 50.074083], [6.116377, 50.073984], [6.116613, 50.073683], [6.116632, 50.073698], [6.116884, 50.073462], [6.117189, 50.07321], [6.117258, 50.073156], [6.11743, 50.07305], [6.117651, 50.072931], [6.117819, 50.072859], [6.117952, 50.072813], [6.118376, 50.072691], [6.118719, 50.0725], [6.118921, 50.07239], [6.119303, 50.072352], [6.119833, 50.072332], [6.120321, 50.072359], [6.120535, 50.072386], [6.120764, 50.072439], [6.121195, 50.072584], [6.121347, 50.07266], [6.121542, 50.072783], [6.121569, 50.072802], [6.121611, 50.072855], [6.121691, 50.072947], [6.121809, 50.073057], [6.121847, 50.073107], [6.121904, 50.073237], [6.121874, 50.073237], [6.121901, 50.073313], [6.121912, 50.073347], [6.121965, 50.073462], [6.122053, 50.073652], [6.122045, 50.073778], [6.122042, 50.073946], [6.122049, 50.074034], [6.122118, 50.074324], [6.122141, 50.074411], [6.122263, 50.07464], [6.122419, 50.074892], [6.122671, 50.075205], [6.122713, 50.075262], [6.122885, 50.075522], [6.123049, 50.075716], [6.123121, 50.075815], [6.123182, 50.075911], [6.123224, 50.076025], [6.123266, 50.076128], [6.123381, 50.076303], [6.123419, 50.076384], [6.123495, 50.076445], [6.123869, 50.076673], [6.124174, 50.076792], [6.124624, 50.076925], [6.124792, 50.076975], [6.124846, 50.076986], [6.12488, 50.07699], [6.124929, 50.076986], [6.12496, 50.076982], [6.125021, 50.07696], [6.125051, 50.07694], [6.125174, 50.076849], [6.125334, 50.076677], [6.12541, 50.076605], [6.125475, 50.076532], [6.125521, 50.076487], [6.125555, 50.07646], [6.125876, 50.076208], [6.12623, 50.07593], [6.126329, 50.075857], [6.126436, 50.075781], [6.126715, 50.075598], [6.126917, 50.075464], [6.126955, 50.075437], [6.127077, 50.075357], [6.127474, 50.075113], [6.127558, 50.075106], [6.127817, 50.074953], [6.128008, 50.074907], [6.12826, 50.074759], [6.128302, 50.074732], [6.128519, 50.074568], [6.128561, 50.074522], [6.128599, 50.07448], [6.128607, 50.074461], [6.128637, 50.074388], [6.128672, 50.074301], [6.128694, 50.074251], [6.12887, 50.073973], [6.129026, 50.073717], [6.129149, 50.073526], [6.129137, 50.07337], [6.129114, 50.073332], [6.129091, 50.073298], [6.12908, 50.073278], [6.129042, 50.073244], [6.128954, 50.073187], [6.12882, 50.073088], [6.128687, 50.073], [6.128527, 50.072885], [6.128134, 50.072596], [6.127947, 50.072454], [6.127874, 50.072409], [6.127665, 50.072294], [6.127516, 50.07221], [6.127436, 50.072176], [6.127367, 50.072149], [6.127161, 50.072088], [6.127066, 50.072058], [6.126997, 50.072023], [6.126898, 50.071966], [6.126745, 50.071875], [6.126677, 50.071814], [6.126574, 50.071711], [6.126532, 50.071669], [6.126482, 50.071596], [6.126413, 50.071486], [6.126329, 50.071409], [6.126093, 50.071192], [6.125929, 50.071043], [6.125692, 50.070936], [6.125082, 50.070673], [6.124735, 50.070543], [6.124418, 50.07044], [6.124033, 50.070322], [6.123857, 50.070265], [6.123705, 50.070181], [6.123541, 50.070085], [6.123407, 50.070024], [6.12314, 50.069902], [6.122869, 50.06978], [6.122633, 50.069654], [6.122385, 50.069517], [6.12221, 50.069429], [6.122072, 50.069376], [6.121489, 50.069132], [6.121187, 50.069006], [6.12105, 50.068842], [6.120985, 50.068674], [6.120962, 50.068582], [6.120939, 50.068472], [6.120939, 50.068304], [6.120932, 50.068163], [6.120871, 50.067793], [6.120829, 50.067526], [6.120798, 50.067324], [6.120771, 50.067225], [6.120775, 50.066877], [6.120775, 50.066664], [6.120764, 50.066427], [6.120741, 50.066336], [6.12076, 50.066153], [6.120768, 50.066088], [6.120703, 50.065851], [6.120699, 50.065832], [6.12076, 50.065676], [6.120752, 50.065596], [6.120749, 50.065485], [6.120729, 50.065382], [6.120699, 50.065275], [6.120665, 50.065214], [6.120584, 50.065084], [6.120485, 50.064962], [6.120424, 50.064913], [6.12026, 50.064817], [6.120016, 50.06476], [6.119818, 50.06468], [6.119558, 50.064673], [6.119547, 50.064673], [6.119432, 50.06465], [6.119047, 50.064562], [6.118761, 50.06452], [6.118475, 50.064501], [6.118391, 50.064505], [6.118109, 50.064524], [6.117899, 50.064566], [6.117624, 50.064642], [6.117353, 50.064741], [6.117247, 50.064817], [6.116827, 50.065096], [6.116667, 50.065207], [6.116495, 50.065317], [6.11632, 50.06542], [6.116262, 50.065455], [6.115912, 50.065649], [6.115492, 50.065809], [6.115171, 50.065901], [6.115084, 50.065908], [6.114859, 50.065928], [6.114634, 50.06592], [6.114412, 50.065863], [6.1136, 50.065573], [6.113562, 50.065493], [6.113485, 50.065374], [6.113554, 50.065229], [6.113565, 50.065145], [6.1136, 50.064959], [6.113607, 50.064928], [6.113638, 50.064787], [6.113642, 50.06468], [6.113653, 50.0646], [6.113653, 50.064577], [6.113676, 50.064413], [6.113695, 50.064325], [6.113722, 50.064218], [6.113745, 50.064146], [6.113775, 50.064081], [6.113871, 50.063875], [6.11389, 50.063826], [6.113913, 50.063704], [6.113928, 50.06362], [6.113901, 50.063524], [6.113836, 50.063311], [6.113806, 50.063238], [6.113771, 50.063162], [6.113722, 50.063078], [6.113707, 50.063051], [6.113676, 50.063005], [6.113512, 50.062754], [6.113314, 50.06246], [6.113119, 50.062166], [6.113119, 50.062159], [6.113035, 50.062036], [6.112974, 50.06188], [6.112856, 50.061621], [6.112791, 50.061468], [6.112783, 50.061445], [6.112722, 50.061315], [6.112661, 50.06119], [6.112619, 50.061113], [6.112566, 50.061018], [6.11252, 50.060934], [6.11249, 50.060869], [6.112471, 50.060808], [6.112467, 50.060797], [6.11244, 50.06072], [6.112398, 50.060602], [6.112337, 50.060507], [6.112352, 50.060499], [6.112349, 50.060488], [6.112349, 50.060453], [6.112345, 50.060423], [6.112287, 50.06011], [6.112257, 50.059797], [6.112249, 50.059698], [6.112379, 50.0595], [6.11241, 50.059351], [6.112432, 50.059286], [6.11252, 50.059134], [6.112581, 50.059057], [6.112734, 50.058802], [6.112814, 50.05871], [6.112898, 50.058611], [6.112978, 50.05847], [6.113043, 50.058352], [6.113127, 50.058248], [6.11318, 50.058184], [6.113241, 50.058123], [6.11347, 50.057932], [6.113829, 50.057627], [6.114084, 50.05755], [6.114172, 50.057474], [6.11503, 50.057207], [6.116732, 50.056654], [6.1173, 50.056456], [6.117762, 50.056333], [6.118425, 50.056456], [6.119597, 50.056417], [6.119703, 50.056444], [6.119806, 50.056478], [6.119875, 50.056505], [6.120001, 50.056559], [6.120272, 50.056761], [6.120375, 50.05686], [6.120497, 50.056993], [6.120562, 50.057108], [6.120634, 50.057406], [6.120661, 50.057436], [6.12063, 50.057703], [6.120619, 50.057829], [6.120623, 50.057921], [6.120638, 50.057993], [6.120676, 50.058062], [6.120657, 50.058306], [6.120634, 50.058641], [6.120626, 50.058714], [6.120607, 50.058943], [6.120424, 50.059206], [6.120405, 50.05924], [6.120321, 50.059393], [6.120321, 50.059599], [6.120382, 50.059675], [6.120634, 50.060076], [6.120813, 50.060118], [6.120867, 50.060133], [6.121283, 50.060305], [6.121672, 50.060392], [6.121931, 50.060385], [6.12266, 50.060289], [6.122831, 50.060263], [6.123232, 50.060198], [6.123594, 50.060049], [6.123655, 50.059977], [6.123941, 50.059809], [6.124056, 50.059656], [6.124124, 50.059458], [6.124136, 50.05934], [6.124124, 50.058943], [6.124147, 50.05879], [6.124144, 50.058676], [6.124132, 50.05863], [6.124025, 50.05831], [6.123991, 50.058233], [6.123957, 50.058188], [6.123812, 50.05802], [6.12377, 50.05794], [6.123617, 50.057726], [6.12351, 50.057573], [6.123339, 50.057253], [6.123323, 50.05715], [6.123205, 50.056967], [6.123159, 50.056898], [6.123011, 50.056677], [6.122969, 50.05662], [6.122675, 50.056299], [6.122564, 50.056166], [6.122423, 50.055979], [6.122404, 50.055952], [6.122396, 50.05591], [6.122408, 50.055811], [6.122328, 50.055788], [6.122396, 50.055754], [6.122385, 50.055746], [6.122335, 50.055708], [6.122293, 50.055735], [6.122137, 50.055616], [6.121973, 50.055513], [6.121881, 50.055452], [6.121687, 50.055277], [6.121607, 50.055197], [6.12129, 50.054865], [6.121042, 50.054613], [6.120874, 50.054224], [6.120997, 50.054026], [6.121031, 50.053808], [6.12105, 50.053694], [6.12108, 50.053579], [6.121126, 50.053415], [6.121168, 50.05327], [6.121218, 50.053137], [6.121256, 50.053049], [6.121302, 50.052946], [6.121405, 50.052706], [6.121466, 50.052603], [6.121519, 50.052526], [6.121645, 50.052404], [6.121794, 50.052271], [6.121935, 50.052221], [6.122133, 50.05213], [6.12221, 50.052092], [6.12253, 50.051935], [6.122953, 50.051779], [6.123152, 50.051718], [6.123972, 50.051477], [6.124117, 50.051428], [6.124266, 50.051374], [6.124376, 50.051317], [6.124525, 50.051241], [6.124708, 50.051142], [6.124846, 50.051062], [6.124964, 50.050978], [6.125036, 50.05092], [6.125189, 50.050783], [6.125273, 50.050699], [6.12541, 50.05052], [6.125547, 50.050333], [6.12565, 50.050177], [6.125898, 50.049902], [6.125963, 50.049826], [6.125998, 50.049784], [6.126024, 50.049753], [6.126127, 50.04965], [6.126173, 50.049597], [6.126242, 50.049505], [6.126307, 50.049425], [6.12636, 50.049337], [6.126368, 50.049318], [6.126394, 50.049246], [6.126444, 50.049139], [6.126497, 50.049021], [6.126562, 50.048868], [6.126768, 50.048532], [6.126989, 50.04822], [6.127119, 50.047972], [6.127314, 50.047743], [6.127604, 50.047411], [6.12771, 50.047289], [6.127878, 50.047106], [6.127928, 50.047049], [6.128042, 50.046923], [6.128477, 50.04656], [6.129087, 50.045916], [6.129202, 50.045797], [6.129267, 50.04574], [6.129507, 50.045546], [6.129763, 50.045305], [6.129885, 50.045198], [6.130182, 50.044981], [6.130339, 50.044867], [6.130392, 50.044828], [6.130747, 50.044497], [6.131113, 50.044157], [6.131285, 50.044031], [6.131441, 50.04389], [6.13162, 50.043764], [6.131792, 50.043642], [6.132212, 50.043348], [6.132567, 50.042978], [6.132658, 50.042879], [6.13283, 50.0427], [6.132921, 50.042502], [6.132956, 50.042437], [6.132982, 50.042383], [6.133074, 50.042299], [6.133135, 50.042234], [6.133203, 50.04215], [6.133333, 50.041987], [6.133413, 50.041876], [6.133516, 50.041712], [6.133772, 50.0413], [6.133787, 50.041105], [6.13394, 50.040907], [6.134172, 50.040529], [6.134249, 50.040388], [6.134291, 50.0403], [6.134317, 50.040247], [6.134417, 50.039892], [6.134428, 50.039854], [6.134321, 50.03961], [6.134317, 50.039541], [6.134314, 50.039331], [6.134306, 50.039282], [6.134295, 50.039255], [6.134123, 50.039019], [6.133947, 50.038778], [6.13378, 50.038546], [6.133654, 50.038404], [6.13347, 50.038202], [6.133409, 50.038134], [6.133295, 50.037947], [6.13315, 50.037725], [6.133097, 50.037657], [6.132986, 50.037523], [6.132658, 50.037172], [6.132448, 50.036955], [6.132422, 50.036909], [6.132376, 50.036814], [6.132353, 50.036745], [6.132315, 50.036615], [6.132288, 50.036531], [6.132265, 50.036352], [6.132254, 50.036158], [6.132231, 50.035505], [6.132185, 50.035173], [6.132173, 50.035063], [6.132139, 50.03496], [6.132093, 50.034849], [6.132036, 50.034742], [6.131987, 50.034681], [6.131971, 50.034662], [6.131876, 50.034574], [6.131765, 50.034475], [6.131483, 50.034235], [6.131262, 50.034079], [6.130926, 50.033762], [6.130812, 50.033659], [6.130758, 50.03359], [6.13069, 50.033476], [6.130545, 50.033197], [6.130304, 50.032961], [6.13019, 50.03277], [6.129973, 50.032419], [6.129873, 50.032251], [6.129759, 50.032053], [6.129614, 50.031778], [6.129606, 50.031755], [6.129595, 50.031664], [6.129583, 50.031469], [6.129587, 50.031252], [6.129587, 50.031229], [6.129587, 50.031206], [6.129591, 50.031042], [6.129541, 50.031042], [6.129549, 50.030878], [6.129557, 50.030634], [6.129561, 50.0305], [6.129694, 50.030046], [6.129759, 50.029875], [6.12982, 50.029768], [6.130144, 50.029272], [6.130209, 50.029253], [6.130274, 50.029226], [6.130327, 50.029196], [6.13043, 50.029135], [6.130705, 50.028948], [6.130827, 50.028879], [6.131002, 50.028784], [6.131201, 50.028681], [6.131514, 50.02854], [6.131777, 50.028421], [6.132021, 50.028326], [6.1322, 50.028254], [6.132292, 50.028208], [6.132586, 50.028048], [6.132837, 50.027945], [6.133093, 50.027822], [6.133314, 50.027708], [6.13339, 50.02767], [6.133818, 50.027487], [6.134043, 50.027388], [6.134455, 50.027231], [6.134523, 50.027212], [6.134886, 50.027105], [6.13529, 50.026945], [6.135519, 50.026869], [6.135881, 50.026754], [6.136126, 50.026663], [6.136389, 50.026564], [6.136812, 50.026403], [6.137106, 50.026381], [6.137693, 50.0259], [6.137896, 50.025831], [6.13801, 50.025785], [6.138189, 50.025709], [6.138235, 50.025675], [6.1383, 50.025629], [6.138632, 50.025591], [6.138685, 50.025583], [6.138842, 50.025518], [6.139025, 50.025438], [6.139219, 50.025351], [6.139357, 50.025286], [6.139498, 50.025213], [6.139727, 50.02508], [6.139906, 50.025011], [6.139955, 50.024988], [6.13999, 50.02498], [6.140192, 50.024912], [6.140642, 50.024778], [6.141813, 50.02466], [6.141913, 50.024641], [6.142012, 50.024611], [6.142092, 50.024584], [6.142153, 50.024557], [6.142431, 50.024515], [6.142912, 50.024454], [6.142931, 50.02445], [6.14303, 50.024439], [6.143152, 50.024412], [6.143248, 50.024386], [6.143312, 50.024366], [6.143404, 50.024305], [6.14353, 50.024218], [6.143656, 50.024115], [6.143766, 50.024019], [6.14385, 50.023928], [6.143896, 50.023871], [6.143942, 50.023809], [6.144098, 50.023748], [6.144175, 50.02371], [6.144259, 50.023664], [6.144346, 50.023611], [6.144804, 50.023401], [6.144857, 50.023367], [6.145083, 50.023203], [6.145193, 50.023138], [6.145246, 50.023104], [6.145365, 50.023046], [6.145487, 50.022943], [6.145563, 50.022871], [6.145678, 50.022867], [6.145849, 50.022695], [6.145903, 50.022627], [6.145945, 50.022547], [6.145968, 50.022478], [6.145979, 50.022425], [6.145968, 50.022364], [6.145952, 50.022314], [6.14591, 50.022242], [6.145853, 50.022158], [6.145513, 50.021704], [6.145437, 50.021555], [6.145346, 50.021463], [6.145289, 50.021402], [6.144987, 50.021116], [6.144606, 50.020742], [6.144247, 50.020388], [6.144159, 50.020319], [6.143923, 50.020155], [6.143751, 50.020056], [6.143461, 50.019896], [6.143309, 50.0198], [6.143118, 50.019686], [6.142904, 50.019545], [6.142733, 50.019422], [6.142549, 50.019293], [6.142397, 50.019182], [6.142328, 50.019129], [6.141977, 50.018866], [6.14192, 50.018824], [6.141886, 50.01874], [6.141794, 50.018621], [6.141733, 50.018553], [6.141657, 50.018484], [6.141577, 50.018431], [6.141298, 50.018255], [6.140905, 50.018011], [6.140211, 50.017832], [6.140177, 50.017874], [6.139627, 50.017633], [6.139566, 50.017599], [6.139513, 50.017561], [6.13949, 50.017542], [6.139402, 50.017469], [6.139364, 50.017435], [6.139227, 50.017305], [6.138987, 50.017073], [6.138762, 50.01679], [6.138681, 50.016703], [6.138456, 50.016489], [6.13814, 50.016207], [6.137766, 50.015997], [6.137651, 50.015936], [6.137556, 50.015894], [6.137373, 50.015825], [6.137224, 50.015757], [6.137102, 50.015757], [6.136656, 50.015776], [6.136476, 50.015799], [6.136374, 50.015818], [6.136267, 50.015825], [6.136251, 50.01581], [6.136038, 50.015913], [6.135904, 50.01597], [6.135881, 50.015959], [6.13582, 50.015982], [6.135767, 50.016035], [6.135729, 50.016058], [6.135553, 50.016104], [6.135237, 50.016298], [6.135, 50.016417], [6.134909, 50.016489], [6.134829, 50.016565], [6.134699, 50.016714], [6.134401, 50.017099], [6.134348, 50.017153], [6.134256, 50.017244], [6.13394, 50.017618], [6.133841, 50.017775], [6.13381, 50.01782], [6.1336, 50.018129], [6.133375, 50.018446], [6.133261, 50.01858], [6.133161, 50.018686], [6.13307, 50.018766], [6.132956, 50.018854], [6.132803, 50.018957], [6.132708, 50.019014], [6.132597, 50.019064], [6.132181, 50.019232], [6.132017, 50.019281], [6.131807, 50.019342], [6.131643, 50.019381], [6.131373, 50.01943], [6.131086, 50.019342], [6.130926, 50.0193], [6.130552, 50.019216], [6.130091, 50.019113], [6.129911, 50.018999], [6.129858, 50.018957], [6.129705, 50.01882], [6.129625, 50.018721], [6.129564, 50.018625], [6.129545, 50.018576], [6.129526, 50.018488], [6.129484, 50.018183], [6.129614, 50.018019], [6.129751, 50.017904], [6.129927, 50.017778], [6.129973, 50.017755], [6.130445, 50.017542], [6.130613, 50.017462], [6.130732, 50.017397], [6.130873, 50.017309], [6.130999, 50.017218], [6.131395, 50.016935], [6.131628, 50.016817], [6.13172, 50.016756], [6.131842, 50.016664], [6.13209, 50.016439], [6.132296, 50.016314], [6.132338, 50.016287], [6.132631, 50.016092], [6.132994, 50.015844], [6.133368, 50.015574], [6.133959, 50.01515], [6.134169, 50.015001], [6.134245, 50.014936], [6.134355, 50.014826], [6.134443, 50.014738], [6.134497, 50.014662], [6.134634, 50.014536], [6.134672, 50.014502], [6.134798, 50.014391], [6.135183, 50.014044], [6.135279, 50.013967], [6.135355, 50.013922], [6.135683, 50.013727], [6.13579, 50.013655], [6.135859, 50.013594], [6.13592, 50.013529], [6.135981, 50.013445], [6.136042, 50.013349], [6.136183, 50.013079], [6.136255, 50.01296], [6.136305, 50.012903], [6.136393, 50.012831], [6.13648, 50.012766], [6.136591, 50.012686], [6.136793, 50.01256], [6.136843, 50.012518], [6.136999, 50.012358], [6.137236, 50.012041], [6.137365, 50.011866], [6.137426, 50.011789], [6.137606, 50.011591], [6.137678, 50.011515], [6.137869, 50.011351], [6.138006, 50.011263], [6.138201, 50.011145], [6.138273, 50.011099], [6.13846, 50.011004], [6.138529, 50.010969], [6.138674, 50.010908], [6.138857, 50.010839], [6.139036, 50.010782], [6.139196, 50.01074], [6.139852, 50.010576], [6.139997, 50.010572], [6.140104, 50.010569], [6.140394, 50.010561], [6.140608, 50.010553], [6.140871, 50.010538], [6.141123, 50.010515], [6.141249, 50.0105], [6.141367, 50.010485], [6.141878, 50.010431], [6.141985, 50.010424], [6.142118, 50.010412], [6.142427, 50.010397], [6.142645, 50.010389], [6.143095, 50.010382], [6.143251, 50.010378], [6.143499, 50.010359], [6.144026, 50.010321], [6.144472, 50.01029], [6.14488, 50.01026], [6.145178, 50.010237], [6.145464, 50.010206], [6.14583, 50.010172], [6.145914, 50.010176], [6.146067, 50.010187], [6.146261, 50.01021], [6.146406, 50.010237], [6.146791, 50.010309], [6.147108, 50.010347], [6.147486, 50.010366], [6.147619, 50.010366], [6.147795, 50.010347], [6.147917, 50.010321], [6.147928, 50.010317], [6.147963, 50.010309], [6.148073, 50.010267], [6.148127, 50.010241], [6.148176, 50.010195], [6.148214, 50.010141], [6.148314, 50.009996], [6.148413, 50.009897], [6.148527, 50.00979], [6.148626, 50.009737], [6.148695, 50.009661], [6.148924, 50.009497], [6.149263, 50.009256], [6.149374, 50.00918], [6.149569, 50.008993], [6.149614, 50.008928], [6.149668, 50.008837], [6.149687, 50.00878], [6.149691, 50.00873], [6.14966, 50.008619], [6.14961, 50.008501], [6.149595, 50.008467], [6.149538, 50.008154], [6.149405, 50.007624], [6.14937, 50.007471], [6.149351, 50.00709], [6.149336, 50.006781], [6.149336, 50.006765], [6.149324, 50.006548], [6.149317, 50.006449], [6.149214, 50.006281], [6.148947, 50.005934], [6.148726, 50.005686], [6.148481, 50.005419], [6.148443, 50.005377], [6.148424, 50.005358], [6.148176, 50.005075], [6.14794, 50.004805], [6.147867, 50.004713], [6.147741, 50.004469], [6.147631, 50.004213], [6.147627, 50.004202], [6.147619, 50.004183], [6.147585, 50.004133], [6.147535, 50.004034], [6.147436, 50.003893], [6.147306, 50.003725], [6.147219, 50.003622], [6.147081, 50.003428], [6.146948, 50.003267], [6.14686, 50.003172], [6.146692, 50.003015], [6.146574, 50.002855], [6.146528, 50.002783], [6.146395, 50.002577], [6.146315, 50.002443], [6.146395, 50.002294], [6.146433, 50.00223], [6.146559, 50.001997], [6.146532, 50.001741], [6.146517, 50.001608], [6.146513, 50.001539], [6.146528, 50.001425], [6.14654, 50.001356], [6.146555, 50.00128], [6.146563, 50.001204], [6.146551, 50.001139], [6.146532, 50.001032], [6.146521, 50.000994], [6.146475, 50.000841], [6.146456, 50.000788], [6.146437, 50.000731], [6.146383, 50.000601], [6.146357, 50.000536], [6.146303, 50.000433], [6.146238, 50.000303], [6.146231, 50.000292], [6.146147, 50.000177], [6.145945, 49.999922], [6.14591, 49.99988], [6.145861, 49.999792], [6.145845, 49.999762], [6.145838, 49.999701], [6.145834, 49.999628], [6.145834, 49.999563], [6.145803, 49.99951], [6.145777, 49.999456], [6.145761, 49.999361], [6.145742, 49.999273], [6.145701, 49.99914], [6.145651, 49.998991], [6.145533, 49.998796], [6.145506, 49.998754], [6.14543, 49.998644], [6.14538, 49.998579], [6.145273, 49.998465], [6.14525, 49.998438], [6.145147, 49.998327], [6.145067, 49.998239], [6.144972, 49.998167], [6.144846, 49.998098], [6.144819, 49.998091], [6.144781, 49.998083], [6.144686, 49.998075], [6.144533, 49.998075], [6.144316, 49.998079], [6.144201, 49.998087], [6.143904, 49.998114], [6.143816, 49.99814], [6.143606, 49.998201], [6.143488, 49.998259], [6.143477, 49.998266], [6.143415, 49.998297], [6.143129, 49.998426], [6.143038, 49.998472], [6.142614, 49.998705], [6.142397, 49.998823], [6.142061, 49.99914], [6.142, 49.999197], [6.141977, 49.999216], [6.141886, 49.999308], [6.141855, 49.99933], [6.141722, 49.999395], [6.1416, 49.999441], [6.141153, 49.999636], [6.14076, 49.999792], [6.140531, 49.999861], [6.140379, 49.999956], [6.140249, 50.000025], [6.140165, 50.000074], [6.140097, 50.000116], [6.140066, 50.000128], [6.140036, 50.000139], [6.139975, 50.000174], [6.139933, 50.000197], [6.139872, 50.000212], [6.139803, 50.000219], [6.139509, 50.000223], [6.139395, 50.000223], [6.139288, 50.000189], [6.139181, 50.000143], [6.139063, 50.000074], [6.138964, 50.000002], [6.138651, 49.999735], [6.138361, 49.999479], [6.138308, 49.999426], [6.138151, 49.999273], [6.138048, 49.999186], [6.137976, 49.999121], [6.137846, 49.998987], [6.137751, 49.998884], [6.13769, 49.998789], [6.137655, 49.998701], [6.137655, 49.998575], [6.137682, 49.998472], [6.137766, 49.998362], [6.137926, 49.998205], [6.138132, 49.998018], [6.138327, 49.997843], [6.138636, 49.997518], [6.138781, 49.997339], [6.139021, 49.997099], [6.139101, 49.997004], [6.139357, 49.996679], [6.139452, 49.996572], [6.139566, 49.996458], [6.139673, 49.996363], [6.139799, 49.996263], [6.139914, 49.996176], [6.140043, 49.996092], [6.140486, 49.995821], [6.140623, 49.995733], [6.140718, 49.995668], [6.140787, 49.995623], [6.140894, 49.995527], [6.141085, 49.995363], [6.14123, 49.995215], [6.141405, 49.995031], [6.141806, 49.994864], [6.141958, 49.994806], [6.142092, 49.994764], [6.14226, 49.994722], [6.14242, 49.994688], [6.142588, 49.994665], [6.14274, 49.994658], [6.14311, 49.994658], [6.14348, 49.994669], [6.143671, 49.994677], [6.143942, 49.994692], [6.144224, 49.994715], [6.144545, 49.994741], [6.145285, 49.994814], [6.145594, 49.994852], [6.145876, 49.994883], [6.146166, 49.994902], [6.146349, 49.994906], [6.146585, 49.994906], [6.146795, 49.994898], [6.146971, 49.99489], [6.147165, 49.994871], [6.147295, 49.994856], [6.147459, 49.994833], [6.147707, 49.994791], [6.147974, 49.994738], [6.148287, 49.994661], [6.1486, 49.994585], [6.148798, 49.994532], [6.149229, 49.994417], [6.149408, 49.994375], [6.149633, 49.994341], [6.149702, 49.994333], [6.149939, 49.994349], [6.150007, 49.994352], [6.15008, 49.994345], [6.150152, 49.994333], [6.150282, 49.994299], [6.150461, 49.994242], [6.150541, 49.994215], [6.15069, 49.994162], [6.150774, 49.994123], [6.150797, 49.994104], [6.150835, 49.994017], [6.150885, 49.993891], [6.150969, 49.993654], [6.151033, 49.993532], [6.151201, 49.993269], [6.151304, 49.993254], [6.151438, 49.992956], [6.151484, 49.992853], [6.151575, 49.992693], [6.151613, 49.992643], [6.15172, 49.99254], [6.151751, 49.992498], [6.151808, 49.992384], [6.151861, 49.992331], [6.15188, 49.992304], [6.151926, 49.992144], [6.15196, 49.992052], [6.152105, 49.991754], [6.152227, 49.991453], [6.152319, 49.991201], [6.152407, 49.990927], [6.152704, 49.990499], [6.153055, 49.989988], [6.153242, 49.989721], [6.15336, 49.989592], [6.153505, 49.98945], [6.153624, 49.989351], [6.153723, 49.989294], [6.153883, 49.98921], [6.154058, 49.989107], [6.154295, 49.988966], [6.154493, 49.988848], [6.154661, 49.988726], [6.154966, 49.988569], [6.155153, 49.988478], [6.15526, 49.988417], [6.155447, 49.988302], [6.155584, 49.988214], [6.155668, 49.988157], [6.155947, 49.987883], [6.156305, 49.98752], [6.156702, 49.987299], [6.156939, 49.987169], [6.157053, 49.98712], [6.157171, 49.987078], [6.1574, 49.98702], [6.157652, 49.986975], [6.157873, 49.986937], [6.158194, 49.986895], [6.158571, 49.986853], [6.158991, 49.986826], [6.159269, 49.986811], [6.159407, 49.986811], [6.159452, 49.986811], [6.159647, 49.986818], [6.159872, 49.986841], [6.159971, 49.98686], [6.160223, 49.986929], [6.160402, 49.986975], [6.160536, 49.987001], [6.160692, 49.987028], [6.160967, 49.987059], [6.161142, 49.987074], [6.161299, 49.987085], [6.161394, 49.987089], [6.16155, 49.987089], [6.161829, 49.987082], [6.161955, 49.987074], [6.162111, 49.987082], [6.16221, 49.987085], [6.162298, 49.987078], [6.162409, 49.987066], [6.162531, 49.987047], [6.162878, 49.986986], [6.163095, 49.986948], [6.163237, 49.986925], [6.163393, 49.986906], [6.163401, 49.986921], [6.163526, 49.986906], [6.163519, 49.986887], [6.163767, 49.986837], [6.163912, 49.986826], [6.164129, 49.986826], [6.164335, 49.986834], [6.16445, 49.986826], [6.164862, 49.986734], [6.165106, 49.986677], [6.165304, 49.986635], [6.165445, 49.986609], [6.165709, 49.986567], [6.165926, 49.986521], [6.166098, 49.986471], [6.166254, 49.986414], [6.166429, 49.986338], [6.16654, 49.986269], [6.166693, 49.9862], [6.166716, 49.986223], [6.167181, 49.986105], [6.167238, 49.986063], [6.167322, 49.98601], [6.167395, 49.985971], [6.167528, 49.985922], [6.167738, 49.985857], [6.16799, 49.985792], [6.168154, 49.985758], [6.168299, 49.985716], [6.168421, 49.985689], [6.168615, 49.985651], [6.168776, 49.985605], [6.168879, 49.985632], [6.169023, 49.98567], [6.169107, 49.985685], [6.169226, 49.985693], [6.169409, 49.985697], [6.169474, 49.985681], [6.169584, 49.985662], [6.16968, 49.985636], [6.169748, 49.985624], [6.169798, 49.985609], [6.169867, 49.985586], [6.169916, 49.985579], [6.170004, 49.985567], [6.170046, 49.985556], [6.170118, 49.985533], [6.170233, 49.985491], [6.17029, 49.985483], [6.170504, 49.98546], [6.170572, 49.985453], [6.170698, 49.98543], [6.170774, 49.985414], [6.171152, 49.985312], [6.171324, 49.985258], [6.171465, 49.985212], [6.171549, 49.985178], [6.171965, 49.98498], [6.172144, 49.984888], [6.172266, 49.984812], [6.172342, 49.984762], [6.172419, 49.98469], [6.172464, 49.984644], [6.172522, 49.984568], [6.172556, 49.984514], [6.17259, 49.98443], [6.172609, 49.984381], [6.172621, 49.984323], [6.172632, 49.984201], [6.17259, 49.984144], [6.172518, 49.984057], [6.172438, 49.983984], [6.172399, 49.983984], [6.172171, 49.984053], [6.171953, 49.98403], [6.171717, 49.984011], [6.171644, 49.984011], [6.171564, 49.984022], [6.171492, 49.984041], [6.171442, 49.98406], [6.171419, 49.984076], [6.171408, 49.984095], [6.1714, 49.984194], [6.171373, 49.984236], [6.17135, 49.984266], [6.17127, 49.984293], [6.170939, 49.984366], [6.170614, 49.984384], [6.170553, 49.984411], [6.170401, 49.984423], [6.170355, 49.984434], [6.170324, 49.984442], [6.17029, 49.984449], [6.170229, 49.984468], [6.170157, 49.984503], [6.169958, 49.984598], [6.169748, 49.984514], [6.169657, 49.984476], [6.169615, 49.984453], [6.169497, 49.984366], [6.169413, 49.984289], [6.169306, 49.984178], [6.169195, 49.984064], [6.169035, 49.983885], [6.169016, 49.983858], [6.168993, 49.983828], [6.168947, 49.983755], [6.168909, 49.983675], [6.168882, 49.983595], [6.168871, 49.983542], [6.168867, 49.983461], [6.168859, 49.9834], [6.168859, 49.983366], [6.168863, 49.983297], [6.168779, 49.983118], [6.168753, 49.982984], [6.168737, 49.982881], [6.16873, 49.982775], [6.168726, 49.982717], [6.168676, 49.982447], [6.168611, 49.982141], [6.168638, 49.98197], [6.168657, 49.981848], [6.168715, 49.981695], [6.168726, 49.981638], [6.168726, 49.981562], [6.168726, 49.981512], [6.168734, 49.98147], [6.168737, 49.981443], [6.168772, 49.981462], [6.168783, 49.981344], [6.168787, 49.981226], [6.168768, 49.981119], [6.168745, 49.981051], [6.168699, 49.980978], [6.168615, 49.980864], [6.168562, 49.980803], [6.168489, 49.980749], [6.168291, 49.980654], [6.168096, 49.980562], [6.167913, 49.980459], [6.167784, 49.980379], [6.167742, 49.980356], [6.167589, 49.980249], [6.167433, 49.980131], [6.167364, 49.980055], [6.167269, 49.979967], [6.167086, 49.979647], [6.167028, 49.979555], [6.166975, 49.979433], [6.166876, 49.979261], [6.166777, 49.978964], [6.166739, 49.978499], [6.166712, 49.978182], [6.166677, 49.977755], [6.166666, 49.977594], [6.166681, 49.977499], [6.166685, 49.977442], [6.166674, 49.9774], [6.166643, 49.97735], [6.166613, 49.977308], [6.16659, 49.977274], [6.166578, 49.977255], [6.166567, 49.977201], [6.166563, 49.977156], [6.166544, 49.977083], [6.166506, 49.977034], [6.16646, 49.97698], [6.166376, 49.976877], [6.166342, 49.976812], [6.166307, 49.97679], [6.166296, 49.97679], [6.166262, 49.976795], [6.166208, 49.97681], [6.16617, 49.976826], [6.166136, 49.976837], [6.166071, 49.976875], [6.166021, 49.97689], [6.165979, 49.976902], [6.165831, 49.976902], [6.165709, 49.97691], [6.165403, 49.976955], [6.165182, 49.977016], [6.165129, 49.97704], [6.165083, 49.977062], [6.165049, 49.977077], [6.16498, 49.97709], [6.164892, 49.977104], [6.164732, 49.977127], [6.164625, 49.97715], [6.164511, 49.977173], [6.164442, 49.97718], [6.164373, 49.977184], [6.16416, 49.97722], [6.163851, 49.97727], [6.163687, 49.97728], [6.163507, 49.977295], [6.163439, 49.977303], [6.163389, 49.977314], [6.163313, 49.977337], [6.163065, 49.977432], [6.162985, 49.97745], [6.162909, 49.97746], [6.162714, 49.97748], [6.162642, 49.977493], [6.162489, 49.977543], [6.162367, 49.977562], [6.16231, 49.97757], [6.16226, 49.977585], [6.162188, 49.97761], [6.162077, 49.97765], [6.162001, 49.977673], [6.161943, 49.977707], [6.161886, 49.97774], [6.161806, 49.977776], [6.161703, 49.9778], [6.161581, 49.977833], [6.161432, 49.97789], [6.1611, 49.97804], [6.160883, 49.978104], [6.160734, 49.97816], [6.160585, 49.97823], [6.160337, 49.97833], [6.160067, 49.97844], [6.159849, 49.97851], [6.159796, 49.97854], [6.159693, 49.97855], [6.159609, 49.97856], [6.159529, 49.978577], [6.159487, 49.978573], [6.159452, 49.978554], [6.159418, 49.97853], [6.159376, 49.97852], [6.159292, 49.978523], [6.159208, 49.978527], [6.159155, 49.978516], [6.159113, 49.9785], [6.159048, 49.9785], [6.158953, 49.978523], [6.158865, 49.978535], [6.158659, 49.97854], [6.158297, 49.97853], [6.1579, 49.97854], [6.157778, 49.978542], [6.157602, 49.97856], [6.157213, 49.978626], [6.157076, 49.978653], [6.156935, 49.978683], [6.156656, 49.97878], [6.156488, 49.978844], [6.156301, 49.978962], [6.15605, 49.979126], [6.155939, 49.979202], [6.155855, 49.979248], [6.155748, 49.97929], [6.155664, 49.979313], [6.155565, 49.97933], [6.155458, 49.979332], [6.155378, 49.979324], [6.155298, 49.979313], [6.155134, 49.97928], [6.155035, 49.979248], [6.154882, 49.97919], [6.154802, 49.979168], [6.154718, 49.979153], [6.154612, 49.97914], [6.154532, 49.979126], [6.153925, 49.97893], [6.153631, 49.978832], [6.153326, 49.978737], [6.152983, 49.978638], [6.152887, 49.978603], [6.152727, 49.978542], [6.152422, 49.978424], [6.152262, 49.97837], [6.152079, 49.978317], [6.151941, 49.97827], [6.151774, 49.97822], [6.151709, 49.97821], [6.151682, 49.97821], [6.151571, 49.978207], [6.151461, 49.978207], [6.151415, 49.978195], [6.151365, 49.978176], [6.151297, 49.978146], [6.151243, 49.97811], [6.151171, 49.978077], [6.151079, 49.978046], [6.150927, 49.978012], [6.150801, 49.97799], [6.150652, 49.977978], [6.150404, 49.97792], [6.150251, 49.977894], [6.15019, 49.977882], [6.150137, 49.977863], [6.150068, 49.977837], [6.149912, 49.977795], [6.149759, 49.97775], [6.1495, 49.977657], [6.149366, 49.977608], [6.149145, 49.977505], [6.149008, 49.977444], [6.148783, 49.977345], [6.148668, 49.977306], [6.148558, 49.977283], [6.148443, 49.977272], [6.148409, 49.97726], [6.148314, 49.977215], [6.148211, 49.97717], [6.1481, 49.97715], [6.147989, 49.97715], [6.147936, 49.97714], [6.147837, 49.977104], [6.147692, 49.977047], [6.147661, 49.977013], [6.147455, 49.976925], [6.147257, 49.976818], [6.146952, 49.976723], [6.146662, 49.97663], [6.146616, 49.976612], [6.146547, 49.976562], [6.146467, 49.976505], [6.146376, 49.976463], [6.146242, 49.976425], [6.146044, 49.976376], [6.145998, 49.97636], [6.145956, 49.97634], [6.145834, 49.976273], [6.145605, 49.976128], [6.145456, 49.976036], [6.14538, 49.97601], [6.145311, 49.97598], [6.145273, 49.975914], [6.145216, 49.975853], [6.145048, 49.975727], [6.144926, 49.975624], [6.144812, 49.975513], [6.144716, 49.97543], [6.144636, 49.975346], [6.144579, 49.9753], [6.144457, 49.975224], [6.144381, 49.97518], [6.144148, 49.975067], [6.144056, 49.975037], [6.14393, 49.975018], [6.143869, 49.975002], [6.143801, 49.974964], [6.143652, 49.974895], [6.14324, 49.974777], [6.143107, 49.97473], [6.142981, 49.97468], [6.142828, 49.97464], [6.142721, 49.974606], [6.142324, 49.974457], [6.142046, 49.974346], [6.14197, 49.974316], [6.14192, 49.974277], [6.141832, 49.974247], [6.141649, 49.974194], [6.14142, 49.974117], [6.141329, 49.97408], [6.141115, 49.973988], [6.141031, 49.973965], [6.140959, 49.973957], [6.140848, 49.973953], [6.14073, 49.97396], [6.140669, 49.973953], [6.140528, 49.973915], [6.14044, 49.973892], [6.140352, 49.973877], [6.140284, 49.97386], [6.140207, 49.973843], [6.140161, 49.973827], [6.140123, 49.973824], [6.140085, 49.973827], [6.140039, 49.973835], [6.140001, 49.973843], [6.139963, 49.973843], [6.139841, 49.97382], [6.139662, 49.973816], [6.139589, 49.97381], [6.139498, 49.973797], [6.139425, 49.9738], [6.138865, 49.973877], [6.138567, 49.973923], [6.138277, 49.973957], [6.13806, 49.973976], [6.137934, 49.973988], [6.137762, 49.974022], [6.137651, 49.974022], [6.1374, 49.974064], [6.137331, 49.97407], [6.137266, 49.974068], [6.137209, 49.97407], [6.137159, 49.974094], [6.137098, 49.97412], [6.137075, 49.974125], [6.137056, 49.97413], [6.136999, 49.974117], [6.136957, 49.974113], [6.136869, 49.97413], [6.136786, 49.97414], [6.136698, 49.97412], [6.136625, 49.974117], [6.136545, 49.974125], [6.136507, 49.97414], [6.136476, 49.974167], [6.136454, 49.974174], [6.136427, 49.97418], [6.136393, 49.97417], [6.136374, 49.974167], [6.136335, 49.974167], [6.136274, 49.97416], [6.13616, 49.974136], [6.136107, 49.974133], [6.13587, 49.974133], [6.135843, 49.974125], [6.135813, 49.974102], [6.135736, 49.97405], [6.135611, 49.973976], [6.135569, 49.973957], [6.13545, 49.97392], [6.135382, 49.973892], [6.135263, 49.973835], [6.135183, 49.97381], [6.134909, 49.973736], [6.134741, 49.973682], [6.134504, 49.973614], [6.134375, 49.973583], [6.134272, 49.973557], [6.134214, 49.973557], [6.134188, 49.973564], [6.134146, 49.973564], [6.134088, 49.97355], [6.133997, 49.97352], [6.133898, 49.97347], [6.133802, 49.973427], [6.133703, 49.973408], [6.133532, 49.97337], [6.133368, 49.97332], [6.133299, 49.973305], [6.133257, 49.9733], [6.133207, 49.973312], [6.133173, 49.973316], [6.133112, 49.973312], [6.133036, 49.973297], [6.132921, 49.973263], [6.132811, 49.97322], [6.132681, 49.97318], [6.132627, 49.973152], [6.132547, 49.97313], [6.132464, 49.973103], [6.132422, 49.973076], [6.13233, 49.972965], [6.132242, 49.97285], [6.132212, 49.972797], [6.132212, 49.972763], [6.132235, 49.972706], [6.132246, 49.972675], [6.132242, 49.97264], [6.132196, 49.97244], [6.132204, 49.9723], [6.132185, 49.972267], [6.132151, 49.97223], [6.132112, 49.97219], [6.132032, 49.97212], [6.131998, 49.972088], [6.131983, 49.972057], [6.131983, 49.97203], [6.131975, 49.972004], [6.13196, 49.971996], [6.131887, 49.971973], [6.131868, 49.971962], [6.131838, 49.971924], [6.131807, 49.971905], [6.131781, 49.97189], [6.131678, 49.971848], [6.131647, 49.971825], [6.131605, 49.97179], [6.131487, 49.97174], [6.131403, 49.971733], [6.131289, 49.97172], [6.131166, 49.971695], [6.131113, 49.971676], [6.131044, 49.971653], [6.130999, 49.971634], [6.130964, 49.971626], [6.130903, 49.97163], [6.130873, 49.971622], [6.130812, 49.971607], [6.130754, 49.97159], [6.130682, 49.971573], [6.130625, 49.971573], [6.130568, 49.971577], [6.130529, 49.971577], [6.130491, 49.97157], [6.130453, 49.97157], [6.130415, 49.97156], [6.130369, 49.971554], [6.130327, 49.971546], [6.130281, 49.97154], [6.130224, 49.97152], [6.130201, 49.97151], [6.130136, 49.971493], [6.130011, 49.971474], [6.12995, 49.971447], [6.1299, 49.971428], [6.129751, 49.971405], [6.12969, 49.971382], [6.129618, 49.971375], [6.129442, 49.971325], [6.129381, 49.971313], [6.129301, 49.971306], [6.129209, 49.97131], [6.129137, 49.97129], [6.128855, 49.971226], [6.12879, 49.971222], [6.128595, 49.971233], [6.128515, 49.97123], [6.12845, 49.971222], [6.128363, 49.971203], [6.128241, 49.971172], [6.128061, 49.971172], [6.127932, 49.971176], [6.127809, 49.971176], [6.12776, 49.971184], [6.12771, 49.971195], [6.127592, 49.97126], [6.127497, 49.971302], [6.127439, 49.971313], [6.127371, 49.971325], [6.127321, 49.971336], [6.127249, 49.971363], [6.1271, 49.971416], [6.127031, 49.971436], [6.126249, 49.971428], [6.126158, 49.971428], [6.125895, 49.97143], [6.125795, 49.971443], [6.125738, 49.97147], [6.125669, 49.9715], [6.125525, 49.97157], [6.125414, 49.97163], [6.125307, 49.971676], [6.125174, 49.97171], [6.125044, 49.971725], [6.124418, 49.97171], [6.123926, 49.971687], [6.123518, 49.971672], [6.123495, 49.971672], [6.122999, 49.97169], [6.122915, 49.97169], [6.12282, 49.971638], [6.122793, 49.971615], [6.122702, 49.971687], [6.122103, 49.97209], [6.121729, 49.972343], [6.121431, 49.972603], [6.12134, 49.972668], [6.121141, 49.972797], [6.120894, 49.97295], [6.120638, 49.973114], [6.120382, 49.973293], [6.119997, 49.973576], [6.119928, 49.973606], [6.119875, 49.973625], [6.119821, 49.97365], [6.119799, 49.973663], [6.119631, 49.973732], [6.119455, 49.973816], [6.119371, 49.97388], [6.119185, 49.973988], [6.119032, 49.974094], [6.118906, 49.9742], [6.118837, 49.974297], [6.118776, 49.974422], [6.1187, 49.97467], [6.118677, 49.974762], [6.118624, 49.974876], [6.118506, 49.97506], [6.118383, 49.975212], [6.118181, 49.97549], [6.117956, 49.975796], [6.117659, 49.976227], [6.11772, 49.976242], [6.118155, 49.97637], [6.118227, 49.976284], [6.119219, 49.9767], [6.119535, 49.97683], [6.119673, 49.976887], [6.119452, 49.977654], [6.119417, 49.977757], [6.119368, 49.97787], [6.119318, 49.977993], [6.119303, 49.978027], [6.119223, 49.978233], [6.119219, 49.978245], [6.119192, 49.978313], [6.119181, 49.978374], [6.119139, 49.978584], [6.119108, 49.978756], [6.119101, 49.978783], [6.11907, 49.978878], [6.118994, 49.979084], [6.118952, 49.979183], [6.118937, 49.979218], [6.118902, 49.9793], [6.118765, 49.979614], [6.118738, 49.97965], [6.118696, 49.979717], [6.118586, 49.97986], [6.118498, 49.979954], [6.11841, 49.98005], [6.118258, 49.98021], [6.118109, 49.98035], [6.117987, 49.98047], [6.117926, 49.980526], [6.117811, 49.980633], [6.117788, 49.98066], [6.117582, 49.98088], [6.117285, 49.981186], [6.117102, 49.98136], [6.116903, 49.98153], [6.116884, 49.981544], [6.116537, 49.981724], [6.116255, 49.981888], [6.116075, 49.98198], [6.1159, 49.98205], [6.115759, 49.982113], [6.11532, 49.982292], [6.115015, 49.982433], [6.114912, 49.98248], [6.114439, 49.982525], [6.114267, 49.982555], [6.113504, 49.982536], [6.112776, 49.982502], [6.112844, 49.982403], [6.112719, 49.982414], [6.112539, 49.982426], [6.112474, 49.98243], [6.112307, 49.982437], [6.1122, 49.98245], [6.112013, 49.982456], [6.11178, 49.98246], [6.111715, 49.98246], [6.11141, 49.98246], [6.111151, 49.982456], [6.111017, 49.982456], [6.110754, 49.98247], [6.110334, 49.982483], [6.110262, 49.982487], [6.10977, 49.982513], [6.109533, 49.982582], [6.109037, 49.982742], [6.108919, 49.98278], [6.108843, 49.982838], [6.108736, 49.98292], [6.10848, 49.983124], [6.107618, 49.982956], [6.107515, 49.9829], [6.107313, 49.98276], [6.107241, 49.98272], [6.107145, 49.98265], [6.107004, 49.98256], [6.106844, 49.982483], [6.106653, 49.98241], [6.106451, 49.982334], [6.106291, 49.982277], [6.106066, 49.98221], [6.105928, 49.982185], [6.105642, 49.98216], [6.105497, 49.98215], [6.105066, 49.982147], [6.104582, 49.982143], [6.104414, 49.982136], [6.104299, 49.982113], [6.10412, 49.98206], [6.10396, 49.981995], [6.103796, 49.981907], [6.103663, 49.981823], [6.103437, 49.98188], [6.103304, 49.981922], [6.1033, 49.98198], [6.1033, 49.98202], [6.103353, 49.982105], [6.103334, 49.98216], [6.103277, 49.98228], [6.102793, 49.9824], [6.102758, 49.98248], [6.102713, 49.9826], [6.10267, 49.98268], [6.102554, 49.982914], [6.101694, 49.982803], [6.100942, 49.98269], [6.100676, 49.98266], [6.100493, 49.98265], [6.100133, 49.982662], [6.100085, 49.982662], [6.100137, 49.98287], [6.100264, 49.98338], [6.100398, 49.98392], [6.100425, 49.98403], [6.100383, 49.984234], [6.100375, 49.984264], [6.100356, 49.984352], [6.100312, 49.984562], [6.100286, 49.984688], [6.100267, 49.98479], [6.10024, 49.984936], [6.100182, 49.985184], [6.100139, 49.985336], [6.100121, 49.985397], [6.100017, 49.985653], [6.100005, 49.985676], [6.099992, 49.985706], [6.099882, 49.985954], [6.099724, 49.986294], [6.099712, 49.98632], [6.099605, 49.986538], [6.099355, 49.986946], [6.099149, 49.987247], [6.098933, 49.987545], [6.09859, 49.98755], [6.098484, 49.987553], [6.097933, 49.987566], [6.098074, 49.987314], [6.098181, 49.987108], [6.098242, 49.986968], [6.098276, 49.986845], [6.098318, 49.986698], [6.098341, 49.986598], [6.098356, 49.986551], [6.098448, 49.986168], [6.098501, 49.985891], [6.098528, 49.985742], [6.098539, 49.985508], [6.098528, 49.985378], [6.098528, 49.985342], [6.098459, 49.984934], [6.098425, 49.984768], [6.098387, 49.984602], [6.098356, 49.984396], [6.098318, 49.98427], [6.098295, 49.984213], [6.098223, 49.984078], [6.097979, 49.983698], [6.097849, 49.983538], [6.097818, 49.983498], [6.097773, 49.983446], [6.097639, 49.983263], [6.097525, 49.983088], [6.097372, 49.982788], [6.09717, 49.982418], [6.097052, 49.982214], [6.097032, 49.982145], [6.09701, 49.982004], [6.096972, 49.981832], [6.096933, 49.981741], [6.096891, 49.981665], [6.096811, 49.981568], [6.096388, 49.9811], [6.096174, 49.980848], [6.096151, 49.980822], [6.096335, 49.980646], [6.096384, 49.980612], [6.096453, 49.980588], [6.096491, 49.980574], [6.096556, 49.980535], [6.096647, 49.980471], [6.096872, 49.980291], [6.097059, 49.980128], [6.097006, 49.980081], [6.096972, 49.980048], [6.097048, 49.979994], [6.097139, 49.979906], [6.097185, 49.979895], [6.09725, 49.979864], [6.097284, 49.979841], [6.097368, 49.979758], [6.097418, 49.979731], [6.097486, 49.979678], [6.097551, 49.979648], [6.097609, 49.979598], [6.097654, 49.979586], [6.097689, 49.979574], [6.097708, 49.979551], [6.097719, 49.979518], [6.097761, 49.979505], [6.097849, 49.979505], [6.097898, 49.979502], [6.097948, 49.979478], [6.098021, 49.979448], [6.098074, 49.979408], [6.098104, 49.979395], [6.098158, 49.979391], [6.098192, 49.979388], [6.098223, 49.979376], [6.098326, 49.979376], [6.098398, 49.979345], [6.098463, 49.97933], [6.098494, 49.979322], [6.098558, 49.979322], [6.0986, 49.979328], [6.098623, 49.979315], [6.098638, 49.979284], [6.098665, 49.979268], [6.098703, 49.979261], [6.098749, 49.979258], [6.098776, 49.979246], [6.09881, 49.979218], [6.098848, 49.9792], [6.098894, 49.979185], [6.099005, 49.979204], [6.099047, 49.979204], [6.099112, 49.979193], [6.099169, 49.979185], [6.099241, 49.979188], [6.09926, 49.979193], [6.099306, 49.979185], [6.099382, 49.979151], [6.099428, 49.979148], [6.099489, 49.979151], [6.099539, 49.979148], [6.099565, 49.979132], [6.099596, 49.979118], [6.099642, 49.979113], [6.099726, 49.979101], [6.099772, 49.979108], [6.099844, 49.979132], [6.099897, 49.979138], [6.09997, 49.979135], [6.100042, 49.979118], [6.1001, 49.979113], [6.100153, 49.979118], [6.10021, 49.979108], [6.100252, 49.979105], [6.10029, 49.979101], [6.100374, 49.979108], [6.100431, 49.979105], [6.100477, 49.979101], [6.100527, 49.979093], [6.100595, 49.979071], [6.100626, 49.979063], [6.100653, 49.979058], [6.100672, 49.979068], [6.100702, 49.979088], [6.100733, 49.979101], [6.100771, 49.979101], [6.100801, 49.979093], [6.100851, 49.979058], [6.100885, 49.979038], [6.100916, 49.979028], [6.100939, 49.979038], [6.100954, 49.979051], [6.100977, 49.979055], [6.101, 49.979048], [6.101038, 49.979028], [6.101069, 49.979025], [6.101214, 49.979025], [6.101259, 49.979021], [6.101317, 49.97899], [6.101374, 49.978975], [6.101431, 49.978968], [6.101515, 49.978978], [6.101606, 49.979006], [6.101633, 49.979002], [6.101671, 49.97899], [6.10169, 49.978994], [6.101728, 49.979006], [6.10177, 49.978998], [6.101831, 49.978983], [6.101873, 49.978988], [6.101923, 49.979002], [6.101965, 49.979008], [6.102007, 49.979002], [6.102045, 49.97899], [6.102087, 49.978978], [6.102121, 49.978978], [6.102156, 49.97899], [6.102194, 49.97899], [6.102224, 49.978975], [6.102251, 49.978958], [6.102274, 49.978952], [6.102312, 49.978948], [6.102373, 49.978952], [6.10243, 49.978945], [6.102484, 49.978922], [6.102549, 49.978898], [6.102652, 49.978868], [6.102709, 49.978853], [6.102766, 49.978861], [6.102789, 49.978861], [6.102804, 49.978842], [6.102831, 49.978811], [6.102846, 49.978804], [6.102873, 49.978808], [6.102922, 49.978808], [6.102964, 49.978811], [6.103006, 49.978808], [6.103029, 49.978798], [6.103029, 49.978784], [6.102999, 49.978768], [6.102987, 49.978758], [6.102991, 49.978738], [6.103048, 49.978701], [6.103064, 49.978688], [6.103018, 49.978662], [6.102991, 49.978643], [6.102999, 49.978618], [6.10301, 49.978594], [6.10301, 49.978575], [6.10298, 49.978552], [6.102968, 49.97854], [6.102976, 49.978498], [6.102972, 49.978488], [6.102949, 49.97846], [6.102903, 49.978438], [6.102888, 49.978422], [6.102911, 49.978403], [6.102942, 49.978384], [6.102964, 49.978372], [6.10298, 49.978348], [6.102957, 49.978328], [6.102926, 49.978308], [6.102903, 49.978285], [6.102884, 49.978248], [6.102888, 49.978201], [6.102865, 49.978174], [6.10285, 49.978158], [6.10285, 49.978138], [6.102865, 49.978125], [6.102888, 49.978121], [6.102938, 49.978132], [6.102964, 49.978125], [6.102983, 49.978108], [6.10298, 49.978094], [6.102968, 49.978078], [6.102938, 49.978068], [6.102915, 49.978048], [6.102858, 49.978008], [6.10277, 49.977964], [6.102743, 49.977945], [6.10277, 49.977934], [6.102797, 49.97793], [6.102808, 49.977918], [6.1028, 49.977903], [6.102774, 49.977888], [6.102751, 49.977865], [6.102766, 49.977846], [6.10277, 49.977828], [6.102762, 49.977804], [6.102728, 49.977778], [6.102686, 49.977762], [6.102663, 49.977755], [6.102602, 49.977738], [6.102545, 49.977728], [6.102507, 49.977718], [6.102476, 49.977693], [6.102434, 49.977628], [6.102381, 49.977514], [6.102323, 49.977378], [6.102282, 49.977232], [6.102266, 49.977102], [6.102259, 49.976942], [6.102263, 49.976831], [6.102278, 49.976728], [6.102304, 49.976618], [6.102316, 49.976595], [6.10232, 49.976576], [6.102331, 49.976548], [6.102339, 49.976522], [6.102362, 49.976492], [6.102377, 49.976478], [6.102385, 49.976448], [6.102385, 49.976428], [6.102362, 49.976393], [6.10235, 49.976362], [6.102354, 49.976338], [6.102366, 49.976324], [6.102415, 49.976286], [6.10243, 49.976263], [6.102438, 49.97624], [6.102426, 49.976218], [6.102423, 49.976202], [6.102426, 49.976178], [6.102484, 49.976126], [6.102518, 49.976098], [6.102522, 49.976088], [6.102511, 49.976076], [6.102491, 49.976065], [6.102465, 49.976053], [6.102434, 49.976034], [6.102426, 49.976015], [6.10243, 49.975988], [6.102461, 49.975943], [6.102468, 49.975931], [6.102461, 49.975918], [6.102449, 49.975916], [6.102426, 49.975916], [6.102404, 49.975908], [6.102381, 49.975893], [6.102362, 49.975868], [6.102366, 49.975838], [6.102373, 49.975818], [6.102381, 49.975801], [6.102381, 49.975771], [6.102366, 49.975748], [6.102354, 49.975718], [6.102354, 49.975698], [6.102362, 49.975678], [6.102377, 49.97566], [6.102392, 49.975641], [6.102396, 49.975622], [6.102396, 49.975603], [6.102381, 49.975584], [6.102362, 49.975572], [6.102339, 49.975561], [6.102327, 49.975538], [6.102323, 49.975508], [6.102331, 49.975478], [6.102331, 49.975443], [6.102323, 49.975416], [6.102304, 49.975382], [6.102278, 49.975348], [6.102259, 49.975325], [6.102255, 49.975305], [6.102255, 49.975288], [6.102247, 49.975264], [6.102182, 49.975138], [6.102137, 49.975035], [6.102114, 49.974993], [6.10203, 49.974844], [6.102003, 49.974808], [6.101965, 49.974768], [6.101931, 49.974741], [6.101843, 49.974688], [6.101614, 49.974528], [6.101461, 49.974418], [6.101301, 49.974308], [6.101236, 49.97426], [6.101118, 49.974168], [6.101061, 49.974131], [6.10103, 49.974115], [6.100966, 49.974085], [6.10087, 49.974048], [6.100809, 49.974012], [6.100767, 49.973974], [6.100653, 49.973868], [6.100573, 49.973788], [6.100542, 49.973745], [6.100531, 49.973718], [6.100531, 49.973698], [6.100534, 49.973673], [6.100546, 49.973654], [6.100523, 49.973642], [6.100466, 49.973638], [6.10045, 49.973631], [6.100443, 49.973618], [6.100447, 49.9736], [6.100443, 49.973585], [6.100424, 49.973566], [6.100378, 49.973543], [6.100325, 49.973518], [6.100302, 49.973505], [6.100275, 49.973505], [6.100233, 49.973508], [6.100222, 49.973505], [6.100222, 49.973488], [6.100237, 49.973478], [6.100286, 49.973468], [6.100309, 49.973452], [6.100321, 49.973438], [6.100313, 49.973421], [6.100302, 49.973402], [6.100294, 49.973383], [6.100309, 49.973364], [6.100309, 49.973348], [6.100294, 49.973328], [6.100267, 49.973288], [6.10026, 49.973246], [6.100271, 49.973196], [6.100267, 49.973178], [6.100264, 49.973154], [6.100256, 49.973131], [6.100241, 49.973123], [6.10021, 49.973128], [6.100187, 49.973123], [6.100168, 49.973101], [6.100168, 49.973074], [6.100183, 49.973038], [6.100183, 49.973024], [6.100172, 49.973005], [6.100111, 49.97294], [6.100088, 49.972914], [6.100092, 49.972898], [6.100111, 49.972888], [6.100191, 49.972864], [6.100214, 49.972853], [6.100225, 49.972826], [6.100229, 49.972784], [6.100237, 49.972681], [6.100256, 49.972601], [6.100248, 49.972551], [6.100248, 49.972521], [6.10026, 49.972494], [6.100298, 49.972444], [6.100306, 49.972414], [6.100302, 49.97233], [6.10029, 49.972132], [6.100279, 49.972052], [6.100264, 49.97199], [6.100153, 49.971838], [6.100126, 49.971762], [6.1001, 49.971701], [6.100073, 49.971674], [6.100046, 49.971648], [6.100023, 49.971628], [6.100004, 49.971598], [6.099981, 49.971578], [6.099932, 49.971552], [6.099916, 49.971533], [6.099905, 49.971502], [6.099909, 49.971458], [6.099901, 49.971426], [6.099863, 49.971378], [6.099608, 49.971174], [6.099497, 49.971078], [6.099428, 49.971002], [6.099344, 49.970878], [6.099314, 49.970846], [6.099268, 49.970808], [6.099234, 49.970768], [6.099196, 49.970718], [6.099184, 49.970678], [6.099161, 49.970613], [6.09915, 49.970558], [6.099138, 49.970533], [6.0991, 49.970423], [6.099093, 49.970378], [6.099093, 49.970328], [6.0991, 49.970298], [6.099093, 49.97027], [6.099077, 49.970251], [6.099047, 49.970224], [6.09897, 49.970178], [6.098925, 49.970144], [6.098906, 49.970121], [6.098898, 49.970095], [6.098906, 49.969946], [6.098898, 49.969805], [6.09889, 49.969748], [6.098864, 49.969638], [6.098799, 49.969454], [6.098749, 49.969343], [6.098734, 49.969271], [6.09873, 49.969208], [6.098738, 49.96916], [6.098753, 49.969108], [6.098799, 49.969034], [6.098814, 49.968992], [6.098818, 49.968954], [6.098806, 49.968908], [6.098776, 49.968838], [6.098688, 49.968688], [6.098631, 49.968608], [6.098429, 49.968368], [6.098261, 49.968138], [6.098196, 49.968078], [6.098166, 49.968031], [6.098158, 49.967958], [6.098169, 49.967703], [6.098169, 49.967642], [6.098181, 49.967604], [6.098211, 49.967535], [6.098238, 49.967432], [6.098249, 49.96734], [6.098265, 49.967295], [6.098288, 49.967268], [6.098394, 49.967188], [6.098471, 49.967118], [6.09849, 49.967104], [6.098589, 49.967062], [6.098707, 49.967001], [6.098906, 49.96689], [6.098982, 49.966848], [6.099134, 49.966776], [6.09897, 49.966616], [6.098974, 49.9666], [6.09918, 49.966555], [6.099367, 49.966508], [6.099455, 49.966478], [6.09952, 49.966455], [6.099558, 49.966428], [6.099588, 49.966378], [6.099608, 49.966326], [6.099627, 49.966268], [6.099642, 49.966228], [6.099729, 49.966204], [6.099802, 49.966185], [6.099825, 49.966181], [6.099855, 49.966192], [6.099882, 49.966198], [6.099901, 49.966198], [6.099939, 49.966188], [6.099966, 49.966178], [6.100061, 49.966162], [6.100115, 49.966143], [6.100149, 49.966118], [6.100176, 49.966088], [6.100218, 49.966005], [6.10026, 49.965928], [6.100294, 49.965878], [6.100325, 49.965853], [6.100378, 49.965822], [6.100496, 49.965768], [6.100576, 49.965728], [6.100637, 49.965678], [6.100718, 49.965608], [6.100809, 49.965538], [6.101007, 49.965383], [6.101088, 49.965322], [6.101133, 49.965296], [6.101179, 49.965258], [6.101221, 49.965208], [6.101244, 49.965168], [6.101252, 49.965158], [6.101263, 49.965138], [6.101282, 49.965074], [6.101282, 49.965058], [6.100988, 49.964926], [6.100893, 49.964878], [6.10074, 49.964798], [6.100626, 49.964743], [6.10042, 49.964651], [6.100149, 49.964533], [6.09992, 49.964428], [6.099791, 49.964348], [6.099707, 49.964285], [6.099615, 49.964193], [6.099565, 49.964128], [6.099523, 49.964052], [6.099478, 49.963976], [6.099134, 49.963484], [6.099039, 49.963331], [6.099016, 49.963282], [6.098982, 49.963148], [6.098837, 49.962545], [6.098829, 49.962498], [6.098837, 49.962423], [6.098913, 49.962072], [6.098967, 49.961832], [6.099001, 49.961691], [6.099016, 49.961584], [6.099016, 49.961531], [6.099024, 49.961504], [6.099054, 49.961466], [6.099081, 49.961435], [6.099115, 49.961328], [6.099157, 49.961191], [6.099157, 49.961168], [6.099142, 49.96113], [6.0991, 49.961098], [6.098997, 49.961023], [6.098936, 49.960974], [6.098894, 49.960932], [6.098867, 49.960901], [6.098837, 49.960848], [6.098829, 49.960818], [6.098826, 49.960798], [6.098822, 49.960788], [6.098768, 49.96076], [6.098753, 49.960748], [6.098745, 49.960733], [6.098764, 49.960718], [6.098806, 49.960691], [6.098826, 49.960668], [6.098829, 49.960653], [6.098822, 49.960638], [6.098734, 49.960573], [6.098654, 49.960518], [6.098589, 49.960482], [6.098558, 49.960474], [6.098535, 49.960474], [6.098509, 49.960485], [6.098501, 49.960501], [6.098513, 49.960518], [6.098581, 49.960573], [6.098597, 49.960588], [6.098593, 49.960604], [6.098578, 49.960611], [6.098551, 49.960615], [6.098478, 49.960608], [6.098307, 49.960588], [6.09828, 49.960573], [6.09828, 49.960562], [6.098311, 49.960518], [6.098318, 49.960498], [6.098318, 49.960408], [6.098314, 49.960375], [6.098299, 49.960352], [6.098272, 49.960333], [6.098238, 49.960338], [6.098192, 49.960352], [6.098166, 49.960363], [6.098143, 49.960368], [6.09812, 49.960356], [6.098124, 49.960333], [6.098146, 49.960283], [6.098162, 49.960253], [6.098166, 49.960228], [6.098162, 49.960203], [6.098139, 49.960173], [6.098059, 49.960104], [6.09799, 49.960058], [6.097952, 49.960048], [6.097918, 49.960038], [6.097898, 49.960038], [6.097891, 49.960054], [6.097887, 49.960092], [6.097883, 49.960112], [6.097864, 49.960123], [6.097837, 49.960123], [6.097807, 49.960115], [6.09778, 49.960098], [6.097708, 49.960028], [6.097647, 49.959982], [6.097609, 49.95997], [6.097574, 49.959968], [6.097548, 49.95997], [6.097506, 49.960012], [6.097483, 49.960005], [6.09746, 49.959986], [6.097425, 49.959944], [6.09741, 49.959902], [6.097403, 49.959856], [6.097395, 49.959795], [6.097383, 49.959734], [6.097372, 49.959703], [6.097334, 49.959673], [6.097284, 49.959635], [6.097204, 49.959593], [6.097128, 49.959538], [6.097113, 49.959513], [6.097117, 49.959488], [6.097136, 49.959455], [6.097139, 49.959438], [6.09712, 49.959421], [6.097044, 49.959375], [6.096952, 49.959318], [6.096899, 49.959278], [6.096827, 49.959196], [6.096785, 49.959138], [6.096731, 49.959051], [6.096697, 49.958982], [6.096678, 49.958914], [6.096624, 49.958728], [6.096548, 49.958438], [6.096518, 49.958378], [6.096476, 49.958322], [6.096388, 49.958231], [6.096251, 49.958101], [6.096151, 49.958025], [6.096075, 49.957975], [6.096018, 49.957948], [6.095945, 49.957926], [6.095915, 49.957918], [6.095591, 49.957828], [6.095434, 49.957778], [6.095221, 49.957716], [6.094961, 49.957643], [6.094931, 49.957638], [6.09487, 49.957643], [6.094839, 49.957638], [6.094786, 49.957624], [6.094755, 49.957605], [6.094706, 49.957571], [6.094664, 49.957544], [6.094583, 49.957521], [6.094534, 49.957506], [6.094461, 49.957491], [6.094362, 49.957472], [6.094297, 49.957453], [6.094225, 49.957418], [6.094145, 49.957373], [6.094107, 49.957361], [6.094076, 49.957353], [6.094042, 49.957348], [6.093977, 49.957346], [6.093947, 49.957338], [6.093889, 49.9573], [6.093786, 49.957224], [6.093752, 49.957201], [6.093706, 49.957201], [6.09366, 49.957218], [6.093553, 49.957266], [6.093477, 49.957288], [6.093447, 49.957285], [6.093424, 49.957273], [6.093432, 49.957254], [6.093458, 49.957235], [6.093477, 49.957218], [6.093481, 49.957201], [6.093462, 49.957182], [6.093409, 49.957148], [6.093386, 49.957125], [6.093386, 49.957106], [6.093397, 49.957071], [6.093412, 49.957028], [6.09342, 49.956991], [6.093412, 49.956964], [6.093386, 49.95693], [6.093267, 49.956854], [6.093191, 49.956804], [6.093184, 49.956788], [6.093195, 49.956751], [6.093637, 49.956128], [6.093672, 49.956072], [6.093679, 49.956045], [6.093672, 49.956022], [6.093656, 49.956008], [6.093607, 49.955992], [6.093519, 49.955978], [6.093489, 49.955965], [6.093492, 49.955948], [6.093504, 49.955942], [6.093569, 49.955928], [6.093596, 49.955912], [6.093596, 49.955885], [6.093584, 49.955801], [6.093592, 49.955768], [6.093668, 49.955664], [6.093668, 49.955638], [6.093649, 49.955614], [6.093599, 49.955603], [6.093561, 49.955591], [6.093531, 49.955572], [6.093527, 49.955545], [6.093542, 49.955515], [6.093615, 49.955454], [6.093687, 49.955388], [6.093737, 49.955328], [6.093759, 49.955288], [6.093763, 49.955258], [6.093752, 49.95524], [6.093721, 49.955213], [6.093622, 49.955152], [6.093569, 49.955114], [6.093546, 49.955088], [6.093531, 49.955053], [6.093538, 49.95503], [6.093561, 49.955015], [6.093596, 49.955004], [6.093622, 49.954988], [6.093634, 49.954965], [6.093615, 49.954935], [6.093557, 49.954863], [6.093519, 49.954818], [6.093481, 49.95479], [6.093412, 49.954782], [6.093321, 49.954763], [6.093252, 49.95474], [6.093149, 49.954691], [6.093, 49.954611], [6.09284, 49.954528], [6.092771, 49.954488], [6.092733, 49.954448], [6.092669, 49.954358], [6.092585, 49.954248], [6.092573, 49.954218], [6.092566, 49.954161], [6.092569, 49.954134], [6.092573, 49.954084], [6.092611, 49.953758], [6.092611, 49.95368], [6.0926, 49.95363], [6.092604, 49.953588], [6.092604, 49.953538], [6.092581, 49.953493], [6.092539, 49.953424], [6.092516, 49.953375], [6.09252, 49.953321], [6.092527, 49.95326], [6.092527, 49.953222], [6.092504, 49.953192], [6.092462, 49.953173], [6.092428, 49.953158], [6.092398, 49.953154], [6.092371, 49.953131], [6.092356, 49.953088], [6.092348, 49.953018], [6.092348, 49.952951], [6.092363, 49.952841], [6.092386, 49.952745], [6.092424, 49.952616], [6.092447, 49.952558], [6.092493, 49.952494], [6.092547, 49.952433], [6.09276, 49.952215], [6.09284, 49.952143], [6.092977, 49.952063], [6.093039, 49.952018], [6.093084, 49.951982], [6.093157, 49.951908], [6.093172, 49.951891], [6.093206, 49.951848], [6.093229, 49.951808], [6.093264, 49.951728], [6.093306, 49.951668], [6.09337, 49.951601], [6.093435, 49.951536], [6.093508, 49.951458], [6.093531, 49.951428], [6.093534, 49.95141], [6.093531, 49.951391], [6.093466, 49.951318], [6.093462, 49.951284], [6.093485, 49.95125], [6.093553, 49.951181], [6.09371, 49.951013], [6.093786, 49.950938], [6.093904, 49.95088], [6.093962, 49.95083], [6.094076, 49.95067], [6.094198, 49.950521], [6.09424, 49.950448], [6.094301, 49.950288], [6.094343, 49.950235], [6.094378, 49.95022], [6.094419, 49.950212], [6.094469, 49.950208], [6.094484, 49.950198], [6.094488, 49.950182], [6.094465, 49.950148], [6.094416, 49.950088], [6.094229, 49.949892], [6.094126, 49.949812], [6.094015, 49.949748], [6.093744, 49.949606], [6.093656, 49.949564], [6.093599, 49.949545], [6.093542, 49.949528], [6.093454, 49.949526], [6.093351, 49.949522], [6.093245, 49.949503], [6.093084, 49.949465], [6.092874, 49.949408], [6.092737, 49.949366], [6.092566, 49.949312], [6.09234, 49.949238], [6.092215, 49.949194], [6.09215, 49.949156], [6.092085, 49.94911], [6.092024, 49.949048], [6.091932, 49.948961], [6.091837, 49.9489], [6.091715, 49.948824], [6.091639, 49.948778], [6.091524, 49.948728], [6.09149, 49.948708], [6.091475, 49.94869], [6.091482, 49.948671], [6.091501, 49.948648], [6.091536, 49.94861], [6.091555, 49.948568], [6.091558, 49.948542], [6.09157, 49.948508], [6.091608, 49.948461], [6.09162, 49.948423], [6.09162, 49.948378], [6.091627, 49.94832], [6.091658, 49.948278], [6.091684, 49.948206], [6.091688, 49.948175], [6.091684, 49.948114], [6.091688, 49.948084], [6.091711, 49.948058], [6.091761, 49.94803], [6.091867, 49.947968], [6.091928, 49.947916], [6.091963, 49.947868], [6.091982, 49.947808], [6.091978, 49.947768], [6.091974, 49.947714], [6.091948, 49.947638], [6.09194, 49.947592], [6.09194, 49.947558], [6.091951, 49.947531], [6.092032, 49.947454], [6.092077, 49.947398], [6.092104, 49.94734], [6.092108, 49.947283], [6.092108, 49.947214], [6.092081, 49.947122], [6.092028, 49.946993], [6.092001, 49.946932], [6.092009, 49.946913], [6.092047, 49.946894], [6.092073, 49.946871], [6.092077, 49.946852], [6.092085, 49.946791], [6.092096, 49.946768], [6.092115, 49.946758], [6.09215, 49.946745], [6.092188, 49.946745], [6.092215, 49.946741], [6.092245, 49.946726], [6.092257, 49.946718], [6.09226, 49.946695], [6.092253, 49.946678], [6.092234, 49.946658], [6.092176, 49.946615], [6.092043, 49.946535], [6.091864, 49.946418], [6.091841, 49.946405], [6.091715, 49.946375], [6.091646, 49.94634], [6.091593, 49.946308], [6.091558, 49.946295], [6.091475, 49.946268], [6.091456, 49.946258], [6.091444, 49.946226], [6.091436, 49.946192], [6.091452, 49.946123], [6.091444, 49.946108], [6.091425, 49.946093], [6.091372, 49.946068], [6.091326, 49.946048], [6.091295, 49.94602], [6.091249, 49.945968], [6.091169, 49.945858], [6.091127, 49.945814], [6.091089, 49.945784], [6.091047, 49.945758], [6.091009, 49.945742], [6.090982, 49.945738], [6.090941, 49.945742], [6.090879, 49.945753], [6.090784, 49.945791], [6.090757, 49.945791], [6.090731, 49.945778], [6.090719, 49.945761], [6.090727, 49.94573], [6.09075, 49.945692], [6.090784, 49.94565], [6.090811, 49.945631], [6.090887, 49.945608], [6.091021, 49.945588], [6.091059, 49.945581], [6.091078, 49.945566], [6.091082, 49.945548], [6.091066, 49.94552], [6.09104, 49.945501], [6.091017, 49.945488], [6.090982, 49.945488], [6.090914, 49.945518], [6.090872, 49.945528], [6.090845, 49.945524], [6.090815, 49.945513], [6.090792, 49.945486], [6.09078, 49.945463], [6.090795, 49.945433], [6.090826, 49.945408], [6.090849, 49.945383], [6.09086, 49.94536], [6.090853, 49.945341], [6.090834, 49.945318], [6.090792, 49.945288], [6.09078, 49.945268], [6.090788, 49.945246], [6.090815, 49.945208], [6.090826, 49.945166], [6.09083, 49.945128], [6.090826, 49.945098], [6.090807, 49.945074], [6.09078, 49.945058], [6.090746, 49.945058], [6.090673, 49.945063], [6.090597, 49.945085], [6.090509, 49.945105], [6.090479, 49.945105], [6.090448, 49.945101], [6.09041, 49.945082], [6.090383, 49.945055], [6.090349, 49.945008], [6.090334, 49.944968], [6.090326, 49.944938], [6.090345, 49.944895], [6.090391, 49.944834], [6.090452, 49.944754], [6.090467, 49.944708], [6.090471, 49.944662], [6.090452, 49.944588], [6.090426, 49.944508], [6.090387, 49.944468], [6.090334, 49.944408], [6.090258, 49.944348], [6.090208, 49.944318], [6.090113, 49.944288], [6.090021, 49.944261], [6.089956, 49.944228], [6.089891, 49.944168], [6.089868, 49.94412], [6.089865, 49.944078], [6.089956, 49.944063], [6.090033, 49.944044], [6.090075, 49.944021], [6.090105, 49.943978], [6.090136, 49.943911], [6.090162, 49.943865], [6.090212, 49.943685], [6.090262, 49.943563], [6.090586, 49.943243], [6.090719, 49.943108], [6.090838, 49.943022], [6.090883, 49.942984], [6.090929, 49.942918], [6.090979, 49.942848], [6.091085, 49.942751], [6.091185, 49.942688], [6.091356, 49.942606], [6.09144, 49.942598], [6.091513, 49.942588], [6.091558, 49.942575], [6.091585, 49.942552], [6.091589, 49.942528], [6.091558, 49.942508], [6.091532, 49.94248], [6.091532, 49.942453], [6.091558, 49.942411], [6.091597, 49.942366], [6.091642, 49.942354], [6.091867, 49.94235], [6.091928, 49.94235], [6.091982, 49.942338], [6.09202, 49.942318], [6.09234, 49.942022], [6.092478, 49.941915], [6.09276, 49.941698], [6.092966, 49.941538], [6.093046, 49.941473], [6.093081, 49.941431], [6.093096, 49.9414], [6.093107, 49.941368], [6.0931, 49.94132], [6.093073, 49.941225], [6.093054, 49.941004], [6.093061, 49.940966], [6.093092, 49.940916], [6.093122, 49.940858], [6.09313, 49.940828], [6.093119, 49.940794], [6.093069, 49.940748], [6.093027, 49.94071], [6.09305, 49.940435], [6.092501, 49.940118], [6.091982, 49.939955], [6.091551, 49.939806], [6.091349, 49.939722], [6.090822, 49.939482], [6.090361, 49.939264], [6.089758, 49.938998], [6.089613, 49.938944], [6.089479, 49.938902], [6.089277, 49.938848], [6.089239, 49.938828], [6.089109, 49.938738], [6.088949, 49.938631], [6.088774, 49.938528], [6.088614, 49.938428], [6.088518, 49.938372], [6.088491, 49.93836], [6.088453, 49.938352], [6.08843, 49.938358], [6.088415, 49.93836], [6.088381, 49.938352], [6.088354, 49.938333], [6.088327, 49.938291], [6.088308, 49.938228], [6.088289, 49.938178], [6.088285, 49.938131], [6.088308, 49.938082], [6.088316, 49.938063], [6.088301, 49.938048], [6.088278, 49.938032], [6.088137, 49.938018], [6.088106, 49.938002], [6.08808, 49.937975], [6.088072, 49.937925], [6.08808, 49.93786], [6.088114, 49.937715], [6.088114, 49.937668], [6.088099, 49.937598], [6.088095, 49.937548], [6.088102, 49.937521], [6.088125, 49.937502], [6.088198, 49.937471], [6.088266, 49.937448], [6.088285, 49.937426], [6.088289, 49.937408], [6.088259, 49.937372], [6.088186, 49.93733], [6.088095, 49.937296], [6.088018, 49.937273], [6.087912, 49.937248], [6.087801, 49.937231], [6.087576, 49.937231], [6.087519, 49.937218], [6.087496, 49.937198], [6.087469, 49.937188], [6.087454, 49.937155], [6.087458, 49.937108], [6.087473, 49.937082], [6.087503, 49.937055], [6.087565, 49.937008], [6.087584, 49.936988], [6.087603, 49.93696], [6.087603, 49.936895], [6.08753, 49.936685], [6.087473, 49.936528], [6.087477, 49.936498], [6.0875, 49.936476], [6.087538, 49.936434], [6.087561, 49.936403], [6.087576, 49.936368], [6.087591, 49.936328], [6.087599, 49.936293], [6.087599, 49.936262], [6.08761, 49.936235], [6.087606, 49.936212], [6.087622, 49.936174], [6.087664, 49.936118], [6.087698, 49.936052], [6.087721, 49.935972], [6.087763, 49.935896], [6.087771, 49.935868], [6.087763, 49.935838], [6.087709, 49.935762], [6.087679, 49.935698], [6.087656, 49.935606], [6.087622, 49.935533], [6.08758, 49.935453], [6.087553, 49.935354], [6.087526, 49.93519], [6.087507, 49.935144], [6.087477, 49.935114], [6.087431, 49.935083], [6.08732, 49.935053], [6.087252, 49.935028], [6.087221, 49.935011], [6.087202, 49.934988], [6.087198, 49.934954], [6.087206, 49.934912], [6.087282, 49.934728], [6.087316, 49.934595], [6.087343, 49.934473], [6.087381, 49.9344], [6.087427, 49.934343], [6.087549, 49.93424], [6.087576, 49.934218], [6.087564, 49.934216], [6.087125, 49.93413], [6.087033, 49.934116], [6.087126, 49.933823], [6.087173, 49.9337], [6.087286, 49.93348], [6.087323, 49.933407], [6.087385, 49.933304], [6.087351, 49.933292], [6.087138, 49.933228], [6.087014, 49.9332], [6.086889, 49.93318], [6.086704, 49.933163], [6.08661, 49.933155], [6.086481, 49.93315], [6.086347, 49.93315], [6.086131, 49.933155], [6.086011, 49.933163], [6.085973, 49.933205], [6.085923, 49.9333], [6.085874, 49.933422], [6.085847, 49.933544], [6.085813, 49.93378], [6.085545, 49.93391], [6.084935, 49.93396], [6.084504, 49.93399], [6.083774, 49.93392], [6.083702, 49.933907], [6.083559, 49.933876], [6.083417, 49.93385], [6.083386, 49.93384], [6.083349, 49.933834], [6.082917, 49.933723], [6.082781, 49.933693], [6.082517, 49.933636], [6.082453, 49.933624], [6.082159, 49.93356], [6.081873, 49.93349], [6.081762, 49.933456], [6.081171, 49.933258], [6.080538, 49.93305], [6.080187, 49.93293], [6.079977, 49.93284], [6.079626, 49.93267], [6.07968, 49.932438], [6.079348, 49.932373], [6.079214, 49.93236], [6.079081, 49.932358], [6.078943, 49.932365], [6.078623, 49.932392], [6.078257, 49.932423], [6.077711, 49.932484], [6.077356, 49.932526], [6.076963, 49.93257], [6.076624, 49.932613], [6.076029, 49.9327], [6.075884, 49.932728], [6.075663, 49.93258], [6.075413, 49.932724], [6.075315, 49.932774], [6.075022, 49.932896], [6.074854, 49.932983], [6.074781, 49.933037], [6.074732, 49.933086], [6.074678, 49.93317], [6.074652, 49.93325], [6.074602, 49.933376], [6.074366, 49.933178], [6.073942, 49.933357], [6.07374, 49.933914], [6.073515, 49.933956], [6.073332, 49.933994], [6.072569, 49.93419], [6.071314, 49.934505], [6.071089, 49.934555], [6.071035, 49.934547], [6.071211, 49.934223], [6.071276, 49.934113], [6.071318, 49.933964], [6.071329, 49.93377], [6.071306, 49.933575], [6.071207, 49.933266], [6.071077, 49.932953], [6.070967, 49.932777], [6.070913, 49.93271], [6.070757, 49.93257], [6.070597, 49.932453], [6.070467, 49.932354], [6.070337, 49.932312], [6.070311, 49.932304], [6.070345, 49.932476], [6.070353, 49.9325], [6.070364, 49.932545], [6.070391, 49.932785], [6.070406, 49.932976], [6.070425, 49.933037], [6.070456, 49.93307], [6.07057, 49.933155], [6.070608, 49.93319], [6.070631, 49.93323], [6.070635, 49.93329], [6.070627, 49.933384], [6.070642, 49.933437], [6.070688, 49.93354], [6.070688, 49.93357], [6.070677, 49.93362], [6.070658, 49.93369], [6.070665, 49.93374], [6.070684, 49.933807], [6.070688, 49.933853], [6.070684, 49.93389], [6.070642, 49.93396], [6.070631, 49.934], [6.07062, 49.934063], [6.070593, 49.93409], [6.070433, 49.934162], [6.070337, 49.93421], [6.070276, 49.934235], [6.0702, 49.93426], [6.070086, 49.93429], [6.069952, 49.934326], [6.069921, 49.93433], [6.069879, 49.93433], [6.069811, 49.934315], [6.069666, 49.934273], [6.069559, 49.93425], [6.069467, 49.934235], [6.069204, 49.93422], [6.068979, 49.93421], [6.068876, 49.934208], [6.068727, 49.934216], [6.068613, 49.934223], [6.068514, 49.934246], [6.068438, 49.93427], [6.068373, 49.93431], [6.068308, 49.93436], [6.068228, 49.93445], [6.068079, 49.934643], [6.06798, 49.93478], [6.067934, 49.93483], [6.067881, 49.93487], [6.067816, 49.934906], [6.067728, 49.934937], [6.067606, 49.93496], [6.067514, 49.934975], [6.067427, 49.934975], [6.067255, 49.93496], [6.067141, 49.93495], [6.067061, 49.934956], [6.066988, 49.934963], [6.066938, 49.934986], [6.066877, 49.935024], [6.066824, 49.935043], [6.066778, 49.93505], [6.066713, 49.935055], [6.066668, 49.93505], [6.066591, 49.935028], [6.066454, 49.93498], [6.066343, 49.93495], [6.066252, 49.934937], [6.066134, 49.934925], [6.066023, 49.93492], [6.065947, 49.93493], [6.065828, 49.93495], [6.06571, 49.934967], [6.065588, 49.934975], [6.065519, 49.93499], [6.065477, 49.93501], [6.065443, 49.935036], [6.065401, 49.9351], [6.06534, 49.935238], [6.065245, 49.93548], [6.065222, 49.935555], [6.065199, 49.935757], [6.065149, 49.935993], [6.065142, 49.93608], [6.065126, 49.936172], [6.065088, 49.936253], [6.065065, 49.936306], [6.065046, 49.93646], [6.065065, 49.9366], [6.065073, 49.93672], [6.06505, 49.937027], [6.065039, 49.937214], [6.065027, 49.937256], [6.064989, 49.937305], [6.064951, 49.937344], [6.064936, 49.937374], [6.064947, 49.93741], [6.064966, 49.937443], [6.064974, 49.937504], [6.06497, 49.937584], [6.064966, 49.937714], [6.064959, 49.937775], [6.064955, 49.93782], [6.064917, 49.93796], [6.064882, 49.938057], [6.064844, 49.938217], [6.064794, 49.938343], [6.064661, 49.93857], [6.064577, 49.938713], [6.064508, 49.93882], [6.064432, 49.938946], [6.06439, 49.939007], [6.064337, 49.939053], [6.064276, 49.939095], [6.064241, 49.939133], [6.064192, 49.93922], [6.064035, 49.939613], [6.063921, 49.9399], [6.063784, 49.94023], [6.06362, 49.940575], [6.063616, 49.94059], [6.06357, 49.940685], [6.063562, 49.940697], [6.063532, 49.94076], [6.063387, 49.94114], [6.063303, 49.941307], [6.063273, 49.94137], [6.063257, 49.941463], [6.063253, 49.941586], [6.063276, 49.941723], [6.063318, 49.941853], [6.063379, 49.941975], [6.063425, 49.94204], [6.063505, 49.942112], [6.0636, 49.942184], [6.063669, 49.942245], [6.063978, 49.94257], [6.064123, 49.94272], [6.064218, 49.9428], [6.064276, 49.942856], [6.064318, 49.94291], [6.064333, 49.942955], [6.064348, 49.943077], [6.064352, 49.943176], [6.064348, 49.943317], [6.06436, 49.943436], [6.064383, 49.943497], [6.064428, 49.943565], [6.064485, 49.943623], [6.064707, 49.94377], [6.064932, 49.94392], [6.064974, 49.943954], [6.065012, 49.94401], [6.065119, 49.94419], [6.06513, 49.944237], [6.065123, 49.944286], [6.065069, 49.944466], [6.065042, 49.94455], [6.065008, 49.944637], [6.064974, 49.944695], [6.064897, 49.944782], [6.064856, 49.944836], [6.064825, 49.944874], [6.064726, 49.94502], [6.064661, 49.94511], [6.0646, 49.945187], [6.064508, 49.945274], [6.064489, 49.94531], [6.064451, 49.94544], [6.064425, 49.9455], [6.064379, 49.945564], [6.064329, 49.945637], [6.064318, 49.945667], [6.06431, 49.945744], [6.064302, 49.94582], [6.064283, 49.945866], [6.064253, 49.945904], [6.064203, 49.945934], [6.0641, 49.945988], [6.063761, 49.94614], [6.063574, 49.946224], [6.063436, 49.9463], [6.063387, 49.94634], [6.063372, 49.94637], [6.063368, 49.94641], [6.063372, 49.946484], [6.06336, 49.94652], [6.06333, 49.946564], [6.063284, 49.946617], [6.063238, 49.94665], [6.063139, 49.9467], [6.062704, 49.9469], [6.062666, 49.946938], [6.062643, 49.946964], [6.06262, 49.947033], [6.062597, 49.94714], [6.06259, 49.947308], [6.062597, 49.947388], [6.062613, 49.947468], [6.062635, 49.94752], [6.062685, 49.947594], [6.062757, 49.94768], [6.062849, 49.94776], [6.063005, 49.947887], [6.06304, 49.947926], [6.063063, 49.947956], [6.063066, 49.947994], [6.063047, 49.94807], [6.063009, 49.948265], [6.063017, 49.94832], [6.063036, 49.94838], [6.063074, 49.948418], [6.063215, 49.948524], [6.063314, 49.94859], [6.06341, 49.948624], [6.063562, 49.948673], [6.0637, 49.948753], [6.063868, 49.948845], [6.063932, 49.948895], [6.063978, 49.948936], [6.064039, 49.94904], [6.064074, 49.949078], [6.064137, 49.949123], [6.064188, 49.949146], [6.064247, 49.949158], [6.064346, 49.949154], [6.064425, 49.949142], [6.064511, 49.949112], [6.064576, 49.949066], [6.064641, 49.949036], [6.064717, 49.949024], [6.06487, 49.948997], [6.064946, 49.948986], [6.065002, 49.949], [6.065122, 49.94907], [6.065239, 49.949165], [6.065349, 49.949223], [6.065381, 49.949245], [6.065389, 49.94927], [6.065341, 49.94938], [6.06534, 49.949425], [6.065397, 49.94955], [6.06544, 49.94966], [6.065476, 49.949776], [6.065472, 49.949825], [6.065441, 49.949947], [6.065449, 49.95001], [6.065487, 49.950092], [6.065491, 49.950184], [6.06548, 49.950245], [6.065444, 49.95033], [6.065425, 49.950386], [6.06542, 49.950413], [6.065438, 49.950466], [6.065439, 49.95051], [6.065404, 49.950565], [6.065371, 49.9506], [6.06527, 49.95067], [6.065191, 49.950737], [6.065137, 49.95081], [6.065088, 49.950905], [6.065047, 49.95101], [6.065009, 49.95115], [6.064978, 49.951214], [6.064942, 49.95127], [6.064895, 49.951317], [6.064806, 49.95139], [6.064735, 49.951427], [6.064662, 49.951458], [6.064579, 49.95147], [6.064519, 49.95148], [6.064461, 49.951515], [6.064296, 49.951622], [6.064215, 49.951683], [6.064173, 49.95174], [6.064142, 49.951786], [6.064104, 49.95182], [6.064004, 49.951866], [6.063957, 49.951897], [6.063928, 49.951946], [6.063919, 49.951984], [6.063893, 49.95202], [6.063841, 49.952053], [6.063736, 49.952103], [6.063698, 49.952114], [6.063647, 49.95211], [6.063565, 49.952095], [6.063531, 49.952095], [6.063486, 49.95211], [6.063228, 49.952232], [6.063064, 49.952297], [6.062938, 49.952347], [6.062885, 49.952377], [6.062843, 49.952423], [6.062775, 49.952534], [6.062741, 49.952602], [6.062731, 49.952644], [6.062736, 49.952717], [6.062744, 49.952785], [6.062737, 49.95283], [6.062663, 49.953144], [6.062666, 49.953175], [6.062679, 49.9532], [6.062702, 49.953228], [6.062822, 49.953304], [6.062938, 49.953354], [6.063048, 49.953392], [6.063233, 49.953426], [6.063377, 49.95346], [6.063485, 49.95349], [6.063624, 49.953537], [6.063739, 49.95359], [6.064001, 49.953716], [6.064256, 49.95383], [6.064515, 49.95395], [6.064575, 49.953987], [6.064593, 49.954006], [6.064593, 49.954037], [6.064568, 49.95417], [6.064557, 49.95425], [6.064549, 49.954327], [6.064537, 49.954372], [6.064527, 49.95439], [6.064494, 49.954407], [6.064461, 49.954422], [6.064354, 49.95445], [6.064204, 49.95448], [6.064128, 49.954502], [6.064041, 49.95453], [6.063974, 49.954567], [6.063846, 49.95464], [6.063798, 49.95466], [6.063753, 49.954674], [6.063486, 49.954723], [6.06326, 49.954765], [6.06319, 49.95477], [6.063115, 49.954773], [6.063048, 49.954777], [6.062851, 49.954792], [6.062706, 49.954823], [6.062647, 49.954834], [6.062529, 49.954838], [6.062242, 49.954872], [6.062108, 49.954914], [6.062022, 49.95493], [6.061959, 49.954937], [6.061894, 49.95494], [6.061826, 49.95495], [6.061657, 49.955013], [6.061523, 49.955093], [6.061459, 49.955116], [6.061407, 49.955128], [6.061313, 49.955154], [6.061195, 49.955223], [6.061149, 49.955242], [6.061109, 49.955254], [6.061098, 49.95525], [6.060968, 49.955204], [6.060225, 49.954933], [6.060053, 49.954876], [6.059935, 49.95485], [6.059542, 49.954754], [6.059256, 49.954674], [6.059092, 49.954624], [6.058866, 49.954544], [6.058394, 49.95438], [6.058195, 49.954323], [6.058081, 49.954292], [6.05781, 49.954224], [6.057455, 49.954132], [6.057306, 49.954094], [6.057249, 49.95408], [6.057157, 49.95406], [6.057001, 49.954018], [6.056848, 49.953976], [6.056784, 49.95396], [6.056753, 49.953953], [6.056665, 49.953938], [6.056539, 49.95393], [6.056482, 49.953926], [6.056315, 49.953945], [6.056154, 49.95397], [6.056051, 49.953987], [6.055876, 49.954018], [6.055822, 49.954025], [6.055792, 49.95403], [6.055727, 49.95404], [6.055655, 49.954044], [6.05559, 49.95404], [6.055479, 49.954037], [6.055464, 49.954037], [6.055429, 49.954033], [6.055273, 49.954018], [6.054976, 49.953987], [6.054899, 49.95398], [6.054823, 49.953968], [6.054674, 49.953945], [6.054541, 49.953922], [6.054514, 49.95392], [6.054457, 49.953903], [6.054396, 49.953884], [6.054113, 49.953754], [6.053339, 49.953373], [6.053003, 49.9532], [6.052153, 49.952915], [6.051741, 49.95277], [6.051355, 49.952633], [6.051275, 49.952602], [6.051237, 49.952587], [6.051062, 49.952522], [6.050852, 49.952442], [6.050817, 49.952427], [6.050676, 49.952374], [6.050787, 49.95197], [6.050951, 49.951916], [6.051844, 49.95165], [6.052092, 49.951576], [6.052877, 49.951504], [6.052923, 49.9515], [6.053396, 49.951454], [6.053888, 49.95141], [6.054087, 49.95139], [6.054129, 49.951385], [6.05419, 49.951366], [6.054254, 49.951336], [6.054312, 49.951283], [6.054396, 49.95118], [6.054579, 49.950893], [6.053846, 49.95075], [6.053713, 49.950718], [6.053232, 49.95062], [6.053175, 49.950607], [6.053083, 49.950577], [6.052969, 49.950535], [6.052854, 49.950485], [6.052835, 49.950474], [6.05266, 49.950382], [6.052446, 49.95026], [6.052282, 49.95015], [6.052259, 49.950134], [6.052221, 49.950104], [6.052084, 49.95001], [6.052, 49.949944], [6.052061, 49.9499], [6.052095, 49.94986], [6.052122, 49.949795], [6.052145, 49.94972], [6.052141, 49.94967], [6.052107, 49.94962], [6.052004, 49.949497], [6.051901, 49.9494], [6.051756, 49.949284], [6.051573, 49.94915], [6.051489, 49.949074], [6.051306, 49.948883], [6.051191, 49.94878], [6.050959, 49.9486], [6.050791, 49.94847], [6.050703, 49.948402], [6.050619, 49.948326], [6.050489, 49.948177], [6.050383, 49.948055], [6.050341, 49.948032], [6.050241, 49.948025], [6.050177, 49.94803], [6.050081, 49.948055], [6.049974, 49.9481], [6.049921, 49.948093], [6.049822, 49.9481], [6.04973, 49.94812], [6.049559, 49.948185], [6.049406, 49.948223], [6.049196, 49.94829], [6.048975, 49.948357], [6.048845, 49.94838], [6.048742, 49.948406], [6.04867, 49.948414], [6.048498, 49.948414], [6.048292, 49.948418], [6.047964, 49.948437], [6.047857, 49.94845], [6.047735, 49.948483], [6.047621, 49.948505], [6.047483, 49.948536], [6.047396, 49.948578], [6.047342, 49.948597], [6.047228, 49.94862], [6.047171, 49.94865], [6.047087, 49.94871], [6.046987, 49.94876], [6.046869, 49.94882], [6.046808, 49.948826], [6.046751, 49.94883], [6.046648, 49.94882], [6.046541, 49.94881], [6.046484, 49.948822], [6.046305, 49.94885], [6.046232, 49.948856], [6.046175, 49.948856], [6.046072, 49.948837], [6.045958, 49.948807], [6.045702, 49.94874], [6.045256, 49.94861], [6.04516, 49.94858], [6.044909, 49.94851], [6.044683, 49.948433], [6.044512, 49.94838], [6.044317, 49.948326], [6.044115, 49.948273], [6.043989, 49.94824], [6.043741, 49.94814], [6.043573, 49.94809], [6.043497, 49.948082], [6.043444, 49.94807], [6.043406, 49.94805], [6.043352, 49.948017], [6.043207, 49.947964], [6.042986, 49.94789], [6.042734, 49.94781], [6.042513, 49.947727], [6.042162, 49.947575], [6.041902, 49.947475], [6.041597, 49.94736], [6.04133, 49.94728], [6.040998, 49.94721], [6.040747, 49.94716], [6.040502, 49.94714], [6.0404, 49.947132], [6.040464, 49.94724], [6.040564, 49.947395], [6.040617, 49.947556], [6.04069, 49.947792], [6.040667, 49.948074], [6.040628, 49.948257], [6.040628, 49.94831], [6.04064, 49.94838], [6.040667, 49.948456], [6.040701, 49.948517], [6.040808, 49.94865], [6.04101, 49.94888], [6.041044, 49.948925], [6.041052, 49.94896], [6.041048, 49.948994], [6.04101, 49.949043], [6.040762, 49.949318], [6.040537, 49.949627], [6.040442, 49.949753], [6.04038, 49.94982], [6.040174, 49.95003], [6.039965, 49.950237], [6.039911, 49.950283], [6.03969, 49.950443], [6.0394, 49.950615], [6.039267, 49.950687], [6.039064, 49.95081], [6.038889, 49.95092], [6.039656, 49.951237], [6.039968, 49.951256], [6.039988, 49.951256], [6.040197, 49.951294], [6.040411, 49.951336], [6.040621, 49.951454], [6.04101, 49.951733], [6.041109, 49.951805], [6.041262, 49.95194], [6.041407, 49.952076], [6.041552, 49.95224], [6.041616, 49.9523], [6.041685, 49.952362], [6.041838, 49.95247], [6.041899, 49.952515], [6.041964, 49.952576], [6.042131, 49.952793], [6.042204, 49.952873], [6.042265, 49.952946], [6.042295, 49.952995], [6.042311, 49.953075], [6.042318, 49.95317], [6.042318, 49.953194], [6.042303, 49.953213], [6.042196, 49.95334], [6.042044, 49.953533], [6.041998, 49.953598], [6.041826, 49.95377], [6.041731, 49.95387], [6.041696, 49.953907], [6.041674, 49.95393], [6.041601, 49.953995], [6.041494, 49.954075], [6.041365, 49.954144], [6.04122, 49.95421], [6.041182, 49.95422], [6.041101, 49.95424], [6.040953, 49.95428], [6.040762, 49.95435], [6.040522, 49.954407], [6.040205, 49.954483], [6.040163, 49.95449], [6.039942, 49.954617], [6.039892, 49.954647], [6.03953, 49.95482], [6.039068, 49.955025], [6.038996, 49.95508], [6.038912, 49.955147], [6.038847, 49.95522], [6.038801, 49.955284], [6.038721, 49.9554], [6.038664, 49.955452], [6.038595, 49.955517], [6.038477, 49.955612], [6.038347, 49.955723], [6.038294, 49.95579], [6.038168, 49.955956], [6.038061, 49.956062], [6.038027, 49.95612], [6.037985, 49.95621], [6.037947, 49.956318], [6.037878, 49.956425], [6.037706, 49.956642], [6.037615, 49.95675], [6.037493, 49.95696], [6.037455, 49.95703], [6.037291, 49.957355], [6.037241, 49.957455], [6.037188, 49.95752], [6.0371, 49.9576], [6.037062, 49.95763], [6.037012, 49.957676], [6.036955, 49.957733], [6.036909, 49.957806], [6.036886, 49.957897], [6.036863, 49.957973], [6.036829, 49.95801], [6.036802, 49.95803], [6.036737, 49.95806], [6.036657, 49.95809], [6.036646, 49.95813], [6.036676, 49.958176], [6.036909, 49.95819], [6.037111, 49.95821], [6.037413, 49.958275], [6.037821, 49.9584], [6.03813, 49.958508], [6.038382, 49.958588], [6.038717, 49.958664], [6.038904, 49.9587], [6.038942, 49.958733], [6.039015, 49.958797], [6.039084, 49.958847], [6.039167, 49.95891], [6.039297, 49.95901], [6.03945, 49.959106], [6.039801, 49.95934], [6.040125, 49.959553], [6.040201, 49.959602], [6.040319, 49.959694], [6.040567, 49.959904], [6.04069, 49.96], [6.040793, 49.96008], [6.040918, 49.960163], [6.041067, 49.96025], [6.041265, 49.960377], [6.041353, 49.96043], [6.041613, 49.9606], [6.041674, 49.960648], [6.041845, 49.9608], [6.041994, 49.960938], [6.042021, 49.960968], [6.042097, 49.96106], [6.042131, 49.96111], [6.042162, 49.961174], [6.042177, 49.96122], [6.042196, 49.961296], [6.042231, 49.961475], [6.042257, 49.961655], [6.042822, 49.961723], [6.042807, 49.961834], [6.042791, 49.961918], [6.042765, 49.962017], [6.04273, 49.962124], [6.0427, 49.96217], [6.042662, 49.962208], [6.042601, 49.962254], [6.042448, 49.962357], [6.042391, 49.962418], [6.042337, 49.962486], [6.042131, 49.962894], [6.042112, 49.962946], [6.04209, 49.963005], [6.042074, 49.963078], [6.042063, 49.963127], [6.041998, 49.963398], [6.041983, 49.9634], [6.041929, 49.9634], [6.041895, 49.963394], [6.041853, 49.963383], [6.041788, 49.96337], [6.041765, 49.963364], [6.041742, 49.96336], [6.041693, 49.96336], [6.041632, 49.963367], [6.041575, 49.96336], [6.04154, 49.96335], [6.041525, 49.963326], [6.041487, 49.96328], [6.041456, 49.96326], [6.041391, 49.963245], [6.041319, 49.963238], [6.041296, 49.963238], [6.041246, 49.963245], [6.041197, 49.963264], [6.041128, 49.963287], [6.041117, 49.963287], [6.04101, 49.96328], [6.040892, 49.963264], [6.040815, 49.963272], [6.040739, 49.963272], [6.040655, 49.96326], [6.040564, 49.96324], [6.040529, 49.963226], [6.040499, 49.963223], [6.040464, 49.963223], [6.040396, 49.963234], [6.040346, 49.963234], [6.040239, 49.96321], [6.040194, 49.963196], [6.040159, 49.963192], [6.040129, 49.963196], [6.040041, 49.96322], [6.039904, 49.963226], [6.039762, 49.963226], [6.039522, 49.963207], [6.039328, 49.9632], [6.039179, 49.963203], [6.038534, 49.96327], [6.038294, 49.963326], [6.03797, 49.96342], [6.037558, 49.96358], [6.037195, 49.96374], [6.036802, 49.963924], [6.036764, 49.963943], [6.036684, 49.964005], [6.036604, 49.96405], [6.036505, 49.964096], [6.036436, 49.964115], [6.036367, 49.964127], [6.036295, 49.964127], [6.036177, 49.964108], [6.036108, 49.964104], [6.036058, 49.964104], [6.035925, 49.964146], [6.035795, 49.964188], [6.035765, 49.964195], [6.035635, 49.964214], [6.035509, 49.96423], [6.035399, 49.96425], [6.03507, 49.964317], [6.034735, 49.96437], [6.034487, 49.964424], [6.03433, 49.964413], [6.0343, 49.964417], [6.034189, 49.964443], [6.034178, 49.964443], [6.034056, 49.964466], [6.033541, 49.96457], [6.033277, 49.964622], [6.033087, 49.964645], [6.0329, 49.96466], [6.032736, 49.964672], [6.032453, 49.96469], [6.032362, 49.964706], [6.032259, 49.964737], [6.032114, 49.964817], [6.032042, 49.96486], [6.03198, 49.96488], [6.031832, 49.964905], [6.031549, 49.964954], [6.031275, 49.965015], [6.031168, 49.96503], [6.03105, 49.965034], [6.030905, 49.965015], [6.030737, 49.96498], [6.030603, 49.964928], [6.0305, 49.964878], [6.03042, 49.964836], [6.030405, 49.96483], [6.030348, 49.964806], [6.030271, 49.964775], [6.030107, 49.964684], [6.030005, 49.96464], [6.029943, 49.964626], [6.029882, 49.964622], [6.029787, 49.96462], [6.029695, 49.96461], [6.029615, 49.96459], [6.029425, 49.964535], [6.029283, 49.96449], [6.029116, 49.96444], [6.028963, 49.964386], [6.028711, 49.964264], [6.028646, 49.96422], [6.028559, 49.964134], [6.028463, 49.964085], [6.028376, 49.964024], [6.028341, 49.963955], [6.028326, 49.963997], [6.028299, 49.964024], [6.028227, 49.964066], [6.028131, 49.96408], [6.02807, 49.9641], [6.027998, 49.964172], [6.027941, 49.964268], [6.027849, 49.964348], [6.02775, 49.964413], [6.027719, 49.96443], [6.027689, 49.964478], [6.027651, 49.964565], [6.027594, 49.9647], [6.027548, 49.96478], [6.027525, 49.9648], [6.027475, 49.96484], [6.0273, 49.964966], [6.027113, 49.965137], [6.02688, 49.96532], [6.026823, 49.96541], [6.026781, 49.965458], [6.026712, 49.96551], [6.026575, 49.96562], [6.026506, 49.9657], [6.026442, 49.96574], [6.026381, 49.965767], [6.02627, 49.96582], [6.026228, 49.96585], [6.026182, 49.965916], [6.026136, 49.965992], [6.02611, 49.96608], [6.02611, 49.96611], [6.026163, 49.96615], [6.026178, 49.966198], [6.02619, 49.96624], [6.026178, 49.966274], [6.026182, 49.966312], [6.026224, 49.966347], [6.026304, 49.96641], [6.026354, 49.96644], [6.026465, 49.966484], [6.026525, 49.966526], [6.026636, 49.966663], [6.026758, 49.96682], [6.026857, 49.966953], [6.02693, 49.967087], [6.027101, 49.96728], [6.02725, 49.967484], [6.027281, 49.96753], [6.02743, 49.96767], [6.02751, 49.967777], [6.027517, 49.9678], [6.027041, 49.967606], [6.026693, 49.967472], [6.026362, 49.96733], [6.026079, 49.967205], [6.025854, 49.9671], [6.025633, 49.966972], [6.025408, 49.966827], [6.025244, 49.966698], [6.025129, 49.96658], [6.025053, 49.966457], [6.02495, 49.966236], [6.024897, 49.966152], [6.024855, 49.966118], [6.024805, 49.9661], [6.024752, 49.9661], [6.02466, 49.966103], [6.024641, 49.966133], [6.024523, 49.966305], [6.024439, 49.966396], [6.024374, 49.966454], [6.024118, 49.96663], [6.024042, 49.966698], [6.023909, 49.966846], [6.023672, 49.96703], [6.023554, 49.967125], [6.02347, 49.967228], [6.023409, 49.967377], [6.023329, 49.9677], [6.023325, 49.967743], [6.023333, 49.968], [6.023634, 49.968273], [6.023783, 49.96839], [6.023874, 49.96848], [6.023924, 49.968555], [6.024031, 49.96871], [6.024069, 49.968754], [6.024179, 49.968872], [6.024301, 49.968983], [6.024469, 49.969112], [6.024561, 49.969177], [6.024839, 49.96937], [6.02495, 49.969433], [6.025068, 49.969494], [6.025278, 49.969578], [6.025663, 49.96971], [6.025957, 49.9698], [6.026155, 49.969868], [6.026743, 49.970066], [6.027056, 49.970165], [6.027391, 49.970257], [6.02788, 49.970387], [6.02804, 49.97044], [6.028128, 49.970474], [6.028498, 49.97062], [6.028685, 49.970688], [6.028967, 49.970783], [6.029367, 49.970913], [6.029493, 49.970963], [6.029478, 49.970978], [6.029215, 49.971222], [6.029013, 49.971405], [6.028971, 49.971455], [6.028917, 49.971436], [6.028879, 49.971466], [6.028807, 49.97152], [6.028704, 49.971592], [6.028517, 49.97171], [6.028368, 49.971794], [6.027285, 49.972347], [6.027136, 49.972424], [6.02664, 49.972675], [6.025896, 49.973057], [6.02561, 49.97337], [6.025663, 49.973373], [6.025732, 49.973366], [6.025847, 49.973343], [6.025972, 49.973312], [6.026087, 49.973286], [6.026178, 49.973274], [6.026239, 49.973274], [6.026319, 49.97328], [6.026403, 49.973293], [6.026461, 49.97331], [6.026522, 49.97334], [6.026602, 49.97341], [6.02664, 49.973442], [6.026686, 49.973457], [6.026747, 49.973476], [6.026777, 49.97349], [6.026812, 49.97359], [6.026846, 49.97367], [6.026903, 49.97377], [6.026987, 49.973885], [6.027056, 49.973953], [6.027121, 49.974003], [6.027182, 49.97404], [6.027224, 49.97406], [6.027288, 49.974087], [6.027349, 49.97411], [6.027391, 49.974136], [6.027411, 49.97415], [6.027426, 49.974174], [6.027456, 49.974228], [6.027475, 49.97427], [6.027525, 49.97443], [6.027578, 49.974575], [6.02762, 49.97467], [6.027666, 49.974743], [6.027712, 49.9748], [6.027746, 49.97487], [6.027765, 49.97494], [6.027773, 49.97503], [6.027792, 49.975094], [6.027826, 49.975136], [6.027876, 49.97518], [6.02791, 49.97522], [6.027945, 49.975258], [6.027983, 49.975285], [6.028013, 49.975323], [6.028051, 49.97538], [6.028078, 49.97541], [6.02812, 49.975433], [6.028288, 49.975517], [6.028311, 49.975536], [6.028334, 49.97556], [6.02841, 49.975666], [6.028441, 49.9757], [6.028494, 49.97574], [6.028582, 49.975784], [6.028681, 49.97583], [6.02878, 49.97587], [6.02886, 49.9759], [6.0291, 49.975983], [6.029265, 49.976036], [6.029459, 49.976143], [6.029711, 49.976288], [6.029825, 49.97634], [6.02989, 49.976383], [6.030012, 49.9765], [6.030111, 49.976566], [6.030252, 49.97664], [6.03039, 49.976704], [6.030577, 49.976784], [6.030706, 49.976837], [6.030985, 49.976925], [6.031248, 49.977016], [6.031347, 49.97706], [6.031519, 49.977135], [6.031694, 49.977222], [6.031736, 49.977245], [6.031752, 49.977264], [6.031786, 49.977352], [6.031809, 49.97747], [6.031836, 49.977592], [6.031862, 49.97767], [6.031904, 49.97773], [6.031988, 49.97782], [6.032023, 49.97787], [6.032045, 49.97791], [6.032049, 49.97795], [6.032045, 49.978004], [6.031973, 49.97818], [6.031965, 49.978214], [6.031965, 49.978252], [6.032015, 49.978317], [6.032064, 49.97838], [6.032099, 49.9785], [6.032099, 49.978535], [6.032061, 49.97859], [6.032003, 49.97868], [6.031996, 49.978725], [6.032034, 49.978855], [6.032038, 49.978916], [6.032049, 49.97907], [6.032072, 49.97915], [6.032103, 49.979195], [6.032251, 49.97939], [6.032312, 49.979443], [6.032343, 49.979465], [6.0324, 49.979485], [6.032518, 49.97953], [6.032572, 49.97956], [6.032621, 49.979607], [6.032663, 49.979675], [6.032694, 49.97974], [6.032721, 49.979763], [6.032774, 49.979794], [6.032865, 49.979836], [6.033083, 49.979916], [6.033415, 49.980045], [6.033735, 49.980167], [6.033842, 49.980198], [6.034014, 49.98025], [6.034128, 49.980297], [6.034304, 49.98038], [6.034422, 49.980446], [6.034693, 49.98063], [6.034838, 49.980717], [6.035025, 49.98084], [6.035212, 49.98095], [6.035295, 49.981033], [6.035356, 49.981064], [6.035456, 49.98112], [6.035494, 49.981155], [6.035505, 49.98118], [6.035513, 49.981205], [6.035521, 49.981247], [6.035551, 49.981274], [6.035685, 49.981354], [6.035673, 49.98136], [6.035685, 49.981422], [6.035776, 49.981503], [6.03599, 49.981647], [6.036169, 49.98176], [6.03623, 49.98182], [6.036264, 49.98187], [6.03628, 49.981956], [6.036257, 49.982086], [6.036207, 49.982212], [6.036158, 49.982327], [6.036104, 49.982494], [6.036093, 49.98254], [6.036058, 49.982643], [6.036005, 49.982773], [6.03599, 49.98283], [6.036009, 49.982925], [6.036249, 49.983227], [6.036207, 49.983448], [6.0362, 49.98356], [6.036161, 49.98362], [6.035967, 49.983856], [6.035837, 49.98399], [6.035505, 49.984306], [6.035551, 49.98435], [6.035643, 49.984394], [6.035833, 49.984432], [6.035997, 49.984436], [6.0361, 49.9844], [6.036737, 49.984207], [6.037043, 49.98412], [6.037191, 49.9841], [6.037237, 49.984097], [6.037271, 49.984093], [6.037493, 49.984097], [6.037531, 49.9841], [6.037687, 49.984123], [6.037954, 49.984184], [6.038355, 49.9843], [6.038458, 49.984337], [6.038767, 49.98445], [6.038942, 49.98452], [6.03916, 49.984615], [6.039522, 49.984795], [6.039331, 49.985054], [6.039862, 49.98504], [6.040277, 49.985027], [6.040464, 49.98483], [6.040522, 49.98476], [6.040548, 49.98472], [6.040663, 49.98451], [6.04072, 49.984436], [6.04075, 49.984386], [6.04077, 49.984333], [6.040785, 49.98431], [6.040823, 49.98427], [6.040846, 49.98423], [6.040853, 49.984196], [6.040857, 49.984165], [6.040876, 49.984135], [6.040888, 49.984104], [6.040903, 49.98405], [6.040915, 49.984013], [6.040945, 49.983974], [6.040957, 49.983955], [6.040991, 49.98392], [6.041002, 49.983883], [6.041021, 49.983845], [6.041044, 49.983803], [6.041063, 49.983765], [6.041075, 49.983734], [6.041082, 49.983723], [6.041109, 49.983677], [6.041178, 49.983597], [6.041288, 49.983627], [6.041407, 49.983673], [6.041693, 49.983807], [6.04175, 49.983826], [6.041803, 49.983837], [6.041834, 49.98384], [6.041887, 49.983833], [6.042158, 49.983788], [6.042311, 49.983757], [6.042482, 49.983738], [6.042589, 49.983738], [6.042746, 49.983765], [6.042814, 49.983772], [6.042845, 49.983784], [6.042875, 49.983803], [6.042925, 49.98382], [6.042955, 49.983833], [6.042993, 49.983856], [6.043032, 49.98387], [6.043108, 49.98391], [6.043135, 49.983955], [6.043222, 49.98409], [6.043245, 49.98412], [6.043276, 49.98415], [6.04331, 49.984165], [6.043371, 49.98418], [6.043436, 49.98419], [6.043508, 49.984222], [6.04365, 49.98431], [6.043722, 49.984356], [6.043749, 49.98438], [6.043753, 49.98441], [6.04376, 49.98443], [6.043795, 49.98445], [6.043806, 49.98447], [6.043818, 49.984493], [6.043837, 49.98452], [6.043875, 49.984543], [6.044199, 49.98475], [6.044329, 49.984848], [6.044416, 49.98491], [6.044474, 49.98496], [6.044588, 49.985104], [6.044657, 49.985195], [6.044668, 49.98523], [6.044676, 49.985287], [6.044687, 49.985344], [6.044725, 49.98545], [6.044748, 49.985535], [6.044756, 49.985577], [6.044786, 49.985626], [6.044817, 49.985657], [6.04487, 49.985695], [6.044901, 49.985714], [6.044928, 49.985737], [6.044947, 49.985783], [6.044973, 49.98583], [6.045023, 49.985878], [6.045141, 49.985973], [6.045252, 49.986046], [6.045355, 49.98611], [6.045412, 49.98615], [6.045519, 49.98622], [6.045549, 49.986244], [6.045572, 49.986267], [6.045587, 49.986286], [6.045626, 49.98634], [6.045683, 49.986362], [6.04574, 49.98638], [6.045805, 49.986404], [6.045855, 49.98645], [6.045923, 49.98649], [6.046011, 49.98652], [6.046186, 49.986557], [6.046251, 49.986572], [6.046335, 49.9866], [6.046381, 49.98662], [6.046454, 49.986668], [6.046518, 49.98671], [6.046572, 49.98673], [6.046614, 49.986736], [6.046698, 49.986744], [6.046858, 49.986748], [6.04698, 49.986744], [6.047033, 49.986736], [6.047098, 49.986732], [6.047171, 49.986713], [6.047308, 49.986656], [6.047377, 49.98663], [6.047461, 49.9866], [6.047529, 49.986572], [6.047636, 49.98651], [6.047686, 49.986492], [6.047762, 49.98645], [6.047815, 49.98642], [6.04785, 49.986404], [6.047911, 49.986374], [6.048029, 49.986317], [6.048101, 49.9863], [6.048151, 49.986298], [6.048197, 49.986298], [6.048254, 49.98631], [6.048288, 49.98633], [6.048346, 49.986362], [6.048403, 49.986412], [6.048452, 49.986458], [6.048506, 49.98649], [6.048552, 49.986504], [6.048681, 49.98652], [6.049139, 49.98652], [6.049383, 49.98654], [6.049574, 49.9866], [6.049799, 49.986675], [6.050039, 49.986748], [6.050436, 49.986885], [6.050638, 49.986946], [6.050791, 49.986988], [6.050966, 49.98703], [6.051115, 49.987064], [6.051371, 49.987118], [6.051687, 49.98717], [6.051779, 49.98719], [6.051821, 49.98721], [6.051897, 49.987244], [6.052019, 49.98731], [6.052092, 49.987335], [6.052763, 49.987614], [6.053213, 49.987812], [6.053141, 49.9879], [6.05308, 49.98797], [6.053053, 49.988003], [6.052706, 49.988396], [6.052614, 49.98849], [6.052549, 49.988544], [6.052481, 49.988586], [6.052427, 49.98864], [6.05237, 49.988705], [6.052336, 49.98876], [6.052309, 49.988827], [6.052282, 49.988914], [6.052275, 49.988995], [6.052282, 49.98908], [6.052309, 49.989155], [6.052355, 49.98924], [6.052385, 49.989304], [6.052431, 49.98941], [6.052435, 49.98946], [6.052427, 49.98951], [6.052435, 49.989544], [6.052423, 49.989605], [6.052412, 49.989635], [6.052397, 49.98967], [6.052351, 49.989845], [6.052332, 49.989933], [6.052317, 49.990047], [6.052298, 49.99018], [6.05229, 49.990257], [6.052301, 49.990433], [6.052305, 49.99057], [6.05229, 49.99068], [6.052286, 49.990723], [6.052191, 49.991093], [6.052092, 49.991383], [6.051962, 49.99169], [6.051901, 49.99183], [6.051832, 49.99197], [6.051741, 49.992146], [6.051569, 49.992424], [6.051557, 49.99244], [6.051687, 49.992493], [6.05184, 49.992546], [6.052111, 49.992683], [6.052317, 49.992813], [6.052637, 49.993004], [6.052885, 49.993153], [6.053305, 49.9934], [6.053495, 49.99351], [6.053598, 49.993565], [6.053717, 49.99361], [6.05382, 49.99364], [6.0539, 49.99366], [6.054041, 49.993683], [6.054445, 49.99372], [6.054789, 49.993782], [6.054983, 49.993828], [6.055216, 49.993893], [6.055479, 49.99398], [6.055616, 49.994022], [6.055819, 49.994072], [6.056036, 49.994114], [6.056173, 49.99414], [6.056238, 49.99416], [6.056353, 49.994213], [6.05641, 49.994255], [6.056517, 49.99431], [6.056604, 49.994347], [6.05673, 49.994396], [6.056723, 49.994415], [6.05665, 49.99467], [6.056623, 49.994755], [6.056547, 49.994904], [6.056444, 49.99506], [6.056513, 49.995094], [6.056925, 49.995304], [6.057466, 49.995533], [6.057501, 49.99555], [6.057775, 49.99566], [6.058077, 49.995796], [6.058687, 49.99607], [6.058466, 49.996387], [6.058752, 49.996494], [6.059229, 49.99667], [6.058775, 49.997032], [6.058516, 49.99724], [6.058386, 49.997467], [6.058779, 49.99763], [6.059042, 49.997753], [6.059156, 49.997814], [6.059282, 49.997887], [6.059534, 49.99804], [6.059591, 49.99808], [6.059683, 49.99815], [6.059317, 49.998775], [6.059561, 49.998882], [6.059858, 49.999016], [6.060232, 49.999218], [6.060278, 49.999245], [6.060473, 49.999557], [6.060556, 49.9997], [6.060717, 49.999966], [6.060755, 50.000023], [6.060842, 50.00017], [6.06082, 50.00051], [6.060812, 50.000668], [6.060804, 50.000755], [6.060793, 50.000923], [6.060774, 50.00118], [6.060762, 50.00131], [6.060751, 50.00142], [6.06074, 50.001553], [6.06072, 50.001667], [6.060717, 50.0017], [6.060701, 50.00175], [6.060686, 50.001835], [6.060637, 50.00208], [6.060595, 50.002266], [6.060587, 50.00229], [6.060515, 50.002625], [6.060503, 50.002666], [6.0604, 50.00309], [6.060385, 50.00314], [6.060312, 50.003216], [6.060179, 50.00335], [6.059744, 50.003727], [6.059721, 50.00371], [6.059656, 50.003666], [6.059481, 50.003536], [6.059271, 50.003372], [6.059133, 50.003284], [6.058802, 50.003094], [6.058405, 50.00287], [6.058401, 50.002827], [6.058302, 50.00276], [6.058157, 50.002693], [6.058042, 50.00262], [6.057852, 50.002518], [6.057077, 50.00212], [6.056852, 50.002007], [6.056692, 50.00214], [6.056131, 50.00198], [6.056127, 50.001926], [6.056135, 50.001865], [6.05615, 50.00179], [6.056173, 50.001728], [6.056189, 50.00169], [6.056208, 50.001633], [6.056196, 50.001606], [6.05617, 50.00159], [6.056124, 50.001583], [6.055872, 50.00161], [6.055456, 50.001656], [6.055281, 50.00159], [6.05504, 50.001507], [6.054884, 50.00145], [6.054769, 50.001404], [6.054655, 50.00135], [6.054571, 50.0013], [6.054487, 50.00127], [6.05435, 50.001236], [6.05427, 50.001205], [6.05422, 50.001175], [6.054163, 50.001133], [6.054121, 50.00111], [6.054071, 50.001095], [6.053869, 50.001057], [6.05377, 50.001026], [6.053701, 50.000996], [6.053606, 50.000942], [6.053522, 50.000885], [6.053453, 50.000816], [6.053408, 50.00076], [6.053377, 50.000694], [6.053381, 50.000652], [6.053404, 50.000614], [6.053423, 50.000584], [6.053427, 50.00056], [6.053408, 50.000534], [6.053362, 50.000523], [6.053186, 50.00052], [6.053072, 50.000515], [6.05266, 50.000362], [6.05242, 50.000267], [6.051645, 49.999966], [6.05158, 49.99994], [6.051508, 49.99991], [6.051474, 49.999897], [6.050985, 49.999702], [6.050787, 49.999634], [6.050673, 49.9996], [6.050566, 49.999565], [6.050299, 49.9995], [6.050043, 49.999443], [6.049952, 49.99942], [6.049894, 49.9994], [6.049765, 49.999344], [6.0497, 49.99932], [6.049654, 49.99929], [6.049624, 49.999264], [6.049597, 49.999237], [6.049528, 49.999207], [6.049448, 49.999184], [6.049364, 49.99917], [6.049295, 49.999153], [6.04925, 49.999126], [6.049223, 49.99909], [6.049219, 49.99905], [6.049204, 49.99901], [6.049185, 49.998974], [6.049158, 49.998943], [6.049124, 49.998917], [6.049093, 49.99888], [6.04907, 49.99884], [6.049028, 49.998802], [6.048967, 49.99877], [6.048883, 49.998722], [6.04883, 49.998695], [6.048784, 49.998676], [6.04875, 49.998653], [6.048742, 49.998627], [6.048719, 49.998604], [6.048693, 49.9986], [6.04862, 49.99863], [6.04859, 49.998646], [6.048513, 49.998688], [6.048445, 49.99871], [6.048384, 49.998734], [6.048319, 49.998745], [6.048265, 49.998734], [6.04822, 49.99872], [6.048178, 49.998703], [6.048132, 49.9987], [6.048078, 49.998703], [6.048029, 49.9987], [6.047998, 49.998684], [6.047964, 49.998653], [6.047945, 49.99863], [6.047903, 49.998608], [6.047857, 49.998596], [6.047773, 49.998577], [6.04772, 49.998554], [6.047647, 49.998512], [6.047468, 49.998398], [6.047422, 49.998356], [6.047358, 49.99829], [6.0473, 49.99827], [6.047228, 49.99827], [6.047152, 49.998287], [6.047075, 49.9983], [6.047018, 49.998287], [6.047014, 49.99827], [6.047026, 49.99821], [6.047041, 49.998158], [6.047029, 49.998108], [6.046999, 49.998062], [6.046938, 49.998005], [6.046877, 49.99797], [6.046824, 49.997925], [6.046755, 49.99789], [6.046617, 49.997837], [6.046518, 49.997795], [6.046423, 49.997765], [6.046309, 49.99775], [6.046206, 49.99772], [6.046099, 49.997684], [6.045896, 49.997623], [6.045759, 49.997593], [6.045626, 49.997566], [6.04537, 49.99749], [6.045267, 49.99746], [6.045206, 49.99744], [6.045156, 49.997414], [6.045111, 49.997364], [6.045084, 49.9973], [6.045061, 49.997272], [6.044989, 49.997234], [6.044668, 49.99715], [6.044607, 49.99718], [6.044546, 49.997227], [6.04447, 49.997314], [6.04439, 49.997444], [6.044321, 49.99759], [6.044279, 49.997715], [6.044374, 49.997753], [6.044287, 49.997932], [6.044187, 49.99813], [6.044146, 49.998234], [6.044138, 49.99829], [6.044172, 49.998386], [6.044199, 49.998455], [6.044199, 49.998524], [6.04418, 49.998596], [6.044153, 49.998634], [6.044115, 49.998672], [6.044092, 49.9987], [6.0441, 49.99872], [6.04413, 49.99873], [6.044168, 49.998737], [6.044191, 49.99875], [6.044199, 49.998764], [6.044191, 49.998783], [6.044138, 49.998837], [6.044119, 49.998882], [6.044104, 49.998936], [6.044123, 49.998985], [6.044123, 49.999043], [6.044104, 49.999115], [6.044069, 49.99923], [6.044054, 49.999302], [6.044054, 49.999416], [6.044077, 49.999542], [6.044084, 49.99959], [6.044084, 49.999615], [6.044077, 49.99964], [6.044027, 49.999706], [6.043974, 49.999767], [6.043871, 49.999863], [6.043814, 49.999897], [6.043764, 49.99991], [6.043726, 49.999916], [6.043676, 49.999954], [6.043596, 50.00002], [6.043524, 50.000095], [6.043489, 50.000156], [6.043448, 50.000244], [6.043402, 50.000397], [6.04339, 50.000473], [6.043398, 50.000546], [6.043425, 50.000603], [6.043455, 50.00065], [6.043478, 50.000736], [6.043489, 50.000835], [6.043505, 50.001087], [6.043478, 50.00156], [6.043516, 50.001637], [6.043531, 50.001656], [6.043623, 50.00179], [6.043718, 50.00191], [6.043844, 50.00202], [6.043879, 50.002052], [6.043894, 50.002083], [6.043928, 50.002106], [6.043947, 50.00213], [6.043947, 50.00215], [6.043978, 50.002186], [6.043837, 50.002235], [6.043722, 50.002304], [6.04365, 50.002365], [6.043577, 50.00244], [6.043505, 50.00253], [6.043402, 50.002674], [6.043344, 50.002747], [6.043284, 50.002808], [6.043226, 50.002853], [6.043161, 50.002895], [6.043127, 50.00292], [6.043062, 50.00297], [6.042978, 50.00307], [6.04294, 50.003136], [6.042921, 50.003204], [6.04291, 50.00331], [6.042917, 50.003536], [6.042963, 50.003765], [6.042993, 50.00397], [6.042986, 50.003998], [6.042788, 50.004253], [6.042528, 50.004383], [6.042402, 50.00449], [6.042276, 50.004585], [6.042124, 50.00469], [6.042063, 50.00475], [6.04191, 50.004944], [6.041746, 50.00508], [6.041719, 50.005104], [6.0417, 50.005116], [6.041658, 50.00514], [6.041597, 50.00517], [6.041452, 50.005234], [6.04141, 50.00525], [6.041201, 50.005318], [6.040853, 50.005383], [6.040121, 50.0055], [6.040102, 50.005543], [6.040068, 50.00541], [6.040026, 50.005177], [6.040018, 50.005028], [6.039946, 50.004723], [6.039926, 50.004562], [6.039923, 50.004482], [6.039911, 50.004436], [6.039862, 50.004368], [6.039751, 50.004284], [6.039591, 50.00417], [6.039453, 50.004063], [6.039316, 50.003952], [6.039148, 50.0038], [6.039053, 50.00373], [6.03895, 50.003677], [6.038809, 50.003624], [6.038466, 50.00349], [6.038298, 50.00341], [6.038107, 50.0033], [6.037924, 50.003185], [6.037748, 50.003063], [6.037653, 50.00299], [6.037565, 50.002903], [6.037108, 50.002293], [6.037031, 50.002163], [6.036959, 50.002083], [6.036879, 50.002014], [6.036776, 50.001938], [6.036573, 50.001797], [6.036158, 50.001537], [6.035807, 50.00132], [6.035761, 50.00128], [6.035681, 50.001217], [6.035616, 50.00115], [6.035563, 50.00111], [6.035501, 50.001072], [6.035303, 50.000984], [6.034929, 50.00085], [6.034647, 50.000755], [6.034475, 50.0007], [6.034239, 50.00066], [6.034071, 50.000618], [6.033926, 50.000565], [6.033686, 50.00046], [6.033426, 50.000343], [6.033293, 50.00027], [6.033167, 50.000183], [6.033148, 50.000195], [6.032965, 50.00036], [6.032873, 50.00044], [6.032721, 50.000576], [6.032301, 50.000362], [6.03211, 50.00025], [6.031969, 50.00016], [6.031813, 50.00005], [6.031714, 49.999966], [6.031591, 49.999847], [6.03153, 49.999794], [6.03142, 49.999706], [6.031363, 49.999672], [6.031195, 49.999577], [6.031069, 49.999516], [6.030947, 49.999462], [6.030897, 49.999454], [6.030775, 49.99944], [6.030588, 49.999413], [6.030428, 49.9994], [6.030306, 49.999397], [6.030047, 49.999405], [6.029692, 49.99942], [6.029478, 49.99944], [6.029325, 49.99946], [6.029108, 49.999496], [6.028822, 49.999565], [6.028528, 49.999634], [6.02849, 49.99964], [6.028246, 49.99958], [6.027857, 49.99949], [6.027182, 49.99933], [6.027208, 49.999275], [6.026613, 49.999218], [6.026495, 49.99959], [6.026331, 50.000095], [6.026224, 50.000477], [6.026022, 50.000435], [6.025625, 50.000336], [6.025396, 50.000275], [6.025316, 50.000248], [6.02508, 50.000164], [6.025042, 50.00015], [6.024874, 50.00009], [6.024862, 50.000088], [6.02442, 49.9999], [6.024164, 49.99978], [6.023592, 49.99951], [6.023199, 49.999332], [6.022749, 49.999146], [6.022001, 49.998863], [6.021898, 49.998985], [6.021742, 49.999165], [6.021566, 49.99937], [6.02133, 49.99925], [6.021021, 49.9995], [6.020666, 49.99978], [6.020376, 50.0], [6.020285, 50.000065], [6.020178, 50.000134], [6.019636, 50.000526], [6.019636, 50.000538], [6.020101, 50.000774], [6.020231, 50.000843], [6.02022, 50.000847], [6.019724, 50.00117], [6.019648, 50.001225], [6.019419, 50.00144], [6.018896, 50.00191], [6.018377, 50.001514], [6.018194, 50.001385], [6.018022, 50.00127], [6.017836, 50.001167], [6.017412, 50.00093], [6.017313, 50.001305], [6.017275, 50.00143], [6.017256, 50.001476], [6.017069, 50.00166], [6.016993, 50.00174], [6.016836, 50.001892], [6.016802, 50.00193], [6.016779, 50.00197], [6.016775, 50.00199], [6.016783, 50.002026], [6.01679, 50.002052], [6.01687, 50.002193], [6.016886, 50.002243], [6.016901, 50.00231], [6.016913, 50.002373], [6.01692, 50.002476], [6.016916, 50.002552], [6.016909, 50.00258], [6.016874, 50.00263], [6.016764, 50.00278], [6.016573, 50.00302], [6.016546, 50.00305], [6.016455, 50.003162], [6.016298, 50.003357], [6.016207, 50.003468], [6.015051, 50.003166], [6.014334, 50.003006], [6.014269, 50.00299], [6.01322, 50.002815], [6.012781, 50.002747], [6.012674, 50.00286], [6.012278, 50.003334], [6.012209, 50.003418], [6.012094, 50.003555], [6.011801, 50.003433], [6.011522, 50.00331], [6.011347, 50.00324], [6.011183, 50.00317], [6.010843, 50.00304], [6.010737, 50.003006], [6.010508, 50.00295], [6.01037, 50.002926], [6.01016, 50.002895], [6.01005, 50.002876], [6.009962, 50.002865], [6.009771, 50.002773], [6.009722, 50.002804], [6.009611, 50.0029], [6.009573, 50.00293], [6.009333, 50.003136], [6.009188, 50.003258], [6.009131, 50.003304], [6.009058, 50.003365], [6.008905, 50.003498], [6.008886, 50.003513], [6.008772, 50.00361], [6.008718, 50.003654], [6.008638, 50.00374], [6.00852, 50.00386], [6.008493, 50.003895], [6.008379, 50.00402], [6.008261, 50.004143], [6.009485, 50.0046], [6.009859, 50.00474], [6.010218, 50.004913], [6.010492, 50.00504], [6.01119, 50.00537], [6.011412, 50.005474], [6.011827, 50.005672], [6.012457, 50.005966], [6.012285, 50.006283], [6.01219, 50.00642], [6.012083, 50.00655], [6.012068, 50.00656], [6.012007, 50.006523], [6.011877, 50.006454], [6.011774, 50.006405], [6.011637, 50.00636], [6.011309, 50.00628], [6.011301, 50.006294], [6.011076, 50.00656], [6.010855, 50.006527], [6.010809, 50.00665], [6.010782, 50.006702], [6.010778, 50.006714], [6.010721, 50.006832], [6.010641, 50.00698], [6.010557, 50.00711], [6.010458, 50.00726], [6.010408, 50.007317], [6.010389, 50.007347], [6.010309, 50.007416], [6.010241, 50.007473], [6.010221, 50.007477], [6.010221, 50.007492], [6.010214, 50.007538], [6.010084, 50.00761], [6.009935, 50.00772], [6.009726, 50.007862], [6.009543, 50.008], [6.009237, 50.008], [6.009062, 50.008003], [6.009024, 50.008007], [6.009012, 50.008007], [6.008833, 50.008022], [6.008455, 50.008064], [6.008345, 50.00809], [6.008192, 50.00814], [6.008074, 50.008186], [6.00799, 50.008217], [6.00778, 50.00829], [6.007658, 50.00833], [6.007574, 50.008373], [6.007505, 50.00841], [6.007269, 50.00864], [6.007074, 50.008865], [6.006922, 50.00903], [6.006815, 50.009125], [6.006693, 50.00923], [6.006556, 50.00935], [6.00664, 50.009373], [6.006674, 50.00938], [6.006914, 50.009445], [6.00683, 50.009617], [6.006746, 50.009743], [6.006716, 50.00978], [6.00659, 50.009907], [6.006437, 50.01004], [6.006231, 50.010227], [6.006113, 50.010338], [6.006025, 50.010445], [6.005831, 50.010674], [6.00577, 50.010723], [6.006437, 50.01146], [6.006384, 50.011475], [6.006365, 50.011482], [6.005831, 50.01166], [6.005796, 50.01168], [6.005693, 50.01165], [6.005552, 50.011646], [6.00543, 50.01167], [6.005285, 50.011795], [6.005129, 50.01189], [6.004988, 50.01195], [6.004911, 50.011967], [6.004782, 50.011955], [6.004664, 50.0119], [6.004553, 50.011806], [6.004476, 50.011703], [6.00445, 50.01165], [6.004408, 50.011654], [6.004015, 50.011593], [6.003779, 50.011555], [6.003691, 50.011536], [6.003675, 50.01163], [6.003344, 50.011574], [6.002962, 50.011517], [6.002726, 50.01149], [6.00252, 50.011475], [6.002317, 50.011463], [6.002027, 50.011456], [6.001715, 50.011456], [6.001413, 50.011463], [6.001203, 50.01147], [6.000952, 50.011414], [6.000719, 50.011368], [6.000441, 50.011486], [6.00017, 50.011433], [6.000063, 50.01141], [6.000048, 50.011406], [6.000017, 50.011402], [5.999826, 50.01141], [5.999407, 50.011433], [5.999182, 50.011463], [5.999186, 50.011486], [5.999258, 50.011806], [5.999269, 50.011852], [5.999273, 50.01187], [5.999044, 50.01193], [5.998758, 50.012], [5.998632, 50.01204], [5.998243, 50.012146], [5.998079, 50.012184], [5.997892, 50.012215], [5.997702, 50.01224], [5.997488, 50.012264], [5.997377, 50.01227], [5.997236, 50.012276], [5.997148, 50.01227], [5.996981, 50.01226], [5.996786, 50.012234], [5.996569, 50.012196], [5.996542, 50.01226], [5.996504, 50.012306], [5.996473, 50.01234], [5.996427, 50.01238], [5.996336, 50.01245], [5.996172, 50.01258], [5.996073, 50.01255], [5.995798, 50.01268], [5.995432, 50.012833], [5.995298, 50.012894], [5.994963, 50.013054], [5.994684, 50.01306], [5.994722, 50.013184], [5.994482, 50.013237], [5.994348, 50.013268], [5.9942, 50.013287], [5.993967, 50.013298], [5.993807, 50.01331], [5.993692, 50.01332], [5.993658, 50.013325], [5.993532, 50.01325], [5.993486, 50.013233], [5.993364, 50.013214], [5.993223, 50.0132], [5.99304, 50.013184], [5.992929, 50.013184], [5.992781, 50.01319], [5.992533, 50.013325], [5.992243, 50.013485], [5.99214, 50.013515], [5.991751, 50.01359], [5.991671, 50.01361], [5.991568, 50.013638], [5.991381, 50.013733], [5.991217, 50.01384], [5.991159, 50.013897], [5.991114, 50.013954], [5.991087, 50.014023], [5.990972, 50.014065], [5.990602, 50.013874], [5.990553, 50.013912], [5.990351, 50.014072], [5.990156, 50.014248], [5.989958, 50.01443], [5.98984, 50.01454], [5.989729, 50.014614], [5.989695, 50.01464], [5.989554, 50.014767], [5.989008, 50.014515], [5.987749, 50.01394], [5.987902, 50.01378], [5.987974, 50.013702], [5.988047, 50.013622], [5.987829, 50.013542], [5.987444, 50.013397], [5.987135, 50.01328], [5.986784, 50.013145], [5.986662, 50.0131], [5.986463, 50.013023], [5.986261, 50.01294], [5.986113, 50.01288], [5.986017, 50.012836], [5.985445, 50.01254], [5.985083, 50.01234], [5.98506, 50.01233], [5.985029, 50.012424], [5.98501, 50.01247], [5.985067, 50.01261], [5.985132, 50.01281], [5.985174, 50.012962], [5.985197, 50.01308], [5.98522, 50.013218], [5.985235, 50.013405], [5.985228, 50.013515], [5.985228, 50.01362], [5.985224, 50.013786], [5.985205, 50.013897], [5.985159, 50.0141], [5.985147, 50.01416], [5.985174, 50.014168], [5.986055, 50.01438], [5.98646, 50.014496], [5.986822, 50.014603], [5.987032, 50.014664], [5.987425, 50.014786], [5.987734, 50.01489], [5.988127, 50.01503], [5.988474, 50.015163], [5.988226, 50.0156], [5.987963, 50.01592], [5.987627, 50.01625], [5.987459, 50.01618], [5.987257, 50.01636], [5.987177, 50.016434], [5.986979, 50.016342], [5.986868, 50.016388], [5.98675, 50.01644], [5.986654, 50.016487], [5.98657, 50.01654], [5.986528, 50.016582], [5.986479, 50.01663], [5.98641, 50.0167], [5.986349, 50.01676], [5.986288, 50.01683], [5.986231, 50.01689], [5.986139, 50.01699], [5.98609, 50.017048], [5.986025, 50.017128], [5.985987, 50.017174], [5.985907, 50.017284], [5.985853, 50.01736], [5.98514, 50.01718], [5.985083, 50.01717], [5.98501, 50.01716], [5.984846, 50.017918], [5.984804, 50.01813], [5.98477, 50.018307], [5.984705, 50.01856], [5.984594, 50.019127], [5.98451, 50.019386], [5.984446, 50.01956], [5.984221, 50.019978], [5.984198, 50.01997], [5.983969, 50.01987], [5.983984, 50.01984], [5.982973, 50.019356], [5.982863, 50.019302], [5.982485, 50.019127], [5.982191, 50.01899], [5.98081, 50.018368], [5.980738, 50.0183], [5.980703, 50.01827], [5.980585, 50.0182], [5.980402, 50.01811], [5.98031, 50.01807], [5.980188, 50.018036], [5.980066, 50.018], [5.979914, 50.01797], [5.979757, 50.017956], [5.979315, 50.01795], [5.97891, 50.01794], [5.978548, 50.017933], [5.977903, 50.017918], [5.976763, 50.017887], [5.976679, 50.017883], [5.976591, 50.017944], [5.976706, 50.018127], [5.976774, 50.018215], [5.976797, 50.01826], [5.976805, 50.018295], [5.976805, 50.018326], [5.976808, 50.018345], [5.976835, 50.018383], [5.976923, 50.018494], [5.976984, 50.018574], [5.977152, 50.01875], [5.977213, 50.01882], [5.977248, 50.01887], [5.977262, 50.01889], [5.977331, 50.018955], [5.977411, 50.019028], [5.977533, 50.01913], [5.977713, 50.01941], [5.977762, 50.019512], [5.9778, 50.019634], [5.977804, 50.019783], [5.977819, 50.019894], [5.977819, 50.01992], [5.977842, 50.02], [5.977884, 50.02014], [5.978239, 50.020363], [5.978277, 50.020397], [5.978334, 50.020557], [5.97835, 50.02066], [5.978346, 50.02074], [5.978315, 50.020943], [5.978121, 50.02135], [5.978094, 50.021366], [5.97806, 50.021393], [5.978014, 50.021473], [5.978014, 50.02151], [5.978018, 50.02157], [5.977827, 50.021793], [5.977747, 50.02194], [5.977365, 50.022404], [5.977083, 50.022617], [5.976519, 50.023045], [5.976492, 50.023067], [5.97645, 50.0231], [5.976252, 50.023174], [5.97621, 50.02324], [5.97616, 50.023384], [5.976145, 50.023438], [5.976091, 50.023582], [5.976053, 50.0237], [5.976046, 50.023758], [5.976057, 50.023857], [5.976091, 50.02397], [5.976149, 50.024136], [5.976126, 50.024143], [5.975573, 50.024178], [5.975534, 50.024178], [5.975481, 50.02418], [5.975439, 50.02418], [5.975244, 50.024193], [5.975092, 50.024204], [5.974951, 50.02422], [5.974173, 50.02432], [5.974123, 50.024323], [5.97402, 50.024353], [5.973715, 50.024426], [5.973578, 50.024437], [5.973452, 50.024456], [5.973352, 50.024475], [5.973249, 50.024487], [5.973059, 50.024487], [5.972876, 50.02449], [5.972803, 50.024487], [5.972753, 50.024483], [5.972277, 50.02436], [5.971781, 50.0242], [5.971662, 50.024796], [5.971602, 50.025013], [5.971567, 50.0251], [5.971521, 50.025185], [5.971464, 50.02526], [5.971407, 50.025326], [5.971319, 50.025394], [5.971228, 50.025448], [5.971212, 50.025455], [5.971178, 50.025475], [5.97098, 50.025578], [5.970732, 50.025684], [5.970468, 50.02578], [5.970228, 50.025864], [5.970041, 50.02594], [5.9699, 50.026005], [5.969782, 50.02607], [5.969679, 50.02614], [5.969583, 50.026215], [5.969408, 50.026363], [5.969305, 50.026443], [5.969171, 50.026535], [5.969049, 50.026596], [5.968931, 50.026646], [5.969065, 50.02669], [5.969419, 50.0268], [5.969633, 50.02686], [5.969847, 50.026905], [5.970003, 50.026943], [5.97016, 50.02699], [5.97027, 50.027027], [5.970484, 50.02711], [5.970541, 50.02715], [5.970587, 50.027184], [5.970728, 50.027225], [5.970774, 50.02724], [5.970861, 50.027287], [5.970942, 50.027336], [5.970789, 50.027443], [5.970358, 50.027733], [5.97032, 50.027714], [5.970053, 50.02791], [5.969881, 50.02804], [5.970549, 50.02833], [5.971018, 50.028522], [5.971258, 50.02863], [5.97138, 50.028694], [5.971479, 50.028755], [5.971548, 50.028805], [5.971662, 50.02892], [5.971777, 50.029057], [5.971888, 50.02924], [5.972136, 50.029636], [5.972151, 50.029667], [5.972235, 50.029808], [5.9723, 50.029884], [5.972444, 50.030083], [5.972529, 50.03022], [5.972631, 50.030396], [5.972742, 50.03059], [5.972841, 50.030807], [5.972948, 50.031044], [5.973001, 50.031185], [5.973024, 50.031303], [5.97304, 50.031475], [5.973028, 50.031578], [5.973005, 50.03165], [5.972982, 50.03171], [5.972956, 50.03176], [5.972841, 50.031925], [5.972769, 50.032013], [5.972712, 50.03209], [5.972628, 50.032185], [5.972609, 50.03221], [5.972433, 50.032234], [5.970575, 50.032], [5.969858, 50.03192], [5.969046, 50.031876], [5.96855, 50.03186], [5.96797, 50.03188], [5.967398, 50.031918], [5.966616, 50.03196], [5.966299, 50.03198], [5.966192, 50.031975], [5.966173, 50.03195], [5.965937, 50.031708], [5.965647, 50.031433], [5.965357, 50.03119], [5.9652, 50.03106], [5.964758, 50.030754], [5.964274, 50.030396], [5.963514, 50.030437], [5.963442, 50.030407], [5.962526, 50.030064], [5.961908, 50.02956], [5.961527, 50.02915], [5.961233, 50.028866], [5.960947, 50.02857], [5.960825, 50.028442], [5.960764, 50.028408], [5.960733, 50.028538], [5.960703, 50.028522], [5.960634, 50.02849], [5.959825, 50.02808], [5.95949, 50.027905], [5.959299, 50.02781], [5.959108, 50.027725], [5.959055, 50.0277], [5.95867, 50.027515], [5.958117, 50.02726], [5.957743, 50.0271], [5.957403, 50.026978], [5.95709, 50.026875], [5.956858, 50.026806], [5.956686, 50.02675], [5.956396, 50.026615], [5.956114, 50.02648], [5.955999, 50.026443], [5.955473, 50.026257], [5.95511, 50.02667], [5.954935, 50.026863], [5.954767, 50.027054], [5.954592, 50.02725], [5.95474, 50.02732], [5.954824, 50.027378], [5.954889, 50.02743], [5.954931, 50.02748], [5.954966, 50.027523], [5.955004, 50.027596], [5.955057, 50.027668], [5.955122, 50.02775], [5.955515, 50.027588], [5.955706, 50.027515], [5.955934, 50.027695], [5.956076, 50.027824], [5.956266, 50.02801], [5.956449, 50.02819], [5.956636, 50.028362], [5.956812, 50.02851], [5.957048, 50.028507], [5.957014, 50.028687], [5.956976, 50.02886], [5.956728, 50.028812], [5.956442, 50.02875], [5.956221, 50.028706], [5.955965, 50.028614], [5.955805, 50.028553], [5.955633, 50.028492], [5.955481, 50.02843], [5.955309, 50.028366], [5.955149, 50.028305], [5.954531, 50.028057], [5.954679, 50.027832], [5.954847, 50.027714], [5.954657, 50.027496], [5.954599, 50.027454], [5.954516, 50.027412], [5.954443, 50.02739], [5.954378, 50.027374], [5.954271, 50.02737], [5.954161, 50.02738], [5.953875, 50.02746], [5.953329, 50.02763], [5.953211, 50.027554], [5.953131, 50.027573], [5.953062, 50.02759], [5.953024, 50.027596], [5.95299, 50.027588], [5.952955, 50.02759], [5.952898, 50.02764], [5.952867, 50.027664], [5.952845, 50.027676], [5.95281, 50.027683], [5.95273, 50.02767], [5.952669, 50.02768], [5.952536, 50.02771], [5.952276, 50.027763], [5.951727, 50.02789], [5.95167, 50.027855], [5.951597, 50.027893], [5.951529, 50.027924], [5.951448, 50.027954], [5.951376, 50.027973], [5.951284, 50.02799], [5.951159, 50.028004], [5.95109, 50.028004], [5.951029, 50.028], [5.950941, 50.027996], [5.950819, 50.027977], [5.950712, 50.027958], [5.950552, 50.02787], [5.950338, 50.027775], [5.950136, 50.027683], [5.950079, 50.027653], [5.949961, 50.027588], [5.949774, 50.027504], [5.949652, 50.02745], [5.949396, 50.027374], [5.949076, 50.027298], [5.948797, 50.02724], [5.948858, 50.027073], [5.948736, 50.027008], [5.9484, 50.026997], [5.948412, 50.026897], [5.948423, 50.02683], [5.948431, 50.026756], [5.948431, 50.026695], [5.948408, 50.026634], [5.948385, 50.02659], [5.948347, 50.02655], [5.948317, 50.02652], [5.948202, 50.026447], [5.948111, 50.02638], [5.948065, 50.026344], [5.947985, 50.02631], [5.947859, 50.026264], [5.947599, 50.026203], [5.947256, 50.026157], [5.947103, 50.026134], [5.946978, 50.02612], [5.946867, 50.026096], [5.946821, 50.026085], [5.946676, 50.02606], [5.946558, 50.02603], [5.946524, 50.02601], [5.946474, 50.025978], [5.946436, 50.025963], [5.946386, 50.02594], [5.94628, 50.02591], [5.946169, 50.02588], [5.946112, 50.02585], [5.946043, 50.025845], [5.94599, 50.025852], [5.945906, 50.025856], [5.945841, 50.025864], [5.945795, 50.025864], [5.945749, 50.025856], [5.9457, 50.025845], [5.945646, 50.025826], [5.945536, 50.02581], [5.945421, 50.025764], [5.945314, 50.02575], [5.945253, 50.025745], [5.945127, 50.025715], [5.944811, 50.025642], [5.944674, 50.025608], [5.944624, 50.0256], [5.944571, 50.025608], [5.944479, 50.025627], [5.944429, 50.02563], [5.944349, 50.025627], [5.944277, 50.025616], [5.944212, 50.0256], [5.944155, 50.02557], [5.944124, 50.025555], [5.944021, 50.0255], [5.943941, 50.025467], [5.943861, 50.025448], [5.943582, 50.02542], [5.943483, 50.025417], [5.94338, 50.02542], [5.943346, 50.02542], [5.943293, 50.0254], [5.94311, 50.025314], [5.942938, 50.025223], [5.9428, 50.025135], [5.942728, 50.025078], [5.942636, 50.025], [5.942369, 50.024746], [5.942392, 50.02473], [5.942564, 50.02462], [5.942541, 50.024597], [5.942427, 50.0245], [5.942373, 50.02439], [5.942312, 50.024326], [5.942255, 50.024273], [5.942194, 50.024166], [5.942141, 50.024086], [5.941984, 50.023987], [5.941851, 50.023907], [5.941721, 50.02383], [5.941652, 50.02378], [5.941526, 50.02364], [5.941454, 50.023575], [5.941355, 50.023506], [5.941153, 50.023357], [5.941134, 50.023342], [5.941038, 50.02326], [5.940977, 50.02319], [5.940863, 50.023125], [5.940802, 50.023083], [5.940653, 50.02301], [5.940481, 50.022938], [5.940321, 50.022858], [5.940229, 50.022808], [5.940207, 50.022793], [5.940172, 50.022766], [5.940046, 50.022705], [5.94002, 50.02268], [5.939993, 50.022625], [5.939982, 50.02261], [5.939821, 50.02254], [5.939661, 50.022472], [5.939577, 50.022446], [5.939547, 50.02243], [5.939505, 50.02241], [5.939428, 50.022366], [5.939379, 50.02233], [5.939249, 50.02228], [5.93915, 50.022194], [5.939085, 50.022133], [5.939043, 50.022095], [5.938848, 50.021976], [5.93878, 50.021935], [5.938761, 50.02191], [5.938703, 50.02185], [5.938574, 50.0217], [5.938543, 50.02167], [5.938494, 50.021614], [5.938353, 50.02143], [5.93825, 50.021294], [5.938234, 50.02127], [5.938208, 50.021225], [5.938143, 50.02111], [5.938089, 50.02101], [5.938009, 50.020885], [5.93791, 50.020756], [5.937826, 50.02067], [5.937609, 50.020462], [5.93738, 50.02024], [5.937258, 50.020107], [5.937117, 50.019962], [5.937048, 50.019886], [5.937002, 50.01984], [5.936918, 50.01975], [5.936869, 50.019688], [5.936754, 50.01956], [5.936678, 50.01952], [5.936605, 50.019493], [5.936567, 50.019478], [5.936499, 50.019463], [5.936457, 50.01946], [5.936392, 50.019463], [5.93635, 50.019478], [5.936274, 50.01951], [5.936068, 50.019623], [5.93598, 50.01966], [5.935881, 50.019688], [5.935114, 50.01989], [5.934919, 50.019917], [5.934637, 50.01994], [5.934561, 50.019943], [5.934282, 50.019947], [5.934069, 50.019955], [5.933721, 50.01995], [5.933329, 50.01996], [5.933046, 50.019966], [5.932859, 50.01998], [5.932779, 50.01999], [5.932711, 50.019997], [5.932646, 50.02001], [5.932444, 50.020084], [5.932276, 50.020138], [5.932062, 50.020195], [5.931921, 50.020226], [5.931795, 50.020256], [5.931704, 50.020287], [5.931673, 50.020298], [5.931662, 50.020306], [5.931608, 50.02033], [5.931547, 50.020367], [5.931486, 50.020416], [5.931467, 50.020466], [5.931421, 50.020535], [5.931383, 50.020588], [5.931356, 50.020638], [5.931337, 50.020695], [5.931333, 50.02074], [5.931337, 50.020794], [5.931349, 50.020836], [5.931375, 50.020905], [5.931398, 50.020977], [5.931402, 50.021], [5.931406, 50.021015], [5.93141, 50.02107], [5.931406, 50.021114], [5.931398, 50.02115], [5.931379, 50.02117], [5.931452, 50.021267], [5.931551, 50.021416], [5.9317, 50.021687], [5.931757, 50.021816], [5.931795, 50.021942], [5.931822, 50.02204], [5.931845, 50.022167], [5.931856, 50.02234], [5.931887, 50.02263], [5.93191, 50.022774], [5.931936, 50.02292], [5.93194, 50.023018], [5.931936, 50.023083], [5.931906, 50.023285], [5.931852, 50.023533], [5.931845, 50.023552], [5.931868, 50.0236], [5.931879, 50.023647], [5.931883, 50.023716], [5.931887, 50.023746], [5.931822, 50.023823], [5.931799, 50.023857], [5.931784, 50.023888], [5.931742, 50.023994], [5.931715, 50.024044], [5.931688, 50.02407], [5.931608, 50.02414], [5.931551, 50.02418], [5.931528, 50.02421], [5.931521, 50.024235], [5.931524, 50.02429], [5.931524, 50.024326], [5.931517, 50.02435], [5.931482, 50.02436], [5.931418, 50.024364], [5.931372, 50.02437], [5.931337, 50.02438], [5.931322, 50.024395], [5.931303, 50.024426], [5.931295, 50.024494], [5.931284, 50.024532], [5.93123, 50.024616], [5.931192, 50.02468], [5.931181, 50.024715], [5.931177, 50.024765], [5.93117, 50.024807], [5.931158, 50.02484], [5.931124, 50.02486], [5.931124, 50.02488], [5.93091, 50.02501], [5.930681, 50.025154], [5.93046, 50.0253], [5.930258, 50.02543], [5.930132, 50.025517], [5.93004, 50.02555], [5.929972, 50.02558], [5.929937, 50.025597], [5.929666, 50.02571], [5.929438, 50.025623], [5.929415, 50.02561], [5.92935, 50.025593], [5.929377, 50.025505], [5.929384, 50.025494], [5.929327, 50.025486], [5.929277, 50.025486], [5.929209, 50.0255], [5.929163, 50.02552], [5.929117, 50.025536], [5.929098, 50.02552], [5.929194, 50.02544], [5.929201, 50.025402], [5.929308, 50.025127], [5.929155, 50.02513], [5.929075, 50.02515], [5.928968, 50.02515], [5.928827, 50.02514], [5.928766, 50.02513], [5.928739, 50.025127], [5.928652, 50.025112], [5.928549, 50.02507], [5.928499, 50.025047], [5.928369, 50.02498], [5.92845, 50.02497], [5.928438, 50.02496], [5.927866, 50.02442], [5.92734, 50.023956], [5.92724, 50.02385], [5.927126, 50.02372], [5.927061, 50.02364], [5.927553, 50.023476], [5.927717, 50.023415], [5.927771, 50.02338], [5.927816, 50.023327], [5.927854, 50.02325], [5.927881, 50.023148], [5.927881, 50.023052], [5.927862, 50.02287], [5.927824, 50.022762], [5.927561, 50.02223], [5.927359, 50.02185], [5.92721, 50.02161], [5.927099, 50.021416], [5.927008, 50.021297], [5.927107, 50.021294], [5.927286, 50.02129], [5.927397, 50.021282], [5.927587, 50.02127], [5.92779, 50.021248], [5.927916, 50.021233], [5.928057, 50.021206], [5.928442, 50.021122], [5.92861, 50.0211], [5.928739, 50.02108], [5.928968, 50.02105], [5.929167, 50.021023], [5.929743, 50.020954], [5.93001, 50.02092], [5.930056, 50.020916], [5.930056, 50.02075], [5.930098, 50.020546], [5.930151, 50.020367], [5.930212, 50.0202], [5.930288, 50.020035], [5.930349, 50.019955], [5.930517, 50.019806], [5.930487, 50.0198], [5.930212, 50.0198], [5.929735, 50.019794], [5.929594, 50.019794], [5.928152, 50.019783], [5.928293, 50.01955], [5.928392, 50.019405], [5.92845, 50.019314], [5.928484, 50.01924], [5.92853, 50.0191], [5.928545, 50.019024], [5.928553, 50.01896], [5.928713, 50.018925], [5.928728, 50.018917], [5.92882, 50.018894], [5.928953, 50.018856], [5.928629, 50.01857], [5.928438, 50.018444], [5.928343, 50.018387], [5.928183, 50.01831], [5.928057, 50.018265], [5.92795, 50.018234], [5.927824, 50.01821], [5.92732, 50.018154], [5.926962, 50.01811], [5.926901, 50.017643], [5.926859, 50.017307], [5.926844, 50.017174], [5.92684, 50.017048], [5.92684, 50.017006], [5.926935, 50.016747], [5.926805, 50.01671], [5.926378, 50.016582], [5.925993, 50.016735], [5.925363, 50.01654], [5.925314, 50.016525], [5.924929, 50.016415], [5.924749, 50.01638], [5.92454, 50.01633], [5.923872, 50.0161], [5.924044, 50.015934], [5.923838, 50.01577], [5.923716, 50.01569], [5.923887, 50.015537], [5.923845, 50.01528], [5.923853, 50.015182], [5.923868, 50.015087], [5.923948, 50.014862], [5.923994, 50.014732], [5.924055, 50.01464], [5.924124, 50.01457], [5.924143, 50.01454], [5.924158, 50.01452], [5.924189, 50.014446], [5.924215, 50.01439], [5.92425, 50.01434], [5.924311, 50.014282], [5.924417, 50.014206], [5.924524, 50.014126], [5.924753, 50.01395], [5.924711, 50.01391], [5.924891, 50.01369], [5.924906, 50.01367], [5.924925, 50.013657], [5.92528, 50.01343], [5.925432, 50.013336], [5.925573, 50.013245], [5.925699, 50.013165], [5.925466, 50.012974], [5.925394, 50.012928], [5.92528, 50.01287], [5.92523, 50.012844], [5.925177, 50.012806], [5.925123, 50.01276], [5.925077, 50.012703], [5.925043, 50.012646], [5.925024, 50.01261], [5.925005, 50.012566], [5.925207, 50.012554], [5.925413, 50.011898], [5.925463, 50.011738], [5.926245, 50.011692], [5.92729, 50.011635], [5.927462, 50.01162], [5.927607, 50.011597], [5.927755, 50.011566], [5.927885, 50.011528], [5.927984, 50.011494], [5.928076, 50.01145], [5.928171, 50.011402], [5.928232, 50.01136], [5.928324, 50.011295], [5.928442, 50.0112], [5.928537, 50.0111], [5.928549, 50.011093], [5.928606, 50.011017], [5.928667, 50.010925], [5.92872, 50.010826], [5.928617, 50.010647], [5.928568, 50.01055], [5.928217, 50.010254], [5.928152, 50.009914], [5.928102, 50.00964], [5.928083, 50.00944], [5.92806, 50.009373], [5.928026, 50.00929], [5.927935, 50.009136], [5.9279, 50.009064], [5.92787, 50.008854], [5.927851, 50.00871], [5.927809, 50.008625], [5.927679, 50.008484], [5.927496, 50.008396], [5.92732, 50.00831], [5.927038, 50.00815], [5.92687, 50.008057], [5.926508, 50.00806], [5.926226, 50.008064], [5.926157, 50.008064], [5.925337, 50.008068], [5.925104, 50.00807], [5.924791, 50.008076], [5.924604, 50.008076], [5.924292, 50.00808], [5.923376, 50.008102], [5.923128, 50.008114], [5.923094, 50.009388], [5.923063, 50.00938], [5.922594, 50.009293], [5.922171, 50.009205], [5.920977, 50.00897], [5.921141, 50.008175], [5.920759, 50.008068], [5.92063, 50.008034], [5.920427, 50.007977], [5.920431, 50.007713], [5.920431, 50.007675], [5.920435, 50.007614], [5.920465, 50.007446], [5.920515, 50.007267], [5.920534, 50.00717], [5.920549, 50.007053], [5.920546, 50.007], [5.920534, 50.00697], [5.920484, 50.006874], [5.920477, 50.006836], [5.920469, 50.006664], [5.92045, 50.00649], [5.92042, 50.00626], [5.920401, 50.006184], [5.920382, 50.00613], [5.920282, 50.00596], [5.920229, 50.00579], [5.920187, 50.00555], [5.920168, 50.00545], [5.920134, 50.00524], [5.920099, 50.004906], [5.919989, 50.004063], [5.919916, 50.00408], [5.919817, 50.004112], [5.919683, 50.004158], [5.9196, 50.00412], [5.918818, 50.00376], [5.918364, 50.00357], [5.918104, 50.00343], [5.917974, 50.003357], [5.917917, 50.00333], [5.917849, 50.003292], [5.917807, 50.00327], [5.917357, 50.00301], [5.916429, 50.002735], [5.916098, 50.00254], [5.915918, 50.00245], [5.915731, 50.002354], [5.915502, 50.002243], [5.915087, 50.002068], [5.914804, 50.00197], [5.914362, 50.00183], [5.914179, 50.001762], [5.914034, 50.00171], [5.913931, 50.00167], [5.913805, 50.00162], [5.913526, 50.001526], [5.91305, 50.001366], [5.912813, 50.00129], [5.912657, 50.00123], [5.912065, 50.00101], [5.911722, 50.00089], [5.911379, 50.000767], [5.911035, 50.00065], [5.910906, 50.000603], [5.910578, 50.000477], [5.91007, 50.000206], [5.910154, 49.999893], [5.910234, 49.999584], [5.91033, 49.99923], [5.910395, 49.99918], [5.910475, 49.99897], [5.910532, 49.99885], [5.910604, 49.998722], [5.910677, 49.998596], [5.910856, 49.998344], [5.91091, 49.998272], [5.910936, 49.998203], [5.910936, 49.99816], [5.910898, 49.99807], [5.910849, 49.997932], [5.910711, 49.99783], [5.91065, 49.99764], [5.910765, 49.997555], [5.910578, 49.997337], [5.910341, 49.997375], [5.910315, 49.997353], [5.910303, 49.99733], [5.910288, 49.99732], [5.910265, 49.997307], [5.910219, 49.997288], [5.91012, 49.997215], [5.909906, 49.997105], [5.909841, 49.997066], [5.909765, 49.997], [5.90967, 49.996998], [5.909613, 49.99699], [5.909586, 49.99697], [5.909578, 49.996952], [5.909586, 49.996925], [5.909582, 49.996902], [5.909574, 49.996883], [5.909548, 49.996853], [5.909514, 49.996788], [5.909479, 49.996758], [5.909433, 49.99672], [5.909399, 49.99668], [5.909391, 49.996662], [5.909395, 49.996643], [5.909418, 49.996613], [5.909418, 49.996586], [5.909403, 49.99657], [5.909369, 49.99655], [5.909327, 49.996544], [5.909311, 49.99653], [5.909288, 49.996475], [5.909269, 49.996452], [5.909239, 49.99643], [5.909216, 49.99641], [5.909182, 49.99636], [5.909162, 49.996346], [5.909102, 49.996315], [5.909059, 49.99629], [5.909014, 49.996246], [5.908979, 49.996223], [5.90893, 49.996193], [5.908812, 49.996124], [5.908705, 49.99605], [5.908541, 49.9959], [5.908506, 49.995865], [5.908441, 49.995796], [5.908281, 49.99567], [5.908239, 49.9956], [5.908209, 49.995567], [5.90814, 49.99556], [5.908136, 49.995506], [5.908117, 49.99545], [5.908098, 49.995422], [5.908072, 49.9954], [5.908022, 49.995373], [5.907953, 49.99535], [5.907881, 49.99533], [5.907846, 49.995316], [5.907835, 49.995296], [5.907812, 49.99521], [5.906942, 49.99509], [5.906878, 49.99508], [5.906702, 49.99506], [5.906664, 49.99489], [5.906611, 49.994667], [5.906557, 49.99439], [5.906527, 49.99432], [5.906462, 49.99423], [5.906359, 49.994106], [5.906309, 49.994038], [5.906256, 49.99395], [5.906179, 49.99382], [5.906137, 49.993732], [5.906111, 49.993656], [5.906076, 49.993565], [5.906061, 49.99347], [5.906065, 49.99344], [5.906134, 49.99328], [5.906134, 49.9932], [5.90613, 49.992966], [5.906118, 49.992966], [5.905992, 49.99303], [5.905771, 49.993126], [5.9056, 49.993187], [5.905439, 49.993233], [5.90531, 49.993263], [5.905191, 49.993286], [5.904871, 49.993626], [5.904223, 49.993935], [5.903913, 49.994045], [5.903898, 49.994194], [5.903887, 49.99423], [5.903555, 49.994205], [5.903288, 49.994167], [5.90288, 49.994133], [5.902391, 49.993984], [5.901964, 49.99388], [5.901792, 49.993835], [5.901648, 49.99378], [5.90151, 49.993717], [5.901236, 49.993584], [5.901071, 49.993515], [5.900885, 49.993443], [5.900351, 49.993286], [5.900293, 49.99328], [5.900007, 49.993298], [5.899782, 49.993313], [5.899599, 49.99333], [5.899584, 49.99333], [5.899565, 49.993366], [5.899561, 49.993397], [5.899565, 49.993435], [5.899557, 49.993454], [5.899542, 49.993473], [5.8995, 49.993515], [5.899477, 49.993534], [5.899469, 49.993557], [5.899466, 49.993584], [5.899481, 49.993603], [5.899504, 49.99362], [5.899508, 49.993637], [5.899508, 49.993664], [5.899519, 49.993675], [5.899542, 49.9937], [5.899549, 49.993717], [5.899549, 49.993732], [5.899534, 49.993763], [5.899511, 49.993797], [5.899466, 49.993855], [5.89945, 49.993896], [5.899466, 49.99392], [5.899477, 49.99393], [5.899508, 49.993935], [5.89953, 49.99394], [5.899546, 49.993942], [5.899553, 49.993954], [5.899549, 49.99397], [5.899538, 49.993984], [5.899511, 49.994], [5.899481, 49.99402], [5.899469, 49.99403], [5.899481, 49.994045], [5.899496, 49.994057], [5.8995, 49.99407], [5.899488, 49.99409], [5.899458, 49.9941], [5.899431, 49.994102], [5.899405, 49.994114], [5.899382, 49.99413], [5.899363, 49.994152], [5.899347, 49.994186], [5.899351, 49.99421], [5.899366, 49.994232], [5.89937, 49.99426], [5.899359, 49.994278], [5.89934, 49.994316], [5.899343, 49.99434], [5.899343, 49.99437], [5.899309, 49.994408], [5.899305, 49.99443], [5.899301, 49.99446], [5.899279, 49.994488], [5.899252, 49.994503], [5.899198, 49.994522], [5.89916, 49.99454], [5.899145, 49.994556], [5.899138, 49.994576], [5.899145, 49.994602], [5.89916, 49.994625], [5.899164, 49.994648], [5.899157, 49.994675], [5.899141, 49.99469], [5.899095, 49.994717], [5.89908, 49.99474], [5.899061, 49.994774], [5.899046, 49.994793], [5.899015, 49.99482], [5.89897, 49.994877], [5.898958, 49.994896], [5.898958, 49.99491], [5.898962, 49.994923], [5.898985, 49.99495], [5.898989, 49.99497], [5.898985, 49.994987], [5.898962, 49.995003], [5.898939, 49.995014], [5.898901, 49.99502], [5.898855, 49.995037], [5.89884, 49.99505], [5.89884, 49.995068], [5.898844, 49.99508], [5.898874, 49.995102], [5.898901, 49.995125], [5.898905, 49.99514], [5.898901, 49.99516], [5.898893, 49.995174], [5.898878, 49.99519], [5.898851, 49.995216], [5.898828, 49.995243], [5.898825, 49.99526], [5.898825, 49.995277], [5.898848, 49.995296], [5.898871, 49.99532], [5.898878, 49.99534], [5.898878, 49.995377], [5.898882, 49.9954], [5.898897, 49.995415], [5.898912, 49.995438], [5.898924, 49.99547], [5.898924, 49.995487], [5.898916, 49.995514], [5.898897, 49.99553], [5.898867, 49.99556], [5.898855, 49.995583], [5.898855, 49.995605], [5.898871, 49.99564], [5.898867, 49.995667], [5.898859, 49.995686], [5.898848, 49.99571], [5.898825, 49.995735], [5.898821, 49.995754], [5.898821, 49.995808], [5.898817, 49.995823], [5.89879, 49.99587], [5.898794, 49.995903], [5.89879, 49.99592], [5.898771, 49.995937], [5.89876, 49.995953], [5.898748, 49.995995], [5.898737, 49.996025], [5.898752, 49.996082], [5.898756, 49.99611], [5.898691, 49.996204], [5.89868, 49.996223], [5.898676, 49.996243], [5.898676, 49.996265], [5.898672, 49.99629], [5.898661, 49.996315], [5.89863, 49.99634], [5.898588, 49.996357], [5.898527, 49.996372], [5.898489, 49.996384], [5.898474, 49.9964], [5.898462, 49.996418], [5.898451, 49.99645], [5.898439, 49.996494], [5.89842, 49.996548], [5.898397, 49.996605], [5.898363, 49.996655], [5.898336, 49.996685], [5.898294, 49.996716], [5.898272, 49.99673], [5.898256, 49.996754], [5.898249, 49.996803], [5.898237, 49.99687], [5.898249, 49.99689], [5.898279, 49.996937], [5.898268, 49.996952], [5.898252, 49.996964], [5.898233, 49.996975], [5.89823, 49.99699], [5.898264, 49.997017], [5.898268, 49.997032], [5.898252, 49.99705], [5.898233, 49.99706], [5.898218, 49.99707], [5.898207, 49.99708], [5.898211, 49.997105], [5.898222, 49.99714], [5.898222, 49.997158], [5.898218, 49.997177], [5.898199, 49.9972], [5.898169, 49.99721], [5.898146, 49.99722], [5.898108, 49.997227], [5.898089, 49.99724], [5.898073, 49.997257], [5.898043, 49.99738], [5.898031, 49.99742], [5.898012, 49.99744], [5.897989, 49.99746], [5.897955, 49.997482], [5.897936, 49.997498], [5.897924, 49.997513], [5.897921, 49.997524], [5.897921, 49.997543], [5.897932, 49.997578], [5.89794, 49.997612], [5.897932, 49.997635], [5.897921, 49.997654], [5.897875, 49.997692], [5.89786, 49.997715], [5.897848, 49.99773], [5.897833, 49.997738], [5.89781, 49.99774], [5.897783, 49.99773], [5.897753, 49.99773], [5.897737, 49.997738], [5.897726, 49.99774], [5.897711, 49.99776], [5.897692, 49.9978], [5.897062, 49.99768], [5.896948, 49.99766], [5.896879, 49.99765], [5.896391, 49.997566], [5.896479, 49.997425], [5.89654, 49.99733], [5.896574, 49.99729], [5.896978, 49.99683], [5.897119, 49.99668], [5.897131, 49.996666], [5.897284, 49.996502], [5.897421, 49.99636], [5.897493, 49.99627], [5.897581, 49.996136], [5.897593, 49.99612], [5.897688, 49.99598], [5.897783, 49.995827], [5.89781, 49.995777], [5.897829, 49.99573], [5.897848, 49.995647], [5.897844, 49.99557], [5.897852, 49.99552], [5.897867, 49.99548], [5.897898, 49.99544], [5.897959, 49.99538], [5.898111, 49.995182], [5.898226, 49.995003], [5.89834, 49.99476], [5.898356, 49.994717], [5.898371, 49.994686], [5.898397, 49.994617], [5.898443, 49.994507], [5.898489, 49.994404], [5.89863, 49.994114], [5.898695, 49.993973], [5.898813, 49.993603], [5.898008, 49.993412], [5.897951, 49.99339], [5.897734, 49.99323], [5.897596, 49.993095], [5.897543, 49.99302], [5.897482, 49.99292], [5.897417, 49.99284], [5.897387, 49.992805], [5.897295, 49.99272], [5.897177, 49.992645], [5.897104, 49.992607], [5.897009, 49.992565], [5.896887, 49.992516], [5.896784, 49.992485], [5.896673, 49.99245], [5.896593, 49.99243], [5.895784, 49.99232], [5.895491, 49.992283], [5.895418, 49.99228], [5.895319, 49.992283], [5.895075, 49.992302], [5.894938, 49.99268], [5.894865, 49.99286], [5.894667, 49.992847], [5.894381, 49.992836], [5.894213, 49.99283], [5.894003, 49.992817], [5.893965, 49.992817], [5.893843, 49.992813], [5.893766, 49.99281], [5.893595, 49.992813], [5.893541, 49.992813], [5.893313, 49.992817], [5.893099, 49.99282], [5.892851, 49.992825], [5.892683, 49.99282], [5.892595, 49.992832], [5.892469, 49.99285], [5.892298, 49.992893], [5.892111, 49.992947], [5.891546, 49.993126], [5.891508, 49.993137], [5.891268, 49.99322], [5.891046, 49.993298], [5.890696, 49.99293], [5.890669, 49.992897], [5.890642, 49.992844], [5.890634, 49.99278], [5.890589, 49.992695], [5.890402, 49.992355], [5.890734, 49.991978], [5.890837, 49.991856], [5.890852, 49.99184], [5.890883, 49.99155], [5.890749, 49.99154], [5.890657, 49.99155], [5.890039, 49.9917], [5.889784, 49.991756], [5.889627, 49.991806], [5.889368, 49.9919], [5.889299, 49.99192], [5.889215, 49.991924], [5.889124, 49.991936], [5.889013, 49.991962], [5.888681, 49.99203], [5.888285, 49.992104], [5.888048, 49.992138], [5.88798, 49.99215], [5.887781, 49.992176], [5.88759, 49.992184], [5.887487, 49.99218], [5.887384, 49.99223], [5.887312, 49.99228], [5.88727, 49.992313], [5.887232, 49.99236], [5.887217, 49.992374], [5.887178, 49.992397], [5.887156, 49.992413], [5.887144, 49.99243], [5.88714, 49.992462], [5.887129, 49.992485], [5.887117, 49.9925], [5.887094, 49.99252], [5.887049, 49.992527], [5.887018, 49.99253], [5.886995, 49.992542], [5.886969, 49.99256], [5.886938, 49.992565], [5.886892, 49.99256], [5.886866, 49.992558], [5.886846, 49.992565], [5.88682, 49.99259], [5.886812, 49.992622], [5.886808, 49.992657], [5.886808, 49.9927], [5.886805, 49.99272], [5.886789, 49.992737], [5.88677, 49.992756], [5.886732, 49.992767], [5.886682, 49.992775], [5.88661, 49.99277], [5.886576, 49.99277], [5.886534, 49.992786], [5.886503, 49.992805], [5.886465, 49.99286], [5.88645, 49.992878], [5.886431, 49.992893], [5.88637, 49.992912], [5.886309, 49.992924], [5.886255, 49.99293], [5.886187, 49.992935], [5.886107, 49.99293], [5.886015, 49.99292], [5.885969, 49.992912], [5.885912, 49.992916], [5.88587, 49.992935], [5.885828, 49.99297], [5.885778, 49.993008], [5.885714, 49.993046], [5.885649, 49.993088], [5.88558, 49.99314], [5.885542, 49.99318], [5.885527, 49.993214], [5.885527, 49.99326], [5.885519, 49.99328], [5.885489, 49.993305], [5.885466, 49.993332], [5.88545, 49.993362], [5.885446, 49.993393], [5.885454, 49.99342], [5.885477, 49.99343], [5.885511, 49.993443], [5.885534, 49.993454], [5.885534, 49.993473], [5.885527, 49.993496], [5.885504, 49.99352], [5.885466, 49.993546], [5.885435, 49.993576], [5.885424, 49.9936], [5.88542, 49.993652], [5.885416, 49.993687], [5.885405, 49.993706], [5.885374, 49.993732], [5.885328, 49.993755], [5.885271, 49.99378], [5.885237, 49.99379], [5.885176, 49.993805], [5.885115, 49.99381], [5.885046, 49.9938], [5.884996, 49.993797], [5.884947, 49.9938], [5.884909, 49.99382], [5.884867, 49.993866], [5.884825, 49.993896], [5.884775, 49.99391], [5.884695, 49.99392], [5.884657, 49.993927], [5.884588, 49.99395], [5.884493, 49.99399], [5.884436, 49.99403], [5.884394, 49.99408], [5.884363, 49.994133], [5.884336, 49.994198], [5.884317, 49.994236], [5.884302, 49.994255], [5.884272, 49.994278], [5.884195, 49.9943], [5.884142, 49.994312], [5.884085, 49.994328], [5.884016, 49.99435], [5.883879, 49.994358], [5.883821, 49.994373], [5.883718, 49.99438], [5.883676, 49.994385], [5.883627, 49.994392], [5.883577, 49.994415], [5.883524, 49.994434], [5.883451, 49.994446], [5.883429, 49.994446], [5.88339, 49.99446], [5.883337, 49.99449], [5.883261, 49.994514], [5.883211, 49.994537], [5.883127, 49.994583], [5.883013, 49.994656], [5.882978, 49.994675], [5.882799, 49.994785], [5.882723, 49.994858], [5.882647, 49.99494], [5.882578, 49.995003], [5.882517, 49.99504], [5.882185, 49.995213], [5.882017, 49.9953], [5.881731, 49.99544], [5.881475, 49.99556], [5.881399, 49.995598], [5.881304, 49.995644], [5.881113, 49.99575], [5.880972, 49.995827], [5.880915, 49.995853], [5.880808, 49.995884], [5.880686, 49.995922], [5.880594, 49.995953], [5.880346, 49.99605], [5.880102, 49.996155], [5.879854, 49.99626], [5.87961, 49.996365], [5.879499, 49.99641], [5.879187, 49.996532], [5.878782, 49.996704], [5.878599, 49.99678], [5.878222, 49.99694], [5.878202, 49.996925], [5.878065, 49.996983], [5.877813, 49.9971], [5.877642, 49.997185], [5.877428, 49.99729], [5.877371, 49.997356], [5.877317, 49.99742], [5.877291, 49.99744], [5.877047, 49.9976], [5.876905, 49.997707], [5.876825, 49.997772], [5.87678, 49.997818], [5.876631, 49.998], [5.876555, 49.998077], [5.876524, 49.998116], [5.876482, 49.99816], [5.876444, 49.998184], [5.87636, 49.998222], [5.876074, 49.99831], [5.875956, 49.998356], [5.875849, 49.99841], [5.875647, 49.998524], [5.875559, 49.998558], [5.875418, 49.998592], [5.875303, 49.998627], [5.875204, 49.99867], [5.875158, 49.998688], [5.875128, 49.998695], [5.875032, 49.998707], [5.874968, 49.998726], [5.874926, 49.99874], [5.874895, 49.998753], [5.8748, 49.998817], [5.874701, 49.998894], [5.874636, 49.998928], [5.874586, 49.99894], [5.874544, 49.99896], [5.874525, 49.99897], [5.874475, 49.998978], [5.874384, 49.999016], [5.874334, 49.999016], [5.874289, 49.999012], [5.874258, 49.99902], [5.874224, 49.999046], [5.874163, 49.99907], [5.874025, 49.999084], [5.873926, 49.9991], [5.873819, 49.999115], [5.873751, 49.99913], [5.873663, 49.99917], [5.873549, 49.999207], [5.873392, 49.999268], [5.873228, 49.99934], [5.873114, 49.999374], [5.873011, 49.9994], [5.872957, 49.999428], [5.872911, 49.999462], [5.87287, 49.999485], [5.872774, 49.999508], [5.872725, 49.999523], [5.872652, 49.999565], [5.872503, 49.99964], [5.872427, 49.999702], [5.87237, 49.99974], [5.872328, 49.99976], [5.872271, 49.99977], [5.872129, 49.999786], [5.872065, 49.999805], [5.871992, 49.99984], [5.871901, 49.999886], [5.871855, 49.9999], [5.871748, 49.999916], [5.871706, 49.99993], [5.871599, 49.999973], [5.871557, 49.99998], [5.871359, 49.999985], [5.871302, 49.999992], [5.871275, 50.000008], [5.871202, 50.000065], [5.871107, 50.00013], [5.871042, 50.00016], [5.870943, 50.000187], [5.870825, 50.00021], [5.870619, 50.000156], [5.870535, 50.000114], [5.870447, 50.000057], [5.870382, 50.0], [5.87031, 49.999928], [5.870157, 49.999847], [5.869986, 49.99976], [5.869936, 49.99979], [5.869734, 49.99966], [5.869554, 49.999584], [5.869486, 49.999557], [5.869394, 49.99952], [5.869303, 49.999485], [5.869265, 49.999493], [5.869219, 49.99946], [5.869223, 49.999428], [5.869238, 49.998943], [5.869513, 49.9985], [5.869749, 49.998142], [5.869711, 49.99813], [5.869657, 49.998116], [5.86933, 49.998024], [5.869173, 49.997982], [5.86931, 49.997807], [5.869352, 49.99777], [5.869402, 49.997746], [5.869501, 49.99772], [5.869562, 49.997696], [5.869593, 49.997677], [5.869635, 49.997616], [5.869711, 49.99745], [5.869802, 49.9973], [5.869844, 49.99722], [5.869894, 49.99718], [5.869917, 49.997166], [5.870008, 49.997116], [5.870203, 49.99702], [5.870264, 49.996975], [5.870295, 49.996933], [5.870317, 49.99687], [5.870375, 49.996723], [5.870386, 49.996674], [5.870409, 49.99664], [5.870436, 49.99661], [5.870485, 49.996567], [5.870497, 49.996475], [5.870512, 49.99639], [5.870542, 49.99632], [5.870619, 49.996223], [5.870684, 49.996166], [5.870813, 49.996067], [5.870897, 49.995983], [5.870962, 49.9959], [5.871023, 49.995792], [5.871073, 49.99568], [5.871103, 49.995583], [5.871118, 49.99547], [5.871138, 49.99537], [5.871145, 49.9953], [5.871149, 49.9952], [5.87113, 49.995045], [5.871115, 49.99498], [5.871409, 49.99482], [5.8715, 49.994766], [5.871542, 49.994743], [5.871462, 49.994385], [5.871428, 49.994278], [5.871378, 49.99416], [5.871324, 49.99406], [5.871267, 49.993946], [5.871176, 49.993782], [5.871111, 49.9937], [5.870997, 49.993565], [5.870974, 49.993515], [5.870954, 49.993347], [5.870943, 49.993256], [5.871054, 49.993107], [5.871229, 49.993137], [5.87126, 49.992805], [5.871279, 49.992554], [5.871332, 49.992233], [5.871416, 49.991962], [5.87142, 49.991726], [5.87145, 49.99165], [5.871607, 49.991272], [5.871015, 49.991062], [5.870844, 49.990993], [5.870531, 49.990864], [5.870413, 49.99082], [5.870245, 49.99076], [5.870161, 49.990726], [5.869879, 49.990593], [5.869596, 49.990467], [5.869543, 49.990437], [5.869394, 49.990326], [5.869226, 49.99019], [5.869207, 49.99019], [5.86907, 49.99016], [5.868971, 49.99014], [5.868834, 49.9901], [5.86875, 49.99007], [5.868616, 49.990017], [5.868692, 49.989445], [5.868753, 49.98921], [5.868258, 49.98958], [5.868013, 49.989754], [5.867319, 49.990265], [5.866961, 49.990536], [5.866934, 49.990555], [5.866903, 49.990566], [5.866724, 49.990402], [5.86659, 49.990314], [5.866381, 49.99018], [5.866175, 49.99], [5.865774, 49.989662], [5.865599, 49.989517], [5.86548, 49.989407], [5.865423, 49.98933], [5.865351, 49.989223], [5.865309, 49.989212], [5.865057, 49.9891], [5.864477, 49.988846], [5.864374, 49.988796], [5.864145, 49.988728], [5.86376, 49.988605], [5.863333, 49.98846], [5.863214, 49.988407], [5.863119, 49.988365], [5.862673, 49.98821], [5.862276, 49.98808], [5.861952, 49.98797], [5.861689, 49.98789], [5.861532, 49.987843], [5.861334, 49.98779], [5.861219, 49.987743], [5.860983, 49.98762], [5.860819, 49.98754], [5.860578, 49.98744], [5.860025, 49.987225], [5.859835, 49.987156], [5.859308, 49.987], [5.859297, 49.98702], [5.859366, 49.987072], [5.859514, 49.987175], [5.859621, 49.987244], [5.859892, 49.987423], [5.860025, 49.9875], [5.860251, 49.987606], [5.860403, 49.987694], [5.86051, 49.98777], [5.860773, 49.988014], [5.86072, 49.988014], [5.860682, 49.988026], [5.860605, 49.988007], [5.860498, 49.987995], [5.860392, 49.987984], [5.860311, 49.987957], [5.860254, 49.98791], [5.860174, 49.987846], [5.860094, 49.987793], [5.859964, 49.98774], [5.859785, 49.987675], [5.859724, 49.987637], [5.859648, 49.987545], [5.85961, 49.98742], [5.859579, 49.987343], [5.859503, 49.98727], [5.859293, 49.98716], [5.859232, 49.987144], [5.859198, 49.987164], [5.858671, 49.98746], [5.858644, 49.98748], [5.858713, 49.98772], [5.858786, 49.987965], [5.858988, 49.98862], [5.859137, 49.989174], [5.859152, 49.98922], [5.859572, 49.98924], [5.859686, 49.98922], [5.859674, 49.98917], [5.85977, 49.989155], [5.859785, 49.989193], [5.859842, 49.9892], [5.859903, 49.98922], [5.85993, 49.98925], [5.859941, 49.989277], [5.859934, 49.98932], [5.859915, 49.98937], [5.859861, 49.989437], [5.859796, 49.989502], [5.859736, 49.98956], [5.859613, 49.98969], [5.859537, 49.98977], [5.859488, 49.989838], [5.859449, 49.98988], [5.859411, 49.9899], [5.859366, 49.989925], [5.859312, 49.98997], [5.859381, 49.990013], [5.859419, 49.990036], [5.859404, 49.990086], [5.85943, 49.990128], [5.859484, 49.990166], [5.859549, 49.99021], [5.859591, 49.99026], [5.859598, 49.990322], [5.85956, 49.990387], [5.85948, 49.99044], [5.859358, 49.99051], [5.859262, 49.99054], [5.859171, 49.990543], [5.859072, 49.99053], [5.858881, 49.990467], [5.858751, 49.990433], [5.858637, 49.99042], [5.858564, 49.99043], [5.858484, 49.990463], [5.858381, 49.990513], [5.858259, 49.990555], [5.858015, 49.990746], [5.857969, 49.990715], [5.857893, 49.990665], [5.857866, 49.990646], [5.857786, 49.9906], [5.857748, 49.990692], [5.857725, 49.990715], [5.857672, 49.990746], [5.857641, 49.990753], [5.857592, 49.990753], [5.857546, 49.990746], [5.857489, 49.990734], [5.857401, 49.990726], [5.857283, 49.990726], [5.857157, 49.990734], [5.857031, 49.99075], [5.85679, 49.990795], [5.856192, 49.990925], [5.856157, 49.99092], [5.856241, 49.990746], [5.856466, 49.990623], [5.856485, 49.99058], [5.856531, 49.990376], [5.856504, 49.99032], [5.856493, 49.990307], [5.856447, 49.99025], [5.856424, 49.99022], [5.856356, 49.99014], [5.856276, 49.99007], [5.856192, 49.99001], [5.856173, 49.98999], [5.856146, 49.98997], [5.856073, 49.98991], [5.856062, 49.989902], [5.856024, 49.989872], [5.856012, 49.989864], [5.855875, 49.98975], [5.855806, 49.989677], [5.855799, 49.98964], [5.855787, 49.98955], [5.855818, 49.989517], [5.855574, 49.989536], [5.855467, 49.989548], [5.855005, 49.9894], [5.854509, 49.989235], [5.854208, 49.98914], [5.854071, 49.989094], [5.853441, 49.988888], [5.853228, 49.98883], [5.85248, 49.98863], [5.851976, 49.98849], [5.851824, 49.98847], [5.851297, 49.988396], [5.851328, 49.988873], [5.85137, 49.98963], [5.851431, 49.990124], [5.851145, 49.990128], [5.851, 49.990128], [5.850725, 49.990116], [5.850649, 49.990116], [5.850554, 49.99012], [5.850443, 49.990112], [5.850267, 49.99011], [5.850145, 49.990105], [5.850077, 49.990086], [5.849958, 49.99004], [5.849905, 49.990032], [5.849829, 49.990032], [5.849729, 49.99005], [5.84963, 49.990067], [5.849573, 49.99007], [5.84939, 49.990067], [5.849306, 49.990063], [5.849203, 49.99005], [5.849108, 49.99004], [5.848681, 49.98998], [5.848471, 49.989956], [5.848276, 49.98994], [5.848211, 49.989937], [5.848101, 49.989933], [5.847933, 49.989933], [5.847811, 49.989937], [5.847773, 49.989937], [5.847681, 49.989944], [5.847643, 49.98995], [5.847506, 49.989964], [5.847269, 49.98999], [5.846849, 49.99004], [5.846704, 49.99006], [5.846643, 49.990067], [5.846441, 49.99012], [5.846395, 49.990128], [5.846296, 49.990128], [5.846121, 49.990112], [5.845911, 49.990097], [5.845827, 49.99009], [5.845709, 49.99009], [5.845633, 49.990093], [5.845499, 49.990097], [5.845346, 49.990074], [5.84527, 49.990063], [5.845186, 49.990044], [5.845049, 49.990025], [5.844877, 49.990025], [5.844641, 49.99003], [5.84453, 49.99003], [5.844408, 49.99002], [5.844339, 49.99002], [5.84424, 49.990032], [5.844122, 49.99003], [5.843973, 49.990017], [5.843844, 49.990005], [5.84371, 49.989986], [5.843607, 49.98996], [5.843401, 49.98989], [5.843321, 49.98987], [5.843271, 49.98987], [5.843138, 49.989872], [5.843115, 49.989872], [5.842977, 49.989883], [5.842924, 49.989876], [5.842859, 49.98987], [5.842787, 49.989845], [5.84265, 49.989803], [5.842585, 49.98978], [5.842527, 49.989773], [5.84244, 49.98976], [5.842344, 49.989754], [5.842268, 49.989742], [5.842157, 49.98972], [5.84197, 49.989662], [5.841784, 49.989624], [5.84168, 49.98961], [5.841517, 49.989574], [5.841158, 49.98949], [5.841043, 49.989475], [5.840857, 49.989456], [5.840712, 49.989456], [5.840578, 49.98946], [5.840445, 49.989468], [5.840357, 49.989468], [5.840219, 49.989456], [5.840136, 49.989437], [5.84009, 49.989456], [5.839945, 49.989513], [5.839865, 49.98953], [5.83956, 49.989605], [5.839491, 49.98962], [5.839441, 49.989643], [5.839418, 49.989655], [5.839376, 49.989727], [5.83935, 49.98976], [5.839323, 49.989784], [5.839262, 49.989822], [5.839186, 49.989857], [5.83906, 49.989918], [5.8388, 49.990025], [5.838674, 49.990078], [5.838469, 49.99018], [5.83832, 49.990257], [5.83835, 49.990295], [5.838228, 49.990353], [5.837927, 49.9905], [5.837763, 49.990578], [5.837614, 49.99065], [5.837046, 49.990883], [5.836882, 49.99101], [5.836748, 49.991108], [5.836695, 49.991142], [5.836672, 49.991154], [5.836637, 49.99116], [5.83642, 49.99117], [5.836206, 49.991184], [5.83592, 49.991196], [5.83581, 49.9912], [5.835711, 49.991188], [5.835642, 49.99115], [5.8356, 49.991116], [5.835562, 49.991074], [5.835405, 49.991074], [5.835283, 49.99106], [5.835154, 49.99103], [5.834959, 49.99104], [5.834913, 49.99104], [5.834833, 49.991024], [5.834772, 49.99099], [5.834711, 49.99097], [5.834654, 49.99096], [5.834517, 49.99096], [5.834421, 49.990944], [5.83436, 49.99094], [5.8342, 49.990936], [5.834097, 49.990906], [5.834028, 49.99089], [5.833952, 49.990875], [5.833902, 49.990856], [5.833818, 49.990795], [5.833795, 49.990788], [5.833731, 49.990788], [5.8337, 49.990784], [5.833632, 49.99075], [5.833479, 49.990704], [5.83338, 49.99067], [5.833158, 49.9906], [5.83309, 49.990593], [5.832937, 49.99059], [5.832838, 49.990562], [5.832758, 49.990543], [5.832426, 49.990517], [5.832315, 49.990643], [5.832167, 49.990814], [5.831888, 49.99114], [5.831747, 49.99131], [5.831606, 49.991486], [5.831423, 49.99172], [5.831015, 49.99226], [5.83069, 49.992783], [5.830664, 49.992825], [5.830522, 49.993073], [5.83045, 49.993206], [5.830397, 49.99328], [5.830236, 49.99348], [5.830133, 49.993607], [5.829988, 49.993793], [5.829813, 49.993977], [5.829702, 49.994095], [5.829645, 49.994144], [5.828772, 49.99469], [5.828661, 49.994762], [5.828604, 49.9948], [5.828287, 49.995018], [5.82802, 49.995216], [5.827898, 49.995304], [5.827661, 49.99548], [5.827547, 49.99556], [5.827349, 49.995674], [5.827154, 49.99578], [5.826826, 49.99593], [5.826731, 49.99597], [5.826361, 49.99611], [5.825487, 49.996445], [5.824686, 49.99675], [5.82461, 49.996773], [5.823793, 49.99704], [5.823595, 49.996994], [5.822729, 49.997936], [5.822042, 49.99872], [5.821547, 49.999275], [5.821264, 49.999653], [5.820875, 50.00015], [5.820849, 50.000183], [5.820806, 50.00024], [5.820795, 50.000267], [5.820757, 50.000435], [5.820684, 50.000813], [5.820715, 50.000862], [5.820806, 50.00095], [5.821474, 50.001606], [5.821543, 50.001667], [5.821684, 50.0018], [5.821699, 50.001816], [5.821627, 50.002155], [5.821623, 50.00219], [5.821623, 50.002235], [5.821642, 50.002506], [5.821646, 50.002575], [5.821661, 50.002766], [5.821669, 50.002846], [5.821234, 50.003155], [5.821073, 50.00329], [5.820826, 50.003513], [5.821035, 50.00361], [5.821142, 50.003654], [5.821165, 50.003666], [5.821356, 50.003746], [5.820448, 50.005142], [5.820429, 50.005177], [5.820528, 50.005196], [5.820791, 50.005238], [5.821077, 50.00529], [5.821184, 50.00532], [5.821409, 50.00539], [5.821581, 50.005455], [5.82173, 50.005535], [5.821875, 50.00561], [5.821932, 50.005653], [5.822237, 50.005894], [5.822245, 50.005918], [5.821913, 50.00627], [5.821543, 50.006657], [5.821283, 50.006966], [5.821112, 50.00722], [5.820883, 50.00759], [5.82078, 50.007763], [5.820688, 50.007946], [5.820471, 50.008495], [5.820406, 50.008663], [5.820127, 50.009148], [5.819998, 50.00935], [5.819918, 50.009575], [5.819879, 50.009693], [5.819796, 50.00989], [5.819727, 50.010017], [5.819609, 50.010246], [5.819544, 50.010406], [5.819525, 50.010498], [5.819479, 50.0108], [5.81946, 50.010868], [5.81941, 50.01106], [5.819372, 50.01122], [5.820059, 50.011204], [5.820055, 50.011234], [5.820036, 50.011288], [5.819994, 50.011375], [5.819952, 50.011436], [5.819902, 50.011497], [5.819723, 50.011703], [5.819513, 50.011963], [5.819349, 50.01218], [5.819254, 50.012333], [5.819101, 50.012608], [5.818987, 50.01281]]]]}}]}