{"type": "FeatureCollection", "features": [{"type": "Feature", "properties": {"name": "Canton Wiltz"}, "geometry": {"type": "MultiPolygon", "coordinates": [[[[5.735701, 49.896927], [5.735708, 49.896976], [5.735727, 49.897022], [5.735781, 49.897095], [5.735891, 49.89721], [5.736006, 49.89732], [5.736128, 49.897423], [5.736204, 49.8975], [5.736364, 49.897606], [5.736433, 49.89765], [5.736525, 49.897747], [5.736582, 49.897827], [5.736635, 49.897934], [5.736666, 49.898018], [5.7367, 49.89815], [5.736715, 49.89824], [5.736712, 49.89827], [5.736673, 49.898373], [5.736628, 49.898476], [5.736582, 49.89855], [5.736513, 49.898632], [5.736441, 49.89871], [5.736334, 49.898815], [5.736269, 49.898907], [5.736223, 49.89897], [5.736212, 49.899014], [5.736216, 49.89904], [5.73625, 49.89909], [5.736597, 49.899525], [5.736723, 49.899757], [5.736826, 49.89995], [5.73694, 49.900135], [5.737146, 49.90043], [5.737413, 49.900745], [5.737532, 49.90088], [5.737665, 49.901035], [5.737742, 49.9011], [5.737837, 49.90116], [5.738096, 49.90129], [5.738386, 49.901417], [5.738588, 49.901512], [5.738646, 49.901546], [5.738913, 49.90173], [5.739275, 49.90183], [5.739466, 49.901886], [5.739744, 49.901974], [5.739775, 49.90198], [5.740229, 49.902122], [5.740416, 49.902164], [5.740461, 49.902176], [5.740652, 49.902664], [5.740576, 49.903126], [5.740202, 49.90354], [5.740076, 49.90369], [5.739992, 49.903786], [5.739786, 49.904], [5.739782, 49.904022], [5.73979, 49.904057], [5.739836, 49.904125], [5.739889, 49.904198], [5.739916, 49.904217], [5.740259, 49.90434], [5.740278, 49.904358], [5.740786, 49.904476], [5.741446, 49.90468], [5.741625, 49.90473], [5.741644, 49.90476], [5.741716, 49.904797], [5.74177, 49.904808], [5.741839, 49.904823], [5.742136, 49.904907], [5.742273, 49.904957], [5.742384, 49.905], [5.742426, 49.905006], [5.74264, 49.905045], [5.742777, 49.905045], [5.742853, 49.905052], [5.742968, 49.90507], [5.743189, 49.905136], [5.743399, 49.905193], [5.743471, 49.90521], [5.74365, 49.905235], [5.743799, 49.90526], [5.743868, 49.905277], [5.743998, 49.905334], [5.744249, 49.905476], [5.744368, 49.90555], [5.744513, 49.905617], [5.744551, 49.905647], [5.744612, 49.905724], [5.744654, 49.905758], [5.744696, 49.90578], [5.744734, 49.905834], [5.744821, 49.905853], [5.74486, 49.905872], [5.744986, 49.905926], [5.745024, 49.90594], [5.745108, 49.905952], [5.745153, 49.90596], [5.745215, 49.90598], [5.745329, 49.905987], [5.745489, 49.906094], [5.745581, 49.90615], [5.745672, 49.90619], [5.745798, 49.906227], [5.746134, 49.90629], [5.746309, 49.906303], [5.746454, 49.906315], [5.746672, 49.906315], [5.746653, 49.906635], [5.74663, 49.907043], [5.74655, 49.907047], [5.746061, 49.90779], [5.746206, 49.907875], [5.746469, 49.907986], [5.746641, 49.908047], [5.746618, 49.908085], [5.746492, 49.908283], [5.747015, 49.908405], [5.74721, 49.90846], [5.747557, 49.908592], [5.747713, 49.908676], [5.747797, 49.90873], [5.747881, 49.908794], [5.74793, 49.90887], [5.747988, 49.90897], [5.748091, 49.909058], [5.748354, 49.909252], [5.748098, 49.909443], [5.748518, 49.909657], [5.74877, 49.909782], [5.749533, 49.91017], [5.749968, 49.910393], [5.750204, 49.910515], [5.750421, 49.910625], [5.750746, 49.910793], [5.751047, 49.910946], [5.751585, 49.911224], [5.752294, 49.911587], [5.752501, 49.91169], [5.75308, 49.911983], [5.753515, 49.91213], [5.753832, 49.912228], [5.754591, 49.912457], [5.755232, 49.91265], [5.75635, 49.912994], [5.757151, 49.91324], [5.757597, 49.913387], [5.757894, 49.913483], [5.75881, 49.913784], [5.75987, 49.914135], [5.760931, 49.914486], [5.761358, 49.914627], [5.762033, 49.914856], [5.762541, 49.915024], [5.762896, 49.915142], [5.763349, 49.915295], [5.763586, 49.91537], [5.763681, 49.915405], [5.763929, 49.91568], [5.764013, 49.91577], [5.763311, 49.916073], [5.763014, 49.916267], [5.762777, 49.9164], [5.76232, 49.916645], [5.761759, 49.916916], [5.761419, 49.917057], [5.760935, 49.917274], [5.760904, 49.917282], [5.760748, 49.917294], [5.760683, 49.91729], [5.760618, 49.917274], [5.76058, 49.91727], [5.760546, 49.91727], [5.760489, 49.917286], [5.760477, 49.91729], [5.760469, 49.9173], [5.760473, 49.917316], [5.760492, 49.917324], [5.760557, 49.917336], [5.760595, 49.917347], [5.760645, 49.91737], [5.760675, 49.9174], [5.760694, 49.91743], [5.760698, 49.917484], [5.760691, 49.917675], [5.760759, 49.917953], [5.760843, 49.918205], [5.760939, 49.91841], [5.761, 49.91853], [5.761149, 49.91859], [5.761255, 49.918663], [5.761366, 49.91875], [5.761576, 49.91895], [5.761694, 49.91912], [5.761843, 49.919395], [5.762026, 49.91969], [5.762106, 49.920208], [5.762136, 49.920395], [5.762182, 49.920593], [5.762198, 49.920696], [5.762194, 49.920834], [5.762182, 49.920937], [5.762178, 49.92098], [5.762182, 49.92106], [5.762209, 49.92117], [5.762247, 49.921295], [5.762255, 49.92135], [5.762247, 49.92149], [5.762236, 49.92159], [5.762213, 49.92167], [5.762156, 49.921783], [5.761999, 49.922062], [5.761995, 49.922104], [5.761991, 49.92219], [5.762026, 49.92225], [5.762098, 49.92235], [5.762102, 49.922455], [5.762075, 49.922512], [5.762072, 49.922543], [5.762064, 49.922634], [5.762045, 49.922703], [5.761923, 49.923096], [5.761904, 49.923138], [5.761877, 49.923157], [5.761827, 49.923176], [5.761743, 49.923195], [5.761702, 49.92321], [5.761675, 49.923225], [5.761679, 49.923252], [5.761743, 49.923283], [5.761908, 49.923347], [5.762072, 49.9234], [5.762274, 49.923435], [5.762499, 49.923523], [5.762808, 49.923676], [5.763086, 49.9238], [5.763273, 49.92388], [5.763388, 49.923912], [5.763586, 49.923954], [5.763952, 49.92402], [5.764349, 49.92408], [5.764494, 49.92412], [5.764479, 49.92413], [5.763594, 49.924503], [5.763929, 49.925087], [5.763956, 49.925137], [5.764063, 49.925274], [5.764418, 49.925682], [5.764631, 49.926052], [5.764715, 49.92622], [5.764753, 49.92631], [5.764792, 49.926434], [5.764067, 49.926456], [5.763613, 49.926476], [5.763617, 49.926735], [5.76364, 49.92689], [5.763658, 49.927006], [5.763464, 49.927017], [5.763445, 49.927017], [5.763452, 49.92711], [5.763433, 49.92719], [5.763411, 49.927315], [5.763426, 49.92738], [5.763472, 49.92748], [5.763586, 49.927685], [5.763723, 49.92791], [5.763742, 49.92791], [5.763918, 49.927994], [5.764063, 49.928066], [5.764303, 49.928204], [5.764109, 49.92842], [5.764097, 49.928432], [5.764097, 49.928455], [5.764112, 49.928467], [5.764181, 49.928513], [5.764681, 49.92883], [5.764936, 49.928993], [5.764746, 49.929016], [5.764662, 49.929024], [5.764605, 49.929043], [5.764574, 49.929066], [5.764486, 49.92918], [5.764444, 49.929222], [5.76404, 49.929592], [5.76399, 49.929638], [5.763884, 49.929733], [5.76383, 49.929783], [5.764517, 49.93002], [5.764524, 49.93005], [5.764593, 49.930344], [5.764631, 49.93052], [5.764547, 49.930622], [5.764437, 49.930782], [5.764418, 49.930805], [5.764318, 49.930874], [5.764212, 49.930935], [5.764093, 49.93099], [5.764055, 49.93101], [5.764036, 49.93103], [5.764006, 49.931095], [5.763994, 49.931126], [5.763979, 49.93117], [5.763964, 49.931282], [5.763956, 49.93138], [5.763948, 49.931458], [5.764223, 49.931458], [5.764471, 49.931446], [5.764666, 49.93143], [5.765028, 49.93139], [5.765421, 49.93135], [5.76586, 49.93132], [5.766214, 49.93125], [5.766386, 49.931225], [5.766501, 49.931217], [5.766813, 49.931217], [5.767008, 49.931232], [5.767202, 49.931255], [5.767355, 49.93128], [5.76753, 49.931313], [5.767672, 49.931347], [5.767988, 49.93144], [5.768564, 49.93158], [5.768766, 49.931625], [5.768915, 49.931652], [5.769037, 49.931664], [5.769297, 49.93168], [5.769575, 49.93169], [5.76988, 49.93169], [5.770235, 49.931694], [5.770517, 49.93169], [5.770578, 49.93168], [5.770971, 49.93165], [5.770468, 49.932426], [5.770357, 49.9326], [5.769774, 49.93311], [5.770075, 49.933205], [5.770079, 49.93322], [5.77009, 49.933414], [5.770101, 49.933533], [5.77014, 49.933643], [5.77033, 49.93411], [5.770269, 49.934124], [5.770319, 49.934376], [5.770353, 49.934624], [5.770388, 49.934944], [5.770395, 49.935146], [5.770388, 49.935387], [5.770361, 49.935703], [5.770701, 49.93579], [5.770636, 49.935932], [5.770506, 49.936317], [5.77046, 49.93653], [5.770426, 49.93668], [5.770906, 49.936687], [5.770994, 49.936687], [5.771563, 49.936707], [5.772421, 49.936733], [5.772512, 49.936733], [5.772512, 49.936924], [5.772516, 49.937054], [5.772516, 49.937164], [5.772818, 49.937176], [5.772825, 49.937225], [5.773016, 49.937225], [5.773012, 49.937435], [5.773008, 49.937584], [5.773004, 49.937634], [5.773123, 49.937695], [5.775156, 49.937714], [5.775084, 49.938114], [5.774862, 49.938477], [5.774782, 49.93861], [5.774668, 49.938953], [5.77453, 49.939354], [5.774492, 49.939777], [5.77442, 49.939766], [5.774115, 49.940754], [5.773836, 49.941372], [5.773861, 49.941406], [5.773886, 49.94144], [5.773108, 49.94254], [5.772539, 49.94334], [5.772196, 49.943684], [5.771776, 49.944477], [5.773249, 49.944756], [5.772867, 49.9453], [5.772707, 49.945606], [5.772722, 49.94579], [5.772825, 49.945972], [5.77281, 49.946518], [5.771337, 49.94613], [5.771326, 49.946163], [5.770956, 49.94732], [5.770784, 49.947838], [5.770792, 49.948227], [5.770781, 49.94861], [5.770681, 49.948803], [5.770586, 49.94902], [5.770369, 49.94959], [5.770487, 49.949615], [5.770598, 49.949657], [5.770857, 49.94976], [5.77109, 49.949894], [5.771486, 49.950127], [5.771238, 49.950535], [5.771185, 49.950615], [5.771227, 49.950672], [5.771391, 49.950836], [5.771742, 49.951168], [5.772169, 49.951508], [5.772455, 49.95166], [5.772974, 49.951897], [5.773401, 49.952072], [5.773928, 49.952305], [5.774015, 49.952362], [5.774187, 49.952488], [5.77463, 49.952824], [5.774736, 49.952904], [5.775034, 49.953148], [5.774439, 49.953663], [5.774618, 49.9538], [5.774523, 49.954266], [5.77495, 49.95462], [5.774858, 49.954937], [5.774557, 49.95533], [5.774435, 49.955482], [5.774241, 49.955727], [5.774095, 49.956017], [5.774034, 49.956135], [5.773981, 49.956264], [5.77379, 49.956413], [5.773668, 49.95651], [5.774107, 49.95668], [5.77458, 49.95687], [5.775011, 49.957115], [5.775175, 49.957203], [5.775271, 49.957115], [5.775332, 49.957066], [5.775484, 49.95712], [5.775614, 49.957165], [5.775827, 49.957245], [5.776792, 49.957603], [5.777227, 49.95774], [5.777006, 49.958008], [5.776686, 49.958305], [5.776289, 49.95864], [5.776174, 49.958797], [5.77574, 49.959373], [5.775671, 49.95946], [5.775564, 49.959732], [5.775431, 49.959953], [5.775335, 49.960133], [5.775038, 49.960773], [5.775023, 49.9608], [5.775221, 49.960873], [5.775495, 49.960987], [5.775843, 49.961105], [5.775999, 49.96117], [5.7768, 49.96148], [5.776991, 49.961544], [5.777315, 49.961647], [5.777609, 49.96174], [5.778124, 49.9619], [5.77907, 49.96221], [5.779116, 49.962227], [5.77936, 49.962303], [5.780607, 49.9627], [5.780947, 49.962616], [5.781202, 49.962555], [5.781275, 49.962543], [5.781431, 49.96252], [5.781782, 49.96243], [5.782061, 49.96234], [5.782377, 49.96224], [5.783186, 49.96199], [5.783358, 49.96209], [5.783377, 49.962105], [5.783812, 49.96181], [5.784369, 49.961456], [5.784391, 49.961468], [5.784723, 49.961597], [5.785433, 49.96105], [5.785471, 49.961063], [5.785627, 49.96099], [5.785761, 49.960995], [5.786516, 49.961067], [5.78689, 49.961098], [5.787313, 49.961147], [5.787462, 49.96117], [5.787794, 49.961227], [5.78805, 49.961273], [5.788107, 49.961277], [5.788195, 49.961285], [5.788191, 49.961357], [5.789034, 49.961452], [5.789026, 49.961487], [5.789232, 49.961555], [5.78927, 49.961563], [5.789793, 49.961647], [5.790361, 49.96174], [5.790442, 49.961754], [5.790564, 49.961773], [5.790644, 49.961784], [5.79075, 49.961792], [5.790781, 49.961796], [5.790991, 49.961796], [5.791185, 49.9618], [5.791223, 49.96186], [5.791258, 49.961952], [5.791292, 49.962048], [5.791323, 49.962173], [5.79133, 49.962227], [5.791319, 49.9623], [5.7913, 49.96237], [5.791258, 49.96247], [5.791223, 49.962543], [5.791159, 49.96264], [5.791044, 49.962784], [5.791033, 49.96302], [5.790964, 49.96361], [5.790964, 49.963646], [5.790949, 49.96381], [5.790941, 49.963882], [5.791262, 49.964016], [5.791559, 49.964104], [5.792276, 49.964287], [5.792452, 49.964336], [5.792658, 49.9644], [5.792917, 49.964493], [5.793241, 49.96462], [5.793489, 49.96473], [5.793692, 49.964825], [5.793867, 49.96492], [5.794092, 49.96504], [5.794321, 49.965157], [5.794371, 49.965183], [5.794466, 49.96523], [5.794538, 49.965267], [5.794577, 49.965282], [5.794592, 49.96529], [5.794672, 49.96532], [5.794848, 49.96539], [5.794893, 49.965405], [5.794931, 49.965416], [5.795004, 49.96544], [5.795484, 49.965538], [5.795549, 49.965508], [5.795782, 49.96569], [5.79608, 49.96563], [5.796102, 49.96562], [5.79624, 49.965534], [5.796362, 49.965446], [5.79648, 49.965355], [5.796659, 49.965202], [5.79674, 49.96513], [5.796759, 49.965107], [5.797068, 49.964687], [5.797083, 49.964657], [5.797087, 49.964645], [5.797094, 49.964634], [5.797125, 49.964603], [5.797171, 49.964573], [5.797209, 49.96455], [5.797236, 49.96453], [5.79727, 49.964497], [5.797346, 49.964413], [5.797434, 49.964348], [5.797487, 49.96436], [5.797529, 49.96436], [5.797579, 49.964355], [5.79764, 49.964344], [5.797693, 49.96433], [5.797739, 49.96431], [5.797811, 49.964275], [5.79788, 49.96425], [5.797972, 49.96422], [5.798075, 49.964188], [5.798155, 49.96417], [5.798204, 49.964146], [5.798266, 49.96412], [5.798315, 49.964085], [5.798376, 49.964043], [5.798437, 49.96399], [5.79859, 49.963875], [5.798704, 49.963795], [5.798868, 49.963688], [5.798998, 49.963608], [5.799292, 49.963444], [5.799578, 49.963306], [5.799707, 49.963245], [5.79994, 49.963104], [5.800219, 49.96296], [5.80047, 49.962936], [5.800718, 49.962944], [5.800997, 49.963005], [5.801436, 49.963024], [5.801462, 49.963024], [5.802294, 49.96305], [5.802687, 49.963036], [5.80271, 49.963104], [5.802778, 49.96314], [5.803076, 49.963272], [5.803087, 49.96333], [5.803488, 49.9633], [5.803934, 49.96322], [5.80427, 49.963142], [5.804579, 49.96302], [5.804983, 49.962868], [5.805155, 49.962795], [5.805326, 49.962723], [5.806543, 49.962307], [5.806593, 49.962303], [5.806757, 49.962334], [5.807039, 49.9624], [5.807196, 49.96246], [5.807245, 49.96249], [5.807356, 49.962555], [5.807489, 49.96266], [5.807665, 49.962788], [5.808024, 49.963024], [5.808157, 49.963085], [5.808512, 49.963234], [5.808603, 49.963264], [5.809008, 49.96347], [5.809221, 49.963566], [5.809576, 49.963707], [5.809639, 49.963732], [5.80986, 49.963805], [5.809968, 49.963842], [5.810026, 49.963846], [5.810124, 49.96382], [5.810495, 49.964035], [5.810553, 49.96407], [5.810484, 49.964153], [5.810366, 49.964233], [5.810461, 49.964428], [5.810179, 49.96455], [5.810579, 49.96494], [5.810999, 49.965805], [5.810694, 49.96595], [5.810732, 49.966026], [5.810705, 49.966045], [5.810579, 49.966194], [5.810312, 49.966503], [5.810083, 49.96678], [5.810057, 49.966824], [5.809977, 49.966995], [5.809927, 49.96706], [5.809877, 49.967133], [5.809675, 49.967606], [5.809671, 49.96763], [5.809679, 49.967644], [5.810064, 49.968025], [5.810217, 49.968407], [5.810308, 49.968735], [5.810404, 49.96898], [5.810511, 49.969017], [5.810812, 49.96987], [5.810801, 49.96998], [5.81077, 49.970093], [5.810709, 49.970222], [5.810473, 49.970646], [5.81061, 49.9708], [5.810782, 49.970955], [5.811056, 49.971176], [5.811235, 49.971302], [5.811266, 49.971325], [5.811285, 49.97134], [5.81135, 49.971386], [5.812067, 49.97191], [5.812391, 49.972134], [5.812475, 49.97219], [5.812616, 49.97226], [5.812822, 49.972347], [5.812902, 49.97238], [5.812952, 49.972412], [5.81299, 49.972454], [5.813047, 49.972504], [5.813097, 49.972538], [5.813139, 49.972553], [5.813185, 49.972557], [5.813231, 49.97255], [5.813291, 49.97255], [5.813391, 49.972534], [5.813444, 49.97252], [5.813509, 49.97252], [5.813555, 49.972515], [5.813631, 49.972485], [5.813692, 49.972477], [5.813829, 49.97247], [5.813978, 49.972473], [5.814135, 49.972473], [5.814165, 49.97247], [5.814199, 49.97245], [5.814226, 49.97243], [5.814245, 49.972427], [5.814264, 49.972435], [5.814283, 49.972458], [5.814283, 49.97248], [5.814302, 49.972496], [5.814352, 49.97251], [5.814398, 49.97252], [5.814508, 49.972523], [5.814653, 49.972534], [5.81473, 49.972534], [5.814897, 49.972523], [5.814943, 49.972523], [5.815168, 49.97253], [5.815191, 49.972527], [5.815207, 49.97252], [5.815214, 49.972504], [5.815226, 49.97249], [5.815249, 49.97247], [5.815306, 49.97244], [5.815382, 49.972397], [5.815424, 49.972378], [5.815466, 49.97236], [5.815504, 49.972355], [5.81555, 49.97236], [5.81558, 49.972366], [5.815596, 49.972378], [5.815615, 49.972397], [5.815634, 49.9724], [5.81566, 49.972393], [5.815683, 49.972374], [5.815702, 49.972366], [5.815809, 49.972366], [5.815859, 49.972347], [5.815885, 49.972343], [5.816015, 49.972347], [5.816099, 49.972355], [5.816183, 49.972374], [5.81629, 49.97241], [5.81637, 49.97242], [5.816546, 49.972427], [5.816595, 49.972446], [5.816622, 49.972466], [5.816641, 49.97249], [5.816683, 49.97252], [5.816774, 49.972572], [5.816813, 49.972584], [5.816847, 49.972588], [5.816896, 49.972584], [5.81695, 49.972572], [5.817038, 49.972534], [5.81708, 49.972527], [5.817137, 49.97253], [5.817183, 49.97253], [5.817228, 49.97252], [5.817259, 49.972504], [5.817316, 49.972454], [5.817362, 49.97244], [5.8174, 49.97243], [5.817472, 49.97242], [5.817514, 49.97242], [5.817564, 49.972427], [5.817598, 49.97242], [5.817625, 49.9724], [5.817671, 49.972385], [5.817705, 49.97238], [5.817736, 49.97239], [5.817804, 49.97241], [5.817881, 49.97241], [5.817965, 49.972427], [5.818071, 49.97242], [5.818113, 49.972416], [5.818136, 49.972412], [5.818178, 49.9724], [5.818266, 49.97236], [5.818289, 49.97235], [5.818308, 49.97235], [5.818308, 49.972378], [5.818403, 49.972378], [5.81843, 49.972393], [5.818464, 49.97241], [5.818487, 49.972404], [5.818506, 49.972397], [5.818522, 49.972374], [5.818567, 49.97235], [5.818617, 49.972332], [5.818678, 49.97232], [5.818838, 49.97231], [5.818979, 49.972286], [5.819117, 49.97227], [5.819208, 49.97224], [5.819288, 49.97221], [5.819342, 49.97217], [5.819361, 49.972145], [5.819376, 49.972134], [5.819426, 49.972103], [5.819452, 49.972076], [5.819479, 49.97205], [5.819532, 49.97204], [5.819582, 49.972076], [5.819628, 49.972095], [5.819654, 49.97211], [5.819677, 49.972137], [5.819693, 49.972176], [5.819727, 49.972298], [5.819761, 49.972363], [5.819807, 49.972416], [5.820055, 49.972572], [5.82004, 49.97264], [5.820028, 49.972664], [5.820009, 49.972694], [5.819944, 49.97276], [5.819963, 49.972782], [5.820009, 49.97281], [5.820032, 49.97283], [5.820047, 49.972862], [5.820063, 49.972885], [5.820089, 49.9729], [5.820185, 49.972935], [5.820288, 49.972958], [5.820322, 49.972973], [5.820345, 49.972992], [5.820372, 49.97304], [5.820398, 49.973095], [5.820456, 49.97317], [5.820501, 49.973225], [5.820513, 49.973255], [5.820513, 49.97328], [5.820501, 49.973328], [5.82049, 49.973408], [5.820475, 49.973465], [5.820452, 49.9735], [5.82041, 49.97353], [5.820368, 49.973564], [5.820318, 49.973625], [5.820265, 49.973675], [5.820253, 49.973682], [5.820242, 49.973705], [5.820242, 49.97376], [5.820223, 49.97378], [5.820684, 49.97396], [5.821352, 49.97423], [5.822088, 49.97453], [5.822428, 49.974674], [5.822722, 49.974792], [5.822958, 49.974884], [5.823198, 49.974968], [5.823263, 49.975025], [5.823317, 49.975067], [5.823378, 49.975113], [5.823458, 49.975155], [5.823523, 49.975178], [5.823584, 49.975193], [5.823885, 49.9752], [5.823969, 49.975204], [5.824019, 49.975204], [5.824087, 49.97523], [5.824163, 49.975254], [5.824236, 49.975266], [5.824289, 49.975266], [5.824343, 49.975254], [5.824427, 49.975227], [5.824484, 49.975204], [5.824537, 49.975197], [5.824598, 49.9752], [5.824812, 49.9752], [5.82501, 49.975197], [5.825277, 49.975185], [5.825586, 49.975204], [5.825846, 49.975006], [5.825968, 49.974922], [5.8262, 49.97477], [5.826399, 49.974663], [5.82649, 49.97471], [5.826563, 49.97475], [5.826666, 49.974815], [5.826796, 49.974903], [5.82686, 49.974945], [5.826941, 49.975006], [5.82699, 49.97505], [5.827116, 49.975185], [5.827292, 49.975376], [5.827402, 49.975494], [5.827551, 49.975628], [5.827715, 49.97576], [5.827795, 49.975826], [5.827955, 49.97597], [5.828592, 49.97595], [5.828646, 49.97595], [5.828814, 49.975983], [5.828939, 49.976], [5.829001, 49.976006], [5.829035, 49.976], [5.82913, 49.975986], [5.829214, 49.975975], [5.829336, 49.975967], [5.830141, 49.97596], [5.830206, 49.975956], [5.8305, 49.975956], [5.831259, 49.9762], [5.831427, 49.97627], [5.831591, 49.976334], [5.831755, 49.976402], [5.832037, 49.97653], [5.832117, 49.976696], [5.832178, 49.976818], [5.832422, 49.97695], [5.832441, 49.97704], [5.83246, 49.9771], [5.832487, 49.977158], [5.832525, 49.977215], [5.832773, 49.977566], [5.83293, 49.977768], [5.833143, 49.978035], [5.833208, 49.97812], [5.833391, 49.97835], [5.833548, 49.97854], [5.834166, 49.97823], [5.834738, 49.978725], [5.835119, 49.979053], [5.835138, 49.97907], [5.835779, 49.97892], [5.835791, 49.978943], [5.836027, 49.979355], [5.836348, 49.979935], [5.836386, 49.97995], [5.83647, 49.980015], [5.836565, 49.98009], [5.836641, 49.980164], [5.836706, 49.98022], [5.836798, 49.98031], [5.836935, 49.98044], [5.837168, 49.980644], [5.837267, 49.98073], [5.837381, 49.980827], [5.837408, 49.980854], [5.837503, 49.980946], [5.837713, 49.981346], [5.83779, 49.981495], [5.837805, 49.98153], [5.83798, 49.981865], [5.838255, 49.982395], [5.838388, 49.98235], [5.838556, 49.98229], [5.838678, 49.982517], [5.838873, 49.982903], [5.839025, 49.983192], [5.839109, 49.983356], [5.839182, 49.98351], [5.839327, 49.983788], [5.839468, 49.98407], [5.839262, 49.984127], [5.839075, 49.984184], [5.8389, 49.98424], [5.838846, 49.984272], [5.838762, 49.984367], [5.838755, 49.98454], [5.838758, 49.984673], [5.83877, 49.98477], [5.838781, 49.984837], [5.838831, 49.984993], [5.838797, 49.985184], [5.838777, 49.985313], [5.838785, 49.985435], [5.8388, 49.98556], [5.838827, 49.985752], [5.838846, 49.9859], [5.838858, 49.98612], [5.838884, 49.986263], [5.838903, 49.986404], [5.838926, 49.98656], [5.838953, 49.986702], [5.838957, 49.986794], [5.838976, 49.986816], [5.839098, 49.98689], [5.839121, 49.98691], [5.839174, 49.98699], [5.839216, 49.987038], [5.8393, 49.9871], [5.839399, 49.987274], [5.839407, 49.98732], [5.839415, 49.98742], [5.839415, 49.98748], [5.839403, 49.987526], [5.839388, 49.987556], [5.839289, 49.987656], [5.839262, 49.987713], [5.839247, 49.987797], [5.839231, 49.98792], [5.839216, 49.987976], [5.839182, 49.988018], [5.839132, 49.98809], [5.839109, 49.988136], [5.839109, 49.9882], [5.839113, 49.98828], [5.839113, 49.988323], [5.839086, 49.98838], [5.83906, 49.988445], [5.83906, 49.988483], [5.839067, 49.988525], [5.839117, 49.988625], [5.839224, 49.98887], [5.839239, 49.988888], [5.839266, 49.9889], [5.839441, 49.988968], [5.839487, 49.98899], [5.839815, 49.989174], [5.839941, 49.98924], [5.840132, 49.989338], [5.840136, 49.989437], [5.840219, 49.989456], [5.840357, 49.989468], [5.840445, 49.989468], [5.840578, 49.98946], [5.840712, 49.989456], [5.840857, 49.989456], [5.841043, 49.989475], [5.841158, 49.98949], [5.841517, 49.989574], [5.84168, 49.98961], [5.841784, 49.989624], [5.84197, 49.989662], [5.842157, 49.98972], [5.842268, 49.989742], [5.842344, 49.989754], [5.84244, 49.98976], [5.842527, 49.989773], [5.842585, 49.98978], [5.84265, 49.989803], [5.842787, 49.989845], [5.842859, 49.98987], [5.842924, 49.989876], [5.842977, 49.989883], [5.843115, 49.989872], [5.843138, 49.989872], [5.843271, 49.98987], [5.843321, 49.98987], [5.843401, 49.98989], [5.843607, 49.98996], [5.84371, 49.989986], [5.843844, 49.990005], [5.843973, 49.990017], [5.844122, 49.99003], [5.84424, 49.990032], [5.844339, 49.99002], [5.844408, 49.99002], [5.84453, 49.99003], [5.844641, 49.99003], [5.844877, 49.990025], [5.845049, 49.990025], [5.845186, 49.990044], [5.84527, 49.990063], [5.845346, 49.990074], [5.845499, 49.990097], [5.845633, 49.990093], [5.845709, 49.99009], [5.845827, 49.99009], [5.845911, 49.990097], [5.846121, 49.990112], [5.846296, 49.990128], [5.846395, 49.990128], [5.846441, 49.99012], [5.846643, 49.990067], [5.846704, 49.99006], [5.846849, 49.99004], [5.847269, 49.98999], [5.847506, 49.989964], [5.847643, 49.98995], [5.847681, 49.989944], [5.847773, 49.989937], [5.847811, 49.989937], [5.847933, 49.989933], [5.848101, 49.989933], [5.848211, 49.989937], [5.848276, 49.98994], [5.848471, 49.989956], [5.848681, 49.98998], [5.849108, 49.99004], [5.849203, 49.99005], [5.849306, 49.990063], [5.84939, 49.990067], [5.849573, 49.99007], [5.84963, 49.990067], [5.849729, 49.99005], [5.849829, 49.990032], [5.849905, 49.990032], [5.849958, 49.99004], [5.850077, 49.990086], [5.850145, 49.990105], [5.850267, 49.99011], [5.850443, 49.990112], [5.850554, 49.99012], [5.850649, 49.990116], [5.850725, 49.990116], [5.851, 49.990128], [5.851145, 49.990128], [5.851431, 49.990124], [5.85137, 49.98963], [5.851328, 49.988873], [5.851297, 49.988396], [5.851824, 49.98847], [5.851976, 49.98849], [5.85248, 49.98863], [5.853228, 49.98883], [5.853441, 49.988888], [5.854071, 49.989094], [5.854208, 49.98914], [5.854509, 49.989235], [5.855005, 49.9894], [5.855467, 49.989548], [5.855574, 49.989536], [5.855818, 49.989517], [5.855787, 49.98955], [5.855799, 49.98964], [5.855806, 49.989677], [5.855875, 49.98975], [5.856012, 49.989864], [5.856024, 49.989872], [5.856062, 49.989902], [5.856073, 49.98991], [5.856146, 49.98997], [5.856173, 49.98999], [5.856192, 49.99001], [5.856276, 49.99007], [5.856356, 49.99014], [5.856424, 49.99022], [5.856447, 49.99025], [5.856493, 49.990307], [5.856504, 49.99032], [5.856531, 49.990376], [5.856485, 49.99058], [5.856466, 49.990623], [5.856241, 49.990746], [5.856157, 49.99092], [5.856192, 49.990925], [5.85679, 49.990795], [5.857031, 49.99075], [5.857157, 49.990734], [5.857283, 49.990726], [5.857401, 49.990726], [5.857489, 49.990734], [5.857546, 49.990746], [5.857592, 49.990753], [5.857641, 49.990753], [5.857672, 49.990746], [5.857725, 49.990715], [5.857748, 49.990692], [5.857786, 49.9906], [5.857866, 49.990646], [5.857893, 49.990665], [5.857969, 49.990715], [5.858015, 49.990746], [5.858259, 49.990555], [5.858381, 49.990513], [5.858484, 49.990463], [5.858564, 49.99043], [5.858637, 49.99042], [5.858751, 49.990433], [5.858881, 49.990467], [5.859072, 49.99053], [5.859171, 49.990543], [5.859262, 49.99054], [5.859358, 49.99051], [5.85948, 49.99044], [5.85956, 49.990387], [5.859598, 49.990322], [5.859591, 49.99026], [5.859549, 49.99021], [5.859484, 49.990166], [5.85943, 49.990128], [5.859404, 49.990086], [5.859419, 49.990036], [5.859381, 49.990013], [5.859312, 49.98997], [5.859366, 49.989925], [5.859411, 49.9899], [5.859449, 49.98988], [5.859488, 49.989838], [5.859537, 49.98977], [5.859613, 49.98969], [5.859736, 49.98956], [5.859796, 49.989502], [5.859861, 49.989437], [5.859915, 49.98937], [5.859934, 49.98932], [5.859941, 49.989277], [5.85993, 49.98925], [5.859903, 49.98922], [5.859842, 49.9892], [5.859785, 49.989193], [5.85977, 49.989155], [5.859674, 49.98917], [5.859686, 49.98922], [5.859572, 49.98924], [5.859152, 49.98922], [5.859137, 49.989174], [5.858988, 49.98862], [5.858786, 49.987965], [5.858713, 49.98772], [5.858644, 49.98748], [5.858671, 49.98746], [5.859198, 49.987164], [5.859232, 49.987144], [5.859293, 49.98716], [5.859503, 49.98727], [5.859579, 49.987343], [5.85961, 49.98742], [5.859648, 49.987545], [5.859724, 49.987637], [5.859785, 49.987675], [5.859964, 49.98774], [5.860094, 49.987793], [5.860174, 49.987846], [5.860254, 49.98791], [5.860311, 49.987957], [5.860392, 49.987984], [5.860498, 49.987995], [5.860605, 49.988007], [5.860682, 49.988026], [5.86072, 49.988014], [5.860773, 49.988014], [5.86051, 49.98777], [5.860403, 49.987694], [5.860251, 49.987606], [5.860025, 49.9875], [5.859892, 49.987423], [5.859621, 49.987244], [5.859514, 49.987175], [5.859366, 49.987072], [5.859297, 49.98702], [5.859308, 49.987], [5.859835, 49.987156], [5.860025, 49.987225], [5.860578, 49.98744], [5.860819, 49.98754], [5.860983, 49.98762], [5.861219, 49.987743], [5.861334, 49.98779], [5.861532, 49.987843], [5.861689, 49.98789], [5.861952, 49.98797], [5.862276, 49.98808], [5.862673, 49.98821], [5.863119, 49.988365], [5.863214, 49.988407], [5.863333, 49.98846], [5.86376, 49.988605], [5.864145, 49.988728], [5.864374, 49.988796], [5.864477, 49.988846], [5.865057, 49.9891], [5.865309, 49.989212], [5.865351, 49.989223], [5.865423, 49.98933], [5.86548, 49.989407], [5.865599, 49.989517], [5.865774, 49.989662], [5.866175, 49.99], [5.866381, 49.99018], [5.86659, 49.990314], [5.866724, 49.990402], [5.866903, 49.990566], [5.866934, 49.990555], [5.866961, 49.990536], [5.867319, 49.990265], [5.868013, 49.989754], [5.868258, 49.98958], [5.868753, 49.98921], [5.868692, 49.989445], [5.868616, 49.990017], [5.86875, 49.99007], [5.868834, 49.9901], [5.868971, 49.99014], [5.86907, 49.99016], [5.869207, 49.99019], [5.869226, 49.99019], [5.869394, 49.990326], [5.869543, 49.990437], [5.869596, 49.990467], [5.869879, 49.990593], [5.870161, 49.990726], [5.870245, 49.99076], [5.870413, 49.99082], [5.870531, 49.990864], [5.870844, 49.990993], [5.871015, 49.991062], [5.871607, 49.991272], [5.87145, 49.99165], [5.87142, 49.991726], [5.871416, 49.991962], [5.871332, 49.992233], [5.871279, 49.992554], [5.87126, 49.992805], [5.871229, 49.993137], [5.871054, 49.993107], [5.870943, 49.993256], [5.870954, 49.993347], [5.870974, 49.993515], [5.870997, 49.993565], [5.871111, 49.9937], [5.871176, 49.993782], [5.871267, 49.993946], [5.871324, 49.99406], [5.871378, 49.99416], [5.871428, 49.994278], [5.871462, 49.994385], [5.871542, 49.994743], [5.8715, 49.994766], [5.871409, 49.99482], [5.871115, 49.99498], [5.87113, 49.995045], [5.871149, 49.9952], [5.871145, 49.9953], [5.871138, 49.99537], [5.871118, 49.99547], [5.871103, 49.995583], [5.871073, 49.99568], [5.871023, 49.995792], [5.870962, 49.9959], [5.870897, 49.995983], [5.870813, 49.996067], [5.870684, 49.996166], [5.870619, 49.996223], [5.870542, 49.99632], [5.870512, 49.99639], [5.870497, 49.996475], [5.870485, 49.996567], [5.870436, 49.99661], [5.870409, 49.99664], [5.870386, 49.996674], [5.870375, 49.996723], [5.870317, 49.99687], [5.870295, 49.996933], [5.870264, 49.996975], [5.870203, 49.99702], [5.870008, 49.997116], [5.869917, 49.997166], [5.869894, 49.99718], [5.869844, 49.99722], [5.869802, 49.9973], [5.869711, 49.99745], [5.869635, 49.997616], [5.869593, 49.997677], [5.869562, 49.997696], [5.869501, 49.99772], [5.869402, 49.997746], [5.869352, 49.99777], [5.86931, 49.997807], [5.869173, 49.997982], [5.86933, 49.998024], [5.869657, 49.998116], [5.869711, 49.99813], [5.869749, 49.998142], [5.869513, 49.9985], [5.869238, 49.998943], [5.869223, 49.999428], [5.869219, 49.99946], [5.869265, 49.999493], [5.869303, 49.999485], [5.869394, 49.99952], [5.869486, 49.999557], [5.869554, 49.999584], [5.869734, 49.99966], [5.869936, 49.99979], [5.869986, 49.99976], [5.870157, 49.999847], [5.87031, 49.999928], [5.870382, 50.0], [5.870447, 50.000057], [5.870535, 50.000114], [5.870619, 50.000156], [5.870825, 50.00021], [5.870943, 50.000187], [5.871042, 50.00016], [5.871107, 50.00013], [5.871202, 50.000065], [5.871275, 50.000008], [5.871302, 49.999992], [5.871359, 49.999985], [5.871557, 49.99998], [5.871599, 49.999973], [5.871706, 49.99993], [5.871748, 49.999916], [5.871855, 49.9999], [5.871901, 49.999886], [5.871992, 49.99984], [5.872065, 49.999805], [5.872129, 49.999786], [5.872271, 49.99977], [5.872328, 49.99976], [5.87237, 49.99974], [5.872427, 49.999702], [5.872503, 49.99964], [5.872652, 49.999565], [5.872725, 49.999523], [5.872774, 49.999508], [5.87287, 49.999485], [5.872911, 49.999462], [5.872957, 49.999428], [5.873011, 49.9994], [5.873114, 49.999374], [5.873228, 49.99934], [5.873392, 49.999268], [5.873549, 49.999207], [5.873663, 49.99917], [5.873751, 49.99913], [5.873819, 49.999115], [5.873926, 49.9991], [5.874025, 49.999084], [5.874163, 49.99907], [5.874224, 49.999046], [5.874258, 49.99902], [5.874289, 49.999012], [5.874334, 49.999016], [5.874384, 49.999016], [5.874475, 49.998978], [5.874525, 49.99897], [5.874544, 49.99896], [5.874586, 49.99894], [5.874636, 49.998928], [5.874701, 49.998894], [5.8748, 49.998817], [5.874895, 49.998753], [5.874926, 49.99874], [5.874968, 49.998726], [5.875032, 49.998707], [5.875128, 49.998695], [5.875158, 49.998688], [5.875204, 49.99867], [5.875303, 49.998627], [5.875418, 49.998592], [5.875559, 49.998558], [5.875647, 49.998524], [5.875849, 49.99841], [5.875956, 49.998356], [5.876074, 49.99831], [5.87636, 49.998222], [5.876444, 49.998184], [5.876482, 49.99816], [5.876524, 49.998116], [5.876555, 49.998077], [5.876631, 49.998], [5.87678, 49.997818], [5.876825, 49.997772], [5.876905, 49.997707], [5.877047, 49.9976], [5.877291, 49.99744], [5.877317, 49.99742], [5.877371, 49.997356], [5.877428, 49.99729], [5.877642, 49.997185], [5.877813, 49.9971], [5.878065, 49.996983], [5.878202, 49.996925], [5.878222, 49.99694], [5.878599, 49.99678], [5.878782, 49.996704], [5.879187, 49.996532], [5.879499, 49.99641], [5.87961, 49.996365], [5.879854, 49.99626], [5.880102, 49.996155], [5.880346, 49.99605], [5.880594, 49.995953], [5.880686, 49.995922], [5.880808, 49.995884], [5.880915, 49.995853], [5.880972, 49.995827], [5.881113, 49.99575], [5.881304, 49.995644], [5.881399, 49.995598], [5.881475, 49.99556], [5.881731, 49.99544], [5.882017, 49.9953], [5.882185, 49.995213], [5.882517, 49.99504], [5.882578, 49.995003], [5.882647, 49.99494], [5.882723, 49.994858], [5.882799, 49.994785], [5.882978, 49.994675], [5.883013, 49.994656], [5.883127, 49.994583], [5.883211, 49.994537], [5.883261, 49.994514], [5.883337, 49.99449], [5.88339, 49.99446], [5.883429, 49.994446], [5.883451, 49.994446], [5.883524, 49.994434], [5.883577, 49.994415], [5.883627, 49.994392], [5.883676, 49.994385], [5.883718, 49.99438], [5.883821, 49.994373], [5.883879, 49.994358], [5.884016, 49.99435], [5.884085, 49.994328], [5.884142, 49.994312], [5.884195, 49.9943], [5.884272, 49.994278], [5.884302, 49.994255], [5.884317, 49.994236], [5.884336, 49.994198], [5.884363, 49.994133], [5.884394, 49.99408], [5.884436, 49.99403], [5.884493, 49.99399], [5.884588, 49.99395], [5.884657, 49.993927], [5.884695, 49.99392], [5.884775, 49.99391], [5.884825, 49.993896], [5.884867, 49.993866], [5.884909, 49.99382], [5.884947, 49.9938], [5.884996, 49.993797], [5.885046, 49.9938], [5.885115, 49.99381], [5.885176, 49.993805], [5.885237, 49.99379], [5.885271, 49.99378], [5.885328, 49.993755], [5.885374, 49.993732], [5.885405, 49.993706], [5.885416, 49.993687], [5.88542, 49.993652], [5.885424, 49.9936], [5.885435, 49.993576], [5.885466, 49.993546], [5.885504, 49.99352], [5.885527, 49.993496], [5.885534, 49.993473], [5.885534, 49.993454], [5.885511, 49.993443], [5.885477, 49.99343], [5.885454, 49.99342], [5.885446, 49.993393], [5.88545, 49.993362], [5.885466, 49.993332], [5.885489, 49.993305], [5.885519, 49.99328], [5.885527, 49.99326], [5.885527, 49.993214], [5.885542, 49.99318], [5.88558, 49.99314], [5.885649, 49.993088], [5.885714, 49.993046], [5.885778, 49.993008], [5.885828, 49.99297], [5.88587, 49.992935], [5.885912, 49.992916], [5.885969, 49.992912], [5.886015, 49.99292], [5.886107, 49.99293], [5.886187, 49.992935], [5.886255, 49.99293], [5.886309, 49.992924], [5.88637, 49.992912], [5.886431, 49.992893], [5.88645, 49.992878], [5.886465, 49.99286], [5.886503, 49.992805], [5.886534, 49.992786], [5.886576, 49.99277], [5.88661, 49.99277], [5.886682, 49.992775], [5.886732, 49.992767], [5.88677, 49.992756], [5.886789, 49.992737], [5.886805, 49.99272], [5.886808, 49.9927], [5.886808, 49.992657], [5.886812, 49.992622], [5.88682, 49.99259], [5.886846, 49.992565], [5.886866, 49.992558], [5.886892, 49.99256], [5.886938, 49.992565], [5.886969, 49.99256], [5.886995, 49.992542], [5.887018, 49.99253], [5.887049, 49.992527], [5.887094, 49.99252], [5.887117, 49.9925], [5.887129, 49.992485], [5.88714, 49.992462], [5.887144, 49.99243], [5.887156, 49.992413], [5.887178, 49.992397], [5.887217, 49.992374], [5.887232, 49.99236], [5.88727, 49.992313], [5.887312, 49.99228], [5.887384, 49.99223], [5.887487, 49.99218], [5.88759, 49.992184], [5.887781, 49.992176], [5.88798, 49.99215], [5.888048, 49.992138], [5.888285, 49.992104], [5.888681, 49.99203], [5.889013, 49.991962], [5.889124, 49.991936], [5.889215, 49.991924], [5.889299, 49.99192], [5.889368, 49.9919], [5.889627, 49.991806], [5.889784, 49.991756], [5.890039, 49.9917], [5.890657, 49.99155], [5.890749, 49.99154], [5.890883, 49.99155], [5.890852, 49.99184], [5.890837, 49.991856], [5.890734, 49.991978], [5.890402, 49.992355], [5.890589, 49.992695], [5.890634, 49.99278], [5.890642, 49.992844], [5.890669, 49.992897], [5.890696, 49.99293], [5.891046, 49.993298], [5.891268, 49.99322], [5.891508, 49.993137], [5.891546, 49.993126], [5.892111, 49.992947], [5.892298, 49.992893], [5.892469, 49.99285], [5.892595, 49.992832], [5.892683, 49.99282], [5.892851, 49.992825], [5.893099, 49.99282], [5.893313, 49.992817], [5.893541, 49.992813], [5.893595, 49.992813], [5.893766, 49.99281], [5.893843, 49.992813], [5.893965, 49.992817], [5.894003, 49.992817], [5.894213, 49.99283], [5.894381, 49.992836], [5.894667, 49.992847], [5.894865, 49.99286], [5.894938, 49.99268], [5.895075, 49.992302], [5.895319, 49.992283], [5.895418, 49.99228], [5.895491, 49.992283], [5.895784, 49.99232], [5.896593, 49.99243], [5.896673, 49.99245], [5.896784, 49.992485], [5.896887, 49.992516], [5.897009, 49.992565], [5.897104, 49.992607], [5.897177, 49.992645], [5.897295, 49.99272], [5.897387, 49.992805], [5.897417, 49.99284], [5.897482, 49.99292], [5.897543, 49.99302], [5.897596, 49.993095], [5.897734, 49.99323], [5.897951, 49.99339], [5.898008, 49.993412], [5.898813, 49.993603], [5.898695, 49.993973], [5.89863, 49.994114], [5.898489, 49.994404], [5.898443, 49.994507], [5.898397, 49.994617], [5.898371, 49.994686], [5.898356, 49.994717], [5.89834, 49.99476], [5.898226, 49.995003], [5.898111, 49.995182], [5.897959, 49.99538], [5.897898, 49.99544], [5.897867, 49.99548], [5.897852, 49.99552], [5.897844, 49.99557], [5.897848, 49.995647], [5.897829, 49.99573], [5.89781, 49.995777], [5.897783, 49.995827], [5.897688, 49.99598], [5.897593, 49.99612], [5.897581, 49.996136], [5.897493, 49.99627], [5.897421, 49.99636], [5.897284, 49.996502], [5.897131, 49.996666], [5.897119, 49.99668], [5.896978, 49.99683], [5.896574, 49.99729], [5.89654, 49.99733], [5.896479, 49.997425], [5.896391, 49.997566], [5.896879, 49.99765], [5.896948, 49.99766], [5.897062, 49.99768], [5.897692, 49.9978], [5.897711, 49.99776], [5.897726, 49.99774], [5.897737, 49.997738], [5.897753, 49.99773], [5.897783, 49.99773], [5.89781, 49.99774], [5.897833, 49.997738], [5.897848, 49.99773], [5.89786, 49.997715], [5.897875, 49.997692], [5.897921, 49.997654], [5.897932, 49.997635], [5.89794, 49.997612], [5.897932, 49.997578], [5.897921, 49.997543], [5.897921, 49.997524], [5.897924, 49.997513], [5.897936, 49.997498], [5.897955, 49.997482], [5.897989, 49.99746], [5.898012, 49.99744], [5.898031, 49.99742], [5.898043, 49.99738], [5.898073, 49.997257], [5.898089, 49.99724], [5.898108, 49.997227], [5.898146, 49.99722], [5.898169, 49.99721], [5.898199, 49.9972], [5.898218, 49.997177], [5.898222, 49.997158], [5.898222, 49.99714], [5.898211, 49.997105], [5.898207, 49.99708], [5.898218, 49.99707], [5.898233, 49.99706], [5.898252, 49.99705], [5.898268, 49.997032], [5.898264, 49.997017], [5.89823, 49.99699], [5.898233, 49.996975], [5.898252, 49.996964], [5.898268, 49.996952], [5.898279, 49.996937], [5.898249, 49.99689], [5.898237, 49.99687], [5.898249, 49.996803], [5.898256, 49.996754], [5.898272, 49.99673], [5.898294, 49.996716], [5.898336, 49.996685], [5.898363, 49.996655], [5.898397, 49.996605], [5.89842, 49.996548], [5.898439, 49.996494], [5.898451, 49.99645], [5.898462, 49.996418], [5.898474, 49.9964], [5.898489, 49.996384], [5.898527, 49.996372], [5.898588, 49.996357], [5.89863, 49.99634], [5.898661, 49.996315], [5.898672, 49.99629], [5.898676, 49.996265], [5.898676, 49.996243], [5.89868, 49.996223], [5.898691, 49.996204], [5.898756, 49.99611], [5.898752, 49.996082], [5.898737, 49.996025], [5.898748, 49.995995], [5.89876, 49.995953], [5.898771, 49.995937], [5.89879, 49.99592], [5.898794, 49.995903], [5.89879, 49.99587], [5.898817, 49.995823], [5.898821, 49.995808], [5.898821, 49.995754], [5.898825, 49.995735], [5.898848, 49.99571], [5.898859, 49.995686], [5.898867, 49.995667], [5.898871, 49.99564], [5.898855, 49.995605], [5.898855, 49.995583], [5.898867, 49.99556], [5.898897, 49.99553], [5.898916, 49.995514], [5.898924, 49.995487], [5.898924, 49.99547], [5.898912, 49.995438], [5.898897, 49.995415], [5.898882, 49.9954], [5.898878, 49.995377], [5.898878, 49.99534], [5.898871, 49.99532], [5.898848, 49.995296], [5.898825, 49.995277], [5.898825, 49.99526], [5.898828, 49.995243], [5.898851, 49.995216], [5.898878, 49.99519], [5.898893, 49.995174], [5.898901, 49.99516], [5.898905, 49.99514], [5.898901, 49.995125], [5.898874, 49.995102], [5.898844, 49.99508], [5.89884, 49.995068], [5.89884, 49.99505], [5.898855, 49.995037], [5.898901, 49.99502], [5.898939, 49.995014], [5.898962, 49.995003], [5.898985, 49.994987], [5.898989, 49.99497], [5.898985, 49.99495], [5.898962, 49.994923], [5.898958, 49.99491], [5.898958, 49.994896], [5.89897, 49.994877], [5.899015, 49.99482], [5.899046, 49.994793], [5.899061, 49.994774], [5.89908, 49.99474], [5.899095, 49.994717], [5.899141, 49.99469], [5.899157, 49.994675], [5.899164, 49.994648], [5.89916, 49.994625], [5.899145, 49.994602], [5.899138, 49.994576], [5.899145, 49.994556], [5.89916, 49.99454], [5.899198, 49.994522], [5.899252, 49.994503], [5.899279, 49.994488], [5.899301, 49.99446], [5.899305, 49.99443], [5.899309, 49.994408], [5.899343, 49.99437], [5.899343, 49.99434], [5.89934, 49.994316], [5.899359, 49.994278], [5.89937, 49.99426], [5.899366, 49.994232], [5.899351, 49.99421], [5.899347, 49.994186], [5.899363, 49.994152], [5.899382, 49.99413], [5.899405, 49.994114], [5.899431, 49.994102], [5.899458, 49.9941], [5.899488, 49.99409], [5.8995, 49.99407], [5.899496, 49.994057], [5.899481, 49.994045], [5.899469, 49.99403], [5.899481, 49.99402], [5.899511, 49.994], [5.899538, 49.993984], [5.899549, 49.99397], [5.899553, 49.993954], [5.899546, 49.993942], [5.89953, 49.99394], [5.899508, 49.993935], [5.899477, 49.99393], [5.899466, 49.99392], [5.89945, 49.993896], [5.899466, 49.993855], [5.899511, 49.993797], [5.899534, 49.993763], [5.899549, 49.993732], [5.899549, 49.993717], [5.899542, 49.9937], [5.899519, 49.993675], [5.899508, 49.993664], [5.899508, 49.993637], [5.899504, 49.99362], [5.899481, 49.993603], [5.899466, 49.993584], [5.899469, 49.993557], [5.899477, 49.993534], [5.8995, 49.993515], [5.899542, 49.993473], [5.899557, 49.993454], [5.899565, 49.993435], [5.899561, 49.993397], [5.899565, 49.993366], [5.899584, 49.99333], [5.899599, 49.99333], [5.899782, 49.993313], [5.900007, 49.993298], [5.900293, 49.99328], [5.900351, 49.993286], [5.900885, 49.993443], [5.901071, 49.993515], [5.901236, 49.993584], [5.90151, 49.993717], [5.901648, 49.99378], [5.901792, 49.993835], [5.901964, 49.99388], [5.902391, 49.993984], [5.90288, 49.994133], [5.903288, 49.994167], [5.903555, 49.994205], [5.903887, 49.99423], [5.903898, 49.994194], [5.903913, 49.994045], [5.904223, 49.993935], [5.904871, 49.993626], [5.905191, 49.993286], [5.90531, 49.993263], [5.905439, 49.993233], [5.9056, 49.993187], [5.905771, 49.993126], [5.905992, 49.99303], [5.906118, 49.992966], [5.90613, 49.992966], [5.906134, 49.9932], [5.906134, 49.99328], [5.906065, 49.99344], [5.906061, 49.99347], [5.906076, 49.993565], [5.906111, 49.993656], [5.906137, 49.993732], [5.906179, 49.99382], [5.906256, 49.99395], [5.906309, 49.994038], [5.906359, 49.994106], [5.906462, 49.99423], [5.906527, 49.99432], [5.906557, 49.99439], [5.906611, 49.994667], [5.906664, 49.99489], [5.906702, 49.99506], [5.906878, 49.99508], [5.906942, 49.99509], [5.907812, 49.99521], [5.907835, 49.995296], [5.907846, 49.995316], [5.907881, 49.99533], [5.907953, 49.99535], [5.908022, 49.995373], [5.908072, 49.9954], [5.908098, 49.995422], [5.908117, 49.99545], [5.908136, 49.995506], [5.90814, 49.99556], [5.908209, 49.995567], [5.908239, 49.9956], [5.908281, 49.99567], [5.908441, 49.995796], [5.908506, 49.995865], [5.908541, 49.9959], [5.908705, 49.99605], [5.908812, 49.996124], [5.90893, 49.996193], [5.908979, 49.996223], [5.909014, 49.996246], [5.909059, 49.99629], [5.909102, 49.996315], [5.909162, 49.996346], [5.909182, 49.99636], [5.909216, 49.99641], [5.909239, 49.99643], [5.909269, 49.996452], [5.909288, 49.996475], [5.909311, 49.99653], [5.909327, 49.996544], [5.909369, 49.99655], [5.909403, 49.99657], [5.909418, 49.996586], [5.909418, 49.996613], [5.909395, 49.996643], [5.909391, 49.996662], [5.909399, 49.99668], [5.909433, 49.99672], [5.909479, 49.996758], [5.909514, 49.996788], [5.909548, 49.996853], [5.909574, 49.996883], [5.909582, 49.996902], [5.909586, 49.996925], [5.909578, 49.996952], [5.909586, 49.99697], [5.909613, 49.99699], [5.90967, 49.996998], [5.909765, 49.997], [5.909841, 49.997066], [5.909906, 49.997105], [5.91012, 49.997215], [5.910219, 49.997288], [5.910265, 49.997307], [5.910288, 49.99732], [5.910303, 49.99733], [5.910315, 49.997353], [5.910341, 49.997375], [5.910578, 49.997337], [5.910765, 49.997555], [5.91065, 49.99764], [5.910711, 49.99783], [5.910849, 49.997932], [5.910898, 49.99807], [5.910936, 49.99816], [5.910936, 49.998203], [5.91091, 49.998272], [5.910856, 49.998344], [5.910677, 49.998596], [5.910604, 49.998722], [5.910532, 49.99885], [5.910475, 49.99897], [5.910395, 49.99918], [5.91033, 49.99923], [5.910234, 49.999584], [5.910154, 49.999893], [5.91007, 50.000206], [5.910578, 50.000477], [5.910906, 50.000603], [5.911035, 50.00065], [5.911379, 50.000767], [5.911722, 50.00089], [5.912065, 50.00101], [5.912657, 50.00123], [5.912813, 50.00129], [5.91305, 50.001366], [5.913526, 50.001526], [5.913805, 50.00162], [5.913931, 50.00167], [5.914034, 50.00171], [5.914179, 50.001762], [5.914362, 50.00183], [5.914804, 50.00197], [5.915087, 50.002068], [5.915502, 50.002243], [5.915731, 50.002354], [5.915918, 50.00245], [5.916098, 50.00254], [5.916429, 50.002735], [5.917357, 50.00301], [5.917807, 50.00327], [5.917849, 50.003292], [5.917917, 50.00333], [5.917974, 50.003357], [5.918104, 50.00343], [5.918364, 50.00357], [5.918818, 50.00376], [5.9196, 50.00412], [5.919683, 50.004158], [5.919817, 50.004112], [5.919916, 50.00408], [5.919989, 50.004063], [5.920099, 50.004906], [5.920134, 50.00524], [5.920168, 50.00545], [5.920187, 50.00555], [5.920229, 50.00579], [5.920282, 50.00596], [5.920382, 50.00613], [5.920401, 50.006184], [5.92042, 50.00626], [5.92045, 50.00649], [5.920469, 50.006664], [5.920477, 50.006836], [5.920484, 50.006874], [5.920534, 50.00697], [5.920546, 50.007], [5.920549, 50.007053], [5.920534, 50.00717], [5.920515, 50.007267], [5.920465, 50.007446], [5.920435, 50.007614], [5.920431, 50.007675], [5.920431, 50.007713], [5.920427, 50.007977], [5.92063, 50.008034], [5.920759, 50.008068], [5.921141, 50.008175], [5.920977, 50.00897], [5.922171, 50.009205], [5.922594, 50.009293], [5.923063, 50.00938], [5.923094, 50.009388], [5.923128, 50.008114], [5.923376, 50.008102], [5.924292, 50.00808], [5.924604, 50.008076], [5.924791, 50.008076], [5.925104, 50.00807], [5.925337, 50.008068], [5.926157, 50.008064], [5.926226, 50.008064], [5.926508, 50.00806], [5.92687, 50.008057], [5.927038, 50.00815], [5.92732, 50.00831], [5.927496, 50.008396], [5.927679, 50.008484], [5.927809, 50.008625], [5.927851, 50.00871], [5.92787, 50.008854], [5.9279, 50.009064], [5.927935, 50.009136], [5.928026, 50.00929], [5.92806, 50.009373], [5.928083, 50.00944], [5.928102, 50.00964], [5.928152, 50.009914], [5.928217, 50.010254], [5.928568, 50.01055], [5.928617, 50.010647], [5.92872, 50.010826], [5.928667, 50.010925], [5.928606, 50.011017], [5.928549, 50.011093], [5.928537, 50.0111], [5.928442, 50.0112], [5.928324, 50.011295], [5.928232, 50.01136], [5.928171, 50.011402], [5.928076, 50.01145], [5.927984, 50.011494], [5.927885, 50.011528], [5.927755, 50.011566], [5.927607, 50.011597], [5.927462, 50.01162], [5.92729, 50.011635], [5.926245, 50.011692], [5.925463, 50.011738], [5.925413, 50.011898], [5.925207, 50.012554], [5.925005, 50.012566], [5.925024, 50.01261], [5.925043, 50.012646], [5.925077, 50.012703], [5.925123, 50.01276], [5.925177, 50.012806], [5.92523, 50.012844], [5.92528, 50.01287], [5.925394, 50.012928], [5.925466, 50.012974], [5.925699, 50.013165], [5.925573, 50.013245], [5.925432, 50.013336], [5.92528, 50.01343], [5.924925, 50.013657], [5.924906, 50.01367], [5.924891, 50.01369], [5.924711, 50.01391], [5.924753, 50.01395], [5.924524, 50.014126], [5.924417, 50.014206], [5.924311, 50.014282], [5.92425, 50.01434], [5.924215, 50.01439], [5.924189, 50.014446], [5.924158, 50.01452], [5.924143, 50.01454], [5.924124, 50.01457], [5.924055, 50.01464], [5.923994, 50.014732], [5.923948, 50.014862], [5.923868, 50.015087], [5.923853, 50.015182], [5.923845, 50.01528], [5.923887, 50.015537], [5.923716, 50.01569], [5.923838, 50.01577], [5.924044, 50.015934], [5.923872, 50.0161], [5.92454, 50.01633], [5.924749, 50.01638], [5.924929, 50.016415], [5.925314, 50.016525], [5.925363, 50.01654], [5.925993, 50.016735], [5.926378, 50.016582], [5.926805, 50.01671], [5.926935, 50.016747], [5.92684, 50.017006], [5.92684, 50.017048], [5.926844, 50.017174], [5.926859, 50.017307], [5.926901, 50.017643], [5.926962, 50.01811], [5.92732, 50.018154], [5.927824, 50.01821], [5.92795, 50.018234], [5.928057, 50.018265], [5.928183, 50.01831], [5.928343, 50.018387], [5.928438, 50.018444], [5.928629, 50.01857], [5.928953, 50.018856], [5.92882, 50.018894], [5.928728, 50.018917], [5.928713, 50.018925], [5.928553, 50.01896], [5.928545, 50.019024], [5.92853, 50.0191], [5.928484, 50.01924], [5.92845, 50.019314], [5.928392, 50.019405], [5.928293, 50.01955], [5.928152, 50.019783], [5.929594, 50.019794], [5.929735, 50.019794], [5.930212, 50.0198], [5.930487, 50.0198], [5.930517, 50.019806], [5.930349, 50.019955], [5.930288, 50.020035], [5.930212, 50.0202], [5.930151, 50.020367], [5.930098, 50.020546], [5.930056, 50.02075], [5.930056, 50.020916], [5.93001, 50.02092], [5.929743, 50.020954], [5.929167, 50.021023], [5.928968, 50.02105], [5.928739, 50.02108], [5.92861, 50.0211], [5.928442, 50.021122], [5.928057, 50.021206], [5.927916, 50.021233], [5.92779, 50.021248], [5.927587, 50.02127], [5.927397, 50.021282], [5.927286, 50.02129], [5.927107, 50.021294], [5.927008, 50.021297], [5.927099, 50.021416], [5.92721, 50.02161], [5.927359, 50.02185], [5.927561, 50.02223], [5.927824, 50.022762], [5.927862, 50.02287], [5.927881, 50.023052], [5.927881, 50.023148], [5.927854, 50.02325], [5.927816, 50.023327], [5.927771, 50.02338], [5.927717, 50.023415], [5.927553, 50.023476], [5.927061, 50.02364], [5.927126, 50.02372], [5.92724, 50.02385], [5.92734, 50.023956], [5.927866, 50.02442], [5.928438, 50.02496], [5.92845, 50.02497], [5.928369, 50.02498], [5.928499, 50.025047], [5.928549, 50.02507], [5.928652, 50.025112], [5.928739, 50.025127], [5.928766, 50.02513], [5.928827, 50.02514], [5.928968, 50.02515], [5.929075, 50.02515], [5.929155, 50.02513], [5.929308, 50.025127], [5.929201, 50.025402], [5.929194, 50.02544], [5.929098, 50.02552], [5.929117, 50.025536], [5.929163, 50.02552], [5.929209, 50.0255], [5.929277, 50.025486], [5.929327, 50.025486], [5.929384, 50.025494], [5.929377, 50.025505], [5.92935, 50.025593], [5.929415, 50.02561], [5.929438, 50.025623], [5.929666, 50.02571], [5.929937, 50.025597], [5.929972, 50.02558], [5.93004, 50.02555], [5.930132, 50.025517], [5.930258, 50.02543], [5.93046, 50.0253], [5.930681, 50.025154], [5.93091, 50.02501], [5.931124, 50.02488], [5.931124, 50.02486], [5.931158, 50.02484], [5.93117, 50.024807], [5.931177, 50.024765], [5.931181, 50.024715], [5.931192, 50.02468], [5.93123, 50.024616], [5.931284, 50.024532], [5.931295, 50.024494], [5.931303, 50.024426], [5.931322, 50.024395], [5.931337, 50.02438], [5.931372, 50.02437], [5.931418, 50.024364], [5.931482, 50.02436], [5.931517, 50.02435], [5.931524, 50.024326], [5.931524, 50.02429], [5.931521, 50.024235], [5.931528, 50.02421], [5.931551, 50.02418], [5.931608, 50.02414], [5.931688, 50.02407], [5.931715, 50.024044], [5.931742, 50.023994], [5.931784, 50.023888], [5.931799, 50.023857], [5.931822, 50.023823], [5.931887, 50.023746], [5.931883, 50.023716], [5.931879, 50.023647], [5.931868, 50.0236], [5.931845, 50.023552], [5.931852, 50.023533], [5.931906, 50.023285], [5.931936, 50.023083], [5.93194, 50.023018], [5.931936, 50.02292], [5.93191, 50.022774], [5.931887, 50.02263], [5.931856, 50.02234], [5.931845, 50.022167], [5.931822, 50.02204], [5.931795, 50.021942], [5.931757, 50.021816], [5.9317, 50.021687], [5.931551, 50.021416], [5.931452, 50.021267], [5.931379, 50.02117], [5.931398, 50.02115], [5.931406, 50.021114], [5.93141, 50.02107], [5.931406, 50.021015], [5.931402, 50.021], [5.931398, 50.020977], [5.931375, 50.020905], [5.931349, 50.020836], [5.931337, 50.020794], [5.931333, 50.02074], [5.931337, 50.020695], [5.931356, 50.020638], [5.931383, 50.020588], [5.931421, 50.020535], [5.931467, 50.020466], [5.931486, 50.020416], [5.931547, 50.020367], [5.931608, 50.02033], [5.931662, 50.020306], [5.931673, 50.020298], [5.931704, 50.020287], [5.931795, 50.020256], [5.931921, 50.020226], [5.932062, 50.020195], [5.932276, 50.020138], [5.932444, 50.020084], [5.932646, 50.02001], [5.932711, 50.019997], [5.932779, 50.01999], [5.932859, 50.01998], [5.933046, 50.019966], [5.933329, 50.01996], [5.933721, 50.01995], [5.934069, 50.019955], [5.934282, 50.019947], [5.934561, 50.019943], [5.934637, 50.01994], [5.934919, 50.019917], [5.935114, 50.01989], [5.935881, 50.019688], [5.93598, 50.01966], [5.936068, 50.019623], [5.936274, 50.01951], [5.93635, 50.019478], [5.936392, 50.019463], [5.936457, 50.01946], [5.936499, 50.019463], [5.936567, 50.019478], [5.936605, 50.019493], [5.936678, 50.01952], [5.936754, 50.01956], [5.936869, 50.019688], [5.936918, 50.01975], [5.937002, 50.01984], [5.937048, 50.019886], [5.937117, 50.019962], [5.937258, 50.020107], [5.93738, 50.02024], [5.937609, 50.020462], [5.937826, 50.02067], [5.93791, 50.020756], [5.938009, 50.020885], [5.938089, 50.02101], [5.938143, 50.02111], [5.938208, 50.021225], [5.938234, 50.02127], [5.93825, 50.021294], [5.938353, 50.02143], [5.938494, 50.021614], [5.938543, 50.02167], [5.938574, 50.0217], [5.938703, 50.02185], [5.938761, 50.02191], [5.93878, 50.021935], [5.938848, 50.021976], [5.939043, 50.022095], [5.939085, 50.022133], [5.93915, 50.022194], [5.939249, 50.02228], [5.939379, 50.02233], [5.939428, 50.022366], [5.939505, 50.02241], [5.939547, 50.02243], [5.939577, 50.022446], [5.939661, 50.022472], [5.939821, 50.02254], [5.939982, 50.02261], [5.939993, 50.022625], [5.94002, 50.02268], [5.940046, 50.022705], [5.940172, 50.022766], [5.940207, 50.022793], [5.940229, 50.022808], [5.940321, 50.022858], [5.940481, 50.022938], [5.940653, 50.02301], [5.940802, 50.023083], [5.940863, 50.023125], [5.940977, 50.02319], [5.941038, 50.02326], [5.941134, 50.023342], [5.941153, 50.023357], [5.941355, 50.023506], [5.941454, 50.023575], [5.941526, 50.02364], [5.941652, 50.02378], [5.941721, 50.02383], [5.941851, 50.023907], [5.941984, 50.023987], [5.942141, 50.024086], [5.942194, 50.024166], [5.942255, 50.024273], [5.942312, 50.024326], [5.942373, 50.02439], [5.942427, 50.0245], [5.942541, 50.024597], [5.942564, 50.02462], [5.942392, 50.02473], [5.942369, 50.024746], [5.942636, 50.025], [5.942728, 50.025078], [5.9428, 50.025135], [5.942938, 50.025223], [5.94311, 50.025314], [5.943293, 50.0254], [5.943346, 50.02542], [5.94338, 50.02542], [5.943483, 50.025417], [5.943582, 50.02542], [5.943861, 50.025448], [5.943941, 50.025467], [5.944021, 50.0255], [5.944124, 50.025555], [5.944155, 50.02557], [5.944212, 50.0256], [5.944277, 50.025616], [5.944349, 50.025627], [5.944429, 50.02563], [5.944479, 50.025627], [5.944571, 50.025608], [5.944624, 50.0256], [5.944674, 50.025608], [5.944811, 50.025642], [5.945127, 50.025715], [5.945253, 50.025745], [5.945314, 50.02575], [5.945421, 50.025764], [5.945536, 50.02581], [5.945646, 50.025826], [5.9457, 50.025845], [5.945749, 50.025856], [5.945795, 50.025864], [5.945841, 50.025864], [5.945906, 50.025856], [5.94599, 50.025852], [5.946043, 50.025845], [5.946112, 50.02585], [5.946169, 50.02588], [5.94628, 50.02591], [5.946386, 50.02594], [5.946436, 50.025963], [5.946474, 50.025978], [5.946524, 50.02601], [5.946558, 50.02603], [5.946676, 50.02606], [5.946821, 50.026085], [5.946867, 50.026096], [5.946978, 50.02612], [5.947103, 50.026134], [5.947256, 50.026157], [5.947599, 50.026203], [5.947859, 50.026264], [5.947985, 50.02631], [5.948065, 50.026344], [5.948111, 50.02638], [5.948202, 50.026447], [5.948317, 50.02652], [5.948347, 50.02655], [5.948385, 50.02659], [5.948408, 50.026634], [5.948431, 50.026695], [5.948431, 50.026756], [5.948423, 50.02683], [5.948412, 50.026897], [5.9484, 50.026997], [5.948736, 50.027008], [5.948858, 50.027073], [5.948797, 50.02724], [5.949076, 50.027298], [5.949396, 50.027374], [5.949652, 50.02745], [5.949774, 50.027504], [5.949961, 50.027588], [5.950079, 50.027653], [5.950136, 50.027683], [5.950338, 50.027775], [5.950552, 50.02787], [5.950712, 50.027958], [5.950819, 50.027977], [5.950941, 50.027996], [5.951029, 50.028], [5.95109, 50.028004], [5.951159, 50.028004], [5.951284, 50.02799], [5.951376, 50.027973], [5.951448, 50.027954], [5.951529, 50.027924], [5.951597, 50.027893], [5.95167, 50.027855], [5.951727, 50.02789], [5.952276, 50.027763], [5.952536, 50.02771], [5.952669, 50.02768], [5.95273, 50.02767], [5.95281, 50.027683], [5.952845, 50.027676], [5.952867, 50.027664], [5.952898, 50.02764], [5.952955, 50.02759], [5.95299, 50.027588], [5.953024, 50.027596], [5.953062, 50.02759], [5.953131, 50.027573], [5.953211, 50.027554], [5.953329, 50.02763], [5.953875, 50.02746], [5.954161, 50.02738], [5.954271, 50.02737], [5.954378, 50.027374], [5.954443, 50.02739], [5.954516, 50.027412], [5.954599, 50.027454], [5.954657, 50.027496], [5.954847, 50.027714], [5.954679, 50.027832], [5.954531, 50.028057], [5.955149, 50.028305], [5.955309, 50.028366], [5.955481, 50.02843], [5.955633, 50.028492], [5.955805, 50.028553], [5.955965, 50.028614], [5.956221, 50.028706], [5.956442, 50.02875], [5.956728, 50.028812], [5.956976, 50.02886], [5.957014, 50.028687], [5.957048, 50.028507], [5.956812, 50.02851], [5.956636, 50.028362], [5.956449, 50.02819], [5.956266, 50.02801], [5.956076, 50.027824], [5.955934, 50.027695], [5.955706, 50.027515], [5.955515, 50.027588], [5.955122, 50.02775], [5.955057, 50.027668], [5.955004, 50.027596], [5.954966, 50.027523], [5.954931, 50.02748], [5.954889, 50.02743], [5.954824, 50.027378], [5.95474, 50.02732], [5.954592, 50.02725], [5.954767, 50.027054], [5.954935, 50.026863], [5.95511, 50.02667], [5.955473, 50.026257], [5.955999, 50.026443], [5.956114, 50.02648], [5.956396, 50.026615], [5.956686, 50.02675], [5.956858, 50.026806], [5.95709, 50.026875], [5.957403, 50.026978], [5.957743, 50.0271], [5.958117, 50.02726], [5.95867, 50.027515], [5.959055, 50.0277], [5.959108, 50.027725], [5.959299, 50.02781], [5.95949, 50.027905], [5.959825, 50.02808], [5.960634, 50.02849], [5.960703, 50.028522], [5.960733, 50.028538], [5.960764, 50.028408], [5.960825, 50.028442], [5.960947, 50.02857], [5.961233, 50.028866], [5.961527, 50.02915], [5.961908, 50.02956], [5.962526, 50.030064], [5.963442, 50.030407], [5.963514, 50.030437], [5.964274, 50.030396], [5.964758, 50.030754], [5.9652, 50.03106], [5.965357, 50.03119], [5.965647, 50.031433], [5.965937, 50.031708], [5.966173, 50.03195], [5.966192, 50.031975], [5.966299, 50.03198], [5.966616, 50.03196], [5.967398, 50.031918], [5.96797, 50.03188], [5.96855, 50.03186], [5.969046, 50.031876], [5.969858, 50.03192], [5.970575, 50.032], [5.972433, 50.032234], [5.972609, 50.03221], [5.972628, 50.032185], [5.972712, 50.03209], [5.972769, 50.032013], [5.972841, 50.031925], [5.972956, 50.03176], [5.972982, 50.03171], [5.973005, 50.03165], [5.973028, 50.031578], [5.97304, 50.031475], [5.973024, 50.031303], [5.973001, 50.031185], [5.972948, 50.031044], [5.972841, 50.030807], [5.972742, 50.03059], [5.972631, 50.030396], [5.972529, 50.03022], [5.972444, 50.030083], [5.9723, 50.029884], [5.972235, 50.029808], [5.972151, 50.029667], [5.972136, 50.029636], [5.971888, 50.02924], [5.971777, 50.029057], [5.971662, 50.02892], [5.971548, 50.028805], [5.971479, 50.028755], [5.97138, 50.028694], [5.971258, 50.02863], [5.971018, 50.028522], [5.970549, 50.02833], [5.969881, 50.02804], [5.970053, 50.02791], [5.97032, 50.027714], [5.970358, 50.027733], [5.970789, 50.027443], [5.970942, 50.027336], [5.970861, 50.027287], [5.970774, 50.02724], [5.970728, 50.027225], [5.970587, 50.027184], [5.970541, 50.02715], [5.970484, 50.02711], [5.97027, 50.027027], [5.97016, 50.02699], [5.970003, 50.026943], [5.969847, 50.026905], [5.969633, 50.02686], [5.969419, 50.0268], [5.969065, 50.02669], [5.968931, 50.026646], [5.969049, 50.026596], [5.969171, 50.026535], [5.969305, 50.026443], [5.969408, 50.026363], [5.969583, 50.026215], [5.969679, 50.02614], [5.969782, 50.02607], [5.9699, 50.026005], [5.970041, 50.02594], [5.970228, 50.025864], [5.970468, 50.02578], [5.970732, 50.025684], [5.97098, 50.025578], [5.971178, 50.025475], [5.971212, 50.025455], [5.971228, 50.025448], [5.971319, 50.025394], [5.971407, 50.025326], [5.971464, 50.02526], [5.971521, 50.025185], [5.971567, 50.0251], [5.971602, 50.025013], [5.971662, 50.024796], [5.971781, 50.0242], [5.972277, 50.02436], [5.972753, 50.024483], [5.972803, 50.024487], [5.972876, 50.02449], [5.973059, 50.024487], [5.973249, 50.024487], [5.973352, 50.024475], [5.973452, 50.024456], [5.973578, 50.024437], [5.973715, 50.024426], [5.97402, 50.024353], [5.974123, 50.024323], [5.974173, 50.02432], [5.974951, 50.02422], [5.975092, 50.024204], [5.975244, 50.024193], [5.975439, 50.02418], [5.975481, 50.02418], [5.975534, 50.024178], [5.975573, 50.024178], [5.976126, 50.024143], [5.976149, 50.024136], [5.976091, 50.02397], [5.976057, 50.023857], [5.976046, 50.023758], [5.976053, 50.0237], [5.976091, 50.023582], [5.976145, 50.023438], [5.97616, 50.023384], [5.97621, 50.02324], [5.976252, 50.023174], [5.97645, 50.0231], [5.976492, 50.023067], [5.976519, 50.023045], [5.977083, 50.022617], [5.977365, 50.022404], [5.977747, 50.02194], [5.977827, 50.021793], [5.978018, 50.02157], [5.978014, 50.02151], [5.978014, 50.021473], [5.97806, 50.021393], [5.978094, 50.021366], [5.978121, 50.02135], [5.978315, 50.020943], [5.978346, 50.02074], [5.97835, 50.02066], [5.978334, 50.020557], [5.978277, 50.020397], [5.978239, 50.020363], [5.977884, 50.02014], [5.977842, 50.02], [5.977819, 50.01992], [5.977819, 50.019894], [5.977804, 50.019783], [5.9778, 50.019634], [5.977762, 50.019512], [5.977713, 50.01941], [5.977533, 50.01913], [5.977411, 50.019028], [5.977331, 50.018955], [5.977262, 50.01889], [5.977248, 50.01887], [5.977213, 50.01882], [5.977152, 50.01875], [5.976984, 50.018574], [5.976923, 50.018494], [5.976835, 50.018383], [5.976808, 50.018345], [5.976805, 50.018326], [5.976805, 50.018295], [5.976797, 50.01826], [5.976774, 50.018215], [5.976706, 50.018127], [5.976591, 50.017944], [5.976679, 50.017883], [5.976763, 50.017887], [5.977903, 50.017918], [5.978548, 50.017933], [5.97891, 50.01794], [5.979315, 50.01795], [5.979757, 50.017956], [5.979914, 50.01797], [5.980066, 50.018], [5.980188, 50.018036], [5.98031, 50.01807], [5.980402, 50.01811], [5.980585, 50.0182], [5.980703, 50.01827], [5.980738, 50.0183], [5.98081, 50.018368], [5.982191, 50.01899], [5.982485, 50.019127], [5.982863, 50.019302], [5.982973, 50.019356], [5.983984, 50.01984], [5.983969, 50.01987], [5.984198, 50.01997], [5.984221, 50.019978], [5.984446, 50.01956], [5.98451, 50.019386], [5.984594, 50.019127], [5.984705, 50.01856], [5.98477, 50.018307], [5.984804, 50.01813], [5.984846, 50.017918], [5.98501, 50.01716], [5.985083, 50.01717], [5.98514, 50.01718], [5.985853, 50.01736], [5.985907, 50.017284], [5.985987, 50.017174], [5.986025, 50.017128], [5.98609, 50.017048], [5.986139, 50.01699], [5.986231, 50.01689], [5.986288, 50.01683], [5.986349, 50.01676], [5.98641, 50.0167], [5.986479, 50.01663], [5.986528, 50.016582], [5.98657, 50.01654], [5.986654, 50.016487], [5.98675, 50.01644], [5.986868, 50.016388], [5.986979, 50.016342], [5.987177, 50.016434], [5.987257, 50.01636], [5.987459, 50.01618], [5.987627, 50.01625], [5.987963, 50.01592], [5.988226, 50.0156], [5.988474, 50.015163], [5.988127, 50.01503], [5.987734, 50.01489], [5.987425, 50.014786], [5.987032, 50.014664], [5.986822, 50.014603], [5.98646, 50.014496], [5.986055, 50.01438], [5.985174, 50.014168], [5.985147, 50.01416], [5.985159, 50.0141], [5.985205, 50.013897], [5.985224, 50.013786], [5.985228, 50.01362], [5.985228, 50.013515], [5.985235, 50.013405], [5.98522, 50.013218], [5.985197, 50.01308], [5.985174, 50.012962], [5.985132, 50.01281], [5.985067, 50.01261], [5.98501, 50.01247], [5.985029, 50.012424], [5.98506, 50.01233], [5.985083, 50.01234], [5.985445, 50.01254], [5.986017, 50.012836], [5.986113, 50.01288], [5.986261, 50.01294], [5.986463, 50.013023], [5.986662, 50.0131], [5.986784, 50.013145], [5.987135, 50.01328], [5.987444, 50.013397], [5.987829, 50.013542], [5.988047, 50.013622], [5.987974, 50.013702], [5.987902, 50.01378], [5.987749, 50.01394], [5.989008, 50.014515], [5.989554, 50.014767], [5.989695, 50.01464], [5.989729, 50.014614], [5.98984, 50.01454], [5.989958, 50.01443], [5.990156, 50.014248], [5.990351, 50.014072], [5.990553, 50.013912], [5.990602, 50.013874], [5.990972, 50.014065], [5.991087, 50.014023], [5.991114, 50.013954], [5.991159, 50.013897], [5.991217, 50.01384], [5.991381, 50.013733], [5.991568, 50.013638], [5.991671, 50.01361], [5.991751, 50.01359], [5.99214, 50.013515], [5.992243, 50.013485], [5.992533, 50.013325], [5.992781, 50.01319], [5.992929, 50.013184], [5.99304, 50.013184], [5.993223, 50.0132], [5.993364, 50.013214], [5.993486, 50.013233], [5.993532, 50.01325], [5.993658, 50.013325], [5.993692, 50.01332], [5.993807, 50.01331], [5.993967, 50.013298], [5.9942, 50.013287], [5.994348, 50.013268], [5.994482, 50.013237], [5.994722, 50.013184], [5.994684, 50.01306], [5.994963, 50.013054], [5.995298, 50.012894], [5.995432, 50.012833], [5.995798, 50.01268], [5.996073, 50.01255], [5.996172, 50.01258], [5.996336, 50.01245], [5.996427, 50.01238], [5.996473, 50.01234], [5.996504, 50.012306], [5.996542, 50.01226], [5.996569, 50.012196], [5.996786, 50.012234], [5.996981, 50.01226], [5.997148, 50.01227], [5.997236, 50.012276], [5.997377, 50.01227], [5.997488, 50.012264], [5.997702, 50.01224], [5.997892, 50.012215], [5.998079, 50.012184], [5.998243, 50.012146], [5.998632, 50.01204], [5.998758, 50.012], [5.999044, 50.01193], [5.999273, 50.01187], [5.999269, 50.011852], [5.999258, 50.011806], [5.999186, 50.011486], [5.999182, 50.011463], [5.999407, 50.011433], [5.999826, 50.01141], [6.000017, 50.011402], [6.000048, 50.011406], [6.000063, 50.01141], [6.00017, 50.011433], [6.000441, 50.011486], [6.000719, 50.011368], [6.000952, 50.011414], [6.001203, 50.01147], [6.001413, 50.011463], [6.001715, 50.011456], [6.002027, 50.011456], [6.002317, 50.011463], [6.00252, 50.011475], [6.002726, 50.01149], [6.002962, 50.011517], [6.003344, 50.011574], [6.003675, 50.01163], [6.003691, 50.011536], [6.003779, 50.011555], [6.004015, 50.011593], [6.004408, 50.011654], [6.00445, 50.01165], [6.004476, 50.011703], [6.004553, 50.011806], [6.004664, 50.0119], [6.004782, 50.011955], [6.004911, 50.011967], [6.004988, 50.01195], [6.005129, 50.01189], [6.005285, 50.011795], [6.00543, 50.01167], [6.005552, 50.011646], [6.005693, 50.01165], [6.005796, 50.01168], [6.005831, 50.01166], [6.006365, 50.011482], [6.006384, 50.011475], [6.006437, 50.01146], [6.00577, 50.010723], [6.005831, 50.010674], [6.006025, 50.010445], [6.006113, 50.010338], [6.006231, 50.010227], [6.006437, 50.01004], [6.00659, 50.009907], [6.006716, 50.00978], [6.006746, 50.009743], [6.00683, 50.009617], [6.006914, 50.009445], [6.006674, 50.00938], [6.00664, 50.009373], [6.006556, 50.00935], [6.006693, 50.00923], [6.006815, 50.009125], [6.006922, 50.00903], [6.007074, 50.008865], [6.007269, 50.00864], [6.007505, 50.00841], [6.007574, 50.008373], [6.007658, 50.00833], [6.00778, 50.00829], [6.00799, 50.008217], [6.008074, 50.008186], [6.008192, 50.00814], [6.008345, 50.00809], [6.008455, 50.008064], [6.008833, 50.008022], [6.009012, 50.008007], [6.009024, 50.008007], [6.009062, 50.008003], [6.009237, 50.008], [6.009543, 50.008], [6.009726, 50.007862], [6.009935, 50.00772], [6.010084, 50.00761], [6.010214, 50.007538], [6.010221, 50.007492], [6.010221, 50.007477], [6.010241, 50.007473], [6.010309, 50.007416], [6.010389, 50.007347], [6.010408, 50.007317], [6.010458, 50.00726], [6.010557, 50.00711], [6.010641, 50.00698], [6.010721, 50.006832], [6.010778, 50.006714], [6.010782, 50.006702], [6.010809, 50.00665], [6.010855, 50.006527], [6.011076, 50.00656], [6.011301, 50.006294], [6.011309, 50.00628], [6.011637, 50.00636], [6.011774, 50.006405], [6.011877, 50.006454], [6.012007, 50.006523], [6.012068, 50.00656], [6.012083, 50.00655], [6.01219, 50.00642], [6.012285, 50.006283], [6.012457, 50.005966], [6.011827, 50.005672], [6.011412, 50.005474], [6.01119, 50.00537], [6.010492, 50.00504], [6.010218, 50.004913], [6.009859, 50.00474], [6.009485, 50.0046], [6.008261, 50.004143], [6.008379, 50.00402], [6.008493, 50.003895], [6.00852, 50.00386], [6.008638, 50.00374], [6.008718, 50.003654], [6.008772, 50.00361], [6.008886, 50.003513], [6.008905, 50.003498], [6.009058, 50.003365], [6.009131, 50.003304], [6.009188, 50.003258], [6.009333, 50.003136], [6.009573, 50.00293], [6.009611, 50.0029], [6.009722, 50.002804], [6.009771, 50.002773], [6.009962, 50.002865], [6.01005, 50.002876], [6.01016, 50.002895], [6.01037, 50.002926], [6.010508, 50.00295], [6.010737, 50.003006], [6.010843, 50.00304], [6.011183, 50.00317], [6.011347, 50.00324], [6.011522, 50.00331], [6.011801, 50.003433], [6.012094, 50.003555], [6.012209, 50.003418], [6.012278, 50.003334], [6.012674, 50.00286], [6.012781, 50.002747], [6.01322, 50.002815], [6.014269, 50.00299], [6.014334, 50.003006], [6.015051, 50.003166], [6.016207, 50.003468], [6.016298, 50.003357], [6.016455, 50.003162], [6.016546, 50.00305], [6.016573, 50.00302], [6.016764, 50.00278], [6.016874, 50.00263], [6.016909, 50.00258], [6.016916, 50.002552], [6.01692, 50.002476], [6.016913, 50.002373], [6.016901, 50.00231], [6.016886, 50.002243], [6.01687, 50.002193], [6.01679, 50.002052], [6.016783, 50.002026], [6.016775, 50.00199], [6.016779, 50.00197], [6.016802, 50.00193], [6.016836, 50.001892], [6.016993, 50.00174], [6.017069, 50.00166], [6.017256, 50.001476], [6.017275, 50.00143], [6.017313, 50.001305], [6.017412, 50.00093], [6.017836, 50.001167], [6.018022, 50.00127], [6.018194, 50.001385], [6.018377, 50.001514], [6.018896, 50.00191], [6.019419, 50.00144], [6.019648, 50.001225], [6.019724, 50.00117], [6.02022, 50.000847], [6.020231, 50.000843], [6.020101, 50.000774], [6.019636, 50.000538], [6.019636, 50.000526], [6.020178, 50.000134], [6.020285, 50.000065], [6.020376, 50.0], [6.020666, 49.99978], [6.021021, 49.9995], [6.02133, 49.99925], [6.021566, 49.99937], [6.021742, 49.999165], [6.021898, 49.998985], [6.022001, 49.998863], [6.022749, 49.999146], [6.023199, 49.999332], [6.023592, 49.99951], [6.024164, 49.99978], [6.02442, 49.9999], [6.024862, 50.000088], [6.024874, 50.00009], [6.025042, 50.00015], [6.02508, 50.000164], [6.025316, 50.000248], [6.025396, 50.000275], [6.025625, 50.000336], [6.026022, 50.000435], [6.026224, 50.000477], [6.026331, 50.000095], [6.026495, 49.99959], [6.026613, 49.999218], [6.027208, 49.999275], [6.027182, 49.99933], [6.027857, 49.99949], [6.028246, 49.99958], [6.02849, 49.99964], [6.028528, 49.999634], [6.028822, 49.999565], [6.029108, 49.999496], [6.029325, 49.99946], [6.029478, 49.99944], [6.029692, 49.99942], [6.030047, 49.999405], [6.030306, 49.999397], [6.030428, 49.9994], [6.030588, 49.999413], [6.030775, 49.99944], [6.030897, 49.999454], [6.030947, 49.999462], [6.031069, 49.999516], [6.031195, 49.999577], [6.031363, 49.999672], [6.03142, 49.999706], [6.03153, 49.999794], [6.031591, 49.999847], [6.031714, 49.999966], [6.031813, 50.00005], [6.031969, 50.00016], [6.03211, 50.00025], [6.032301, 50.000362], [6.032721, 50.000576], [6.032873, 50.00044], [6.032965, 50.00036], [6.033148, 50.000195], [6.033167, 50.000183], [6.033293, 50.00027], [6.033426, 50.000343], [6.033686, 50.00046], [6.033926, 50.000565], [6.034071, 50.000618], [6.034239, 50.00066], [6.034475, 50.0007], [6.034647, 50.000755], [6.034929, 50.00085], [6.035303, 50.000984], [6.035501, 50.001072], [6.035563, 50.00111], [6.035616, 50.00115], [6.035681, 50.001217], [6.035761, 50.00128], [6.035807, 50.00132], [6.036158, 50.001537], [6.036573, 50.001797], [6.036776, 50.001938], [6.036879, 50.002014], [6.036959, 50.002083], [6.037031, 50.002163], [6.037108, 50.002293], [6.037565, 50.002903], [6.037653, 50.00299], [6.037748, 50.003063], [6.037924, 50.003185], [6.038107, 50.0033], [6.038298, 50.00341], [6.038466, 50.00349], [6.038809, 50.003624], [6.03895, 50.003677], [6.039053, 50.00373], [6.039148, 50.0038], [6.039316, 50.003952], [6.039453, 50.004063], [6.039591, 50.00417], [6.039751, 50.004284], [6.039862, 50.004368], [6.039911, 50.004436], [6.039923, 50.004482], [6.039926, 50.004562], [6.039946, 50.004723], [6.040018, 50.005028], [6.040026, 50.005177], [6.040068, 50.00541], [6.040102, 50.005543], [6.040121, 50.0055], [6.040853, 50.005383], [6.041201, 50.005318], [6.04141, 50.00525], [6.041452, 50.005234], [6.041597, 50.00517], [6.041658, 50.00514], [6.0417, 50.005116], [6.041719, 50.005104], [6.041746, 50.00508], [6.04191, 50.004944], [6.042063, 50.00475], [6.042124, 50.00469], [6.042276, 50.004585], [6.042402, 50.00449], [6.042528, 50.004383], [6.042788, 50.004253], [6.042986, 50.003998], [6.042993, 50.00397], [6.042963, 50.003765], [6.042917, 50.003536], [6.04291, 50.00331], [6.042921, 50.003204], [6.04294, 50.003136], [6.042978, 50.00307], [6.043062, 50.00297], [6.043127, 50.00292], [6.043161, 50.002895], [6.043226, 50.002853], [6.043284, 50.002808], [6.043344, 50.002747], [6.043402, 50.002674], [6.043505, 50.00253], [6.043577, 50.00244], [6.04365, 50.002365], [6.043722, 50.002304], [6.043837, 50.002235], [6.043978, 50.002186], [6.043947, 50.00215], [6.043947, 50.00213], [6.043928, 50.002106], [6.043894, 50.002083], [6.043879, 50.002052], [6.043844, 50.00202], [6.043718, 50.00191], [6.043623, 50.00179], [6.043531, 50.001656], [6.043516, 50.001637], [6.043478, 50.00156], [6.043505, 50.001087], [6.043489, 50.000835], [6.043478, 50.000736], [6.043455, 50.00065], [6.043425, 50.000603], [6.043398, 50.000546], [6.04339, 50.000473], [6.043402, 50.000397], [6.043448, 50.000244], [6.043489, 50.000156], [6.043524, 50.000095], [6.043596, 50.00002], [6.043676, 49.999954], [6.043726, 49.999916], [6.043764, 49.99991], [6.043814, 49.999897], [6.043871, 49.999863], [6.043974, 49.999767], [6.044027, 49.999706], [6.044077, 49.99964], [6.044084, 49.999615], [6.044084, 49.99959], [6.044077, 49.999542], [6.044054, 49.999416], [6.044054, 49.999302], [6.044069, 49.99923], [6.044104, 49.999115], [6.044123, 49.999043], [6.044123, 49.998985], [6.044104, 49.998936], [6.044119, 49.998882], [6.044138, 49.998837], [6.044191, 49.998783], [6.044199, 49.998764], [6.044191, 49.99875], [6.044168, 49.998737], [6.04413, 49.99873], [6.0441, 49.99872], [6.044092, 49.9987], [6.044115, 49.998672], [6.044153, 49.998634], [6.04418, 49.998596], [6.044199, 49.998524], [6.044199, 49.998455], [6.044172, 49.998386], [6.044138, 49.99829], [6.044146, 49.998234], [6.044187, 49.99813], [6.044287, 49.997932], [6.044374, 49.997753], [6.044279, 49.997715], [6.044321, 49.99759], [6.04439, 49.997444], [6.04447, 49.997314], [6.044546, 49.997227], [6.044607, 49.99718], [6.044668, 49.99715], [6.044989, 49.997234], [6.045061, 49.997272], [6.045084, 49.9973], [6.045111, 49.997364], [6.045156, 49.997414], [6.045206, 49.99744], [6.045267, 49.99746], [6.04537, 49.99749], [6.045626, 49.997566], [6.045759, 49.997593], [6.045896, 49.997623], [6.046099, 49.997684], [6.046206, 49.99772], [6.046309, 49.99775], [6.046423, 49.997765], [6.046518, 49.997795], [6.046617, 49.997837], [6.046755, 49.99789], [6.046824, 49.997925], [6.046877, 49.99797], [6.046938, 49.998005], [6.046999, 49.998062], [6.047029, 49.998108], [6.047041, 49.998158], [6.047026, 49.99821], [6.047014, 49.99827], [6.047018, 49.998287], [6.047075, 49.9983], [6.047152, 49.998287], [6.047228, 49.99827], [6.0473, 49.99827], [6.047358, 49.99829], [6.047422, 49.998356], [6.047468, 49.998398], [6.047647, 49.998512], [6.04772, 49.998554], [6.047773, 49.998577], [6.047857, 49.998596], [6.047903, 49.998608], [6.047945, 49.99863], [6.047964, 49.998653], [6.047998, 49.998684], [6.048029, 49.9987], [6.048078, 49.998703], [6.048132, 49.9987], [6.048178, 49.998703], [6.04822, 49.99872], [6.048265, 49.998734], [6.048319, 49.998745], [6.048384, 49.998734], [6.048445, 49.99871], [6.048513, 49.998688], [6.04859, 49.998646], [6.04862, 49.99863], [6.048693, 49.9986], [6.048719, 49.998604], [6.048742, 49.998627], [6.04875, 49.998653], [6.048784, 49.998676], [6.04883, 49.998695], [6.048883, 49.998722], [6.048967, 49.99877], [6.049028, 49.998802], [6.04907, 49.99884], [6.049093, 49.99888], [6.049124, 49.998917], [6.049158, 49.998943], [6.049185, 49.998974], [6.049204, 49.99901], [6.049219, 49.99905], [6.049223, 49.99909], [6.04925, 49.999126], [6.049295, 49.999153], [6.049364, 49.99917], [6.049448, 49.999184], [6.049528, 49.999207], [6.049597, 49.999237], [6.049624, 49.999264], [6.049654, 49.99929], [6.0497, 49.99932], [6.049765, 49.999344], [6.049894, 49.9994], [6.049952, 49.99942], [6.050043, 49.999443], [6.050299, 49.9995], [6.050566, 49.999565], [6.050673, 49.9996], [6.050787, 49.999634], [6.050985, 49.999702], [6.051474, 49.999897], [6.051508, 49.99991], [6.05158, 49.99994], [6.051645, 49.999966], [6.05242, 50.000267], [6.05266, 50.000362], [6.053072, 50.000515], [6.053186, 50.00052], [6.053362, 50.000523], [6.053408, 50.000534], [6.053427, 50.00056], [6.053423, 50.000584], [6.053404, 50.000614], [6.053381, 50.000652], [6.053377, 50.000694], [6.053408, 50.00076], [6.053453, 50.000816], [6.053522, 50.000885], [6.053606, 50.000942], [6.053701, 50.000996], [6.05377, 50.001026], [6.053869, 50.001057], [6.054071, 50.001095], [6.054121, 50.00111], [6.054163, 50.001133], [6.05422, 50.001175], [6.05427, 50.001205], [6.05435, 50.001236], [6.054487, 50.00127], [6.054571, 50.0013], [6.054655, 50.00135], [6.054769, 50.001404], [6.054884, 50.00145], [6.05504, 50.001507], [6.055281, 50.00159], [6.055456, 50.001656], [6.055872, 50.00161], [6.056124, 50.001583], [6.05617, 50.00159], [6.056196, 50.001606], [6.056208, 50.001633], [6.056189, 50.00169], [6.056173, 50.001728], [6.05615, 50.00179], [6.056135, 50.001865], [6.056127, 50.001926], [6.056131, 50.00198], [6.056692, 50.00214], [6.056852, 50.002007], [6.057077, 50.00212], [6.057852, 50.002518], [6.058042, 50.00262], [6.058157, 50.002693], [6.058302, 50.00276], [6.058401, 50.002827], [6.058405, 50.00287], [6.058802, 50.003094], [6.059133, 50.003284], [6.059271, 50.003372], [6.059481, 50.003536], [6.059656, 50.003666], [6.059721, 50.00371], [6.059744, 50.003727], [6.060179, 50.00335], [6.060312, 50.003216], [6.060385, 50.00314], [6.0604, 50.00309], [6.060503, 50.002666], [6.060515, 50.002625], [6.060587, 50.00229], [6.060595, 50.002266], [6.060637, 50.00208], [6.060686, 50.001835], [6.060701, 50.00175], [6.060717, 50.0017], [6.06072, 50.001667], [6.06074, 50.001553], [6.060751, 50.00142], [6.060762, 50.00131], [6.060774, 50.00118], [6.060793, 50.000923], [6.060804, 50.000755], [6.060812, 50.000668], [6.06082, 50.00051], [6.060842, 50.00017], [6.060755, 50.000023], [6.060717, 49.999966], [6.060556, 49.9997], [6.060473, 49.999557], [6.060278, 49.999245], [6.060232, 49.999218], [6.059858, 49.999016], [6.059561, 49.998882], [6.059317, 49.998775], [6.059683, 49.99815], [6.059591, 49.99808], [6.059534, 49.99804], [6.059282, 49.997887], [6.059156, 49.997814], [6.059042, 49.997753], [6.058779, 49.99763], [6.058386, 49.997467], [6.058516, 49.99724], [6.058775, 49.997032], [6.059229, 49.99667], [6.058752, 49.996494], [6.058466, 49.996387], [6.058687, 49.99607], [6.058077, 49.995796], [6.057775, 49.99566], [6.057501, 49.99555], [6.057466, 49.995533], [6.056925, 49.995304], [6.056513, 49.995094], [6.056444, 49.99506], [6.056547, 49.994904], [6.056623, 49.994755], [6.05665, 49.99467], [6.056723, 49.994415], [6.05673, 49.994396], [6.056604, 49.994347], [6.056517, 49.99431], [6.05641, 49.994255], [6.056353, 49.994213], [6.056238, 49.99416], [6.056173, 49.99414], [6.056036, 49.994114], [6.055819, 49.994072], [6.055616, 49.994022], [6.055479, 49.99398], [6.055216, 49.993893], [6.054983, 49.993828], [6.054789, 49.993782], [6.054445, 49.99372], [6.054041, 49.993683], [6.0539, 49.99366], [6.05382, 49.99364], [6.053717, 49.99361], [6.053598, 49.993565], [6.053495, 49.99351], [6.053305, 49.9934], [6.052885, 49.993153], [6.052637, 49.993004], [6.052317, 49.992813], [6.052111, 49.992683], [6.05184, 49.992546], [6.051687, 49.992493], [6.051557, 49.99244], [6.051569, 49.992424], [6.051741, 49.992146], [6.051832, 49.99197], [6.051901, 49.99183], [6.051962, 49.99169], [6.052092, 49.991383], [6.052191, 49.991093], [6.052286, 49.990723], [6.05229, 49.99068], [6.052305, 49.99057], [6.052301, 49.990433], [6.05229, 49.990257], [6.052298, 49.99018], [6.052317, 49.990047], [6.052332, 49.989933], [6.052351, 49.989845], [6.052397, 49.98967], [6.052412, 49.989635], [6.052423, 49.989605], [6.052435, 49.989544], [6.052427, 49.98951], [6.052435, 49.98946], [6.052431, 49.98941], [6.052385, 49.989304], [6.052355, 49.98924], [6.052309, 49.989155], [6.052282, 49.98908], [6.052275, 49.988995], [6.052282, 49.988914], [6.052309, 49.988827], [6.052336, 49.98876], [6.05237, 49.988705], [6.052427, 49.98864], [6.052481, 49.988586], [6.052549, 49.988544], [6.052614, 49.98849], [6.052706, 49.988396], [6.053053, 49.988003], [6.05308, 49.98797], [6.053141, 49.9879], [6.053213, 49.987812], [6.052763, 49.987614], [6.052092, 49.987335], [6.052019, 49.98731], [6.051897, 49.987244], [6.051821, 49.98721], [6.051779, 49.98719], [6.051687, 49.98717], [6.051371, 49.987118], [6.051115, 49.987064], [6.050966, 49.98703], [6.050791, 49.986988], [6.050638, 49.986946], [6.050436, 49.986885], [6.050039, 49.986748], [6.049799, 49.986675], [6.049574, 49.9866], [6.049383, 49.98654], [6.049139, 49.98652], [6.048681, 49.98652], [6.048552, 49.986504], [6.048506, 49.98649], [6.048452, 49.986458], [6.048403, 49.986412], [6.048346, 49.986362], [6.048288, 49.98633], [6.048254, 49.98631], [6.048197, 49.986298], [6.048151, 49.986298], [6.048101, 49.9863], [6.048029, 49.986317], [6.047911, 49.986374], [6.04785, 49.986404], [6.047815, 49.98642], [6.047762, 49.98645], [6.047686, 49.986492], [6.047636, 49.98651], [6.047529, 49.986572], [6.047461, 49.9866], [6.047377, 49.98663], [6.047308, 49.986656], [6.047171, 49.986713], [6.047098, 49.986732], [6.047033, 49.986736], [6.04698, 49.986744], [6.046858, 49.986748], [6.046698, 49.986744], [6.046614, 49.986736], [6.046572, 49.98673], [6.046518, 49.98671], [6.046454, 49.986668], [6.046381, 49.98662], [6.046335, 49.9866], [6.046251, 49.986572], [6.046186, 49.986557], [6.046011, 49.98652], [6.045923, 49.98649], [6.045855, 49.98645], [6.045805, 49.986404], [6.04574, 49.98638], [6.045683, 49.986362], [6.045626, 49.98634], [6.045587, 49.986286], [6.045572, 49.986267], [6.045549, 49.986244], [6.045519, 49.98622], [6.045412, 49.98615], [6.045355, 49.98611], [6.045252, 49.986046], [6.045141, 49.985973], [6.045023, 49.985878], [6.044973, 49.98583], [6.044947, 49.985783], [6.044928, 49.985737], [6.044901, 49.985714], [6.04487, 49.985695], [6.044817, 49.985657], [6.044786, 49.985626], [6.044756, 49.985577], [6.044748, 49.985535], [6.044725, 49.98545], [6.044687, 49.985344], [6.044676, 49.985287], [6.044668, 49.98523], [6.044657, 49.985195], [6.044588, 49.985104], [6.044474, 49.98496], [6.044416, 49.98491], [6.044329, 49.984848], [6.044199, 49.98475], [6.043875, 49.984543], [6.043837, 49.98452], [6.043818, 49.984493], [6.043806, 49.98447], [6.043795, 49.98445], [6.04376, 49.98443], [6.043753, 49.98441], [6.043749, 49.98438], [6.043722, 49.984356], [6.04365, 49.98431], [6.043508, 49.984222], [6.043436, 49.98419], [6.043371, 49.98418], [6.04331, 49.984165], [6.043276, 49.98415], [6.043245, 49.98412], [6.043222, 49.98409], [6.043135, 49.983955], [6.043108, 49.98391], [6.043032, 49.98387], [6.042993, 49.983856], [6.042955, 49.983833], [6.042925, 49.98382], [6.042875, 49.983803], [6.042845, 49.983784], [6.042814, 49.983772], [6.042746, 49.983765], [6.042589, 49.983738], [6.042482, 49.983738], [6.042311, 49.983757], [6.042158, 49.983788], [6.041887, 49.983833], [6.041834, 49.98384], [6.041803, 49.983837], [6.04175, 49.983826], [6.041693, 49.983807], [6.041407, 49.983673], [6.041288, 49.983627], [6.041178, 49.983597], [6.041109, 49.983677], [6.041082, 49.983723], [6.041075, 49.983734], [6.041063, 49.983765], [6.041044, 49.983803], [6.041021, 49.983845], [6.041002, 49.983883], [6.040991, 49.98392], [6.040957, 49.983955], [6.040945, 49.983974], [6.040915, 49.984013], [6.040903, 49.98405], [6.040888, 49.984104], [6.040876, 49.984135], [6.040857, 49.984165], [6.040853, 49.984196], [6.040846, 49.98423], [6.040823, 49.98427], [6.040785, 49.98431], [6.04077, 49.984333], [6.04075, 49.984386], [6.04072, 49.984436], [6.040663, 49.98451], [6.040548, 49.98472], [6.040522, 49.98476], [6.040464, 49.98483], [6.040277, 49.985027], [6.039862, 49.98504], [6.039331, 49.985054], [6.039522, 49.984795], [6.03916, 49.984615], [6.038942, 49.98452], [6.038767, 49.98445], [6.038458, 49.984337], [6.038355, 49.9843], [6.037954, 49.984184], [6.037687, 49.984123], [6.037531, 49.9841], [6.037493, 49.984097], [6.037271, 49.984093], [6.037237, 49.984097], [6.037191, 49.9841], [6.037043, 49.98412], [6.036737, 49.984207], [6.0361, 49.9844], [6.035997, 49.984436], [6.035833, 49.984432], [6.035643, 49.984394], [6.035551, 49.98435], [6.035505, 49.984306], [6.035837, 49.98399], [6.035967, 49.983856], [6.036161, 49.98362], [6.0362, 49.98356], [6.036207, 49.983448], [6.036249, 49.983227], [6.036009, 49.982925], [6.03599, 49.98283], [6.036005, 49.982773], [6.036058, 49.982643], [6.036093, 49.98254], [6.036104, 49.982494], [6.036158, 49.982327], [6.036207, 49.982212], [6.036257, 49.982086], [6.03628, 49.981956], [6.036264, 49.98187], [6.03623, 49.98182], [6.036169, 49.98176], [6.03599, 49.981647], [6.035776, 49.981503], [6.035685, 49.981422], [6.035673, 49.98136], [6.035685, 49.981354], [6.035551, 49.981274], [6.035521, 49.981247], [6.035513, 49.981205], [6.035505, 49.98118], [6.035494, 49.981155], [6.035456, 49.98112], [6.035356, 49.981064], [6.035295, 49.981033], [6.035212, 49.98095], [6.035025, 49.98084], [6.034838, 49.980717], [6.034693, 49.98063], [6.034422, 49.980446], [6.034304, 49.98038], [6.034128, 49.980297], [6.034014, 49.98025], [6.033842, 49.980198], [6.033735, 49.980167], [6.033415, 49.980045], [6.033083, 49.979916], [6.032865, 49.979836], [6.032774, 49.979794], [6.032721, 49.979763], [6.032694, 49.97974], [6.032663, 49.979675], [6.032621, 49.979607], [6.032572, 49.97956], [6.032518, 49.97953], [6.0324, 49.979485], [6.032343, 49.979465], [6.032312, 49.979443], [6.032251, 49.97939], [6.032103, 49.979195], [6.032072, 49.97915], [6.032049, 49.97907], [6.032038, 49.978916], [6.032034, 49.978855], [6.031996, 49.978725], [6.032003, 49.97868], [6.032061, 49.97859], [6.032099, 49.978535], [6.032099, 49.9785], [6.032064, 49.97838], [6.032015, 49.978317], [6.031965, 49.978252], [6.031965, 49.978214], [6.031973, 49.97818], [6.032045, 49.978004], [6.032049, 49.97795], [6.032045, 49.97791], [6.032023, 49.97787], [6.031988, 49.97782], [6.031904, 49.97773], [6.031862, 49.97767], [6.031836, 49.977592], [6.031809, 49.97747], [6.031786, 49.977352], [6.031752, 49.977264], [6.031736, 49.977245], [6.031694, 49.977222], [6.031519, 49.977135], [6.031347, 49.97706], [6.031248, 49.977016], [6.030985, 49.976925], [6.030706, 49.976837], [6.030577, 49.976784], [6.03039, 49.976704], [6.030252, 49.97664], [6.030111, 49.976566], [6.030012, 49.9765], [6.02989, 49.976383], [6.029825, 49.97634], [6.029711, 49.976288], [6.029459, 49.976143], [6.029265, 49.976036], [6.0291, 49.975983], [6.02886, 49.9759], [6.02878, 49.97587], [6.028681, 49.97583], [6.028582, 49.975784], [6.028494, 49.97574], [6.028441, 49.9757], [6.02841, 49.975666], [6.028334, 49.97556], [6.028311, 49.975536], [6.028288, 49.975517], [6.02812, 49.975433], [6.028078, 49.97541], [6.028051, 49.97538], [6.028013, 49.975323], [6.027983, 49.975285], [6.027945, 49.975258], [6.02791, 49.97522], [6.027876, 49.97518], [6.027826, 49.975136], [6.027792, 49.975094], [6.027773, 49.97503], [6.027765, 49.97494], [6.027746, 49.97487], [6.027712, 49.9748], [6.027666, 49.974743], [6.02762, 49.97467], [6.027578, 49.974575], [6.027525, 49.97443], [6.027475, 49.97427], [6.027456, 49.974228], [6.027426, 49.974174], [6.027411, 49.97415], [6.027391, 49.974136], [6.027349, 49.97411], [6.027288, 49.974087], [6.027224, 49.97406], [6.027182, 49.97404], [6.027121, 49.974003], [6.027056, 49.973953], [6.026987, 49.973885], [6.026903, 49.97377], [6.026846, 49.97367], [6.026812, 49.97359], [6.026777, 49.97349], [6.026747, 49.973476], [6.026686, 49.973457], [6.02664, 49.973442], [6.026602, 49.97341], [6.026522, 49.97334], [6.026461, 49.97331], [6.026403, 49.973293], [6.026319, 49.97328], [6.026239, 49.973274], [6.026178, 49.973274], [6.026087, 49.973286], [6.025972, 49.973312], [6.025847, 49.973343], [6.025732, 49.973366], [6.025663, 49.973373], [6.02561, 49.97337], [6.025896, 49.973057], [6.02664, 49.972675], [6.027136, 49.972424], [6.027285, 49.972347], [6.028368, 49.971794], [6.028517, 49.97171], [6.028704, 49.971592], [6.028807, 49.97152], [6.028879, 49.971466], [6.028917, 49.971436], [6.028971, 49.971455], [6.029013, 49.971405], [6.029215, 49.971222], [6.029478, 49.970978], [6.029493, 49.970963], [6.029367, 49.970913], [6.028967, 49.970783], [6.028685, 49.970688], [6.028498, 49.97062], [6.028128, 49.970474], [6.02804, 49.97044], [6.02788, 49.970387], [6.027391, 49.970257], [6.027056, 49.970165], [6.026743, 49.970066], [6.026155, 49.969868], [6.025957, 49.9698], [6.025663, 49.96971], [6.025278, 49.969578], [6.025068, 49.969494], [6.02495, 49.969433], [6.024839, 49.96937], [6.024561, 49.969177], [6.024469, 49.969112], [6.024301, 49.968983], [6.024179, 49.968872], [6.024069, 49.968754], [6.024031, 49.96871], [6.023924, 49.968555], [6.023874, 49.96848], [6.023783, 49.96839], [6.023634, 49.968273], [6.023333, 49.968], [6.023325, 49.967743], [6.023329, 49.9677], [6.023409, 49.967377], [6.02347, 49.967228], [6.023554, 49.967125], [6.023672, 49.96703], [6.023909, 49.966846], [6.024042, 49.966698], [6.024118, 49.96663], [6.024374, 49.966454], [6.024439, 49.966396], [6.024523, 49.966305], [6.024641, 49.966133], [6.02466, 49.966103], [6.024752, 49.9661], [6.024805, 49.9661], [6.024855, 49.966118], [6.024897, 49.966152], [6.02495, 49.966236], [6.025053, 49.966457], [6.025129, 49.96658], [6.025244, 49.966698], [6.025408, 49.966827], [6.025633, 49.966972], [6.025854, 49.9671], [6.026079, 49.967205], [6.026362, 49.96733], [6.026693, 49.967472], [6.027041, 49.967606], [6.027517, 49.9678], [6.02751, 49.967777], [6.02743, 49.96767], [6.027281, 49.96753], [6.02725, 49.967484], [6.027101, 49.96728], [6.02693, 49.967087], [6.026857, 49.966953], [6.026758, 49.96682], [6.026636, 49.966663], [6.026525, 49.966526], [6.026465, 49.966484], [6.026354, 49.96644], [6.026304, 49.96641], [6.026224, 49.966347], [6.026182, 49.966312], [6.026178, 49.966274], [6.02619, 49.96624], [6.026178, 49.966198], [6.026163, 49.96615], [6.02611, 49.96611], [6.02611, 49.96608], [6.026136, 49.965992], [6.026182, 49.965916], [6.026228, 49.96585], [6.02627, 49.96582], [6.026381, 49.965767], [6.026442, 49.96574], [6.026506, 49.9657], [6.026575, 49.96562], [6.026712, 49.96551], [6.026781, 49.965458], [6.026823, 49.96541], [6.02688, 49.96532], [6.027113, 49.965137], [6.0273, 49.964966], [6.027475, 49.96484], [6.027525, 49.9648], [6.027548, 49.96478], [6.027594, 49.9647], [6.027651, 49.964565], [6.027689, 49.964478], [6.027719, 49.96443], [6.02775, 49.964413], [6.027849, 49.964348], [6.027941, 49.964268], [6.027998, 49.964172], [6.02807, 49.9641], [6.028131, 49.96408], [6.028227, 49.964066], [6.028299, 49.964024], [6.028326, 49.963997], [6.028341, 49.963955], [6.028376, 49.964024], [6.028463, 49.964085], [6.028559, 49.964134], [6.028646, 49.96422], [6.028711, 49.964264], [6.028963, 49.964386], [6.029116, 49.96444], [6.029283, 49.96449], [6.029425, 49.964535], [6.029615, 49.96459], [6.029695, 49.96461], [6.029787, 49.96462], [6.029882, 49.964622], [6.029943, 49.964626], [6.030005, 49.96464], [6.030107, 49.964684], [6.030271, 49.964775], [6.030348, 49.964806], [6.030405, 49.96483], [6.03042, 49.964836], [6.0305, 49.964878], [6.030603, 49.964928], [6.030737, 49.96498], [6.030905, 49.965015], [6.03105, 49.965034], [6.031168, 49.96503], [6.031275, 49.965015], [6.031549, 49.964954], [6.031832, 49.964905], [6.03198, 49.96488], [6.032042, 49.96486], [6.032114, 49.964817], [6.032259, 49.964737], [6.032362, 49.964706], [6.032453, 49.96469], [6.032736, 49.964672], [6.0329, 49.96466], [6.033087, 49.964645], [6.033277, 49.964622], [6.033541, 49.96457], [6.034056, 49.964466], [6.034178, 49.964443], [6.034189, 49.964443], [6.0343, 49.964417], [6.03433, 49.964413], [6.034487, 49.964424], [6.034735, 49.96437], [6.03507, 49.964317], [6.035399, 49.96425], [6.035509, 49.96423], [6.035635, 49.964214], [6.035765, 49.964195], [6.035795, 49.964188], [6.035925, 49.964146], [6.036058, 49.964104], [6.036108, 49.964104], [6.036177, 49.964108], [6.036295, 49.964127], [6.036367, 49.964127], [6.036436, 49.964115], [6.036505, 49.964096], [6.036604, 49.96405], [6.036684, 49.964005], [6.036764, 49.963943], [6.036802, 49.963924], [6.037195, 49.96374], [6.037558, 49.96358], [6.03797, 49.96342], [6.038294, 49.963326], [6.038534, 49.96327], [6.039179, 49.963203], [6.039328, 49.9632], [6.039522, 49.963207], [6.039762, 49.963226], [6.039904, 49.963226], [6.040041, 49.96322], [6.040129, 49.963196], [6.040159, 49.963192], [6.040194, 49.963196], [6.040239, 49.96321], [6.040346, 49.963234], [6.040396, 49.963234], [6.040464, 49.963223], [6.040499, 49.963223], [6.040529, 49.963226], [6.040564, 49.96324], [6.040655, 49.96326], [6.040739, 49.963272], [6.040815, 49.963272], [6.040892, 49.963264], [6.04101, 49.96328], [6.041117, 49.963287], [6.041128, 49.963287], [6.041197, 49.963264], [6.041246, 49.963245], [6.041296, 49.963238], [6.041319, 49.963238], [6.041391, 49.963245], [6.041456, 49.96326], [6.041487, 49.96328], [6.041525, 49.963326], [6.04154, 49.96335], [6.041575, 49.96336], [6.041632, 49.963367], [6.041693, 49.96336], [6.041742, 49.96336], [6.041765, 49.963364], [6.041788, 49.96337], [6.041853, 49.963383], [6.041895, 49.963394], [6.041929, 49.9634], [6.041983, 49.9634], [6.041998, 49.963398], [6.042063, 49.963127], [6.042074, 49.963078], [6.04209, 49.963005], [6.042112, 49.962946], [6.042131, 49.962894], [6.042337, 49.962486], [6.042391, 49.962418], [6.042448, 49.962357], [6.042601, 49.962254], [6.042662, 49.962208], [6.0427, 49.96217], [6.04273, 49.962124], [6.042765, 49.962017], [6.042791, 49.961918], [6.042807, 49.961834], [6.042822, 49.961723], [6.042257, 49.961655], [6.042231, 49.961475], [6.042196, 49.961296], [6.042177, 49.96122], [6.042162, 49.961174], [6.042131, 49.96111], [6.042097, 49.96106], [6.042021, 49.960968], [6.041994, 49.960938], [6.041845, 49.9608], [6.041674, 49.960648], [6.041613, 49.9606], [6.041353, 49.96043], [6.041265, 49.960377], [6.041067, 49.96025], [6.040918, 49.960163], [6.040793, 49.96008], [6.04069, 49.96], [6.040567, 49.959904], [6.040319, 49.959694], [6.040201, 49.959602], [6.040125, 49.959553], [6.039801, 49.95934], [6.03945, 49.959106], [6.039297, 49.95901], [6.039167, 49.95891], [6.039084, 49.958847], [6.039015, 49.958797], [6.038942, 49.958733], [6.038904, 49.9587], [6.038717, 49.958664], [6.038382, 49.958588], [6.03813, 49.958508], [6.037821, 49.9584], [6.037413, 49.958275], [6.037111, 49.95821], [6.036909, 49.95819], [6.036676, 49.958176], [6.036646, 49.95813], [6.036657, 49.95809], [6.036737, 49.95806], [6.036802, 49.95803], [6.036829, 49.95801], [6.036863, 49.957973], [6.036886, 49.957897], [6.036909, 49.957806], [6.036955, 49.957733], [6.037012, 49.957676], [6.037062, 49.95763], [6.0371, 49.9576], [6.037188, 49.95752], [6.037241, 49.957455], [6.037291, 49.957355], [6.037455, 49.95703], [6.037493, 49.95696], [6.037615, 49.95675], [6.037706, 49.956642], [6.037878, 49.956425], [6.037947, 49.956318], [6.037985, 49.95621], [6.038027, 49.95612], [6.038061, 49.956062], [6.038168, 49.955956], [6.038294, 49.95579], [6.038347, 49.955723], [6.038477, 49.955612], [6.038595, 49.955517], [6.038664, 49.955452], [6.038721, 49.9554], [6.038801, 49.955284], [6.038847, 49.95522], [6.038912, 49.955147], [6.038996, 49.95508], [6.039068, 49.955025], [6.03953, 49.95482], [6.039892, 49.954647], [6.039942, 49.954617], [6.040163, 49.95449], [6.040205, 49.954483], [6.040522, 49.954407], [6.040762, 49.95435], [6.040953, 49.95428], [6.041101, 49.95424], [6.041182, 49.95422], [6.04122, 49.95421], [6.041365, 49.954144], [6.041494, 49.954075], [6.041601, 49.953995], [6.041674, 49.95393], [6.041696, 49.953907], [6.041731, 49.95387], [6.041826, 49.95377], [6.041998, 49.953598], [6.042044, 49.953533], [6.042196, 49.95334], [6.042303, 49.953213], [6.042318, 49.953194], [6.042318, 49.95317], [6.042311, 49.953075], [6.042295, 49.952995], [6.042265, 49.952946], [6.042204, 49.952873], [6.042131, 49.952793], [6.041964, 49.952576], [6.041899, 49.952515], [6.041838, 49.95247], [6.041685, 49.952362], [6.041616, 49.9523], [6.041552, 49.95224], [6.041407, 49.952076], [6.041262, 49.95194], [6.041109, 49.951805], [6.04101, 49.951733], [6.040621, 49.951454], [6.040411, 49.951336], [6.040197, 49.951294], [6.039988, 49.951256], [6.039968, 49.951256], [6.039656, 49.951237], [6.038889, 49.95092], [6.039064, 49.95081], [6.039267, 49.950687], [6.0394, 49.950615], [6.03969, 49.950443], [6.039911, 49.950283], [6.039965, 49.950237], [6.040174, 49.95003], [6.04038, 49.94982], [6.040442, 49.949753], [6.040537, 49.949627], [6.040762, 49.949318], [6.04101, 49.949043], [6.041048, 49.948994], [6.041052, 49.94896], [6.041044, 49.948925], [6.04101, 49.94888], [6.040808, 49.94865], [6.040701, 49.948517], [6.040667, 49.948456], [6.04064, 49.94838], [6.040628, 49.94831], [6.040628, 49.948257], [6.040667, 49.948074], [6.04069, 49.947792], [6.040617, 49.947556], [6.040564, 49.947395], [6.040464, 49.94724], [6.0404, 49.947132], [6.040373, 49.947124], [6.040235, 49.94706], [6.040106, 49.94699], [6.040018, 49.946915], [6.039942, 49.94682], [6.039888, 49.946743], [6.039801, 49.946598], [6.039747, 49.94652], [6.039679, 49.946465], [6.039629, 49.946426], [6.039518, 49.946346], [6.039377, 49.94627], [6.039255, 49.94622], [6.039068, 49.94615], [6.038996, 49.94613], [6.038836, 49.94608], [6.038698, 49.946014], [6.038656, 49.94599], [6.038557, 49.945923], [6.038389, 49.945793], [6.03824, 49.945675], [6.038034, 49.945522], [6.037935, 49.945423], [6.037687, 49.945164], [6.03763, 49.945107], [6.037558, 49.94503], [6.037462, 49.944942], [6.03731, 49.944828], [6.037027, 49.9446], [6.03694, 49.944496], [6.036814, 49.944317], [6.036787, 49.94423], [6.036764, 49.94414], [6.036753, 49.9438], [6.036749, 49.943565], [6.03676, 49.94349], [6.036802, 49.943348], [6.036806, 49.943287], [6.036798, 49.943253], [6.036745, 49.94317], [6.036722, 49.94313], [6.036734, 49.94286], [6.036764, 49.942783], [6.036917, 49.94242], [6.037085, 49.94228], [6.037165, 49.94221], [6.037149, 49.94202], [6.037256, 49.94181], [6.037271, 49.941765], [6.037271, 49.941673], [6.037268, 49.941643], [6.037283, 49.941612], [6.037363, 49.941494], [6.037378, 49.94145], [6.037416, 49.941257], [6.037428, 49.941162], [6.037409, 49.941036], [6.037394, 49.94095], [6.037455, 49.940758], [6.037554, 49.940277], [6.037569, 49.94022], [6.037642, 49.9401], [6.037641, 49.940098], [6.037715, 49.940014], [6.037878, 49.939552], [6.038021, 49.939106], [6.038065, 49.939053], [6.038096, 49.939014], [6.038235, 49.938942], [6.038742, 49.93879], [6.039803, 49.938496], [6.040031, 49.938446], [6.04023, 49.93844], [6.040583, 49.93846], [6.040994, 49.938538], [6.041301, 49.938564], [6.041543, 49.93857], [6.041604, 49.938572], [6.041713, 49.93855], [6.041964, 49.938503], [6.042079, 49.93846], [6.042145, 49.938393], [6.042157, 49.93831], [6.042129, 49.938187], [6.042037, 49.93802], [6.041906, 49.93789], [6.041553, 49.93769], [6.041394, 49.937588], [6.041383, 49.93758], [6.041316, 49.93754], [6.041305, 49.93753], [6.041179, 49.937447], [6.041178, 49.937347], [6.041238, 49.93718], [6.041268, 49.937073], [6.041245, 49.937016], [6.041162, 49.936935], [6.041005, 49.936783], [6.040918, 49.93667], [6.040846, 49.936497], [6.040802, 49.936356], [6.0408, 49.936157], [6.040809, 49.93602], [6.040815, 49.935898], [6.040835, 49.935722], [6.040869, 49.935524], [6.040892, 49.93518], [6.040885, 49.935], [6.040905, 49.9349], [6.040993, 49.934704], [6.041148, 49.934456], [6.041325, 49.934284], [6.041537, 49.934155], [6.041778, 49.934044], [6.042198, 49.933952], [6.043423, 49.933693], [6.043579, 49.93367], [6.043593, 49.933666], [6.043685, 49.93365], [6.0437, 49.93365], [6.043829, 49.93363], [6.043973, 49.93351], [6.044185, 49.933315], [6.044309, 49.93315], [6.044371, 49.933002], [6.044371, 49.9329], [6.04434, 49.932777], [6.044302, 49.93266], [6.044187, 49.932446], [6.044008, 49.932236], [6.043894, 49.93215], [6.043882, 49.93214], [6.043808, 49.932087], [6.043797, 49.93208], [6.043722, 49.93202], [6.043667, 49.931885], [6.043648, 49.931747], [6.043639, 49.93167], [6.04363, 49.93159], [6.043576, 49.931362], [6.043538, 49.93129], [6.04351, 49.931183], [6.043514, 49.931023], [6.043523, 49.930996], [6.043577, 49.930794], [6.043731, 49.930557], [6.043887, 49.93041], [6.044721, 49.92998], [6.045478, 49.929646], [6.045778, 49.92953], [6.046449, 49.92921], [6.047142, 49.928875], [6.047425, 49.928635], [6.04755, 49.928482], [6.047656, 49.92832], [6.047807, 49.928104], [6.04796, 49.92782], [6.048086, 49.92749], [6.048211, 49.927055], [6.048409, 49.926453], [6.048704, 49.925762], [6.048845, 49.925392], [6.048963, 49.925076], [6.049077, 49.92475], [6.049222, 49.924324], [6.049299, 49.92403], [6.0493, 49.92392], [6.049279, 49.923763], [6.049244, 49.923588], [6.049203, 49.923534], [6.049162, 49.923508], [6.049104, 49.92349], [6.049067, 49.923485], [6.049, 49.923492], [6.048931, 49.923534], [6.048388, 49.92398], [6.048163, 49.92415], [6.048089, 49.924206], [6.047804, 49.924393], [6.047299, 49.924644], [6.04654, 49.92488], [6.045441, 49.92511], [6.043981, 49.92543], [6.042723, 49.925705], [6.041082, 49.92604], [6.040401, 49.926136], [6.040384, 49.926144], [6.0401, 49.926167], [6.039712, 49.926113], [6.039419, 49.926033], [6.039038, 49.925823], [6.038572, 49.925316], [6.038239, 49.92499], [6.038191, 49.924835], [6.038213, 49.92459], [6.038389, 49.924263], [6.038933, 49.923508], [6.039348, 49.922806], [6.039402, 49.922623], [6.039412, 49.92243], [6.039451, 49.92225], [6.039502, 49.922016], [6.039683, 49.92138], [6.039709, 49.920986], [6.039705, 49.92051], [6.039691, 49.920387], [6.039607, 49.920074], [6.039498, 49.919765], [6.039434, 49.91962], [6.039268, 49.919415], [6.039113, 49.919266], [6.038839, 49.919132], [6.038561, 49.919067], [6.038264, 49.91907], [6.038073, 49.919125], [6.03788, 49.91924], [6.037618, 49.919495], [6.03733, 49.920168], [6.037172, 49.920139], [6.037019, 49.91999], [6.036846, 49.919851], [6.036802, 49.919823], [6.036773, 49.919809], [6.036748, 49.9198], [6.036676, 49.919773], [6.03663, 49.919761], [6.036607, 49.91975], [6.036569, 49.919712], [6.036478, 49.919689], [6.036409, 49.919681], [6.036367, 49.919674], [6.036321, 49.919658], [6.036295, 49.919651], [6.03618, 49.919613], [6.036145, 49.919609], [6.036107, 49.919606], [6.036031, 49.919596], [6.035963, 49.919594], [6.035829, 49.919586], [6.035722, 49.919571], [6.035646, 49.919563], [6.035513, 49.919544], [6.035379, 49.919521], [6.035306, 49.91951], [6.035192, 49.919502], [6.035093, 49.919502], [6.035032, 49.919506], [6.035001, 49.91951], [6.034917, 49.919526], [6.03478, 49.919496], [6.034703, 49.919476], [6.034609, 49.919449], [6.034532, 49.919418], [6.034513, 49.919416], [6.034364, 49.919346], [6.034269, 49.919311], [6.034173, 49.919286], [6.034055, 49.91925], [6.033895, 49.919216], [6.033788, 49.919186], [6.033712, 49.919163], [6.033605, 49.919116], [6.033502, 49.91909], [6.033453, 49.919079], [6.033399, 49.919066], [6.033182, 49.918999], [6.032941, 49.918916], [6.032716, 49.918826], [6.032381, 49.918651], [6.032274, 49.918602], [6.032174, 49.918576], [6.032118, 49.91856], [6.032037, 49.918522], [6.03198, 49.918496], [6.031877, 49.918419], [6.031812, 49.918369], [6.031739, 49.918293], [6.031663, 49.918228], [6.031587, 49.918159], [6.031526, 49.918121], [6.03143, 49.918083], [6.031339, 49.918049], [6.031294, 49.918011], [6.031275, 49.917976], [6.031206, 49.917926], [6.031072, 49.917866], [6.030988, 49.917816], [6.030931, 49.917789], [6.03087, 49.917751], [6.030786, 49.917702], [6.030702, 49.917656], [6.030683, 49.917646], [6.03061, 49.917591], [6.030519, 49.917516], [6.030416, 49.917426], [6.030157, 49.91724], [6.030084, 49.917196], [6.030019, 49.917166], [6.029943, 49.917141], [6.029859, 49.917068], [6.029706, 49.916956], [6.029608, 49.916893], [6.029531, 49.916839], [6.029272, 49.916676], [6.029184, 49.91663], [6.029065, 49.916576], [6.028886, 49.916511], [6.028608, 49.916416], [6.028539, 49.916393], [6.028455, 49.916351], [6.028398, 49.916313], [6.028269, 49.916216], [6.028162, 49.91616], [6.02804, 49.916103], [6.027933, 49.916056], [6.027822, 49.916023], [6.027544, 49.915962], [6.027478, 49.915924], [6.027402, 49.91584], [6.027387, 49.915813], [6.027334, 49.915741], [6.02722, 49.915729], [6.027158, 49.915722], [6.027036, 49.915703], [6.027024, 49.915703], [6.026952, 49.915696], [6.026884, 49.915691], [6.026769, 49.915686], [6.026624, 49.915691], [6.026559, 49.915686], [6.026468, 49.915686], [6.026422, 49.915691], [6.026391, 49.915703], [6.026342, 49.915726], [6.026315, 49.915733], [6.026258, 49.915736], [6.026216, 49.915733], [6.026143, 49.915741], [6.026075, 49.915752], [6.025869, 49.915752], [6.025792, 49.915748], [6.025571, 49.915722], [6.025491, 49.915726], [6.025388, 49.915733], [6.025281, 49.915756], [6.025194, 49.915776], [6.025041, 49.915826], [6.024972, 49.915844], [6.024927, 49.915851], [6.024873, 49.915856], [6.024812, 49.915859], [6.024751, 49.915863], [6.024682, 49.915876], [6.024614, 49.91589], [6.024576, 49.915886], [6.024545, 49.915882], [6.024518, 49.915882], [6.024488, 49.915876], [6.02445, 49.915876], [6.024423, 49.915882], [6.024381, 49.915893], [6.024355, 49.915896], [6.024328, 49.915896], [6.024305, 49.915893], [6.024286, 49.915882], [6.024263, 49.91587], [6.024244, 49.915863], [6.024133, 49.915866], [6.023992, 49.915866], [6.023893, 49.915878], [6.023782, 49.915901], [6.023645, 49.915943], [6.023523, 49.915973], [6.023442, 49.915989], [6.023344, 49.916], [6.023278, 49.916004], [6.023244, 49.916004], [6.023206, 49.916], [6.023096, 49.915981], [6.022886, 49.915943], [6.022779, 49.915932], [6.022508, 49.915909], [6.02242, 49.915906], [6.022367, 49.91589], [6.022317, 49.91587], [6.022264, 49.915844], [6.02218, 49.915798], [6.021913, 49.915649], [6.021703, 49.915536], [6.021414, 49.915344], [6.021135, 49.915156], [6.020601, 49.914749], [6.020696, 49.914646], [6.020799, 49.914516], [6.021001, 49.914256], [6.021208, 49.914001], [6.021409, 49.913756], [6.021597, 49.913479], [6.021509, 49.913126], [6.021497, 49.913078], [6.021494, 49.913032], [6.021509, 49.912933], [6.021512, 49.912876], [6.021512, 49.912846], [6.021509, 49.912811], [6.021482, 49.912756], [6.021436, 49.912676], [6.021368, 49.912571], [6.021356, 49.91254], [6.021352, 49.912464], [6.021352, 49.912356], [6.021272, 49.912243], [6.02123, 49.912176], [6.021177, 49.912076], [6.021089, 49.911876], [6.021001, 49.911663], [6.020929, 49.91148], [6.020799, 49.911449], [6.020696, 49.911419], [6.020601, 49.911388], [6.020539, 49.911366], [6.020498, 49.91135], [6.02041, 49.911296], [6.020379, 49.911276], [6.020288, 49.911209], [6.020131, 49.911076], [6.020063, 49.911016], [6.019899, 49.91085], [6.019869, 49.910824], [6.019777, 49.910751], [6.019445, 49.910511], [6.019059, 49.910229], [6.018903, 49.910096], [6.0188, 49.909996], [6.018743, 49.909931], [6.018541, 49.909606], [6.018697, 49.909506], [6.01864, 49.909393], [6.018983, 49.909336], [6.019262, 49.909266], [6.019674, 49.909168], [6.020036, 49.909069], [6.020532, 49.908926], [6.020872, 49.908826], [6.021005, 49.908783], [6.021501, 49.90871], [6.02107, 49.908026], [6.020899, 49.90776], [6.020608, 49.907286], [6.020505, 49.9071], [6.020341, 49.906742], [6.020044, 49.906156], [6.019941, 49.905933], [6.019704, 49.905472], [6.019578, 49.905206], [6.019544, 49.905182], [6.019346, 49.905021], [6.019178, 49.904888], [6.018991, 49.904751], [6.018872, 49.904659], [6.018781, 49.904598], [6.018656, 49.90451], [6.018396, 49.904346], [6.018308, 49.904293], [6.018163, 49.904209], [6.017957, 49.904098], [6.017572, 49.9039], [6.017503, 49.903862], [6.017313, 49.903728], [6.01716, 49.903614], [6.017122, 49.903568], [6.017091, 49.90353], [6.017076, 49.903499], [6.017049, 49.903419], [6.016653, 49.903034], [6.016451, 49.902846], [6.017152, 49.902664], [6.017438, 49.90258], [6.017659, 49.902506], [6.017896, 49.90242], [6.018152, 49.902306], [6.018354, 49.902214], [6.018647, 49.902066], [6.018831, 49.90197], [6.019075, 49.90184], [6.019235, 49.901752], [6.019304, 49.901718], [6.019529, 49.9016], [6.019723, 49.901474], [6.0198, 49.90142], [6.019857, 49.901378], [6.019869, 49.901371], [6.01996, 49.901253], [6.020105, 49.900963], [6.020169, 49.900822], [6.0202, 49.900692], [6.020269, 49.900276], [6.020292, 49.900146], [6.020303, 49.90007], [6.020311, 49.900036], [6.020215, 49.900032], [6.019616, 49.90002], [6.019551, 49.900013], [6.019285, 49.899952], [6.018918, 49.899833], [6.018644, 49.899742], [6.018427, 49.899662], [6.018018, 49.899479], [6.017659, 49.899296], [6.017423, 49.899151], [6.017339, 49.899093], [6.017027, 49.898853], [6.016855, 49.898696], [6.016641, 49.898491], [6.016538, 49.898406], [6.016405, 49.8983], [6.016386, 49.898292], [6.016305, 49.898243], [6.016187, 49.898182], [6.016149, 49.898163], [6.015905, 49.898048], [6.015779, 49.897996], [6.015512, 49.897892], [6.015306, 49.897831], [6.015051, 49.897786], [6.014917, 49.897758], [6.01478, 49.897739], [6.014615, 49.897726], [6.014562, 49.897613], [6.014486, 49.897449], [6.014303, 49.897066], [6.014192, 49.89685], [6.014131, 49.896683], [6.014089, 49.896583], [6.014066, 49.896511], [6.014051, 49.896454], [6.014043, 49.896406], [6.014043, 49.896343], [6.014047, 49.896196], [6.014055, 49.896023], [6.014108, 49.895561], [6.014108, 49.895416], [6.014104, 49.895344], [6.014104, 49.895153], [6.014108, 49.894913], [6.014108, 49.894826], [6.014104, 49.894746], [6.014131, 49.894566], [6.015814, 49.894536], [6.015828, 49.894206], [6.015828, 49.894172], [6.015844, 49.893982], [6.015863, 49.893786], [6.015214, 49.893703], [6.01425, 49.893576], [6.014013, 49.893551], [6.013597, 49.893509], [6.013147, 49.893471], [6.012494, 49.89341], [6.011361, 49.893296], [6.011342, 49.893284], [6.011488, 49.893166], [6.01159, 49.893074], [6.01177, 49.892921], [6.011945, 49.892766], [6.012033, 49.892704], [6.012132, 49.892626], [6.012174, 49.892601], [6.012251, 49.892566], [6.012422, 49.892513], [6.013094, 49.892353], [6.013639, 49.892231], [6.014177, 49.892101], [6.014852, 49.891949], [6.014822, 49.891941], [6.014119, 49.891804], [6.013857, 49.891746], [6.013486, 49.891656], [6.013113, 49.891559], [6.01272, 49.891453], [6.012452, 49.891372], [6.01251, 49.891296], [6.01262, 49.891136], [6.012658, 49.891079], [6.012685, 49.891036], [6.012823, 49.890826], [6.01283, 49.890816], [6.012838, 49.8908], [6.012952, 49.890616], [6.013032, 49.890516], [6.01325, 49.890251], [6.013257, 49.890236], [6.01341, 49.889706], [6.013361, 49.88961], [6.013345, 49.889583], [6.01333, 49.889553], [6.013075, 49.889006], [6.012808, 49.88847], [6.012773, 49.888382], [6.012754, 49.888316], [6.012472, 49.888256], [6.012529, 49.888099], [6.012586, 49.887958], [6.012651, 49.887832], [6.012857, 49.887474], [6.012911, 49.887348], [6.013052, 49.887066], [6.013097, 49.886993], [6.013173, 49.886906], [6.01325, 49.886829], [6.013372, 49.886726], [6.013426, 49.886666], [6.013475, 49.886596], [6.01354, 49.886493], [6.013571, 49.886501], [6.013647, 49.886524], [6.013715, 49.886349], [6.013742, 49.886253], [6.013761, 49.886156], [6.013765, 49.88607], [6.013753, 49.886006], [6.013696, 49.885773], [6.013669, 49.885658], [6.013677, 49.885521], [6.013692, 49.885414], [6.01373, 49.885299], [6.013734, 49.88528], [6.01373, 49.885181], [6.013674, 49.884872], [6.013647, 49.884706], [6.013627, 49.884486], [6.013571, 49.884466], [6.013669, 49.884178], [6.013712, 49.88398], [6.013746, 49.883823], [6.013849, 49.883339], [6.01373, 49.883346], [6.013674, 49.88335], [6.013665, 49.883306], [6.013643, 49.883196], [6.013627, 49.88314], [6.013589, 49.883066], [6.013543, 49.882992], [6.013505, 49.882946], [6.01344, 49.882873], [6.013372, 49.882806], [6.013261, 49.882713], [6.013067, 49.882561], [6.012682, 49.882278], [6.012113, 49.881836], [6.011937, 49.881679], [6.011827, 49.881566], [6.011774, 49.881504], [6.011709, 49.881416], [6.011507, 49.881111], [6.011533, 49.880913], [6.011567, 49.880764], [6.011617, 49.880611], [6.011647, 49.880606], [6.011853, 49.880592], [6.012273, 49.880566], [6.012265, 49.880428], [6.012254, 49.880279], [6.012251, 49.880184], [6.012273, 49.88005], [6.012205, 49.87998], [6.012194, 49.879955], [6.012194, 49.879936], [6.012197, 49.879917], [6.012217, 49.879898], [6.012243, 49.879887], [6.012312, 49.879864], [6.01235, 49.879856], [6.012361, 49.879845], [6.012358, 49.879833], [6.01235, 49.87982], [6.012308, 49.879795], [6.012289, 49.879776], [6.012278, 49.879757], [6.012262, 49.879673], [6.012266, 49.879612], [6.012209, 49.8796], [6.012175, 49.87959], [6.01214, 49.879574], [6.01211, 49.879566], [6.012075, 49.879562], [6.012022, 49.879566], [6.011984, 49.87957], [6.011946, 49.879562], [6.0119, 49.87954], [6.011763, 49.87966], [6.011675, 49.879723], [6.011595, 49.879757], [6.011507, 49.879787], [6.011404, 49.87981], [6.011316, 49.879826], [6.011251, 49.879837], [6.011167, 49.879875], [6.011045, 49.879917], [6.011007, 49.879818], [6.010958, 49.8797], [6.010885, 49.879562], [6.010656, 49.879227], [6.010599, 49.87923], [6.010504, 49.87923], [6.010458, 49.879227], [6.010336, 49.879196], [6.010252, 49.879177], [6.010122, 49.879143], [6.010061, 49.87927], [6.009882, 49.87927], [6.009836, 49.879456], [6.009764, 49.87947], [6.00968, 49.879475], [6.00952, 49.879475], [6.009367, 49.87947], [6.009081, 49.879475], [6.00897, 49.879475], [6.00868, 49.87947], [6.008532, 49.879463], [6.008406, 49.879444], [6.008219, 49.879402], [6.008101, 49.879383], [6.007998, 49.87937], [6.00783, 49.879353], [6.007711, 49.87933], [6.007532, 49.879288], [6.007429, 49.879257], [6.007296, 49.879215], [6.007215, 49.879185], [6.007135, 49.879154], [6.007097, 49.87913], [6.007059, 49.879105], [6.007029, 49.879078], [6.006945, 49.878998], [6.006819, 49.878998], [6.006651, 49.879005], [6.006205, 49.879047], [6.005827, 49.87908], [6.005533, 49.87911], [6.005194, 49.87914], [6.00503, 49.879158], [6.00498, 49.879158], [6.004911, 49.879147], [6.004763, 49.879112], [6.004599, 49.879078], [6.004515, 49.87905], [6.0044, 49.879013], [6.004301, 49.87899], [6.004259, 49.87899], [6.004194, 49.878998], [6.003859, 49.879074], [6.003767, 49.87909], [6.003721, 49.879097], [6.003679, 49.879105], [6.003584, 49.87911], [6.003477, 49.87911], [6.003427, 49.879105], [6.003324, 49.879078], [6.00329, 49.87909], [6.003244, 49.8791], [6.00321, 49.879105], [6.003138, 49.879105], [6.002783, 49.879066], [6.002462, 49.879036], [6.002401, 49.879025], [6.002352, 49.879], [6.002306, 49.87898], [6.002233, 49.87896], [6.002073, 49.878944], [6.001482, 49.87891], [6.001375, 49.878838], [6.001268, 49.878754], [6.001127, 49.878647], [6.001215, 49.878372], [6.001646, 49.87839], [6.001753, 49.878395], [6.001921, 49.878395], [6.002043, 49.87838], [6.002085, 49.878376], [6.00223, 49.878353], [6.002241, 49.87835], [6.002352, 49.87833], [6.002668, 49.87826], [6.002783, 49.87824], [6.002809, 49.878235], [6.003202, 49.87817], [6.00308, 49.87805], [6.002897, 49.877876], [6.002817, 49.877804], [6.002756, 49.87775], [6.002424, 49.87747], [6.002314, 49.877373], [6.002275, 49.877342], [6.00205, 49.877163], [6.001776, 49.876965], [6.001612, 49.87686], [6.001215, 49.876656], [6.001177, 49.876637], [6.000921, 49.876514], [6.000349, 49.87629], [5.999872, 49.876102], [5.999777, 49.876064], [5.999765, 49.876057], [5.999498, 49.87612], [5.999369, 49.876152], [5.999235, 49.87619], [5.998854, 49.876358], [5.998301, 49.876614], [5.99824, 49.876648], [5.998102, 49.876854], [5.998091, 49.87687], [5.998063, 49.87692], [5.998014, 49.876987], [5.997927, 49.877117], [5.997816, 49.877285], [5.997774, 49.877346], [5.997698, 49.877487], [5.997595, 49.87767], [5.99756, 49.877724], [5.997545, 49.877754], [5.997518, 49.877823], [5.997469, 49.877975], [5.997347, 49.878296], [5.997278, 49.878483], [5.997221, 49.8786], [5.997129, 49.87877], [5.996916, 49.87861], [5.99674, 49.878483], [5.996588, 49.878387], [5.996477, 49.87833], [5.996298, 49.87825], [5.996115, 49.878185], [5.995954, 49.878143], [5.995512, 49.878025], [5.995501, 49.87802], [5.995218, 49.87795], [5.994905, 49.877846], [5.994467, 49.87767], [5.994299, 49.8776], [5.993994, 49.87748], [5.993727, 49.877373], [5.993593, 49.877316], [5.993525, 49.87729], [5.99341, 49.87724], [5.993719, 49.87691], [5.993807, 49.876858], [5.993914, 49.876762], [5.994043, 49.876667], [5.994257, 49.876526], [5.994585, 49.87632], [5.994558, 49.8763], [5.994238, 49.87603], [5.993635, 49.875515], [5.99362, 49.875233], [5.993612, 49.875042], [5.993391, 49.874924], [5.993181, 49.87484], [5.992971, 49.874718], [5.992865, 49.87464], [5.992659, 49.874485], [5.992594, 49.87442], [5.992441, 49.874252], [5.992403, 49.874176], [5.992342, 49.87396], [5.992319, 49.87382], [5.992292, 49.87362], [5.992281, 49.873543], [5.9923, 49.873466], [5.992327, 49.873375], [5.992407, 49.873234], [5.992525, 49.87308], [5.992598, 49.873005], [5.992674, 49.872944], [5.992743, 49.872906], [5.992853, 49.87288], [5.993032, 49.872826], [5.993429, 49.872807], [5.993639, 49.872807], [5.994013, 49.87281], [5.994322, 49.87281], [5.994738, 49.87282], [5.994799, 49.872826], [5.995119, 49.872837], [5.99523, 49.87284], [5.995394, 49.872852], [5.995699, 49.872894], [5.995997, 49.872936], [5.996118, 49.872967], [5.996256, 49.872696], [5.996313, 49.87258], [5.99642, 49.872395], [5.996492, 49.87226], [5.996477, 49.872177], [5.996229, 49.87182], [5.996199, 49.871784], [5.996023, 49.871548], [5.995752, 49.871223], [5.995646, 49.8711], [5.995482, 49.87089], [5.995405, 49.87073], [5.995367, 49.870625], [5.995348, 49.870544], [5.99534, 49.870514], [5.995287, 49.870422], [5.995268, 49.870388], [5.995234, 49.870346], [5.99518, 49.870285], [5.99515, 49.870255], [5.995069, 49.870186], [5.994944, 49.870117], [5.99473, 49.870033], [5.994543, 49.869984], [5.993929, 49.86985], [5.993544, 49.86977], [5.993567, 49.869736], [5.993738, 49.86949], [5.993936, 49.869247], [5.994116, 49.869007], [5.994188, 49.86894], [5.994207, 49.86892], [5.994348, 49.868805], [5.994402, 49.868767], [5.994417, 49.868748], [5.994448, 49.868553], [5.994463, 49.868496], [5.994493, 49.868435], [5.994505, 49.86839], [5.994497, 49.868298], [5.994497, 49.86822], [5.994516, 49.868176], [5.994547, 49.86814], [5.994593, 49.868103], [5.994657, 49.86806], [5.99473, 49.867996], [5.994764, 49.86794], [5.994818, 49.867836], [5.994879, 49.86768], [5.994905, 49.867596], [5.994932, 49.867542], [5.994963, 49.86751], [5.995027, 49.867474], [5.995081, 49.86744], [5.995146, 49.867374], [5.995237, 49.86724], [5.995314, 49.86713], [5.995333, 49.867085], [5.995359, 49.867], [5.995405, 49.866913], [5.995653, 49.866524], [5.99571, 49.866432], [5.995726, 49.866386], [5.995729, 49.866283], [5.995741, 49.866272], [5.995756, 49.866264], [5.995977, 49.86622], [5.996035, 49.866196], [5.996073, 49.86617], [5.996492, 49.86586], [5.996557, 49.86581], [5.996717, 49.865692], [5.996916, 49.865536], [5.997026, 49.865444], [5.997084, 49.865417], [5.99716, 49.8654], [5.997229, 49.86538], [5.997366, 49.865345], [5.997595, 49.86526], [5.997648, 49.865234], [5.997702, 49.865192], [5.997797, 49.86512], [5.997213, 49.864902], [5.996901, 49.864784], [5.996603, 49.86467], [5.996427, 49.86461], [5.996241, 49.864536], [5.996008, 49.864437], [5.995966, 49.864418], [5.995951, 49.864414], [5.995523, 49.86422], [5.995005, 49.863968], [5.994787, 49.86387], [5.994558, 49.863758], [5.993837, 49.86341], [5.993666, 49.86333], [5.993773, 49.863243], [5.99386, 49.863155], [5.993936, 49.863075], [5.99399, 49.862988], [5.994039, 49.862877], [5.994051, 49.862843], [5.994066, 49.862793], [5.994074, 49.862713], [5.994097, 49.862606], [5.994135, 49.8625], [5.993998, 49.862453], [5.993815, 49.862396], [5.993792, 49.86239], [5.993765, 49.86238], [5.993486, 49.862293], [5.99341, 49.86232], [5.993238, 49.86235], [5.993147, 49.86236], [5.993002, 49.862354], [5.992857, 49.862347], [5.99272, 49.862335], [5.992464, 49.862297], [5.992315, 49.86227], [5.99222, 49.862247], [5.992113, 49.862217], [5.991983, 49.862175], [5.991831, 49.862106], [5.99156, 49.861973], [5.991339, 49.86187], [5.99114, 49.861774], [5.991114, 49.861767], [5.991003, 49.86174], [5.990873, 49.861713], [5.990744, 49.861702], [5.990572, 49.8617], [5.99016, 49.861355], [5.990095, 49.8613], [5.990068, 49.861393], [5.990049, 49.861427], [5.990011, 49.861458], [5.989946, 49.861492], [5.989794, 49.861546], [5.989668, 49.861576], [5.989573, 49.861603], [5.989458, 49.861637], [5.989382, 49.86168], [5.989283, 49.861755], [5.98913, 49.861877], [5.989046, 49.86194], [5.988951, 49.862003], [5.988798, 49.862095], [5.988676, 49.862164], [5.988462, 49.86227], [5.988199, 49.862404], [5.988066, 49.86248], [5.98794, 49.862564], [5.987841, 49.86264], [5.987806, 49.862663], [5.987783, 49.862682], [5.987593, 49.862713], [5.987242, 49.862766], [5.98691, 49.862812], [5.986681, 49.862843], [5.986471, 49.86286], [5.98636, 49.86287], [5.986052, 49.862892], [5.985907, 49.862896], [5.985678, 49.862904], [5.985464, 49.862904], [5.985487, 49.86288], [5.985571, 49.862816], [5.985682, 49.862736], [5.985834, 49.862644], [5.986059, 49.86253], [5.986437, 49.862347], [5.985838, 49.86203], [5.986025, 49.8619], [5.986135, 49.861816], [5.986204, 49.86174], [5.986235, 49.861694], [5.986284, 49.86161], [5.986334, 49.861477], [5.986376, 49.861343], [5.986399, 49.861225], [5.986402, 49.861156], [5.986357, 49.860928], [5.986265, 49.86092], [5.986261, 49.860832], [5.986242, 49.860695], [5.986238, 49.860683], [5.986181, 49.860348], [5.986231, 49.859993], [5.986238, 49.859955], [5.986284, 49.859833], [5.98646, 49.859447], [5.986517, 49.859306], [5.986559, 49.85919], [5.986597, 49.85906], [5.986605, 49.85901], [5.986608, 49.85895], [5.986601, 49.858906], [5.986578, 49.858856], [5.986551, 49.85882], [5.986536, 49.858807], [5.986498, 49.85878], [5.986463, 49.858765], [5.986166, 49.858604], [5.986155, 49.858597], [5.986219, 49.85853], [5.986479, 49.858234], [5.986666, 49.858017], [5.986696, 49.85792], [5.986742, 49.857708], [5.986746, 49.857662], [5.98675, 49.85761], [5.986757, 49.857407], [5.986769, 49.857376], [5.986376, 49.85726], [5.986349, 49.857254], [5.985907, 49.85715], [5.985586, 49.857105], [5.985182, 49.857025], [5.985086, 49.85701], [5.984823, 49.856964], [5.984579, 49.856926], [5.984232, 49.856853], [5.983904, 49.856773], [5.983854, 49.856762], [5.983778, 49.856743], [5.983561, 49.85667], [5.983442, 49.856632], [5.983206, 49.856552], [5.983175, 49.856544], [5.982988, 49.85648], [5.982962, 49.856472], [5.982717, 49.85639], [5.98258, 49.856354], [5.982481, 49.856327], [5.98239, 49.856308], [5.982313, 49.856293], [5.982199, 49.856274], [5.982122, 49.856262], [5.981844, 49.856228], [5.981707, 49.856213], [5.981268, 49.856216], [5.981348, 49.85615], [5.981363, 49.856], [5.98139, 49.855892], [5.981417, 49.85582], [5.981474, 49.85564], [5.981539, 49.855556], [5.981726, 49.85531], [5.981886, 49.8551], [5.981955, 49.85502], [5.982042, 49.85492], [5.982081, 49.854877], [5.982141, 49.85481], [5.98218, 49.854767], [5.982202, 49.854736], [5.982412, 49.854496], [5.982431, 49.854473], [5.982538, 49.85435], [5.98242, 49.85425], [5.982325, 49.85417], [5.982183, 49.854053], [5.982054, 49.853947], [5.98192, 49.853836], [5.983255, 49.85327], [5.983091, 49.85318], [5.982695, 49.852962], [5.982149, 49.85266], [5.981695, 49.852413], [5.981466, 49.852444], [5.981443, 49.852444], [5.981375, 49.852493], [5.98131, 49.852528], [5.981237, 49.852554], [5.981153, 49.85257], [5.981092, 49.852577], [5.981066, 49.852585], [5.980967, 49.852623], [5.980925, 49.85264], [5.980879, 49.852634], [5.980639, 49.852695], [5.980406, 49.852833], [5.980303, 49.852917], [5.980188, 49.852997], [5.980055, 49.853092], [5.979868, 49.85319], [5.979689, 49.853313], [5.979616, 49.853374], [5.979471, 49.85355], [5.979452, 49.85358], [5.979319, 49.8538], [5.979269, 49.853893], [5.979219, 49.85399], [5.979143, 49.854134], [5.979055, 49.85431], [5.978937, 49.854397], [5.978846, 49.85446], [5.978758, 49.854465], [5.978476, 49.85458], [5.978331, 49.854652], [5.978167, 49.854736], [5.977846, 49.85483], [5.977831, 49.854836], [5.977449, 49.855003], [5.977201, 49.85511], [5.977503, 49.85512], [5.977766, 49.85517], [5.977804, 49.855186], [5.977961, 49.855328], [5.97806, 49.855434], [5.978018, 49.855648], [5.977999, 49.855762], [5.977907, 49.85606], [5.977877, 49.85613], [5.977735, 49.856426], [5.977724, 49.856453], [5.977659, 49.856586], [5.977514, 49.856743], [5.977388, 49.856846], [5.977369, 49.85686], [5.977056, 49.85708], [5.976889, 49.857166], [5.976747, 49.85724], [5.976652, 49.8573], [5.976618, 49.857327], [5.976431, 49.857487], [5.976389, 49.85761], [5.976374, 49.85763], [5.976301, 49.857758], [5.976282, 49.857822], [5.976236, 49.85788], [5.976229, 49.857895], [5.976122, 49.858036], [5.976011, 49.858223], [5.975996, 49.858337], [5.975966, 49.858463], [5.975935, 49.85864], [5.975924, 49.85878], [5.976286, 49.858826], [5.976355, 49.858833], [5.976549, 49.85886], [5.976503, 49.859016], [5.976473, 49.85918], [5.976374, 49.859505], [5.976286, 49.859688], [5.976042, 49.859936], [5.975866, 49.860134], [5.975641, 49.860287], [5.975271, 49.86048], [5.974997, 49.860706], [5.975054, 49.860844], [5.975134, 49.86092], [5.974581, 49.860718], [5.974516, 49.860767], [5.973638, 49.86064], [5.973364, 49.860603], [5.973204, 49.86058], [5.973074, 49.86056], [5.972799, 49.860516], [5.972193, 49.8604], [5.971888, 49.860317], [5.971659, 49.860245], [5.97146, 49.86019], [5.971163, 49.86015], [5.970972, 49.860107], [5.970793, 49.860065], [5.970606, 49.860046], [5.970419, 49.860043], [5.970213, 49.860054], [5.970015, 49.860073], [5.969656, 49.86013], [5.969461, 49.860172], [5.969118, 49.86027], [5.968801, 49.860367], [5.968592, 49.860424], [5.9681, 49.86056], [5.968046, 49.860577], [5.967695, 49.860714], [5.967531, 49.86081], [5.967264, 49.86097], [5.967176, 49.86107], [5.967215, 49.86108], [5.967146, 49.861336], [5.967047, 49.86159], [5.966906, 49.862083], [5.96689, 49.86215], [5.966768, 49.86234], [5.966684, 49.8623], [5.966444, 49.862556], [5.966238, 49.862823], [5.966158, 49.862965], [5.966105, 49.86317], [5.966028, 49.863262], [5.965773, 49.86364], [5.965708, 49.863754], [5.965639, 49.8639], [5.965597, 49.86397], [5.965437, 49.864277], [5.965269, 49.86468], [5.965151, 49.86489], [5.965212, 49.864925], [5.96525, 49.864956], [5.965273, 49.864994], [5.965273, 49.865025], [5.965246, 49.865047], [5.965189, 49.865078], [5.964872, 49.865604], [5.964762, 49.865707], [5.964552, 49.865906], [5.964441, 49.866024], [5.964361, 49.866123], [5.964315, 49.86619], [5.964266, 49.86628], [5.96422, 49.866367], [5.964197, 49.86643], [5.964189, 49.86648], [5.964193, 49.86655], [5.964209, 49.86662], [5.963892, 49.866276], [5.963869, 49.86611], [5.963858, 49.866035], [5.963713, 49.866074], [5.963228, 49.866158], [5.962915, 49.866196], [5.962835, 49.86571], [5.962835, 49.865696], [5.962431, 49.86573], [5.96187, 49.86574], [5.961752, 49.865818], [5.961153, 49.865955], [5.961039, 49.866127], [5.960814, 49.86622], [5.960752, 49.866253], [5.960692, 49.866287], [5.960421, 49.86628], [5.960173, 49.866238], [5.959578, 49.866264], [5.959341, 49.86626], [5.959272, 49.86629], [5.959318, 49.866478], [5.959253, 49.866474], [5.959112, 49.866486], [5.95896, 49.866486], [5.958746, 49.866497], [5.958551, 49.866505], [5.958528, 49.8665], [5.958319, 49.86655], [5.958284, 49.866547], [5.958261, 49.86654], [5.958151, 49.86642], [5.95812, 49.86639], [5.958109, 49.86638], [5.958078, 49.866383], [5.957876, 49.866383], [5.957178, 49.86659], [5.956949, 49.866806], [5.956884, 49.86693], [5.956835, 49.866947], [5.956854, 49.86698], [5.956961, 49.86718], [5.95669, 49.867313], [5.956549, 49.867435], [5.956389, 49.867603], [5.956266, 49.867714], [5.956106, 49.86782], [5.955961, 49.86794], [5.95595, 49.867935], [5.955214, 49.868347], [5.954706, 49.868504], [5.954725, 49.868507], [5.954451, 49.868595], [5.954348, 49.86861], [5.954092, 49.86865], [5.953856, 49.868664], [5.953089, 49.868763], [5.952791, 49.868797], [5.952623, 49.868824], [5.952421, 49.868862], [5.952093, 49.868908], [5.951532, 49.86898], [5.951265, 49.869026], [5.950563, 49.869106], [5.950365, 49.869156], [5.950251, 49.869205], [5.950144, 49.869255], [5.94993, 49.869377], [5.949789, 49.86947], [5.949453, 49.869728], [5.949335, 49.8698], [5.949243, 49.869846], [5.949148, 49.869892], [5.94882, 49.870037], [5.9485, 49.870182], [5.948252, 49.870266], [5.94816, 49.870304], [5.948049, 49.870373], [5.947855, 49.870388], [5.947748, 49.870403], [5.947542, 49.870476], [5.947481, 49.870487], [5.947378, 49.87051], [5.947142, 49.87054], [5.946775, 49.870583], [5.946409, 49.870636], [5.945951, 49.870678], [5.945658, 49.87069], [5.945402, 49.870674], [5.944841, 49.870586], [5.944342, 49.870506], [5.944044, 49.870472], [5.943949, 49.870426], [5.94385, 49.87046], [5.943789, 49.87045], [5.943197, 49.87033], [5.942946, 49.870296], [5.941958, 49.870216], [5.941553, 49.870235], [5.941416, 49.87022], [5.941244, 49.870235], [5.940592, 49.87027], [5.940271, 49.870327], [5.939802, 49.87048], [5.939558, 49.870506], [5.939184, 49.87053], [5.938677, 49.870544], [5.938417, 49.870544], [5.938101, 49.870518], [5.937529, 49.870365], [5.93733, 49.870274], [5.93725, 49.87024], [5.93722, 49.870243], [5.936834, 49.870285], [5.936564, 49.870316], [5.936182, 49.870003], [5.935953, 49.869762], [5.93574, 49.869545], [5.935671, 49.869484], [5.935534, 49.869373], [5.93543, 49.869286], [5.935228, 49.86902], [5.935217, 49.869003], [5.934641, 49.868465], [5.934732, 49.868427], [5.934744, 49.868423], [5.934633, 49.86831], [5.934305, 49.868], [5.93395, 49.867737], [5.933924, 49.867702], [5.933893, 49.867683], [5.933622, 49.867493], [5.933439, 49.8674], [5.933394, 49.867367], [5.933367, 49.867332], [5.933306, 49.867294], [5.933126, 49.86728], [5.932879, 49.867214], [5.93265, 49.86705], [5.932467, 49.86689], [5.931929, 49.86716], [5.931723, 49.867035], [5.931482, 49.866886], [5.931368, 49.866764], [5.931326, 49.866684], [5.93112, 49.866257], [5.931036, 49.86606], [5.931021, 49.86597], [5.930922, 49.865833], [5.930593, 49.865932], [5.930517, 49.86576], [5.930422, 49.865673], [5.930258, 49.865467], [5.930204, 49.865356], [5.930185, 49.86529], [5.930162, 49.865173], [5.929808, 49.86496], [5.928999, 49.86449], [5.928927, 49.86444], [5.928839, 49.864353], [5.928667, 49.864147], [5.928785, 49.864075], [5.928553, 49.863865], [5.928389, 49.86372], [5.928225, 49.86358], [5.92816, 49.863506], [5.92808, 49.86338], [5.927969, 49.86316], [5.927897, 49.86299], [5.927736, 49.862522], [5.927652, 49.86234], [5.927549, 49.86216], [5.927458, 49.862022], [5.927301, 49.861843], [5.927229, 49.861713], [5.927202, 49.861637], [5.927187, 49.861603], [5.927156, 49.86149], [5.927122, 49.861393], [5.927027, 49.861225], [5.926985, 49.861126], [5.926954, 49.860912], [5.926908, 49.86076], [5.926867, 49.860523], [5.926828, 49.86041], [5.926741, 49.86022], [5.926626, 49.860043], [5.926519, 49.859905], [5.926355, 49.859756], [5.926195, 49.859646], [5.926104, 49.859577], [5.925959, 49.85948], [5.925699, 49.859333], [5.925184, 49.859047], [5.925013, 49.859158], [5.924971, 49.859184], [5.925089, 49.859245], [5.92494, 49.85934], [5.924215, 49.85984], [5.923407, 49.8604], [5.922594, 49.86095], [5.921991, 49.861347], [5.921747, 49.861507], [5.921644, 49.861534], [5.920271, 49.861847], [5.91947, 49.862034], [5.919432, 49.862003], [5.919035, 49.861835], [5.918718, 49.861702], [5.918291, 49.86152], [5.91815, 49.861446], [5.918085, 49.861416], [5.918028, 49.861378], [5.917997, 49.86136], [5.917933, 49.861286], [5.917807, 49.86107], [5.91773, 49.86089], [5.917673, 49.86073], [5.917662, 49.860703], [5.917601, 49.860474], [5.917578, 49.860355], [5.915258, 49.859505], [5.915239, 49.859516], [5.913938, 49.858715], [5.913752, 49.858776], [5.91358, 49.85884], [5.913454, 49.858902], [5.913389, 49.858955], [5.913298, 49.859047], [5.913244, 49.8591], [5.913202, 49.85914], [5.913145, 49.85917], [5.913061, 49.859245], [5.912943, 49.859356], [5.912706, 49.859592], [5.912676, 49.859615], [5.912596, 49.85969], [5.912474, 49.859802], [5.912413, 49.859856], [5.912355, 49.859905], [5.912329, 49.85993], [5.912149, 49.86008], [5.911951, 49.86024], [5.911783, 49.86036], [5.911669, 49.860435], [5.911501, 49.86055], [5.911375, 49.860638], [5.911268, 49.860714], [5.911173, 49.860767], [5.910875, 49.860912], [5.91078, 49.86085], [5.910688, 49.860794], [5.910635, 49.86076], [5.910601, 49.860737], [5.910543, 49.8607], [5.910521, 49.860718], [5.910501, 49.860725], [5.910471, 49.86072], [5.910444, 49.86071], [5.910429, 49.86071], [5.91041, 49.86073], [5.91041, 49.860756], [5.910429, 49.860798], [5.910429, 49.860817], [5.910387, 49.860825], [5.910356, 49.86083], [5.910337, 49.86084], [5.910299, 49.86085], [5.910269, 49.860855], [5.910231, 49.86084], [5.910204, 49.860844], [5.910173, 49.860867], [5.910009, 49.860996], [5.909918, 49.86106], [5.909872, 49.861095], [5.909792, 49.861164], [5.90975, 49.861202], [5.909693, 49.861275], [5.909666, 49.86134], [5.909651, 49.861404], [5.909651, 49.86147], [5.909647, 49.861515], [5.909628, 49.86156], [5.909605, 49.861595], [5.909586, 49.86161], [5.909559, 49.86164], [5.909571, 49.861675], [5.909567, 49.86174], [5.909552, 49.8618], [5.909559, 49.861874], [5.909578, 49.861988], [5.909617, 49.8621], [5.909639, 49.86216], [5.909662, 49.86223], [5.9097, 49.862312], [5.909754, 49.862392], [5.909819, 49.862457], [5.909895, 49.86253], [5.910067, 49.86263], [5.910574, 49.862915], [5.910852, 49.86308], [5.91094, 49.86314], [5.911013, 49.863186], [5.911539, 49.86355], [5.912065, 49.863926], [5.912218, 49.864025], [5.912363, 49.8641], [5.912508, 49.864178], [5.912767, 49.864285], [5.912798, 49.864292], [5.912855, 49.86431], [5.912874, 49.864323], [5.91289, 49.864346], [5.912912, 49.86436], [5.912935, 49.86436], [5.912954, 49.864357], [5.912958, 49.864334], [5.91297, 49.864326], [5.913004, 49.864323], [5.913046, 49.86433], [5.913095, 49.864357], [5.913141, 49.864384], [5.913183, 49.864395], [5.913229, 49.864395], [5.913298, 49.864384], [5.913328, 49.864388], [5.913389, 49.864395], [5.913439, 49.864407], [5.91345, 49.864414], [5.913466, 49.86445], [5.913526, 49.864475], [5.913832, 49.864597], [5.913935, 49.864647], [5.914125, 49.86476], [5.914411, 49.864944], [5.914488, 49.864994], [5.914534, 49.86502], [5.914923, 49.864758], [5.915129, 49.864635], [5.915281, 49.86458], [5.9154, 49.864555], [5.915586, 49.864532], [5.915796, 49.86453], [5.916159, 49.86454], [5.916201, 49.86456], [5.916205, 49.86461], [5.916449, 49.864594], [5.916601, 49.864674], [5.916689, 49.864674], [5.917047, 49.86467], [5.917391, 49.864677], [5.917692, 49.86467], [5.917902, 49.864662], [5.918417, 49.864628], [5.918932, 49.86458], [5.919393, 49.86453], [5.919401, 49.864384], [5.919424, 49.86437], [5.919729, 49.86436], [5.919958, 49.86435], [5.920366, 49.864315], [5.92061, 49.86429], [5.920649, 49.864304], [5.920656, 49.864334], [5.920672, 49.864403], [5.9209, 49.864502], [5.920755, 49.864674], [5.920687, 49.864765], [5.920633, 49.864857], [5.920557, 49.86495], [5.920523, 49.865], [5.9205, 49.86506], [5.920477, 49.865158], [5.920446, 49.865257], [5.920435, 49.86532], [5.920443, 49.86538], [5.92045, 49.865414], [5.920496, 49.865475], [5.920568, 49.865547], [5.920633, 49.86562], [5.920698, 49.86571], [5.920732, 49.865776], [5.920763, 49.86585], [5.920786, 49.865936], [5.920813, 49.866028], [5.920824, 49.86608], [5.920805, 49.866123], [5.920767, 49.866165], [5.920672, 49.866234], [5.920389, 49.86641], [5.920221, 49.866505], [5.920034, 49.8666], [5.919954, 49.866646], [5.919893, 49.86669], [5.919855, 49.86673], [5.919828, 49.866768], [5.919809, 49.866848], [5.919767, 49.866943], [5.919699, 49.86703], [5.919588, 49.867157], [5.91955, 49.86721], [5.919497, 49.86726], [5.919424, 49.867287], [5.919352, 49.867294], [5.919275, 49.867302], [5.919165, 49.867294], [5.918947, 49.86727], [5.918493, 49.8672], [5.917997, 49.867134], [5.917997, 49.867184], [5.917738, 49.867134], [5.917654, 49.867115], [5.91754, 49.867054], [5.917437, 49.867023], [5.917238, 49.866985], [5.917055, 49.86696], [5.917013, 49.866978], [5.916712, 49.867035], [5.916536, 49.86707], [5.916323, 49.86709], [5.916342, 49.8672], [5.916342, 49.867218], [5.916376, 49.8678], [5.916334, 49.867874], [5.916201, 49.8681], [5.916189, 49.86813], [5.916117, 49.868416], [5.916063, 49.86862], [5.916037, 49.86876], [5.916021, 49.86888], [5.916021, 49.868896], [5.916017, 49.868927], [5.91601, 49.868958], [5.915983, 49.869087], [5.915949, 49.869236], [5.915853, 49.869484], [5.915796, 49.869637], [5.915766, 49.869736], [5.915766, 49.869747], [5.915728, 49.86991], [5.915712, 49.86999], [5.915701, 49.87004], [5.915659, 49.87021], [5.915697, 49.870316], [5.915739, 49.870403], [5.915823, 49.87054], [5.915937, 49.87069], [5.915728, 49.8709], [5.91596, 49.87085], [5.916117, 49.87082], [5.916395, 49.870754], [5.916517, 49.870796], [5.916662, 49.87083], [5.916796, 49.870865], [5.916864, 49.870888], [5.916902, 49.870914], [5.916933, 49.870953], [5.916956, 49.87099], [5.916964, 49.87103], [5.916967, 49.87106], [5.916651, 49.871143], [5.916433, 49.871128], [5.916143, 49.871143], [5.916002, 49.871155], [5.914564, 49.871296], [5.914335, 49.87132], [5.914167, 49.871742], [5.914091, 49.87193], [5.913992, 49.87212], [5.913927, 49.872242], [5.9139, 49.872288], [5.913797, 49.87245], [5.913729, 49.872555], [5.913672, 49.87263], [5.913576, 49.872738], [5.913496, 49.872818], [5.913385, 49.87292], [5.913271, 49.87304], [5.913225, 49.873142], [5.913199, 49.87322], [5.913176, 49.87329], [5.913141, 49.873413], [5.913134, 49.873486], [5.91313, 49.87353], [5.913107, 49.87371], [5.913103, 49.873775], [5.913092, 49.87401], [5.913355, 49.873936], [5.913458, 49.87391], [5.913561, 49.873886], [5.91361, 49.87388], [5.913706, 49.873863], [5.913954, 49.87385], [5.913942, 49.874035], [5.91387, 49.874035], [5.913752, 49.874054], [5.913526, 49.87411], [5.913259, 49.87418], [5.913103, 49.87422], [5.91284, 49.87432], [5.912775, 49.87436], [5.912687, 49.87441], [5.912325, 49.874664], [5.912275, 49.8747], [5.91247, 49.874813], [5.911962, 49.875214], [5.911707, 49.87538], [5.911505, 49.875523], [5.911406, 49.87559], [5.911238, 49.87572], [5.9111, 49.87583], [5.910967, 49.87594], [5.9107, 49.876144], [5.910849, 49.876347], [5.910944, 49.876476], [5.910559, 49.876587], [5.910456, 49.876625], [5.910296, 49.876705], [5.910013, 49.87685], [5.909983, 49.87687], [5.909788, 49.87698], [5.90967, 49.877064], [5.909609, 49.877113], [5.909578, 49.877148], [5.909552, 49.877205], [5.909525, 49.877296], [5.90943, 49.877655], [5.90938, 49.877815], [5.909365, 49.87787], [5.909323, 49.87801], [5.909285, 49.878166], [5.909262, 49.878326], [5.909246, 49.878395], [5.909243, 49.878426], [5.909197, 49.87855], [5.909166, 49.878616], [5.909105, 49.87872], [5.909048, 49.878803], [5.908972, 49.878925], [5.90875, 49.879246], [5.908686, 49.879353], [5.908613, 49.879513], [5.90851, 49.879723], [5.908106, 49.879738], [5.907805, 49.879745], [5.907671, 49.879757], [5.907572, 49.879772], [5.907412, 49.87984], [5.906988, 49.87959], [5.90674, 49.879448], [5.906691, 49.879417], [5.906668, 49.879402], [5.906652, 49.879395], [5.906622, 49.87948], [5.90658, 49.87956], [5.9065, 49.87968], [5.906431, 49.87979], [5.906401, 49.879852], [5.906385, 49.879917], [5.906385, 49.880013], [5.906382, 49.880108], [5.906397, 49.88012], [5.906439, 49.880165], [5.906485, 49.88023], [5.906511, 49.8803], [5.90653, 49.88038], [5.906534, 49.880463], [5.90653, 49.88055], [5.906511, 49.880615], [5.906508, 49.88063], [5.906496, 49.880653], [5.906481, 49.880676], [5.906443, 49.8807], [5.906416, 49.880722], [5.906408, 49.88076], [5.906385, 49.880817], [5.906351, 49.880844], [5.906321, 49.88086], [5.906328, 49.88087], [5.906519, 49.88097], [5.906725, 49.88086], [5.906843, 49.880806], [5.906889, 49.8808], [5.906935, 49.880802], [5.906958, 49.88081], [5.906984, 49.880825], [5.906979, 49.880874], [5.906939, 49.880985], [5.906897, 49.88103], [5.906813, 49.881096], [5.906714, 49.881157], [5.906702, 49.881176], [5.906725, 49.881237], [5.90671, 49.881294], [5.906687, 49.88133], [5.90663, 49.881386], [5.906508, 49.88147], [5.906351, 49.881554], [5.90613, 49.881695], [5.905943, 49.88182], [5.905771, 49.881924], [5.905684, 49.881973], [5.905462, 49.88206], [5.905157, 49.882187], [5.905043, 49.882225], [5.904909, 49.88224], [5.904776, 49.882256], [5.904623, 49.88228], [5.904551, 49.8823], [5.904501, 49.88232], [5.904448, 49.88236], [5.904371, 49.882416], [5.904249, 49.88251], [5.9042, 49.882557], [5.904223, 49.88257], [5.904242, 49.882576], [5.904306, 49.882607], [5.904299, 49.882824], [5.904257, 49.88308], [5.904242, 49.883186], [5.904207, 49.88349], [5.9042, 49.88354], [5.904165, 49.883858], [5.90415, 49.883953], [5.904108, 49.8841], [5.904043, 49.88429], [5.904028, 49.884422], [5.904036, 49.88453], [5.904043, 49.884583], [5.904032, 49.884647], [5.904009, 49.8847], [5.903948, 49.884777], [5.903913, 49.884804], [5.903853, 49.884846], [5.903799, 49.884872], [5.903753, 49.884876], [5.90373, 49.884876], [5.903696, 49.88492], [5.903654, 49.884945], [5.903627, 49.88497], [5.903597, 49.884995], [5.903536, 49.88502], [5.90349, 49.88504], [5.903467, 49.885063], [5.903459, 49.885117], [5.903475, 49.88523], [5.903456, 49.88527], [5.903398, 49.885296], [5.90333, 49.885323], [5.903295, 49.885357], [5.903265, 49.885395], [5.903227, 49.885456], [5.903185, 49.885494], [5.903116, 49.885525], [5.903074, 49.88555], [5.90304, 49.88561], [5.903009, 49.885666], [5.902952, 49.885723], [5.902823, 49.88581], [5.902731, 49.885883], [5.902632, 49.885983], [5.902555, 49.88607], [5.902475, 49.88619], [5.902403, 49.886307], [5.902311, 49.886574], [5.902224, 49.886806], [5.902163, 49.886986], [5.902121, 49.887077], [5.902098, 49.887115], [5.902079, 49.88714], [5.902033, 49.88716], [5.901987, 49.887177], [5.901922, 49.88718], [5.901743, 49.887173], [5.90156, 49.887177], [5.901457, 49.887184], [5.901346, 49.887196], [5.901194, 49.887238], [5.901068, 49.887276], [5.900984, 49.887325], [5.900877, 49.88738], [5.900686, 49.88746], [5.900515, 49.88755], [5.900377, 49.88764], [5.900221, 49.88778], [5.900156, 49.887836], [5.899973, 49.888042], [5.899881, 49.88817], [5.899786, 49.88825], [5.899744, 49.88828], [5.89958, 49.88838], [5.899519, 49.8884], [5.899477, 49.88841], [5.899443, 49.8884], [5.899412, 49.888382], [5.899374, 49.888336], [5.899317, 49.888237], [5.89926, 49.888145], [5.899198, 49.88807], [5.899141, 49.88801], [5.899069, 49.88795], [5.898954, 49.887886], [5.898848, 49.88783], [5.898806, 49.887794], [5.898714, 49.88769], [5.898592, 49.887608], [5.898497, 49.88754], [5.898447, 49.887512], [5.898409, 49.8875], [5.898321, 49.887478], [5.898268, 49.887455], [5.898199, 49.887413], [5.898127, 49.88736], [5.898054, 49.887318], [5.897871, 49.887226], [5.897787, 49.887177], [5.897741, 49.887135], [5.897696, 49.887096], [5.897558, 49.887024], [5.897337, 49.8869], [5.897249, 49.886856], [5.8971, 49.886738], [5.897043, 49.8867], [5.896955, 49.886585], [5.897055, 49.88651], [5.89707, 49.886494], [5.897104, 49.886467], [5.897161, 49.88642], [5.897207, 49.886387], [5.897329, 49.88629], [5.897894, 49.885845], [5.897482, 49.88552], [5.897383, 49.885445], [5.896959, 49.885094], [5.896765, 49.884926], [5.89649, 49.884693], [5.89617, 49.884434], [5.895918, 49.884212], [5.895845, 49.884144], [5.895361, 49.88432], [5.895201, 49.884377], [5.895002, 49.884453], [5.894911, 49.884483], [5.894716, 49.884556], [5.894701, 49.884563], [5.89456, 49.884453], [5.894495, 49.884384], [5.894449, 49.884304], [5.894369, 49.88425], [5.8943, 49.8842], [5.894281, 49.88417], [5.894289, 49.884132], [5.894312, 49.884087], [5.894304, 49.88405], [5.894247, 49.883984], [5.894167, 49.8839], [5.894094, 49.883766], [5.894041, 49.88371], [5.893908, 49.883575], [5.893728, 49.883423], [5.893671, 49.88337], [5.893629, 49.88331], [5.893568, 49.883186], [5.893496, 49.883026], [5.893415, 49.882828], [5.893286, 49.882496], [5.893232, 49.88242], [5.893187, 49.882362], [5.89316, 49.8823], [5.893122, 49.882202], [5.893019, 49.882042], [5.892889, 49.881863], [5.892832, 49.881763], [5.892798, 49.88167], [5.892775, 49.881577], [5.892759, 49.881443], [5.892748, 49.881313], [5.892752, 49.881268], [5.892786, 49.881214], [5.892824, 49.88116], [5.892862, 49.881104], [5.8929, 49.88108], [5.892935, 49.88105], [5.892962, 49.88101], [5.893045, 49.88084], [5.89308, 49.88075], [5.893095, 49.880676], [5.893095, 49.880596], [5.89308, 49.88047], [5.893053, 49.880383], [5.893003, 49.88027], [5.892969, 49.880157], [5.892939, 49.880047], [5.892919, 49.879993], [5.892897, 49.879967], [5.892675, 49.879757], [5.892595, 49.87968], [5.892355, 49.879456], [5.89237, 49.87945], [5.893324, 49.879124], [5.893744, 49.878983], [5.894545, 49.878716], [5.894716, 49.878654], [5.894808, 49.87861], [5.895071, 49.87848], [5.895342, 49.878323], [5.895502, 49.878216], [5.895269, 49.87803], [5.894995, 49.877823], [5.894819, 49.87769], [5.894628, 49.877514], [5.894396, 49.877296], [5.89406, 49.876987], [5.893957, 49.876896], [5.893946, 49.87689], [5.894255, 49.876717], [5.89435, 49.87666], [5.894514, 49.87657], [5.894537, 49.876564], [5.894693, 49.87649], [5.894716, 49.876484], [5.894922, 49.876404], [5.894831, 49.876305], [5.894491, 49.875973], [5.894247, 49.87575], [5.893915, 49.87545], [5.893789, 49.875328], [5.893503, 49.87497], [5.894922, 49.875126], [5.895178, 49.875153], [5.895842, 49.875187], [5.895914, 49.87516], [5.896059, 49.875145], [5.896177, 49.875122], [5.896326, 49.875084], [5.896463, 49.87503], [5.896631, 49.87493], [5.896746, 49.874832], [5.896822, 49.87475], [5.896864, 49.874683], [5.896902, 49.87461], [5.896963, 49.874474], [5.897017, 49.874336], [5.896963, 49.874283], [5.897024, 49.874218], [5.897116, 49.87413], [5.897207, 49.87406], [5.897303, 49.873997], [5.897436, 49.873917], [5.897543, 49.87384], [5.897593, 49.873787], [5.897627, 49.873745], [5.897654, 49.873676], [5.897665, 49.873615], [5.897673, 49.873554], [5.897707, 49.873554], [5.897558, 49.87343], [5.897375, 49.873314], [5.897184, 49.8732], [5.896952, 49.873066], [5.896784, 49.872982], [5.896608, 49.872906], [5.896311, 49.8728], [5.895968, 49.872665], [5.895872, 49.872627], [5.895712, 49.872555], [5.895506, 49.87245], [5.895151, 49.872265], [5.894892, 49.872093], [5.894678, 49.871956], [5.894388, 49.871758], [5.894461, 49.87169], [5.894579, 49.871597], [5.894674, 49.871525], [5.894789, 49.871445], [5.894644, 49.87134], [5.894293, 49.8711], [5.894125, 49.870995], [5.893904, 49.87086], [5.893595, 49.87068], [5.893728, 49.87059], [5.892988, 49.87032], [5.892683, 49.870197], [5.892584, 49.870148], [5.892511, 49.870102], [5.892469, 49.870056], [5.892447, 49.870014], [5.892443, 49.869976], [5.892443, 49.869946], [5.89245, 49.869904], [5.892176, 49.869923], [5.891951, 49.869934], [5.891756, 49.869946], [5.891436, 49.86997], [5.891226, 49.869984], [5.891157, 49.86999], [5.890463, 49.870026], [5.8902, 49.870026], [5.890093, 49.87001], [5.890009, 49.869995], [5.889917, 49.869976], [5.889757, 49.87006], [5.889719, 49.870075], [5.889658, 49.870087], [5.889631, 49.8701], [5.889608, 49.870106], [5.889559, 49.870136], [5.889521, 49.87016], [5.889414, 49.8702], [5.889383, 49.870216], [5.889334, 49.87025], [5.889246, 49.870296], [5.889234, 49.870304], [5.889097, 49.87023], [5.88901, 49.870186], [5.888952, 49.870148], [5.888792, 49.870007], [5.888693, 49.86993], [5.88859, 49.869843], [5.888441, 49.869682], [5.888334, 49.86955], [5.888189, 49.869366], [5.888121, 49.86927], [5.888021, 49.86914], [5.887953, 49.86903], [5.887915, 49.868954], [5.88788, 49.868866], [5.887842, 49.868717], [5.887835, 49.86862], [5.887838, 49.868526], [5.887854, 49.868454], [5.88788, 49.86837], [5.887918, 49.86829], [5.887995, 49.868153], [5.888071, 49.868], [5.888117, 49.867935], [5.88817, 49.867825], [5.888258, 49.86763], [5.888308, 49.867516], [5.888327, 49.86748], [5.888392, 49.86741], [5.888411, 49.867382], [5.888411, 49.867355], [5.888407, 49.867317], [5.888414, 49.867283], [5.888433, 49.867237], [5.888472, 49.867165], [5.888475, 49.867138], [5.888464, 49.86708], [5.888441, 49.867023], [5.888437, 49.86699], [5.888441, 49.866955], [5.888441, 49.866936], [5.888426, 49.86693], [5.88838, 49.866905], [5.888311, 49.86686], [5.888269, 49.866825], [5.888212, 49.866776], [5.888163, 49.866753], [5.888014, 49.866673], [5.887865, 49.866604], [5.887823, 49.866573], [5.887781, 49.866535], [5.887751, 49.866505], [5.887713, 49.86647], [5.887659, 49.86643], [5.887545, 49.866356], [5.887331, 49.866238], [5.887297, 49.866215], [5.887228, 49.866177], [5.887163, 49.866135], [5.887098, 49.866062], [5.887049, 49.866024], [5.886957, 49.865982], [5.8869, 49.865967], [5.886728, 49.86593], [5.886675, 49.86591], [5.886622, 49.86588], [5.88656, 49.865852], [5.886427, 49.86582], [5.886198, 49.865776], [5.88616, 49.865765], [5.886133, 49.865746], [5.886122, 49.865723], [5.886091, 49.865707], [5.886004, 49.8657], [5.885939, 49.86569], [5.885874, 49.86569], [5.885801, 49.865677], [5.885717, 49.86566], [5.885637, 49.86565], [5.885557, 49.865658], [5.885489, 49.86567], [5.885435, 49.865685], [5.885393, 49.865692], [5.885328, 49.865685], [5.885218, 49.86566], [5.885153, 49.86564], [5.885107, 49.86561], [5.885008, 49.865562], [5.884913, 49.86553], [5.88481, 49.865494], [5.884752, 49.865467], [5.884642, 49.865376], [5.884592, 49.865345], [5.884512, 49.865314], [5.884428, 49.865295], [5.884355, 49.86527], [5.88426, 49.86522], [5.884169, 49.86516], [5.884077, 49.86511], [5.883894, 49.865], [5.883562, 49.864807], [5.883547, 49.8648], [5.883524, 49.86478], [5.883478, 49.864735], [5.883436, 49.8647], [5.883387, 49.864666], [5.883242, 49.86457], [5.883158, 49.864532], [5.883108, 49.864502], [5.88307, 49.864487], [5.883024, 49.864464], [5.883009, 49.864437], [5.882998, 49.86442], [5.882956, 49.864403], [5.882898, 49.864388], [5.882834, 49.86437], [5.882776, 49.864326], [5.882731, 49.864296], [5.882677, 49.864277], [5.882635, 49.864258], [5.882601, 49.864235], [5.882536, 49.864212], [5.882467, 49.864197], [5.882414, 49.864178], [5.882326, 49.86414], [5.882227, 49.864098], [5.882151, 49.864063], [5.882109, 49.864048], [5.882025, 49.864014], [5.881949, 49.863995], [5.881899, 49.86399], [5.881849, 49.863976], [5.881792, 49.863964], [5.881681, 49.86397], [5.881537, 49.86398], [5.881414, 49.863983], [5.881323, 49.863995], [5.881189, 49.864017], [5.880911, 49.864048], [5.880865, 49.864014], [5.88077, 49.863945], [5.880468, 49.86406], [5.880228, 49.86416], [5.880171, 49.864185], [5.880072, 49.864235], [5.87995, 49.8643], [5.879854, 49.864353], [5.879744, 49.86442], [5.879652, 49.8645], [5.879492, 49.86461], [5.879419, 49.864643], [5.879385, 49.864655], [5.879351, 49.864674], [5.87932, 49.864693], [5.879313, 49.864708], [5.879305, 49.864758], [5.87929, 49.8648], [5.879271, 49.864838], [5.879251, 49.86487], [5.879217, 49.8649], [5.879175, 49.86492], [5.879087, 49.86495], [5.879, 49.86497], [5.878946, 49.86499], [5.878916, 49.865013], [5.879011, 49.865105], [5.878736, 49.86526], [5.878531, 49.86539], [5.878679, 49.865555], [5.878748, 49.865658], [5.878809, 49.865757], [5.878843, 49.86585], [5.878889, 49.865986], [5.878962, 49.86617], [5.878992, 49.866245], [5.879065, 49.86634], [5.879164, 49.866455], [5.879061, 49.8666], [5.878954, 49.866753], [5.878939, 49.866776], [5.878752, 49.867035], [5.878271, 49.867695], [5.878191, 49.867764], [5.878069, 49.868454], [5.878023, 49.86882], [5.877996, 49.86927], [5.877943, 49.869705], [5.877939, 49.86981], [5.877951, 49.87015], [5.877935, 49.870291], [5.877905, 49.870539], [5.877893, 49.870588], [5.87784, 49.870733], [5.87771, 49.871092], [5.877512, 49.871656], [5.878008, 49.87195], [5.878569, 49.872293], [5.878553, 49.872309], [5.878122, 49.87285], [5.878614, 49.872839], [5.880098, 49.873632], [5.880175, 49.873671], [5.880125, 49.873713], [5.879812, 49.873957], [5.87948, 49.874205], [5.879374, 49.874277], [5.879126, 49.874453], [5.878794, 49.87467], [5.878591, 49.8748], [5.878088, 49.875063], [5.877859, 49.875177], [5.877489, 49.875395], [5.877333, 49.87549], [5.877286, 49.875518], [5.877249, 49.87554], [5.876966, 49.875704], [5.876925, 49.875757], [5.876711, 49.87602], [5.876467, 49.876333], [5.876345, 49.876493], [5.876181, 49.876707], [5.876112, 49.876787], [5.875967, 49.876951], [5.875864, 49.877085], [5.875849, 49.877108], [5.875639, 49.877394], [5.875433, 49.877672], [5.875193, 49.878004], [5.875166, 49.878042], [5.874853, 49.877798], [5.874723, 49.877695], [5.874624, 49.877626], [5.874506, 49.877565], [5.874281, 49.877455], [5.874418, 49.87734], [5.874094, 49.877134], [5.873877, 49.877001], [5.873739, 49.876928], [5.873579, 49.876852], [5.8734, 49.876768], [5.87324, 49.876696], [5.873224, 49.876596], [5.873205, 49.876436], [5.873148, 49.876127], [5.873144, 49.876051], [5.873152, 49.875963], [5.873175, 49.87586], [5.873232, 49.875715], [5.873327, 49.875608], [5.873419, 49.875528], [5.872938, 49.875517], [5.872515, 49.875509], [5.87216, 49.875502], [5.87171, 49.875494], [5.871679, 49.875494], [5.871607, 49.87578], [5.871538, 49.875997], [5.871382, 49.876436], [5.87134, 49.876543], [5.87134, 49.876593], [5.871359, 49.876631], [5.871614, 49.876761], [5.872297, 49.877115], [5.872183, 49.877245], [5.87216, 49.877268], [5.872061, 49.877386], [5.872019, 49.877447], [5.871954, 49.877592], [5.871916, 49.877688], [5.871874, 49.877771], [5.871782, 49.877935], [5.871736, 49.878012], [5.871691, 49.878069], [5.871618, 49.878126], [5.871542, 49.87818], [5.87142, 49.87826], [5.871393, 49.878389], [5.871374, 49.878462], [5.87134, 49.878538], [5.871309, 49.878591], [5.87126, 49.878668], [5.871202, 49.878824], [5.871183, 49.878885], [5.871096, 49.879145], [5.870958, 49.879473], [5.870882, 49.879671], [5.870733, 49.879999], [5.870672, 49.880094], [5.870607, 49.880201], [5.8706, 49.880213], [5.870897, 49.880297], [5.871134, 49.880362], [5.871489, 49.880461], [5.871756, 49.880533], [5.872042, 49.880602], [5.872267, 49.880644], [5.872393, 49.880663], [5.872435, 49.880674], [5.872293, 49.880892], [5.872213, 49.880854], [5.872141, 49.880827], [5.872015, 49.880808], [5.871821, 49.880781], [5.871306, 49.880659], [5.871134, 49.880617], [5.87068, 49.880495], [5.870169, 49.880354], [5.870066, 49.880323], [5.869703, 49.880236], [5.869669, 49.880281], [5.869623, 49.880346], [5.869497, 49.880461], [5.869417, 49.88059], [5.869272, 49.880835], [5.869173, 49.880999], [5.869097, 49.88109], [5.869062, 49.881121], [5.868978, 49.881174], [5.868879, 49.881231], [5.868845, 49.881258], [5.868807, 49.881315], [5.868723, 49.881487], [5.868498, 49.881437], [5.868418, 49.881418], [5.868635, 49.881029], [5.868845, 49.880739], [5.869059, 49.880499], [5.869123, 49.880503], [5.869249, 49.880236], [5.868746, 49.880453], [5.868513, 49.880529], [5.868364, 49.880571], [5.867773, 49.880693], [5.867243, 49.880773], [5.866995, 49.880854], [5.866919, 49.880865], [5.866869, 49.880865], [5.866781, 49.880854], [5.866201, 49.88117], [5.866007, 49.881288], [5.865774, 49.881453], [5.865702, 49.88151], [5.865496, 49.88167], [5.865293, 49.881803], [5.86521, 49.881918], [5.86508, 49.88212], [5.86487, 49.882494], [5.864828, 49.882585], [5.864752, 49.882792], [5.864729, 49.882887], [5.864721, 49.882925], [5.864683, 49.882986], [5.864584, 49.883108], [5.864355, 49.883409], [5.86426, 49.883547], [5.864172, 49.883676], [5.864077, 49.883841], [5.863909, 49.884062], [5.863806, 49.884199], [5.863649, 49.884378], [5.863466, 49.8846], [5.863123, 49.885046], [5.863073, 49.885118], [5.863169, 49.885183], [5.863626, 49.885485], [5.864073, 49.885759], [5.864447, 49.886011], [5.864946, 49.886324], [5.865366, 49.886713], [5.865728, 49.887045], [5.866144, 49.887419], [5.866384, 49.88767], [5.866762, 49.88817], [5.866648, 49.888182], [5.866579, 49.888185], [5.866507, 49.888185], [5.866373, 49.888136], [5.866114, 49.888033], [5.865725, 49.887937], [5.865366, 49.887842], [5.865019, 49.887758], [5.864794, 49.887709], [5.864668, 49.887678], [5.864554, 49.887655], [5.864451, 49.887629], [5.864286, 49.88759], [5.86416, 49.887556], [5.864031, 49.887495], [5.863726, 49.887377], [5.863634, 49.887346], [5.863508, 49.887301], [5.863421, 49.88727], [5.863169, 49.887194], [5.8631, 49.887175], [5.862772, 49.887194], [5.862658, 49.887205], [5.862448, 49.887236], [5.862276, 49.887266], [5.862177, 49.887289], [5.862063, 49.887358], [5.86186, 49.887476], [5.861807, 49.887507], [5.861738, 49.887548], [5.861456, 49.887728], [5.861429, 49.887739], [5.861448, 49.887766], [5.861177, 49.887854], [5.860582, 49.888048], [5.860357, 49.888117], [5.860216, 49.888174], [5.859953, 49.888296], [5.859808, 49.888357], [5.859663, 49.888403], [5.859526, 49.888433], [5.859426, 49.888445], [5.859289, 49.888452], [5.859053, 49.888449], [5.858931, 49.888445], [5.858885, 49.888449], [5.858778, 49.88846], [5.858618, 49.888479], [5.858484, 49.888502], [5.858335, 49.888548], [5.858301, 49.888556], [5.858152, 49.888567], [5.85808, 49.888578], [5.857977, 49.888605], [5.857889, 49.88862], [5.857817, 49.888639], [5.857672, 49.888647], [5.857428, 49.888651], [5.857096, 49.888658], [5.856802, 49.888693], [5.856356, 49.888548], [5.855936, 49.888391], [5.855738, 49.888315], [5.855421, 49.88817], [5.855093, 49.888014], [5.854628, 49.887781], [5.854929, 49.887365], [5.854971, 49.887308], [5.855047, 49.887209], [5.85531, 49.887133], [5.855024, 49.887091], [5.85467, 49.88703], [5.854212, 49.886892], [5.854269, 49.886614], [5.854357, 49.886354], [5.854422, 49.88624], [5.854639, 49.885851], [5.854662, 49.885801], [5.854776, 49.885538], [5.854837, 49.885385], [5.85491, 49.885187], [5.854956, 49.88508], [5.854967, 49.885027], [5.85507, 49.884764], [5.853666, 49.884493], [5.854097, 49.884428], [5.854231, 49.884123], [5.854395, 49.883768], [5.854479, 49.88352], [5.85391, 49.883318], [5.853705, 49.883246], [5.85346, 49.883161], [5.85325, 49.883104], [5.853079, 49.883062], [5.8529, 49.883017], [5.852701, 49.882952], [5.852377, 49.882841], [5.852098, 49.882738], [5.851976, 49.882688], [5.851805, 49.882612], [5.851599, 49.882528], [5.851465, 49.882479], [5.851389, 49.882456], [5.851194, 49.882433], [5.850595, 49.882368], [5.850458, 49.88236], [5.849859, 49.882338], [5.849462, 49.882303], [5.848959, 49.882242], [5.848864, 49.882536], [5.848799, 49.882742], [5.848776, 49.882875], [5.848692, 49.88315], [5.848196, 49.883074], [5.847899, 49.883047], [5.84733, 49.883036], [5.847048, 49.883036], [5.846754, 49.883055], [5.84654, 49.883078], [5.846296, 49.883131], [5.84606, 49.883181], [5.845808, 49.883249], [5.845583, 49.883314], [5.845362, 49.883394], [5.845125, 49.883493], [5.844885, 49.883581], [5.844679, 49.883654], [5.844305, 49.883768], [5.843939, 49.883875], [5.843676, 49.883959], [5.843557, 49.883989], [5.843302, 49.88402], [5.843172, 49.884043], [5.843046, 49.884081], [5.842947, 49.884127], [5.84265, 49.884294], [5.842505, 49.884359], [5.842295, 49.884447], [5.842077, 49.884546], [5.841463, 49.884817], [5.84133, 49.884714], [5.840548, 49.884153], [5.840357, 49.884024], [5.840029, 49.883822], [5.839716, 49.883657], [5.839117, 49.883409], [5.838911, 49.883276], [5.839121, 49.883139], [5.838961, 49.883108], [5.839006, 49.88307], [5.839018, 49.883058], [5.839136, 49.882978], [5.83917, 49.882952], [5.839292, 49.882868], [5.839373, 49.882826], [5.839479, 49.882772], [5.839628, 49.882692], [5.83967, 49.882666], [5.839743, 49.882627], [5.839849, 49.88254], [5.839975, 49.882433], [5.840033, 49.882372], [5.840071, 49.882296], [5.840147, 49.882116], [5.840189, 49.88201], [5.840216, 49.881949], [5.840361, 49.881639], [5.84049, 49.881399], [5.840521, 49.881353], [5.840647, 49.881079], [5.840944, 49.880587], [5.840921, 49.880568], [5.840857, 49.880529], [5.840776, 49.880499], [5.840673, 49.880465], [5.840559, 49.880438], [5.840471, 49.880423], [5.840426, 49.880419], [5.840403, 49.880308], [5.840383, 49.880144], [5.840376, 49.880014], [5.840383, 49.879767], [5.840403, 49.879366], [5.84041, 49.879141], [5.84091, 49.879091], [5.841372, 49.879007], [5.842081, 49.878874], [5.842596, 49.878767], [5.842932, 49.878717], [5.843149, 49.878687], [5.843267, 49.878645], [5.843351, 49.878599], [5.843401, 49.878553], [5.843462, 49.878511], [5.843656, 49.878416], [5.843759, 49.878363], [5.843828, 49.878313], [5.843947, 49.878176], [5.844149, 49.877905], [5.844339, 49.877676], [5.844507, 49.877516], [5.844629, 49.877417], [5.844786, 49.877306], [5.8449, 49.877233], [5.845003, 49.877153], [5.845121, 49.877012], [5.845194, 49.876905], [5.845324, 49.876707], [5.845388, 49.876623], [5.845629, 49.876402], [5.845831, 49.87623], [5.845964, 49.876108], [5.846087, 49.875967], [5.846186, 49.875765], [5.846228, 49.875582], [5.846247, 49.875486], [5.846266, 49.87536], [5.846289, 49.875162], [5.846289, 49.875021], [5.84627, 49.87491], [5.846228, 49.87483], [5.846113, 49.874666], [5.84598, 49.874498], [5.845888, 49.874392], [5.845549, 49.87406], [5.845201, 49.873793], [5.844942, 49.873632], [5.844755, 49.873548], [5.844538, 49.873491], [5.844336, 49.873461], [5.844149, 49.873446], [5.843966, 49.873449], [5.843828, 49.873468], [5.843645, 49.873518], [5.843527, 49.873579], [5.843214, 49.873815], [5.842775, 49.874163], [5.842485, 49.874361], [5.842112, 49.874544], [5.841898, 49.874617], [5.841787, 49.874628], [5.841448, 49.874636], [5.840769, 49.874598], [5.840372, 49.874548], [5.839907, 49.874403], [5.839441, 49.874205], [5.839151, 49.874041], [5.838968, 49.873877], [5.838831, 49.873716], [5.838766, 49.873537], [5.838717, 49.873179], [5.838663, 49.873003], [5.838541, 49.872801], [5.838263, 49.872412], [5.838099, 49.872171], [5.837889, 49.871756], [5.837591, 49.871229], [5.837439, 49.870981], [5.83732, 49.870871], [5.837133, 49.870699], [5.836821, 49.870474], [5.836698, 49.870409], [5.83663, 49.870394], [5.836576, 49.870405], [5.836519, 49.870428], [5.836359, 49.87044], [5.835997, 49.870462], [5.835676, 49.87047], [5.835341, 49.870447], [5.835123, 49.870409], [5.834898, 49.870325], [5.834585, 49.870104], [5.834398, 49.869909], [5.834307, 49.869844], [5.834185, 49.869814], [5.833933, 49.869795], [5.833509, 49.869795], [5.832525, 49.869783], [5.832415, 49.869776], [5.832212, 49.869764], [5.831861, 49.869684], [5.831594, 49.8696], [5.831308, 49.869482], [5.831144, 49.869402], [5.830698, 49.869066], [5.830179, 49.868677], [5.829889, 49.868433], [5.829561, 49.868151], [5.829302, 49.868002], [5.828615, 49.867727], [5.827745, 49.867388], [5.825995, 49.866812], [5.825228, 49.86656], [5.824903, 49.866457], [5.824526, 49.866373], [5.824278, 49.866365], [5.824102, 49.8664], [5.82387, 49.866541], [5.823614, 49.866644], [5.822935, 49.866858], [5.822275, 49.867048], [5.821821, 49.867239], [5.821211, 49.867506], [5.820478, 49.867643], [5.819696, 49.867697], [5.818953, 49.867773], [5.818308, 49.867884], [5.817705, 49.867952], [5.814703, 49.868269], [5.812906, 49.868532], [5.812449, 49.868612], [5.812406, 49.868616], [5.811544, 49.868635], [5.810972, 49.868597], [5.81032, 49.86846], [5.809694, 49.868334], [5.809221, 49.868288], [5.808565, 49.868265], [5.808291, 49.868216], [5.808065, 49.868151], [5.807879, 49.868078], [5.807806, 49.867903], [5.807661, 49.867304], [5.807604, 49.867147], [5.807459, 49.867033], [5.807138, 49.866938], [5.80681, 49.866846], [5.806631, 49.86669], [5.806379, 49.86632], [5.806288, 49.866087], [5.806204, 49.865953], [5.806139, 49.865744], [5.806131, 49.865244], [5.806169, 49.864912], [5.806166, 49.864679], [5.806127, 49.864504], [5.806078, 49.864401], [5.806009, 49.864283], [5.805471, 49.863958], [5.805151, 49.863768], [5.804823, 49.86363], [5.80456, 49.863554], [5.804293, 49.863508], [5.80406, 49.863485], [5.80361, 49.86347], [5.80335, 49.863485], [5.803152, 49.863508], [5.802797, 49.863577], [5.802603, 49.863626], [5.802401, 49.863718], [5.802259, 49.86381], [5.802073, 49.863981], [5.801897, 49.864176], [5.801836, 49.864313], [5.801844, 49.864458], [5.802076, 49.864897], [5.802465, 49.865576], [5.802675, 49.865889], [5.802881, 49.866156], [5.803022, 49.866316], [5.803068, 49.86635], [5.803286, 49.866499], [5.803408, 49.866587], [5.804041, 49.866869], [5.804491, 49.867109], [5.804655, 49.867243], [5.804998, 49.86767], [5.805323, 49.867994], [5.805636, 49.868311], [5.80591, 49.868643], [5.806223, 49.869043], [5.806387, 49.869322], [5.806463, 49.869535], [5.806463, 49.869753], [5.806425, 49.869955], [5.80633, 49.870146], [5.806139, 49.870352], [5.805906, 49.870542], [5.805708, 49.870668], [5.805555, 49.870726], [5.80514, 49.870783], [5.804769, 49.87084], [5.804003, 49.870871], [5.80332, 49.870882], [5.803045, 49.870863], [5.802885, 49.870836], [5.802786, 49.870798], [5.802679, 49.870745], [5.802523, 49.870627], [5.80224, 49.870398], [5.801981, 49.870176], [5.801714, 49.870024], [5.801222, 49.869764], [5.801115, 49.869711], [5.800867, 49.869623], [5.800714, 49.869593], [5.800627, 49.869581], [5.800489, 49.8696], [5.800444, 49.869646], [5.800425, 49.869818], [5.800421, 49.869955], [5.800459, 49.870127], [5.80052, 49.870295], [5.800657, 49.870489], [5.800772, 49.870722], [5.800734, 49.870821], [5.800634, 49.870894], [5.800406, 49.871057], [5.799978, 49.871286], [5.799376, 49.871492], [5.798624, 49.871653], [5.797148, 49.871832], [5.796286, 49.871923], [5.795687, 49.872049], [5.795397, 49.872183], [5.795267, 49.872301], [5.795229, 49.87253], [5.795267, 49.872816], [5.795282, 49.87322], [5.795385, 49.873613], [5.795683, 49.874479], [5.79603, 49.875139], [5.796625, 49.876074], [5.796965, 49.876604], [5.797125, 49.876986], [5.79722, 49.877375], [5.797201, 49.877611], [5.797037, 49.878309], [5.796904, 49.878603], [5.796808, 49.878801], [5.796625, 49.879042], [5.796473, 49.879229], [5.796366, 49.87948], [5.796179, 49.87974], [5.795996, 49.879976], [5.795904, 49.880087], [5.795626, 49.880278], [5.795542, 49.880323], [5.795034, 49.880449], [5.794638, 49.880568], [5.794451, 49.880671], [5.79421, 49.880686], [5.793818, 49.880636], [5.793405, 49.880461], [5.793219, 49.880331], [5.792917, 49.880049], [5.792311, 49.879553], [5.791937, 49.879232], [5.791819, 49.87908], [5.791788, 49.878916], [5.792028, 49.87813], [5.792097, 49.877924], [5.792093, 49.877516], [5.791998, 49.877123], [5.792021, 49.87694], [5.792135, 49.876619], [5.79233, 49.875952], [5.792364, 49.875784], [5.792379, 49.875654], [5.792345, 49.875574], [5.792192, 49.875429], [5.792021, 49.875288], [5.791792, 49.875124], [5.791182, 49.874803], [5.790686, 49.874563], [5.790064, 49.874231], [5.789583, 49.873999], [5.788958, 49.873713], [5.788542, 49.873568], [5.787992, 49.873488], [5.7875, 49.873476], [5.787149, 49.873541], [5.786085, 49.873915], [5.784933, 49.874277], [5.78401, 49.8748], [5.783377, 49.875112], [5.78285, 49.875414], [5.782667, 49.875578], [5.782568, 49.875727], [5.782701, 49.875748], [5.782812, 49.875793], [5.782881, 49.875835], [5.78293, 49.875877], [5.782965, 49.875927], [5.783033, 49.87608], [5.783064, 49.876167], [5.783133, 49.876446], [5.783182, 49.87655], [5.783331, 49.876907], [5.783434, 49.87715], [5.783533, 49.877415], [5.783571, 49.87753], [5.783579, 49.877594], [5.783575, 49.877705], [5.78356, 49.87784], [5.783514, 49.878105], [5.78343, 49.878532], [5.783415, 49.878628], [5.783392, 49.87869], [5.783365, 49.878742], [5.783335, 49.878777], [5.783152, 49.878937], [5.783041, 49.879044], [5.782968, 49.87911], [5.782915, 49.87915], [5.782835, 49.879196], [5.782675, 49.879257], [5.782534, 49.879326], [5.782461, 49.879356], [5.782423, 49.87937], [5.782312, 49.87942], [5.78203, 49.87946], [5.781828, 49.87949], [5.781698, 49.87953], [5.781378, 49.87968], [5.781176, 49.879784], [5.781, 49.87986], [5.780947, 49.87989], [5.780916, 49.879936], [5.780874, 49.88002], [5.780829, 49.880104], [5.780741, 49.88018], [5.78068, 49.880215], [5.780634, 49.88023], [5.780558, 49.880238], [5.780405, 49.88024], [5.780268, 49.880257], [5.780214, 49.880276], [5.780172, 49.880306], [5.780142, 49.88035], [5.780107, 49.880447], [5.780073, 49.880512], [5.780024, 49.88058], [5.779974, 49.880615], [5.779932, 49.880642], [5.779859, 49.880657], [5.77976, 49.880676], [5.779688, 49.880703], [5.7796, 49.880768], [5.779486, 49.880875], [5.779398, 49.880943], [5.77936, 49.880962], [5.779272, 49.881], [5.779047, 49.88106], [5.778921, 49.881096], [5.778868, 49.881123], [5.778845, 49.881145], [5.77883, 49.88121], [5.778822, 49.8814], [5.778814, 49.881466], [5.778727, 49.881657], [5.778704, 49.881695], [5.778662, 49.881737], [5.778631, 49.881756], [5.778597, 49.88175], [5.778555, 49.881714], [5.778505, 49.88167], [5.778463, 49.881653], [5.778429, 49.88166], [5.778368, 49.881706], [5.778234, 49.881813], [5.778162, 49.8819], [5.778101, 49.881992], [5.778059, 49.88208], [5.778051, 49.88215], [5.778055, 49.8822], [5.778082, 49.882294], [5.778128, 49.882393], [5.778292, 49.88259], [5.778322, 49.88268], [5.778341, 49.882824], [5.778338, 49.88293], [5.778307, 49.883022], [5.778212, 49.883198], [5.778177, 49.88332], [5.778196, 49.88342], [5.778227, 49.883453], [5.778265, 49.88346], [5.778318, 49.883457], [5.77836, 49.883446], [5.778402, 49.88345], [5.778437, 49.88347], [5.778433, 49.883488], [5.778109, 49.88376], [5.777937, 49.883884], [5.777838, 49.883892], [5.777536, 49.88395], [5.777338, 49.88399], [5.776808, 49.88408], [5.776613, 49.884117], [5.776422, 49.884155], [5.77585, 49.884274], [5.775759, 49.884285], [5.77564, 49.8843], [5.775347, 49.884315], [5.775068, 49.884335], [5.774877, 49.88434], [5.774713, 49.884342], [5.774607, 49.884342], [5.774523, 49.88435], [5.774435, 49.884354], [5.774355, 49.884357], [5.77389, 49.884415], [5.773478, 49.88448], [5.77321, 49.88453], [5.772707, 49.884636], [5.772551, 49.884686], [5.772406, 49.88474], [5.772203, 49.884842], [5.771997, 49.884964], [5.771833, 49.88507], [5.771784, 49.885113], [5.771734, 49.885166], [5.771631, 49.885303], [5.771509, 49.885468], [5.771444, 49.885563], [5.771414, 49.885647], [5.771334, 49.885853], [5.771231, 49.88603], [5.771181, 49.886112], [5.771048, 49.886402], [5.771013, 49.886467], [5.770952, 49.886536], [5.770884, 49.8866], [5.770754, 49.88669], [5.770609, 49.886784], [5.770556, 49.886837], [5.770533, 49.88687], [5.770513, 49.886936], [5.770506, 49.88697], [5.770506, 49.887016], [5.770513, 49.887047], [5.77054, 49.88712], [5.770651, 49.88733], [5.770609, 49.88735], [5.77022, 49.88709], [5.770132, 49.887024], [5.770063, 49.886993], [5.769972, 49.886963], [5.769903, 49.886948], [5.769671, 49.88694], [5.769247, 49.88693], [5.768892, 49.886936], [5.76874, 49.88695], [5.768629, 49.886963], [5.76837, 49.887005], [5.76821, 49.88704], [5.767981, 49.887096], [5.767782, 49.887154], [5.767534, 49.887245], [5.767469, 49.887264], [5.767355, 49.887295], [5.767351, 49.887352], [5.767351, 49.88737], [5.767317, 49.887413], [5.767225, 49.88751], [5.767145, 49.88758], [5.767027, 49.887688], [5.766966, 49.887726], [5.766794, 49.88783], [5.76671, 49.887886], [5.766588, 49.887978], [5.766542, 49.888], [5.766489, 49.888016], [5.766138, 49.88811], [5.765783, 49.888245], [5.765764, 49.88823], [5.765684, 49.888187], [5.765577, 49.888138], [5.765543, 49.888123], [5.765516, 49.88812], [5.765482, 49.888123], [5.765379, 49.888153], [5.765341, 49.888145], [5.765284, 49.888126], [5.765135, 49.888054], [5.76494, 49.888233], [5.764914, 49.888184], [5.764887, 49.88817], [5.764852, 49.888153], [5.764814, 49.888145], [5.76473, 49.88815], [5.764452, 49.88817], [5.764345, 49.888172], [5.763983, 49.888245], [5.763891, 49.88826], [5.763823, 49.88826], [5.76372, 49.888252], [5.763578, 49.88824], [5.763491, 49.888237], [5.763376, 49.888245], [5.763296, 49.88826], [5.763189, 49.888298], [5.762861, 49.888447], [5.762743, 49.888496], [5.762285, 49.888626], [5.761633, 49.88886], [5.761446, 49.888924], [5.761164, 49.88899], [5.760965, 49.889027], [5.760759, 49.88907], [5.76066, 49.889103], [5.760279, 49.889244], [5.760183, 49.889275], [5.760103, 49.88929], [5.759851, 49.889317], [5.759417, 49.88936], [5.758978, 49.88941], [5.758379, 49.88947], [5.758131, 49.88949], [5.757982, 49.88949], [5.757669, 49.889477], [5.757422, 49.889458], [5.75736, 49.889458], [5.757341, 49.88946], [5.757299, 49.889473], [5.757273, 49.88949], [5.757254, 49.88952], [5.757101, 49.88981], [5.756861, 49.889732], [5.756811, 49.88973], [5.756754, 49.889736], [5.756693, 49.88975], [5.756659, 49.88977], [5.756605, 49.88981], [5.756453, 49.889965], [5.756304, 49.890114], [5.756052, 49.890408], [5.755999, 49.89046], [5.755949, 49.8905], [5.7558, 49.89059], [5.755953, 49.890724], [5.755815, 49.89073], [5.755682, 49.89076], [5.755548, 49.890793], [5.755411, 49.890842], [5.755205, 49.89092], [5.755102, 49.89096], [5.754915, 49.891052], [5.75469, 49.891144], [5.754244, 49.891296], [5.754091, 49.891342], [5.753962, 49.89137], [5.753889, 49.891376], [5.753843, 49.891373], [5.753771, 49.89136], [5.753717, 49.891346], [5.753294, 49.89143], [5.753206, 49.891464], [5.753038, 49.89147], [5.752981, 49.891354], [5.752977, 49.891308], [5.752924, 49.891304], [5.752401, 49.89131], [5.75226, 49.89131], [5.752058, 49.891293], [5.75194, 49.891285], [5.751844, 49.89129], [5.751711, 49.891304], [5.751493, 49.89134], [5.75083, 49.891445], [5.750425, 49.891514], [5.750135, 49.891575], [5.749842, 49.891663], [5.749308, 49.891834], [5.749044, 49.89192], [5.74869, 49.89206], [5.748419, 49.892166], [5.74787, 49.89239], [5.747572, 49.892643], [5.747465, 49.892735], [5.747603, 49.892815], [5.747213, 49.893066], [5.746939, 49.89328], [5.746778, 49.893417], [5.746733, 49.89347], [5.746714, 49.893524], [5.746717, 49.89356], [5.746736, 49.89362], [5.746756, 49.89366], [5.746531, 49.893684], [5.746504, 49.893715], [5.746504, 49.893738], [5.746569, 49.893814], [5.746592, 49.893845], [5.746588, 49.893883], [5.746576, 49.89403], [5.746378, 49.894184], [5.746283, 49.894165], [5.746191, 49.89417], [5.74581, 49.89421], [5.745409, 49.894234], [5.745085, 49.8943], [5.744768, 49.89441], [5.744219, 49.89459], [5.744131, 49.89463], [5.744021, 49.894703], [5.743864, 49.894814], [5.743826, 49.89484], [5.743792, 49.894825], [5.743776, 49.894817], [5.743616, 49.89487], [5.743536, 49.8949], [5.743456, 49.89494], [5.743395, 49.89496], [5.743349, 49.89496], [5.74328, 49.894943], [5.743238, 49.894943], [5.743177, 49.894955], [5.743029, 49.894974], [5.742964, 49.89497], [5.742926, 49.894974], [5.74288, 49.895], [5.742788, 49.895077], [5.742746, 49.895092], [5.742731, 49.895107], [5.74272, 49.895126], [5.742685, 49.895126], [5.742544, 49.895115], [5.742506, 49.895103], [5.742163, 49.895065], [5.741949, 49.89505], [5.741877, 49.89505], [5.741724, 49.895065], [5.741346, 49.89512], [5.741209, 49.895134], [5.740976, 49.89514], [5.740808, 49.895134], [5.740686, 49.895126], [5.740213, 49.89507], [5.739759, 49.895], [5.739306, 49.89529], [5.739054, 49.89547], [5.738611, 49.895813], [5.738432, 49.89595], [5.738131, 49.896168], [5.738058, 49.896214], [5.737993, 49.896244], [5.73786, 49.896294], [5.737501, 49.896404], [5.73702, 49.896538], [5.736933, 49.896572], [5.736811, 49.896633], [5.736731, 49.89666], [5.736486, 49.89672], [5.73636, 49.896748], [5.736261, 49.896755], [5.736086, 49.89675], [5.735979, 49.896755], [5.735922, 49.896767], [5.73583, 49.896805], [5.735769, 49.89684], [5.735727, 49.896877], [5.735708, 49.896896], [5.735701, 49.896927]]]]}}]}