{"type": "FeatureCollection", "features": [{"type": "Feature", "properties": {"name": "Canton Grevenmacher"}, "geometry": {"type": "MultiPolygon", "coordinates": [[[[6.166998, 49.686916], [6.167017, 49.686943], [6.167208, 49.687054], [6.167795, 49.687347], [6.168001, 49.687447], [6.168119, 49.687492], [6.168959, 49.687748], [6.169626, 49.687946], [6.169882, 49.688007], [6.170435, 49.688126], [6.170603, 49.688175], [6.170813, 49.688244], [6.170992, 49.688305], [6.171297, 49.688427], [6.171503, 49.688507], [6.171846, 49.688663], [6.172316, 49.688873], [6.172968, 49.68917], [6.173193, 49.689255], [6.173468, 49.689354], [6.173807, 49.689438], [6.174154, 49.689495], [6.174421, 49.68952], [6.174704, 49.689537], [6.174978, 49.68954], [6.175226, 49.689545], [6.175398, 49.68954], [6.175455, 49.68954], [6.175604, 49.68955], [6.175695, 49.689552], [6.176092, 49.689495], [6.176325, 49.689453], [6.176428, 49.689434], [6.176554, 49.689407], [6.176668, 49.68938], [6.176802, 49.68935], [6.176931, 49.689312], [6.177027, 49.68928], [6.177065, 49.689266], [6.177153, 49.689236], [6.177317, 49.68939], [6.177347, 49.689415], [6.177504, 49.68956], [6.177572, 49.689625], [6.177618, 49.68967], [6.177675, 49.68972], [6.177896, 49.689934], [6.178026, 49.69001], [6.178156, 49.690083], [6.178205, 49.69011], [6.178419, 49.690224], [6.178602, 49.69032], [6.178663, 49.690353], [6.178896, 49.690475], [6.179079, 49.690575], [6.179354, 49.69038], [6.179487, 49.69029], [6.179647, 49.690174], [6.179777, 49.690086], [6.179836, 49.690043], [6.179861, 49.690025], [6.180231, 49.690216], [6.180426, 49.69032], [6.180597, 49.69043], [6.180746, 49.69053], [6.180899, 49.690643], [6.180983, 49.690723], [6.181074, 49.69083], [6.181139, 49.690926], [6.1812, 49.69104], [6.181227, 49.691135], [6.181234, 49.691208], [6.181238, 49.69126], [6.181234, 49.691326], [6.181219, 49.691395], [6.181189, 49.691475], [6.181158, 49.691536], [6.18112, 49.69159], [6.181108, 49.691605], [6.18099, 49.69177], [6.181055, 49.69183], [6.181166, 49.691906], [6.181498, 49.692142], [6.18162, 49.69223], [6.181936, 49.692455], [6.182077, 49.692554], [6.182924, 49.693153], [6.18265, 49.693302], [6.182459, 49.6934], [6.182234, 49.693527], [6.182066, 49.69363], [6.181833, 49.693794], [6.181784, 49.693832], [6.181726, 49.693874], [6.181589, 49.693985], [6.181437, 49.694115], [6.181131, 49.69436], [6.181067, 49.694405], [6.180551, 49.694748], [6.180441, 49.69483], [6.180342, 49.69491], [6.180254, 49.69499], [6.180166, 49.695076], [6.180101, 49.695145], [6.180071, 49.695187], [6.179964, 49.69532], [6.179911, 49.6954], [6.179857, 49.695496], [6.179823, 49.69556], [6.179304, 49.69598], [6.179075, 49.696167], [6.17959, 49.69642], [6.180502, 49.69685], [6.181078, 49.69712], [6.181017, 49.69719], [6.181154, 49.697235], [6.181265, 49.69726], [6.181368, 49.69728], [6.181482, 49.69729], [6.181555, 49.69729], [6.181688, 49.697277], [6.181749, 49.697266], [6.181833, 49.697258], [6.181902, 49.697254], [6.181978, 49.697258], [6.182043, 49.69727], [6.182108, 49.697285], [6.182165, 49.697315], [6.182253, 49.697346], [6.182356, 49.69736], [6.182501, 49.69737], [6.182585, 49.697388], [6.182657, 49.697426], [6.182753, 49.6975], [6.182836, 49.697582], [6.18289, 49.697613], [6.182962, 49.697662], [6.183035, 49.697735], [6.183081, 49.697803], [6.183104, 49.69782], [6.183146, 49.697838], [6.18321, 49.697845], [6.183317, 49.697865], [6.183461, 49.697914], [6.18354, 49.697941], [6.183596, 49.69796], [6.183836, 49.698166], [6.183851, 49.698307], [6.184019, 49.698368], [6.184133, 49.69842], [6.18424, 49.69848], [6.18437, 49.69857], [6.184488, 49.698673], [6.184561, 49.698742], [6.184693, 49.698739], [6.184915, 49.698734], [6.184973, 49.69876], [6.185045, 49.69896], [6.185053, 49.698997], [6.185022, 49.6991], [6.184984, 49.699104], [6.184946, 49.699116], [6.184942, 49.699127], [6.184961, 49.69916], [6.185015, 49.699226], [6.185179, 49.699406], [6.185255, 49.699577], [6.185263, 49.69961], [6.185255, 49.69963], [6.185068, 49.699886], [6.184915, 49.700096], [6.184797, 49.700253], [6.184652, 49.700455], [6.184588, 49.700542], [6.184549, 49.7006], [6.184511, 49.700645], [6.184362, 49.700836], [6.183817, 49.70148], [6.183779, 49.701515], [6.183748, 49.701546], [6.184149, 49.701824], [6.184294, 49.701927], [6.184889, 49.702335], [6.184961, 49.702526], [6.185053, 49.702763], [6.185076, 49.702827], [6.18511, 49.70291], [6.185133, 49.702976], [6.185225, 49.70322], [6.18545, 49.70412], [6.185453, 49.704155], [6.185526, 49.704487], [6.185579, 49.704643], [6.185625, 49.70478], [6.185736, 49.70494], [6.185846, 49.705086], [6.186052, 49.705307], [6.186247, 49.70549], [6.186491, 49.705685], [6.186674, 49.705822], [6.186899, 49.705975], [6.186995, 49.706036], [6.187231, 49.706184], [6.187075, 49.706326], [6.187029, 49.706367], [6.186792, 49.706585], [6.186735, 49.70664], [6.186449, 49.706917], [6.186369, 49.70699], [6.186209, 49.70714], [6.18614, 49.707207], [6.186136, 49.707226], [6.185926, 49.708042], [6.185957, 49.70818], [6.185987, 49.708305], [6.186022, 49.70846], [6.186113, 49.708565], [6.186472, 49.70898], [6.186781, 49.709312], [6.186796, 49.70933], [6.186789, 49.709476], [6.186789, 49.709534], [6.186785, 49.709682], [6.186785, 49.709763], [6.186777, 49.70996], [6.186777, 49.710102], [6.186789, 49.71019], [6.186819, 49.710278], [6.18688, 49.710472], [6.187021, 49.71091], [6.187067, 49.711056], [6.18701, 49.71118], [6.18696, 49.711304], [6.186911, 49.711422], [6.186838, 49.711605], [6.186815, 49.71167], [6.186804, 49.712337], [6.1868, 49.712894], [6.186514, 49.713528], [6.186365, 49.713627], [6.185953, 49.713913], [6.185541, 49.714195], [6.185472, 49.714237], [6.185206, 49.714397], [6.185015, 49.714508], [6.184893, 49.71458], [6.18516, 49.71471], [6.185709, 49.714993], [6.186266, 49.715275], [6.186564, 49.715424], [6.187319, 49.71579], [6.18791, 49.71608], [6.188059, 49.716152], [6.188478, 49.71636], [6.188951, 49.71659], [6.189001, 49.716618], [6.189055, 49.71664], [6.189184, 49.716705], [6.189394, 49.716812], [6.189451, 49.71684], [6.189737, 49.716972], [6.1905, 49.717304], [6.19084, 49.717453], [6.191381, 49.717686], [6.191919, 49.717922], [6.19235, 49.718113], [6.192373, 49.718124], [6.192392, 49.718132], [6.192423, 49.718143], [6.193094, 49.71844], [6.193136, 49.718464], [6.193502, 49.718624], [6.193514, 49.718628], [6.193582, 49.718662], [6.19441, 49.719032], [6.194857, 49.719227], [6.195085, 49.719326], [6.195379, 49.719456], [6.195948, 49.7197], [6.196207, 49.719723], [6.196436, 49.719734], [6.196711, 49.719746], [6.197058, 49.71976], [6.197416, 49.719776], [6.197752, 49.7198], [6.197905, 49.719814], [6.198072, 49.71983], [6.198275, 49.71984], [6.198576, 49.719852], [6.198732, 49.71986], [6.19882, 49.71987], [6.198969, 49.7199], [6.199072, 49.719925], [6.199305, 49.719994], [6.19945, 49.72004], [6.199655, 49.720116], [6.199835, 49.720184], [6.200022, 49.72027], [6.200132, 49.720318], [6.200235, 49.720356], [6.20038, 49.7204], [6.200506, 49.720448], [6.20072, 49.720524], [6.200979, 49.720608], [6.201189, 49.720673], [6.20138, 49.720722], [6.201551, 49.720768], [6.201601, 49.720783], [6.201662, 49.72081], [6.201796, 49.72086], [6.201895, 49.720882], [6.202169, 49.72092], [6.202265, 49.72094], [6.202394, 49.72097], [6.202543, 49.721], [6.202661, 49.72102], [6.202898, 49.72102], [6.203001, 49.721024], [6.203051, 49.72102], [6.203066, 49.72102], [6.203058, 49.721035], [6.202978, 49.721172], [6.202803, 49.721485], [6.202581, 49.721912], [6.202249, 49.722248], [6.201925, 49.722572], [6.201902, 49.72262], [6.201902, 49.72265], [6.201914, 49.722767], [6.201944, 49.723045], [6.201948, 49.723263], [6.201963, 49.723267], [6.202383, 49.723392], [6.202604, 49.723454], [6.20289, 49.72353], [6.202997, 49.723553], [6.204447, 49.7238], [6.204428, 49.723835], [6.204413, 49.72387], [6.204199, 49.72432], [6.204222, 49.72433], [6.204599, 49.724464], [6.204657, 49.724487], [6.204695, 49.724506], [6.20476, 49.724537], [6.204809, 49.724564], [6.204863, 49.724598], [6.204947, 49.72466], [6.205011, 49.72471], [6.205118, 49.72479], [6.205389, 49.72499], [6.205454, 49.725033], [6.205542, 49.725086], [6.205687, 49.72517], [6.205782, 49.725212], [6.205851, 49.72524], [6.205908, 49.725266], [6.205999, 49.7253], [6.206247, 49.725403], [6.205744, 49.726376], [6.205675, 49.726498], [6.207251, 49.72736], [6.207327, 49.727398], [6.20743, 49.727448], [6.208425, 49.727882], [6.209513, 49.728107], [6.209547, 49.728115], [6.209833, 49.728172], [6.210241, 49.728245], [6.210531, 49.72829], [6.210993, 49.728348], [6.2111, 49.728355], [6.211237, 49.72837], [6.211302, 49.728374], [6.211348, 49.728374], [6.211431, 49.72838], [6.211893, 49.728397], [6.21208, 49.7284], [6.21266, 49.728527], [6.212976, 49.728622], [6.213614, 49.728825], [6.214029, 49.72937], [6.213949, 49.72991], [6.214125, 49.730015], [6.215094, 49.73061], [6.216204, 49.731262], [6.216429, 49.731445], [6.216707, 49.731667], [6.216997, 49.73191], [6.217302, 49.732174], [6.217402, 49.732254], [6.217771, 49.732407], [6.218248, 49.732594], [6.218794, 49.732807], [6.219896, 49.733685], [6.220114, 49.73385], [6.220179, 49.733917], [6.220331, 49.734108], [6.220499, 49.734306], [6.220537, 49.734356], [6.220594, 49.73445], [6.220762, 49.73475], [6.220762, 49.734814], [6.220747, 49.73498], [6.220735, 49.73505], [6.220728, 49.73509], [6.220735, 49.73512], [6.220758, 49.735172], [6.220854, 49.735348], [6.221422, 49.735313], [6.221827, 49.736107], [6.221987, 49.73643], [6.222055, 49.73652], [6.222166, 49.73676], [6.222567, 49.737534], [6.222567, 49.73779], [6.222609, 49.73804], [6.222719, 49.73859], [6.222803, 49.738914], [6.223036, 49.739292], [6.223028, 49.73932], [6.223127, 49.73946], [6.224295, 49.741127], [6.224474, 49.74133], [6.224661, 49.741543], [6.224909, 49.741833], [6.225096, 49.74205], [6.225302, 49.742287], [6.225302, 49.742603], [6.225306, 49.74271], [6.225313, 49.74285], [6.225321, 49.742935], [6.225325, 49.743], [6.225344, 49.7432], [6.225363, 49.743313], [6.225374, 49.743362], [6.225405, 49.743492], [6.22542, 49.74355], [6.225534, 49.744026], [6.22558, 49.744205], [6.225614, 49.74437], [6.225637, 49.74449], [6.225649, 49.744545], [6.22566, 49.744625], [6.225691, 49.74482], [6.225729, 49.745132], [6.225779, 49.74549], [6.225794, 49.745575], [6.225809, 49.745636], [6.225824, 49.745686], [6.225855, 49.74575], [6.22603, 49.74605], [6.226145, 49.746254], [6.226202, 49.746357], [6.226233, 49.746407], [6.226255, 49.746456], [6.226259, 49.746487], [6.226252, 49.746513], [6.22624, 49.746544], [6.226206, 49.74662], [6.226172, 49.74668], [6.226118, 49.746746], [6.226088, 49.746777], [6.226034, 49.746807], [6.225946, 49.746845], [6.225977, 49.74694], [6.226015, 49.747055], [6.226057, 49.747128], [6.226099, 49.747192], [6.226152, 49.74726], [6.226263, 49.747387], [6.226492, 49.747646], [6.226561, 49.74772], [6.226698, 49.747875], [6.226908, 49.74811], [6.227095, 49.748318], [6.227263, 49.7485], [6.2274, 49.748653], [6.227426, 49.748856], [6.227484, 49.74914], [6.227503, 49.74926], [6.227522, 49.74936], [6.227533, 49.74944], [6.227587, 49.74972], [6.227869, 49.74955], [6.228193, 49.749332], [6.228231, 49.749073], [6.228487, 49.748894], [6.229067, 49.748447], [6.229219, 49.74835], [6.22938, 49.748253], [6.229498, 49.748188], [6.229864, 49.74799], [6.230146, 49.74784], [6.230284, 49.747765], [6.230681, 49.747543], [6.230741, 49.747536], [6.230932, 49.747627], [6.231363, 49.74759], [6.232115, 49.74752], [6.232386, 49.747498], [6.233007, 49.74746], [6.233793, 49.747417], [6.234091, 49.747402], [6.234259, 49.74739], [6.234388, 49.74738], [6.23472, 49.74736], [6.23506, 49.747337], [6.235365, 49.74732], [6.235838, 49.74725], [6.23641, 49.747166], [6.236864, 49.747105], [6.23712, 49.747066], [6.237249, 49.747044], [6.23736, 49.74702], [6.23749, 49.746986], [6.237623, 49.746952], [6.237753, 49.746914], [6.238119, 49.746803], [6.238317, 49.746746], [6.238569, 49.746677], [6.23868, 49.746643], [6.23889, 49.746586], [6.238989, 49.746563], [6.23921, 49.746517], [6.239477, 49.746464], [6.24032, 49.74631], [6.240934, 49.746197], [6.241243, 49.746147], [6.241365, 49.74613], [6.241621, 49.746105], [6.242132, 49.746063], [6.242521, 49.746033], [6.242666, 49.74602], [6.242975, 49.746006], [6.243231, 49.746], [6.243452, 49.74599], [6.243978, 49.74597], [6.244379, 49.745956], [6.244833, 49.745945], [6.245142, 49.74593], [6.245287, 49.745926], [6.245443, 49.74592], [6.245504, 49.745914], [6.245611, 49.745914], [6.246328, 49.745884], [6.246729, 49.745865], [6.246824, 49.745865], [6.247088, 49.745857], [6.247145, 49.745853], [6.247236, 49.745853], [6.247553, 49.74584], [6.247892, 49.7458], [6.248434, 49.745728], [6.249083, 49.745605], [6.249235, 49.745537], [6.249411, 49.745464], [6.249605, 49.745396], [6.249842, 49.745304], [6.250166, 49.7452], [6.250269, 49.74518], [6.250376, 49.74516], [6.25049, 49.74514], [6.250643, 49.74512], [6.250822, 49.745106], [6.250879, 49.745102], [6.251207, 49.745083], [6.251753, 49.745075], [6.252417, 49.745075], [6.252661, 49.745083], [6.252878, 49.745087], [6.252955, 49.74509], [6.25313, 49.745094], [6.253519, 49.745113], [6.253782, 49.745125], [6.254328, 49.745155], [6.254717, 49.745174], [6.254988, 49.74519], [6.255018, 49.74519], [6.255022, 49.745064], [6.255076, 49.745068], [6.255339, 49.74509], [6.255598, 49.745113], [6.256254, 49.745163], [6.256369, 49.745174], [6.256945, 49.74522], [6.257074, 49.745224], [6.257166, 49.745224], [6.257196, 49.745228], [6.257303, 49.745228], [6.257765, 49.74523], [6.258047, 49.745235], [6.258108, 49.745235], [6.258455, 49.745266], [6.258661, 49.745277], [6.258745, 49.745285], [6.258875, 49.745296], [6.258959, 49.7453], [6.259069, 49.745308], [6.259298, 49.745316], [6.25952, 49.74532], [6.260118, 49.745335], [6.260298, 49.74534], [6.260488, 49.74535], [6.260721, 49.745365], [6.261045, 49.74539], [6.26156, 49.745426], [6.262007, 49.74529], [6.262137, 49.745247], [6.262609, 49.7451], [6.262987, 49.744984], [6.263205, 49.744915], [6.263357, 49.74485], [6.263632, 49.74468], [6.263964, 49.744476], [6.264299, 49.744263], [6.264337, 49.74425], [6.26441, 49.74432], [6.26483, 49.74426], [6.26486, 49.744255], [6.264933, 49.74432], [6.264959, 49.74432], [6.265188, 49.744328], [6.265623, 49.744324], [6.265768, 49.74432], [6.266111, 49.74432], [6.26647, 49.744324], [6.266501, 49.744324], [6.26655, 49.74432], [6.267096, 49.7443], [6.268839, 49.744217], [6.269434, 49.744205], [6.270437, 49.744194], [6.271402, 49.744198], [6.271528, 49.744213], [6.271643, 49.744225], [6.271723, 49.74423], [6.271807, 49.744232], [6.271887, 49.744232], [6.271982, 49.74423], [6.272078, 49.744236], [6.272219, 49.744236], [6.272295, 49.74423], [6.272367, 49.74422], [6.272425, 49.74421], [6.272509, 49.744198], [6.272547, 49.74419], [6.272654, 49.74418], [6.272749, 49.74417], [6.272833, 49.744164], [6.27302, 49.744164], [6.273184, 49.74416], [6.273466, 49.744164], [6.2735, 49.74417], [6.27355, 49.744183], [6.273691, 49.744217], [6.273786, 49.744236], [6.273947, 49.744267], [6.274088, 49.74429], [6.274214, 49.74431], [6.274271, 49.744316], [6.27437, 49.744328], [6.274485, 49.74434], [6.274607, 49.744347], [6.274702, 49.74435], [6.274771, 49.744347], [6.274794, 49.744343], [6.274855, 49.744335], [6.27495, 49.744316], [6.275049, 49.74429], [6.275171, 49.744255], [6.275263, 49.74422], [6.275385, 49.744167], [6.275469, 49.744125], [6.275511, 49.7441], [6.27553, 49.74409], [6.275694, 49.743984], [6.275743, 49.74395], [6.275778, 49.743923], [6.275827, 49.74389], [6.275866, 49.74386], [6.275892, 49.74383], [6.275915, 49.74381], [6.275953, 49.743782], [6.275995, 49.74376], [6.276022, 49.743744], [6.276056, 49.74373], [6.27619, 49.743687], [6.276316, 49.74364], [6.276358, 49.743626], [6.276499, 49.743572], [6.27656, 49.743553], [6.276777, 49.743504], [6.276888, 49.743477], [6.277163, 49.743412], [6.277327, 49.743378], [6.2777, 49.74329], [6.277941, 49.743237], [6.278086, 49.743206], [6.278498, 49.743114], [6.27891, 49.74303], [6.279154, 49.742977], [6.279364, 49.742935], [6.279417, 49.74297], [6.279703, 49.742916], [6.280069, 49.742844], [6.2805, 49.742767], [6.280626, 49.742744], [6.280695, 49.742733], [6.280809, 49.742725], [6.28113, 49.7427], [6.281252, 49.74269], [6.281424, 49.742672], [6.282156, 49.74257], [6.282282, 49.74252], [6.282343, 49.742462], [6.282389, 49.742424], [6.282442, 49.74239], [6.282499, 49.74235], [6.282564, 49.742317], [6.282659, 49.742283], [6.28274, 49.742256], [6.282846, 49.74223], [6.282946, 49.742207], [6.283106, 49.742176], [6.283285, 49.7421], [6.283491, 49.74201], [6.283682, 49.74192], [6.283876, 49.741817], [6.284086, 49.741695], [6.28433, 49.741547], [6.284578, 49.741398], [6.284677, 49.741337], [6.284727, 49.741306], [6.284777, 49.741276], [6.285063, 49.74109], [6.285269, 49.740955], [6.285467, 49.74083], [6.286123, 49.740925], [6.286268, 49.740948], [6.286303, 49.74095], [6.286371, 49.74096], [6.286493, 49.74098], [6.287035, 49.74105], [6.287229, 49.741077], [6.287325, 49.741093], [6.287466, 49.74111], [6.287787, 49.741158], [6.287855, 49.741165], [6.28787, 49.74117], [6.288298, 49.741226], [6.288401, 49.74074], [6.288633, 49.74064], [6.288855, 49.740547], [6.289141, 49.740402], [6.28919, 49.74038], [6.28924, 49.74036], [6.289347, 49.74033], [6.289431, 49.74031], [6.289732, 49.740257], [6.289873, 49.74023], [6.290102, 49.740173], [6.290453, 49.74009], [6.290819, 49.739994], [6.291143, 49.739902], [6.291079, 49.73985], [6.291048, 49.73983], [6.291025, 49.73981], [6.290937, 49.739746], [6.290876, 49.7397], [6.290815, 49.73966], [6.290739, 49.739613], [6.29067, 49.739574], [6.291265, 49.739494], [6.292292, 49.73936], [6.292452, 49.73934], [6.292616, 49.739323], [6.293035, 49.73927], [6.293665, 49.739193], [6.293966, 49.739162], [6.294088, 49.739143], [6.294218, 49.73912], [6.294745, 49.739017], [6.295565, 49.738853], [6.295805, 49.738667], [6.296137, 49.738407], [6.296259, 49.73831], [6.296373, 49.738335], [6.297419, 49.73855], [6.298418, 49.738747], [6.298784, 49.73815], [6.298872, 49.738018], [6.298891, 49.737984], [6.298952, 49.737885], [6.299055, 49.73772], [6.29907, 49.737698], [6.299116, 49.73763], [6.299135, 49.73759], [6.299223, 49.737453], [6.299475, 49.737064], [6.299662, 49.736763], [6.299711, 49.73669], [6.29981, 49.736526], [6.299887, 49.736404], [6.299959, 49.73629], [6.300299, 49.736423], [6.300871, 49.736652], [6.300909, 49.736668], [6.300985, 49.73669], [6.301367, 49.73684], [6.301542, 49.7369], [6.301706, 49.73696], [6.301893, 49.737026], [6.301958, 49.737045], [6.302, 49.73706], [6.302088, 49.737087], [6.302237, 49.73713], [6.302385, 49.737164], [6.302526, 49.737186], [6.30261, 49.737198], [6.302683, 49.737206], [6.302824, 49.737217], [6.302992, 49.737225], [6.303156, 49.737236], [6.303228, 49.73724], [6.303221, 49.737385], [6.303221, 49.7376], [6.303217, 49.73776], [6.304136, 49.737797], [6.304117, 49.737724], [6.304045, 49.737396], [6.303938, 49.736988], [6.303884, 49.736805], [6.30382, 49.73661], [6.303679, 49.736248], [6.303442, 49.735737], [6.303698, 49.735794], [6.303873, 49.735836], [6.304197, 49.73591], [6.304312, 49.735935], [6.304666, 49.73602], [6.304709, 49.735905], [6.304834, 49.73554], [6.305708, 49.735638], [6.306604, 49.73573], [6.307234, 49.735783], [6.307245, 49.735733], [6.307276, 49.73553], [6.307299, 49.735447], [6.30731, 49.735382], [6.307325, 49.735302], [6.307844, 49.73536], [6.308145, 49.73539], [6.30847, 49.73519], [6.308516, 49.735165], [6.308825, 49.73498], [6.309244, 49.73473], [6.309324, 49.734615], [6.309629, 49.73411], [6.309641, 49.73409], [6.310259, 49.734188], [6.311426, 49.734356], [6.312098, 49.734455], [6.31262, 49.734524], [6.313158, 49.734623], [6.313486, 49.734695], [6.314096, 49.734882], [6.314485, 49.735016], [6.314985, 49.73517], [6.315062, 49.735165], [6.315176, 49.735184], [6.316412, 49.735493], [6.316496, 49.735355], [6.317038, 49.735348], [6.31711, 49.735348], [6.3174, 49.735344], [6.317602, 49.73534], [6.31772, 49.73534], [6.317816, 49.735336], [6.317873, 49.735336], [6.318201, 49.735317], [6.318304, 49.735313], [6.318605, 49.735294], [6.31877, 49.73528], [6.318933, 49.735268], [6.319429, 49.735233], [6.319586, 49.735233], [6.319845, 49.73525], [6.319937, 49.735252], [6.320112, 49.73526], [6.320204, 49.735268], [6.320311, 49.735275], [6.320421, 49.735283], [6.320551, 49.735294], [6.3206, 49.735294], [6.320753, 49.735302], [6.320913, 49.735306], [6.321211, 49.735317], [6.321478, 49.73533], [6.321913, 49.735348], [6.321993, 49.73535], [6.32205, 49.73535], [6.322065, 49.7352], [6.322081, 49.73504], [6.322447, 49.73505], [6.323606, 49.735096], [6.324171, 49.735123], [6.324858, 49.73515], [6.324865, 49.73504], [6.325838, 49.73507], [6.326788, 49.7351], [6.326803, 49.734848], [6.326899, 49.73485], [6.327185, 49.73487], [6.327341, 49.73488], [6.327772, 49.734905], [6.327925, 49.734913], [6.328085, 49.73492], [6.328245, 49.734932], [6.328718, 49.73496], [6.32873, 49.734856], [6.328737, 49.73471], [6.328753, 49.734516], [6.328764, 49.734386], [6.328775, 49.734272], [6.328779, 49.734184], [6.328791, 49.734085], [6.328791, 49.73407], [6.328806, 49.733883], [6.328833, 49.73363], [6.328833, 49.73361], [6.328848, 49.73347], [6.328852, 49.733402], [6.328859, 49.733315], [6.328871, 49.733253], [6.328882, 49.73316], [6.328993, 49.73312], [6.329561, 49.733128], [6.330599, 49.733128], [6.331747, 49.733124], [6.331774, 49.733135], [6.332846, 49.733063], [6.332838, 49.733036], [6.332834, 49.73301], [6.332762, 49.732647], [6.332731, 49.732517], [6.332724, 49.732468], [6.33272, 49.732456], [6.33272, 49.732445], [6.333265, 49.73231], [6.333712, 49.73221], [6.334104, 49.732117], [6.334326, 49.732075], [6.334692, 49.732014], [6.334864, 49.73199], [6.334925, 49.731983], [6.335329, 49.73195], [6.335592, 49.731922], [6.33573, 49.7319], [6.335905, 49.73186], [6.336172, 49.731792], [6.336264, 49.731777], [6.336485, 49.73177], [6.33708, 49.731747], [6.337374, 49.731754], [6.337625, 49.731762], [6.33795, 49.731766], [6.339079, 49.73175], [6.339388, 49.731747], [6.339426, 49.731735], [6.339453, 49.73172], [6.339464, 49.731697], [6.339518, 49.731506], [6.339537, 49.731503], [6.339659, 49.73149], [6.340292, 49.73141], [6.340902, 49.73133], [6.341433, 49.731266], [6.342119, 49.731182], [6.342123, 49.731194], [6.342108, 49.73122], [6.342009, 49.73128], [6.341776, 49.731426], [6.341589, 49.731514], [6.341494, 49.731556], [6.341372, 49.731583], [6.341185, 49.73161], [6.34165, 49.731625], [6.342073, 49.731632], [6.342806, 49.731636], [6.34305, 49.73171], [6.343145, 49.731747], [6.343172, 49.731766], [6.343954, 49.731937], [6.343985, 49.731903], [6.343996, 49.73188], [6.343977, 49.731792], [6.343943, 49.731667], [6.343958, 49.73164], [6.343985, 49.731583], [6.344034, 49.731495], [6.344042, 49.731457], [6.344068, 49.731373], [6.344118, 49.7312], [6.344122, 49.73119], [6.344145, 49.731113], [6.344164, 49.73108], [6.344187, 49.731045], [6.344252, 49.730976], [6.344385, 49.730843], [6.344797, 49.730415], [6.345636, 49.730705], [6.345663, 49.73067], [6.345846, 49.730755], [6.34601, 49.730843], [6.345976, 49.73087], [6.346354, 49.73112], [6.346502, 49.73123], [6.346628, 49.731335], [6.34667, 49.73139], [6.346682, 49.731434], [6.346678, 49.731476], [6.346666, 49.731514], [6.346712, 49.731537], [6.346857, 49.731438], [6.34691, 49.731388], [6.347494, 49.73164], [6.348238, 49.732014], [6.3482, 49.732044], [6.347967, 49.73225], [6.347628, 49.732544], [6.347444, 49.7327], [6.347078, 49.73302], [6.347052, 49.733044], [6.34701, 49.733078], [6.346994, 49.733093], [6.346937, 49.73314], [6.346827, 49.73324], [6.346556, 49.73347], [6.346445, 49.733578], [6.346125, 49.733875], [6.346083, 49.73392], [6.346006, 49.734005], [6.345915, 49.734104], [6.345686, 49.734386], [6.345659, 49.734417], [6.34561, 49.734486], [6.345556, 49.734554], [6.34553, 49.734585], [6.345411, 49.734734], [6.345221, 49.734978], [6.345186, 49.735016], [6.345156, 49.735058], [6.345114, 49.73511], [6.345114, 49.73514], [6.345038, 49.735237], [6.344995, 49.735306], [6.344965, 49.735382], [6.344984, 49.735394], [6.345312, 49.735573], [6.345404, 49.735622], [6.345606, 49.735733], [6.345839, 49.73585], [6.346186, 49.735996], [6.346346, 49.73605], [6.346624, 49.73613], [6.346857, 49.73619], [6.347002, 49.736225], [6.347567, 49.736324], [6.347559, 49.736343], [6.347513, 49.73649], [6.347498, 49.736534], [6.347467, 49.73662], [6.347921, 49.736668], [6.348154, 49.73669], [6.348188, 49.7367], [6.348448, 49.736732], [6.348696, 49.736774], [6.34905, 49.73685], [6.349249, 49.736904], [6.349451, 49.736973], [6.349695, 49.737076], [6.349882, 49.73718], [6.350088, 49.73732], [6.350355, 49.73753], [6.350401, 49.737568], [6.350565, 49.737522], [6.350759, 49.737675], [6.350828, 49.737736], [6.350847, 49.73775], [6.350885, 49.737785], [6.350943, 49.73784], [6.351065, 49.73795], [6.351129, 49.73803], [6.351187, 49.738094], [6.351198, 49.73811], [6.351244, 49.738167], [6.351469, 49.737766], [6.351641, 49.737484], [6.35177, 49.737293], [6.351782, 49.737278], [6.351931, 49.737053], [6.351988, 49.736965], [6.35222, 49.737183], [6.352251, 49.73721], [6.352366, 49.737316], [6.352491, 49.73743], [6.352613, 49.737545], [6.352961, 49.73762], [6.353285, 49.737694], [6.353979, 49.73714], [6.354059, 49.737057], [6.354196, 49.73691], [6.354219, 49.736885], [6.354299, 49.736794], [6.354372, 49.736706], [6.354437, 49.73661], [6.354471, 49.73651], [6.354559, 49.736256], [6.354624, 49.736095], [6.3547, 49.735893], [6.354715, 49.735863], [6.354826, 49.735577], [6.354841, 49.73554], [6.355001, 49.735085], [6.35504, 49.735065], [6.355234, 49.735123], [6.355375, 49.73509], [6.355604, 49.735012], [6.355806, 49.734947], [6.356008, 49.734905], [6.356649, 49.73482], [6.357031, 49.734783], [6.357191, 49.73478], [6.357889, 49.734825], [6.359312, 49.734955], [6.359522, 49.73498], [6.360098, 49.73491], [6.360258, 49.734898], [6.360426, 49.734917], [6.361162, 49.735058], [6.361483, 49.735096], [6.362234, 49.735157], [6.362474, 49.735153], [6.363855, 49.73507], [6.364153, 49.735073], [6.364397, 49.735058], [6.364565, 49.735046], [6.364809, 49.73502], [6.365511, 49.734932], [6.366529, 49.734795], [6.36669, 49.734753], [6.367044, 49.73465], [6.36767, 49.73442], [6.368124, 49.73426], [6.368277, 49.73422], [6.368422, 49.734196], [6.368723, 49.734184], [6.369158, 49.734207], [6.369711, 49.734257], [6.370794, 49.73437], [6.37232, 49.73457], [6.373373, 49.734734], [6.374418, 49.734917], [6.375425, 49.735146], [6.376646, 49.735325], [6.377001, 49.73534], [6.378672, 49.735447], [6.379427, 49.735497], [6.379931, 49.735573], [6.380655, 49.735714], [6.38067, 49.73575], [6.38072, 49.7359], [6.3808, 49.736084], [6.380842, 49.736156], [6.380888, 49.73621], [6.380979, 49.736298], [6.381079, 49.736385], [6.381033, 49.736397], [6.381102, 49.736454], [6.381166, 49.736504], [6.381189, 49.73652], [6.381258, 49.736572], [6.381338, 49.736637], [6.381105, 49.73672], [6.380915, 49.73678], [6.380758, 49.736816], [6.380487, 49.736874], [6.380426, 49.736885], [6.38011, 49.73694], [6.379587, 49.73701], [6.379602, 49.7371], [6.379618, 49.73717], [6.379625, 49.737198], [6.379633, 49.73725], [6.379641, 49.737286], [6.379648, 49.73731], [6.37966, 49.73737], [6.379675, 49.73744], [6.379686, 49.737507], [6.379713, 49.737637], [6.379725, 49.73769], [6.37974, 49.737755], [6.379763, 49.737873], [6.379782, 49.738064], [6.379789, 49.738407], [6.379774, 49.738667], [6.379763, 49.73876], [6.37974, 49.73893], [6.379728, 49.73905], [6.379621, 49.73905], [6.379473, 49.739048], [6.379492, 49.73933], [6.37953, 49.7398], [6.379461, 49.73986], [6.379416, 49.73994], [6.379393, 49.73999], [6.379393, 49.7401], [6.379396, 49.740284], [6.379393, 49.74046], [6.379313, 49.740578], [6.379198, 49.74064], [6.37903, 49.740646], [6.37845, 49.740654], [6.378019, 49.74067], [6.377668, 49.740692], [6.377367, 49.740734], [6.377226, 49.740784], [6.37681, 49.74102], [6.37652, 49.741295], [6.376512, 49.74136], [6.376509, 49.741405], [6.376505, 49.74143], [6.376512, 49.74146], [6.376535, 49.74151], [6.376631, 49.74166], [6.376665, 49.741722], [6.376677, 49.74174], [6.376711, 49.7418], [6.376741, 49.741848], [6.376772, 49.7419], [6.376787, 49.74193], [6.376825, 49.741985], [6.376917, 49.742157], [6.376925, 49.74217], [6.376944, 49.742207], [6.377008, 49.742325], [6.377043, 49.742386], [6.377092, 49.74248], [6.377169, 49.74262], [6.377241, 49.742756], [6.37734, 49.742935], [6.377405, 49.743053], [6.377432, 49.7431], [6.377516, 49.743275], [6.377542, 49.74332], [6.377554, 49.743347], [6.377615, 49.74347], [6.377623, 49.743484], [6.377703, 49.74365], [6.377848, 49.74394], [6.377634, 49.74398], [6.377451, 49.744007], [6.377344, 49.744034], [6.37723, 49.744083], [6.377161, 49.744106], [6.377081, 49.744114], [6.376982, 49.744114], [6.376928, 49.74411], [6.376852, 49.744114], [6.376726, 49.744144], [6.376631, 49.74417], [6.3766, 49.744194], [6.376558, 49.744236], [6.37649, 49.744255], [6.376402, 49.74415], [6.376326, 49.74416], [6.375521, 49.7443], [6.375856, 49.744877], [6.375601, 49.745094], [6.375448, 49.74523], [6.375387, 49.745262], [6.375322, 49.74529], [6.375338, 49.745316], [6.375345, 49.74533], [6.375414, 49.745434], [6.375753, 49.74588], [6.375773, 49.745907], [6.376127, 49.74634], [6.37623, 49.746468], [6.376532, 49.746838], [6.376718, 49.747078], [6.376848, 49.747314], [6.376925, 49.747467], [6.377081, 49.74789], [6.377096, 49.74794], [6.377119, 49.74811], [6.377127, 49.748215], [6.377134, 49.748352], [6.377073, 49.74892], [6.377035, 49.74938], [6.377027, 49.749573], [6.377035, 49.74972], [6.377047, 49.74981], [6.37707, 49.74992], [6.377119, 49.750053], [6.37718, 49.75018], [6.377356, 49.750492], [6.377367, 49.75052], [6.377756, 49.750523], [6.377783, 49.750553], [6.377905, 49.750893], [6.378061, 49.75137], [6.37834, 49.751377], [6.378416, 49.751377], [6.37882, 49.75139], [6.378954, 49.751392], [6.379011, 49.751392], [6.379461, 49.751404], [6.379561, 49.751408], [6.380041, 49.751423], [6.380728, 49.75143], [6.38101, 49.751442], [6.38125, 49.751465], [6.381514, 49.751507], [6.381754, 49.751556], [6.382227, 49.751682], [6.382692, 49.751816], [6.382849, 49.751884], [6.383085, 49.751953], [6.383226, 49.75197], [6.384214, 49.75292], [6.385199, 49.75398], [6.386583, 49.755653], [6.386648, 49.755646], [6.386904, 49.755623], [6.387293, 49.7556], [6.388006, 49.75558], [6.388147, 49.7554], [6.388185, 49.755375], [6.388228, 49.755363], [6.388372, 49.755325], [6.388632, 49.755264], [6.389448, 49.755074], [6.390047, 49.754932], [6.390432, 49.754833], [6.390486, 49.75482], [6.390535, 49.75482], [6.39068, 49.754833], [6.391157, 49.754887], [6.391279, 49.754787], [6.391447, 49.754654], [6.391375, 49.754353], [6.39131, 49.75407], [6.391397, 49.753933], [6.391432, 49.753876], [6.391817, 49.753677], [6.391897, 49.75364], [6.392351, 49.753525], [6.392637, 49.75376], [6.392866, 49.753952], [6.392897, 49.753975], [6.392958, 49.754025], [6.392977, 49.75404], [6.393061, 49.75411], [6.393839, 49.753864], [6.394701, 49.753597], [6.395708, 49.75329], [6.395857, 49.75333], [6.396162, 49.753223], [6.395952, 49.752625], [6.395952, 49.752605], [6.395254, 49.751842], [6.394999, 49.75153], [6.394735, 49.75121], [6.39451, 49.750927], [6.394342, 49.750725], [6.39422, 49.75043], [6.394259, 49.750416], [6.395128, 49.750126], [6.395556, 49.74996], [6.395761, 49.749874], [6.396006, 49.749767], [6.396326, 49.74962], [6.397078, 49.74925], [6.397413, 49.749046], [6.397444, 49.749035], [6.397291, 49.74894], [6.397192, 49.74888], [6.397104, 49.748825], [6.397284, 49.748737], [6.397497, 49.74863], [6.397375, 49.74855], [6.397314, 49.748512], [6.397222, 49.74845], [6.397142, 49.748398], [6.397093, 49.748337], [6.398706, 49.74779], [6.400324, 49.747253], [6.401197, 49.746998], [6.40233, 49.74667], [6.403162, 49.74643], [6.404016, 49.746243], [6.404371, 49.74611], [6.404734, 49.745968], [6.405298, 49.745777], [6.405829, 49.74563], [6.406546, 49.745434], [6.407038, 49.745224], [6.40737, 49.74509], [6.408064, 49.74486], [6.408426, 49.74475], [6.409262, 49.744503], [6.409548, 49.744434], [6.40946, 49.744404], [6.408258, 49.74388], [6.407873, 49.743706], [6.40708, 49.743366], [6.405786, 49.74281], [6.405607, 49.742718], [6.405512, 49.742672], [6.405348, 49.742588], [6.405176, 49.742496], [6.404982, 49.742397], [6.404867, 49.742336], [6.404779, 49.74229], [6.404909, 49.74211], [6.405012, 49.741978], [6.405161, 49.74181], [6.405237, 49.74172], [6.405287, 49.74167], [6.405352, 49.741623], [6.405775, 49.741463], [6.405924, 49.741405], [6.406069, 49.741352], [6.406141, 49.74133], [6.406214, 49.741314], [6.406317, 49.741295], [6.406553, 49.741253], [6.407167, 49.741146], [6.407465, 49.741093], [6.407782, 49.74103], [6.407869, 49.74099], [6.407995, 49.74091], [6.408079, 49.740845], [6.408136, 49.740776], [6.408197, 49.740673], [6.408232, 49.740593], [6.408255, 49.740536], [6.408266, 49.740494], [6.408277, 49.740383], [6.408274, 49.740246], [6.408262, 49.74012], [6.408228, 49.73999], [6.408186, 49.739853], [6.408125, 49.739727], [6.408045, 49.739597], [6.40798, 49.739502], [6.407881, 49.73937], [6.407862, 49.73933], [6.40798, 49.739124], [6.408159, 49.738884], [6.408281, 49.738846], [6.408487, 49.738686], [6.408689, 49.738544], [6.408762, 49.738503], [6.408819, 49.738472], [6.408918, 49.738476], [6.410029, 49.73866], [6.411341, 49.73887], [6.411837, 49.73895], [6.413168, 49.739174], [6.413565, 49.739033], [6.413855, 49.738926], [6.413988, 49.73886], [6.414114, 49.73879], [6.414194, 49.738743], [6.414618, 49.738483], [6.41493, 49.738297], [6.414934, 49.738235], [6.414995, 49.737408], [6.415121, 49.737263], [6.415747, 49.737213], [6.415926, 49.737198], [6.415968, 49.737194], [6.415998, 49.737194], [6.416273, 49.73717], [6.41699, 49.7371], [6.417124, 49.737083], [6.417551, 49.73704], [6.417833, 49.737015], [6.418371, 49.736935], [6.418493, 49.736916], [6.419008, 49.736828], [6.419115, 49.736782], [6.419252, 49.736702], [6.419317, 49.73665], [6.419378, 49.736546], [6.419401, 49.736485], [6.41942, 49.73636], [6.419416, 49.73625], [6.419416, 49.736164], [6.419393, 49.735962], [6.419493, 49.735718], [6.4195, 49.735664], [6.419451, 49.73526], [6.419435, 49.735092], [6.419439, 49.735027], [6.419455, 49.73498], [6.419477, 49.734924], [6.41958, 49.7347], [6.419592, 49.73468], [6.419767, 49.73408], [6.419794, 49.73398], [6.419874, 49.73367], [6.419935, 49.733463], [6.420363, 49.733448], [6.421652, 49.733387], [6.422674, 49.733337], [6.423716, 49.73329], [6.42491, 49.73309], [6.425005, 49.73306], [6.4251, 49.733025], [6.425158, 49.732998], [6.425489, 49.73283], [6.426092, 49.73247], [6.426458, 49.732258], [6.426512, 49.73223], [6.427069, 49.73198], [6.42737, 49.73182], [6.427523, 49.73171], [6.427534, 49.7317], [6.427694, 49.731544], [6.427919, 49.731277], [6.428019, 49.731297], [6.428316, 49.73136], [6.428362, 49.731373], [6.428408, 49.731388], [6.428534, 49.73142], [6.428621, 49.731445], [6.428656, 49.731453], [6.428732, 49.731483], [6.428759, 49.73149], [6.428919, 49.731556], [6.429151, 49.73165], [6.429354, 49.73174], [6.429518, 49.73183], [6.429731, 49.73197], [6.429926, 49.73211], [6.43038, 49.73244], [6.430498, 49.732525], [6.430609, 49.732597], [6.430792, 49.732727], [6.43088, 49.732788], [6.430925, 49.732815], [6.431143, 49.73296], [6.431326, 49.733074], [6.431547, 49.733055], [6.431826, 49.733418], [6.431917, 49.733536], [6.432024, 49.733677], [6.432066, 49.73386], [6.432074, 49.733902], [6.432077, 49.733917], [6.43223, 49.733932], [6.432333, 49.733963], [6.432444, 49.73397], [6.43273, 49.73387], [6.432871, 49.7338], [6.433115, 49.733624], [6.433668, 49.733597], [6.433744, 49.733578], [6.433798, 49.733543], [6.433931, 49.733406], [6.434023, 49.733376], [6.434278, 49.733337], [6.434545, 49.733227], [6.434801, 49.732952], [6.434965, 49.73285], [6.435125, 49.732704], [6.435175, 49.732635], [6.435202, 49.732635], [6.435236, 49.73265], [6.435545, 49.732372], [6.435667, 49.732426], [6.435747, 49.73251], [6.435812, 49.73258], [6.435789, 49.732624], [6.435854, 49.732674], [6.435846, 49.732727], [6.435854, 49.732773], [6.43593, 49.73283], [6.435949, 49.73289], [6.435995, 49.732918], [6.43601, 49.73296], [6.43609, 49.73302], [6.436132, 49.733047], [6.43622, 49.733067], [6.436266, 49.733124], [6.436396, 49.73318], [6.436369, 49.73328], [6.436533, 49.733303], [6.43656, 49.73337], [6.436644, 49.733402], [6.436697, 49.733494], [6.436811, 49.733524], [6.436838, 49.73356], [6.436869, 49.7336], [6.437029, 49.733665], [6.437044, 49.73369], [6.437101, 49.73378], [6.437193, 49.733818], [6.437296, 49.733864], [6.437361, 49.733894], [6.437357, 49.733974], [6.437498, 49.734035], [6.437536, 49.73411], [6.437605, 49.734177], [6.437639, 49.734238], [6.437662, 49.734283], [6.437738, 49.734383], [6.437773, 49.734447], [6.437845, 49.734467], [6.437921, 49.734577], [6.438002, 49.7346], [6.438063, 49.734665], [6.438177, 49.7347], [6.438219, 49.73474], [6.438242, 49.734768], [6.43836, 49.73482], [6.438452, 49.734867], [6.438688, 49.734993], [6.438807, 49.735073], [6.439276, 49.735394], [6.43965, 49.73565], [6.439714, 49.735695], [6.439833, 49.73576], [6.440042, 49.735863], [6.440626, 49.736084], [6.440992, 49.73622], [6.441332, 49.736355], [6.44142, 49.7364], [6.441919, 49.736633], [6.442018, 49.73668], [6.442137, 49.736732], [6.442285, 49.7368], [6.442423, 49.736862], [6.442533, 49.736916], [6.442636, 49.73696], [6.442682, 49.736984], [6.442766, 49.737034], [6.443048, 49.737206], [6.443201, 49.737305], [6.443319, 49.737404], [6.443811, 49.738052], [6.443853, 49.73811], [6.443876, 49.738167], [6.443903, 49.738243], [6.443941, 49.738346], [6.443953, 49.73841], [6.443972, 49.738495], [6.444014, 49.73871], [6.444052, 49.738804], [6.44412, 49.739002], [6.444223, 49.73928], [6.444368, 49.73974], [6.444407, 49.73984], [6.444429, 49.739906], [6.444525, 49.740158], [6.444593, 49.740295], [6.444765, 49.740616], [6.444811, 49.740704], [6.444857, 49.740788], [6.444952, 49.740967], [6.444979, 49.741013], [6.445067, 49.741142], [6.445334, 49.741528], [6.445398, 49.74157], [6.446386, 49.742188], [6.447081, 49.742428], [6.447149, 49.742455], [6.447271, 49.74243], [6.447348, 49.74241], [6.447592, 49.742348], [6.44784, 49.7423], [6.447958, 49.742275], [6.448065, 49.742245], [6.448191, 49.742207], [6.44834, 49.742165], [6.448595, 49.742092], [6.448832, 49.742023], [6.448916, 49.741997], [6.449144, 49.741924], [6.449198, 49.74191], [6.449305, 49.74185], [6.449484, 49.74176], [6.449781, 49.741753], [6.449881, 49.741737], [6.450132, 49.7417], [6.450155, 49.741695], [6.450392, 49.741657], [6.450636, 49.74162], [6.450907, 49.74158], [6.451181, 49.741444], [6.451193, 49.74144], [6.451231, 49.74143], [6.451582, 49.741463], [6.451605, 49.74145], [6.451777, 49.741463], [6.451902, 49.741447], [6.451963, 49.74146], [6.452032, 49.741478], [6.452085, 49.74149], [6.452452, 49.74156], [6.452559, 49.741585], [6.452597, 49.741592], [6.452654, 49.74161], [6.452768, 49.74164], [6.452856, 49.741657], [6.452955, 49.74168], [6.453058, 49.74169], [6.453199, 49.741714], [6.453344, 49.741745], [6.453527, 49.741787], [6.453589, 49.7418], [6.453657, 49.741814], [6.45376, 49.74183], [6.453932, 49.74184], [6.454035, 49.741844], [6.454061, 49.741848], [6.454206, 49.74186], [6.454363, 49.74187], [6.454557, 49.741886], [6.454752, 49.741894], [6.454962, 49.74189], [6.455038, 49.741882], [6.455107, 49.74188], [6.455236, 49.741867], [6.455294, 49.741863], [6.4555, 49.74182], [6.455568, 49.7418], [6.455675, 49.74176], [6.455813, 49.74169], [6.455969, 49.74158], [6.456568, 49.74161], [6.456972, 49.741577], [6.457422, 49.74151], [6.457514, 49.741486], [6.457567, 49.74147], [6.457762, 49.741413], [6.457785, 49.741405], [6.457796, 49.7414], [6.458078, 49.741287], [6.458246, 49.741207], [6.458445, 49.74111], [6.458979, 49.740826], [6.459074, 49.74079], [6.459433, 49.741127], [6.459463, 49.741066], [6.459715, 49.740532], [6.460051, 49.740578], [6.460066, 49.740532], [6.460096, 49.740532], [6.460115, 49.740536], [6.460062, 49.74026], [6.460237, 49.73996], [6.46028, 49.739815], [6.460417, 49.739536], [6.460627, 49.739582], [6.461264, 49.739723], [6.46139, 49.739567], [6.461855, 49.73975], [6.461985, 49.739788], [6.46221, 49.739853], [6.462523, 49.739937], [6.462709, 49.739975], [6.462763, 49.739983], [6.462851, 49.740025], [6.462904, 49.740055], [6.46298, 49.740078], [6.463137, 49.740093], [6.463175, 49.740116], [6.463202, 49.740128], [6.463293, 49.74014], [6.46335, 49.740147], [6.463419, 49.740166], [6.463541, 49.740215], [6.463663, 49.740246], [6.463793, 49.74027], [6.463942, 49.7403], [6.464445, 49.740433], [6.464895, 49.740566], [6.465017, 49.740604], [6.465078, 49.740635], [6.465181, 49.74069], [6.46525, 49.74071], [6.465338, 49.74073], [6.465418, 49.740746], [6.465734, 49.74089], [6.465876, 49.740955], [6.465933, 49.74098], [6.466383, 49.741123], [6.466799, 49.741257], [6.46731, 49.74142], [6.46792, 49.74161], [6.468428, 49.741787], [6.469297, 49.74215], [6.469481, 49.74223], [6.46937, 49.74236], [6.469419, 49.74237], [6.470472, 49.742622], [6.47051, 49.742546], [6.470537, 49.742477], [6.470552, 49.742447], [6.470591, 49.74235], [6.470602, 49.74233], [6.470621, 49.742275], [6.470663, 49.74221], [6.470942, 49.741863], [6.47117, 49.741604], [6.471727, 49.74102], [6.471823, 49.740925], [6.472254, 49.741135], [6.472574, 49.74129], [6.473177, 49.741436], [6.473421, 49.741497], [6.473845, 49.741554], [6.474112, 49.74161], [6.474295, 49.741665], [6.474398, 49.7417], [6.47452, 49.741756], [6.474634, 49.741817], [6.474768, 49.74189], [6.475, 49.742035], [6.475145, 49.742134], [6.475321, 49.742264], [6.475744, 49.742554], [6.475775, 49.74245], [6.475817, 49.74232], [6.475939, 49.742134], [6.47616, 49.74184], [6.476168, 49.741806], [6.476816, 49.741333], [6.476931, 49.74123], [6.477015, 49.74116], [6.477083, 49.741096], [6.477163, 49.740997], [6.477224, 49.740913], [6.477301, 49.740772], [6.477339, 49.740635], [6.477354, 49.740566], [6.477354, 49.740376], [6.477358, 49.74019], [6.477377, 49.740005], [6.477388, 49.73975], [6.477396, 49.73963], [6.477419, 49.739525], [6.477442, 49.739437], [6.47748, 49.739353], [6.477549, 49.73924], [6.477644, 49.739113], [6.4778, 49.738907], [6.477945, 49.738667], [6.478155, 49.738373], [6.478243, 49.738255], [6.478331, 49.738167], [6.478441, 49.73808], [6.478521, 49.738026], [6.478682, 49.737953], [6.478849, 49.737885], [6.47912, 49.737797], [6.479471, 49.737682], [6.479952, 49.737526], [6.480299, 49.737423], [6.480463, 49.73733], [6.480547, 49.73727], [6.480715, 49.737133], [6.480902, 49.736973], [6.481028, 49.736855], [6.481153, 49.73674], [6.481295, 49.736607], [6.481379, 49.73653], [6.481482, 49.736458], [6.481626, 49.736378], [6.481836, 49.73627], [6.482256, 49.736073], [6.482534, 49.736168], [6.482733, 49.736233], [6.482813, 49.736248], [6.482866, 49.736256], [6.483156, 49.736286], [6.483244, 49.736298], [6.483427, 49.736317], [6.483778, 49.736355], [6.483858, 49.736362], [6.483973, 49.736374], [6.484018, 49.73638], [6.484194, 49.7364], [6.484266, 49.73641], [6.484373, 49.736416], [6.484426, 49.736423], [6.484617, 49.736435], [6.484705, 49.736435], [6.484865, 49.73644], [6.485106, 49.736443], [6.485254, 49.736443], [6.485369, 49.736446], [6.485788, 49.736446], [6.485781, 49.73635], [6.486582, 49.73633], [6.486799, 49.736317], [6.487074, 49.736298], [6.487181, 49.736298], [6.487333, 49.736305], [6.487692, 49.736317], [6.48805, 49.73632], [6.488455, 49.73634], [6.488646, 49.736275], [6.489126, 49.73611], [6.489267, 49.736057], [6.489451, 49.735973], [6.489496, 49.73595], [6.489553, 49.735928], [6.489649, 49.735893], [6.490293, 49.7357], [6.490633, 49.735588], [6.490805, 49.735535], [6.491095, 49.735447], [6.49119, 49.735367], [6.491327, 49.73525], [6.491407, 49.735172], [6.491484, 49.735085], [6.491518, 49.735035], [6.491571, 49.73496], [6.491598, 49.734913], [6.491617, 49.734882], [6.491663, 49.734787], [6.491754, 49.73481], [6.49201, 49.73468], [6.492189, 49.73459], [6.492296, 49.734535], [6.492392, 49.73448], [6.492502, 49.734413], [6.492609, 49.73433], [6.49272, 49.734238], [6.492781, 49.734184], [6.492849, 49.734173], [6.493044, 49.73415], [6.493155, 49.73413], [6.493196, 49.734123], [6.493372, 49.73409], [6.493414, 49.73408], [6.49346, 49.73407], [6.493509, 49.73406], [6.49354, 49.734055], [6.493734, 49.73401], [6.494009, 49.73393], [6.494139, 49.733887], [6.494177, 49.73387], [6.494398, 49.733833], [6.494429, 49.73383], [6.494436, 49.733917], [6.494463, 49.733913], [6.49449, 49.733906], [6.494551, 49.733894], [6.494837, 49.73384], [6.494898, 49.733826], [6.494986, 49.73381], [6.495069, 49.73379], [6.495092, 49.733788], [6.495234, 49.73376], [6.495375, 49.733734], [6.495462, 49.733723], [6.495508, 49.733715], [6.495565, 49.733704], [6.495722, 49.733677], [6.495897, 49.73365], [6.495951, 49.733643], [6.496004, 49.73364], [6.496195, 49.733624], [6.496313, 49.73362], [6.496458, 49.733612], [6.496614, 49.7336], [6.496912, 49.733578], [6.497282, 49.73354], [6.497408, 49.733524], [6.497728, 49.733486], [6.497919, 49.73345], [6.498079, 49.733425], [6.498167, 49.733414], [6.498194, 49.733406], [6.498385, 49.733376], [6.498472, 49.73336], [6.498609, 49.73334], [6.498701, 49.733326], [6.498758, 49.73332], [6.498785, 49.733315], [6.498835, 49.73331], [6.498892, 49.733303], [6.49896, 49.7333], [6.499002, 49.733295], [6.499079, 49.733295], [6.499197, 49.7333], [6.499315, 49.7333], [6.499426, 49.733303], [6.499399, 49.733135], [6.499548, 49.733177], [6.499842, 49.733257], [6.499987, 49.733295], [6.500055, 49.733315], [6.500086, 49.733242], [6.500231, 49.733204], [6.500525, 49.733105], [6.500631, 49.73307], [6.500807, 49.73302], [6.500872, 49.733006], [6.500894, 49.733], [6.500963, 49.732994], [6.500975, 49.73299], [6.501078, 49.73298], [6.50131, 49.733105], [6.501562, 49.733143], [6.501604, 49.733156], [6.5016, 49.733126], [6.501581, 49.732985], [6.501589, 49.73295], [6.501604, 49.732878], [6.501677, 49.732656], [6.50176, 49.732435], [6.501825, 49.73229], [6.501982, 49.732069], [6.502108, 49.731909], [6.502302, 49.731703], [6.502512, 49.731524], [6.502668, 49.731352], [6.502806, 49.731245], [6.502947, 49.73115], [6.503073, 49.73105], [6.503164, 49.730982], [6.503515, 49.730738], [6.503733, 49.730562], [6.504034, 49.730345], [6.504244, 49.730181], [6.50453, 49.729982], [6.504721, 49.729834], [6.505262, 49.729479], [6.505701, 49.729204], [6.506369, 49.7288], [6.506681, 49.72864], [6.507048, 49.728453], [6.507376, 49.728296], [6.507753, 49.728132], [6.508066, 49.728018], [6.50839, 49.727938], [6.508703, 49.727842], [6.509157, 49.727674], [6.509359, 49.727617], [6.510195, 49.7274], [6.510565, 49.727301], [6.510748, 49.727243], [6.511038, 49.727129], [6.511221, 49.727049], [6.511511, 49.726927], [6.511747, 49.726767], [6.512098, 49.726576], [6.512239, 49.726538], [6.512285, 49.726484], [6.512461, 49.726377], [6.512575, 49.726297], [6.512751, 49.726214], [6.512926, 49.726133], [6.513025, 49.726088], [6.513136, 49.72603], [6.513285, 49.725958], [6.513498, 49.725828], [6.513662, 49.72574], [6.5138, 49.725664], [6.514063, 49.725496], [6.514299, 49.725405], [6.514792, 49.725233], [6.515066, 49.725161], [6.515314, 49.725088], [6.515482, 49.725042], [6.515634, 49.724989], [6.515894, 49.724882], [6.516123, 49.72476], [6.516272, 49.724665], [6.516439, 49.724565], [6.516619, 49.724443], [6.516756, 49.724314], [6.517016, 49.724035], [6.517073, 49.723818], [6.517149, 49.723471], [6.517061, 49.723364], [6.516985, 49.723272], [6.516836, 49.723131], [6.51671, 49.723002], [6.516611, 49.722898], [6.51652, 49.722792], [6.516321, 49.722681], [6.516218, 49.722582], [6.516043, 49.722467], [6.515951, 49.722376], [6.515764, 49.722242], [6.515547, 49.722082], [6.515333, 49.721956], [6.515165, 49.72188], [6.514914, 49.721731], [6.514704, 49.721651], [6.514463, 49.721548], [6.514299, 49.72151], [6.513933, 49.721487], [6.513605, 49.721472], [6.513044, 49.721449], [6.512625, 49.721376], [6.512308, 49.721342], [6.512049, 49.721312], [6.511831, 49.721292], [6.511499, 49.721235], [6.511305, 49.72125], [6.510954, 49.72127], [6.510889, 49.721323], [6.510817, 49.721384], [6.510633, 49.721453], [6.510553, 49.721567], [6.510309, 49.721754], [6.510222, 49.721842], [6.510115, 49.721891], [6.509829, 49.722158], [6.509466, 49.722536], [6.50931, 49.722708], [6.509111, 49.722895], [6.508947, 49.723059], [6.508711, 49.723261], [6.508562, 49.723421], [6.508528, 49.723448], [6.508284, 49.723627], [6.508039, 49.723791], [6.507807, 49.723978], [6.507624, 49.724115], [6.507418, 49.724306], [6.507105, 49.724554], [6.506868, 49.724699], [6.506681, 49.724863], [6.506537, 49.724989], [6.506258, 49.725298], [6.506033, 49.725504], [6.505838, 49.72571], [6.505667, 49.725843], [6.505381, 49.726023], [6.505148, 49.726141], [6.5049, 49.726233], [6.504679, 49.726297], [6.504316, 49.726381], [6.504042, 49.726473], [6.503389, 49.726721], [6.502806, 49.726915], [6.502565, 49.726969], [6.502279, 49.726999], [6.50205, 49.727026], [6.501696, 49.727037], [6.501299, 49.727057], [6.501032, 49.727072], [6.500666, 49.727087], [6.50033, 49.727076], [6.499941, 49.727064], [6.499514, 49.727045], [6.499197, 49.72703], [6.49888, 49.727011], [6.498602, 49.72698], [6.498262, 49.726934], [6.497484, 49.726854], [6.497126, 49.726808], [6.496771, 49.726706], [6.496244, 49.726454], [6.495863, 49.726286], [6.495768, 49.72621], [6.495756, 49.726202], [6.495726, 49.726187], [6.495714, 49.726179], [6.495478, 49.726084], [6.49531, 49.72595], [6.495188, 49.725824], [6.495153, 49.725794], [6.495031, 49.725653], [6.494909, 49.725439], [6.494791, 49.725214], [6.494722, 49.72502], [6.4947, 49.724787], [6.494696, 49.724569], [6.494776, 49.724337], [6.494898, 49.724062], [6.494932, 49.724001], [6.495054, 49.723803], [6.495104, 49.72373], [6.495455, 49.723276], [6.495874, 49.722841], [6.496035, 49.722692], [6.496256, 49.722521], [6.496512, 49.722357], [6.496752, 49.722227], [6.496904, 49.722139], [6.497213, 49.721945], [6.497454, 49.721773], [6.497511, 49.721731], [6.498011, 49.721369], [6.498701, 49.720858], [6.499037, 49.720594], [6.499262, 49.72043], [6.499659, 49.720152], [6.49999, 49.719923], [6.500277, 49.719729], [6.500689, 49.719454], [6.500914, 49.719316], [6.501257, 49.719099], [6.501753, 49.718794], [6.502192, 49.718527], [6.502749, 49.718214], [6.503164, 49.717978], [6.503511, 49.717783], [6.503958, 49.717535], [6.504255, 49.71739], [6.504648, 49.717184], [6.50495, 49.71702], [6.50519, 49.71689], [6.505518, 49.716707], [6.505575, 49.716677], [6.505724, 49.716581], [6.50577, 49.716547], [6.505957, 49.716429], [6.505976, 49.716413], [6.506094, 49.716314], [6.506178, 49.716208], [6.506243, 49.716108], [6.506296, 49.715948], [6.506361, 49.715715], [6.50638, 49.715593], [6.506399, 49.71546], [6.506403, 49.715406], [6.506414, 49.71525], [6.506422, 49.715082], [6.506418, 49.714941], [6.506399, 49.714739], [6.506373, 49.714651], [6.506338, 49.714399], [6.50633, 49.7143], [6.506327, 49.714247], [6.506323, 49.714212], [6.506315, 49.7139], [6.506315, 49.713812], [6.5063, 49.713705], [6.506266, 49.713503], [6.506166, 49.713507], [6.505861, 49.713518], [6.50503, 49.713549], [6.504927, 49.713549], [6.504812, 49.713602], [6.504557, 49.713594], [6.504271, 49.713579], [6.503977, 49.713556], [6.503973, 49.713491], [6.503725, 49.713461], [6.503336, 49.7134], [6.502958, 49.713335], [6.50268, 49.713282], [6.502294, 49.713201], [6.501833, 49.713095], [6.501726, 49.713068], [6.501375, 49.712984], [6.501131, 49.712927], [6.500944, 49.712874], [6.500757, 49.712812], [6.500559, 49.712748], [6.500345, 49.712671], [6.500109, 49.712584], [6.500113, 49.712568], [6.500063, 49.712549], [6.500055, 49.7125], [6.500029, 49.712465], [6.499971, 49.712442], [6.499708, 49.712343], [6.499414, 49.712236], [6.499205, 49.712141], [6.498938, 49.712023], [6.498659, 49.711882], [6.498373, 49.711729], [6.498117, 49.711576], [6.49761, 49.711248], [6.497339, 49.711054], [6.497156, 49.710924], [6.496683, 49.710585], [6.496187, 49.710253], [6.495752, 49.709955], [6.495256, 49.709604], [6.494989, 49.709417], [6.494493, 49.70907], [6.494043, 49.708757], [6.493708, 49.708506], [6.493322, 49.708223], [6.493265, 49.708181], [6.492998, 49.707983], [6.492662, 49.70772], [6.492037, 49.707205], [6.491766, 49.706934], [6.491423, 49.706514], [6.491281, 49.706366], [6.491056, 49.70616], [6.490828, 49.705961], [6.490576, 49.705744], [6.490354, 49.705545], [6.490141, 49.705381], [6.489946, 49.705225], [6.489748, 49.705072], [6.489416, 49.704828], [6.489126, 49.704603], [6.488668, 49.704298], [6.488531, 49.704199], [6.488214, 49.703989], [6.487974, 49.703814], [6.48768, 49.703619], [6.486933, 49.7031], [6.48662, 49.702875], [6.486341, 49.702661], [6.48604, 49.702417], [6.485807, 49.702223], [6.485518, 49.701967], [6.485243, 49.701715], [6.484961, 49.701448], [6.48464, 49.701155], [6.484308, 49.700853], [6.4839, 49.700483], [6.483522, 49.70019], [6.483538, 49.700163], [6.483538, 49.700151], [6.481897, 49.698664], [6.481886, 49.698656], [6.481615, 49.698477], [6.480596, 49.697802], [6.480566, 49.697782], [6.480486, 49.697683], [6.480337, 49.697603], [6.480162, 49.697496], [6.48004, 49.697432], [6.479895, 49.697367], [6.479685, 49.697252], [6.479509, 49.697184], [6.479258, 49.697058], [6.479479, 49.696696], [6.479203, 49.696494], [6.478594, 49.696273], [6.477378, 49.695907], [6.476228, 49.695644], [6.474858, 49.695281], [6.473881, 49.694977], [6.472947, 49.694626], [6.471295, 49.693913], [6.470143, 49.693462], [6.469514, 49.693268], [6.468754, 49.693073], [6.467559, 49.692863], [6.464175, 49.692451], [6.46311, 49.692283], [6.461917, 49.692062], [6.461429, 49.691948], [6.461331, 49.691921], [6.460667, 49.691713], [6.46007, 49.691429], [6.459565, 49.691135], [6.458346, 49.690323], [6.457561, 49.689594], [6.457299, 49.689296], [6.456927, 49.688735], [6.456534, 49.68806], [6.455921, 49.686965], [6.455287, 49.686008], [6.45437, 49.684971], [6.452933, 49.683597], [6.451539, 49.682461], [6.44968, 49.680778], [6.449599, 49.680706], [6.44919, 49.680297], [6.447898, 49.678851], [6.447336, 49.678165], [6.44648, 49.677447], [6.443787, 49.675602], [6.436218, 49.671173], [6.435782, 49.670978], [6.43511, 49.670757], [6.433958, 49.670574], [6.433307, 49.670421], [6.432177, 49.670032], [6.431872, 49.669864], [6.431395, 49.669513], [6.428975, 49.667225], [6.428038, 49.666214], [6.427163, 49.665161], [6.426639, 49.664417], [6.426356, 49.66399], [6.42613, 49.663498], [6.425938, 49.662967], [6.425849, 49.662433], [6.425846, 49.662082], [6.425953, 49.661689], [6.426211, 49.661334], [6.426556, 49.660983], [6.426924, 49.660701], [6.427465, 49.660419], [6.428136, 49.660236], [6.428893, 49.660117], [6.429653, 49.660075], [6.430565, 49.660129], [6.432278, 49.660293], [6.432907, 49.660392], [6.434253, 49.660472], [6.435105, 49.660423], [6.435987, 49.660274], [6.436832, 49.660072], [6.437741, 49.659747], [6.438412, 49.65945], [6.439016, 49.65911], [6.439535, 49.658744], [6.439988, 49.658306], [6.440225, 49.657898], [6.440375, 49.657444], [6.440475, 49.656879], [6.440405, 49.655967], [6.440247, 49.654869], [6.439957, 49.65324], [6.439758, 49.65248], [6.43956, 49.651946], [6.439144, 49.651061], [6.43875, 49.650386], [6.437954, 49.649269], [6.437089, 49.648056], [6.436329, 49.64693], [6.435274, 49.645202], [6.432061, 49.640274], [6.431104, 49.638859], [6.430231, 49.637806], [6.42855, 49.635585], [6.428156, 49.634941], [6.427164, 49.633147], [6.427084, 49.632999], [6.426799, 49.632424], [6.426623, 49.631962], [6.426091, 49.629993], [6.425805, 49.629219], [6.425258, 49.628135], [6.424035, 49.626453], [6.423357, 49.625427], [6.423073, 49.624877], [6.422918, 49.624416], [6.422638, 49.62233], [6.42253, 49.621727], [6.422442, 49.621528], [6.420979, 49.619701], [6.419319, 49.61737], [6.418993, 49.617118], [6.418123, 49.616714], [6.414103, 49.615272], [6.413624, 49.615047], [6.412711, 49.614575], [6.410014, 49.612709], [6.409474, 49.612285], [6.408531, 49.61129], [6.407883, 49.610733], [6.407034, 49.61021], [6.406529, 49.609874], [6.405946, 49.609428], [6.405335, 49.608852], [6.404567, 49.608077], [6.404267, 49.607688], [6.404069, 49.60728], [6.403479, 49.60617], [6.402648, 49.604934], [6.40219, 49.604488], [6.39962, 49.602577], [6.398075, 49.60168], [6.397099, 49.601219], [6.396142, 49.600841], [6.395253, 49.600563], [6.394471, 49.600353], [6.393927, 49.600242], [6.392672, 49.599998], [6.392428, 49.599952], [6.391712, 49.599853], [6.390628, 49.5998], [6.387614, 49.599906], [6.386768, 49.599906], [6.386269, 49.599826], [6.38551, 49.599575], [6.384073, 49.59893], [6.38292, 49.598369], [6.38219, 49.597957], [6.381297, 49.597343], [6.3801, 49.596466], [6.379088, 49.595589], [6.377246, 49.593918], [6.376173, 49.592853], [6.375465, 49.592056], [6.375001, 49.591392], [6.374639, 49.590717], [6.37446, 49.590122], [6.374432, 49.589816], [6.373888, 49.59004], [6.373816, 49.590054], [6.37377, 49.59006], [6.373629, 49.590088], [6.373579, 49.5901], [6.373583, 49.59012], [6.373049, 49.59025], [6.37295, 49.590275], [6.372663, 49.59034], [6.37261, 49.590363], [6.372469, 49.59039], [6.372454, 49.59037], [6.372393, 49.59039], [6.372377, 49.590366], [6.372312, 49.590286], [6.371851, 49.590424], [6.371893, 49.590527], [6.371916, 49.59054], [6.371962, 49.590584], [6.371992, 49.590622], [6.372026, 49.59066], [6.372068, 49.59071], [6.372114, 49.59077], [6.372156, 49.590828], [6.372198, 49.59089], [6.37237, 49.591167], [6.372435, 49.59128], [6.37258, 49.59157], [6.372633, 49.591724], [6.37261, 49.591732], [6.372614, 49.591755], [6.372625, 49.59184], [6.372618, 49.591873], [6.372606, 49.59191], [6.37258, 49.59196], [6.372553, 49.592022], [6.372492, 49.592148], [6.372446, 49.592236], [6.372343, 49.592403], [6.372133, 49.592457], [6.372122, 49.592598], [6.372118, 49.592663], [6.372156, 49.59266], [6.372232, 49.5927], [6.372309, 49.592773], [6.372412, 49.592884], [6.372458, 49.59285], [6.372499, 49.592804], [6.372518, 49.592793], [6.372576, 49.592773], [6.372667, 49.592728], [6.372667, 49.592743], [6.372683, 49.592762], [6.372698, 49.59277], [6.372786, 49.592773], [6.372827, 49.592777], [6.372885, 49.592785], [6.372969, 49.5928], [6.373033, 49.59282], [6.373079, 49.592823], [6.37311, 49.592827], [6.373209, 49.59286], [6.373282, 49.592888], [6.373354, 49.592926], [6.373392, 49.59295], [6.373484, 49.593006], [6.373533, 49.59304], [6.373606, 49.593098], [6.373621, 49.593113], [6.373651, 49.59314], [6.373686, 49.593174], [6.37372, 49.59321], [6.373751, 49.593246], [6.373785, 49.59329], [6.373816, 49.593323], [6.373903, 49.59344], [6.373964, 49.59352], [6.374002, 49.593567], [6.374064, 49.59366], [6.374098, 49.593704], [6.374144, 49.59378], [6.374182, 49.59386], [6.37422, 49.593945], [6.37425, 49.594044], [6.374266, 49.594097], [6.374296, 49.594124], [6.374361, 49.594177], [6.374464, 49.594265], [6.37451, 49.594303], [6.374544, 49.594334], [6.374639, 49.59441], [6.374662, 49.59443], [6.374701, 49.594456], [6.374807, 49.59454], [6.374876, 49.594593], [6.374891, 49.59461], [6.374952, 49.59466], [6.374975, 49.59468], [6.374998, 49.594704], [6.375009, 49.59472], [6.375044, 49.59475], [6.375071, 49.594776], [6.375086, 49.59479], [6.375166, 49.59488], [6.3752, 49.594913], [6.375307, 49.595028], [6.375372, 49.5951], [6.375437, 49.59517], [6.375563, 49.595295], [6.375631, 49.595364], [6.375643, 49.595375], [6.375696, 49.595432], [6.37575, 49.595478], [6.375833, 49.595562], [6.375879, 49.595604], [6.375936, 49.59567], [6.375971, 49.595703], [6.375982, 49.595715], [6.376013, 49.595745], [6.376039, 49.59577], [6.376062, 49.5958], [6.376154, 49.595886], [6.376039, 49.595917], [6.376024, 49.595917], [6.375975, 49.595913], [6.375956, 49.595913], [6.375917, 49.59592], [6.375868, 49.595936], [6.375837, 49.595947], [6.375811, 49.595963], [6.375757, 49.595993], [6.375742, 49.596], [6.375711, 49.59602], [6.375788, 49.596077], [6.375837, 49.596115], [6.375864, 49.596134], [6.375895, 49.59616], [6.375979, 49.596226], [6.376024, 49.59626], [6.376089, 49.59631], [6.376142, 49.59635], [6.376402, 49.596554], [6.376417, 49.59656], [6.376532, 49.596634], [6.376585, 49.59667], [6.376596, 49.59668], [6.376658, 49.596745], [6.376684, 49.596775], [6.376711, 49.5968], [6.376768, 49.596863], [6.376787, 49.59688], [6.376806, 49.596905], [6.376867, 49.596973], [6.376902, 49.597008], [6.376917, 49.597027], [6.376955, 49.59707], [6.376997, 49.597115], [6.377039, 49.597157], [6.377123, 49.597248], [6.377146, 49.59727], [6.377195, 49.59733], [6.377207, 49.59734], [6.377283, 49.597427], [6.377298, 49.59745], [6.377325, 49.597496], [6.377367, 49.59758], [6.377371, 49.597595], [6.377386, 49.597622], [6.377401, 49.597656], [6.37742, 49.597694], [6.377424, 49.597706], [6.37744, 49.597736], [6.37747, 49.597782], [6.377493, 49.59782], [6.377554, 49.597904], [6.377569, 49.597923], [6.377611, 49.597984], [6.377642, 49.598026], [6.377672, 49.59807], [6.377688, 49.59809], [6.377794, 49.59817], [6.37789, 49.598244], [6.377939, 49.598278], [6.377962, 49.598293], [6.378073, 49.598377], [6.378115, 49.598408], [6.378168, 49.598446], [6.378214, 49.59848], [6.37826, 49.598515], [6.378302, 49.598545], [6.378378, 49.598602], [6.378405, 49.59862], [6.37845, 49.598656], [6.378481, 49.598675], [6.378565, 49.598732], [6.37858, 49.598743], [6.37866, 49.598797], [6.378691, 49.59882], [6.378725, 49.598843], [6.37882, 49.598904], [6.379049, 49.599056], [6.379118, 49.5991], [6.379518, 49.59933], [6.37953, 49.599335], [6.379618, 49.599384], [6.379633, 49.599392], [6.379541, 49.5994], [6.379412, 49.59949], [6.37932, 49.59949], [6.379435, 49.599564], [6.379839, 49.599766], [6.379969, 49.59982], [6.380083, 49.59987], [6.380114, 49.599884], [6.380205, 49.599922], [6.380217, 49.59993], [6.38027, 49.599953], [6.380297, 49.599964], [6.380312, 49.599968], [6.380331, 49.59998], [6.380381, 49.6], [6.380446, 49.60003], [6.380465, 49.600037], [6.380476, 49.60004], [6.380468, 49.60006], [6.380449, 49.600117], [6.380461, 49.600132], [6.380468, 49.600147], [6.380537, 49.600235], [6.38059, 49.6003], [6.380602, 49.60031], [6.38064, 49.60035], [6.380739, 49.600433], [6.380781, 49.600475], [6.380804, 49.600494], [6.380865, 49.600555], [6.380884, 49.60057], [6.380979, 49.600666], [6.381067, 49.600746], [6.381132, 49.600807], [6.381189, 49.60086], [6.381227, 49.60089], [6.381239, 49.600903], [6.381308, 49.60096], [6.381323, 49.60097], [6.381395, 49.601025], [6.381433, 49.60106], [6.381445, 49.601067], [6.38146, 49.60108], [6.381529, 49.601143], [6.381559, 49.601177], [6.381578, 49.601215], [6.381594, 49.601242], [6.381624, 49.601273], [6.381697, 49.60135], [6.381716, 49.601368], [6.38175, 49.601406], [6.381781, 49.601437], [6.3818, 49.60145], [6.381815, 49.60147], [6.381845, 49.601505], [6.381868, 49.60153], [6.381884, 49.601543], [6.381922, 49.601585], [6.381952, 49.601624], [6.381971, 49.601643], [6.382002, 49.601677], [6.381983, 49.601727], [6.38199, 49.60174], [6.382147, 49.601936], [6.3822, 49.6021], [6.382155, 49.60214], [6.382223, 49.602257], [6.382155, 49.602474], [6.382048, 49.60273], [6.381895, 49.602978], [6.381781, 49.60307], [6.381704, 49.603127], [6.381479, 49.60326], [6.381479, 49.60335], [6.381552, 49.603382], [6.381567, 49.60339], [6.381613, 49.60342], [6.381643, 49.603466], [6.38167, 49.603558], [6.381643, 49.60361], [6.381773, 49.603947], [6.381868, 49.604084], [6.38196, 49.604164], [6.381853, 49.604164], [6.381292, 49.604153], [6.38069, 49.604126], [6.379988, 49.60408], [6.379797, 49.60407], [6.379694, 49.60406], [6.379633, 49.604053], [6.379358, 49.60414], [6.379271, 49.60417], [6.378622, 49.603977], [6.37792, 49.603718], [6.377047, 49.603333], [6.376989, 49.603386], [6.376741, 49.60366], [6.376688, 49.603718], [6.376631, 49.603783], [6.376574, 49.60385], [6.376551, 49.603943], [6.376444, 49.604416], [6.376497, 49.604507], [6.376703, 49.605057], [6.377272, 49.606625], [6.377527, 49.606606], [6.377585, 49.606773], [6.377794, 49.606743], [6.377916, 49.606724], [6.377966, 49.606796], [6.378077, 49.606945], [6.378138, 49.606937], [6.378332, 49.60691], [6.378546, 49.606884], [6.378779, 49.606853], [6.378843, 49.60685], [6.380175, 49.60685], [6.380171, 49.60703], [6.380171, 49.607212], [6.380343, 49.607246], [6.380369, 49.607254], [6.380129, 49.60741], [6.37998, 49.607513], [6.379778, 49.60766], [6.379637, 49.607758], [6.379568, 49.607796], [6.379545, 49.607807], [6.37948, 49.607834], [6.379385, 49.60787], [6.379271, 49.6079], [6.379068, 49.607952], [6.37908, 49.60797], [6.379106, 49.608], [6.379118, 49.608017], [6.379206, 49.608135], [6.379263, 49.608208], [6.379339, 49.60831], [6.379541, 49.608578], [6.379973, 49.609165], [6.380064, 49.609287], [6.380091, 49.609333], [6.380152, 49.609447], [6.38006, 49.609486], [6.379969, 49.609524], [6.379892, 49.609573], [6.379812, 49.609627], [6.379774, 49.60965], [6.379728, 49.609665], [6.379667, 49.60967], [6.379564, 49.60966], [6.379175, 49.60971], [6.379133, 49.609737], [6.379114, 49.60977], [6.379091, 49.60986], [6.379084, 49.60996], [6.379068, 49.61004], [6.379042, 49.610092], [6.378984, 49.610138], [6.378912, 49.610184], [6.378847, 49.610203], [6.378775, 49.610207], [6.378691, 49.610203], [6.378614, 49.61019], [6.378527, 49.610165], [6.378386, 49.6101], [6.378267, 49.61004], [6.378138, 49.609985], [6.378069, 49.609966], [6.378019, 49.60996], [6.377974, 49.60996], [6.377951, 49.609966], [6.377897, 49.61001], [6.377859, 49.61004], [6.377802, 49.61007], [6.377684, 49.61012], [6.3776, 49.610146], [6.377482, 49.61016], [6.377306, 49.61018], [6.377241, 49.61019], [6.377054, 49.610245], [6.37697, 49.610264], [6.376898, 49.61027], [6.376787, 49.610275], [6.3766, 49.610268], [6.376486, 49.61027], [6.376337, 49.610287], [6.376184, 49.61029], [6.375944, 49.610294], [6.375856, 49.610302], [6.375803, 49.610336], [6.37562, 49.61052], [6.375547, 49.610588], [6.375502, 49.61061], [6.375471, 49.610626], [6.375425, 49.610645], [6.37533, 49.61068], [6.375185, 49.61075], [6.375044, 49.61082], [6.374933, 49.610893], [6.374857, 49.610947], [6.374563, 49.611202], [6.37454, 49.611214], [6.374479, 49.611225], [6.373797, 49.611343], [6.373362, 49.61142], [6.37332, 49.611435], [6.37311, 49.61155], [6.372843, 49.611732], [6.372797, 49.61176], [6.37261, 49.611835], [6.372427, 49.611893], [6.372053, 49.612072], [6.372038, 49.612095], [6.372004, 49.61225], [6.371988, 49.612347], [6.372004, 49.612373], [6.372099, 49.61249], [6.372232, 49.612587], [6.372244, 49.61261], [6.372335, 49.612812], [6.372335, 49.61287], [6.372301, 49.6129], [6.372271, 49.61292], [6.372107, 49.61302], [6.372026, 49.61304], [6.371817, 49.613052], [6.371679, 49.613045], [6.371206, 49.613087], [6.370687, 49.61306], [6.370546, 49.613026], [6.370436, 49.613007], [6.370363, 49.612995], [6.370077, 49.613007], [6.369818, 49.613064], [6.369608, 49.613064], [6.36957, 49.61307], [6.369528, 49.613094], [6.369272, 49.613377], [6.369154, 49.613438], [6.369112, 49.613514], [6.368952, 49.613644], [6.36878, 49.613712], [6.368601, 49.613895], [6.368273, 49.614025], [6.368032, 49.614067], [6.367811, 49.61424], [6.367765, 49.61431], [6.367514, 49.61443], [6.367285, 49.614502], [6.367067, 49.61475], [6.366991, 49.614925], [6.366991, 49.615067], [6.366938, 49.615158], [6.366774, 49.615314], [6.366545, 49.61544], [6.366297, 49.61546], [6.366117, 49.61551], [6.365645, 49.61554], [6.365557, 49.61555], [6.365545, 49.61555], [6.365442, 49.61556], [6.365385, 49.61557], [6.365137, 49.615643], [6.365126, 49.615646], [6.365042, 49.615643], [6.364923, 49.61567], [6.364805, 49.61573], [6.364592, 49.61578], [6.36458, 49.615772], [6.364306, 49.61548], [6.364115, 49.615284], [6.364103, 49.615273], [6.364012, 49.615177], [6.36326, 49.61449], [6.363268, 49.614414], [6.363123, 49.61425], [6.363054, 49.61418], [6.363047, 49.614166], [6.362989, 49.614113], [6.362906, 49.614044], [6.362722, 49.613907], [6.362593, 49.613815], [6.362471, 49.61374], [6.362341, 49.613663], [6.362276, 49.61363], [6.362219, 49.61361], [6.361959, 49.61351], [6.361704, 49.613426], [6.361525, 49.61337], [6.361368, 49.613335], [6.36112, 49.613293], [6.360689, 49.613235], [6.360758, 49.613403], [6.360811, 49.613552], [6.36083, 49.613598], [6.360918, 49.613815], [6.360994, 49.614006], [6.36099, 49.614025], [6.360987, 49.61406], [6.360949, 49.61418], [6.360899, 49.61433], [6.360849, 49.61445], [6.360773, 49.6146], [6.360754, 49.614624], [6.360723, 49.61467], [6.360681, 49.614716], [6.36059, 49.614807], [6.360464, 49.614937], [6.360304, 49.615078], [6.360106, 49.61525], [6.359839, 49.615456], [6.359785, 49.61543], [6.359693, 49.615387], [6.359633, 49.615356], [6.359362, 49.61557], [6.359133, 49.615726], [6.358713, 49.61595], [6.358599, 49.616013], [6.358587, 49.616013], [6.358458, 49.615986], [6.358316, 49.61596], [6.358225, 49.61594], [6.358175, 49.615932], [6.358057, 49.61591], [6.357519, 49.615803], [6.357332, 49.61577], [6.357305, 49.615765], [6.357195, 49.61574], [6.357149, 49.615734], [6.356848, 49.615677], [6.356783, 49.61566], [6.356737, 49.615578], [6.356699, 49.615524], [6.356642, 49.61546], [6.356447, 49.6153], [6.356428, 49.61523], [6.356413, 49.615196], [6.356386, 49.61517], [6.356333, 49.61513], [6.356264, 49.615097], [6.356211, 49.615078], [6.356165, 49.615074], [6.35605, 49.615063], [6.356028, 49.615063], [6.355867, 49.615067], [6.355806, 49.615063], [6.35573, 49.615063], [6.3557, 49.61506], [6.355677, 49.61506], [6.355574, 49.615055], [6.355539, 49.61505], [6.355345, 49.61504], [6.355284, 49.615032], [6.355226, 49.615032], [6.355036, 49.615025], [6.355013, 49.615025], [6.354925, 49.61503], [6.354868, 49.615036], [6.354818, 49.61504], [6.354723, 49.615055], [6.354662, 49.615063], [6.35457, 49.615078], [6.354418, 49.615105], [6.354345, 49.615116], [6.354288, 49.615074], [6.354216, 49.61502], [6.353987, 49.615078], [6.353853, 49.61512], [6.353796, 49.61514], [6.353739, 49.615158], [6.353571, 49.615223], [6.353319, 49.615326], [6.353045, 49.61545], [6.352838, 49.615562], [6.352797, 49.61558], [6.352579, 49.615715], [6.352407, 49.61583], [6.352323, 49.615887], [6.352304, 49.615875], [6.351183, 49.61523], [6.350622, 49.614906], [6.350134, 49.614597], [6.349714, 49.61428], [6.349684, 49.614254], [6.349569, 49.614147], [6.349405, 49.613968], [6.349333, 49.613873], [6.348803, 49.612885], [6.348783, 49.612854], [6.348692, 49.612663], [6.348505, 49.6123], [6.348391, 49.6121], [6.348185, 49.6118], [6.348162, 49.611763], [6.348162, 49.611713], [6.348165, 49.611656], [6.348169, 49.61162], [6.348177, 49.61155], [6.348192, 49.611443], [6.348204, 49.611332], [6.348204, 49.61132], [6.348215, 49.611244], [6.348226, 49.611145], [6.34823, 49.6111], [6.348238, 49.611027], [6.348246, 49.610985], [6.348253, 49.61091], [6.348261, 49.61085], [6.348272, 49.61074], [6.348276, 49.61071], [6.348314, 49.61065], [6.348349, 49.610607], [6.348421, 49.610523], [6.34844, 49.610497], [6.34852, 49.610397], [6.3486, 49.6103], [6.348715, 49.61015], [6.348768, 49.610085], [6.348841, 49.609993], [6.348906, 49.60991], [6.348932, 49.609875], [6.348967, 49.609833], [6.349054, 49.609722], [6.349089, 49.60968], [6.349234, 49.609497], [6.349165, 49.6094], [6.349009, 49.60919], [6.348986, 49.60916], [6.349039, 49.609055], [6.34894, 49.60902], [6.348841, 49.608955], [6.348818, 49.608936], [6.348749, 49.60888], [6.348612, 49.608772], [6.348494, 49.608685], [6.348371, 49.60859], [6.348284, 49.608524], [6.348215, 49.60847], [6.348127, 49.608406], [6.348093, 49.608383], [6.348059, 49.608368], [6.348028, 49.608353], [6.34794, 49.608334], [6.347845, 49.608307], [6.347769, 49.608284], [6.347681, 49.608253], [6.347601, 49.608223], [6.347574, 49.60821], [6.347479, 49.608166], [6.347384, 49.608124], [6.347311, 49.608086], [6.347261, 49.608055], [6.347181, 49.608006], [6.347105, 49.607956], [6.347021, 49.6079], [6.346987, 49.607876], [6.346964, 49.607857], [6.346823, 49.607746], [6.346731, 49.607677], [6.346662, 49.607624], [6.346552, 49.607536], [6.346441, 49.607452], [6.346376, 49.6074], [6.346338, 49.607372], [6.346266, 49.60731], [6.346251, 49.607304], [6.346163, 49.60724], [6.346006, 49.60715], [6.345724, 49.607243], [6.345636, 49.607273], [6.345449, 49.607338], [6.345305, 49.607395], [6.345259, 49.607414], [6.345228, 49.60743], [6.345137, 49.60749], [6.344999, 49.607586], [6.344885, 49.60767], [6.344801, 49.607735], [6.344717, 49.607803], [6.344671, 49.60785], [6.344629, 49.60789], [6.344557, 49.60798], [6.344454, 49.6081], [6.344393, 49.60819], [6.344336, 49.60828], [6.344248, 49.60842], [6.344187, 49.608543], [6.344152, 49.608604], [6.344103, 49.6087], [6.344034, 49.60883], [6.344011, 49.608887], [6.344008, 49.608902], [6.343992, 49.608944], [6.343985, 49.609], [6.343977, 49.60907], [6.343981, 49.609116], [6.343996, 49.609203], [6.34403, 49.609283], [6.344099, 49.609367], [6.344057, 49.609394], [6.344374, 49.609562], [6.344564, 49.609673], [6.344664, 49.609737], [6.344755, 49.609825], [6.344843, 49.609867], [6.344988, 49.60991], [6.345121, 49.609966], [6.345331, 49.610043], [6.345419, 49.61011], [6.345488, 49.61016], [6.345629, 49.610226], [6.345724, 49.610283], [6.345842, 49.610317], [6.345854, 49.61032], [6.345735, 49.61037], [6.345636, 49.610424], [6.345579, 49.61046], [6.345694, 49.610535], [6.345762, 49.610584], [6.345804, 49.61061], [6.345442, 49.6107], [6.345301, 49.61074], [6.345038, 49.610847], [6.344881, 49.61094], [6.344721, 49.611057], [6.344618, 49.611153], [6.344545, 49.611248], [6.3445, 49.611336], [6.344419, 49.611565], [6.344561, 49.611618], [6.344618, 49.61164], [6.344824, 49.611717], [6.34482, 49.61175], [6.344816, 49.611866], [6.344835, 49.61198], [6.344923, 49.612328], [6.345038, 49.612663], [6.345091, 49.61278], [6.345098, 49.6128], [6.345148, 49.61291], [6.345301, 49.613247], [6.345495, 49.613667], [6.345537, 49.61375], [6.345606, 49.613876], [6.345636, 49.613937], [6.34548, 49.613956], [6.34519, 49.61399], [6.345114, 49.614], [6.345114, 49.614105], [6.345106, 49.614162], [6.345106, 49.61419], [6.345095, 49.6143], [6.345095, 49.61433], [6.345091, 49.61439], [6.345091, 49.614494], [6.345087, 49.614616], [6.345072, 49.61499], [6.345072, 49.615005], [6.344919, 49.616016], [6.344912, 49.61606], [6.344797, 49.61603], [6.344538, 49.616436], [6.344374, 49.616684], [6.344351, 49.616676], [6.34416, 49.61662], [6.34413, 49.616608], [6.344091, 49.616596], [6.344, 49.61657], [6.343912, 49.61654], [6.343759, 49.61649], [6.343718, 49.616474], [6.343653, 49.616455], [6.34355, 49.616417], [6.343397, 49.61637], [6.343317, 49.616344], [6.343031, 49.61627], [6.342726, 49.6162], [6.342009, 49.61603], [6.341932, 49.616013], [6.341837, 49.615993], [6.341745, 49.61597], [6.3417, 49.615948], [6.340357, 49.61567], [6.340349, 49.6157], [6.340338, 49.61577], [6.340338, 49.61578], [6.340319, 49.615864], [6.340319, 49.615875], [6.340303, 49.615936], [6.340296, 49.615974], [6.340292, 49.615986], [6.340284, 49.616024], [6.34028, 49.616055], [6.340269, 49.616104], [6.340265, 49.616116], [6.340258, 49.61615], [6.340254, 49.616184], [6.34025, 49.6162], [6.340239, 49.616253], [6.340235, 49.616264], [6.340204, 49.616413], [6.340181, 49.61652], [6.340177, 49.616535], [6.340162, 49.616608], [6.340155, 49.616657], [6.340116, 49.616837], [6.340109, 49.616882], [6.340105, 49.616913], [6.340094, 49.61697], [6.340082, 49.617016], [6.340071, 49.617077], [6.340059, 49.61712], [6.340052, 49.617165], [6.340033, 49.61725], [6.339994, 49.617413], [6.340254, 49.617462], [6.340452, 49.6175], [6.340174, 49.617775], [6.340025, 49.617928], [6.339956, 49.617996], [6.339895, 49.618084], [6.339861, 49.61814], [6.339785, 49.618294], [6.339754, 49.618378], [6.339724, 49.618492], [6.339704, 49.618652], [6.339697, 49.618786], [6.339701, 49.618843], [6.339747, 49.618996], [6.339808, 49.619152], [6.339861, 49.619267], [6.340036, 49.619568], [6.33988, 49.619606], [6.33943, 49.61971], [6.339312, 49.61974], [6.339189, 49.619766], [6.339098, 49.619778], [6.339067, 49.61978], [6.339045, 49.619785], [6.338991, 49.619793], [6.33898, 49.619793], [6.338942, 49.619797], [6.338846, 49.6198], [6.338739, 49.61981], [6.338644, 49.61982], [6.338556, 49.619823], [6.338514, 49.619823], [6.338488, 49.619827], [6.338522, 49.620144], [6.338564, 49.620567], [6.338697, 49.621483], [6.338747, 49.621788], [6.338854, 49.62213], [6.338655, 49.62222], [6.338552, 49.622265], [6.338503, 49.622288], [6.338442, 49.622314], [6.338354, 49.622353], [6.338266, 49.62239], [6.337877, 49.622562], [6.337854, 49.622574], [6.337828, 49.622494], [6.337797, 49.622375], [6.337767, 49.62221], [6.337732, 49.62203], [6.337561, 49.62203], [6.337519, 49.622025], [6.337385, 49.622025], [6.337332, 49.62202], [6.337301, 49.62202], [6.337278, 49.622017], [6.337217, 49.622017], [6.33705, 49.622005], [6.337034, 49.622005], [6.337008, 49.622], [6.336969, 49.621998], [6.336946, 49.621998], [6.336885, 49.62199], [6.336725, 49.62198], [6.336676, 49.621975], [6.336588, 49.621964], [6.33655, 49.62196], [6.336481, 49.621952], [6.336378, 49.621937], [6.336321, 49.621933], [6.33626, 49.62192], [6.336176, 49.621914], [6.336096, 49.621902], [6.336046, 49.621895], [6.335932, 49.62188], [6.335859, 49.621872], [6.335829, 49.62187], [6.335672, 49.621845], [6.335596, 49.621838], [6.335577, 49.621834], [6.335428, 49.62182], [6.335356, 49.621807], [6.335337, 49.621807], [6.334879, 49.62247], [6.334696, 49.622456], [6.334635, 49.62245], [6.334528, 49.622444], [6.334394, 49.62244], [6.33436, 49.622437], [6.334181, 49.622437], [6.334135, 49.62244], [6.334097, 49.62244], [6.334066, 49.622444], [6.333994, 49.62245], [6.333933, 49.622456], [6.333864, 49.62246], [6.333056, 49.62246], [6.332987, 49.622643], [6.332941, 49.622784], [6.33291, 49.622917], [6.33288, 49.62308], [6.332861, 49.62326], [6.332865, 49.623432], [6.332884, 49.623543], [6.332933, 49.623684], [6.332876, 49.623714], [6.332682, 49.62355], [6.332655, 49.62356], [6.33259, 49.623592], [6.332308, 49.623714], [6.332212, 49.62376], [6.332113, 49.623814], [6.332087, 49.623825], [6.331968, 49.623882], [6.33193, 49.6239], [6.331907, 49.623913], [6.331842, 49.623947], [6.331793, 49.62397], [6.331747, 49.623985], [6.331694, 49.62401], [6.331663, 49.62402], [6.331552, 49.624058], [6.331488, 49.624077], [6.331381, 49.62412], [6.331358, 49.624134], [6.331305, 49.624165], [6.331251, 49.624203], [6.331198, 49.62425], [6.331167, 49.624268], [6.331057, 49.624367], [6.33098, 49.624424], [6.330912, 49.624485], [6.330717, 49.624435], [6.330534, 49.624393], [6.330366, 49.624367], [6.330183, 49.624348], [6.329985, 49.624336], [6.329824, 49.624332], [6.32968, 49.62434], [6.329531, 49.62435], [6.329351, 49.624382], [6.329081, 49.62444], [6.328657, 49.624535], [6.328604, 49.6246], [6.328554, 49.624664], [6.328463, 49.624775], [6.328386, 49.624866], [6.328322, 49.62495], [6.328276, 49.625004], [6.328238, 49.625053], [6.328188, 49.625114], [6.328176, 49.625126], [6.328188, 49.62513], [6.32847, 49.625275], [6.328604, 49.625347], [6.328737, 49.62544], [6.328859, 49.62554], [6.328962, 49.625668], [6.329241, 49.626034], [6.329359, 49.626175], [6.329504, 49.626324], [6.329935, 49.62671], [6.329969, 49.626736], [6.328028, 49.62692], [6.327898, 49.626926], [6.325224, 49.626743], [6.324442, 49.626717], [6.324125, 49.626713], [6.32382, 49.626736], [6.323484, 49.62679], [6.322996, 49.626884], [6.322351, 49.62705], [6.321344, 49.627388], [6.320005, 49.627563], [6.319765, 49.627586], [6.318972, 49.627605], [6.318529, 49.62763], [6.31703, 49.62774], [6.31674, 49.627758], [6.316069, 49.62775], [6.314699, 49.62774], [6.313341, 49.627777], [6.312601, 49.62782], [6.312006, 49.627888], [6.311163, 49.628006], [6.31048, 49.628174], [6.309687, 49.628384], [6.309282, 49.62875], [6.30924, 49.62882], [6.309214, 49.628906], [6.308866, 49.630177], [6.308718, 49.63067], [6.308603, 49.63102], [6.307879, 49.632248], [6.307474, 49.63292], [6.307424, 49.632973], [6.307077, 49.63314], [6.304956, 49.63415], [6.304796, 49.634235], [6.304754, 49.63431], [6.303999, 49.634705], [6.303888, 49.63495], [6.303827, 49.6351], [6.303793, 49.63518], [6.303358, 49.636177], [6.30327, 49.636395], [6.303248, 49.636456], [6.303175, 49.636635], [6.303038, 49.636654], [6.30295, 49.636665], [6.302603, 49.63671], [6.302622, 49.636753], [6.302641, 49.636787], [6.302675, 49.636883], [6.302702, 49.63701], [6.30271, 49.63711], [6.302706, 49.637157], [6.302694, 49.637203], [6.302664, 49.637287], [6.302526, 49.63722], [6.302393, 49.637154], [6.302248, 49.637085], [6.302134, 49.637028], [6.302031, 49.636982], [6.301966, 49.637062], [6.301844, 49.637222], [6.301737, 49.637356], [6.301603, 49.6375], [6.301542, 49.637558], [6.301424, 49.637512], [6.30131, 49.637466], [6.30126, 49.63745], [6.301199, 49.637424], [6.301104, 49.637386], [6.300932, 49.63732], [6.300844, 49.637287], [6.300703, 49.637238], [6.300688, 49.63723], [6.300661, 49.637226], [6.300554, 49.637207], [6.30044, 49.637188], [6.300379, 49.637177], [6.299932, 49.6371], [6.299746, 49.637066], [6.299662, 49.637054], [6.299543, 49.63703], [6.299467, 49.63702], [6.299292, 49.63699], [6.299147, 49.636963], [6.299059, 49.636948], [6.29896, 49.636932], [6.298857, 49.636917], [6.298613, 49.636875], [6.298544, 49.636864], [6.29822, 49.636806], [6.298109, 49.636787], [6.297998, 49.63677], [6.297785, 49.63673], [6.297693, 49.636715], [6.297648, 49.636707], [6.297613, 49.6367], [6.29756, 49.63669], [6.297228, 49.636635], [6.296995, 49.636597], [6.296862, 49.636574], [6.296778, 49.63656], [6.29656, 49.63652], [6.296225, 49.636467], [6.296015, 49.63643], [6.295565, 49.636356], [6.295637, 49.636623], [6.295664, 49.636726], [6.295713, 49.636963], [6.295725, 49.637074], [6.295717, 49.637234], [6.295702, 49.63737], [6.295679, 49.637512], [6.295645, 49.637688], [6.295622, 49.637783], [6.295572, 49.637955], [6.295519, 49.63815], [6.295481, 49.638256], [6.295469, 49.638294], [6.295012, 49.63822], [6.294809, 49.63819], [6.29392, 49.638046], [6.29384, 49.638165], [6.293821, 49.638187], [6.293787, 49.638233], [6.293741, 49.638298], [6.293653, 49.638424], [6.293432, 49.638695], [6.293299, 49.63866], [6.293192, 49.638638], [6.293123, 49.63862], [6.292917, 49.638573], [6.292784, 49.638535], [6.292669, 49.638504], [6.292555, 49.638607], [6.292463, 49.638687], [6.29233, 49.638805], [6.292242, 49.638878], [6.292192, 49.63892], [6.292135, 49.638966], [6.291975, 49.639107], [6.291895, 49.639175], [6.291868, 49.6392], [6.291842, 49.639217], [6.291807, 49.639248], [6.291773, 49.63928], [6.291693, 49.639347], [6.291674, 49.639366], [6.291559, 49.63947], [6.291437, 49.639576], [6.291327, 49.639675], [6.291235, 49.639755], [6.291037, 49.63993], [6.290972, 49.639988], [6.29085, 49.640095], [6.290712, 49.64022], [6.290529, 49.640385], [6.290461, 49.64044], [6.290373, 49.640545], [6.290297, 49.640633], [6.290285, 49.640686], [6.290247, 49.640926], [6.290209, 49.64116], [6.290197, 49.641228], [6.290178, 49.641453], [6.290171, 49.641514], [6.29014, 49.64188], [6.290136, 49.641937], [6.290129, 49.642002], [6.290125, 49.64205], [6.290121, 49.64211], [6.29011, 49.642345], [6.29011, 49.64239], [6.290102, 49.642513], [6.290102, 49.64258], [6.290098, 49.64261], [6.290102, 49.642624], [6.290129, 49.64274], [6.290152, 49.642834], [6.290194, 49.64302], [6.290209, 49.6431], [6.290209, 49.643147], [6.290205, 49.643166], [6.290205, 49.64318], [6.290201, 49.64325], [6.290197, 49.64326], [6.290194, 49.64333], [6.290186, 49.643433], [6.29019, 49.643517], [6.290216, 49.64374], [6.290228, 49.643803], [6.290232, 49.64382], [6.290228, 49.643932], [6.290213, 49.644073], [6.290186, 49.64417], [6.290129, 49.64436], [6.290075, 49.644516], [6.290041, 49.64462], [6.289934, 49.644875], [6.289877, 49.644997], [6.289835, 49.64511], [6.289812, 49.64522], [6.289801, 49.645344], [6.289785, 49.64543], [6.289763, 49.645546], [6.289717, 49.645626], [6.28961, 49.645775], [6.289373, 49.646114], [6.289087, 49.646503], [6.289267, 49.64657], [6.28937, 49.64662], [6.289484, 49.646698], [6.28977, 49.646908], [6.2899, 49.647057], [6.289988, 49.64716], [6.29006, 49.647274], [6.290014, 49.64725], [6.289843, 49.647167], [6.289515, 49.64728], [6.288588, 49.64792], [6.289144, 49.64809], [6.289209, 49.648106], [6.289274, 49.64812], [6.289602, 49.648197], [6.289267, 49.64858], [6.289175, 49.648586], [6.289167, 49.648598], [6.289137, 49.64865], [6.289022, 49.64884], [6.289385, 49.64898], [6.289446, 49.649002], [6.289328, 49.649197], [6.289183, 49.649734], [6.288828, 49.649925], [6.286955, 49.65055], [6.285582, 49.650864], [6.284666, 49.65108], [6.284044, 49.65134], [6.283667, 49.65161], [6.283224, 49.6519], [6.28306, 49.65201], [6.282572, 49.652363], [6.282126, 49.652714], [6.282076, 49.652756], [6.281733, 49.653107], [6.281714, 49.65316], [6.281721, 49.65328], [6.281725, 49.653408], [6.281729, 49.653465], [6.281729, 49.653522], [6.281736, 49.653667], [6.281736, 49.653717], [6.28174, 49.653736], [6.281744, 49.653873], [6.281744, 49.65391], [6.281748, 49.65402], [6.281824, 49.65403], [6.28179, 49.654438], [6.28179, 49.654453], [6.281782, 49.654522], [6.281775, 49.65458], [6.281771, 49.654644], [6.281752, 49.654808], [6.281748, 49.65485], [6.28166, 49.654846], [6.281668, 49.654884], [6.281706, 49.65512], [6.281858, 49.656], [6.281881, 49.656143], [6.281942, 49.656578], [6.281984, 49.656834], [6.282053, 49.65724], [6.281248, 49.657116], [6.281176, 49.657135], [6.281, 49.657448], [6.280989, 49.657475], [6.28097, 49.657513], [6.280943, 49.657574], [6.280912, 49.657623], [6.280851, 49.657726], [6.280809, 49.657795], [6.280802, 49.65781], [6.280767, 49.65787], [6.280706, 49.65797], [6.280687, 49.658005], [6.280622, 49.658108], [6.280573, 49.658195], [6.280531, 49.658264], [6.280508, 49.658306], [6.280481, 49.65835], [6.280417, 49.658463], [6.280371, 49.658535], [6.280333, 49.6586], [6.28026, 49.65872], [6.282774, 49.659103], [6.282808, 49.659107], [6.282865, 49.659115], [6.285486, 49.65941], [6.285509, 49.65953], [6.285665, 49.66039], [6.285643, 49.6634], [6.286192, 49.6644], [6.286402, 49.66478], [6.286371, 49.66477], [6.286318, 49.66476], [6.286283, 49.664757], [6.286245, 49.66476], [6.286223, 49.664772], [6.2862, 49.66478], [6.286173, 49.664776], [6.286154, 49.664764], [6.28615, 49.66475], [6.286142, 49.664738], [6.286119, 49.664734], [6.286093, 49.664738], [6.28607, 49.664753], [6.286062, 49.664776], [6.28599, 49.664803], [6.285948, 49.664806], [6.285906, 49.6648], [6.285883, 49.66479], [6.285856, 49.66476], [6.285845, 49.664757], [6.285822, 49.664757], [6.285807, 49.66476], [6.285795, 49.66477], [6.285784, 49.664783], [6.285768, 49.66479], [6.285753, 49.66479], [6.28573, 49.66478], [6.285708, 49.66475], [6.285696, 49.66474], [6.285669, 49.664722], [6.28565, 49.66472], [6.285627, 49.66472], [6.285612, 49.664726], [6.285604, 49.66474], [6.285604, 49.664776], [6.285585, 49.664787], [6.285559, 49.664795], [6.285524, 49.664787], [6.285459, 49.664783], [6.285425, 49.664772], [6.285395, 49.664757], [6.285372, 49.664753], [6.285311, 49.66476], [6.28528, 49.66477], [6.285257, 49.66477], [6.285208, 49.664757], [6.285177, 49.66474], [6.285139, 49.664726], [6.285097, 49.664722], [6.285051, 49.66472], [6.285006, 49.664726], [6.284971, 49.664726], [6.284925, 49.664722], [6.284899, 49.664707], [6.284872, 49.66469], [6.284845, 49.66468], [6.284815, 49.66468], [6.284769, 49.664692], [6.284742, 49.664707], [6.284719, 49.664715], [6.284693, 49.664715], [6.284628, 49.664696], [6.284609, 49.66468], [6.284597, 49.66464], [6.284582, 49.66463], [6.284525, 49.66463], [6.284487, 49.66464], [6.284452, 49.664665], [6.28441, 49.664692], [6.284384, 49.664703], [6.284346, 49.66471], [6.284304, 49.664707], [6.284269, 49.6647], [6.284235, 49.66469], [6.284208, 49.66469], [6.284185, 49.664684], [6.28414, 49.664684], [6.284109, 49.6647], [6.28409, 49.664715], [6.284098, 49.66474], [6.28409, 49.664753], [6.283999, 49.664764], [6.283979, 49.66476], [6.283953, 49.664753], [6.283918, 49.664745], [6.283884, 49.66475], [6.283861, 49.664757], [6.283804, 49.664783], [6.283777, 49.664776], [6.283758, 49.664776], [6.283735, 49.664787], [6.283728, 49.6648], [6.283728, 49.664818], [6.283705, 49.664814], [6.283701, 49.6648], [6.28369, 49.664787], [6.283667, 49.664783], [6.28364, 49.664795], [6.283621, 49.664818], [6.283617, 49.66484], [6.283613, 49.664875], [6.283606, 49.66489], [6.283587, 49.664906], [6.28359, 49.66492], [6.283609, 49.664936], [6.283602, 49.664948], [6.28359, 49.66495], [6.283567, 49.664948], [6.283548, 49.664936], [6.283537, 49.664894], [6.283525, 49.66488], [6.283506, 49.66487], [6.28348, 49.66487], [6.283461, 49.664883], [6.283445, 49.664944], [6.283449, 49.66497], [6.283438, 49.66499], [6.283411, 49.665005], [6.283388, 49.66501], [6.283365, 49.665012], [6.283354, 49.665005], [6.283331, 49.664963], [6.283331, 49.664944], [6.283327, 49.664932], [6.283312, 49.664925], [6.283281, 49.664925], [6.28327, 49.664932], [6.283243, 49.66498], [6.283232, 49.66499], [6.283216, 49.664986], [6.283201, 49.664974], [6.283201, 49.66496], [6.283197, 49.664944], [6.283182, 49.66494], [6.283159, 49.66494], [6.283098, 49.664948], [6.283064, 49.66495], [6.283045, 49.66495], [6.283026, 49.66494], [6.282953, 49.66492], [6.282927, 49.664917], [6.282908, 49.66492], [6.282888, 49.664936], [6.282869, 49.66495], [6.282846, 49.66495], [6.282831, 49.664948], [6.282824, 49.664936], [6.282827, 49.664917], [6.282839, 49.66488], [6.28282, 49.664875], [6.282805, 49.664886], [6.282759, 49.66491], [6.282732, 49.664917], [6.282698, 49.664917], [6.282663, 49.664913], [6.282641, 49.664906], [6.282625, 49.664894], [6.282618, 49.66486], [6.282602, 49.66485], [6.282579, 49.66484], [6.282545, 49.66484], [6.282515, 49.664845], [6.282499, 49.66484], [6.282484, 49.66483], [6.282492, 49.664787], [6.282488, 49.66477], [6.282473, 49.66476], [6.282453, 49.66476], [6.282434, 49.664764], [6.282427, 49.664783], [6.282404, 49.664795], [6.282381, 49.6648], [6.282362, 49.664795], [6.282324, 49.664772], [6.282293, 49.664757], [6.282247, 49.66475], [6.282221, 49.664745], [6.28219, 49.66473], [6.282171, 49.664726], [6.282148, 49.664734], [6.282133, 49.664745], [6.282133, 49.664783], [6.282103, 49.6648], [6.282083, 49.664795], [6.282064, 49.66478], [6.282045, 49.664772], [6.282034, 49.664783], [6.282023, 49.66479], [6.282003, 49.664795], [6.281984, 49.664787], [6.281973, 49.664776], [6.281969, 49.664757], [6.281942, 49.664745], [6.281916, 49.664745], [6.281828, 49.66478], [6.281813, 49.66478], [6.281801, 49.664764], [6.281786, 49.66476], [6.281767, 49.66476], [6.28174, 49.664772], [6.281736, 49.66481], [6.281702, 49.66482], [6.281679, 49.66482], [6.281645, 49.664814], [6.281614, 49.66481], [6.281584, 49.664814], [6.281553, 49.664825], [6.28153, 49.66483], [6.281508, 49.664825], [6.281466, 49.664814], [6.281439, 49.664814], [6.281424, 49.664825], [6.28137, 49.66483], [6.281347, 49.664837], [6.281336, 49.66485], [6.281332, 49.664864], [6.281321, 49.664864], [6.281298, 49.664867], [6.281279, 49.664864], [6.281271, 49.66485], [6.281263, 49.664795], [6.281252, 49.664772], [6.281237, 49.664757], [6.281202, 49.66474], [6.281156, 49.66473], [6.281118, 49.664734], [6.281088, 49.664745], [6.281069, 49.66476], [6.281057, 49.664783], [6.28105, 49.664795], [6.281031, 49.6648], [6.281019, 49.6648], [6.281008, 49.66479], [6.281008, 49.664764], [6.280996, 49.664757], [6.280977, 49.664757], [6.280939, 49.66477], [6.28092, 49.664772], [6.280901, 49.664776], [6.280886, 49.66477], [6.280882, 49.664757], [6.280882, 49.664703], [6.280874, 49.664692], [6.280848, 49.66468], [6.280829, 49.664677], [6.280806, 49.664684], [6.28079, 49.6647], [6.280752, 49.66477], [6.280741, 49.664776], [6.280729, 49.66478], [6.28071, 49.664772], [6.280699, 49.66475], [6.280691, 49.664738], [6.280672, 49.664726], [6.280638, 49.66472], [6.280615, 49.664715], [6.280588, 49.664703], [6.280565, 49.6647], [6.280477, 49.664707], [6.280447, 49.664707], [6.28042, 49.6647], [6.280409, 49.664692], [6.280401, 49.66468], [6.280413, 49.664665], [6.280447, 49.664646], [6.280458, 49.66463], [6.280405, 49.664616], [6.28039, 49.6646], [6.280374, 49.664593], [6.280352, 49.66459], [6.28034, 49.6646], [6.28034, 49.664616], [6.280336, 49.664635], [6.280321, 49.66464], [6.280302, 49.66463], [6.280271, 49.664608], [6.280249, 49.664597], [6.280191, 49.66459], [6.280165, 49.664593], [6.280146, 49.664604], [6.280138, 49.664616], [6.280138, 49.664635], [6.280119, 49.664646], [6.2801, 49.664642], [6.280073, 49.66463], [6.28005, 49.66461], [6.280039, 49.664604], [6.280016, 49.6646], [6.279997, 49.664604], [6.279985, 49.664616], [6.279978, 49.66463], [6.279962, 49.66464], [6.27994, 49.664642], [6.279921, 49.664635], [6.279882, 49.66461], [6.279863, 49.664604], [6.27984, 49.664608], [6.279779, 49.664627], [6.279764, 49.66464], [6.279722, 49.664715], [6.279451, 49.665215], [6.279142, 49.66578], [6.278959, 49.666107], [6.27881, 49.666378], [6.278437, 49.667015], [6.278158, 49.66747], [6.277651, 49.668427], [6.277403, 49.668888], [6.277334, 49.669014], [6.277372, 49.669014], [6.277391, 49.669018], [6.277414, 49.66902], [6.277433, 49.66903], [6.27746, 49.66904], [6.277479, 49.669044], [6.277525, 49.669044], [6.277556, 49.66904], [6.277582, 49.669025], [6.277601, 49.669006], [6.277624, 49.669], [6.277647, 49.669003], [6.277662, 49.66901], [6.277659, 49.669025], [6.277655, 49.66905], [6.27767, 49.669056], [6.277697, 49.669056], [6.277723, 49.66906], [6.277735, 49.669067], [6.277758, 49.669083], [6.277773, 49.669106], [6.27778, 49.669132], [6.277792, 49.669144], [6.277811, 49.669147], [6.277838, 49.669147], [6.277861, 49.669136], [6.27788, 49.66911], [6.277891, 49.6691], [6.27791, 49.669094], [6.277929, 49.669098], [6.277945, 49.669106], [6.277964, 49.669132], [6.277986, 49.669144], [6.278006, 49.669144], [6.278028, 49.66914], [6.278051, 49.66912], [6.27807, 49.669117], [6.278105, 49.669117], [6.278128, 49.66913], [6.278147, 49.669132], [6.278173, 49.669132], [6.2782, 49.669125], [6.278219, 49.66913], [6.278231, 49.66914], [6.278246, 49.669144], [6.278261, 49.66914], [6.278307, 49.669125], [6.278326, 49.66912], [6.278345, 49.669125], [6.27836, 49.669136], [6.27836, 49.66917], [6.278368, 49.669186], [6.278383, 49.66919], [6.278406, 49.669197], [6.278433, 49.66919], [6.27846, 49.669186], [6.278509, 49.66915], [6.278524, 49.669144], [6.278547, 49.66915], [6.278547, 49.66918], [6.278551, 49.669197], [6.278547, 49.66921], [6.278547, 49.66922], [6.278555, 49.66923], [6.278566, 49.66924], [6.278582, 49.669243], [6.278635, 49.669243], [6.278711, 49.670105], [6.278727, 49.67029], [6.278772, 49.670803], [6.278837, 49.6713], [6.278883, 49.671684], [6.27886, 49.67186], [6.278795, 49.672268], [6.278772, 49.672386], [6.278715, 49.67262], [6.278681, 49.672737], [6.278665, 49.672836], [6.278635, 49.672947], [6.278524, 49.67329], [6.278509, 49.673336], [6.278479, 49.673462], [6.278463, 49.673542], [6.27846, 49.673576], [6.278437, 49.67424], [6.278425, 49.674515], [6.278437, 49.674747], [6.278444, 49.67492], [6.278448, 49.675076], [6.278456, 49.67556], [6.278467, 49.67581], [6.278463, 49.67591], [6.278452, 49.67601], [6.278391, 49.67623], [6.278273, 49.67668], [6.278219, 49.676907], [6.278162, 49.67714], [6.278101, 49.677376], [6.278048, 49.677593], [6.278009, 49.677757], [6.277933, 49.6779], [6.277376, 49.67759], [6.277121, 49.677452], [6.276556, 49.677254], [6.276426, 49.677197], [6.276342, 49.677162], [6.276144, 49.677067], [6.275869, 49.676933], [6.275545, 49.676765], [6.275389, 49.67668], [6.275038, 49.676502], [6.274672, 49.676315], [6.274103, 49.676], [6.274305, 49.675583], [6.273642, 49.675434], [6.273645, 49.67542], [6.273169, 49.675278], [6.272482, 49.67507], [6.272417, 49.675053], [6.272097, 49.67553], [6.272009, 49.675648], [6.271868, 49.67585], [6.271856, 49.675865], [6.271707, 49.676083], [6.271578, 49.676292], [6.271483, 49.676468], [6.271387, 49.676632], [6.271208, 49.676964], [6.271341, 49.677124], [6.27117, 49.67723], [6.27075, 49.6775], [6.270353, 49.677727], [6.270025, 49.677902], [6.269865, 49.677685], [6.269705, 49.677464], [6.269598, 49.67731], [6.269438, 49.67709], [6.269094, 49.676598], [6.269026, 49.67651], [6.268805, 49.67623], [6.26874, 49.676147], [6.268705, 49.676105], [6.268553, 49.676258], [6.268412, 49.67643], [6.268377, 49.67649], [6.268362, 49.67652], [6.268351, 49.67657], [6.268339, 49.676647], [6.26832, 49.67681], [6.268305, 49.676895], [6.26829, 49.676964], [6.268206, 49.677193], [6.268129, 49.67739], [6.268068, 49.677536], [6.268011, 49.677647], [6.267988, 49.677685], [6.267805, 49.67791], [6.267778, 49.677948], [6.267763, 49.678017], [6.267767, 49.67824], [6.267759, 49.678616], [6.267748, 49.678917], [6.267733, 49.679024], [6.267691, 49.679207], [6.267633, 49.67941], [6.267561, 49.679676], [6.267519, 49.679817], [6.267485, 49.67996], [6.267466, 49.6801], [6.267447, 49.6803], [6.267416, 49.680634], [6.267416, 49.680717], [6.267408, 49.68091], [6.267401, 49.68098], [6.267389, 49.68101], [6.267332, 49.68106], [6.267233, 49.681133], [6.266939, 49.68134], [6.266596, 49.681587], [6.266417, 49.681725], [6.266184, 49.68192], [6.265955, 49.682133], [6.265886, 49.682213], [6.265703, 49.682438], [6.265406, 49.6828], [6.265188, 49.683064], [6.264997, 49.68327], [6.264795, 49.68349], [6.26454, 49.683765], [6.26446, 49.683838], [6.264307, 49.683937], [6.264177, 49.68402], [6.264082, 49.684067], [6.26401, 49.68409], [6.263956, 49.6841], [6.263899, 49.68411], [6.263834, 49.68412], [6.263838, 49.684147], [6.263865, 49.68439], [6.263708, 49.684383], [6.263285, 49.684345], [6.263174, 49.684326], [6.262991, 49.68428], [6.262716, 49.68422], [6.262178, 49.684097], [6.261889, 49.6842], [6.26156, 49.684307], [6.261332, 49.684383], [6.261145, 49.68445], [6.261126, 49.684464], [6.261038, 49.68454], [6.260965, 49.684605], [6.260885, 49.684673], [6.260805, 49.684742], [6.259985, 49.684944], [6.259489, 49.685318], [6.259298, 49.685455], [6.259134, 49.68556], [6.259001, 49.685642], [6.258856, 49.685726], [6.25878, 49.685772], [6.258654, 49.68583], [6.258478, 49.685898], [6.25828, 49.685963], [6.258085, 49.68603], [6.257982, 49.68607], [6.257902, 49.686092], [6.257856, 49.686108], [6.257544, 49.686287], [6.257219, 49.685936], [6.257124, 49.68584], [6.257036, 49.685753], [6.256998, 49.68571], [6.256937, 49.685654], [6.256872, 49.685608], [6.256811, 49.68557], [6.256708, 49.685513], [6.256525, 49.685432], [6.25635, 49.685375], [6.256044, 49.685272], [6.255537, 49.685535], [6.25503, 49.68536], [6.254656, 49.685234], [6.254431, 49.685165], [6.25395, 49.685047], [6.25358, 49.68495], [6.253401, 49.684902], [6.25329, 49.684868], [6.253038, 49.685123], [6.252962, 49.685123], [6.252878, 49.685127], [6.252783, 49.685127], [6.252749, 49.685104], [6.252268, 49.684757], [6.252218, 49.684723], [6.252165, 49.68469], [6.252047, 49.68469], [6.251711, 49.6847], [6.251478, 49.684704], [6.251203, 49.684708], [6.251036, 49.684715], [6.250826, 49.684723], [6.250421, 49.68473], [6.250082, 49.68469], [6.249903, 49.684654], [6.249548, 49.684624], [6.249517, 49.68462], [6.249445, 49.684616], [6.249441, 49.684673], [6.249437, 49.68478], [6.249407, 49.684902], [6.249357, 49.685036], [6.249258, 49.685207], [6.249201, 49.685287], [6.249124, 49.68538], [6.249041, 49.685455], [6.24888, 49.685604], [6.248705, 49.68576], [6.248453, 49.685593], [6.248423, 49.685585], [6.247938, 49.68542], [6.247892, 49.68541], [6.24785, 49.685394], [6.24769, 49.685356], [6.247534, 49.685314], [6.247465, 49.6853], [6.247408, 49.685284], [6.247278, 49.68526], [6.247148, 49.68524], [6.246817, 49.685184], [6.245874, 49.685055], [6.245604, 49.68501], [6.245298, 49.684944], [6.244703, 49.684807], [6.244635, 49.68479], [6.244371, 49.68473], [6.2437, 49.68457], [6.242811, 49.684357], [6.242556, 49.6843], [6.242342, 49.68425], [6.241621, 49.68408], [6.241137, 49.683964], [6.241198, 49.684067], [6.241198, 49.68418], [6.241163, 49.684174], [6.239988, 49.683933], [6.239485, 49.683823], [6.239077, 49.683716], [6.238832, 49.683655], [6.238634, 49.683598], [6.238485, 49.68355], [6.238317, 49.683506], [6.238169, 49.68347], [6.237825, 49.68341], [6.237715, 49.683395], [6.237471, 49.683384], [6.237299, 49.683384], [6.237158, 49.683388], [6.23707, 49.683395], [6.236643, 49.68347], [6.236219, 49.683567], [6.235842, 49.68365], [6.235453, 49.68372], [6.235361, 49.683838], [6.235258, 49.683968], [6.23501, 49.684284], [6.234316, 49.685177], [6.234274, 49.685238], [6.234022, 49.685234], [6.233728, 49.68522], [6.233492, 49.685207], [6.233267, 49.685184], [6.233038, 49.685158], [6.232817, 49.685123], [6.232538, 49.685062], [6.232348, 49.685017], [6.231985, 49.684925], [6.231806, 49.684868], [6.231752, 49.68485], [6.23176, 49.684868], [6.2316, 49.684883], [6.231276, 49.684933], [6.231184, 49.684944], [6.231008, 49.684967], [6.230902, 49.684982], [6.230719, 49.685005], [6.230631, 49.685017], [6.230448, 49.68504], [6.230257, 49.685062], [6.229868, 49.685097], [6.229334, 49.685143], [6.229151, 49.685158], [6.228575, 49.6852], [6.22846, 49.685207], [6.228304, 49.68522], [6.227778, 49.68525], [6.227739, 49.68525], [6.227419, 49.685154], [6.22735, 49.68516], [6.227018, 49.6852], [6.226786, 49.685253], [6.226633, 49.68526], [6.226442, 49.68525], [6.226271, 49.68523], [6.226007, 49.685192], [6.225969, 49.685184], [6.225729, 49.68514], [6.225634, 49.685116], [6.225382, 49.685055], [6.225287, 49.685024], [6.2251, 49.68484], [6.22492, 49.684624], [6.224749, 49.684353], [6.22468, 49.68421], [6.224646, 49.68415], [6.22455, 49.683964], [6.224298, 49.68343], [6.224245, 49.683434], [6.224184, 49.68344], [6.224123, 49.68345], [6.22407, 49.683456], [6.223925, 49.68347], [6.223867, 49.68348], [6.223574, 49.683514], [6.223539, 49.683807], [6.223825, 49.684387], [6.223337, 49.684467], [6.223005, 49.684517], [6.222967, 49.684525], [6.223104, 49.684914], [6.223345, 49.685574], [6.222662, 49.68551], [6.222437, 49.685486], [6.222238, 49.685463], [6.220949, 49.685307], [6.22035, 49.685234], [6.219847, 49.685192], [6.219568, 49.685173], [6.219076, 49.685146], [6.218954, 49.685143], [6.218561, 49.68513], [6.218142, 49.685112], [6.21784, 49.685085], [6.217558, 49.685043], [6.217283, 49.684986], [6.217161, 49.684975], [6.216227, 49.6849], [6.215456, 49.68483], [6.215288, 49.684814], [6.214952, 49.684784], [6.214853, 49.684902], [6.214723, 49.684896], [6.214773, 49.684998], [6.21475, 49.685024], [6.214483, 49.685364], [6.214201, 49.685722], [6.214289, 49.686012], [6.214373, 49.6863], [6.214434, 49.686493], [6.214479, 49.686623], [6.214251, 49.687076], [6.214008, 49.687486], [6.213763, 49.687644], [6.213388, 49.688015], [6.213316, 49.688118], [6.213179, 49.688316], [6.213099, 49.688435], [6.212992, 49.688496], [6.212873, 49.688689], [6.212393, 49.688835], [6.212015, 49.68906], [6.211725, 49.689026], [6.211058, 49.688953], [6.210497, 49.688885], [6.210329, 49.688866], [6.209234, 49.688732], [6.207739, 49.68855], [6.207601, 49.688534], [6.206751, 49.68843], [6.205893, 49.68832], [6.20471, 49.68816], [6.204382, 49.688118], [6.204328, 49.688114], [6.203524, 49.688156], [6.2031, 49.688175], [6.202089, 49.688225], [6.201296, 49.688263], [6.201185, 49.688267], [6.200884, 49.68828], [6.20035, 49.688297], [6.20019, 49.688305], [6.199999, 49.688305], [6.199133, 49.688293], [6.198149, 49.688274], [6.197741, 49.688263], [6.197378, 49.688175], [6.196276, 49.68791], [6.196283, 49.68789], [6.196348, 49.68765], [6.196466, 49.687202], [6.196573, 49.68682], [6.196692, 49.68637], [6.197023, 49.6862], [6.19808, 49.685673], [6.198603, 49.684753], [6.197668, 49.684357], [6.19731, 49.68421], [6.196341, 49.68381], [6.195375, 49.683403], [6.194658, 49.68311], [6.19372, 49.68271], [6.193396, 49.682888], [6.193296, 49.682945], [6.193159, 49.683018], [6.193003, 49.683098], [6.192812, 49.683193], [6.192694, 49.683243], [6.192621, 49.683273], [6.192541, 49.683315], [6.192457, 49.68336], [6.191931, 49.683598], [6.191355, 49.683865], [6.190851, 49.6841], [6.190565, 49.684235], [6.190229, 49.684258], [6.189997, 49.684273], [6.189444, 49.684322], [6.188745, 49.68438], [6.188536, 49.6844], [6.188253, 49.684418], [6.188021, 49.684437], [6.187765, 49.68446], [6.187765, 49.684486], [6.18619, 49.68447], [6.185053, 49.684464], [6.183924, 49.684418], [6.182913, 49.684387], [6.18252, 49.684383], [6.18199, 49.6844], [6.181467, 49.68439], [6.181051, 49.684376], [6.180986, 49.684254], [6.180895, 49.684265], [6.180819, 49.684177], [6.180593, 49.683937], [6.180334, 49.683662], [6.179709, 49.683613], [6.179686, 49.683613], [6.179705, 49.683697], [6.179712, 49.683884], [6.179693, 49.683933], [6.179689, 49.683968], [6.179693, 49.684], [6.179709, 49.684025], [6.179735, 49.684055], [6.17975, 49.68409], [6.179754, 49.68413], [6.179754, 49.684162], [6.179766, 49.68419], [6.179777, 49.684208], [6.179796, 49.684227], [6.179827, 49.684246], [6.179869, 49.684254], [6.179914, 49.684277], [6.179945, 49.684303], [6.17996, 49.68434], [6.179964, 49.684364], [6.179953, 49.684395], [6.179933, 49.68441], [6.179888, 49.68443], [6.179853, 49.68445], [6.179827, 49.684475], [6.179808, 49.684517], [6.179617, 49.68452], [6.17943, 49.684532], [6.179323, 49.684555], [6.179163, 49.68461], [6.179049, 49.684654], [6.17898, 49.684708], [6.178965, 49.684723], [6.178987, 49.684765], [6.179136, 49.685074], [6.179602, 49.68599], [6.179754, 49.6863], [6.179831, 49.686447], [6.179869, 49.686523], [6.179827, 49.686528], [6.179674, 49.686546], [6.179602, 49.686554], [6.179483, 49.68657], [6.179399, 49.68658], [6.179281, 49.686596], [6.179171, 49.68661], [6.179068, 49.686626], [6.178835, 49.686665], [6.17877, 49.686672], [6.178652, 49.68669], [6.178553, 49.686707], [6.178476, 49.686714], [6.178389, 49.68672], [6.178236, 49.686733], [6.178114, 49.686733], [6.177992, 49.686737], [6.177694, 49.686745], [6.177336, 49.68675], [6.177027, 49.686756], [6.176718, 49.686764], [6.176619, 49.686764], [6.176401, 49.686775], [6.176222, 49.686787], [6.17605, 49.686802], [6.175863, 49.68682], [6.175673, 49.686844], [6.175592, 49.68685], [6.175634, 49.68678], [6.175684, 49.68669], [6.175253, 49.68669], [6.174932, 49.686687], [6.174734, 49.686565], [6.174433, 49.686375], [6.174105, 49.68617], [6.174036, 49.686123], [6.173769, 49.685947], [6.173662, 49.685886], [6.173605, 49.685852], [6.173563, 49.685825], [6.173494, 49.685772], [6.173414, 49.6857], [6.173368, 49.685654], [6.17322, 49.685535], [6.173017, 49.68556], [6.172674, 49.685596], [6.17227, 49.68565], [6.171514, 49.68574], [6.170626, 49.685852], [6.17013, 49.685913], [6.169664, 49.685974], [6.169298, 49.68602], [6.169081, 49.685963], [6.169031, 49.68595], [6.168737, 49.68613], [6.168096, 49.686455], [6.167818, 49.686592], [6.167501, 49.68672], [6.166998, 49.686916]]]]}}]}