{"type": "FeatureCollection", "features": [{"type": "Feature", "properties": {"name": "Canton Mersch"}, "geometry": {"type": "MultiPolygon", "coordinates": [[[[5.985933, 49.74861], [5.986486, 49.748943], [5.986815, 49.749123], [5.987017, 49.74922], [5.987028, 49.74923], [5.987421, 49.74937], [5.987665, 49.749447], [5.988401, 49.749645], [5.989057, 49.749794], [5.98916, 49.749817], [5.989069, 49.749958], [5.988985, 49.75008], [5.988932, 49.75019], [5.988886, 49.750275], [5.989412, 49.75033], [5.989244, 49.750824], [5.989164, 49.751057], [5.989073, 49.75136], [5.988913, 49.751762], [5.988867, 49.751804], [5.988691, 49.751938], [5.988375, 49.752174], [5.989004, 49.752472], [5.988993, 49.75264], [5.98897, 49.7528], [5.988974, 49.75296], [5.988996, 49.753117], [5.989023, 49.753235], [5.989054, 49.75333], [5.989065, 49.75336], [5.989088, 49.75341], [5.989134, 49.75348], [5.989233, 49.7536], [5.989687, 49.754017], [5.989042, 49.75414], [5.988954, 49.754158], [5.987955, 49.75435], [5.987966, 49.754627], [5.988077, 49.754684], [5.988428, 49.75472], [5.988779, 49.754772], [5.989206, 49.754845], [5.989592, 49.754917], [5.989744, 49.754948], [5.989809, 49.75498], [5.990225, 49.755295], [5.990591, 49.75558], [5.990828, 49.75573], [5.991125, 49.7559], [5.991472, 49.756096], [5.991968, 49.756348], [5.992521, 49.75662], [5.99283, 49.75677], [5.992983, 49.756878], [5.993082, 49.75697], [5.993174, 49.75711], [5.993334, 49.757362], [5.993483, 49.757614], [5.993551, 49.75774], [5.993586, 49.757915], [5.993578, 49.758125], [5.993593, 49.758183], [5.99365, 49.758236], [5.994394, 49.758728], [5.995462, 49.759407], [5.996111, 49.759804], [5.996164, 49.759842], [5.996088, 49.759865], [5.995863, 49.76011], [5.995733, 49.760246], [5.995462, 49.760536], [5.995794, 49.76071], [5.996, 49.760803], [5.996504, 49.760983], [5.996897, 49.7611], [5.997385, 49.761242], [5.997995, 49.761417], [5.998091, 49.761448], [5.998659, 49.761612], [5.999227, 49.761765], [5.999308, 49.761784], [5.999815, 49.76189], [5.999109, 49.763298], [5.998678, 49.764244], [5.99864, 49.76433], [5.998613, 49.764378], [5.998503, 49.76439], [5.998289, 49.764412], [5.998114, 49.764435], [5.998014, 49.76459], [5.997923, 49.764755], [5.997728, 49.765152], [5.997652, 49.765316], [5.997564, 49.765526], [5.997515, 49.765663], [5.99737, 49.766155], [5.997312, 49.76639], [5.997175, 49.76701], [5.99711, 49.767292], [5.996984, 49.767715], [5.996908, 49.767937], [5.996885, 49.76801], [5.996836, 49.768192], [5.996836, 49.768234], [5.996855, 49.768272], [5.996874, 49.768295], [5.996927, 49.768337], [5.997042, 49.768406], [5.997225, 49.768486], [5.997316, 49.768528], [5.997213, 49.76861], [5.997045, 49.768738], [5.996881, 49.768867], [5.996859, 49.768887], [5.996916, 49.768925], [5.997175, 49.769127], [5.997004, 49.7693], [5.996084, 49.77025], [5.996016, 49.770317], [5.99645, 49.770275], [5.996664, 49.770256], [5.996828, 49.770267], [5.996969, 49.770294], [5.99711, 49.77037], [5.99729, 49.770527], [5.997423, 49.770634], [5.997446, 49.770714], [5.997461, 49.77095], [5.99748, 49.7711], [5.997534, 49.771286], [5.997663, 49.771503], [5.997835, 49.77173], [5.997919, 49.771793], [5.998014, 49.771835], [5.99811, 49.77186], [5.998213, 49.771828], [5.998495, 49.771687], [5.998617, 49.771633], [5.998758, 49.77161], [5.9989, 49.771626], [5.999064, 49.771667], [5.999136, 49.771717], [5.999186, 49.771797], [5.999224, 49.771828], [5.999342, 49.771862], [5.999502, 49.77192], [5.99967, 49.772003], [5.999723, 49.77205], [5.999769, 49.77213], [5.999796, 49.77224], [5.999849, 49.772346], [6.000013, 49.772446], [6.000193, 49.7725], [6.000311, 49.772503], [6.000475, 49.772488], [6.00062, 49.77249], [6.000677, 49.7725], [6.000784, 49.77253], [6.001032, 49.772617], [6.001307, 49.77271], [6.001585, 49.772736], [6.001844, 49.772766], [6.002066, 49.77281], [6.002245, 49.772873], [6.002386, 49.772957], [6.002501, 49.773003], [6.002577, 49.77302], [6.002668, 49.77303], [6.002752, 49.77302], [6.002775, 49.77305], [6.002829, 49.773064], [6.002947, 49.773205], [6.003088, 49.773384], [6.002794, 49.773476], [6.00239, 49.77359], [6.002062, 49.773666], [6.001391, 49.773785], [6.001493, 49.77404], [6.001581, 49.774254], [6.001619, 49.774353], [6.001654, 49.774433], [6.001589, 49.774437], [6.001585, 49.774464], [6.000006, 49.774445], [6.000006, 49.774487], [5.999975, 49.774864], [5.999952, 49.775127], [5.999212, 49.775078], [5.998964, 49.775063], [5.998743, 49.775047], [5.998873, 49.77516], [5.999289, 49.775524], [5.999613, 49.77581], [5.999807, 49.775986], [6.000074, 49.776226], [6.000387, 49.776424], [6.000822, 49.776703], [6.000734, 49.77716], [6.000608, 49.77744], [6.00041, 49.777924], [6.000349, 49.77816], [6.000345, 49.778297], [6.000299, 49.778423], [6.000193, 49.77854], [5.999716, 49.778942], [5.99954, 49.779125], [5.999403, 49.779266], [5.999144, 49.779545], [5.999132, 49.779556], [5.999079, 49.779613], [5.999029, 49.779663], [5.99917, 49.77972], [5.999243, 49.77975], [5.999277, 49.779766], [5.999258, 49.779785], [5.998636, 49.780365], [5.998255, 49.78069], [5.998503, 49.78081], [5.998781, 49.78095], [5.999048, 49.781082], [5.999067, 49.781094], [5.998442, 49.78145], [5.997969, 49.781715], [5.997694, 49.78187], [5.997721, 49.78189], [5.997915, 49.782017], [5.998068, 49.782112], [5.998293, 49.782257], [5.998587, 49.782448], [5.999006, 49.78271], [5.99851, 49.783573], [5.998865, 49.78373], [5.998907, 49.78375], [5.99925, 49.7839], [5.999521, 49.78402], [5.999613, 49.784065], [5.999784, 49.784164], [5.999941, 49.78426], [6.00057, 49.78465], [6.00107, 49.78495], [6.00152, 49.785225], [6.001791, 49.78539], [6.001825, 49.785408], [6.001585, 49.78572], [6.001436, 49.785942], [6.001486, 49.785965], [6.002134, 49.786213], [6.002531, 49.78636], [6.003138, 49.7866], [6.004, 49.786808], [6.005217, 49.787086], [6.005358, 49.78712], [6.005613, 49.787186], [6.005674, 49.7872], [6.005949, 49.78727], [6.006025, 49.787285], [6.006395, 49.78738], [6.006445, 49.78739], [6.007448, 49.78731], [6.007563, 49.787304], [6.007677, 49.787296], [6.00773, 49.78727], [6.007765, 49.78725], [6.00794, 49.787163], [6.008024, 49.78713], [6.008104, 49.7871], [6.008154, 49.78709], [6.008444, 49.78705], [6.008589, 49.787025], [6.008711, 49.786995], [6.008955, 49.786922], [6.009138, 49.786877], [6.009279, 49.78685], [6.009638, 49.786804], [6.009878, 49.786777], [6.01008, 49.786774], [6.010279, 49.78678], [6.01037, 49.78679], [6.010481, 49.78681], [6.010965, 49.786736], [6.011076, 49.786793], [6.011141, 49.786835], [6.01148, 49.786858], [6.011686, 49.78687], [6.011824, 49.78688], [6.012056, 49.786907], [6.012304, 49.786926], [6.012739, 49.786987], [6.012835, 49.786995], [6.012968, 49.786995], [6.013143, 49.786983], [6.013262, 49.78697], [6.013536, 49.786926], [6.013594, 49.78696], [6.013609, 49.78697], [6.013605, 49.786983], [6.013605, 49.787003], [6.013598, 49.787037], [6.013586, 49.78706], [6.013563, 49.787075], [6.01354, 49.78708], [6.013517, 49.78708], [6.013483, 49.787075], [6.01346, 49.787075], [6.013433, 49.78708], [6.013407, 49.78709], [6.013376, 49.78711], [6.013334, 49.78713], [6.013311, 49.78714], [6.0133, 49.787148], [6.013281, 49.787163], [6.013201, 49.78727], [6.01317, 49.787308], [6.013159, 49.78733], [6.013151, 49.78736], [6.013155, 49.78738], [6.013159, 49.787445], [6.013159, 49.787476], [6.013151, 49.787502], [6.01314, 49.78753], [6.013117, 49.787598], [6.013124, 49.78762], [6.013155, 49.787655], [6.013201, 49.78768], [6.01325, 49.787724], [6.013258, 49.787766], [6.013262, 49.787827], [6.013266, 49.787914], [6.013262, 49.78798], [6.013285, 49.787983], [6.013567, 49.787983], [6.013578, 49.78816], [6.013582, 49.788334], [6.013582, 49.78851], [6.013575, 49.788696], [6.01354, 49.788868], [6.013502, 49.788994], [6.013445, 49.789154], [6.013304, 49.789417], [6.01314, 49.789627], [6.013029, 49.789753], [6.012609, 49.79024], [6.013239, 49.79047], [6.013994, 49.790752], [6.01454, 49.79095], [6.014536, 49.79114], [6.014536, 49.7913], [6.014532, 49.791435], [6.014689, 49.791668], [6.014811, 49.791843], [6.014864, 49.791924], [6.01515, 49.79235], [6.015234, 49.79248], [6.015337, 49.792664], [6.015467, 49.79308], [6.015535, 49.793365], [6.015593, 49.793625], [6.015589, 49.793743], [6.015551, 49.794083], [6.015543, 49.794132], [6.015448, 49.794636], [6.01536, 49.79499], [6.015345, 49.79505], [6.015268, 49.7953], [6.015257, 49.79533], [6.015226, 49.79544], [6.015345, 49.795475], [6.015425, 49.795498], [6.015501, 49.79551], [6.015631, 49.795525], [6.01568, 49.795532], [6.015791, 49.795563], [6.015886, 49.795586], [6.015917, 49.795597], [6.015986, 49.79563], [6.016096, 49.79566], [6.016153, 49.79568], [6.016253, 49.795734], [6.016317, 49.795757], [6.01642, 49.795776], [6.016546, 49.7958], [6.016687, 49.795807], [6.016768, 49.79582], [6.016981, 49.79585], [6.017279, 49.795925], [6.017504, 49.795956], [6.017588, 49.795967], [6.017668, 49.795986], [6.017775, 49.796013], [6.017851, 49.796024], [6.0179, 49.796036], [6.018026, 49.79607], [6.018099, 49.79608], [6.018171, 49.796093], [6.018232, 49.796112], [6.018286, 49.79613], [6.018347, 49.79614], [6.0184, 49.79615], [6.018446, 49.79616], [6.018545, 49.796192], [6.018614, 49.796207], [6.018686, 49.79621], [6.018744, 49.79622], [6.018843, 49.79624], [6.018988, 49.796265], [6.019083, 49.796288], [6.019186, 49.796314], [6.019323, 49.796356], [6.019606, 49.79644], [6.019671, 49.796467], [6.019705, 49.796486], [6.019781, 49.796513], [6.019873, 49.796535], [6.020021, 49.796577], [6.020136, 49.79662], [6.020239, 49.796665], [6.020285, 49.796688], [6.020323, 49.796703], [6.020361, 49.79671], [6.020449, 49.796734], [6.020502, 49.796745], [6.020563, 49.796764], [6.020632, 49.79679], [6.0207, 49.796818], [6.020578, 49.796967], [6.020361, 49.797207], [6.019941, 49.797653], [6.01972, 49.797897], [6.019503, 49.798466], [6.019983, 49.798576], [6.020414, 49.79867], [6.021028, 49.79883], [6.02112, 49.798855], [6.021315, 49.7989], [6.021761, 49.799015], [6.021917, 49.79905], [6.022333, 49.799168], [6.022661, 49.79927], [6.022844, 49.799328], [6.023371, 49.79949], [6.023828, 49.799606], [6.024126, 49.79968], [6.024286, 49.799713], [6.024569, 49.799778], [6.024988, 49.799877], [6.025476, 49.800003], [6.025526, 49.80002], [6.025847, 49.799934], [6.025854, 49.79996], [6.025915, 49.800156], [6.026339, 49.800446], [6.026354, 49.800453], [6.026396, 49.80048], [6.026575, 49.800446], [6.026625, 49.800488], [6.026636, 49.800495], [6.026716, 49.800507], [6.026819, 49.80055], [6.027002, 49.800507], [6.027082, 49.800533], [6.027124, 49.800545], [6.02717, 49.80055], [6.027204, 49.80055], [6.02725, 49.800556], [6.027277, 49.80056], [6.027304, 49.80057], [6.02733, 49.800583], [6.027357, 49.800594], [6.027391, 49.8006], [6.027437, 49.8006], [6.027494, 49.800602], [6.02759, 49.80061], [6.02767, 49.800625], [6.027777, 49.800636], [6.027983, 49.800674], [6.028017, 49.80068], [6.028063, 49.800674], [6.028143, 49.800674], [6.028208, 49.800682], [6.028284, 49.8007], [6.028376, 49.80072], [6.028452, 49.80074], [6.02849, 49.800747], [6.02854, 49.800747], [6.028597, 49.80076], [6.02865, 49.80077], [6.028677, 49.80078], [6.028708, 49.80079], [6.028746, 49.800793], [6.028795, 49.800877], [6.029108, 49.80128], [6.029844, 49.801582], [6.030188, 49.80172], [6.030336, 49.801773], [6.030691, 49.801895], [6.030989, 49.802002], [6.031107, 49.80204], [6.031282, 49.802105], [6.03171, 49.802258], [6.031828, 49.80229], [6.031969, 49.80234], [6.032457, 49.80249], [6.032549, 49.802517], [6.032801, 49.802597], [6.033045, 49.802685], [6.033304, 49.80279], [6.033457, 49.802864], [6.033716, 49.802994], [6.034594, 49.803284], [6.035063, 49.80344], [6.035105, 49.80344], [6.035933, 49.803513], [6.036806, 49.803585], [6.037382, 49.803635], [6.037542, 49.803654], [6.038168, 49.803722], [6.038572, 49.80377], [6.037905, 49.80416], [6.037893, 49.80417], [6.037062, 49.804676], [6.036917, 49.804756], [6.036901, 49.804768], [6.036741, 49.80484], [6.035837, 49.805264], [6.035582, 49.80538], [6.034731, 49.805782], [6.034479, 49.8059], [6.034143, 49.806053], [6.033567, 49.806324], [6.033247, 49.80647], [6.033125, 49.806522], [6.032469, 49.80682], [6.031664, 49.8072], [6.031568, 49.80724], [6.031447, 49.8073], [6.031393, 49.807327], [6.031069, 49.807484], [6.030996, 49.807514], [6.030603, 49.807697], [6.030508, 49.807774], [6.030436, 49.807835], [6.030138, 49.808067], [6.030008, 49.808167], [6.029947, 49.808197], [6.030592, 49.80887], [6.030146, 49.809074], [6.030043, 49.80912], [6.029223, 49.809315], [6.028646, 49.80953], [6.028345, 49.80964], [6.02833, 49.809666], [6.028009, 49.810173], [6.027918, 49.810364], [6.028204, 49.81076], [6.02841, 49.811047], [6.028772, 49.811455], [6.028872, 49.81157], [6.028768, 49.811947], [6.028665, 49.812157], [6.028593, 49.81227], [6.028547, 49.812355], [6.028597, 49.8127], [6.028933, 49.81304], [6.029036, 49.813137], [6.029238, 49.813343], [6.029379, 49.813507], [6.029516, 49.81364], [6.029776, 49.81391], [6.030062, 49.81436], [6.030214, 49.814606], [6.030477, 49.815056], [6.030554, 49.815193], [6.030626, 49.815315], [6.030939, 49.815834], [6.031256, 49.816345], [6.031599, 49.816902], [6.031755, 49.817326], [6.031748, 49.81742], [6.031885, 49.818207], [6.031927, 49.818222], [6.031988, 49.81858], [6.032026, 49.81881], [6.032049, 49.818924], [6.032061, 49.818962], [6.03211, 49.819168], [6.032145, 49.81929], [6.032263, 49.81974], [6.032778, 49.82004], [6.033079, 49.820213], [6.033724, 49.820526], [6.03454, 49.82094], [6.034784, 49.8211], [6.035021, 49.821274], [6.035181, 49.82137], [6.035284, 49.821438], [6.03541, 49.821526], [6.03591, 49.821796], [6.036478, 49.82203], [6.036863, 49.82212], [6.037119, 49.822178], [6.037287, 49.82222], [6.037645, 49.822304], [6.038027, 49.822388], [6.038851, 49.822544], [6.038954, 49.822567], [6.039103, 49.822594], [6.040007, 49.822723], [6.040766, 49.822823], [6.040972, 49.823544], [6.040983, 49.823586], [6.04104, 49.823772], [6.041101, 49.823997], [6.041124, 49.824066], [6.041159, 49.824158], [6.040998, 49.8247], [6.040777, 49.825466], [6.04035, 49.82609], [6.041555, 49.826477], [6.041689, 49.826523], [6.041815, 49.82656], [6.041834, 49.82657], [6.041895, 49.826588], [6.043829, 49.826748], [6.045088, 49.8267], [6.045275, 49.826603], [6.046812, 49.825798], [6.047075, 49.825634], [6.047354, 49.825455], [6.047449, 49.82539], [6.048101, 49.82497], [6.048971, 49.824398], [6.049421, 49.824562], [6.049616, 49.824635], [6.0497, 49.824665], [6.050074, 49.824802], [6.050135, 49.82482], [6.050955, 49.825123], [6.051027, 49.82515], [6.051474, 49.82532], [6.051153, 49.825653], [6.051024, 49.825794], [6.05094, 49.825893], [6.050814, 49.826035], [6.050734, 49.82612], [6.050631, 49.826218], [6.050482, 49.826332], [6.050348, 49.82643], [6.050192, 49.826553], [6.050169, 49.826572], [6.050432, 49.826626], [6.050703, 49.82668], [6.050928, 49.826736], [6.051188, 49.826817], [6.051462, 49.826916], [6.05179, 49.82705], [6.052229, 49.827267], [6.052885, 49.827595], [6.053019, 49.827652], [6.053247, 49.82773], [6.053598, 49.82784], [6.054632, 49.828136], [6.055376, 49.828354], [6.055815, 49.828495], [6.056135, 49.828606], [6.056448, 49.82872], [6.056539, 49.828762], [6.056646, 49.828846], [6.056673, 49.828976], [6.057127, 49.829224], [6.057348, 49.829334], [6.058149, 49.82969], [6.058798, 49.829975], [6.059004, 49.83006], [6.059286, 49.83015], [6.059545, 49.830208], [6.059828, 49.830254], [6.060236, 49.830296], [6.061129, 49.83038], [6.061583, 49.830452], [6.061777, 49.830505], [6.061895, 49.830555], [6.061979, 49.830624], [6.062147, 49.830864], [6.06238, 49.8312], [6.063456, 49.832798], [6.063459, 49.832882], [6.064253, 49.834167], [6.064573, 49.834442], [6.064875, 49.83431], [6.064959, 49.834274], [6.065039, 49.834244], [6.065069, 49.834236], [6.065119, 49.834236], [6.06518, 49.834244], [6.065245, 49.834255], [6.065321, 49.834175], [6.065439, 49.834152], [6.065111, 49.833775], [6.064867, 49.833492], [6.064665, 49.83321], [6.064573, 49.83308], [6.064398, 49.832836], [6.064238, 49.832882], [6.064188, 49.832794], [6.064108, 49.83264], [6.064028, 49.83248], [6.063997, 49.83242], [6.063948, 49.83225], [6.063925, 49.832146], [6.063898, 49.832043], [6.063894, 49.832], [6.063891, 49.831944], [6.063887, 49.831814], [6.063879, 49.8316], [6.06391, 49.831226], [6.063932, 49.83097], [6.063932, 49.830956], [6.06394, 49.83093], [6.064016, 49.830936], [6.064062, 49.83091], [6.064371, 49.83036], [6.065939, 49.830204], [6.066145, 49.830196], [6.066301, 49.830193], [6.066324, 49.830193], [6.066374, 49.83019], [6.066904, 49.830177], [6.067091, 49.83017], [6.067881, 49.83016], [6.068663, 49.83012], [6.069429, 49.83008], [6.070311, 49.83004], [6.070391, 49.830036], [6.07107, 49.829994], [6.071119, 49.829994], [6.072069, 49.830013], [6.072496, 49.830006], [6.072405, 49.829758], [6.07329, 49.829525], [6.074076, 49.829315], [6.074568, 49.829556], [6.075048, 49.829453], [6.075064, 49.829197], [6.074743, 49.829], [6.074873, 49.828854], [6.074701, 49.82876], [6.074591, 49.82883], [6.074469, 49.828735], [6.074022, 49.828316], [6.07353, 49.82777], [6.073683, 49.827057], [6.073793, 49.826447], [6.073332, 49.825993], [6.072916, 49.825577], [6.072779, 49.82545], [6.072844, 49.82544], [6.072992, 49.825413], [6.074854, 49.825058], [6.076136, 49.824936], [6.077059, 49.82474], [6.07942, 49.824043], [6.080271, 49.823696], [6.081282, 49.82339], [6.082132, 49.823147], [6.082575, 49.823074], [6.08259, 49.82307], [6.083078, 49.823013], [6.083571, 49.822952], [6.084215, 49.8227], [6.084745, 49.822517], [6.085314, 49.822487], [6.085768, 49.822487], [6.086344, 49.82252], [6.086718, 49.822548], [6.087461, 49.822605], [6.08769, 49.82262], [6.087927, 49.82264], [6.089025, 49.822716], [6.08946, 49.822754], [6.089766, 49.822777], [6.089838, 49.822758], [6.090258, 49.822796], [6.090918, 49.822857], [6.09099, 49.822872], [6.091074, 49.822845], [6.091169, 49.822834], [6.091196, 49.82275], [6.091291, 49.82264], [6.091524, 49.822544], [6.091974, 49.822456], [6.092684, 49.822285], [6.093199, 49.82206], [6.093763, 49.82174], [6.094202, 49.821476], [6.09445, 49.821236], [6.09474, 49.820984], [6.09506, 49.82064], [6.095304, 49.820335], [6.095598, 49.819916], [6.095968, 49.81932], [6.096247, 49.818924], [6.096392, 49.81861], [6.096495, 49.818367], [6.096544, 49.8182], [6.09654, 49.818123], [6.096457, 49.81803], [6.096266, 49.81792], [6.095766, 49.817726], [6.095038, 49.817368], [6.094801, 49.81724], [6.094599, 49.817093], [6.094503, 49.816944], [6.094496, 49.816734], [6.094545, 49.81658], [6.094656, 49.81637], [6.094957, 49.816036], [6.095617, 49.815514], [6.095758, 49.81543], [6.095869, 49.815357], [6.096254, 49.815097], [6.096522, 49.814978], [6.096777, 49.814896], [6.097067, 49.814842], [6.097303, 49.81482], [6.097639, 49.814857], [6.097959, 49.81492], [6.097982, 49.81492], [6.098127, 49.81495], [6.098146, 49.81495], [6.098356, 49.814995], [6.098444, 49.814987], [6.098589, 49.81494], [6.098726, 49.814884], [6.098841, 49.814857], [6.098997, 49.814827], [6.099222, 49.8148], [6.099302, 49.814796], [6.099474, 49.814774], [6.099798, 49.814766], [6.099875, 49.81476], [6.100824, 49.81463], [6.100988, 49.81462], [6.101839, 49.814644], [6.101847, 49.81466], [6.101885, 49.81475], [6.1028, 49.814926], [6.102785, 49.814995], [6.102991, 49.814953], [6.103186, 49.814987], [6.103418, 49.815002], [6.103605, 49.815002], [6.103777, 49.814995], [6.103834, 49.814987], [6.104227, 49.814873], [6.104963, 49.81462], [6.105017, 49.814606], [6.105196, 49.814537], [6.105574, 49.814354], [6.106043, 49.813965], [6.106131, 49.813843], [6.106493, 49.81371], [6.106836, 49.813545], [6.10739, 49.813232], [6.107855, 49.812973], [6.108065, 49.81281], [6.10813, 49.812645], [6.108168, 49.81237], [6.108133, 49.81207], [6.108152, 49.811882], [6.108229, 49.811653], [6.108381, 49.811417], [6.10853, 49.811142], [6.108751, 49.810852], [6.108976, 49.81064], [6.109228, 49.810467], [6.109338, 49.81038], [6.109472, 49.810413], [6.109564, 49.810436], [6.109992, 49.810547], [6.110194, 49.810596], [6.110464, 49.810665], [6.110647, 49.81072], [6.110666, 49.810726], [6.110799, 49.810764], [6.110813, 49.81077], [6.111095, 49.810852], [6.111256, 49.81085], [6.111323, 49.810863], [6.111566, 49.8109], [6.111705, 49.810917], [6.111868, 49.810905], [6.112146, 49.810898], [6.112161, 49.8109], [6.112239, 49.81094], [6.112682, 49.811146], [6.112806, 49.811226], [6.112926, 49.811283], [6.113109, 49.811386], [6.113156, 49.811398], [6.113207, 49.811405], [6.113231, 49.81141], [6.11325, 49.811424], [6.113264, 49.811443], [6.113269, 49.811466], [6.113286, 49.811485], [6.113631, 49.81161], [6.114662, 49.811928], [6.114847, 49.812], [6.115094, 49.812103], [6.115336, 49.812176], [6.115422, 49.812206], [6.11547, 49.81223], [6.1156, 49.81231], [6.116038, 49.81249], [6.116226, 49.812584], [6.116334, 49.812653], [6.116704, 49.812923], [6.117021, 49.81315], [6.117234, 49.81324], [6.117285, 49.813267], [6.117407, 49.813354], [6.117481, 49.81339], [6.117608, 49.813435], [6.11796, 49.81353], [6.118311, 49.813633], [6.11857, 49.81372], [6.118834, 49.813812], [6.119138, 49.813885], [6.119457, 49.81399], [6.119736, 49.814087], [6.120017, 49.814224], [6.120278, 49.81433], [6.120597, 49.814472], [6.120922, 49.81462], [6.121499, 49.81486], [6.12178, 49.814983], [6.121965, 49.815083], [6.122081, 49.815147], [6.122266, 49.8152], [6.122313, 49.81522], [6.12246, 49.815285], [6.122774, 49.81544], [6.122933, 49.815514], [6.123107, 49.815563], [6.123172, 49.815586], [6.123256, 49.815613], [6.123427, 49.815655], [6.123639, 49.815704], [6.123713, 49.815727], [6.1238, 49.815758], [6.123932, 49.815777], [6.12399, 49.81579], [6.124034, 49.81581], [6.124064, 49.81583], [6.124092, 49.815857], [6.124129, 49.815914], [6.124149, 49.81594], [6.124205, 49.81597], [6.124487, 49.816113], [6.124717, 49.81622], [6.124923, 49.81632], [6.125094, 49.816387], [6.125262, 49.81646], [6.125322, 49.816498], [6.125359, 49.816536], [6.125396, 49.816578], [6.125419, 49.81659], [6.125501, 49.81663], [6.125588, 49.81668], [6.125661, 49.816734], [6.125685, 49.81673], [6.125694, 49.8167], [6.125707, 49.81668], [6.125739, 49.816666], [6.125776, 49.816677], [6.125798, 49.816708], [6.125802, 49.816757], [6.125828, 49.81679], [6.125873, 49.81682], [6.125896, 49.81683], [6.12593, 49.816833], [6.125971, 49.816822], [6.125995, 49.81682], [6.126016, 49.816833], [6.126027, 49.816845], [6.12603, 49.8169], [6.126041, 49.816933], [6.126067, 49.816963], [6.126103, 49.816986], [6.12612, 49.816994], [6.126191, 49.817047], [6.126241, 49.817078], [6.126295, 49.817093], [6.126337, 49.817097], [6.126401, 49.817093], [6.126456, 49.817085], [6.126501, 49.817085], [6.126538, 49.8171], [6.126596, 49.81714], [6.126668, 49.817184], [6.126742, 49.817207], [6.126867, 49.817234], [6.12713, 49.817295], [6.127236, 49.81733], [6.127355, 49.81737], [6.127544, 49.817444], [6.127729, 49.817516], [6.127832, 49.81757], [6.127963, 49.817654], [6.128066, 49.81774], [6.128137, 49.81782], [6.1282, 49.817894], [6.128237, 49.81796], [6.128254, 49.818], [6.12825, 49.81808], [6.128264, 49.818104], [6.128287, 49.818115], [6.128328, 49.818134], [6.128412, 49.818157], [6.128563, 49.81818], [6.128704, 49.818222], [6.128767, 49.818237], [6.128984, 49.818264], [6.129042, 49.81828], [6.129155, 49.81832], [6.129249, 49.818367], [6.12932, 49.81839], [6.129395, 49.818447], [6.129497, 49.818493], [6.129583, 49.818577], [6.129654, 49.818645], [6.129747, 49.818707], [6.12985, 49.818764], [6.129911, 49.81881], [6.129956, 49.81885], [6.13006, 49.818935], [6.130083, 49.818954], [6.130161, 49.818985], [6.130227, 49.81901], [6.130391, 49.81905], [6.13058, 49.819088], [6.130685, 49.819103], [6.130729, 49.819054], [6.130775, 49.819084], [6.131688, 49.819496], [6.131862, 49.819637], [6.132075, 49.81982], [6.132439, 49.820084], [6.132708, 49.820274], [6.1329, 49.820404], [6.133092, 49.820507], [6.133266, 49.820595], [6.133816, 49.82087], [6.133977, 49.820942], [6.134393, 49.821125], [6.134617, 49.82123], [6.134924, 49.821423], [6.135144, 49.821552], [6.135467, 49.821747], [6.136001, 49.82206], [6.13662, 49.82236], [6.137062, 49.822655], [6.137209, 49.82275], [6.137354, 49.82285], [6.137832, 49.82316], [6.138582, 49.823605], [6.138689, 49.823666], [6.139043, 49.82387], [6.139307, 49.824005], [6.139661, 49.82417], [6.139879, 49.824272], [6.140352, 49.82446], [6.140979, 49.824703], [6.141514, 49.824917], [6.14208, 49.825146], [6.142178, 49.825176], [6.142198, 49.825184], [6.14233, 49.82523], [6.142557, 49.825287], [6.14275, 49.82532], [6.142889, 49.82534], [6.142972, 49.82536], [6.143032, 49.82537], [6.143158, 49.82541], [6.143257, 49.825447], [6.143568, 49.825596], [6.14413, 49.825897], [6.14466, 49.82619], [6.145264, 49.826496], [6.145716, 49.826736], [6.145959, 49.826466], [6.145981, 49.826443], [6.1462, 49.8262], [6.146414, 49.825962], [6.146715, 49.82604], [6.147032, 49.82612], [6.147459, 49.826252], [6.147581, 49.82629], [6.147814, 49.826366], [6.147913, 49.8264], [6.149134, 49.82566], [6.149477, 49.825157], [6.149763, 49.82463], [6.150091, 49.824017], [6.150103, 49.823994], [6.150553, 49.82325], [6.150774, 49.822876], [6.150755, 49.82283], [6.150732, 49.822758], [6.150629, 49.82247], [6.150614, 49.822433], [6.150568, 49.822277], [6.150522, 49.822136], [6.15048, 49.821888], [6.150446, 49.821697], [6.150679, 49.82147], [6.150705, 49.82144], [6.151167, 49.821], [6.150999, 49.820698], [6.150984, 49.820667], [6.150927, 49.820576], [6.150907, 49.820545], [6.150873, 49.820503], [6.150774, 49.82036], [6.150526, 49.82005], [6.150553, 49.81977], [6.150572, 49.819645], [6.150637, 49.81946], [6.150682, 49.819332], [6.150499, 49.819275], [6.150587, 49.81907], [6.150698, 49.818874], [6.150846, 49.818703], [6.151079, 49.81859], [6.151217, 49.818523], [6.151297, 49.818485], [6.151663, 49.818344], [6.151957, 49.81845], [6.152075, 49.818493], [6.152208, 49.81854], [6.152525, 49.818653], [6.152651, 49.818428], [6.153612, 49.818787], [6.153913, 49.818874], [6.154203, 49.81895], [6.154398, 49.819008], [6.155477, 49.81935], [6.156298, 49.81963], [6.156988, 49.819885], [6.157869, 49.820198], [6.158621, 49.820473], [6.159746, 49.82095], [6.160002, 49.82106], [6.160749, 49.821423], [6.16155, 49.821808], [6.162645, 49.822693], [6.164144, 49.82212], [6.164415, 49.82215], [6.164465, 49.82216], [6.164511, 49.822163], [6.164866, 49.8222], [6.164915, 49.82221], [6.165827, 49.822308], [6.166864, 49.82244], [6.167543, 49.82223], [6.167917, 49.822117], [6.168688, 49.821793], [6.170996, 49.82126], [6.172743, 49.82104], [6.175001, 49.820885], [6.175779, 49.82113], [6.175795, 49.821133], [6.176851, 49.82143], [6.177759, 49.821697], [6.178427, 49.82189], [6.178484, 49.821903], [6.178846, 49.82196], [6.179769, 49.822124], [6.180761, 49.82234], [6.181864, 49.822598], [6.181929, 49.8226], [6.182775, 49.82266], [6.183775, 49.822754], [6.183798, 49.822758], [6.183855, 49.822765], [6.184233, 49.82282], [6.18503, 49.822952], [6.185526, 49.823032], [6.187346, 49.82272], [6.188204, 49.822506], [6.189138, 49.822273], [6.188929, 49.8218], [6.188726, 49.821342], [6.188631, 49.82103], [6.18862, 49.82099], [6.1886, 49.82085], [6.188551, 49.820698], [6.188444, 49.82038], [6.188345, 49.820084], [6.188185, 49.819576], [6.188055, 49.81918], [6.187891, 49.81864], [6.187765, 49.81824], [6.187746, 49.818176], [6.187697, 49.818016], [6.187986, 49.81787], [6.188143, 49.817795], [6.188333, 49.817703], [6.18857, 49.81746], [6.189005, 49.817024], [6.189394, 49.816772], [6.189505, 49.816696], [6.189772, 49.816402], [6.190042, 49.81608], [6.190287, 49.8157], [6.190516, 49.81531], [6.190695, 49.81501], [6.190851, 49.814754], [6.190966, 49.814507], [6.19108, 49.814247], [6.191126, 49.8141], [6.191126, 49.813934], [6.191126, 49.81367], [6.191145, 49.81355], [6.191236, 49.81326], [6.191378, 49.812897], [6.191462, 49.812748], [6.191606, 49.812466], [6.191629, 49.81226], [6.191645, 49.812103], [6.191637, 49.812042], [6.191549, 49.811817], [6.191542, 49.811802], [6.191523, 49.811756], [6.191507, 49.81171], [6.191198, 49.81097], [6.191057, 49.810627], [6.190943, 49.810352], [6.191099, 49.810093], [6.191198, 49.809902], [6.191229, 49.80974], [6.191236, 49.80964], [6.191221, 49.809525], [6.191202, 49.80946], [6.191134, 49.8093], [6.190966, 49.808975], [6.190882, 49.808975], [6.190752, 49.808975], [6.190523, 49.808968], [6.190447, 49.808964], [6.19018, 49.808952], [6.190031, 49.80867], [6.19, 49.808613], [6.190016, 49.8086], [6.189909, 49.808456], [6.189627, 49.808], [6.189432, 49.80767], [6.189165, 49.80723], [6.188868, 49.806767], [6.188684, 49.806458], [6.188658, 49.806404], [6.188742, 49.806416], [6.188761, 49.806385], [6.188906, 49.806206], [6.189299, 49.805676], [6.189413, 49.80552], [6.189485, 49.80542], [6.189676, 49.80517], [6.190309, 49.804314], [6.190416, 49.804333], [6.190474, 49.804344], [6.190622, 49.80439], [6.190741, 49.80442], [6.190874, 49.80446], [6.190977, 49.804485], [6.191095, 49.804512], [6.191198, 49.804535], [6.191454, 49.80459], [6.191664, 49.80462], [6.191908, 49.804626], [6.192079, 49.804626], [6.192125, 49.80459], [6.192121, 49.804543], [6.192121, 49.804417], [6.192121, 49.80435], [6.192015, 49.804207], [6.191904, 49.804077], [6.191694, 49.80391], [6.191549, 49.803818], [6.191271, 49.803642], [6.190866, 49.803463], [6.190878, 49.80343], [6.190718, 49.80332], [6.190828, 49.80316], [6.190962, 49.80296], [6.19105, 49.802856], [6.191187, 49.802734], [6.191614, 49.80291], [6.19166, 49.802925], [6.191828, 49.802986], [6.192125, 49.803093], [6.19245, 49.803192], [6.192541, 49.803215], [6.192789, 49.80329], [6.193014, 49.803345], [6.193144, 49.803375], [6.193277, 49.803406], [6.193418, 49.803436], [6.193499, 49.80346], [6.193522, 49.803467], [6.19375, 49.803276], [6.193991, 49.803078], [6.194086, 49.803], [6.194101, 49.802986], [6.194151, 49.802948], [6.194193, 49.80291], [6.194284, 49.802834], [6.194304, 49.802822], [6.194727, 49.80259], [6.19504, 49.802437], [6.195067, 49.80242], [6.195295, 49.802315], [6.195265, 49.80224], [6.195528, 49.8022], [6.195906, 49.802017], [6.19602, 49.80198], [6.196676, 49.8018], [6.196733, 49.801796], [6.196779, 49.80179], [6.197119, 49.801754], [6.197435, 49.801723], [6.19795, 49.80167], [6.198034, 49.801662], [6.198133, 49.80137], [6.198194, 49.801147], [6.198244, 49.800972], [6.198256, 49.800804], [6.198248, 49.80065], [6.198214, 49.800495], [6.198133, 49.800293], [6.197962, 49.799877], [6.197901, 49.799725], [6.197973, 49.79971], [6.199331, 49.799477], [6.200758, 49.799236], [6.201487, 49.79913], [6.201521, 49.79911], [6.202009, 49.79893], [6.202204, 49.79886], [6.202337, 49.798805], [6.202475, 49.79875], [6.202513, 49.798737], [6.202612, 49.798725], [6.202509, 49.798534], [6.202501, 49.798523], [6.202898, 49.798435], [6.203268, 49.798367], [6.203764, 49.79829], [6.204218, 49.798233], [6.204435, 49.7982], [6.20455, 49.798176], [6.204763, 49.79812], [6.204992, 49.798023], [6.205336, 49.797863], [6.205446, 49.797985], [6.205637, 49.797836], [6.205805, 49.79771], [6.205954, 49.797623], [6.206167, 49.797478], [6.206343, 49.79736], [6.20648, 49.797283], [6.206617, 49.79722], [6.206816, 49.797123], [6.206976, 49.797047], [6.207083, 49.796986], [6.207171, 49.79693], [6.207212, 49.796898], [6.207338, 49.796776], [6.207502, 49.796623], [6.207628, 49.79652], [6.207727, 49.796444], [6.207853, 49.796368], [6.207979, 49.796295], [6.208067, 49.79624], [6.208124, 49.79619], [6.20817, 49.796124], [6.20817, 49.796055], [6.208151, 49.795982], [6.208151, 49.795937], [6.208158, 49.795887], [6.208231, 49.795647], [6.208261, 49.795517], [6.208281, 49.795403], [6.208273, 49.79527], [6.20825, 49.79515], [6.208227, 49.79509], [6.208128, 49.794914], [6.208029, 49.794926], [6.2078, 49.79494], [6.207632, 49.794956], [6.207579, 49.794567], [6.207827, 49.79425], [6.208082, 49.79405], [6.208128, 49.794067], [6.208178, 49.794075], [6.208227, 49.79407], [6.208338, 49.794056], [6.208494, 49.794033], [6.208647, 49.794], [6.208769, 49.79396], [6.209066, 49.793854], [6.209284, 49.793755], [6.209433, 49.793674], [6.209513, 49.79362], [6.209555, 49.793575], [6.209711, 49.793392], [6.209814, 49.793297], [6.209929, 49.7932], [6.210447, 49.792828], [6.211019, 49.792404], [6.21121, 49.79228], [6.211363, 49.792194], [6.211634, 49.792133], [6.211813, 49.792095], [6.212381, 49.791893], [6.212946, 49.791687], [6.213438, 49.791515], [6.213648, 49.79143], [6.214205, 49.791172], [6.214556, 49.791016], [6.214743, 49.790947], [6.215059, 49.790833], [6.215479, 49.790695], [6.216005, 49.79054], [6.216806, 49.790356], [6.217253, 49.790264], [6.217482, 49.790226], [6.217352, 49.79001], [6.217283, 49.789894], [6.21726, 49.789852], [6.217245, 49.78983], [6.217596, 49.789574], [6.217939, 49.78941], [6.217958, 49.789402], [6.218042, 49.789364], [6.218077, 49.789345], [6.218103, 49.789486], [6.218203, 49.7897], [6.21837, 49.790035], [6.21842, 49.790176], [6.218492, 49.7904], [6.218569, 49.79052], [6.218676, 49.790604], [6.218882, 49.7908], [6.219042, 49.790985], [6.219088, 49.791058], [6.219114, 49.79119], [6.219137, 49.79133], [6.219152, 49.791523], [6.219389, 49.791523], [6.220026, 49.791435], [6.220224, 49.791367], [6.220682, 49.791298], [6.2209, 49.791264], [6.221228, 49.791214], [6.221338, 49.791496], [6.221323, 49.79189], [6.221487, 49.792625], [6.221727, 49.793335], [6.221731, 49.793434], [6.222208, 49.793846], [6.222338, 49.79393], [6.222864, 49.794243], [6.223558, 49.794525], [6.223696, 49.79457], [6.22452, 49.794853], [6.224443, 49.794968], [6.224375, 49.795074], [6.224749, 49.79509], [6.225161, 49.795135], [6.225378, 49.79517], [6.225409, 49.795185], [6.22545, 49.795223], [6.225512, 49.79526], [6.225557, 49.79528], [6.225607, 49.795288], [6.225664, 49.795284], [6.225752, 49.79528], [6.225809, 49.79528], [6.225866, 49.79529], [6.225908, 49.795307], [6.225962, 49.79535], [6.226019, 49.795383], [6.226072, 49.795406], [6.226198, 49.795444], [6.226305, 49.79547], [6.226385, 49.79548], [6.226446, 49.795475], [6.22661, 49.79545], [6.226664, 49.795452], [6.226698, 49.79546], [6.226748, 49.795486], [6.226816, 49.795506], [6.226889, 49.795513], [6.226999, 49.795517], [6.227106, 49.795506], [6.227198, 49.795506], [6.227243, 49.795513], [6.227308, 49.79553], [6.227446, 49.795563], [6.227552, 49.795578], [6.227606, 49.795578], [6.227739, 49.79556], [6.227861, 49.795547], [6.227953, 49.795544], [6.228083, 49.79556], [6.228258, 49.79559], [6.228422, 49.795612], [6.228483, 49.795635], [6.228579, 49.795677], [6.228685, 49.79572], [6.228785, 49.795765], [6.228838, 49.795776], [6.22962, 49.795994], [6.229937, 49.7961], [6.23004, 49.796127], [6.230299, 49.79618], [6.231134, 49.796417], [6.231615, 49.79655], [6.232126, 49.7963], [6.232443, 49.796143], [6.232382, 49.796036], [6.232317, 49.795883], [6.232275, 49.795753], [6.232237, 49.79558], [6.232222, 49.79544], [6.232229, 49.795288], [6.232245, 49.795147], [6.232294, 49.79497], [6.232359, 49.79482], [6.23242, 49.794712], [6.232492, 49.79461], [6.232576, 49.794506], [6.23266, 49.794415], [6.232775, 49.794304], [6.232939, 49.794167], [6.233087, 49.79405], [6.233335, 49.793877], [6.23353, 49.79375], [6.233664, 49.7938], [6.233847, 49.793865], [6.23414, 49.793533], [6.234858, 49.79272], [6.235578, 49.79184], [6.235659, 49.791626], [6.235674, 49.79158], [6.235979, 49.790745], [6.236055, 49.790543], [6.236128, 49.790337], [6.236204, 49.790134], [6.23628, 49.789925], [6.236372, 49.78968], [6.236681, 49.78884], [6.236914, 49.7882], [6.237078, 49.78777], [6.237383, 49.78696], [6.23757, 49.786484], [6.237696, 49.78615], [6.237825, 49.786182], [6.238344, 49.786293], [6.238817, 49.786404], [6.239183, 49.786503], [6.239534, 49.786606], [6.239763, 49.78668], [6.23987, 49.786705], [6.24095, 49.787067], [6.241186, 49.786907], [6.241217, 49.78689], [6.241457, 49.786728], [6.24185, 49.786465], [6.242037, 49.786343], [6.242163, 49.786465], [6.242498, 49.786785], [6.243204, 49.787464], [6.243654, 49.787895], [6.243547, 49.787968], [6.244562, 49.78873], [6.244783, 49.78887], [6.245073, 49.78904], [6.245188, 49.78896], [6.245295, 49.788876], [6.245417, 49.788788], [6.245524, 49.788708], [6.245981, 49.788372], [6.246138, 49.788258], [6.246363, 49.78809], [6.246584, 49.787933], [6.246798, 49.787777], [6.246485, 49.787613], [6.24766, 49.78635], [6.248575, 49.785378], [6.245157, 49.78405], [6.244238, 49.78387], [6.24365, 49.783764], [6.243513, 49.783726], [6.243338, 49.783672], [6.243246, 49.78363], [6.242468, 49.78359], [6.242449, 49.78362], [6.242388, 49.783726], [6.242353, 49.783752], [6.242292, 49.78376], [6.242209, 49.783752], [6.242178, 49.783737], [6.242163, 49.78373], [6.242128, 49.78371], [6.242086, 49.783695], [6.241919, 49.78367], [6.241804, 49.78365], [6.241747, 49.783638], [6.241713, 49.783638], [6.241674, 49.78364], [6.241617, 49.78365], [6.241526, 49.78366], [6.24148, 49.783657], [6.241266, 49.783615], [6.241213, 49.7836], [6.241171, 49.783573], [6.241129, 49.78355], [6.241083, 49.78353], [6.241018, 49.783504], [6.240965, 49.783478], [6.240889, 49.783455], [6.240805, 49.783455], [6.240736, 49.783463], [6.240683, 49.783463], [6.240622, 49.783455], [6.240427, 49.783424], [6.24021, 49.78339], [6.239878, 49.783348], [6.239588, 49.783318], [6.239424, 49.783295], [6.239344, 49.78329], [6.239313, 49.783283], [6.239309, 49.783264], [6.239306, 49.783253], [6.239294, 49.783245], [6.239271, 49.783245], [6.239248, 49.783257], [6.239214, 49.783264], [6.23918, 49.783264], [6.239149, 49.78326], [6.239092, 49.78324], [6.239039, 49.783226], [6.238985, 49.783222], [6.23892, 49.78322], [6.238874, 49.78321], [6.238836, 49.7832], [6.238771, 49.783176], [6.238676, 49.78316], [6.238592, 49.783157], [6.238523, 49.78315], [6.238512, 49.783146], [6.238432, 49.783134], [6.238321, 49.783108], [6.238207, 49.783077], [6.238092, 49.783047], [6.237993, 49.78302], [6.237795, 49.782997], [6.237715, 49.782993], [6.237669, 49.782993], [6.237577, 49.78301], [6.237474, 49.783016], [6.237417, 49.783016], [6.237349, 49.78301], [6.237303, 49.782986], [6.237246, 49.782948], [6.237211, 49.78293], [6.237158, 49.782913], [6.237055, 49.782894], [6.236944, 49.78288], [6.236845, 49.78287], [6.236765, 49.782864], [6.236654, 49.782864], [6.236708, 49.78272], [6.236723, 49.782677], [6.23683, 49.78242], [6.236849, 49.782368], [6.236891, 49.78227], [6.237432, 49.781082], [6.240007, 49.781414], [6.240099, 49.78135], [6.241156, 49.78162], [6.241762, 49.781773], [6.242575, 49.781982], [6.242651, 49.78185], [6.242731, 49.78171], [6.242773, 49.78164], [6.242842, 49.78152], [6.24296, 49.781322], [6.242983, 49.78129], [6.242804, 49.78123], [6.243029, 49.78101], [6.243093, 49.780945], [6.243158, 49.780884], [6.2432, 49.78084], [6.243299, 49.780743], [6.24336, 49.78068], [6.243395, 49.780647], [6.243429, 49.780617], [6.243483, 49.780563], [6.24357, 49.780476], [6.243589, 49.78046], [6.243631, 49.780422], [6.243761, 49.780308], [6.243788, 49.78029], [6.243937, 49.78016], [6.244013, 49.780094], [6.245935, 49.78086], [6.245954, 49.780838], [6.245989, 49.7808], [6.246061, 49.780716], [6.24613, 49.78064], [6.246161, 49.780598], [6.246286, 49.780457], [6.247942, 49.780865], [6.247969, 49.780834], [6.247988, 49.78084], [6.248079, 49.780727], [6.248175, 49.780613], [6.248266, 49.7805], [6.247732, 49.78037], [6.248053, 49.77999], [6.248812, 49.779224], [6.249281, 49.778755], [6.250204, 49.77786], [6.250464, 49.777607], [6.250513, 49.777557], [6.250944, 49.777134], [6.251223, 49.77685], [6.252092, 49.77722], [6.252714, 49.777504], [6.252897, 49.777615], [6.253096, 49.777763], [6.253389, 49.777977], [6.253572, 49.77812], [6.253653, 49.778202], [6.253725, 49.77835], [6.253916, 49.778763], [6.254454, 49.77869], [6.254728, 49.77865], [6.254969, 49.778625], [6.255098, 49.77861], [6.25522, 49.778553], [6.255289, 49.77851], [6.255335, 49.77847], [6.255465, 49.77825], [6.255499, 49.778206], [6.25569, 49.778023], [6.255838, 49.777893], [6.255938, 49.77781], [6.256151, 49.777634], [6.256311, 49.7775], [6.256388, 49.777435], [6.256445, 49.77739], [6.256475, 49.777367], [6.256681, 49.777203], [6.256693, 49.77719], [6.25675, 49.77714], [6.256773, 49.777122], [6.257147, 49.77729], [6.258482, 49.77788], [6.258841, 49.778027], [6.259363, 49.7782], [6.259993, 49.778282], [6.260603, 49.77837], [6.260931, 49.77842], [6.261175, 49.778458], [6.261431, 49.7785], [6.261526, 49.778515], [6.26169, 49.778545], [6.261908, 49.778572], [6.262159, 49.778614], [6.262316, 49.778645], [6.262468, 49.778683], [6.262819, 49.77879], [6.262869, 49.778687], [6.262926, 49.778576], [6.262968, 49.778496], [6.262999, 49.77844], [6.263056, 49.778316], [6.263124, 49.77816], [6.263197, 49.778008], [6.263239, 49.777927], [6.263277, 49.777847], [6.263323, 49.777756], [6.263365, 49.77766], [6.263388, 49.77761], [6.263403, 49.777573], [6.263441, 49.77749], [6.26346, 49.777447], [6.263479, 49.7774], [6.263536, 49.77727], [6.263586, 49.777164], [6.263594, 49.77715], [6.26367, 49.776974], [6.263269, 49.776936], [6.263357, 49.776665], [6.262186, 49.776516], [6.262094, 49.776505], [6.261923, 49.77648], [6.261721, 49.776455], [6.261686, 49.77645], [6.261579, 49.77644], [6.261332, 49.776405], [6.261496, 49.776104], [6.261671, 49.775776], [6.26177, 49.775597], [6.261789, 49.775555], [6.261904, 49.77538], [6.261972, 49.77527], [6.262026, 49.775177], [6.26206, 49.775124], [6.26211, 49.77505], [6.262247, 49.77483], [6.262339, 49.774685], [6.262468, 49.77449], [6.262575, 49.774326], [6.262625, 49.774254], [6.262766, 49.774025], [6.262934, 49.774063], [6.263121, 49.77377], [6.263216, 49.77361], [6.263273, 49.77352], [6.2633, 49.77352], [6.263422, 49.7732], [6.263502, 49.77301], [6.263659, 49.772694], [6.263803, 49.772366], [6.264086, 49.77174], [6.264215, 49.771446], [6.264292, 49.771282], [6.264326, 49.7712], [6.264372, 49.771114], [6.264467, 49.770924], [6.264509, 49.770844], [6.264589, 49.770657], [6.264669, 49.77049], [6.264517, 49.77044], [6.264528, 49.770393], [6.264616, 49.769962], [6.263937, 49.77002], [6.263197, 49.770073], [6.263185, 49.769875], [6.263174, 49.769722], [6.263166, 49.76961], [6.263163, 49.76958], [6.263151, 49.76944], [6.26314, 49.76929], [6.263132, 49.769154], [6.263128, 49.769123], [6.263121, 49.76902], [6.263121, 49.769005], [6.263102, 49.76871], [6.264749, 49.768417], [6.264868, 49.76874], [6.264887, 49.768795], [6.265177, 49.768837], [6.265406, 49.76889], [6.265509, 49.768925], [6.265749, 49.769016], [6.265982, 49.7691], [6.266458, 49.76926], [6.266741, 49.76937], [6.266951, 49.769466], [6.267111, 49.769554], [6.267267, 49.76965], [6.267313, 49.769608], [6.267447, 49.769463], [6.267469, 49.769432], [6.267054, 49.769287], [6.266508, 49.7691], [6.266569, 49.769016], [6.266604, 49.768982], [6.266645, 49.768997], [6.266684, 49.769], [6.26689, 49.76898], [6.266924, 49.76897], [6.266958, 49.768974], [6.266993, 49.768986], [6.267035, 49.769016], [6.267065, 49.769043], [6.267126, 49.76907], [6.267168, 49.769077], [6.267275, 49.769096], [6.267355, 49.769104], [6.267435, 49.7691], [6.267485, 49.76909], [6.267527, 49.76907], [6.267553, 49.769047], [6.267588, 49.76902], [6.267603, 49.769005], [6.267603, 49.76898], [6.267645, 49.768898], [6.268045, 49.768806], [6.26827, 49.768753], [6.268724, 49.768997], [6.269358, 49.76915], [6.2694, 49.769157], [6.270285, 49.769344], [6.270674, 49.76943], [6.270906, 49.76949], [6.271212, 49.769577], [6.271463, 49.769653], [6.271593, 49.769695], [6.271799, 49.769753], [6.271998, 49.76979], [6.272341, 49.769848], [6.272539, 49.76988], [6.272924, 49.769936], [6.272997, 49.769943], [6.273134, 49.769962], [6.273195, 49.769978], [6.27376, 49.770084], [6.273931, 49.770115], [6.274336, 49.77019], [6.274386, 49.770203], [6.274561, 49.77023], [6.274748, 49.770252], [6.274904, 49.77026], [6.275228, 49.770245], [6.275251, 49.770226], [6.275381, 49.769978], [6.275427, 49.769894], [6.27548, 49.769794], [6.275495, 49.769768], [6.275576, 49.76961], [6.27564, 49.76948], [6.275709, 49.769352], [6.275763, 49.76925], [6.275801, 49.76917], [6.276003, 49.76918], [6.276213, 49.769196], [6.276705, 49.769222], [6.276968, 49.76866], [6.276999, 49.768593], [6.277025, 49.76854], [6.277044, 49.768494], [6.27706, 49.768467], [6.277094, 49.768387], [6.277121, 49.768337], [6.277155, 49.76826], [6.277327, 49.76789], [6.278685, 49.76821], [6.279142, 49.767746], [6.279268, 49.767548], [6.279383, 49.76735], [6.279474, 49.767128], [6.279539, 49.766968], [6.279493, 49.766834], [6.279444, 49.766697], [6.278601, 49.766376], [6.277971, 49.76604], [6.277609, 49.765766], [6.27717, 49.76544], [6.276689, 49.765125], [6.275991, 49.76469], [6.275797, 49.764565], [6.275694, 49.76451], [6.275625, 49.764477], [6.275538, 49.76443], [6.275366, 49.76435], [6.275042, 49.764194], [6.275236, 49.763893], [6.275343, 49.763718], [6.275469, 49.763515], [6.275522, 49.763424], [6.275553, 49.763374], [6.275587, 49.76333], [6.275656, 49.763214], [6.276094, 49.763203], [6.276274, 49.763195], [6.276297, 49.76319], [6.276525, 49.763172], [6.276732, 49.76314], [6.276922, 49.763107], [6.27709, 49.763065], [6.277136, 49.763058], [6.277174, 49.76306], [6.277204, 49.763084], [6.277224, 49.763107], [6.277273, 49.76314], [6.277323, 49.76316], [6.277365, 49.763184], [6.277395, 49.76321], [6.277445, 49.763245], [6.277487, 49.76325], [6.277544, 49.763237], [6.277609, 49.763218], [6.277639, 49.763214], [6.277765, 49.763214], [6.277823, 49.763203], [6.277872, 49.763176], [6.277895, 49.76316], [6.277945, 49.763145], [6.277994, 49.76314], [6.278044, 49.763157], [6.278074, 49.763145], [6.278131, 49.763138], [6.278204, 49.76312], [6.278307, 49.763084], [6.278364, 49.76307], [6.278414, 49.763046], [6.278463, 49.763027], [6.278532, 49.763016], [6.278589, 49.763004], [6.278681, 49.76297], [6.278757, 49.76296], [6.27881, 49.762947], [6.278841, 49.762928], [6.278864, 49.762897], [6.278913, 49.76276], [6.278982, 49.762646], [6.278986, 49.76263], [6.27902, 49.762554], [6.279024, 49.76254], [6.278929, 49.76237], [6.278887, 49.762295], [6.278879, 49.76224], [6.278894, 49.762173], [6.278879, 49.762142], [6.278841, 49.762108], [6.278776, 49.762085], [6.278696, 49.762085], [6.278479, 49.762104], [6.278383, 49.7621], [6.278326, 49.762085], [6.278295, 49.76205], [6.278204, 49.761875], [6.278151, 49.76175], [6.278112, 49.76157], [6.278086, 49.76145], [6.278078, 49.761402], [6.277986, 49.76135], [6.277838, 49.76127], [6.277708, 49.76121], [6.277491, 49.761024], [6.277403, 49.76092], [6.277296, 49.760757], [6.277212, 49.7606], [6.277197, 49.76056], [6.277224, 49.760445], [6.277227, 49.7604], [6.277208, 49.76031], [6.277182, 49.76025], [6.277182, 49.760185], [6.277197, 49.760113], [6.277185, 49.76006], [6.277136, 49.760006], [6.277067, 49.75997], [6.276999, 49.75994], [6.27688, 49.75988], [6.27677, 49.75976], [6.276655, 49.759567], [6.27656, 49.75939], [6.276567, 49.75935], [6.276564, 49.759308], [6.276537, 49.75925], [6.276434, 49.759132], [6.276255, 49.758945], [6.276117, 49.75883], [6.275984, 49.758755], [6.275869, 49.758648], [6.27582, 49.75858], [6.275782, 49.758476], [6.275724, 49.758392], [6.275682, 49.758316], [6.275652, 49.758244], [6.275633, 49.758217], [6.27553, 49.758152], [6.275309, 49.758076], [6.275186, 49.75806], [6.274935, 49.75801], [6.27479, 49.757996], [6.274706, 49.757977], [6.274492, 49.757885], [6.274359, 49.757854], [6.27426, 49.757847], [6.274076, 49.757812], [6.273642, 49.757717], [6.273367, 49.75765], [6.273325, 49.757626], [6.273268, 49.75758], [6.273153, 49.75753], [6.272974, 49.757492], [6.272871, 49.757484], [6.272783, 49.7575], [6.272722, 49.75751], [6.272646, 49.7575], [6.272489, 49.75747], [6.272409, 49.757416], [6.272379, 49.757347], [6.272383, 49.75728], [6.272398, 49.7571], [6.272409, 49.756844], [6.272383, 49.756737], [6.272387, 49.756676], [6.272364, 49.75656], [6.272375, 49.75644], [6.272379, 49.756405], [6.272364, 49.7563], [6.272364, 49.75624], [6.272356, 49.7561], [6.27236, 49.75602], [6.272375, 49.755947], [6.272417, 49.755848], [6.27247, 49.755733], [6.272478, 49.755634], [6.272425, 49.75556], [6.27231, 49.75545], [6.272261, 49.755333], [6.272207, 49.755226], [6.272119, 49.755146], [6.271948, 49.75506], [6.271818, 49.754997], [6.271692, 49.75492], [6.27157, 49.75483], [6.27149, 49.754757], [6.271452, 49.75467], [6.27146, 49.754597], [6.271483, 49.754524], [6.27162, 49.75431], [6.271807, 49.754074], [6.271868, 49.753944], [6.271921, 49.75372], [6.271994, 49.753437], [6.272005, 49.753277], [6.27199, 49.753174], [6.271952, 49.753082], [6.271898, 49.752995], [6.271696, 49.752743], [6.271494, 49.752506], [6.271238, 49.75225], [6.270899, 49.75194], [6.270819, 49.751854], [6.270666, 49.75168], [6.270334, 49.751366], [6.270212, 49.75126], [6.270029, 49.751095], [6.269896, 49.75098], [6.269777, 49.750877], [6.269697, 49.750805], [6.269671, 49.750774], [6.269628, 49.75072], [6.269583, 49.750652], [6.269526, 49.75058], [6.269464, 49.750526], [6.269068, 49.75023], [6.268736, 49.749977], [6.268545, 49.749844], [6.268393, 49.749756], [6.26829, 49.74969], [6.268194, 49.749615], [6.268126, 49.749554], [6.268061, 49.749493], [6.267981, 49.749424], [6.267878, 49.749344], [6.267775, 49.74927], [6.267668, 49.74921], [6.267454, 49.749115], [6.267351, 49.749065], [6.267221, 49.749023], [6.267153, 49.749004], [6.267012, 49.748913], [6.266913, 49.74884], [6.266874, 49.748802], [6.266855, 49.74878], [6.266836, 49.748737], [6.266809, 49.748688], [6.266768, 49.748646], [6.266714, 49.748608], [6.26668, 49.74859], [6.266592, 49.74856], [6.266523, 49.748535], [6.266489, 49.74851], [6.266462, 49.74848], [6.266428, 49.74844], [6.26639, 49.7484], [6.266321, 49.748352], [6.266245, 49.748302], [6.266176, 49.748238], [6.266062, 49.748127], [6.266024, 49.74808], [6.266005, 49.748047], [6.265963, 49.747913], [6.265936, 49.74787], [6.265822, 49.74775], [6.265753, 49.747684], [6.26568, 49.747616], [6.265634, 49.74756], [6.265585, 49.747463], [6.265547, 49.747353], [6.265516, 49.74727], [6.265497, 49.747177], [6.26549, 49.74712], [6.265497, 49.747074], [6.265531, 49.747044], [6.265619, 49.74698], [6.265665, 49.74692], [6.265715, 49.746857], [6.265741, 49.7468], [6.265738, 49.746754], [6.265707, 49.746708], [6.265661, 49.746674], [6.2656, 49.74664], [6.265505, 49.74661], [6.265409, 49.7466], [6.265249, 49.746593], [6.265215, 49.746593], [6.26515, 49.74658], [6.26512, 49.746544], [6.2651, 49.746506], [6.265116, 49.746452], [6.265161, 49.746403], [6.2652, 49.746357], [6.2652, 49.746326], [6.265181, 49.746296], [6.265154, 49.746265], [6.265165, 49.74623], [6.265192, 49.74618], [6.265184, 49.746124], [6.265173, 49.746063], [6.265104, 49.745953], [6.26499, 49.74579], [6.264936, 49.745686], [6.264914, 49.74561], [6.264894, 49.74558], [6.264814, 49.745533], [6.264772, 49.745476], [6.264788, 49.745415], [6.264837, 49.745354], [6.264875, 49.745315], [6.264963, 49.745224], [6.2651, 49.74506], [6.265177, 49.74495], [6.265234, 49.744858], [6.265257, 49.744774], [6.265264, 49.744705], [6.265245, 49.744656], [6.265196, 49.74462], [6.265024, 49.744545], [6.264952, 49.7445], [6.264925, 49.744442], [6.264929, 49.74437], [6.264933, 49.74432], [6.26486, 49.744255], [6.26483, 49.74426], [6.26441, 49.74432], [6.264337, 49.74425], [6.264299, 49.744263], [6.263964, 49.744476], [6.263632, 49.74468], [6.263357, 49.74485], [6.263205, 49.744915], [6.262987, 49.744984], [6.262609, 49.7451], [6.262137, 49.745247], [6.262007, 49.74529], [6.26156, 49.745426], [6.261045, 49.74539], [6.260721, 49.745365], [6.260488, 49.74535], [6.260298, 49.74534], [6.260118, 49.745335], [6.25952, 49.74532], [6.259298, 49.745316], [6.259069, 49.745308], [6.258959, 49.7453], [6.258875, 49.745296], [6.258745, 49.745285], [6.258661, 49.745277], [6.258455, 49.745266], [6.258108, 49.745235], [6.258047, 49.745235], [6.257765, 49.74523], [6.257303, 49.745228], [6.257196, 49.745228], [6.257166, 49.745224], [6.257074, 49.745224], [6.256945, 49.74522], [6.256369, 49.745174], [6.256254, 49.745163], [6.255598, 49.745113], [6.255339, 49.74509], [6.255076, 49.745068], [6.255022, 49.745064], [6.255018, 49.74519], [6.254988, 49.74519], [6.254717, 49.745174], [6.254328, 49.745155], [6.253782, 49.745125], [6.253519, 49.745113], [6.25313, 49.745094], [6.252955, 49.74509], [6.252878, 49.745087], [6.252661, 49.745083], [6.252417, 49.745075], [6.251753, 49.745075], [6.251207, 49.745083], [6.250879, 49.745102], [6.250822, 49.745106], [6.250643, 49.74512], [6.25049, 49.74514], [6.250376, 49.74516], [6.250269, 49.74518], [6.250166, 49.7452], [6.249842, 49.745304], [6.249605, 49.745396], [6.249411, 49.745464], [6.249235, 49.745537], [6.249083, 49.745605], [6.248434, 49.745728], [6.247892, 49.7458], [6.247553, 49.74584], [6.247236, 49.745853], [6.247145, 49.745853], [6.247088, 49.745857], [6.246824, 49.745865], [6.246729, 49.745865], [6.246328, 49.745884], [6.245611, 49.745914], [6.245504, 49.745914], [6.245443, 49.74592], [6.245287, 49.745926], [6.245142, 49.74593], [6.244833, 49.745945], [6.244379, 49.745956], [6.243978, 49.74597], [6.243452, 49.74599], [6.243231, 49.746], [6.242975, 49.746006], [6.242666, 49.74602], [6.242521, 49.746033], [6.242132, 49.746063], [6.241621, 49.746105], [6.241365, 49.74613], [6.241243, 49.746147], [6.240934, 49.746197], [6.24032, 49.74631], [6.239477, 49.746464], [6.23921, 49.746517], [6.238989, 49.746563], [6.23889, 49.746586], [6.23868, 49.746643], [6.238569, 49.746677], [6.238317, 49.746746], [6.238119, 49.746803], [6.237753, 49.746914], [6.237623, 49.746952], [6.23749, 49.746986], [6.23736, 49.74702], [6.237249, 49.747044], [6.23712, 49.747066], [6.236864, 49.747105], [6.23641, 49.747166], [6.235838, 49.74725], [6.235365, 49.74732], [6.23506, 49.747337], [6.23472, 49.74736], [6.234388, 49.74738], [6.234259, 49.74739], [6.234091, 49.747402], [6.233793, 49.747417], [6.233007, 49.74746], [6.232386, 49.747498], [6.232115, 49.74752], [6.231363, 49.74759], [6.230932, 49.747627], [6.230741, 49.747536], [6.230681, 49.747543], [6.230284, 49.747765], [6.230146, 49.74784], [6.229864, 49.74799], [6.229498, 49.748188], [6.22938, 49.748253], [6.229219, 49.74835], [6.229067, 49.748447], [6.228487, 49.748894], [6.228231, 49.749073], [6.228193, 49.749332], [6.227869, 49.74955], [6.227587, 49.74972], [6.227533, 49.74944], [6.227522, 49.74936], [6.227503, 49.74926], [6.227484, 49.74914], [6.227426, 49.748856], [6.2274, 49.748653], [6.227263, 49.7485], [6.227095, 49.748318], [6.226908, 49.74811], [6.226698, 49.747875], [6.226561, 49.74772], [6.226492, 49.747646], [6.226263, 49.747387], [6.226152, 49.74726], [6.226099, 49.747192], [6.226057, 49.747128], [6.226015, 49.747055], [6.225977, 49.74694], [6.225946, 49.746845], [6.226034, 49.746807], [6.226088, 49.746777], [6.226118, 49.746746], [6.226172, 49.74668], [6.226206, 49.74662], [6.22624, 49.746544], [6.226252, 49.746513], [6.226259, 49.746487], [6.226255, 49.746456], [6.226233, 49.746407], [6.226202, 49.746357], [6.226145, 49.746254], [6.22603, 49.74605], [6.225855, 49.74575], [6.225824, 49.745686], [6.225809, 49.745636], [6.225794, 49.745575], [6.225779, 49.74549], [6.225729, 49.745132], [6.225691, 49.74482], [6.22566, 49.744625], [6.225649, 49.744545], [6.225637, 49.74449], [6.225614, 49.74437], [6.22558, 49.744205], [6.225534, 49.744026], [6.22542, 49.74355], [6.225405, 49.743492], [6.225374, 49.743362], [6.225363, 49.743313], [6.225344, 49.7432], [6.225325, 49.743], [6.225321, 49.742935], [6.225313, 49.74285], [6.225306, 49.74271], [6.225302, 49.742603], [6.225302, 49.742287], [6.225096, 49.74205], [6.224909, 49.741833], [6.224661, 49.741543], [6.224474, 49.74133], [6.224295, 49.741127], [6.223127, 49.73946], [6.223028, 49.73932], [6.223036, 49.739292], [6.222803, 49.738914], [6.222719, 49.73859], [6.222609, 49.73804], [6.222567, 49.73779], [6.222567, 49.737534], [6.222166, 49.73676], [6.222055, 49.73652], [6.221987, 49.73643], [6.221827, 49.736107], [6.221422, 49.735313], [6.220854, 49.735348], [6.220758, 49.735172], [6.220735, 49.73512], [6.220728, 49.73509], [6.220735, 49.73505], [6.220747, 49.73498], [6.220762, 49.734814], [6.220762, 49.73475], [6.220594, 49.73445], [6.220537, 49.734356], [6.220499, 49.734306], [6.220331, 49.734108], [6.220179, 49.733917], [6.220114, 49.73385], [6.219896, 49.733685], [6.218794, 49.732807], [6.218248, 49.732594], [6.217771, 49.732407], [6.217402, 49.732254], [6.217302, 49.732174], [6.216997, 49.73191], [6.216707, 49.731667], [6.216429, 49.731445], [6.216204, 49.731262], [6.215094, 49.73061], [6.214125, 49.730015], [6.213949, 49.72991], [6.214029, 49.72937], [6.213614, 49.728825], [6.212976, 49.728622], [6.21266, 49.728527], [6.21208, 49.7284], [6.211893, 49.728397], [6.211431, 49.72838], [6.211348, 49.728374], [6.211302, 49.728374], [6.211237, 49.72837], [6.2111, 49.728355], [6.210993, 49.728348], [6.210531, 49.72829], [6.210241, 49.728245], [6.209833, 49.728172], [6.209547, 49.728115], [6.209513, 49.728107], [6.208425, 49.727882], [6.20743, 49.727448], [6.207327, 49.727398], [6.207251, 49.72736], [6.205675, 49.726498], [6.205744, 49.726376], [6.206247, 49.725403], [6.205999, 49.7253], [6.205908, 49.725266], [6.205851, 49.72524], [6.205782, 49.725212], [6.205687, 49.72517], [6.205542, 49.725086], [6.205454, 49.725033], [6.205389, 49.72499], [6.205118, 49.72479], [6.205011, 49.72471], [6.204947, 49.72466], [6.204863, 49.724598], [6.204809, 49.724564], [6.20476, 49.724537], [6.204695, 49.724506], [6.204657, 49.724487], [6.204599, 49.724464], [6.204222, 49.72433], [6.204199, 49.72432], [6.204413, 49.72387], [6.204428, 49.723835], [6.204447, 49.7238], [6.202997, 49.723553], [6.20289, 49.72353], [6.202604, 49.723454], [6.202383, 49.723392], [6.201963, 49.723267], [6.201948, 49.723263], [6.201944, 49.723045], [6.201914, 49.722767], [6.201902, 49.72265], [6.201902, 49.72262], [6.201925, 49.722572], [6.202249, 49.722248], [6.202581, 49.721912], [6.202803, 49.721485], [6.202978, 49.721172], [6.203058, 49.721035], [6.203066, 49.72102], [6.203051, 49.72102], [6.203001, 49.721024], [6.202898, 49.72102], [6.202661, 49.72102], [6.202543, 49.721], [6.202394, 49.72097], [6.202265, 49.72094], [6.202169, 49.72092], [6.201895, 49.720882], [6.201796, 49.72086], [6.201662, 49.72081], [6.201601, 49.720783], [6.201551, 49.720768], [6.20138, 49.720722], [6.201189, 49.720673], [6.200979, 49.720608], [6.20072, 49.720524], [6.200506, 49.720448], [6.20038, 49.7204], [6.200235, 49.720356], [6.200132, 49.720318], [6.200022, 49.72027], [6.199835, 49.720184], [6.199655, 49.720116], [6.19945, 49.72004], [6.199305, 49.719994], [6.199072, 49.719925], [6.198969, 49.7199], [6.19882, 49.71987], [6.198732, 49.71986], [6.198576, 49.719852], [6.198275, 49.71984], [6.198072, 49.71983], [6.197905, 49.719814], [6.197752, 49.7198], [6.197416, 49.719776], [6.197058, 49.71976], [6.196711, 49.719746], [6.196436, 49.719734], [6.196207, 49.719723], [6.195948, 49.7197], [6.195379, 49.719456], [6.195085, 49.719326], [6.194857, 49.719227], [6.19441, 49.719032], [6.193582, 49.718662], [6.193514, 49.718628], [6.193502, 49.718624], [6.193136, 49.718464], [6.193094, 49.71844], [6.192423, 49.718143], [6.192392, 49.718132], [6.192373, 49.718124], [6.19235, 49.718113], [6.191919, 49.717922], [6.191381, 49.717686], [6.19084, 49.717453], [6.1905, 49.717304], [6.189737, 49.716972], [6.189451, 49.71684], [6.189394, 49.716812], [6.189184, 49.716705], [6.189055, 49.71664], [6.189001, 49.716618], [6.188951, 49.71659], [6.188478, 49.71636], [6.188059, 49.716152], [6.18791, 49.71608], [6.187319, 49.71579], [6.186564, 49.715424], [6.186266, 49.715275], [6.185709, 49.714993], [6.18516, 49.71471], [6.184893, 49.71458], [6.185015, 49.714508], [6.185206, 49.714397], [6.185472, 49.714237], [6.185541, 49.714195], [6.185953, 49.713913], [6.186365, 49.713627], [6.186514, 49.713528], [6.1868, 49.712894], [6.186804, 49.712337], [6.186815, 49.71167], [6.186838, 49.711605], [6.186911, 49.711422], [6.18696, 49.711304], [6.18701, 49.71118], [6.187067, 49.711056], [6.187021, 49.71091], [6.18688, 49.710472], [6.186819, 49.710278], [6.186789, 49.71019], [6.186777, 49.710102], [6.186777, 49.70996], [6.186785, 49.709763], [6.186785, 49.709682], [6.186789, 49.709534], [6.186789, 49.709476], [6.186796, 49.70933], [6.186781, 49.709312], [6.186472, 49.70898], [6.186113, 49.708565], [6.186022, 49.70846], [6.185987, 49.708305], [6.185957, 49.70818], [6.185926, 49.708042], [6.186136, 49.707226], [6.18614, 49.707207], [6.186209, 49.70714], [6.186369, 49.70699], [6.186449, 49.706917], [6.186735, 49.70664], [6.186792, 49.706585], [6.187029, 49.706367], [6.187075, 49.706326], [6.187231, 49.706184], [6.186995, 49.706036], [6.186899, 49.705975], [6.186674, 49.705822], [6.186491, 49.705685], [6.186247, 49.70549], [6.186052, 49.705307], [6.185846, 49.705086], [6.185736, 49.70494], [6.185625, 49.70478], [6.185579, 49.704643], [6.185526, 49.704487], [6.185453, 49.704155], [6.18545, 49.70412], [6.185225, 49.70322], [6.185133, 49.702976], [6.18511, 49.70291], [6.185076, 49.702827], [6.185053, 49.702763], [6.184961, 49.702526], [6.184889, 49.702335], [6.184294, 49.701927], [6.184149, 49.701824], [6.183748, 49.701546], [6.183779, 49.701515], [6.183817, 49.70148], [6.184362, 49.700836], [6.184511, 49.700645], [6.184549, 49.7006], [6.184588, 49.700542], [6.184652, 49.700455], [6.184797, 49.700253], [6.184915, 49.700096], [6.185068, 49.699886], [6.185255, 49.69963], [6.185263, 49.69961], [6.185255, 49.699577], [6.185179, 49.699406], [6.185015, 49.699226], [6.184961, 49.69916], [6.184942, 49.699127], [6.184946, 49.699116], [6.184984, 49.699104], [6.185022, 49.6991], [6.185053, 49.698997], [6.185045, 49.69896], [6.184973, 49.69876], [6.184915, 49.698734], [6.184693, 49.698739], [6.184561, 49.698742], [6.184488, 49.698673], [6.18437, 49.69857], [6.18424, 49.69848], [6.184133, 49.69842], [6.184019, 49.698368], [6.183851, 49.698307], [6.183836, 49.698166], [6.183596, 49.69796], [6.18354, 49.697941], [6.183461, 49.697914], [6.183317, 49.697865], [6.18321, 49.697845], [6.183146, 49.697838], [6.183104, 49.69782], [6.183081, 49.697803], [6.183035, 49.697735], [6.182962, 49.697662], [6.18289, 49.697613], [6.182836, 49.697582], [6.182753, 49.6975], [6.182657, 49.697426], [6.182585, 49.697388], [6.182501, 49.69737], [6.182356, 49.69736], [6.182253, 49.697346], [6.182165, 49.697315], [6.182108, 49.697285], [6.182043, 49.69727], [6.181978, 49.697258], [6.181902, 49.697254], [6.181833, 49.697258], [6.181749, 49.697266], [6.181688, 49.697277], [6.181555, 49.69729], [6.181482, 49.69729], [6.181368, 49.69728], [6.181265, 49.69726], [6.181154, 49.697235], [6.181017, 49.69719], [6.181078, 49.69712], [6.180502, 49.69685], [6.17959, 49.69642], [6.179075, 49.696167], [6.179304, 49.69598], [6.179823, 49.69556], [6.179857, 49.695496], [6.179911, 49.6954], [6.179964, 49.69532], [6.180071, 49.695187], [6.180101, 49.695145], [6.180166, 49.695076], [6.180254, 49.69499], [6.180342, 49.69491], [6.180441, 49.69483], [6.180551, 49.694748], [6.181067, 49.694405], [6.181131, 49.69436], [6.181437, 49.694115], [6.181589, 49.693985], [6.181726, 49.693874], [6.181784, 49.693832], [6.181833, 49.693794], [6.182066, 49.69363], [6.182234, 49.693527], [6.182459, 49.6934], [6.18265, 49.693302], [6.182924, 49.693153], [6.182077, 49.692554], [6.181936, 49.692455], [6.18162, 49.69223], [6.181498, 49.692142], [6.181166, 49.691906], [6.181055, 49.69183], [6.18099, 49.69177], [6.181108, 49.691605], [6.18112, 49.69159], [6.181158, 49.691536], [6.181189, 49.691475], [6.181219, 49.691395], [6.181234, 49.691326], [6.181238, 49.69126], [6.181234, 49.691208], [6.181227, 49.691135], [6.1812, 49.69104], [6.181139, 49.690926], [6.181074, 49.69083], [6.180983, 49.690723], [6.180899, 49.690643], [6.180746, 49.69053], [6.180597, 49.69043], [6.180426, 49.69032], [6.180231, 49.690216], [6.179861, 49.690025], [6.179836, 49.690043], [6.179777, 49.690086], [6.179647, 49.690174], [6.179487, 49.69029], [6.179354, 49.69038], [6.179079, 49.690575], [6.178896, 49.690475], [6.178663, 49.690353], [6.178602, 49.69032], [6.178419, 49.690224], [6.178205, 49.69011], [6.178156, 49.690083], [6.178026, 49.69001], [6.177896, 49.689934], [6.177675, 49.68972], [6.177618, 49.68967], [6.177572, 49.689625], [6.177504, 49.68956], [6.177347, 49.689415], [6.177317, 49.68939], [6.177153, 49.689236], [6.177065, 49.689266], [6.177027, 49.68928], [6.176931, 49.689312], [6.176802, 49.68935], [6.176668, 49.68938], [6.176554, 49.689407], [6.176428, 49.689434], [6.176325, 49.689453], [6.176092, 49.689495], [6.175695, 49.689552], [6.175604, 49.68955], [6.175455, 49.68954], [6.175398, 49.68954], [6.175226, 49.689545], [6.174978, 49.68954], [6.174704, 49.689537], [6.174421, 49.68952], [6.174154, 49.689495], [6.173807, 49.689438], [6.173468, 49.689354], [6.173193, 49.689255], [6.172968, 49.68917], [6.172316, 49.688873], [6.171846, 49.688663], [6.171503, 49.688507], [6.171297, 49.688427], [6.170992, 49.688305], [6.170813, 49.688244], [6.170603, 49.688175], [6.170435, 49.688126], [6.169882, 49.688007], [6.169626, 49.687946], [6.168959, 49.687748], [6.168119, 49.687492], [6.168001, 49.687447], [6.167795, 49.687347], [6.167208, 49.687054], [6.167017, 49.686943], [6.166998, 49.686916], [6.167501, 49.68672], [6.167818, 49.686592], [6.168096, 49.686455], [6.168737, 49.68613], [6.169031, 49.68595], [6.168985, 49.68594], [6.16894, 49.685925], [6.168318, 49.685764], [6.167894, 49.68567], [6.167292, 49.685528], [6.166834, 49.685425], [6.166292, 49.685307], [6.165998, 49.685246], [6.165686, 49.68518], [6.164904, 49.68502], [6.164667, 49.68497], [6.164106, 49.68485], [6.164, 49.684822], [6.163713, 49.684612], [6.163038, 49.684155], [6.16247, 49.683746], [6.161932, 49.68339], [6.161505, 49.683113], [6.161165, 49.682877], [6.160707, 49.682537], [6.160551, 49.682415], [6.16049, 49.682358], [6.160414, 49.682228], [6.160341, 49.68223], [6.160036, 49.68225], [6.159822, 49.682262], [6.159433, 49.682285], [6.159239, 49.682293], [6.15917, 49.682297], [6.158918, 49.682304], [6.158525, 49.682312], [6.158243, 49.682316], [6.157671, 49.682312], [6.157538, 49.682316], [6.157473, 49.68232], [6.157419, 49.68232], [6.157213, 49.682327], [6.156691, 49.682358], [6.156126, 49.6824], [6.156053, 49.682262], [6.15597, 49.682106], [6.155958, 49.682087], [6.155909, 49.68199], [6.155691, 49.682007], [6.155611, 49.68201], [6.155016, 49.68205], [6.154779, 49.682064], [6.154635, 49.682064], [6.154455, 49.682068], [6.154203, 49.68207], [6.154077, 49.682068], [6.153818, 49.682053], [6.153746, 49.68205], [6.153704, 49.682045], [6.153597, 49.682037], [6.153383, 49.682014], [6.152414, 49.681892], [6.152193, 49.681866], [6.152086, 49.68185], [6.151819, 49.68182], [6.151724, 49.68181], [6.151602, 49.681793], [6.151213, 49.681747], [6.15114, 49.68174], [6.150995, 49.68172], [6.150869, 49.68171], [6.150759, 49.681694], [6.150633, 49.681683], [6.150499, 49.681667], [6.150358, 49.681652], [6.150259, 49.68164], [6.150065, 49.68162], [6.149729, 49.681587], [6.149565, 49.68157], [6.149458, 49.681557], [6.14929, 49.68154], [6.149221, 49.681534], [6.148916, 49.6815], [6.148844, 49.68149], [6.148687, 49.681477], [6.148615, 49.68147], [6.148527, 49.681458], [6.148432, 49.681446], [6.148352, 49.68143], [6.148264, 49.68142], [6.148214, 49.681408], [6.148092, 49.68138], [6.147963, 49.681343], [6.147844, 49.68136], [6.14768, 49.68138], [6.147505, 49.681404], [6.147287, 49.68143], [6.147181, 49.681446], [6.147013, 49.681465], [6.146978, 49.681473], [6.146952, 49.681477], [6.146791, 49.681496], [6.146223, 49.681557], [6.145483, 49.68163], [6.145128, 49.68168], [6.144327, 49.68178], [6.143866, 49.682198], [6.143827, 49.68222], [6.143358, 49.68252], [6.143335, 49.682545], [6.14324, 49.68263], [6.143145, 49.682724], [6.143, 49.68287], [6.142916, 49.682915], [6.142893, 49.68293], [6.142843, 49.68297], [6.14279, 49.683018], [6.142725, 49.683098], [6.142675, 49.683147], [6.142462, 49.683], [6.142256, 49.682854], [6.142092, 49.682747], [6.141771, 49.68264], [6.141256, 49.68273], [6.141245, 49.682735], [6.141169, 49.68275], [6.141035, 49.682774], [6.140966, 49.682785], [6.140814, 49.682816], [6.140722, 49.68283], [6.140696, 49.682835], [6.140551, 49.68286], [6.140509, 49.68287], [6.140329, 49.682903], [6.140207, 49.682926], [6.140192, 49.68293], [6.140081, 49.682953], [6.139852, 49.682995], [6.139738, 49.683018], [6.139624, 49.683037], [6.139578, 49.683044], [6.13954, 49.683052], [6.139444, 49.683067], [6.139433, 49.68307], [6.139166, 49.683113], [6.139151, 49.683113], [6.138967, 49.68314], [6.138773, 49.68317], [6.138662, 49.68318], [6.138468, 49.68321], [6.138449, 49.683212], [6.138365, 49.683224], [6.138304, 49.683], [6.138266, 49.682842], [6.138205, 49.68252], [6.138083, 49.682533], [6.137987, 49.68254], [6.137812, 49.68256], [6.137533, 49.682583], [6.137209, 49.682613], [6.136904, 49.68264], [6.136843, 49.682644], [6.136126, 49.68271], [6.135393, 49.682766], [6.134829, 49.682808], [6.134813, 49.682846], [6.13481, 49.682877], [6.134375, 49.682926], [6.134382, 49.682903], [6.134218, 49.682903], [6.134096, 49.6829], [6.134077, 49.682976], [6.134058, 49.683044], [6.134088, 49.68319], [6.134115, 49.683304], [6.134153, 49.683483], [6.134249, 49.683903], [6.134325, 49.684235], [6.134344, 49.684315], [6.134401, 49.684574], [6.134432, 49.684673], [6.13447, 49.684742], [6.1345, 49.68479], [6.13452, 49.684826], [6.134569, 49.684856], [6.13463, 49.684895], [6.13468, 49.68492], [6.134878, 49.685028], [6.135138, 49.685165], [6.13521, 49.685204], [6.135378, 49.685287], [6.135515, 49.685356], [6.135096, 49.6854], [6.134611, 49.685444], [6.13434, 49.685467], [6.134497, 49.685677], [6.134821, 49.68612], [6.134962, 49.686317], [6.135019, 49.686398], [6.1345, 49.686493], [6.134153, 49.686558], [6.134119, 49.68656], [6.133734, 49.686634], [6.133303, 49.686714], [6.133165, 49.68674], [6.132677, 49.68684], [6.132559, 49.686863], [6.133184, 49.68737], [6.133455, 49.68741], [6.133558, 49.687435], [6.133665, 49.68747], [6.133741, 49.687504], [6.133799, 49.687534], [6.133871, 49.68759], [6.133944, 49.687664], [6.133993, 49.687717], [6.134016, 49.68778], [6.13402, 49.68784], [6.134005, 49.68788], [6.133982, 49.687912], [6.13394, 49.68795], [6.133844, 49.68802], [6.133772, 49.68807], [6.133665, 49.688114], [6.133661, 49.688164], [6.133669, 49.688263], [6.133696, 49.688374], [6.133764, 49.688457], [6.133886, 49.688557], [6.134066, 49.688583], [6.134275, 49.688606], [6.134367, 49.688614], [6.134451, 49.688618], [6.134603, 49.688618], [6.134646, 49.688625], [6.134691, 49.68865], [6.134752, 49.68868], [6.134844, 49.688732], [6.134955, 49.688778], [6.135046, 49.68881], [6.135141, 49.688854], [6.135248, 49.68891], [6.135313, 49.68896], [6.135389, 49.68901], [6.135462, 49.68907], [6.135523, 49.68911], [6.135584, 49.689144], [6.135637, 49.689186], [6.135675, 49.689236], [6.135706, 49.689304], [6.135725, 49.689384], [6.135725, 49.68943], [6.13571, 49.689484], [6.135523, 49.689514], [6.135405, 49.689564], [6.135286, 49.68961], [6.134996, 49.689762], [6.134989, 49.689613], [6.134737, 49.689613], [6.134729, 49.68952], [6.134638, 49.68952], [6.134504, 49.689526], [6.134527, 49.689613], [6.133978, 49.68967], [6.133608, 49.68971], [6.133036, 49.689766], [6.133078, 49.689854], [6.133066, 49.689857], [6.131746, 49.689972], [6.131597, 49.689987], [6.131491, 49.69004], [6.131151, 49.69002], [6.130979, 49.690014], [6.130754, 49.69], [6.130716, 49.69025], [6.13069, 49.690403], [6.129675, 49.690357], [6.129671, 49.690407], [6.129664, 49.690445], [6.129621, 49.69077], [6.129576, 49.690765], [6.129259, 49.690758], [6.129026, 49.690754], [6.128935, 49.69075], [6.128553, 49.690746], [6.128321, 49.69076], [6.128286, 49.690765], [6.127989, 49.69078], [6.127756, 49.690796], [6.127443, 49.69082], [6.127478, 49.690968], [6.127527, 49.6912], [6.127554, 49.69131], [6.127607, 49.69154], [6.12591, 49.691643], [6.12591, 49.691708], [6.125876, 49.692238], [6.125868, 49.692307], [6.125845, 49.692287], [6.125799, 49.69225], [6.125227, 49.691757], [6.124817, 49.691416], [6.12475, 49.69136], [6.12459, 49.69125], [6.124338, 49.691093], [6.124205, 49.69103], [6.124033, 49.69096], [6.123625, 49.69081], [6.123503, 49.690826], [6.123251, 49.690853], [6.123148, 49.69087], [6.123064, 49.690876], [6.122953, 49.690887], [6.122793, 49.690907], [6.122683, 49.690918], [6.122629, 49.690926], [6.122435, 49.69095], [6.122255, 49.690968], [6.122202, 49.690975], [6.122099, 49.690987], [6.122, 49.690998], [6.121984, 49.690998], [6.121881, 49.69101], [6.121836, 49.691017], [6.121695, 49.691032], [6.121664, 49.691036], [6.121485, 49.691055], [6.121466, 49.691055], [6.121386, 49.691067], [6.121328, 49.690845], [6.12126, 49.69064], [6.121191, 49.6905], [6.121126, 49.690395], [6.121023, 49.69026], [6.120806, 49.690033], [6.12068, 49.690083], [6.120565, 49.690132], [6.120478, 49.690166], [6.120413, 49.69019], [6.12034, 49.69022], [6.120249, 49.690254], [6.120184, 49.69028], [6.120119, 49.690304], [6.119982, 49.690353], [6.11976, 49.690426], [6.119684, 49.69045], [6.11949, 49.690502], [6.1196, 49.690765], [6.119619, 49.690823], [6.119631, 49.690887], [6.119635, 49.690937], [6.119619, 49.69101], [6.119604, 49.691074], [6.119551, 49.69119], [6.119505, 49.691284], [6.11941, 49.69144], [6.119001, 49.692116], [6.118875, 49.692024], [6.118837, 49.69199], [6.118799, 49.69195], [6.11878, 49.691933], [6.118685, 49.69195], [6.11862, 49.69196], [6.11857, 49.691963], [6.118502, 49.69196], [6.118296, 49.69194], [6.118269, 49.69194], [6.118231, 49.691936], [6.1182, 49.691944], [6.118166, 49.69195], [6.118086, 49.69198], [6.117994, 49.69205], [6.117777, 49.691883], [6.117609, 49.691765], [6.11698, 49.69132], [6.116797, 49.691196], [6.116354, 49.69107], [6.115873, 49.690937], [6.115744, 49.690903], [6.115725, 49.6909], [6.11556, 49.690857], [6.115419, 49.6909], [6.115259, 49.690952], [6.115126, 49.69099], [6.115042, 49.691017], [6.114916, 49.69105], [6.114821, 49.69108], [6.114752, 49.691097], [6.114714, 49.691105], [6.114649, 49.691124], [6.114504, 49.69116], [6.114481, 49.691162], [6.114397, 49.691185], [6.114344, 49.691196], [6.114233, 49.691223], [6.114065, 49.691265], [6.11389, 49.691307], [6.113768, 49.691338], [6.113577, 49.690826], [6.112894, 49.690746], [6.112589, 49.690712], [6.112459, 49.69069], [6.112326, 49.690655], [6.11223, 49.69064], [6.112162, 49.69063], [6.112028, 49.690624], [6.111788, 49.690605], [6.111753, 49.6906], [6.111712, 49.690598], [6.11162, 49.69059], [6.111475, 49.69058], [6.111296, 49.690563], [6.111227, 49.690556], [6.1112, 49.690556], [6.11093, 49.690533], [6.110628, 49.690517], [6.110388, 49.690502], [6.110308, 49.690495], [6.110197, 49.690487], [6.109919, 49.690456], [6.109465, 49.690403], [6.109175, 49.69036], [6.108854, 49.690308], [6.108473, 49.69024], [6.10811, 49.69016], [6.107767, 49.690086], [6.10734, 49.689987], [6.107206, 49.68999], [6.107019, 49.689644], [6.106978, 49.68965], [6.10679, 49.689697], [6.106687, 49.689724], [6.106577, 49.68975], [6.10644, 49.68979], [6.106306, 49.689823], [6.106051, 49.689297], [6.10597, 49.68931], [6.10589, 49.68932], [6.10581, 49.689327], [6.105795, 49.68933], [6.105669, 49.689346], [6.105646, 49.68935], [6.105555, 49.68936], [6.105493, 49.689365], [6.105421, 49.689373], [6.105284, 49.68939], [6.105074, 49.68941], [6.105074, 49.68929], [6.105066, 49.68916], [6.105066, 49.689064], [6.104933, 49.68899], [6.104727, 49.68892], [6.104361, 49.688778], [6.103819, 49.688576], [6.103361, 49.688393], [6.102755, 49.688145], [6.102282, 49.687946], [6.101988, 49.687817], [6.101725, 49.687675], [6.101439, 49.687515], [6.101141, 49.68735], [6.101084, 49.68736], [6.100973, 49.687294], [6.100819, 49.68722], [6.100718, 49.687172], [6.10013, 49.686893], [6.099722, 49.686714], [6.099546, 49.68664], [6.099382, 49.686573], [6.099157, 49.686478], [6.098883, 49.686363], [6.098612, 49.686245], [6.098467, 49.686188], [6.09823, 49.686115], [6.097986, 49.686043], [6.097341, 49.685856], [6.096979, 49.68575], [6.096701, 49.685665], [6.096079, 49.685482], [6.095659, 49.685364], [6.095255, 49.68524], [6.094843, 49.685127], [6.094465, 49.685024], [6.094328, 49.68499], [6.093741, 49.684834], [6.093409, 49.684742], [6.092962, 49.684814], [6.092882, 49.68483], [6.092337, 49.684925], [6.091944, 49.684998], [6.091898, 49.68501], [6.09178, 49.685028], [6.091723, 49.68504], [6.091661, 49.68505], [6.091604, 49.68506], [6.091509, 49.685078], [6.091456, 49.68509], [6.091001, 49.68517], [6.090219, 49.685318], [6.090147, 49.685333], [6.09017, 49.68546], [6.090227, 49.68559], [6.090349, 49.685772], [6.09038, 49.68582], [6.090406, 49.68593], [6.090426, 49.686104], [6.090387, 49.686268], [6.090273, 49.686382], [6.090162, 49.686455], [6.090178, 49.686535], [6.090223, 49.686573], [6.090486, 49.686695], [6.090631, 49.68681], [6.090731, 49.686924], [6.090765, 49.68703], [6.090776, 49.687115], [6.090757, 49.687233], [6.090658, 49.68746], [6.090662, 49.68768], [6.090719, 49.687878], [6.090769, 49.688004], [6.090826, 49.68805], [6.090948, 49.688095], [6.091368, 49.688164], [6.091581, 49.688225], [6.091753, 49.688305], [6.091887, 49.688377], [6.092005, 49.688465], [6.092039, 49.68852], [6.092047, 49.688557], [6.092035, 49.6886], [6.091986, 49.688644], [6.091898, 49.68869], [6.091677, 49.688755], [6.091562, 49.68878], [6.091475, 49.688824], [6.091429, 49.68888], [6.091413, 49.68893], [6.091429, 49.689026], [6.091456, 49.689117], [6.09149, 49.68916], [6.091665, 49.68926], [6.092043, 49.689423], [6.092192, 49.68953], [6.092249, 49.689625], [6.092238, 49.689686], [6.092112, 49.69003], [6.092077, 49.690186], [6.092032, 49.69047], [6.091993, 49.69057], [6.091906, 49.690674], [6.091738, 49.690777], [6.091597, 49.690853], [6.091528, 49.690903], [6.091517, 49.69096], [6.091536, 49.69105], [6.091577, 49.69112], [6.091833, 49.691383], [6.091887, 49.691456], [6.091879, 49.691517], [6.091856, 49.691544], [6.091669, 49.69158], [6.09144, 49.69161], [6.091345, 49.691635], [6.091299, 49.691666], [6.091288, 49.6917], [6.091299, 49.69183], [6.091314, 49.692024], [6.091291, 49.6921], [6.091234, 49.692158], [6.091154, 49.69221], [6.09104, 49.692253], [6.090937, 49.692276], [6.090834, 49.692276], [6.090754, 49.692287], [6.090708, 49.69233], [6.0907, 49.69238], [6.090712, 49.692482], [6.090734, 49.692616], [6.090773, 49.69273], [6.090826, 49.692806], [6.090914, 49.692886], [6.09096, 49.692944], [6.090963, 49.692978], [6.09091, 49.693027], [6.090857, 49.69306], [6.090769, 49.6931], [6.090654, 49.693142], [6.090532, 49.69323], [6.090452, 49.693325], [6.09041, 49.693398], [6.090418, 49.693516], [6.090452, 49.693638], [6.09049, 49.693707], [6.090548, 49.69377], [6.090662, 49.69382], [6.090795, 49.693863], [6.090914, 49.693977], [6.090979, 49.69414], [6.091013, 49.69429], [6.091024, 49.694485], [6.091017, 49.69458], [6.090998, 49.69462], [6.090898, 49.694687], [6.090738, 49.69479], [6.090635, 49.694866], [6.090616, 49.694912], [6.090616, 49.69495], [6.090651, 49.694996], [6.09075, 49.695095], [6.090803, 49.695194], [6.090845, 49.69525], [6.090929, 49.695293], [6.091105, 49.695362], [6.091208, 49.695408], [6.091246, 49.69543], [6.091249, 49.695488], [6.091238, 49.695534], [6.091208, 49.695564], [6.091158, 49.69559], [6.091055, 49.695618], [6.090513, 49.6957], [6.090273, 49.69574], [6.090189, 49.69578], [6.090166, 49.69582], [6.090174, 49.69591], [6.090197, 49.696026], [6.090212, 49.696125], [6.090239, 49.696205], [6.090273, 49.69625], [6.09033, 49.69628], [6.090471, 49.69633], [6.090536, 49.696384], [6.090555, 49.69644], [6.090567, 49.696537], [6.090544, 49.696625], [6.090548, 49.696686], [6.09057, 49.696766], [6.090582, 49.69682], [6.090563, 49.696915], [6.09057, 49.696957], [6.09059, 49.69701], [6.090628, 49.69705], [6.090898, 49.69726], [6.091005, 49.697426], [6.091028, 49.69751], [6.091017, 49.69757], [6.090986, 49.69761], [6.090914, 49.69766], [6.09083, 49.697697], [6.0907, 49.697742], [6.090612, 49.697792], [6.09059, 49.69782], [6.090574, 49.697914], [6.090559, 49.69808], [6.090528, 49.69829], [6.090456, 49.69856], [6.090399, 49.698692], [6.090357, 49.698692], [6.089735, 49.69868], [6.088743, 49.69864], [6.088335, 49.69863], [6.087904, 49.698627], [6.087694, 49.69863], [6.08758, 49.698635], [6.087442, 49.698643], [6.087294, 49.698654], [6.087088, 49.698673], [6.086927, 49.6987], [6.086821, 49.69871], [6.086794, 49.698715], [6.086775, 49.69871], [6.086756, 49.698696], [6.086741, 49.698673], [6.086733, 49.698635], [6.086718, 49.69862], [6.086687, 49.698605], [6.086641, 49.69858], [6.086622, 49.698578], [6.086607, 49.698578], [6.086588, 49.698593], [6.086542, 49.69861], [6.086519, 49.698605], [6.086489, 49.698593], [6.086416, 49.69855], [6.086336, 49.6985], [6.086325, 49.698486], [6.086321, 49.698467], [6.08634, 49.698444], [6.086351, 49.698425], [6.086348, 49.69841], [6.086328, 49.6984], [6.086306, 49.698402], [6.086283, 49.698425], [6.086267, 49.698425], [6.086252, 49.698418], [6.086241, 49.698402], [6.086233, 49.69838], [6.086229, 49.69835], [6.086214, 49.698334], [6.086199, 49.698322], [6.086164, 49.698315], [6.086111, 49.698303], [6.086096, 49.698296], [6.086077, 49.698277], [6.086061, 49.698242], [6.086054, 49.698227], [6.086039, 49.698215], [6.086016, 49.698208], [6.086008, 49.698196], [6.085981, 49.69815], [6.085962, 49.698112], [6.085943, 49.698097], [6.085916, 49.698082], [6.08589, 49.69807], [6.085875, 49.69807], [6.085856, 49.69808], [6.085836, 49.69808], [6.085817, 49.69807], [6.085802, 49.698063], [6.085779, 49.698036], [6.08576, 49.69802], [6.085737, 49.69801], [6.085718, 49.698006], [6.085703, 49.697998], [6.085676, 49.697956], [6.085627, 49.69792], [6.085562, 49.69789], [6.085497, 49.697865], [6.085401, 49.69783], [6.085348, 49.6978], [6.085318, 49.697773], [6.085302, 49.697758], [6.085276, 49.697746], [6.085257, 49.69775], [6.085234, 49.69776], [6.085215, 49.697765], [6.08518, 49.697765], [6.085161, 49.697758], [6.085131, 49.69774], [6.085115, 49.697727], [6.085112, 49.69771], [6.085104, 49.697693], [6.085089, 49.69768], [6.085051, 49.697678], [6.085024, 49.69767], [6.08486, 49.69756], [6.084829, 49.697544], [6.084806, 49.697533], [6.084742, 49.69749], [6.084639, 49.697464], [6.084471, 49.69742], [6.084352, 49.697395], [6.084238, 49.697376], [6.084154, 49.69736], [6.084116, 49.697346], [6.084078, 49.69733], [6.084047, 49.69731], [6.084024, 49.697285], [6.083994, 49.69725], [6.083952, 49.69719], [6.083925, 49.69716], [6.08388, 49.697124], [6.083818, 49.697098], [6.08375, 49.697063], [6.083719, 49.697044], [6.0837, 49.697025], [6.083673, 49.69698], [6.083654, 49.69696], [6.083624, 49.69694], [6.083586, 49.696922], [6.083532, 49.6969], [6.083494, 49.69688], [6.08346, 49.69687], [6.083311, 49.696835], [6.083235, 49.69681], [6.083212, 49.6968], [6.083197, 49.696785], [6.0832, 49.69677], [6.08322, 49.69675], [6.083235, 49.69673], [6.083231, 49.69671], [6.083223, 49.69669], [6.08317, 49.696636], [6.083143, 49.6966], [6.083109, 49.69654], [6.083078, 49.696476], [6.083056, 49.69645], [6.083036, 49.696434], [6.083006, 49.69642], [6.082949, 49.696407], [6.082926, 49.6964], [6.082903, 49.696384], [6.082842, 49.696335], [6.082815, 49.696323], [6.08275, 49.696304], [6.082731, 49.696293], [6.082716, 49.696285], [6.082712, 49.696262], [6.08272, 49.69624], [6.082708, 49.696224], [6.082624, 49.69617], [6.082228, 49.69595], [6.082167, 49.69592], [6.082136, 49.695904], [6.08206, 49.69588], [6.081911, 49.69584], [6.081804, 49.695812], [6.081766, 49.695797], [6.081736, 49.695786], [6.08169, 49.69576], [6.081598, 49.695705], [6.081507, 49.695656], [6.081438, 49.69562], [6.081331, 49.69558], [6.081278, 49.695557], [6.081224, 49.695545], [6.081171, 49.695538], [6.081099, 49.695522], [6.081037, 49.695496], [6.080957, 49.695465], [6.080885, 49.69545], [6.080809, 49.695442], [6.080698, 49.69544], [6.080629, 49.695435], [6.08058, 49.695423], [6.080538, 49.695404], [6.080462, 49.69536], [6.080404, 49.69534], [6.080305, 49.69532], [6.080172, 49.695312], [6.08005, 49.695293], [6.079946, 49.695286], [6.079847, 49.69528], [6.079748, 49.69525], [6.079699, 49.69524], [6.079596, 49.69521], [6.079512, 49.695175], [6.079435, 49.695145], [6.079382, 49.695133], [6.079321, 49.69512], [6.079271, 49.695126], [6.079138, 49.695145], [6.079104, 49.695137], [6.079061, 49.695118], [6.079016, 49.69508], [6.078993, 49.695057], [6.078951, 49.695034], [6.07892, 49.695015], [6.078886, 49.695004], [6.078852, 49.694996], [6.078791, 49.695], [6.078745, 49.695007], [6.0786, 49.695038], [6.078546, 49.69504], [6.078489, 49.695034], [6.078436, 49.69502], [6.07839, 49.694996], [6.078356, 49.69499], [6.078291, 49.694984], [6.078203, 49.694977], [6.078146, 49.694973], [6.078096, 49.69496], [6.078062, 49.694942], [6.078005, 49.694904], [6.077982, 49.694893], [6.077951, 49.69488], [6.077883, 49.69487], [6.077787, 49.69486], [6.077723, 49.694843], [6.077555, 49.694798], [6.077253, 49.69472], [6.07712, 49.694683], [6.076952, 49.694626], [6.076761, 49.694557], [6.076658, 49.69451], [6.076616, 49.694496], [6.076593, 49.694492], [6.076563, 49.694496], [6.07651, 49.694504], [6.076452, 49.694508], [6.076391, 49.694504], [6.076345, 49.694496], [6.076174, 49.694473], [6.07609, 49.694466], [6.075975, 49.694447], [6.075907, 49.694435], [6.075823, 49.694424], [6.075632, 49.69441], [6.075422, 49.694397], [6.075369, 49.694393], [6.075323, 49.694336], [6.07522, 49.694336], [6.075041, 49.69442], [6.07469, 49.694572], [6.074335, 49.69473], [6.074049, 49.694862], [6.073862, 49.69495], [6.07366, 49.695065], [6.073362, 49.695248], [6.073065, 49.695446], [6.072863, 49.69558], [6.07276, 49.69567], [6.072653, 49.695766], [6.072584, 49.695805], [6.072355, 49.696022], [6.072107, 49.69626], [6.071867, 49.696484], [6.071787, 49.696552], [6.071741, 49.696587], [6.071989, 49.69673], [6.072355, 49.696945], [6.072092, 49.697384], [6.072081, 49.697483], [6.072096, 49.697506], [6.072226, 49.697666], [6.072348, 49.69781], [6.072809, 49.698376], [6.072836, 49.698406], [6.07279, 49.69843], [6.072485, 49.698586], [6.07202, 49.698828], [6.072012, 49.698843], [6.071871, 49.699047], [6.071642, 49.69939], [6.071539, 49.699547], [6.071455, 49.69964], [6.071169, 49.69994], [6.071081, 49.700035], [6.070986, 49.700134], [6.070833, 49.7003], [6.070806, 49.700325], [6.070623, 49.700523], [6.070593, 49.700554], [6.07044, 49.700714], [6.070379, 49.70078], [6.07033, 49.700836], [6.070173, 49.701], [6.070124, 49.701054], [6.070074, 49.701107], [6.069975, 49.70122], [6.069952, 49.70125], [6.069872, 49.70134], [6.069841, 49.70138], [6.06975, 49.70149], [6.069765, 49.701687], [6.069776, 49.701824], [6.069784, 49.70197], [6.06978, 49.70207], [6.069773, 49.702114], [6.069754, 49.702206], [6.069727, 49.702316], [6.069685, 49.70237], [6.069647, 49.702415], [6.069529, 49.702534], [6.069422, 49.702644], [6.069361, 49.702744], [6.069326, 49.702816], [6.069178, 49.70288], [6.068811, 49.70303], [6.06872, 49.703075], [6.068701, 49.70308], [6.068674, 49.70309], [6.068571, 49.70309], [6.068548, 49.703102], [6.068506, 49.703133], [6.068396, 49.703205], [6.068365, 49.703224], [6.068296, 49.70326], [6.068232, 49.7033], [6.068178, 49.703335], [6.068151, 49.70335], [6.068113, 49.70336], [6.068094, 49.70337], [6.068071, 49.703377], [6.068041, 49.70338], [6.067984, 49.70339], [6.067942, 49.703392], [6.067911, 49.703396], [6.067842, 49.703396], [6.067781, 49.703407], [6.067698, 49.703426], [6.067644, 49.70343], [6.067556, 49.70343], [6.06753, 49.703434], [6.067492, 49.703445], [6.067434, 49.70346], [6.067312, 49.703495], [6.067175, 49.70352], [6.067118, 49.703526], [6.067072, 49.70352], [6.067034, 49.70352], [6.067007, 49.703518], [6.066912, 49.703514], [6.066771, 49.703514], [6.066591, 49.70351], [6.066546, 49.70351], [6.066458, 49.703495], [6.066408, 49.703487], [6.066259, 49.70348], [6.06621, 49.70348], [6.066198, 49.703476], [6.066175, 49.703472], [6.066088, 49.70344], [6.066053, 49.703438], [6.066011, 49.70344], [6.065947, 49.703457], [6.065874, 49.703472], [6.065821, 49.703487], [6.065737, 49.703506], [6.065649, 49.70353], [6.065584, 49.70354], [6.065466, 49.70354], [6.065363, 49.70356], [6.065252, 49.70358], [6.065203, 49.703587], [6.06513, 49.703587], [6.064959, 49.70357], [6.064836, 49.703568], [6.064718, 49.70357], [6.064573, 49.703587], [6.06447, 49.7036], [6.06436, 49.703617], [6.064306, 49.703617], [6.064238, 49.703606], [6.064196, 49.7036], [6.064142, 49.7036], [6.064074, 49.703606], [6.064016, 49.703606], [6.063963, 49.70361], [6.063894, 49.703613], [6.063784, 49.70361], [6.063742, 49.703613], [6.063703, 49.703617], [6.063631, 49.70363], [6.063581, 49.70363], [6.063444, 49.70362], [6.063376, 49.703617], [6.063292, 49.70362], [6.063181, 49.70362], [6.063116, 49.703606], [6.063082, 49.7036], [6.062956, 49.70362], [6.062925, 49.70362], [6.062883, 49.70361], [6.062841, 49.70361], [6.062792, 49.70363], [6.062738, 49.703648], [6.062704, 49.70365], [6.06267, 49.703648], [6.062643, 49.703636], [6.062624, 49.70362], [6.062582, 49.703583], [6.062536, 49.703552], [6.062502, 49.703537], [6.062426, 49.703518], [6.062326, 49.703506], [6.062223, 49.703495], [6.062128, 49.70349], [6.062025, 49.70349], [6.061918, 49.7035], [6.061865, 49.703495], [6.061804, 49.703487], [6.061708, 49.703472], [6.061605, 49.703445], [6.061525, 49.703415], [6.061453, 49.703377], [6.061384, 49.70333], [6.061331, 49.703304], [6.061262, 49.703278], [6.061197, 49.703266], [6.061152, 49.703255], [6.061106, 49.703236], [6.061079, 49.703228], [6.06106, 49.70322], [6.06093, 49.703197], [6.060782, 49.703175], [6.060633, 49.70316], [6.060499, 49.703148], [6.060377, 49.703144], [6.060228, 49.703148], [6.060041, 49.70316], [6.059935, 49.70317], [6.059874, 49.70317], [6.059847, 49.703163], [6.05979, 49.703136], [6.059763, 49.70313], [6.059721, 49.703125], [6.059668, 49.70312], [6.059633, 49.703114], [6.059584, 49.703094], [6.059526, 49.70307], [6.059458, 49.703056], [6.059301, 49.70303], [6.059172, 49.703], [6.059092, 49.702976], [6.058989, 49.70295], [6.058721, 49.702892], [6.058695, 49.702896], [6.058661, 49.702904], [6.058622, 49.702904], [6.058592, 49.702896], [6.058577, 49.70289], [6.058554, 49.702866], [6.058527, 49.70284], [6.0585, 49.702824], [6.05847, 49.702812], [6.058439, 49.70281], [6.058386, 49.702805], [6.0585, 49.702557], [6.058615, 49.702324], [6.058748, 49.70223], [6.058996, 49.702053], [6.059168, 49.70187], [6.059214, 49.70182], [6.059374, 49.701653], [6.059523, 49.70156], [6.059751, 49.70142], [6.059359, 49.701427], [6.059084, 49.70147], [6.058699, 49.701447], [6.058481, 49.701412], [6.058252, 49.70137], [6.058008, 49.70126], [6.057825, 49.70118], [6.057692, 49.70112], [6.057772, 49.700962], [6.057913, 49.700714], [6.058012, 49.70053], [6.058065, 49.70044], [6.058199, 49.700188], [6.058367, 49.699883], [6.058443, 49.699738], [6.058542, 49.699562], [6.058645, 49.699364], [6.058658, 49.699344], [6.058683, 49.699306], [6.05871, 49.699253], [6.058733, 49.699215], [6.05876, 49.699165], [6.058775, 49.69914], [6.058825, 49.699055], [6.058973, 49.6989], [6.059038, 49.698837], [6.059099, 49.69877], [6.059153, 49.698715], [6.059217, 49.69865], [6.059359, 49.6985], [6.059374, 49.69849], [6.059313, 49.698483], [6.059156, 49.69846], [6.058924, 49.698425], [6.058523, 49.69836], [6.05863, 49.69811], [6.058657, 49.698044], [6.058752, 49.697826], [6.058825, 49.69768], [6.058916, 49.69751], [6.0585, 49.697384], [6.058092, 49.697258], [6.057489, 49.69708], [6.055937, 49.696608], [6.05567, 49.69688], [6.055639, 49.696915], [6.055548, 49.69701], [6.055498, 49.697075], [6.055479, 49.697098], [6.055414, 49.69719], [6.055372, 49.697243], [6.055243, 49.697422], [6.05522, 49.69745], [6.055059, 49.697666], [6.054647, 49.697685], [6.054502, 49.69765], [6.054266, 49.69759], [6.054174, 49.69753], [6.054026, 49.697437], [6.05372, 49.697216], [6.053694, 49.697193], [6.053389, 49.69695], [6.05335, 49.696964], [6.053095, 49.696743], [6.052854, 49.69655], [6.052794, 49.696478], [6.052252, 49.696125], [6.051939, 49.695915], [6.051695, 49.69575], [6.051355, 49.695515], [6.0511, 49.695347], [6.051348, 49.695183], [6.051409, 49.69514], [6.051004, 49.694927], [6.050577, 49.694706], [6.050322, 49.694572], [6.049913, 49.694374], [6.049374, 49.69412], [6.049228, 49.694052], [6.049208, 49.694042], [6.049166, 49.694084], [6.049116, 49.694138], [6.048651, 49.694016], [6.048201, 49.693893], [6.048025, 49.693844], [6.047773, 49.69377], [6.047255, 49.693623], [6.047068, 49.693565], [6.04685, 49.69391], [6.04669, 49.694157], [6.046164, 49.6941], [6.045942, 49.694065], [6.045706, 49.694027], [6.045282, 49.693996], [6.04508, 49.69398], [6.044817, 49.69395], [6.044741, 49.693943], [6.044493, 49.693916], [6.044256, 49.693893], [6.044008, 49.69387], [6.043764, 49.693844], [6.043535, 49.693817], [6.043295, 49.693787], [6.043146, 49.693752], [6.042982, 49.69371], [6.042868, 49.69368], [6.042635, 49.693592], [6.042433, 49.69352], [6.042177, 49.69341], [6.042028, 49.693344], [6.04178, 49.693237], [6.041624, 49.69317], [6.041395, 49.693058], [6.041208, 49.692966], [6.041033, 49.692894], [6.040819, 49.692802], [6.040422, 49.69264], [6.040186, 49.69255], [6.039976, 49.692474], [6.039679, 49.692352], [6.039545, 49.692303], [6.039347, 49.692223], [6.03916, 49.692154], [6.03882, 49.69203], [6.03874, 49.692005], [6.038488, 49.69192], [6.038248, 49.69184], [6.038027, 49.691765], [6.037821, 49.69169], [6.037676, 49.691624], [6.037382, 49.691483], [6.037245, 49.691414], [6.037062, 49.69131], [6.036844, 49.69146], [6.036669, 49.691586], [6.036383, 49.691772], [6.036314, 49.69182], [6.035936, 49.69208], [6.035898, 49.69211], [6.036081, 49.692204], [6.036429, 49.69237], [6.036612, 49.692467], [6.036932, 49.692627], [6.037539, 49.692932], [6.037668, 49.69311], [6.037806, 49.69319], [6.037623, 49.69338], [6.037539, 49.693462], [6.037188, 49.693825], [6.036966, 49.694042], [6.036947, 49.694065], [6.036783, 49.69423], [6.036612, 49.694397], [6.036341, 49.694668], [6.036249, 49.694756], [6.036234, 49.694775], [6.036196, 49.69481], [6.036062, 49.69494], [6.036039, 49.69496], [6.035929, 49.69507], [6.035875, 49.69512], [6.035753, 49.695244], [6.03562, 49.695377], [6.035547, 49.69545], [6.035517, 49.69548], [6.035505, 49.695496], [6.03541, 49.69546], [6.035025, 49.695328], [6.034658, 49.6952], [6.034349, 49.6951], [6.033571, 49.694843], [6.033442, 49.69481], [6.033224, 49.694748], [6.033255, 49.69481], [6.033281, 49.69489], [6.033285, 49.694942], [6.033266, 49.695026], [6.033239, 49.69511], [6.033197, 49.69518], [6.033148, 49.695244], [6.033079, 49.695343], [6.033056, 49.695374], [6.032949, 49.69553], [6.032892, 49.695625], [6.032854, 49.695694], [6.032835, 49.695736], [6.032827, 49.69577], [6.032827, 49.69581], [6.032835, 49.69583], [6.032858, 49.695873], [6.032877, 49.6959], [6.0329, 49.695927], [6.032911, 49.695946], [6.032953, 49.696007], [6.03306, 49.696148], [6.033148, 49.696274], [6.033167, 49.696304], [6.033186, 49.696323], [6.033136, 49.696384], [6.033117, 49.696373], [6.033022, 49.696278], [6.032904, 49.69622], [6.032736, 49.69617], [6.032572, 49.696117], [6.032438, 49.69613], [6.032232, 49.696175], [6.032072, 49.69628], [6.032, 49.69632], [6.031931, 49.696323], [6.031847, 49.69631], [6.03163, 49.696247], [6.031519, 49.6962], [6.031382, 49.69611], [6.031199, 49.696003], [6.031065, 49.69597], [6.030859, 49.695953], [6.030626, 49.695953], [6.030405, 49.69593], [6.030207, 49.695892], [6.029905, 49.695805], [6.029684, 49.69574], [6.029585, 49.695744], [6.029257, 49.695827], [6.028967, 49.69585], [6.028646, 49.695885], [6.02833, 49.69593], [6.028128, 49.696022], [6.027994, 49.696053], [6.027811, 49.696075], [6.027563, 49.696156], [6.027166, 49.69625], [6.026449, 49.696537], [6.0259, 49.696823], [6.025713, 49.69687], [6.025484, 49.69687], [6.025091, 49.696865], [6.024824, 49.696922], [6.02458, 49.697002], [6.02429, 49.697075], [6.023909, 49.6971], [6.02389, 49.69708], [6.023855, 49.697025], [6.023786, 49.696968], [6.023718, 49.696915], [6.023523, 49.69675], [6.023466, 49.696705], [6.023203, 49.696476], [6.023054, 49.69635], [6.02294, 49.69625], [6.022898, 49.69621], [6.022779, 49.6961], [6.022539, 49.69587], [6.02223, 49.695988], [6.022123, 49.69603], [6.021986, 49.69609], [6.021765, 49.696205], [6.021509, 49.696335], [6.021368, 49.696392], [6.021318, 49.696407], [6.02128, 49.69642], [6.021173, 49.696453], [6.021116, 49.696472], [6.021017, 49.696507], [6.020834, 49.696575], [6.020655, 49.696655], [6.02035, 49.69679], [6.020037, 49.696926], [6.019918, 49.69698], [6.019812, 49.69703], [6.019724, 49.697067], [6.019518, 49.697166], [6.019297, 49.69725], [6.019182, 49.69728], [6.018938, 49.69735], [6.018648, 49.69742], [6.018549, 49.697227], [6.018522, 49.697178], [6.018019, 49.69721], [6.01758, 49.69723], [6.017416, 49.69724], [6.01708, 49.69724], [6.01697, 49.69722], [6.016859, 49.697193], [6.016703, 49.697144], [6.016363, 49.697018], [6.016302, 49.69709], [6.01623, 49.697067], [6.015837, 49.69695], [6.015757, 49.696922], [6.015696, 49.6969], [6.015432, 49.696785], [6.015272, 49.696716], [6.015108, 49.69664], [6.014986, 49.696568], [6.014765, 49.696396], [6.014498, 49.696167], [6.01409, 49.695858], [6.013865, 49.69569], [6.013456, 49.69538], [6.013327, 49.695286], [6.013228, 49.695213], [6.01293, 49.694977], [6.012503, 49.694775], [6.012335, 49.694702], [6.012281, 49.69468], [6.012121, 49.694607], [6.012026, 49.69457], [6.011683, 49.694458], [6.011343, 49.69435], [6.011004, 49.69424], [6.010874, 49.69438], [6.010847, 49.694412], [6.010687, 49.694588], [6.010633, 49.69464], [6.010405, 49.69487], [6.009569, 49.694637], [6.009527, 49.69468], [6.009348, 49.69487], [6.009161, 49.695065], [6.00905, 49.695175], [6.009008, 49.69522], [6.008944, 49.695286], [6.008871, 49.695362], [6.008841, 49.69539], [6.008562, 49.695377], [6.008242, 49.695377], [6.008142, 49.69535], [6.008051, 49.6953], [6.007944, 49.69527], [6.007772, 49.69529], [6.007379, 49.695457], [6.007196, 49.695484], [6.006922, 49.69552], [6.006823, 49.695503], [6.006754, 49.69546], [6.006716, 49.695396], [6.006666, 49.695168], [6.006609, 49.695118], [6.006361, 49.69507], [6.00614, 49.69502], [6.006102, 49.695065], [6.005766, 49.695454], [6.005751, 49.695477], [6.00654, 49.695747], [6.006449, 49.695885], [6.00609, 49.69643], [6.006361, 49.696487], [6.006315, 49.696625], [6.006304, 49.69666], [6.006277, 49.696735], [6.006262, 49.696796], [6.006254, 49.696823], [6.00625, 49.696846], [6.006235, 49.6969], [6.00622, 49.696976], [6.006208, 49.697044], [6.006201, 49.69708], [6.006185, 49.697147], [6.006163, 49.697277], [6.006147, 49.697342], [6.006113, 49.69752], [6.006094, 49.697613], [6.006041, 49.697857], [6.006025, 49.697914], [6.005255, 49.69792], [6.004976, 49.69791], [6.004606, 49.698112], [6.004332, 49.69826], [6.003687, 49.698223], [6.003294, 49.69817], [6.002905, 49.698242], [6.002203, 49.69812], [6.001566, 49.697807], [6.00152, 49.697784], [6.001116, 49.697586], [6.000708, 49.697437], [6.000288, 49.69728], [5.999987, 49.69709], [5.999918, 49.69705], [5.999941, 49.696938], [5.999693, 49.69688], [5.999525, 49.69685], [5.999308, 49.69682], [5.999094, 49.696804], [5.998797, 49.6968], [5.99859, 49.69681], [5.998339, 49.696835], [5.998251, 49.696846], [5.998182, 49.696865], [5.998068, 49.6969], [5.997961, 49.69695], [5.997763, 49.697056], [5.996923, 49.697556], [5.997366, 49.697895], [5.997744, 49.698177], [5.997843, 49.69825], [5.997942, 49.698326], [5.998007, 49.69867], [5.997984, 49.698902], [5.997942, 49.699024], [5.997892, 49.699165], [5.997885, 49.699192], [5.997862, 49.699257], [5.997827, 49.69934], [5.997759, 49.69951], [5.997744, 49.699543], [5.997595, 49.699886], [5.997644, 49.699894], [5.997778, 49.699905], [5.997934, 49.69993], [5.998087, 49.69995], [5.998213, 49.69997], [5.998442, 49.700016], [5.998747, 49.70009], [5.999102, 49.70019], [5.999636, 49.70035], [6.000067, 49.700497], [6.000002, 49.700592], [5.999991, 49.700607], [5.999968, 49.700645], [5.999845, 49.700806], [5.999834, 49.70082], [5.999777, 49.700897], [5.999739, 49.70095], [5.999472, 49.7013], [5.999399, 49.701397], [5.999369, 49.701443], [5.99935, 49.701485], [5.999342, 49.701504], [5.999323, 49.701546], [5.999315, 49.701565], [5.999296, 49.701607], [5.999273, 49.701668], [5.999315, 49.7017], [5.999655, 49.70194], [5.999971, 49.702175], [6.000509, 49.70257], [6.000498, 49.70258], [6.000788, 49.702812], [6.000818, 49.702835], [6.00086, 49.70286], [6.000925, 49.702915], [6.001261, 49.70318], [6.001665, 49.703484], [6.001726, 49.703465], [6.001799, 49.703445], [6.001909, 49.70343], [6.002062, 49.703396], [6.002169, 49.703358], [6.002249, 49.70332], [6.002329, 49.703278], [6.002359, 49.70326], [6.002443, 49.7032], [6.002493, 49.703156], [6.002539, 49.703117], [6.002634, 49.70303], [6.002653, 49.70302], [6.002676, 49.703003], [6.00271, 49.702988], [6.002821, 49.702953], [6.002939, 49.70292], [6.003187, 49.702847], [6.003488, 49.70309], [6.003851, 49.703373], [6.003038, 49.703903], [6.002752, 49.704117], [6.002668, 49.70419], [6.002592, 49.70427], [6.00252, 49.704353], [6.002459, 49.70445], [6.002542, 49.70449], [6.002619, 49.704533], [6.002733, 49.704594], [6.002916, 49.704693], [6.003122, 49.7048], [6.003344, 49.70492], [6.003775, 49.70515], [6.003992, 49.705265], [6.004251, 49.705406], [6.00424, 49.705425], [6.004225, 49.705452], [6.004213, 49.705475], [6.004206, 49.70551], [6.004206, 49.70553], [6.004202, 49.70557], [6.004183, 49.70558], [6.003927, 49.705738], [6.003882, 49.70576], [6.00382, 49.7058], [6.003733, 49.705853], [6.003584, 49.70594], [6.003531, 49.705975], [6.003332, 49.706097], [6.003088, 49.706238], [6.003019, 49.706276], [6.002859, 49.70636], [6.002645, 49.706455], [6.002588, 49.70648], [6.002462, 49.706528], [6.002249, 49.706627], [6.002119, 49.706688], [6.0021, 49.7067], [6.002081, 49.70671], [6.001848, 49.70686], [6.001684, 49.706985], [6.001558, 49.707096], [6.001333, 49.70729], [6.001299, 49.707314], [6.001112, 49.70746], [6.000994, 49.707546], [6.000891, 49.707626], [6.000708, 49.70778], [6.000544, 49.70792], [6.000383, 49.70807], [6.000235, 49.708206], [6.000128, 49.70831], [6.000067, 49.708366], [6.000006, 49.70843], [5.999945, 49.708504], [5.999914, 49.708534], [5.999716, 49.708748], [5.999514, 49.70899], [5.999483, 49.709023], [5.999422, 49.7091], [5.999315, 49.70923], [5.999273, 49.709282], [5.999155, 49.70942], [5.998964, 49.709633], [5.998903, 49.7097], [5.998873, 49.709736], [5.998755, 49.70987], [5.998671, 49.70996], [5.998636, 49.710003], [5.998564, 49.710083], [5.998293, 49.710396], [5.998159, 49.71056], [5.997995, 49.710743], [5.997889, 49.71086], [5.997824, 49.710938], [5.997782, 49.710983], [5.997767, 49.711002], [5.997675, 49.7111], [5.997576, 49.711224], [5.997553, 49.71126], [5.997534, 49.711315], [5.99753, 49.71134], [5.997515, 49.711514], [5.997503, 49.71154], [5.997492, 49.711582], [5.997137, 49.712025], [5.997343, 49.71212], [5.997526, 49.71222], [5.997732, 49.712345], [5.997927, 49.712475], [5.998026, 49.71254], [5.998137, 49.712616], [5.998293, 49.71273], [5.998339, 49.712776], [5.998396, 49.712826], [5.998491, 49.712917], [5.998526, 49.712944], [5.998716, 49.71312], [5.998785, 49.71308], [5.999128, 49.713287], [5.999205, 49.71334], [5.999262, 49.713394], [5.999327, 49.71348], [5.999395, 49.71363], [5.999445, 49.71375], [5.999498, 49.71385], [5.999571, 49.713974], [5.999655, 49.714096], [5.999369, 49.71429], [5.99885, 49.714626], [5.998957, 49.714672], [5.999121, 49.71475], [5.998983, 49.71484], [5.998854, 49.714928], [5.998724, 49.715015], [5.998552, 49.71513], [5.998385, 49.71524], [5.998297, 49.7153], [5.99814, 49.715412], [5.998003, 49.715515], [5.99793, 49.715584], [5.997797, 49.715706], [5.997709, 49.715794], [5.997644, 49.71586], [5.997587, 49.71591], [5.997526, 49.715973], [5.997458, 49.716038], [5.997347, 49.71614], [5.997229, 49.716255], [5.99708, 49.71638], [5.996775, 49.716724], [5.996935, 49.71676], [5.997084, 49.71679], [5.997248, 49.71683], [5.997488, 49.716904], [5.997705, 49.716984], [5.998022, 49.717133], [5.998243, 49.71724], [5.998186, 49.71731], [5.998152, 49.717358], [5.998129, 49.71738], [5.998114, 49.717403], [5.997831, 49.71774], [5.997808, 49.717773], [5.997782, 49.71782], [5.997759, 49.717854], [5.997717, 49.717937], [5.997702, 49.717987], [5.997679, 49.718044], [5.997663, 49.718098], [5.997606, 49.718292], [5.99758, 49.71837], [5.997553, 49.71847], [5.998087, 49.718613], [5.998712, 49.718792], [5.998926, 49.718872], [5.999277, 49.71902], [5.999598, 49.719162], [5.999781, 49.719246], [5.999975, 49.71934], [6.000265, 49.719486], [6.00033, 49.71952], [6.00054, 49.719624], [6.000361, 49.71983], [6.00025, 49.71996], [6.000135, 49.720093], [6.000067, 49.720177], [5.999956, 49.720306], [5.999914, 49.72036], [5.999701, 49.720623], [5.999624, 49.72072], [5.999517, 49.720848], [5.999498, 49.720875], [6.000727, 49.721127], [6.001539, 49.721344], [6.002436, 49.721573], [6.002852, 49.721664], [6.003061, 49.721695], [6.00342, 49.72172], [6.00358, 49.721737], [6.003569, 49.72176], [6.003279, 49.722168], [6.002909, 49.722687], [6.003057, 49.722736], [6.002585, 49.723274], [6.002153, 49.723747], [6.001852, 49.72406], [6.002073, 49.724133], [6.002542, 49.72428], [6.002688, 49.724327], [6.003469, 49.724575], [6.003382, 49.72474], [6.00345, 49.72476], [6.003859, 49.724884], [6.00395, 49.72491], [6.004175, 49.72498], [6.004404, 49.725048], [6.004599, 49.725105], [6.004747, 49.72515], [6.004896, 49.725193], [6.005213, 49.72529], [6.005056, 49.725525], [6.004934, 49.72569], [6.004717, 49.72599], [6.004465, 49.726322], [6.004129, 49.726727], [6.004099, 49.72677], [6.00416, 49.726784], [6.004347, 49.72684], [6.004587, 49.726917], [6.004686, 49.726948], [6.004782, 49.72698], [6.004885, 49.72701], [6.00498, 49.727036], [6.005011, 49.727047], [6.00524, 49.72722], [6.004976, 49.72738], [6.004793, 49.72749], [6.004538, 49.72767], [6.0044, 49.727722], [6.003824, 49.727955], [6.003813, 49.728447], [6.003809, 49.728516], [6.003946, 49.72882], [6.003973, 49.72888], [6.003984, 49.728912], [6.004015, 49.728977], [6.004126, 49.729244], [6.00419, 49.72941], [6.004217, 49.72947], [6.004259, 49.729576], [6.004274, 49.729607], [6.004332, 49.729748], [6.004351, 49.72979], [6.004423, 49.729965], [6.004446, 49.730015], [6.004595, 49.73035], [6.004644, 49.730488], [6.004656, 49.730515], [6.00469, 49.730618], [6.004705, 49.730656], [6.004755, 49.730793], [6.004877, 49.73115], [6.003321, 49.731358], [6.003328, 49.731415], [6.003317, 49.731503], [6.003294, 49.73171], [6.003248, 49.731842], [6.003168, 49.732006], [6.003084, 49.73212], [6.002863, 49.732414], [6.002798, 49.73248], [6.002688, 49.732582], [6.002008, 49.733128], [6.001863, 49.73309], [6.001718, 49.73305], [6.001516, 49.73333], [6.001261, 49.73368], [6.00123, 49.733715], [6.001226, 49.733727], [6.001169, 49.7338], [6.001085, 49.733913], [6.001017, 49.73401], [6.001006, 49.734031], [6.001631, 49.734207], [6.003164, 49.73462], [6.003668, 49.73476], [6.004011, 49.73487], [6.004164, 49.73493], [6.004335, 49.734993], [6.004618, 49.735104], [6.004904, 49.7352], [6.005209, 49.735283], [6.005552, 49.73536], [6.005785, 49.735405], [6.006605, 49.73556], [6.006617, 49.735577], [6.006575, 49.735706], [6.006617, 49.735813], [6.00664, 49.735878], [6.0068, 49.7363], [6.007044, 49.736275], [6.006998, 49.736404], [6.006983, 49.73644], [6.006964, 49.736504], [6.006918, 49.736626], [6.006864, 49.736782], [6.006845, 49.736816], [6.00635, 49.736828], [6.005922, 49.736847], [6.00577, 49.73686], [6.005598, 49.736874], [6.005461, 49.736897], [6.005262, 49.736935], [6.005144, 49.73697], [6.005033, 49.737007], [6.004992, 49.737026], [6.004896, 49.737103], [6.004801, 49.73721], [6.004713, 49.737293], [6.004664, 49.737324], [6.004114, 49.73749], [6.003672, 49.737625], [6.003427, 49.7377], [6.003191, 49.737762], [6.003012, 49.7378], [6.00255, 49.737877], [6.002218, 49.73792], [6.002005, 49.737934], [6.001993, 49.73796], [6.001566, 49.738552], [6.000956, 49.73934], [6.000906, 49.739403], [6.000612, 49.739727], [6.000238, 49.740124], [6.000162, 49.740173], [6.000036, 49.74026], [5.999823, 49.74042], [5.999594, 49.74062], [5.999426, 49.740788], [5.999155, 49.741116], [5.998938, 49.741383], [5.998712, 49.74165], [5.998587, 49.74181], [5.998514, 49.741894], [5.998365, 49.742043], [5.998171, 49.74222], [5.997759, 49.742577], [5.99774, 49.74259], [5.997576, 49.742523], [5.997465, 49.74248], [5.997454, 49.742474], [5.997374, 49.742443], [5.997259, 49.742393], [5.997366, 49.742287], [5.997507, 49.742115], [5.997747, 49.74177], [5.997637, 49.741737], [5.997415, 49.741665], [5.997206, 49.741596], [5.997103, 49.74156], [5.996992, 49.741524], [5.996836, 49.741474], [5.996676, 49.74142], [5.996477, 49.741356], [5.996286, 49.74129], [5.996107, 49.741234], [5.995771, 49.741123], [5.995607, 49.741066], [5.995459, 49.74102], [5.995432, 49.74101], [5.995165, 49.740925], [5.994867, 49.741222], [5.99449, 49.741608], [5.99399, 49.742077], [5.993708, 49.742344], [5.993463, 49.742214], [5.993261, 49.742107], [5.993227, 49.742092], [5.993097, 49.742023], [5.993002, 49.742115], [5.992933, 49.742184], [5.992918, 49.742203], [5.992842, 49.74228], [5.992815, 49.742306], [5.9928, 49.74232], [5.99264, 49.74229], [5.992273, 49.74222], [5.991907, 49.742146], [5.99164, 49.742073], [5.99135, 49.741978], [5.99066, 49.741703], [5.990637, 49.74174], [5.990541, 49.74187], [5.990534, 49.741882], [5.989721, 49.74152], [5.989611, 49.74147], [5.98892, 49.741165], [5.988874, 49.74126], [5.988829, 49.74135], [5.988596, 49.74182], [5.988871, 49.74194], [5.988638, 49.7421], [5.988317, 49.742313], [5.988157, 49.742397], [5.988115, 49.742424], [5.987959, 49.742508], [5.987028, 49.742996], [5.987013, 49.743008], [5.987635, 49.74329], [5.988226, 49.74356], [5.988642, 49.743744], [5.989729, 49.744236], [5.990232, 49.74447], [5.990999, 49.74481], [5.990988, 49.74482], [5.990858, 49.744957], [5.990103, 49.744667], [5.989935, 49.744896], [5.989916, 49.74492], [5.989843, 49.74502], [5.989782, 49.745102], [5.989763, 49.74513], [5.98966, 49.745266], [5.989607, 49.745342], [5.989573, 49.745384], [5.989534, 49.745438], [5.989363, 49.745655], [5.989252, 49.745792], [5.989141, 49.74593], [5.988897, 49.74624], [5.988798, 49.746365], [5.988646, 49.74657], [5.988546, 49.74669], [5.988481, 49.746765], [5.988394, 49.746838], [5.988165, 49.74701], [5.98797, 49.74718], [5.987848, 49.74729], [5.987825, 49.74731], [5.987635, 49.747444], [5.98744, 49.747578], [5.98704, 49.747852], [5.986914, 49.74794], [5.986532, 49.748203], [5.986376, 49.74831], [5.986143, 49.748466], [5.985933, 49.74861]]]]}}]}