{"type": "FeatureCollection", "features": [{"type": "Feature", "properties": {"name": "District Grevenmacher"}, "geometry": {"type": "Polygon", "coordinates": [[[6.219316, 49.555008], [6.219774, 49.5551], [6.220038, 49.55515], [6.220091, 49.555164], [6.220266, 49.555202], [6.220472, 49.555256], [6.220575, 49.55528], [6.22106, 49.555397], [6.221544, 49.555515], [6.221731, 49.55557], [6.221777, 49.55558], [6.221853, 49.555603], [6.222444, 49.55579], [6.222658, 49.55586], [6.222967, 49.555977], [6.223516, 49.556183], [6.223822, 49.555836], [6.224188, 49.55604], [6.224478, 49.5562], [6.225042, 49.556454], [6.225203, 49.55652], [6.22547, 49.556614], [6.225542, 49.556637], [6.225706, 49.556686], [6.225828, 49.55672], [6.226122, 49.556805], [6.22624, 49.556835], [6.226507, 49.55684], [6.226603, 49.55681], [6.227137, 49.55575], [6.227358, 49.555492], [6.227991, 49.554867], [6.228296, 49.554615], [6.22912, 49.553978], [6.229734, 49.553463], [6.23028, 49.553024], [6.230326, 49.553032], [6.230921, 49.553127], [6.231176, 49.553177], [6.231386, 49.55323], [6.23179, 49.55334], [6.232145, 49.553474], [6.232561, 49.553658], [6.233267, 49.553997], [6.233412, 49.553932], [6.233519, 49.55388], [6.234057, 49.55363], [6.234545, 49.55343], [6.234953, 49.553307], [6.235022, 49.553417], [6.235044, 49.553463], [6.235102, 49.553555], [6.235163, 49.553665], [6.235193, 49.553715], [6.23522, 49.553764], [6.235251, 49.55381], [6.235258, 49.55383], [6.235308, 49.553905], [6.235475, 49.554195], [6.235334, 49.55425], [6.234865, 49.554474], [6.23448, 49.554676], [6.234098, 49.55491], [6.233896, 49.555065], [6.233713, 49.555202], [6.233484, 49.555412], [6.233335, 49.555565], [6.233068, 49.555927], [6.232965, 49.55589], [6.232904, 49.555977], [6.232847, 49.55606], [6.23276, 49.55619], [6.232664, 49.556328], [6.232626, 49.556385], [6.232443, 49.55656], [6.232332, 49.556664], [6.232229, 49.556763], [6.232084, 49.556904], [6.232023, 49.55696], [6.231928, 49.55705], [6.231821, 49.557148], [6.231707, 49.55725], [6.231646, 49.5573], [6.231585, 49.557358], [6.231531, 49.557404], [6.231463, 49.557465], [6.231218, 49.55768], [6.231165, 49.557804], [6.231108, 49.557945], [6.231054, 49.55811], [6.231012, 49.55832], [6.231001, 49.558586], [6.231024, 49.558853], [6.231024, 49.558887], [6.231051, 49.55904], [6.231081, 49.559177], [6.231108, 49.559284], [6.231169, 49.559464], [6.231199, 49.55956], [6.231302, 49.559704], [6.231566, 49.55998], [6.231607, 49.560017], [6.231684, 49.560062], [6.231813, 49.560135], [6.23197, 49.5602], [6.232054, 49.560226], [6.232199, 49.560272], [6.232698, 49.56039], [6.232744, 49.5604], [6.232843, 49.56041], [6.232962, 49.56043], [6.233072, 49.56044], [6.232935, 49.560673], [6.232855, 49.560806], [6.232515, 49.561672], [6.232439, 49.56185], [6.232367, 49.561974], [6.231978, 49.56233], [6.231939, 49.562363], [6.231806, 49.56249], [6.231741, 49.562546], [6.231642, 49.562645], [6.231676, 49.562687], [6.231714, 49.56274], [6.231829, 49.5629], [6.231878, 49.562973], [6.231993, 49.563133], [6.232054, 49.563213], [6.232092, 49.56327], [6.232122, 49.563297], [6.232267, 49.56342], [6.232401, 49.56353], [6.232687, 49.56377], [6.232782, 49.563877], [6.232946, 49.564053], [6.233019, 49.564133], [6.23308, 49.564198], [6.23311, 49.564228], [6.233126, 49.564247], [6.233183, 49.56431], [6.233236, 49.564365], [6.233343, 49.56448], [6.233381, 49.564526], [6.23345, 49.56459], [6.233511, 49.56465], [6.233526, 49.564667], [6.23361, 49.564735], [6.233713, 49.564827], [6.23382, 49.564915], [6.233847, 49.56494], [6.233889, 49.564976], [6.233679, 49.565384], [6.233652, 49.565434], [6.233606, 49.565525], [6.233599, 49.565594], [6.233595, 49.56561], [6.23353, 49.566086], [6.233339, 49.566284], [6.233049, 49.566574], [6.232904, 49.56672], [6.232553, 49.567043], [6.232252, 49.56737], [6.232038, 49.56761], [6.232401, 49.567894], [6.232248, 49.56802], [6.232061, 49.568172], [6.231806, 49.568382], [6.231516, 49.568516], [6.231375, 49.568615], [6.231134, 49.568787], [6.230825, 49.569004], [6.230887, 49.569202], [6.230982, 49.56949], [6.231008, 49.569546], [6.231127, 49.56981], [6.231207, 49.56998], [6.231237, 49.57004], [6.231302, 49.57003], [6.231443, 49.57001], [6.231554, 49.57], [6.23171, 49.569996], [6.231802, 49.569996], [6.23197, 49.570004], [6.23234, 49.570007], [6.23276, 49.569984], [6.232969, 49.569992], [6.233198, 49.57001], [6.233442, 49.57004], [6.233572, 49.570053], [6.233744, 49.570072], [6.234087, 49.570103], [6.234545, 49.57013], [6.235346, 49.570168], [6.23612, 49.570206], [6.236353, 49.570213], [6.236567, 49.57021], [6.23694, 49.570164], [6.23752, 49.570087], [6.237852, 49.570034], [6.238039, 49.569996], [6.238653, 49.569843], [6.239481, 49.56965], [6.239576, 49.569576], [6.239901, 49.569252], [6.240385, 49.568546], [6.240965, 49.568027], [6.241625, 49.56766], [6.241777, 49.567654], [6.24188, 49.567657], [6.242311, 49.56766], [6.242502, 49.567665], [6.24299, 49.56758], [6.243681, 49.567707], [6.24468, 49.56769], [6.245592, 49.567608], [6.245954, 49.567654], [6.246908, 49.567627], [6.247458, 49.567623], [6.248041, 49.567677], [6.248819, 49.567566], [6.249365, 49.567646], [6.250269, 49.56789], [6.250673, 49.567863], [6.251111, 49.56798], [6.251707, 49.56814], [6.252081, 49.568214], [6.2525, 49.568363], [6.25297, 49.56842], [6.25345, 49.568596], [6.253775, 49.568645], [6.253839, 49.568707], [6.253969, 49.56881], [6.254213, 49.56899], [6.254644, 49.569225], [6.254805, 49.569317], [6.255083, 49.56939], [6.255526, 49.56951], [6.255732, 49.56954], [6.255793, 49.56954], [6.256258, 49.569695], [6.2572, 49.570004], [6.257505, 49.57011], [6.257486, 49.570126], [6.257189, 49.570347], [6.256895, 49.570576], [6.256384, 49.570984], [6.256166, 49.571255], [6.256033, 49.57144], [6.25572, 49.571877], [6.255541, 49.572155], [6.255526, 49.572193], [6.25551, 49.572224], [6.255419, 49.57246], [6.255388, 49.57257], [6.255373, 49.572674], [6.255381, 49.572784], [6.255446, 49.57293], [6.255568, 49.57322], [6.255655, 49.573406], [6.255667, 49.57344], [6.25567, 49.573467], [6.255659, 49.57355], [6.255636, 49.57364], [6.255533, 49.574062], [6.255484, 49.57425], [6.255446, 49.57446], [6.255442, 49.574486], [6.255487, 49.574566], [6.255568, 49.574677], [6.255606, 49.574726], [6.255739, 49.574844], [6.255812, 49.57491], [6.255842, 49.574936], [6.255938, 49.575012], [6.256025, 49.575077], [6.256052, 49.5751], [6.256296, 49.57526], [6.256327, 49.575283], [6.256411, 49.575336], [6.256487, 49.57541], [6.256529, 49.575447], [6.256559, 49.57548], [6.256628, 49.575558], [6.256647, 49.57559], [6.256678, 49.575634], [6.256689, 49.575645], [6.256704, 49.575695], [6.256727, 49.575756], [6.256796, 49.576046], [6.256807, 49.576084], [6.256834, 49.576157], [6.256864, 49.576225], [6.256876, 49.576256], [6.256929, 49.57634], [6.256975, 49.576397], [6.257059, 49.576504], [6.257132, 49.5766], [6.257353, 49.576874], [6.257429, 49.576977], [6.257505, 49.577072], [6.257585, 49.577168], [6.25762, 49.577217], [6.257738, 49.577362], [6.257791, 49.57743], [6.25783, 49.577473], [6.258108, 49.577766], [6.258211, 49.577877], [6.258383, 49.577976], [6.258577, 49.578102], [6.258692, 49.578175], [6.258932, 49.578346], [6.259024, 49.578415], [6.259131, 49.5785], [6.259287, 49.578617], [6.259355, 49.578674], [6.259455, 49.578777], [6.260134, 49.578743], [6.260405, 49.578728], [6.260588, 49.57872], [6.260694, 49.578716], [6.261232, 49.57869], [6.261267, 49.57869], [6.261675, 49.57867], [6.261786, 49.578667], [6.261931, 49.57866], [6.262007, 49.578655], [6.262449, 49.57864], [6.262548, 49.578636], [6.263189, 49.578583], [6.263815, 49.578506], [6.263922, 49.578487], [6.265314, 49.57825], [6.265406, 49.578255], [6.265501, 49.578255], [6.265665, 49.57825], [6.265806, 49.57825], [6.265688, 49.578354], [6.265589, 49.578457], [6.265524, 49.57855], [6.265512, 49.578655], [6.265528, 49.579014], [6.265661, 49.57902], [6.265654, 49.57912], [6.265524, 49.579567], [6.265417, 49.579838], [6.265551, 49.5799], [6.265596, 49.5798], [6.265642, 49.579693], [6.26568, 49.579605], [6.265745, 49.57941], [6.265818, 49.5792], [6.265833, 49.579086], [6.265829, 49.578903], [6.265772, 49.578648], [6.265974, 49.578728], [6.266233, 49.57885], [6.266451, 49.578957], [6.266611, 49.579086], [6.266672, 49.579136], [6.266958, 49.579365], [6.267019, 49.57945], [6.267069, 49.57951], [6.267126, 49.579582], [6.267145, 49.57961], [6.267225, 49.579712], [6.267412, 49.579956], [6.26745, 49.57996], [6.267248, 49.5805], [6.267557, 49.581097], [6.267733, 49.581493], [6.267946, 49.581924], [6.268229, 49.582363], [6.268629, 49.582916], [6.268755, 49.58314], [6.268778, 49.583256], [6.268644, 49.583645], [6.268648, 49.583786], [6.268679, 49.583954], [6.26948, 49.58423], [6.269876, 49.58436], [6.271055, 49.584595], [6.272062, 49.58464], [6.273165, 49.58468], [6.274172, 49.584698], [6.274813, 49.584732], [6.276049, 49.58494], [6.276651, 49.585064], [6.277349, 49.5852], [6.278009, 49.58533], [6.278978, 49.585503], [6.27976, 49.585636], [6.280676, 49.58579], [6.281446, 49.585926], [6.282049, 49.586033], [6.282762, 49.586174], [6.283468, 49.58632], [6.28443, 49.58654], [6.284609, 49.58656], [6.284857, 49.58656], [6.285646, 49.586533], [6.287153, 49.58648], [6.287813, 49.586456], [6.28834, 49.58643], [6.289144, 49.586376], [6.289946, 49.586323], [6.290331, 49.586308], [6.29072, 49.5863], [6.291182, 49.586292], [6.291315, 49.586296], [6.291456, 49.586315], [6.291575, 49.58634], [6.291658, 49.586376], [6.291769, 49.586437], [6.29191, 49.58656], [6.293188, 49.586193], [6.294275, 49.585876], [6.295336, 49.58557], [6.296297, 49.585297], [6.296866, 49.585136], [6.29706, 49.585075], [6.297266, 49.585], [6.297449, 49.584904], [6.297941, 49.584583], [6.298384, 49.58428], [6.298796, 49.58399], [6.299272, 49.583664], [6.299994, 49.58316], [6.300711, 49.582664], [6.300764, 49.58263], [6.300821, 49.58267], [6.300833, 49.582676], [6.301065, 49.582817], [6.301149, 49.582867], [6.301184, 49.582886], [6.301558, 49.58313], [6.30187, 49.583336], [6.302187, 49.583588], [6.302301, 49.58369], [6.302362, 49.583748], [6.302412, 49.58381], [6.302549, 49.584194], [6.30261, 49.584362], [6.302694, 49.58457], [6.302813, 49.584885], [6.302854, 49.585014], [6.302816, 49.58517], [6.302744, 49.585423], [6.302671, 49.58568], [6.302633, 49.585804], [6.302534, 49.586113], [6.302469, 49.58632], [6.302378, 49.58647], [6.302317, 49.586575], [6.302271, 49.586697], [6.302248, 49.586906], [6.302229, 49.587048], [6.302175, 49.587486], [6.302126, 49.587856], [6.302076, 49.58824], [6.302031, 49.5886], [6.302004, 49.588844], [6.301741, 49.589256], [6.301516, 49.589615], [6.301325, 49.589912], [6.301558, 49.590206], [6.301763, 49.590473], [6.301306, 49.59063], [6.301256, 49.59065], [6.301203, 49.590664], [6.300741, 49.59082], [6.300299, 49.59097], [6.299948, 49.591087], [6.29973, 49.591164], [6.2997, 49.59179], [6.299684, 49.59207], [6.299673, 49.592194], [6.299654, 49.592537], [6.299627, 49.59289], [6.299612, 49.593136], [6.299524, 49.593212], [6.299337, 49.59336], [6.298925, 49.593685], [6.298677, 49.593876], [6.298418, 49.59408], [6.298254, 49.594215], [6.298185, 49.594273], [6.298075, 49.594387], [6.297876, 49.594585], [6.297731, 49.594734], [6.297586, 49.594833], [6.297491, 49.5949], [6.297228, 49.595066], [6.296942, 49.595303], [6.296923, 49.595318], [6.296652, 49.595543], [6.296637, 49.595566], [6.296557, 49.595695], [6.296385, 49.59595], [6.296324, 49.59605], [6.296206, 49.596237], [6.296148, 49.59633], [6.296087, 49.596424], [6.296041, 49.596504], [6.295984, 49.596615], [6.295843, 49.596912], [6.295584, 49.597466], [6.2955, 49.59764], [6.295431, 49.597775], [6.295324, 49.597965], [6.295179, 49.598217], [6.294718, 49.598312], [6.294409, 49.598377], [6.294168, 49.59843], [6.294062, 49.598454], [6.293715, 49.598526], [6.293558, 49.598553], [6.293478, 49.598568], [6.293314, 49.59859], [6.293047, 49.598625], [6.292875, 49.59864], [6.292791, 49.59865], [6.29265, 49.59866], [6.292559, 49.59866], [6.292479, 49.59865], [6.292402, 49.598648], [6.292242, 49.598648], [6.29217, 49.59864], [6.292067, 49.598637], [6.291979, 49.59865], [6.291918, 49.598663], [6.291868, 49.598682], [6.29178, 49.598717], [6.291582, 49.5988], [6.291391, 49.598877], [6.291265, 49.59893], [6.291166, 49.598965], [6.291044, 49.599], [6.290846, 49.599045], [6.290556, 49.599113], [6.290369, 49.599155], [6.290319, 49.599216], [6.290129, 49.599354], [6.290011, 49.59945], [6.289823, 49.59958], [6.289763, 49.59962], [6.289553, 49.59976], [6.289431, 49.6001], [6.289339, 49.60035], [6.289308, 49.60045], [6.289183, 49.60081], [6.289125, 49.600952], [6.288973, 49.601173], [6.288774, 49.601448], [6.28861, 49.60168], [6.288515, 49.601818], [6.288107, 49.601826], [6.28763, 49.60183], [6.287199, 49.601833], [6.286852, 49.60183], [6.286337, 49.601818], [6.285795, 49.602123], [6.285311, 49.6024], [6.284937, 49.602608], [6.284391, 49.60263], [6.283483, 49.602665], [6.283297, 49.602676], [6.283033, 49.60269], [6.282721, 49.60271], [6.282331, 49.602737], [6.28219, 49.60275], [6.282137, 49.60274], [6.282087, 49.602734], [6.281965, 49.602715], [6.281412, 49.60262], [6.280935, 49.60253], [6.280729, 49.602493], [6.280649, 49.60247], [6.279974, 49.602306], [6.279833, 49.602165], [6.279432, 49.602135], [6.279089, 49.602108], [6.278662, 49.602097], [6.278349, 49.602097], [6.278109, 49.6021], [6.27754, 49.602116], [6.277514, 49.601997], [6.277502, 49.60195], [6.277491, 49.601883], [6.277475, 49.6018], [6.277449, 49.60164], [6.277109, 49.6016], [6.27696, 49.601578], [6.276758, 49.60154], [6.276689, 49.601524], [6.276495, 49.60146], [6.276426, 49.601433], [6.276289, 49.601364], [6.276163, 49.6013], [6.276079, 49.601242], [6.275923, 49.60113], [6.275763, 49.60101], [6.275679, 49.60094], [6.275583, 49.600853], [6.275488, 49.60077], [6.275412, 49.60069], [6.275175, 49.600777], [6.274893, 49.60088], [6.274595, 49.600994], [6.274427, 49.601055], [6.274168, 49.601154], [6.273912, 49.601254], [6.273821, 49.601288], [6.273786, 49.6013], [6.273958, 49.601513], [6.274267, 49.601948], [6.274439, 49.602173], [6.274534, 49.60229], [6.274607, 49.60239], [6.274633, 49.602474], [6.274653, 49.60255], [6.274672, 49.602592], [6.274771, 49.60272], [6.274939, 49.602913], [6.275476, 49.6035], [6.275488, 49.60355], [6.275499, 49.603592], [6.275736, 49.603916], [6.275934, 49.60418], [6.276064, 49.60434], [6.27627, 49.604557], [6.276682, 49.60496], [6.276869, 49.605133], [6.277021, 49.60525], [6.277388, 49.60552], [6.277609, 49.605675], [6.278116, 49.605896], [6.278357, 49.606003], [6.278479, 49.60611], [6.278612, 49.606277], [6.278784, 49.606434], [6.279097, 49.606686], [6.27923, 49.6068], [6.279528, 49.607132], [6.279718, 49.607307], [6.279921, 49.607487], [6.280466, 49.607895], [6.281298, 49.60851], [6.281858, 49.60891], [6.282732, 49.60953], [6.283556, 49.610126], [6.284456, 49.610775], [6.285616, 49.61162], [6.285753, 49.611736], [6.285887, 49.611885], [6.286116, 49.61207], [6.286577, 49.61239], [6.286894, 49.612545], [6.287233, 49.61279], [6.288168, 49.61348], [6.289045, 49.614132], [6.289682, 49.61462], [6.290373, 49.61514], [6.291029, 49.615654], [6.291819, 49.616276], [6.292231, 49.616634], [6.292181, 49.616642], [6.292223, 49.616707], [6.292387, 49.616875], [6.292559, 49.617], [6.292879, 49.61717], [6.293058, 49.61728], [6.29384, 49.617886], [6.294542, 49.61842], [6.295385, 49.61907], [6.295923, 49.619537], [6.296434, 49.61999], [6.296698, 49.620213], [6.296934, 49.620384], [6.297304, 49.620655], [6.297884, 49.621086], [6.2983, 49.62141], [6.298487, 49.621536], [6.298788, 49.62171], [6.298868, 49.62177], [6.299032, 49.621925], [6.299547, 49.622437], [6.299589, 49.622444], [6.299643, 49.622498], [6.299665, 49.622513], [6.299852, 49.62265], [6.300264, 49.62295], [6.300562, 49.62317], [6.300825, 49.623363], [6.301348, 49.62375], [6.301855, 49.62412], [6.302423, 49.62453], [6.302641, 49.62469], [6.303171, 49.62507], [6.30345, 49.625263], [6.303659, 49.625412], [6.303793, 49.62551], [6.303915, 49.625603], [6.303991, 49.62566], [6.304293, 49.625893], [6.304468, 49.62605], [6.30472, 49.62622], [6.304953, 49.626354], [6.305605, 49.6267], [6.305998, 49.626904], [6.30652, 49.627132], [6.306784, 49.627235], [6.307035, 49.627308], [6.307173, 49.627354], [6.307718, 49.62757], [6.309034, 49.6281], [6.309687, 49.628384], [6.309282, 49.62875], [6.30924, 49.62882], [6.309214, 49.628906], [6.308866, 49.630177], [6.308718, 49.63067], [6.308603, 49.63102], [6.307879, 49.632248], [6.307474, 49.63292], [6.307424, 49.632973], [6.307077, 49.63314], [6.304956, 49.63415], [6.304796, 49.634235], [6.304754, 49.63431], [6.303999, 49.634705], [6.303888, 49.63495], [6.303827, 49.6351], [6.303793, 49.63518], [6.303358, 49.636177], [6.30327, 49.636395], [6.303248, 49.636456], [6.303175, 49.636635], [6.303038, 49.636654], [6.30295, 49.636665], [6.302603, 49.63671], [6.302622, 49.636753], [6.302641, 49.636787], [6.302675, 49.636883], [6.302702, 49.63701], [6.30271, 49.63711], [6.302706, 49.637157], [6.302694, 49.637203], [6.302664, 49.637287], [6.302526, 49.63722], [6.302393, 49.637154], [6.302248, 49.637085], [6.302134, 49.637028], [6.302031, 49.636982], [6.301966, 49.637062], [6.301844, 49.637222], [6.301737, 49.637356], [6.301603, 49.6375], [6.301542, 49.637558], [6.301424, 49.637512], [6.30131, 49.637466], [6.30126, 49.63745], [6.301199, 49.637424], [6.301104, 49.637386], [6.300932, 49.63732], [6.300844, 49.637287], [6.300703, 49.637238], [6.300688, 49.63723], [6.300661, 49.637226], [6.300554, 49.637207], [6.30044, 49.637188], [6.300379, 49.637177], [6.299932, 49.6371], [6.299746, 49.637066], [6.299662, 49.637054], [6.299543, 49.63703], [6.299467, 49.63702], [6.299292, 49.63699], [6.299147, 49.636963], [6.299059, 49.636948], [6.29896, 49.636932], [6.298857, 49.636917], [6.298613, 49.636875], [6.298544, 49.636864], [6.29822, 49.636806], [6.298109, 49.636787], [6.297998, 49.63677], [6.297785, 49.63673], [6.297693, 49.636715], [6.297648, 49.636707], [6.297613, 49.6367], [6.29756, 49.63669], [6.297228, 49.636635], [6.296995, 49.636597], [6.296862, 49.636574], [6.296778, 49.63656], [6.29656, 49.63652], [6.296225, 49.636467], [6.296015, 49.63643], [6.295565, 49.636356], [6.295637, 49.636623], [6.295664, 49.636726], [6.295713, 49.636963], [6.295725, 49.637074], [6.295717, 49.637234], [6.295702, 49.63737], [6.295679, 49.637512], [6.295645, 49.637688], [6.295622, 49.637783], [6.295572, 49.637955], [6.295519, 49.63815], [6.295481, 49.638256], [6.295469, 49.638294], [6.295012, 49.63822], [6.294809, 49.63819], [6.29392, 49.638046], [6.29384, 49.638165], [6.293821, 49.638187], [6.293787, 49.638233], [6.293741, 49.638298], [6.293653, 49.638424], [6.293432, 49.638695], [6.293299, 49.63866], [6.293192, 49.638638], [6.293123, 49.63862], [6.292917, 49.638573], [6.292784, 49.638535], [6.292669, 49.638504], [6.292555, 49.638607], [6.292463, 49.638687], [6.29233, 49.638805], [6.292242, 49.638878], [6.292192, 49.63892], [6.292135, 49.638966], [6.291975, 49.639107], [6.291895, 49.639175], [6.291868, 49.6392], [6.291842, 49.639217], [6.291807, 49.639248], [6.291773, 49.63928], [6.291693, 49.639347], [6.291674, 49.639366], [6.291559, 49.63947], [6.291437, 49.639576], [6.291327, 49.639675], [6.291235, 49.639755], [6.291037, 49.63993], [6.290972, 49.639988], [6.29085, 49.640095], [6.290712, 49.64022], [6.290529, 49.640385], [6.290461, 49.64044], [6.290373, 49.640545], [6.290297, 49.640633], [6.290285, 49.640686], [6.290247, 49.640926], [6.290209, 49.64116], [6.290197, 49.641228], [6.290178, 49.641453], [6.290171, 49.641514], [6.29014, 49.64188], [6.290136, 49.641937], [6.290129, 49.642002], [6.290125, 49.64205], [6.290121, 49.64211], [6.29011, 49.642345], [6.29011, 49.64239], [6.290102, 49.642513], [6.290102, 49.64258], [6.290098, 49.64261], [6.290102, 49.642624], [6.290129, 49.64274], [6.290152, 49.642834], [6.290194, 49.64302], [6.290209, 49.6431], [6.290209, 49.643147], [6.290205, 49.643166], [6.290205, 49.64318], [6.290201, 49.64325], [6.290197, 49.64326], [6.290194, 49.64333], [6.290186, 49.643433], [6.29019, 49.643517], [6.290216, 49.64374], [6.290228, 49.643803], [6.290232, 49.64382], [6.290228, 49.643932], [6.290213, 49.644073], [6.290186, 49.64417], [6.290129, 49.64436], [6.290075, 49.644516], [6.290041, 49.64462], [6.289934, 49.644875], [6.289877, 49.644997], [6.289835, 49.64511], [6.289812, 49.64522], [6.289801, 49.645344], [6.289785, 49.64543], [6.289763, 49.645546], [6.289717, 49.645626], [6.28961, 49.645775], [6.289373, 49.646114], [6.289087, 49.646503], [6.289267, 49.64657], [6.28937, 49.64662], [6.289484, 49.646698], [6.28977, 49.646908], [6.2899, 49.647057], [6.289988, 49.64716], [6.29006, 49.647274], [6.290014, 49.64725], [6.289843, 49.647167], [6.289515, 49.64728], [6.288588, 49.64792], [6.289144, 49.64809], [6.289209, 49.648106], [6.289274, 49.64812], [6.289602, 49.648197], [6.289267, 49.64858], [6.289175, 49.648586], [6.289167, 49.648598], [6.289137, 49.64865], [6.289022, 49.64884], [6.289385, 49.64898], [6.289446, 49.649002], [6.289328, 49.649197], [6.289183, 49.649734], [6.288828, 49.649925], [6.286955, 49.65055], [6.285582, 49.650864], [6.284666, 49.65108], [6.284044, 49.65134], [6.283667, 49.65161], [6.283224, 49.6519], [6.28306, 49.65201], [6.282572, 49.652363], [6.282126, 49.652714], [6.282076, 49.652756], [6.281733, 49.653107], [6.281714, 49.65316], [6.281721, 49.65328], [6.281725, 49.653408], [6.281729, 49.653465], [6.281729, 49.653522], [6.281736, 49.653667], [6.281736, 49.653717], [6.28174, 49.653736], [6.281744, 49.653873], [6.281744, 49.65391], [6.281748, 49.65402], [6.281824, 49.65403], [6.28179, 49.654438], [6.28179, 49.654453], [6.281782, 49.654522], [6.281775, 49.65458], [6.281771, 49.654644], [6.281752, 49.654808], [6.281748, 49.65485], [6.28166, 49.654846], [6.281668, 49.654884], [6.281706, 49.65512], [6.281858, 49.656], [6.281881, 49.656143], [6.281942, 49.656578], [6.281984, 49.656834], [6.282053, 49.65724], [6.281248, 49.657116], [6.281176, 49.657135], [6.281, 49.657448], [6.280989, 49.657475], [6.28097, 49.657513], [6.280943, 49.657574], [6.280912, 49.657623], [6.280851, 49.657726], [6.280809, 49.657795], [6.280802, 49.65781], [6.280767, 49.65787], [6.280706, 49.65797], [6.280687, 49.658005], [6.280622, 49.658108], [6.280573, 49.658195], [6.280531, 49.658264], [6.280508, 49.658306], [6.280481, 49.65835], [6.280417, 49.658463], [6.280371, 49.658535], [6.280333, 49.6586], [6.28026, 49.65872], [6.282774, 49.659103], [6.282808, 49.659107], [6.282865, 49.659115], [6.285486, 49.65941], [6.285509, 49.65953], [6.285665, 49.66039], [6.285643, 49.6634], [6.286192, 49.6644], [6.286402, 49.66478], [6.286371, 49.66477], [6.286318, 49.66476], [6.286283, 49.664757], [6.286245, 49.66476], [6.286223, 49.664772], [6.2862, 49.66478], [6.286173, 49.664776], [6.286154, 49.664764], [6.28615, 49.66475], [6.286142, 49.664738], [6.286119, 49.664734], [6.286093, 49.664738], [6.28607, 49.664753], [6.286062, 49.664776], [6.28599, 49.664803], [6.285948, 49.664806], [6.285906, 49.6648], [6.285883, 49.66479], [6.285856, 49.66476], [6.285845, 49.664757], [6.285822, 49.664757], [6.285807, 49.66476], [6.285795, 49.66477], [6.285784, 49.664783], [6.285768, 49.66479], [6.285753, 49.66479], [6.28573, 49.66478], [6.285708, 49.66475], [6.285696, 49.66474], [6.285669, 49.664722], [6.28565, 49.66472], [6.285627, 49.66472], [6.285612, 49.664726], [6.285604, 49.66474], [6.285604, 49.664776], [6.285585, 49.664787], [6.285559, 49.664795], [6.285524, 49.664787], [6.285459, 49.664783], [6.285425, 49.664772], [6.285395, 49.664757], [6.285372, 49.664753], [6.285311, 49.66476], [6.28528, 49.66477], [6.285257, 49.66477], [6.285208, 49.664757], [6.285177, 49.66474], [6.285139, 49.664726], [6.285097, 49.664722], [6.285051, 49.66472], [6.285006, 49.664726], [6.284971, 49.664726], [6.284925, 49.664722], [6.284899, 49.664707], [6.284872, 49.66469], [6.284845, 49.66468], [6.284815, 49.66468], [6.284769, 49.664692], [6.284742, 49.664707], [6.284719, 49.664715], [6.284693, 49.664715], [6.284628, 49.664696], [6.284609, 49.66468], [6.284597, 49.66464], [6.284582, 49.66463], [6.284525, 49.66463], [6.284487, 49.66464], [6.284452, 49.664665], [6.28441, 49.664692], [6.284384, 49.664703], [6.284346, 49.66471], [6.284304, 49.664707], [6.284269, 49.6647], [6.284235, 49.66469], [6.284208, 49.66469], [6.284185, 49.664684], [6.28414, 49.664684], [6.284109, 49.6647], [6.28409, 49.664715], [6.284098, 49.66474], [6.28409, 49.664753], [6.283999, 49.664764], [6.283979, 49.66476], [6.283953, 49.664753], [6.283918, 49.664745], [6.283884, 49.66475], [6.283861, 49.664757], [6.283804, 49.664783], [6.283777, 49.664776], [6.283758, 49.664776], [6.283735, 49.664787], [6.283728, 49.6648], [6.283728, 49.664818], [6.283705, 49.664814], [6.283701, 49.6648], [6.28369, 49.664787], [6.283667, 49.664783], [6.28364, 49.664795], [6.283621, 49.664818], [6.283617, 49.66484], [6.283613, 49.664875], [6.283606, 49.66489], [6.283587, 49.664906], [6.28359, 49.66492], [6.283609, 49.664936], [6.283602, 49.664948], [6.28359, 49.66495], [6.283567, 49.664948], [6.283548, 49.664936], [6.283537, 49.664894], [6.283525, 49.66488], [6.283506, 49.66487], [6.28348, 49.66487], [6.283461, 49.664883], [6.283445, 49.664944], [6.283449, 49.66497], [6.283438, 49.66499], [6.283411, 49.665005], [6.283388, 49.66501], [6.283365, 49.665012], [6.283354, 49.665005], [6.283331, 49.664963], [6.283331, 49.664944], [6.283327, 49.664932], [6.283312, 49.664925], [6.283281, 49.664925], [6.28327, 49.664932], [6.283243, 49.66498], [6.283232, 49.66499], [6.283216, 49.664986], [6.283201, 49.664974], [6.283201, 49.66496], [6.283197, 49.664944], [6.283182, 49.66494], [6.283159, 49.66494], [6.283098, 49.664948], [6.283064, 49.66495], [6.283045, 49.66495], [6.283026, 49.66494], [6.282953, 49.66492], [6.282927, 49.664917], [6.282908, 49.66492], [6.282888, 49.664936], [6.282869, 49.66495], [6.282846, 49.66495], [6.282831, 49.664948], [6.282824, 49.664936], [6.282827, 49.664917], [6.282839, 49.66488], [6.28282, 49.664875], [6.282805, 49.664886], [6.282759, 49.66491], [6.282732, 49.664917], [6.282698, 49.664917], [6.282663, 49.664913], [6.282641, 49.664906], [6.282625, 49.664894], [6.282618, 49.66486], [6.282602, 49.66485], [6.282579, 49.66484], [6.282545, 49.66484], [6.282515, 49.664845], [6.282499, 49.66484], [6.282484, 49.66483], [6.282492, 49.664787], [6.282488, 49.66477], [6.282473, 49.66476], [6.282453, 49.66476], [6.282434, 49.664764], [6.282427, 49.664783], [6.282404, 49.664795], [6.282381, 49.6648], [6.282362, 49.664795], [6.282324, 49.664772], [6.282293, 49.664757], [6.282247, 49.66475], [6.282221, 49.664745], [6.28219, 49.66473], [6.282171, 49.664726], [6.282148, 49.664734], [6.282133, 49.664745], [6.282133, 49.664783], [6.282103, 49.6648], [6.282083, 49.664795], [6.282064, 49.66478], [6.282045, 49.664772], [6.282034, 49.664783], [6.282023, 49.66479], [6.282003, 49.664795], [6.281984, 49.664787], [6.281973, 49.664776], [6.281969, 49.664757], [6.281942, 49.664745], [6.281916, 49.664745], [6.281828, 49.66478], [6.281813, 49.66478], [6.281801, 49.664764], [6.281786, 49.66476], [6.281767, 49.66476], [6.28174, 49.664772], [6.281736, 49.66481], [6.281702, 49.66482], [6.281679, 49.66482], [6.281645, 49.664814], [6.281614, 49.66481], [6.281584, 49.664814], [6.281553, 49.664825], [6.28153, 49.66483], [6.281508, 49.664825], [6.281466, 49.664814], [6.281439, 49.664814], [6.281424, 49.664825], [6.28137, 49.66483], [6.281347, 49.664837], [6.281336, 49.66485], [6.281332, 49.664864], [6.281321, 49.664864], [6.281298, 49.664867], [6.281279, 49.664864], [6.281271, 49.66485], [6.281263, 49.664795], [6.281252, 49.664772], [6.281237, 49.664757], [6.281202, 49.66474], [6.281156, 49.66473], [6.281118, 49.664734], [6.281088, 49.664745], [6.281069, 49.66476], [6.281057, 49.664783], [6.28105, 49.664795], [6.281031, 49.6648], [6.281019, 49.6648], [6.281008, 49.66479], [6.281008, 49.664764], [6.280996, 49.664757], [6.280977, 49.664757], [6.280939, 49.66477], [6.28092, 49.664772], [6.280901, 49.664776], [6.280886, 49.66477], [6.280882, 49.664757], [6.280882, 49.664703], [6.280874, 49.664692], [6.280848, 49.66468], [6.280829, 49.664677], [6.280806, 49.664684], [6.28079, 49.6647], [6.280752, 49.66477], [6.280741, 49.664776], [6.280729, 49.66478], [6.28071, 49.664772], [6.280699, 49.66475], [6.280691, 49.664738], [6.280672, 49.664726], [6.280638, 49.66472], [6.280615, 49.664715], [6.280588, 49.664703], [6.280565, 49.6647], [6.280477, 49.664707], [6.280447, 49.664707], [6.28042, 49.6647], [6.280409, 49.664692], [6.280401, 49.66468], [6.280413, 49.664665], [6.280447, 49.664646], [6.280458, 49.66463], [6.280405, 49.664616], [6.28039, 49.6646], [6.280374, 49.664593], [6.280352, 49.66459], [6.28034, 49.6646], [6.28034, 49.664616], [6.280336, 49.664635], [6.280321, 49.66464], [6.280302, 49.66463], [6.280271, 49.664608], [6.280249, 49.664597], [6.280191, 49.66459], [6.280165, 49.664593], [6.280146, 49.664604], [6.280138, 49.664616], [6.280138, 49.664635], [6.280119, 49.664646], [6.2801, 49.664642], [6.280073, 49.66463], [6.28005, 49.66461], [6.280039, 49.664604], [6.280016, 49.6646], [6.279997, 49.664604], [6.279985, 49.664616], [6.279978, 49.66463], [6.279962, 49.66464], [6.27994, 49.664642], [6.279921, 49.664635], [6.279882, 49.66461], [6.279863, 49.664604], [6.27984, 49.664608], [6.279779, 49.664627], [6.279764, 49.66464], [6.279722, 49.664715], [6.279451, 49.665215], [6.279142, 49.66578], [6.278959, 49.666107], [6.27881, 49.666378], [6.278437, 49.667015], [6.278158, 49.66747], [6.277651, 49.668427], [6.277403, 49.668888], [6.277334, 49.669014], [6.277372, 49.669014], [6.277391, 49.669018], [6.277414, 49.66902], [6.277433, 49.66903], [6.27746, 49.66904], [6.277479, 49.669044], [6.277525, 49.669044], [6.277556, 49.66904], [6.277582, 49.669025], [6.277601, 49.669006], [6.277624, 49.669], [6.277647, 49.669003], [6.277662, 49.66901], [6.277659, 49.669025], [6.277655, 49.66905], [6.27767, 49.669056], [6.277697, 49.669056], [6.277723, 49.66906], [6.277735, 49.669067], [6.277758, 49.669083], [6.277773, 49.669106], [6.27778, 49.669132], [6.277792, 49.669144], [6.277811, 49.669147], [6.277838, 49.669147], [6.277861, 49.669136], [6.27788, 49.66911], [6.277891, 49.6691], [6.27791, 49.669094], [6.277929, 49.669098], [6.277945, 49.669106], [6.277964, 49.669132], [6.277986, 49.669144], [6.278006, 49.669144], [6.278028, 49.66914], [6.278051, 49.66912], [6.27807, 49.669117], [6.278105, 49.669117], [6.278128, 49.66913], [6.278147, 49.669132], [6.278173, 49.669132], [6.2782, 49.669125], [6.278219, 49.66913], [6.278231, 49.66914], [6.278246, 49.669144], [6.278261, 49.66914], [6.278307, 49.669125], [6.278326, 49.66912], [6.278345, 49.669125], [6.27836, 49.669136], [6.27836, 49.66917], [6.278368, 49.669186], [6.278383, 49.66919], [6.278406, 49.669197], [6.278433, 49.66919], [6.27846, 49.669186], [6.278509, 49.66915], [6.278524, 49.669144], [6.278547, 49.66915], [6.278547, 49.66918], [6.278551, 49.669197], [6.278547, 49.66921], [6.278547, 49.66922], [6.278555, 49.66923], [6.278566, 49.66924], [6.278582, 49.669243], [6.278635, 49.669243], [6.278711, 49.670105], [6.278727, 49.67029], [6.278772, 49.670803], [6.278837, 49.6713], [6.278883, 49.671684], [6.27886, 49.67186], [6.278795, 49.672268], [6.278772, 49.672386], [6.278715, 49.67262], [6.278681, 49.672737], [6.278665, 49.672836], [6.278635, 49.672947], [6.278524, 49.67329], [6.278509, 49.673336], [6.278479, 49.673462], [6.278463, 49.673542], [6.27846, 49.673576], [6.278437, 49.67424], [6.278425, 49.674515], [6.278437, 49.674747], [6.278444, 49.67492], [6.278448, 49.675076], [6.278456, 49.67556], [6.278467, 49.67581], [6.278463, 49.67591], [6.278452, 49.67601], [6.278391, 49.67623], [6.278273, 49.67668], [6.278219, 49.676907], [6.278162, 49.67714], [6.278101, 49.677376], [6.278048, 49.677593], [6.278009, 49.677757], [6.277933, 49.6779], [6.277376, 49.67759], [6.277121, 49.677452], [6.276556, 49.677254], [6.276426, 49.677197], [6.276342, 49.677162], [6.276144, 49.677067], [6.275869, 49.676933], [6.275545, 49.676765], [6.275389, 49.67668], [6.275038, 49.676502], [6.274672, 49.676315], [6.274103, 49.676], [6.274305, 49.675583], [6.273642, 49.675434], [6.273645, 49.67542], [6.273169, 49.675278], [6.272482, 49.67507], [6.272417, 49.675053], [6.272097, 49.67553], [6.272009, 49.675648], [6.271868, 49.67585], [6.271856, 49.675865], [6.271707, 49.676083], [6.271578, 49.676292], [6.271483, 49.676468], [6.271387, 49.676632], [6.271208, 49.676964], [6.271341, 49.677124], [6.27117, 49.67723], [6.27075, 49.6775], [6.270353, 49.677727], [6.270025, 49.677902], [6.269865, 49.677685], [6.269705, 49.677464], [6.269598, 49.67731], [6.269438, 49.67709], [6.269094, 49.676598], [6.269026, 49.67651], [6.268805, 49.67623], [6.26874, 49.676147], [6.268705, 49.676105], [6.268553, 49.676258], [6.268412, 49.67643], [6.268377, 49.67649], [6.268362, 49.67652], [6.268351, 49.67657], [6.268339, 49.676647], [6.26832, 49.67681], [6.268305, 49.676895], [6.26829, 49.676964], [6.268206, 49.677193], [6.268129, 49.67739], [6.268068, 49.677536], [6.268011, 49.677647], [6.267988, 49.677685], [6.267805, 49.67791], [6.267778, 49.677948], [6.267763, 49.678017], [6.267767, 49.67824], [6.267759, 49.678616], [6.267748, 49.678917], [6.267733, 49.679024], [6.267691, 49.679207], [6.267633, 49.67941], [6.267561, 49.679676], [6.267519, 49.679817], [6.267485, 49.67996], [6.267466, 49.6801], [6.267447, 49.6803], [6.267416, 49.680634], [6.267416, 49.680717], [6.267408, 49.68091], [6.267401, 49.68098], [6.267389, 49.68101], [6.267332, 49.68106], [6.267233, 49.681133], [6.266939, 49.68134], [6.266596, 49.681587], [6.266417, 49.681725], [6.266184, 49.68192], [6.265955, 49.682133], [6.265886, 49.682213], [6.265703, 49.682438], [6.265406, 49.6828], [6.265188, 49.683064], [6.264997, 49.68327], [6.264795, 49.68349], [6.26454, 49.683765], [6.26446, 49.683838], [6.264307, 49.683937], [6.264177, 49.68402], [6.264082, 49.684067], [6.26401, 49.68409], [6.263956, 49.6841], [6.263899, 49.68411], [6.263834, 49.68412], [6.263838, 49.684147], [6.263865, 49.68439], [6.263708, 49.684383], [6.263285, 49.684345], [6.263174, 49.684326], [6.262991, 49.68428], [6.262716, 49.68422], [6.262178, 49.684097], [6.261889, 49.6842], [6.26156, 49.684307], [6.261332, 49.684383], [6.261145, 49.68445], [6.261126, 49.684464], [6.261038, 49.68454], [6.260965, 49.684605], [6.260885, 49.684673], [6.260805, 49.684742], [6.259985, 49.684944], [6.259489, 49.685318], [6.259298, 49.685455], [6.259134, 49.68556], [6.259001, 49.685642], [6.258856, 49.685726], [6.25878, 49.685772], [6.258654, 49.68583], [6.258478, 49.685898], [6.25828, 49.685963], [6.258085, 49.68603], [6.257982, 49.68607], [6.257902, 49.686092], [6.257856, 49.686108], [6.257544, 49.686287], [6.257219, 49.685936], [6.257124, 49.68584], [6.257036, 49.685753], [6.256998, 49.68571], [6.256937, 49.685654], [6.256872, 49.685608], [6.256811, 49.68557], [6.256708, 49.685513], [6.256525, 49.685432], [6.25635, 49.685375], [6.256044, 49.685272], [6.255537, 49.685535], [6.25503, 49.68536], [6.254656, 49.685234], [6.254431, 49.685165], [6.25395, 49.685047], [6.25358, 49.68495], [6.253401, 49.684902], [6.25329, 49.684868], [6.253038, 49.685123], [6.252962, 49.685123], [6.252878, 49.685127], [6.252783, 49.685127], [6.252749, 49.685104], [6.252268, 49.684757], [6.252218, 49.684723], [6.252165, 49.68469], [6.252047, 49.68469], [6.251711, 49.6847], [6.251478, 49.684704], [6.251203, 49.684708], [6.251036, 49.684715], [6.250826, 49.684723], [6.250421, 49.68473], [6.250082, 49.68469], [6.249903, 49.684654], [6.249548, 49.684624], [6.249517, 49.68462], [6.249445, 49.684616], [6.249441, 49.684673], [6.249437, 49.68478], [6.249407, 49.684902], [6.249357, 49.685036], [6.249258, 49.685207], [6.249201, 49.685287], [6.249124, 49.68538], [6.249041, 49.685455], [6.24888, 49.685604], [6.248705, 49.68576], [6.248453, 49.685593], [6.248423, 49.685585], [6.247938, 49.68542], [6.247892, 49.68541], [6.24785, 49.685394], [6.24769, 49.685356], [6.247534, 49.685314], [6.247465, 49.6853], [6.247408, 49.685284], [6.247278, 49.68526], [6.247148, 49.68524], [6.246817, 49.685184], [6.245874, 49.685055], [6.245604, 49.68501], [6.245298, 49.684944], [6.244703, 49.684807], [6.244635, 49.68479], [6.244371, 49.68473], [6.2437, 49.68457], [6.242811, 49.684357], [6.242556, 49.6843], [6.242342, 49.68425], [6.241621, 49.68408], [6.241137, 49.683964], [6.241198, 49.684067], [6.241198, 49.68418], [6.241163, 49.684174], [6.239988, 49.683933], [6.239485, 49.683823], [6.239077, 49.683716], [6.238832, 49.683655], [6.238634, 49.683598], [6.238485, 49.68355], [6.238317, 49.683506], [6.238169, 49.68347], [6.237825, 49.68341], [6.237715, 49.683395], [6.237471, 49.683384], [6.237299, 49.683384], [6.237158, 49.683388], [6.23707, 49.683395], [6.236643, 49.68347], [6.236219, 49.683567], [6.235842, 49.68365], [6.235453, 49.68372], [6.235361, 49.683838], [6.235258, 49.683968], [6.23501, 49.684284], [6.234316, 49.685177], [6.234274, 49.685238], [6.234022, 49.685234], [6.233728, 49.68522], [6.233492, 49.685207], [6.233267, 49.685184], [6.233038, 49.685158], [6.232817, 49.685123], [6.232538, 49.685062], [6.232348, 49.685017], [6.231985, 49.684925], [6.231806, 49.684868], [6.231752, 49.68485], [6.23176, 49.684868], [6.2316, 49.684883], [6.231276, 49.684933], [6.231184, 49.684944], [6.231008, 49.684967], [6.230902, 49.684982], [6.230719, 49.685005], [6.230631, 49.685017], [6.230448, 49.68504], [6.230257, 49.685062], [6.229868, 49.685097], [6.229334, 49.685143], [6.229151, 49.685158], [6.228575, 49.6852], [6.22846, 49.685207], [6.228304, 49.68522], [6.227778, 49.68525], [6.227739, 49.68525], [6.227419, 49.685154], [6.22735, 49.68516], [6.227018, 49.6852], [6.226786, 49.685253], [6.226633, 49.68526], [6.226442, 49.68525], [6.226271, 49.68523], [6.226007, 49.685192], [6.225969, 49.685184], [6.225729, 49.68514], [6.225634, 49.685116], [6.225382, 49.685055], [6.225287, 49.685024], [6.2251, 49.68484], [6.22492, 49.684624], [6.224749, 49.684353], [6.22468, 49.68421], [6.224646, 49.68415], [6.22455, 49.683964], [6.224298, 49.68343], [6.224245, 49.683434], [6.224184, 49.68344], [6.224123, 49.68345], [6.22407, 49.683456], [6.223925, 49.68347], [6.223867, 49.68348], [6.223574, 49.683514], [6.223539, 49.683807], [6.223825, 49.684387], [6.223337, 49.684467], [6.223005, 49.684517], [6.222967, 49.684525], [6.223104, 49.684914], [6.223345, 49.685574], [6.222662, 49.68551], [6.222437, 49.685486], [6.222238, 49.685463], [6.220949, 49.685307], [6.22035, 49.685234], [6.219847, 49.685192], [6.219568, 49.685173], [6.219076, 49.685146], [6.218954, 49.685143], [6.218561, 49.68513], [6.218142, 49.685112], [6.21784, 49.685085], [6.217558, 49.685043], [6.217283, 49.684986], [6.217161, 49.684975], [6.216227, 49.6849], [6.215456, 49.68483], [6.215288, 49.684814], [6.214952, 49.684784], [6.214853, 49.684902], [6.214723, 49.684896], [6.214773, 49.684998], [6.21475, 49.685024], [6.214483, 49.685364], [6.214201, 49.685722], [6.214289, 49.686012], [6.214373, 49.6863], [6.214434, 49.686493], [6.214479, 49.686623], [6.214251, 49.687076], [6.214008, 49.687486], [6.213763, 49.687644], [6.213388, 49.688015], [6.213316, 49.688118], [6.213179, 49.688316], [6.213099, 49.688435], [6.212992, 49.688496], [6.212873, 49.688689], [6.212393, 49.688835], [6.212015, 49.68906], [6.211725, 49.689026], [6.211058, 49.688953], [6.210497, 49.688885], [6.210329, 49.688866], [6.209234, 49.688732], [6.207739, 49.68855], [6.207601, 49.688534], [6.206751, 49.68843], [6.205893, 49.68832], [6.20471, 49.68816], [6.204382, 49.688118], [6.204328, 49.688114], [6.203524, 49.688156], [6.2031, 49.688175], [6.202089, 49.688225], [6.201296, 49.688263], [6.201185, 49.688267], [6.200884, 49.68828], [6.20035, 49.688297], [6.20019, 49.688305], [6.199999, 49.688305], [6.199133, 49.688293], [6.198149, 49.688274], [6.197741, 49.688263], [6.197378, 49.688175], [6.196276, 49.68791], [6.196283, 49.68789], [6.196348, 49.68765], [6.196466, 49.687202], [6.196573, 49.68682], [6.196692, 49.68637], [6.197023, 49.6862], [6.19808, 49.685673], [6.198603, 49.684753], [6.197668, 49.684357], [6.19731, 49.68421], [6.196341, 49.68381], [6.195375, 49.683403], [6.194658, 49.68311], [6.19372, 49.68271], [6.193396, 49.682888], [6.193296, 49.682945], [6.193159, 49.683018], [6.193003, 49.683098], [6.192812, 49.683193], [6.192694, 49.683243], [6.192621, 49.683273], [6.192541, 49.683315], [6.192457, 49.68336], [6.191931, 49.683598], [6.191355, 49.683865], [6.190851, 49.6841], [6.190565, 49.684235], [6.190229, 49.684258], [6.189997, 49.684273], [6.189444, 49.684322], [6.188745, 49.68438], [6.188536, 49.6844], [6.188253, 49.684418], [6.188021, 49.684437], [6.187765, 49.68446], [6.187765, 49.684486], [6.18619, 49.68447], [6.185053, 49.684464], [6.183924, 49.684418], [6.182913, 49.684387], [6.18252, 49.684383], [6.18199, 49.6844], [6.181467, 49.68439], [6.181051, 49.684376], [6.180986, 49.684254], [6.180895, 49.684265], [6.180819, 49.684177], [6.180593, 49.683937], [6.180334, 49.683662], [6.179709, 49.683613], [6.179686, 49.683613], [6.179705, 49.683697], [6.179712, 49.683884], [6.179693, 49.683933], [6.179689, 49.683968], [6.179693, 49.684], [6.179709, 49.684025], [6.179735, 49.684055], [6.17975, 49.68409], [6.179754, 49.68413], [6.179754, 49.684162], [6.179766, 49.68419], [6.179777, 49.684208], [6.179796, 49.684227], [6.179827, 49.684246], [6.179869, 49.684254], [6.179914, 49.684277], [6.179945, 49.684303], [6.17996, 49.68434], [6.179964, 49.684364], [6.179953, 49.684395], [6.179933, 49.68441], [6.179888, 49.68443], [6.179853, 49.68445], [6.179827, 49.684475], [6.179808, 49.684517], [6.179617, 49.68452], [6.17943, 49.684532], [6.179323, 49.684555], [6.179163, 49.68461], [6.179049, 49.684654], [6.17898, 49.684708], [6.178965, 49.684723], [6.178987, 49.684765], [6.179136, 49.685074], [6.179602, 49.68599], [6.179754, 49.6863], [6.179831, 49.686447], [6.179869, 49.686523], [6.179827, 49.686528], [6.179674, 49.686546], [6.179602, 49.686554], [6.179483, 49.68657], [6.179399, 49.68658], [6.179281, 49.686596], [6.179171, 49.68661], [6.179068, 49.686626], [6.178835, 49.686665], [6.17877, 49.686672], [6.178652, 49.68669], [6.178553, 49.686707], [6.178476, 49.686714], [6.178389, 49.68672], [6.178236, 49.686733], [6.178114, 49.686733], [6.177992, 49.686737], [6.177694, 49.686745], [6.177336, 49.68675], [6.177027, 49.686756], [6.176718, 49.686764], [6.176619, 49.686764], [6.176401, 49.686775], [6.176222, 49.686787], [6.17605, 49.686802], [6.175863, 49.68682], [6.175673, 49.686844], [6.175592, 49.68685], [6.175634, 49.68678], [6.175684, 49.68669], [6.175253, 49.68669], [6.174932, 49.686687], [6.174734, 49.686565], [6.174433, 49.686375], [6.174105, 49.68617], [6.174036, 49.686123], [6.173769, 49.685947], [6.173662, 49.685886], [6.173605, 49.685852], [6.173563, 49.685825], [6.173494, 49.685772], [6.173414, 49.6857], [6.173368, 49.685654], [6.17322, 49.685535], [6.173017, 49.68556], [6.172674, 49.685596], [6.17227, 49.68565], [6.171514, 49.68574], [6.170626, 49.685852], [6.17013, 49.685913], [6.169664, 49.685974], [6.169298, 49.68602], [6.169081, 49.685963], [6.169031, 49.68595], [6.168737, 49.68613], [6.168096, 49.686455], [6.167818, 49.686592], [6.167501, 49.68672], [6.166998, 49.686916], [6.167017, 49.686943], [6.167208, 49.687054], [6.167795, 49.687347], [6.168001, 49.687447], [6.168119, 49.687492], [6.168959, 49.687748], [6.169626, 49.687946], [6.169882, 49.688007], [6.170435, 49.688126], [6.170603, 49.688175], [6.170813, 49.688244], [6.170992, 49.688305], [6.171297, 49.688427], [6.171503, 49.688507], [6.171846, 49.688663], [6.172316, 49.688873], [6.172968, 49.68917], [6.173193, 49.689255], [6.173468, 49.689354], [6.173807, 49.689438], [6.174154, 49.689495], [6.174421, 49.68952], [6.174704, 49.689537], [6.174978, 49.68954], [6.175226, 49.689545], [6.175398, 49.68954], [6.175455, 49.68954], [6.175604, 49.68955], [6.175695, 49.689552], [6.176092, 49.689495], [6.176325, 49.689453], [6.176428, 49.689434], [6.176554, 49.689407], [6.176668, 49.68938], [6.176802, 49.68935], [6.176931, 49.689312], [6.177027, 49.68928], [6.177065, 49.689266], [6.177153, 49.689236], [6.177317, 49.68939], [6.177347, 49.689415], [6.177504, 49.68956], [6.177572, 49.689625], [6.177618, 49.68967], [6.177675, 49.68972], [6.177896, 49.689934], [6.178026, 49.69001], [6.178156, 49.690083], [6.178205, 49.69011], [6.178419, 49.690224], [6.178602, 49.69032], [6.178663, 49.690353], [6.178896, 49.690475], [6.179079, 49.690575], [6.179354, 49.69038], [6.179487, 49.69029], [6.179647, 49.690174], [6.179777, 49.690086], [6.179836, 49.690043], [6.179861, 49.690025], [6.180231, 49.690216], [6.180426, 49.69032], [6.180597, 49.69043], [6.180746, 49.69053], [6.180899, 49.690643], [6.180983, 49.690723], [6.181074, 49.69083], [6.181139, 49.690926], [6.1812, 49.69104], [6.181227, 49.691135], [6.181234, 49.691208], [6.181238, 49.69126], [6.181234, 49.691326], [6.181219, 49.691395], [6.181189, 49.691475], [6.181158, 49.691536], [6.18112, 49.69159], [6.181108, 49.691605], [6.18099, 49.69177], [6.181055, 49.69183], [6.181166, 49.691906], [6.181498, 49.692142], [6.18162, 49.69223], [6.181936, 49.692455], [6.182077, 49.692554], [6.182924, 49.693153], [6.18265, 49.693302], [6.182459, 49.6934], [6.182234, 49.693527], [6.182066, 49.69363], [6.181833, 49.693794], [6.181784, 49.693832], [6.181726, 49.693874], [6.181589, 49.693985], [6.181437, 49.694115], [6.181131, 49.69436], [6.181067, 49.694405], [6.180551, 49.694748], [6.180441, 49.69483], [6.180342, 49.69491], [6.180254, 49.69499], [6.180166, 49.695076], [6.180101, 49.695145], [6.180071, 49.695187], [6.179964, 49.69532], [6.179911, 49.6954], [6.179857, 49.695496], [6.179823, 49.69556], [6.179304, 49.69598], [6.179075, 49.696167], [6.17959, 49.69642], [6.180502, 49.69685], [6.181078, 49.69712], [6.181017, 49.69719], [6.181154, 49.697235], [6.181265, 49.69726], [6.181368, 49.69728], [6.181482, 49.69729], [6.181555, 49.69729], [6.181688, 49.697277], [6.181749, 49.697266], [6.181833, 49.697258], [6.181902, 49.697254], [6.181978, 49.697258], [6.182043, 49.69727], [6.182108, 49.697285], [6.182165, 49.697315], [6.182253, 49.697346], [6.182356, 49.69736], [6.182501, 49.69737], [6.182585, 49.697388], [6.182657, 49.697426], [6.182753, 49.6975], [6.182836, 49.697582], [6.18289, 49.697613], [6.182962, 49.697662], [6.183035, 49.697735], [6.183081, 49.697803], [6.183104, 49.69782], [6.183146, 49.697838], [6.18321, 49.697845], [6.183317, 49.697865], [6.183461, 49.697914], [6.18354, 49.697941], [6.183596, 49.69796], [6.183836, 49.698166], [6.183851, 49.698307], [6.184019, 49.698368], [6.184133, 49.69842], [6.18424, 49.69848], [6.18437, 49.69857], [6.184488, 49.698673], [6.184561, 49.698742], [6.184693, 49.698739], [6.184915, 49.698734], [6.184973, 49.69876], [6.185045, 49.69896], [6.185053, 49.698997], [6.185022, 49.6991], [6.184984, 49.699104], [6.184946, 49.699116], [6.184942, 49.699127], [6.184961, 49.69916], [6.185015, 49.699226], [6.185179, 49.699406], [6.185255, 49.699577], [6.185263, 49.69961], [6.185255, 49.69963], [6.185068, 49.699886], [6.184915, 49.700096], [6.184797, 49.700253], [6.184652, 49.700455], [6.184588, 49.700542], [6.184549, 49.7006], [6.184511, 49.700645], [6.184362, 49.700836], [6.183817, 49.70148], [6.183779, 49.701515], [6.183748, 49.701546], [6.184149, 49.701824], [6.184294, 49.701927], [6.184889, 49.702335], [6.184961, 49.702526], [6.185053, 49.702763], [6.185076, 49.702827], [6.18511, 49.70291], [6.185133, 49.702976], [6.185225, 49.70322], [6.18545, 49.70412], [6.185453, 49.704155], [6.185526, 49.704487], [6.185579, 49.704643], [6.185625, 49.70478], [6.185736, 49.70494], [6.185846, 49.705086], [6.186052, 49.705307], [6.186247, 49.70549], [6.186491, 49.705685], [6.186674, 49.705822], [6.186899, 49.705975], [6.186995, 49.706036], [6.187231, 49.706184], [6.187075, 49.706326], [6.187029, 49.706367], [6.186792, 49.706585], [6.186735, 49.70664], [6.186449, 49.706917], [6.186369, 49.70699], [6.186209, 49.70714], [6.18614, 49.707207], [6.186136, 49.707226], [6.185926, 49.708042], [6.185957, 49.70818], [6.185987, 49.708305], [6.186022, 49.70846], [6.186113, 49.708565], [6.186472, 49.70898], [6.186781, 49.709312], [6.186796, 49.70933], [6.186789, 49.709476], [6.186789, 49.709534], [6.186785, 49.709682], [6.186785, 49.709763], [6.186777, 49.70996], [6.186777, 49.710102], [6.186789, 49.71019], [6.186819, 49.710278], [6.18688, 49.710472], [6.187021, 49.71091], [6.187067, 49.711056], [6.18701, 49.71118], [6.18696, 49.711304], [6.186911, 49.711422], [6.186838, 49.711605], [6.186815, 49.71167], [6.186804, 49.712337], [6.1868, 49.712894], [6.186514, 49.713528], [6.186365, 49.713627], [6.185953, 49.713913], [6.185541, 49.714195], [6.185472, 49.714237], [6.185206, 49.714397], [6.185015, 49.714508], [6.184893, 49.71458], [6.18516, 49.71471], [6.185709, 49.714993], [6.186266, 49.715275], [6.186564, 49.715424], [6.187319, 49.71579], [6.18791, 49.71608], [6.188059, 49.716152], [6.188478, 49.71636], [6.188951, 49.71659], [6.189001, 49.716618], [6.189055, 49.71664], [6.189184, 49.716705], [6.189394, 49.716812], [6.189451, 49.71684], [6.189737, 49.716972], [6.1905, 49.717304], [6.19084, 49.717453], [6.191381, 49.717686], [6.191919, 49.717922], [6.19235, 49.718113], [6.192373, 49.718124], [6.192392, 49.718132], [6.192423, 49.718143], [6.193094, 49.71844], [6.193136, 49.718464], [6.193502, 49.718624], [6.193514, 49.718628], [6.193582, 49.718662], [6.19441, 49.719032], [6.194857, 49.719227], [6.195085, 49.719326], [6.195379, 49.719456], [6.195948, 49.7197], [6.196207, 49.719723], [6.196436, 49.719734], [6.196711, 49.719746], [6.197058, 49.71976], [6.197416, 49.719776], [6.197752, 49.7198], [6.197905, 49.719814], [6.198072, 49.71983], [6.198275, 49.71984], [6.198576, 49.719852], [6.198732, 49.71986], [6.19882, 49.71987], [6.198969, 49.7199], [6.199072, 49.719925], [6.199305, 49.719994], [6.19945, 49.72004], [6.199655, 49.720116], [6.199835, 49.720184], [6.200022, 49.72027], [6.200132, 49.720318], [6.200235, 49.720356], [6.20038, 49.7204], [6.200506, 49.720448], [6.20072, 49.720524], [6.200979, 49.720608], [6.201189, 49.720673], [6.20138, 49.720722], [6.201551, 49.720768], [6.201601, 49.720783], [6.201662, 49.72081], [6.201796, 49.72086], [6.201895, 49.720882], [6.202169, 49.72092], [6.202265, 49.72094], [6.202394, 49.72097], [6.202543, 49.721], [6.202661, 49.72102], [6.202898, 49.72102], [6.203001, 49.721024], [6.203051, 49.72102], [6.203066, 49.72102], [6.203058, 49.721035], [6.202978, 49.721172], [6.202803, 49.721485], [6.202581, 49.721912], [6.202249, 49.722248], [6.201925, 49.722572], [6.201902, 49.72262], [6.201902, 49.72265], [6.201914, 49.722767], [6.201944, 49.723045], [6.201948, 49.723263], [6.201963, 49.723267], [6.202383, 49.723392], [6.202604, 49.723454], [6.20289, 49.72353], [6.202997, 49.723553], [6.204447, 49.7238], [6.204428, 49.723835], [6.204413, 49.72387], [6.204199, 49.72432], [6.204222, 49.72433], [6.204599, 49.724464], [6.204657, 49.724487], [6.204695, 49.724506], [6.20476, 49.724537], [6.204809, 49.724564], [6.204863, 49.724598], [6.204947, 49.72466], [6.205011, 49.72471], [6.205118, 49.72479], [6.205389, 49.72499], [6.205454, 49.725033], [6.205542, 49.725086], [6.205687, 49.72517], [6.205782, 49.725212], [6.205851, 49.72524], [6.205908, 49.725266], [6.205999, 49.7253], [6.206247, 49.725403], [6.205744, 49.726376], [6.205675, 49.726498], [6.207251, 49.72736], [6.207327, 49.727398], [6.20743, 49.727448], [6.208425, 49.727882], [6.209513, 49.728107], [6.209547, 49.728115], [6.209833, 49.728172], [6.210241, 49.728245], [6.210531, 49.72829], [6.210993, 49.728348], [6.2111, 49.728355], [6.211237, 49.72837], [6.211302, 49.728374], [6.211348, 49.728374], [6.211431, 49.72838], [6.211893, 49.728397], [6.21208, 49.7284], [6.21266, 49.728527], [6.212976, 49.728622], [6.213614, 49.728825], [6.214029, 49.72937], [6.213949, 49.72991], [6.214125, 49.730015], [6.215094, 49.73061], [6.216204, 49.731262], [6.216429, 49.731445], [6.216707, 49.731667], [6.216997, 49.73191], [6.217302, 49.732174], [6.217402, 49.732254], [6.217771, 49.732407], [6.218248, 49.732594], [6.218794, 49.732807], [6.219896, 49.733685], [6.220114, 49.73385], [6.220179, 49.733917], [6.220331, 49.734108], [6.220499, 49.734306], [6.220537, 49.734356], [6.220594, 49.73445], [6.220762, 49.73475], [6.220762, 49.734814], [6.220747, 49.73498], [6.220735, 49.73505], [6.220728, 49.73509], [6.220735, 49.73512], [6.220758, 49.735172], [6.220854, 49.735348], [6.221422, 49.735313], [6.221827, 49.736107], [6.221987, 49.73643], [6.222055, 49.73652], [6.222166, 49.73676], [6.222567, 49.737534], [6.222567, 49.73779], [6.222609, 49.73804], [6.222719, 49.73859], [6.222803, 49.738914], [6.223036, 49.739292], [6.223028, 49.73932], [6.223127, 49.73946], [6.224295, 49.741127], [6.224474, 49.74133], [6.224661, 49.741543], [6.224909, 49.741833], [6.225096, 49.74205], [6.225302, 49.742287], [6.225302, 49.742603], [6.225306, 49.74271], [6.225313, 49.74285], [6.225321, 49.742935], [6.225325, 49.743], [6.225344, 49.7432], [6.225363, 49.743313], [6.225374, 49.743362], [6.225405, 49.743492], [6.22542, 49.74355], [6.225534, 49.744026], [6.22558, 49.744205], [6.225614, 49.74437], [6.225637, 49.74449], [6.225649, 49.744545], [6.22566, 49.744625], [6.225691, 49.74482], [6.225729, 49.745132], [6.225779, 49.74549], [6.225794, 49.745575], [6.225809, 49.745636], [6.225824, 49.745686], [6.225855, 49.74575], [6.22603, 49.74605], [6.226145, 49.746254], [6.226202, 49.746357], [6.226233, 49.746407], [6.226255, 49.746456], [6.226259, 49.746487], [6.226252, 49.746513], [6.22624, 49.746544], [6.226206, 49.74662], [6.226172, 49.74668], [6.226118, 49.746746], [6.226088, 49.746777], [6.226034, 49.746807], [6.225946, 49.746845], [6.225977, 49.74694], [6.226015, 49.747055], [6.226057, 49.747128], [6.226099, 49.747192], [6.226152, 49.74726], [6.226263, 49.747387], [6.226492, 49.747646], [6.226561, 49.74772], [6.226698, 49.747875], [6.226908, 49.74811], [6.227095, 49.748318], [6.227263, 49.7485], [6.2274, 49.748653], [6.227426, 49.748856], [6.227484, 49.74914], [6.227503, 49.74926], [6.227522, 49.74936], [6.227533, 49.74944], [6.227587, 49.74972], [6.227869, 49.74955], [6.228193, 49.749332], [6.228231, 49.749073], [6.228487, 49.748894], [6.229067, 49.748447], [6.229219, 49.74835], [6.22938, 49.748253], [6.229498, 49.748188], [6.229864, 49.74799], [6.230146, 49.74784], [6.230284, 49.747765], [6.230681, 49.747543], [6.230741, 49.747536], [6.230932, 49.747627], [6.231363, 49.74759], [6.232115, 49.74752], [6.232386, 49.747498], [6.233007, 49.74746], [6.233793, 49.747417], [6.234091, 49.747402], [6.234259, 49.74739], [6.234388, 49.74738], [6.23472, 49.74736], [6.23506, 49.747337], [6.235365, 49.74732], [6.235838, 49.74725], [6.23641, 49.747166], [6.236864, 49.747105], [6.23712, 49.747066], [6.237249, 49.747044], [6.23736, 49.74702], [6.23749, 49.746986], [6.237623, 49.746952], [6.237753, 49.746914], [6.238119, 49.746803], [6.238317, 49.746746], [6.238569, 49.746677], [6.23868, 49.746643], [6.23889, 49.746586], [6.238989, 49.746563], [6.23921, 49.746517], [6.239477, 49.746464], [6.24032, 49.74631], [6.240934, 49.746197], [6.241243, 49.746147], [6.241365, 49.74613], [6.241621, 49.746105], [6.242132, 49.746063], [6.242521, 49.746033], [6.242666, 49.74602], [6.242975, 49.746006], [6.243231, 49.746], [6.243452, 49.74599], [6.243978, 49.74597], [6.244379, 49.745956], [6.244833, 49.745945], [6.245142, 49.74593], [6.245287, 49.745926], [6.245443, 49.74592], [6.245504, 49.745914], [6.245611, 49.745914], [6.246328, 49.745884], [6.246729, 49.745865], [6.246824, 49.745865], [6.247088, 49.745857], [6.247145, 49.745853], [6.247236, 49.745853], [6.247553, 49.74584], [6.247892, 49.7458], [6.248434, 49.745728], [6.249083, 49.745605], [6.249235, 49.745537], [6.249411, 49.745464], [6.249605, 49.745396], [6.249842, 49.745304], [6.250166, 49.7452], [6.250269, 49.74518], [6.250376, 49.74516], [6.25049, 49.74514], [6.250643, 49.74512], [6.250822, 49.745106], [6.250879, 49.745102], [6.251207, 49.745083], [6.251753, 49.745075], [6.252417, 49.745075], [6.252661, 49.745083], [6.252878, 49.745087], [6.252955, 49.74509], [6.25313, 49.745094], [6.253519, 49.745113], [6.253782, 49.745125], [6.254328, 49.745155], [6.254717, 49.745174], [6.254988, 49.74519], [6.255018, 49.74519], [6.255022, 49.745064], [6.255076, 49.745068], [6.255339, 49.74509], [6.255598, 49.745113], [6.256254, 49.745163], [6.256369, 49.745174], [6.256945, 49.74522], [6.257074, 49.745224], [6.257166, 49.745224], [6.257196, 49.745228], [6.257303, 49.745228], [6.257765, 49.74523], [6.258047, 49.745235], [6.258108, 49.745235], [6.258455, 49.745266], [6.258661, 49.745277], [6.258745, 49.745285], [6.258875, 49.745296], [6.258959, 49.7453], [6.259069, 49.745308], [6.259298, 49.745316], [6.25952, 49.74532], [6.260118, 49.745335], [6.260298, 49.74534], [6.260488, 49.74535], [6.260721, 49.745365], [6.261045, 49.74539], [6.26156, 49.745426], [6.262007, 49.74529], [6.262137, 49.745247], [6.262609, 49.7451], [6.262987, 49.744984], [6.263205, 49.744915], [6.263357, 49.74485], [6.263632, 49.74468], [6.263964, 49.744476], [6.264299, 49.744263], [6.264337, 49.74425], [6.26441, 49.74432], [6.26483, 49.74426], [6.26486, 49.744255], [6.264933, 49.74432], [6.264929, 49.74437], [6.264925, 49.744442], [6.264952, 49.7445], [6.265024, 49.744545], [6.265196, 49.74462], [6.265245, 49.744656], [6.265264, 49.744705], [6.265257, 49.744774], [6.265234, 49.744858], [6.265177, 49.74495], [6.2651, 49.74506], [6.264963, 49.745224], [6.264875, 49.745315], [6.264837, 49.745354], [6.264788, 49.745415], [6.264772, 49.745476], [6.264814, 49.745533], [6.264894, 49.74558], [6.264914, 49.74561], [6.264936, 49.745686], [6.26499, 49.74579], [6.265104, 49.745953], [6.265173, 49.746063], [6.265184, 49.746124], [6.265192, 49.74618], [6.265165, 49.74623], [6.265154, 49.746265], [6.265181, 49.746296], [6.2652, 49.746326], [6.2652, 49.746357], [6.265161, 49.746403], [6.265116, 49.746452], [6.2651, 49.746506], [6.26512, 49.746544], [6.26515, 49.74658], [6.265215, 49.746593], [6.265249, 49.746593], [6.265409, 49.7466], [6.265505, 49.74661], [6.2656, 49.74664], [6.265661, 49.746674], [6.265707, 49.746708], [6.265738, 49.746754], [6.265741, 49.7468], [6.265715, 49.746857], [6.265665, 49.74692], [6.265619, 49.74698], [6.265531, 49.747044], [6.265497, 49.747074], [6.26549, 49.74712], [6.265497, 49.747177], [6.265516, 49.74727], [6.265547, 49.747353], [6.265585, 49.747463], [6.265634, 49.74756], [6.26568, 49.747616], [6.265753, 49.747684], [6.265822, 49.74775], [6.265936, 49.74787], [6.265963, 49.747913], [6.266005, 49.748047], [6.266024, 49.74808], [6.266062, 49.748127], [6.266176, 49.748238], [6.266245, 49.748302], [6.266321, 49.748352], [6.26639, 49.7484], [6.266428, 49.74844], [6.266462, 49.74848], [6.266489, 49.74851], [6.266523, 49.748535], [6.266592, 49.74856], [6.26668, 49.74859], [6.266714, 49.748608], [6.266768, 49.748646], [6.266809, 49.748688], [6.266836, 49.748737], [6.266855, 49.74878], [6.266874, 49.748802], [6.266913, 49.74884], [6.267012, 49.748913], [6.267153, 49.749004], [6.267221, 49.749023], [6.267351, 49.749065], [6.267454, 49.749115], [6.267668, 49.74921], [6.267775, 49.74927], [6.267878, 49.749344], [6.267981, 49.749424], [6.268061, 49.749493], [6.268126, 49.749554], [6.268194, 49.749615], [6.26829, 49.74969], [6.268393, 49.749756], [6.268545, 49.749844], [6.268736, 49.749977], [6.269068, 49.75023], [6.269464, 49.750526], [6.269526, 49.75058], [6.269583, 49.750652], [6.269628, 49.75072], [6.269671, 49.750774], [6.269697, 49.750805], [6.269777, 49.750877], [6.269896, 49.75098], [6.270029, 49.751095], [6.270212, 49.75126], [6.270334, 49.751366], [6.270666, 49.75168], [6.270819, 49.751854], [6.270899, 49.75194], [6.271238, 49.75225], [6.271494, 49.752506], [6.271696, 49.752743], [6.271898, 49.752995], [6.271952, 49.753082], [6.27199, 49.753174], [6.272005, 49.753277], [6.271994, 49.753437], [6.271921, 49.75372], [6.271868, 49.753944], [6.271807, 49.754074], [6.27162, 49.75431], [6.271483, 49.754524], [6.27146, 49.754597], [6.271452, 49.75467], [6.27149, 49.754757], [6.27157, 49.75483], [6.271692, 49.75492], [6.271818, 49.754997], [6.271948, 49.75506], [6.272119, 49.755146], [6.272207, 49.755226], [6.272261, 49.755333], [6.27231, 49.75545], [6.272425, 49.75556], [6.272478, 49.755634], [6.27247, 49.755733], [6.272417, 49.755848], [6.272375, 49.755947], [6.27236, 49.75602], [6.272356, 49.7561], [6.272364, 49.75624], [6.272364, 49.7563], [6.272379, 49.756405], [6.272375, 49.75644], [6.272364, 49.75656], [6.272387, 49.756676], [6.272383, 49.756737], [6.272409, 49.756844], [6.272398, 49.7571], [6.272383, 49.75728], [6.272379, 49.757347], [6.272409, 49.757416], [6.272489, 49.75747], [6.272646, 49.7575], [6.272722, 49.75751], [6.272783, 49.7575], [6.272871, 49.757484], [6.272974, 49.757492], [6.273153, 49.75753], [6.273268, 49.75758], [6.273325, 49.757626], [6.273367, 49.75765], [6.273642, 49.757717], [6.274076, 49.757812], [6.27426, 49.757847], [6.274359, 49.757854], [6.274492, 49.757885], [6.274706, 49.757977], [6.27479, 49.757996], [6.274935, 49.75801], [6.275186, 49.75806], [6.275309, 49.758076], [6.27553, 49.758152], [6.275633, 49.758217], [6.275652, 49.758244], [6.275682, 49.758316], [6.275724, 49.758392], [6.275782, 49.758476], [6.27582, 49.75858], [6.275869, 49.758648], [6.275984, 49.758755], [6.276117, 49.75883], [6.276255, 49.758945], [6.276434, 49.759132], [6.276537, 49.75925], [6.276564, 49.759308], [6.276567, 49.75935], [6.27656, 49.75939], [6.276655, 49.759567], [6.27677, 49.75976], [6.27688, 49.75988], [6.276999, 49.75994], [6.277067, 49.75997], [6.277136, 49.760006], [6.277185, 49.76006], [6.277197, 49.760113], [6.277182, 49.760185], [6.277182, 49.76025], [6.277208, 49.76031], [6.277227, 49.7604], [6.277224, 49.760445], [6.277197, 49.76056], [6.277212, 49.7606], [6.277296, 49.760757], [6.277403, 49.76092], [6.277491, 49.761024], [6.277708, 49.76121], [6.277838, 49.76127], [6.277986, 49.76135], [6.278078, 49.761402], [6.278086, 49.76145], [6.278112, 49.76157], [6.278151, 49.76175], [6.278204, 49.761875], [6.278295, 49.76205], [6.278326, 49.762085], [6.278383, 49.7621], [6.278479, 49.762104], [6.278696, 49.762085], [6.278776, 49.762085], [6.278841, 49.762108], [6.278879, 49.762142], [6.278894, 49.762173], [6.278879, 49.76224], [6.278887, 49.762295], [6.278929, 49.76237], [6.279024, 49.76254], [6.27902, 49.762554], [6.278986, 49.76263], [6.278982, 49.762646], [6.278913, 49.76276], [6.278864, 49.762897], [6.278841, 49.762928], [6.27881, 49.762947], [6.278757, 49.76296], [6.278681, 49.76297], [6.278589, 49.763004], [6.278532, 49.763016], [6.278463, 49.763027], [6.278414, 49.763046], [6.278364, 49.76307], [6.278307, 49.763084], [6.278204, 49.76312], [6.278131, 49.763138], [6.278074, 49.763145], [6.278044, 49.763157], [6.277994, 49.76314], [6.277945, 49.763145], [6.277895, 49.76316], [6.277872, 49.763176], [6.277823, 49.763203], [6.277765, 49.763214], [6.277639, 49.763214], [6.277609, 49.763218], [6.277544, 49.763237], [6.277487, 49.76325], [6.277445, 49.763245], [6.277395, 49.76321], [6.277365, 49.763184], [6.277323, 49.76316], [6.277273, 49.76314], [6.277224, 49.763107], [6.277204, 49.763084], [6.277174, 49.76306], [6.277136, 49.763058], [6.27709, 49.763065], [6.276922, 49.763107], [6.276732, 49.76314], [6.276525, 49.763172], [6.276297, 49.76319], [6.276274, 49.763195], [6.276094, 49.763203], [6.275656, 49.763214], [6.275587, 49.76333], [6.275553, 49.763374], [6.275522, 49.763424], [6.275469, 49.763515], [6.275343, 49.763718], [6.275236, 49.763893], [6.275042, 49.764194], [6.275366, 49.76435], [6.275538, 49.76443], [6.275625, 49.764477], [6.275694, 49.76451], [6.275797, 49.764565], [6.275991, 49.76469], [6.276689, 49.765125], [6.27717, 49.76544], [6.277609, 49.765766], [6.277971, 49.76604], [6.278601, 49.766376], [6.279444, 49.766697], [6.279493, 49.766834], [6.279539, 49.766968], [6.279474, 49.767128], [6.279383, 49.76735], [6.279268, 49.767548], [6.279142, 49.767746], [6.278685, 49.76821], [6.277327, 49.76789], [6.277155, 49.76826], [6.277121, 49.768337], [6.277094, 49.768387], [6.27706, 49.768467], [6.277044, 49.768494], [6.277025, 49.76854], [6.276999, 49.768593], [6.276968, 49.76866], [6.276705, 49.769222], [6.276213, 49.769196], [6.276003, 49.76918], [6.275801, 49.76917], [6.275763, 49.76925], [6.275709, 49.769352], [6.27564, 49.76948], [6.275576, 49.76961], [6.275495, 49.769768], [6.27548, 49.769794], [6.275427, 49.769894], [6.275381, 49.769978], [6.275251, 49.770226], [6.275228, 49.770245], [6.274904, 49.77026], [6.274748, 49.770252], [6.274561, 49.77023], [6.274386, 49.770203], [6.274336, 49.77019], [6.273931, 49.770115], [6.27376, 49.770084], [6.273195, 49.769978], [6.273134, 49.769962], [6.272997, 49.769943], [6.272924, 49.769936], [6.272539, 49.76988], [6.272341, 49.769848], [6.271998, 49.76979], [6.271799, 49.769753], [6.271593, 49.769695], [6.271463, 49.769653], [6.271212, 49.769577], [6.270906, 49.76949], [6.270674, 49.76943], [6.270285, 49.769344], [6.2694, 49.769157], [6.269358, 49.76915], [6.268724, 49.768997], [6.26827, 49.768753], [6.268045, 49.768806], [6.267645, 49.768898], [6.267603, 49.76898], [6.267603, 49.769005], [6.267588, 49.76902], [6.267553, 49.769047], [6.267527, 49.76907], [6.267485, 49.76909], [6.267435, 49.7691], [6.267355, 49.769104], [6.267275, 49.769096], [6.267168, 49.769077], [6.267126, 49.76907], [6.267065, 49.769043], [6.267035, 49.769016], [6.266993, 49.768986], [6.266958, 49.768974], [6.266924, 49.76897], [6.26689, 49.76898], [6.266684, 49.769], [6.266645, 49.768997], [6.266604, 49.768982], [6.266569, 49.769016], [6.266508, 49.7691], [6.267054, 49.769287], [6.267469, 49.769432], [6.267447, 49.769463], [6.267313, 49.769608], [6.267267, 49.76965], [6.267111, 49.769554], [6.266951, 49.769466], [6.266741, 49.76937], [6.266458, 49.76926], [6.265982, 49.7691], [6.265749, 49.769016], [6.265509, 49.768925], [6.265406, 49.76889], [6.265177, 49.768837], [6.264887, 49.768795], [6.264868, 49.76874], [6.264749, 49.768417], [6.263102, 49.76871], [6.263121, 49.769005], [6.263121, 49.76902], [6.263128, 49.769123], [6.263132, 49.769154], [6.26314, 49.76929], [6.263151, 49.76944], [6.263163, 49.76958], [6.263166, 49.76961], [6.263174, 49.769722], [6.263185, 49.769875], [6.263197, 49.770073], [6.263937, 49.77002], [6.264616, 49.769962], [6.264528, 49.770393], [6.264517, 49.77044], [6.264669, 49.77049], [6.264589, 49.770657], [6.264509, 49.770844], [6.264467, 49.770924], [6.264372, 49.771114], [6.264326, 49.7712], [6.264292, 49.771282], [6.264215, 49.771446], [6.264086, 49.77174], [6.263803, 49.772366], [6.263659, 49.772694], [6.263502, 49.77301], [6.263422, 49.7732], [6.2633, 49.77352], [6.263273, 49.77352], [6.263216, 49.77361], [6.263121, 49.77377], [6.262934, 49.774063], [6.262766, 49.774025], [6.262625, 49.774254], [6.262575, 49.774326], [6.262468, 49.77449], [6.262339, 49.774685], [6.262247, 49.77483], [6.26211, 49.77505], [6.26206, 49.775124], [6.262026, 49.775177], [6.261972, 49.77527], [6.261904, 49.77538], [6.261789, 49.775555], [6.26177, 49.775597], [6.261671, 49.775776], [6.261496, 49.776104], [6.261332, 49.776405], [6.261579, 49.77644], [6.261686, 49.77645], [6.261721, 49.776455], [6.261923, 49.77648], [6.262094, 49.776505], [6.262186, 49.776516], [6.263357, 49.776665], [6.263269, 49.776936], [6.26367, 49.776974], [6.263594, 49.77715], [6.263586, 49.777164], [6.263536, 49.77727], [6.263479, 49.7774], [6.26346, 49.777447], [6.263441, 49.77749], [6.263403, 49.777573], [6.263388, 49.77761], [6.263365, 49.77766], [6.263323, 49.777756], [6.263277, 49.777847], [6.263239, 49.777927], [6.263197, 49.778008], [6.263124, 49.77816], [6.263056, 49.778316], [6.262999, 49.77844], [6.262968, 49.778496], [6.262926, 49.778576], [6.262869, 49.778687], [6.262819, 49.77879], [6.262468, 49.778683], [6.262316, 49.778645], [6.262159, 49.778614], [6.261908, 49.778572], [6.26169, 49.778545], [6.261526, 49.778515], [6.261431, 49.7785], [6.261175, 49.778458], [6.260931, 49.77842], [6.260603, 49.77837], [6.259993, 49.778282], [6.259363, 49.7782], [6.258841, 49.778027], [6.258482, 49.77788], [6.257147, 49.77729], [6.256773, 49.777122], [6.25675, 49.77714], [6.256693, 49.77719], [6.256681, 49.777203], [6.256475, 49.777367], [6.256445, 49.77739], [6.256388, 49.777435], [6.256311, 49.7775], [6.256151, 49.777634], [6.255938, 49.77781], [6.255838, 49.777893], [6.25569, 49.778023], [6.255499, 49.778206], [6.255465, 49.77825], [6.255335, 49.77847], [6.255289, 49.77851], [6.25522, 49.778553], [6.255098, 49.77861], [6.254969, 49.778625], [6.254728, 49.77865], [6.254454, 49.77869], [6.253916, 49.778763], [6.253725, 49.77835], [6.253653, 49.778202], [6.253572, 49.77812], [6.253389, 49.777977], [6.253096, 49.777763], [6.252897, 49.777615], [6.252714, 49.777504], [6.252092, 49.77722], [6.251223, 49.77685], [6.250944, 49.777134], [6.250513, 49.777557], [6.250464, 49.777607], [6.250204, 49.77786], [6.249281, 49.778755], [6.248812, 49.779224], [6.248053, 49.77999], [6.247732, 49.78037], [6.248266, 49.7805], [6.248175, 49.780613], [6.248079, 49.780727], [6.247988, 49.78084], [6.247969, 49.780834], [6.247942, 49.780865], [6.246286, 49.780457], [6.246161, 49.780598], [6.24613, 49.78064], [6.246061, 49.780716], [6.245989, 49.7808], [6.245954, 49.780838], [6.245935, 49.78086], [6.244013, 49.780094], [6.243937, 49.78016], [6.243788, 49.78029], [6.243761, 49.780308], [6.243631, 49.780422], [6.243589, 49.78046], [6.24357, 49.780476], [6.243483, 49.780563], [6.243429, 49.780617], [6.243395, 49.780647], [6.24336, 49.78068], [6.243299, 49.780743], [6.2432, 49.78084], [6.243158, 49.780884], [6.243093, 49.780945], [6.243029, 49.78101], [6.242804, 49.78123], [6.242983, 49.78129], [6.24296, 49.781322], [6.242842, 49.78152], [6.242773, 49.78164], [6.242731, 49.78171], [6.242651, 49.78185], [6.242575, 49.781982], [6.241762, 49.781773], [6.241156, 49.78162], [6.240099, 49.78135], [6.240007, 49.781414], [6.237432, 49.781082], [6.236891, 49.78227], [6.236849, 49.782368], [6.23683, 49.78242], [6.236723, 49.782677], [6.236708, 49.78272], [6.236654, 49.782864], [6.236765, 49.782864], [6.236845, 49.78287], [6.236944, 49.78288], [6.237055, 49.782894], [6.237158, 49.782913], [6.237211, 49.78293], [6.237246, 49.782948], [6.237303, 49.782986], [6.237349, 49.78301], [6.237417, 49.783016], [6.237474, 49.783016], [6.237577, 49.78301], [6.237669, 49.782993], [6.237715, 49.782993], [6.237795, 49.782997], [6.237993, 49.78302], [6.238092, 49.783047], [6.238207, 49.783077], [6.238321, 49.783108], [6.238432, 49.783134], [6.238512, 49.783146], [6.238523, 49.78315], [6.238592, 49.783157], [6.238676, 49.78316], [6.238771, 49.783176], [6.238836, 49.7832], [6.238874, 49.78321], [6.23892, 49.78322], [6.238985, 49.783222], [6.239039, 49.783226], [6.239092, 49.78324], [6.239149, 49.78326], [6.23918, 49.783264], [6.239214, 49.783264], [6.239248, 49.783257], [6.239271, 49.783245], [6.239294, 49.783245], [6.239306, 49.783253], [6.239309, 49.783264], [6.239313, 49.783283], [6.239344, 49.78329], [6.239424, 49.783295], [6.239588, 49.783318], [6.239878, 49.783348], [6.24021, 49.78339], [6.240427, 49.783424], [6.240622, 49.783455], [6.240683, 49.783463], [6.240736, 49.783463], [6.240805, 49.783455], [6.240889, 49.783455], [6.240965, 49.783478], [6.241018, 49.783504], [6.241083, 49.78353], [6.241129, 49.78355], [6.241171, 49.783573], [6.241213, 49.7836], [6.241266, 49.783615], [6.24148, 49.783657], [6.241526, 49.78366], [6.241617, 49.78365], [6.241674, 49.78364], [6.241713, 49.783638], [6.241747, 49.783638], [6.241804, 49.78365], [6.241919, 49.78367], [6.242086, 49.783695], [6.242128, 49.78371], [6.242163, 49.78373], [6.242178, 49.783737], [6.242209, 49.783752], [6.242292, 49.78376], [6.242353, 49.783752], [6.242388, 49.783726], [6.242449, 49.78362], [6.242468, 49.78359], [6.243246, 49.78363], [6.243338, 49.783672], [6.243513, 49.783726], [6.24365, 49.783764], [6.244238, 49.78387], [6.245157, 49.78405], [6.248575, 49.785378], [6.249239, 49.785526], [6.249689, 49.785625], [6.250269, 49.78577], [6.250807, 49.785908], [6.250921, 49.78594], [6.251417, 49.786064], [6.251696, 49.78574], [6.251772, 49.785755], [6.251982, 49.7858], [6.251959, 49.78584], [6.251638, 49.78638], [6.25149, 49.786613], [6.251062, 49.787285], [6.250563, 49.78805], [6.251047, 49.788258], [6.251131, 49.788296], [6.251219, 49.78833], [6.250456, 49.788837], [6.249304, 49.789646], [6.248545, 49.790195], [6.248007, 49.790573], [6.247477, 49.79093], [6.246698, 49.79142], [6.245516, 49.792137], [6.245272, 49.792294], [6.244928, 49.792572], [6.244432, 49.79298], [6.244337, 49.793076], [6.24439, 49.79376], [6.244432, 49.79418], [6.244543, 49.79538], [6.24457, 49.795593], [6.244635, 49.795784], [6.244883, 49.796436], [6.248712, 49.797894], [6.24991, 49.79831], [6.251223, 49.798763], [6.252924, 49.799397], [6.254389, 49.79994], [6.254324, 49.800106], [6.254202, 49.800373], [6.254637, 49.800587], [6.255762, 49.80115], [6.256109, 49.801407], [6.256571, 49.801804], [6.256826, 49.80206], [6.256926, 49.80213], [6.257555, 49.802456], [6.257837, 49.80259], [6.258486, 49.802837], [6.258062, 49.803455], [6.257464, 49.804344], [6.256769, 49.805344], [6.256048, 49.806328], [6.255407, 49.80722], [6.254583, 49.80844], [6.254545, 49.80849], [6.25432, 49.80868], [6.254171, 49.80881], [6.253981, 49.80902], [6.253714, 49.809414], [6.253485, 49.80969], [6.252779, 49.810303], [6.252792, 49.810302], [6.252844, 49.810326], [6.253023, 49.81037], [6.253183, 49.81041], [6.253553, 49.810493], [6.253626, 49.81051], [6.25416, 49.810547], [6.254385, 49.810684], [6.25448, 49.810524], [6.254824, 49.810497], [6.255152, 49.81048], [6.255426, 49.810444], [6.255938, 49.810352], [6.256308, 49.810287], [6.256716, 49.81022], [6.257074, 49.810165], [6.257204, 49.81015], [6.257349, 49.810143], [6.257708, 49.81013], [6.257578, 49.810394], [6.258734, 49.8106], [6.259489, 49.81073], [6.260233, 49.810856], [6.260801, 49.810936], [6.261831, 49.811073], [6.263704, 49.81132], [6.263533, 49.811676], [6.263491, 49.811756], [6.263201, 49.811714], [6.263086, 49.81171], [6.262995, 49.811714], [6.262937, 49.811726], [6.262911, 49.811745], [6.262762, 49.811905], [6.262487, 49.812195], [6.262281, 49.812416], [6.262438, 49.81245], [6.26293, 49.81257], [6.263086, 49.812607], [6.263475, 49.812706], [6.263876, 49.81289], [6.264292, 49.81317], [6.264448, 49.8134], [6.264498, 49.8135], [6.264517, 49.813545], [6.264525, 49.813606], [6.264536, 49.81383], [6.264525, 49.813896], [6.264482, 49.813995], [6.264429, 49.814095], [6.264345, 49.814217], [6.264013, 49.814632], [6.263777, 49.81492], [6.263636, 49.81517], [6.263788, 49.815193], [6.264063, 49.81524], [6.264177, 49.81526], [6.264269, 49.815277], [6.264471, 49.81529], [6.264536, 49.815285], [6.264593, 49.815277], [6.264681, 49.815277], [6.264738, 49.81527], [6.264792, 49.815254], [6.264883, 49.815247], [6.264952, 49.815247], [6.26502, 49.81526], [6.2651, 49.815254], [6.265131, 49.815254], [6.265238, 49.81524], [6.265333, 49.815243], [6.265455, 49.81523], [6.265619, 49.81523], [6.265684, 49.815247], [6.265749, 49.815247], [6.265837, 49.81523], [6.265993, 49.815186], [6.266024, 49.815178], [6.266058, 49.815186], [6.266081, 49.815186], [6.266115, 49.81517], [6.266165, 49.81515], [6.266203, 49.815147], [6.266237, 49.81514], [6.266375, 49.81514], [6.26642, 49.815132], [6.26652, 49.815117], [6.266558, 49.815117], [6.266623, 49.81512], [6.266687, 49.815125], [6.266768, 49.81515], [6.266828, 49.815186], [6.266863, 49.8152], [6.266897, 49.81521], [6.266932, 49.815224], [6.266966, 49.81524], [6.267, 49.815243], [6.267038, 49.815247], [6.267061, 49.815254], [6.267092, 49.815277], [6.267115, 49.8153], [6.267134, 49.815327], [6.267145, 49.815346], [6.267157, 49.815357], [6.267267, 49.815422], [6.267294, 49.815453], [6.267336, 49.815483], [6.267374, 49.815514], [6.267405, 49.81552], [6.267427, 49.81552], [6.267466, 49.815506], [6.267488, 49.815514], [6.267492, 49.81553], [6.267492, 49.815548], [6.267485, 49.81565], [6.267496, 49.815727], [6.267523, 49.815773], [6.267588, 49.815826], [6.267668, 49.815865], [6.267813, 49.8159], [6.267904, 49.815937], [6.267954, 49.81597], [6.267954, 49.816017], [6.26795, 49.81607], [6.267977, 49.816093], [6.268022, 49.81611], [6.268213, 49.816154], [6.268412, 49.816208], [6.268499, 49.816257], [6.268545, 49.8163], [6.268553, 49.81634], [6.26856, 49.816406], [6.268579, 49.81643], [6.268618, 49.81645], [6.268675, 49.816452], [6.268713, 49.816452], [6.268747, 49.816467], [6.268751, 49.816498], [6.268736, 49.816544], [6.268759, 49.81658], [6.26882, 49.816635], [6.269018, 49.816757], [6.26903, 49.816788], [6.269014, 49.816807], [6.268976, 49.81681], [6.268816, 49.816788], [6.268774, 49.8168], [6.268759, 49.81684], [6.268766, 49.816936], [6.268778, 49.81703], [6.26885, 49.8172], [6.268862, 49.817314], [6.26885, 49.81742], [6.268675, 49.817795], [6.268682, 49.817825], [6.268705, 49.817856], [6.268755, 49.817955], [6.268721, 49.81804], [6.268713, 49.818115], [6.268698, 49.81816], [6.268614, 49.81831], [6.268583, 49.81838], [6.268579, 49.818436], [6.268591, 49.81848], [6.268614, 49.818512], [6.268724, 49.81858], [6.26882, 49.818657], [6.268854, 49.818703], [6.268896, 49.81883], [6.268923, 49.81892], [6.268953, 49.818947], [6.269033, 49.818985], [6.269113, 49.819016], [6.269178, 49.819077], [6.269213, 49.819115], [6.269239, 49.81919], [6.269251, 49.819405], [6.269262, 49.819473], [6.269335, 49.819534], [6.269507, 49.819603], [6.269628, 49.819675], [6.269766, 49.81984], [6.269815, 49.819923], [6.269815, 49.819996], [6.269789, 49.820045], [6.269712, 49.8201], [6.269682, 49.820152], [6.269693, 49.82021], [6.269735, 49.820274], [6.2698, 49.820385], [6.269819, 49.82047], [6.269796, 49.820557], [6.269739, 49.820675], [6.269739, 49.82072], [6.269793, 49.820744], [6.26988, 49.82077], [6.269953, 49.82083], [6.270033, 49.82096], [6.270147, 49.82113], [6.270205, 49.821182], [6.270334, 49.821266], [6.27043, 49.821274], [6.270346, 49.8213], [6.270285, 49.821312], [6.270193, 49.82132], [6.270159, 49.821297], [6.269754, 49.821053], [6.268911, 49.821087], [6.26882, 49.82106], [6.267858, 49.821068], [6.266657, 49.8211], [6.265779, 49.821136], [6.26549, 49.821182], [6.264696, 49.82132], [6.264254, 49.82141], [6.263243, 49.821644], [6.262087, 49.821926], [6.261667, 49.822033], [6.260191, 49.822304], [6.25963, 49.82244], [6.258856, 49.822662], [6.258459, 49.822773], [6.257662, 49.822937], [6.257254, 49.823025], [6.256926, 49.82312], [6.256601, 49.823227], [6.256052, 49.823395], [6.255693, 49.823486], [6.25569, 49.8235], [6.255659, 49.823692], [6.255655, 49.823727], [6.255617, 49.823956], [6.255602, 49.82406], [6.25559, 49.82412], [6.255529, 49.824486], [6.255449, 49.82503], [6.255373, 49.825447], [6.255293, 49.825977], [6.255205, 49.826485], [6.255125, 49.827026], [6.255045, 49.827534], [6.255003, 49.82778], [6.254961, 49.828064], [6.254877, 49.828568], [6.254824, 49.828964], [6.254808, 49.8291], [6.25469, 49.829967], [6.254694, 49.830013], [6.254675, 49.830135], [6.254892, 49.830276], [6.255171, 49.83046], [6.255446, 49.830643], [6.255991, 49.831005], [6.256022, 49.831028], [6.2568, 49.831547], [6.257009, 49.831688], [6.257105, 49.83175], [6.257467, 49.831993], [6.257666, 49.832123], [6.257936, 49.832302], [6.258223, 49.83248], [6.258375, 49.83258], [6.258799, 49.832863], [6.259348, 49.833233], [6.2595, 49.833332], [6.259661, 49.83344], [6.260088, 49.833725], [6.2605, 49.834003], [6.260511, 49.83401], [6.260958, 49.8343], [6.261023, 49.834347], [6.262087, 49.83504], [6.262838, 49.835533], [6.263224, 49.83578], [6.263334, 49.835854], [6.26367, 49.83608], [6.263857, 49.8362], [6.264113, 49.836372], [6.264875, 49.836864], [6.265478, 49.837254], [6.265989, 49.83757], [6.266024, 49.837593], [6.266302, 49.83777], [6.266604, 49.83796], [6.266962, 49.83819], [6.267111, 49.838284], [6.267149, 49.838306], [6.267408, 49.838474], [6.26755, 49.838562], [6.267729, 49.838673], [6.26782, 49.838734], [6.267939, 49.83881], [6.268328, 49.839058], [6.268412, 49.83911], [6.268877, 49.83941], [6.268984, 49.839478], [6.269197, 49.839615], [6.269262, 49.839664], [6.270086, 49.8402], [6.270666, 49.840576], [6.271223, 49.84094], [6.271429, 49.841072], [6.271456, 49.841087], [6.271143, 49.84115], [6.27096, 49.84118], [6.270792, 49.8412], [6.270643, 49.8412], [6.270418, 49.841194], [6.269636, 49.841152], [6.269308, 49.84115], [6.269041, 49.84116], [6.268736, 49.84119], [6.268423, 49.841232], [6.267885, 49.841366], [6.266973, 49.84162], [6.266531, 49.841747], [6.266321, 49.841824], [6.266169, 49.841896], [6.266073, 49.84195], [6.266046, 49.841988], [6.266024, 49.842026], [6.265886, 49.84215], [6.265291, 49.84272], [6.264898, 49.84309], [6.264624, 49.84337], [6.264509, 49.84349], [6.263704, 49.844223], [6.263239, 49.84464], [6.262781, 49.84503], [6.2628, 49.845047], [6.262987, 49.845146], [6.263323, 49.84532], [6.263422, 49.84537], [6.264055, 49.845703], [6.264502, 49.845943], [6.265417, 49.846443], [6.265459, 49.846472], [6.265486, 49.84649], [6.265576, 49.846536], [6.265619, 49.846558], [6.266123, 49.84683], [6.266844, 49.847218], [6.267019, 49.847313], [6.266966, 49.847355], [6.266901, 49.847404], [6.266821, 49.847466], [6.266806, 49.847477], [6.267061, 49.84765], [6.26745, 49.847916], [6.267786, 49.848087], [6.268358, 49.848373], [6.268675, 49.848537], [6.268885, 49.848644], [6.268957, 49.848694], [6.269319, 49.849003], [6.269518, 49.849182], [6.269545, 49.84918], [6.269663, 49.849167], [6.269991, 49.84914], [6.270338, 49.849113], [6.270552, 49.849094], [6.270933, 49.849064], [6.27112, 49.84904], [6.271318, 49.84902], [6.271524, 49.848995], [6.272322, 49.848892], [6.273886, 49.848675], [6.274103, 49.848648], [6.274416, 49.848602], [6.274511, 49.84859], [6.274797, 49.84855], [6.274935, 49.848545], [6.274977, 49.84855], [6.275011, 49.848534], [6.275087, 49.848537], [6.275591, 49.84848], [6.276144, 49.848415], [6.276915, 49.848328], [6.27696, 49.84832], [6.277105, 49.84827], [6.277247, 49.848267], [6.277514, 49.84821], [6.277762, 49.848156], [6.277983, 49.848106], [6.278238, 49.84805], [6.278719, 49.847942], [6.278849, 49.847916], [6.278944, 49.847893], [6.278994, 49.847885], [6.279051, 49.847878], [6.279287, 49.847847], [6.279764, 49.847786], [6.280171, 49.847733], [6.280195, 49.84773], [6.280436, 49.8477], [6.280684, 49.847668], [6.28097, 49.84763], [6.281389, 49.847576], [6.281496, 49.847565], [6.281535, 49.84756], [6.28163, 49.847546], [6.281954, 49.847504], [6.282126, 49.84748], [6.282393, 49.847441], [6.282511, 49.84743], [6.282877, 49.847385], [6.282977, 49.847377], [6.283022, 49.847374], [6.283041, 49.84737], [6.283182, 49.847358], [6.283266, 49.84735], [6.283323, 49.847347], [6.283407, 49.847339], [6.283697, 49.847313], [6.283735, 49.847313], [6.283915, 49.847298], [6.283976, 49.84729], [6.284166, 49.84727], [6.284262, 49.847263], [6.284372, 49.847256], [6.284468, 49.847244], [6.284563, 49.847237], [6.284601, 49.847233], [6.284742, 49.84722], [6.284998, 49.8472], [6.285326, 49.847168], [6.285444, 49.847157], [6.285601, 49.847145], [6.285642, 49.84714], [6.285665, 49.847137], [6.285756, 49.84713], [6.285891, 49.84712], [6.286062, 49.84711], [6.28615, 49.847107], [6.286303, 49.847107], [6.286528, 49.847103], [6.286577, 49.84709], [6.286619, 49.847084], [6.286646, 49.8471], [6.286757, 49.847107], [6.286966, 49.847126], [6.287088, 49.847145], [6.287176, 49.847164], [6.287283, 49.84719], [6.28742, 49.84723], [6.287672, 49.8473], [6.287798, 49.847343], [6.288156, 49.847446], [6.288233, 49.847466], [6.288347, 49.847485], [6.288557, 49.847507], [6.28874, 49.847534], [6.2889, 49.84756], [6.289225, 49.84764], [6.2894, 49.84769], [6.28948, 49.847706], [6.289526, 49.847713], [6.28961, 49.847717], [6.289793, 49.847713], [6.290094, 49.847713], [6.290514, 49.847706], [6.290655, 49.8477], [6.290754, 49.847694], [6.290831, 49.8477], [6.290937, 49.847706], [6.290998, 49.847702], [6.29109, 49.8477], [6.291216, 49.84768], [6.291315, 49.847668], [6.291391, 49.847668], [6.291586, 49.84768], [6.291704, 49.84768], [6.29209, 49.847656], [6.292181, 49.847645], [6.292372, 49.847595], [6.292517, 49.84757], [6.292624, 49.84755], [6.292749, 49.847546], [6.292807, 49.847538], [6.292917, 49.84752], [6.293028, 49.847515], [6.293055, 49.847507], [6.293158, 49.847485], [6.293241, 49.847473], [6.293337, 49.84748], [6.293421, 49.847492], [6.293508, 49.84751], [6.293585, 49.847523], [6.293814, 49.84754], [6.293928, 49.847572], [6.294088, 49.847626], [6.294344, 49.8477], [6.294657, 49.847786], [6.294779, 49.847816], [6.294928, 49.84785], [6.29532, 49.84793], [6.295496, 49.847977], [6.295664, 49.848026], [6.295801, 49.848057], [6.296068, 49.84811], [6.296167, 49.84814], [6.296331, 49.848206], [6.296537, 49.84829], [6.296797, 49.848408], [6.296949, 49.848473], [6.297026, 49.84849], [6.297117, 49.848503], [6.297262, 49.8485], [6.297453, 49.848507], [6.297701, 49.848515], [6.297949, 49.84853], [6.298136, 49.84854], [6.298201, 49.848545], [6.29825, 49.848537], [6.298506, 49.848465], [6.298822, 49.84841], [6.299013, 49.848385], [6.299307, 49.84835], [6.299536, 49.848324], [6.299704, 49.848312], [6.299765, 49.8483], [6.299803, 49.84829], [6.299837, 49.848255], [6.299959, 49.84812], [6.300005, 49.84808], [6.300047, 49.848057], [6.300112, 49.848038], [6.300157, 49.848022], [6.300196, 49.848007], [6.300253, 49.847973], [6.300314, 49.84795], [6.300386, 49.847927], [6.300558, 49.847885], [6.300676, 49.84785], [6.300787, 49.847816], [6.300852, 49.847786], [6.300947, 49.84773], [6.301142, 49.84761], [6.30134, 49.84749], [6.301691, 49.84729], [6.301844, 49.847206], [6.301973, 49.84715], [6.302259, 49.84703], [6.302359, 49.84699], [6.302454, 49.846928], [6.302519, 49.84689], [6.302622, 49.846848], [6.302698, 49.84681], [6.302813, 49.846775], [6.303049, 49.84671], [6.303297, 49.846638], [6.303434, 49.846596], [6.303579, 49.84656], [6.303751, 49.846523], [6.304041, 49.846474], [6.30438, 49.846413], [6.304552, 49.84637], [6.304869, 49.846294], [6.304949, 49.84627], [6.30501, 49.846275], [6.305078, 49.84629], [6.305239, 49.846333], [6.305342, 49.846363], [6.30538, 49.84637], [6.305418, 49.846478], [6.305448, 49.846542], [6.305532, 49.846664], [6.305636, 49.846756], [6.305803, 49.84688], [6.305948, 49.84699], [6.306509, 49.847336], [6.306734, 49.847504], [6.307291, 49.847622], [6.307798, 49.847706], [6.308058, 49.847733], [6.308363, 49.84776], [6.308859, 49.847794], [6.309034, 49.847805], [6.309473, 49.847805], [6.310396, 49.847797], [6.310408, 49.848335], [6.310419, 49.848785], [6.310423, 49.848915], [6.310423, 49.848995], [6.310434, 49.849422], [6.310446, 49.85011], [6.310419, 49.8503], [6.310404, 49.850346], [6.310335, 49.850655], [6.310209, 49.851063], [6.310137, 49.851315], [6.310121, 49.85138], [6.310103, 49.851444], [6.310038, 49.85172], [6.310011, 49.851826], [6.309881, 49.852108], [6.309664, 49.852566], [6.309683, 49.85281], [6.309751, 49.85387], [6.309755, 49.85392], [6.309221, 49.85493], [6.309031, 49.855194], [6.308897, 49.855362], [6.308828, 49.855453], [6.308752, 49.85555], [6.308432, 49.85595], [6.308367, 49.85604], [6.308195, 49.856274], [6.307756, 49.85685], [6.307451, 49.857254], [6.307997, 49.85747], [6.308569, 49.85769], [6.309053, 49.857872], [6.309343, 49.858], [6.309572, 49.858112], [6.310003, 49.858315], [6.310121, 49.858368], [6.310755, 49.85862], [6.310858, 49.858654], [6.311304, 49.858837], [6.311464, 49.858902], [6.311998, 49.85904], [6.312387, 49.859276], [6.312429, 49.859303], [6.312551, 49.859352], [6.312803, 49.859447], [6.313021, 49.85953], [6.31323, 49.859604], [6.313452, 49.85967], [6.313486, 49.859676], [6.313681, 49.859726], [6.31386, 49.859768], [6.314062, 49.85987], [6.314123, 49.859882], [6.314135, 49.859884], [6.314154, 49.859854], [6.314199, 49.859785], [6.314268, 49.859682], [6.314409, 49.859461], [6.314505, 49.859331], [6.314673, 49.85911], [6.314768, 49.859045], [6.314878, 49.858915], [6.31497, 49.858809], [6.315065, 49.858721], [6.315126, 49.858595], [6.31526, 49.858438], [6.315344, 49.858381], [6.315489, 49.858198], [6.315542, 49.858168], [6.315603, 49.858065], [6.315699, 49.85795], [6.315836, 49.85774], [6.315912, 49.857691], [6.315924, 49.857637], [6.316008, 49.857527], [6.316107, 49.85737], [6.316259, 49.857206], [6.316343, 49.857012], [6.316446, 49.856855], [6.316591, 49.856577], [6.316801, 49.856279], [6.317072, 49.855921], [6.317213, 49.855715], [6.317385, 49.855539], [6.317495, 49.85539], [6.317587, 49.855318], [6.317827, 49.855108], [6.317919, 49.85504], [6.318064, 49.854944], [6.318293, 49.854822], [6.318445, 49.85475], [6.318552, 49.854677], [6.318659, 49.854624], [6.318846, 49.854521], [6.319162, 49.854357], [6.319479, 49.854147], [6.319819, 49.853979], [6.320162, 49.853731], [6.320539, 49.853491], [6.320558, 49.853441], [6.320715, 49.853369], [6.320948, 49.853243], [6.321127, 49.853113], [6.321261, 49.853018], [6.321783, 49.85261], [6.321993, 49.852388], [6.322279, 49.852041], [6.322424, 49.851816], [6.32255, 49.851515], [6.322573, 49.851255], [6.322584, 49.850946], [6.322573, 49.850756], [6.322538, 49.850603], [6.32247, 49.850336], [6.322416, 49.850092], [6.32234, 49.84976], [6.322233, 49.849443], [6.322172, 49.849241], [6.322123, 49.849058], [6.32197, 49.848589], [6.321875, 49.848112], [6.321791, 49.84767], [6.321672, 49.847441], [6.321672, 49.847334], [6.321631, 49.847174], [6.321562, 49.846937], [6.321489, 49.846796], [6.321394, 49.846643], [6.321272, 49.846529], [6.321142, 49.846392], [6.321058, 49.846228], [6.320906, 49.846151], [6.320593, 49.845785], [6.320345, 49.845503], [6.32028, 49.845297], [6.320253, 49.845262], [6.320181, 49.845167], [6.320093, 49.845076], [6.320013, 49.844858], [6.31999, 49.844683], [6.320047, 49.844408], [6.319925, 49.844027], [6.319918, 49.843832], [6.319838, 49.843687], [6.319776, 49.843592], [6.31967, 49.843405], [6.319559, 49.843214], [6.319513, 49.84297], [6.319529, 49.842787], [6.319567, 49.842707], [6.31962, 49.842527], [6.319632, 49.84231], [6.319735, 49.84207], [6.319792, 49.842039], [6.319826, 49.841959], [6.31978, 49.841963], [6.319685, 49.841825], [6.319677, 49.841631], [6.319696, 49.841379], [6.319689, 49.841169], [6.319704, 49.840879], [6.319716, 49.840677], [6.319769, 49.840399], [6.320028, 49.839876], [6.320162, 49.839727], [6.320448, 49.839384], [6.32062, 49.839235], [6.320772, 49.83898], [6.320929, 49.838823], [6.321089, 49.838678], [6.321188, 49.838671], [6.321272, 49.838621], [6.321424, 49.838453], [6.321524, 49.838499], [6.321604, 49.838484], [6.32165, 49.8384], [6.321749, 49.838366], [6.322016, 49.838266], [6.322161, 49.83819], [6.322393, 49.838022], [6.322645, 49.837851], [6.323305, 49.837519], [6.323751, 49.837313], [6.32427, 49.837069], [6.32498, 49.836737], [6.325174, 49.836645], [6.325335, 49.836565], [6.325724, 49.836393], [6.326078, 49.836237], [6.326441, 49.836115], [6.326853, 49.836012], [6.327166, 49.835939], [6.327616, 49.835894], [6.328402, 49.835901], [6.328802, 49.835932], [6.329142, 49.835958], [6.329271, 49.835997], [6.32976, 49.836046], [6.329794, 49.836046], [6.32984, 49.83605], [6.329924, 49.836054], [6.330278, 49.836142], [6.330843, 49.836302], [6.331209, 49.836428], [6.331556, 49.836554], [6.331896, 49.836657], [6.332319, 49.836782], [6.332762, 49.836901], [6.333098, 49.837007], [6.333582, 49.837152], [6.334021, 49.837309], [6.334417, 49.837473], [6.334925, 49.837683], [6.335173, 49.837809], [6.335234, 49.837847], [6.335421, 49.837965], [6.335607, 49.838045], [6.33576, 49.838167], [6.335924, 49.838243], [6.336138, 49.838419], [6.33637, 49.838625], [6.336573, 49.838774], [6.336695, 49.838808], [6.336679, 49.838892], [6.336847, 49.838999], [6.337042, 49.839125], [6.337416, 49.839533], [6.337561, 49.839743], [6.337698, 49.839945], [6.337793, 49.840113], [6.337946, 49.840342], [6.338026, 49.840494], [6.338179, 49.840742], [6.338255, 49.840906], [6.338339, 49.841116], [6.338388, 49.841368], [6.338404, 49.841577], [6.338461, 49.841822], [6.33851, 49.842089], [6.338591, 49.842428], [6.338636, 49.842722], [6.338663, 49.842985], [6.338739, 49.843359], [6.338865, 49.843737], [6.338896, 49.84387], [6.338942, 49.844221], [6.338995, 49.844385], [6.339014, 49.844553], [6.339098, 49.844812], [6.339189, 49.84503], [6.339281, 49.845266], [6.339441, 49.845652], [6.339499, 49.845945], [6.339594, 49.846296], [6.339632, 49.846445], [6.339697, 49.84675], [6.3398, 49.847094], [6.339872, 49.847441], [6.340147, 49.847803], [6.340383, 49.848074], [6.340521, 49.848169], [6.34091, 49.848398], [6.341078, 49.848494], [6.341536, 49.84868], [6.342299, 49.848917], [6.342592, 49.849009], [6.342852, 49.849085], [6.343149, 49.849165], [6.343481, 49.849249], [6.343916, 49.849337], [6.344378, 49.849413], [6.344953, 49.849504], [6.34532, 49.849558], [6.345716, 49.8496], [6.346518, 49.849794], [6.346952, 49.849886], [6.34754, 49.849985], [6.348208, 49.850134], [6.348436, 49.850191], [6.348932, 49.850267], [6.349401, 49.85034], [6.34997, 49.850397], [6.35084, 49.850409], [6.351404, 49.850431], [6.351892, 49.850424], [6.352587, 49.850466], [6.353102, 49.850489], [6.353815, 49.850527], [6.35441, 49.850553], [6.3552, 49.850595], [6.356687, 49.850622], [6.357161, 49.850679], [6.35766, 49.850679], [6.358004, 49.85066], [6.358187, 49.850637], [6.358313, 49.850637], [6.358389, 49.850637], [6.358442, 49.850637], [6.359003, 49.850637], [6.359369, 49.850618], [6.359774, 49.850607], [6.360285, 49.850592], [6.360704, 49.850584], [6.361078, 49.850614], [6.361372, 49.850634], [6.361654, 49.850653], [6.362154, 49.850691], [6.362486, 49.850725], [6.362844, 49.850763], [6.363172, 49.850767], [6.363321, 49.850752], [6.363638, 49.85074], [6.363943, 49.850717], [6.364084, 49.850687], [6.364615, 49.850493], [6.364821, 49.850359], [6.365328, 49.850111], [6.365705, 49.849916], [6.365988, 49.849779], [6.366243, 49.849646], [6.366411, 49.849523], [6.366602, 49.849314], [6.366766, 49.8491], [6.366957, 49.848867], [6.367147, 49.848616], [6.367304, 49.848349], [6.367575, 49.848002], [6.367712, 49.847841], [6.367876, 49.847651], [6.368296, 49.847204], [6.368566, 49.846952], [6.368875, 49.846655], [6.369291, 49.846235], [6.369597, 49.845934], [6.370153, 49.845308], [6.370401, 49.845045], [6.370596, 49.844805], [6.370954, 49.844481], [6.371141, 49.844179], [6.371321, 49.843859], [6.371527, 49.843512], [6.371717, 49.843275], [6.371889, 49.843035], [6.372118, 49.842737], [6.372274, 49.842562], [6.372583, 49.842249], [6.372625, 49.842226], [6.372934, 49.842073], [6.373342, 49.841829], [6.373648, 49.841612], [6.374174, 49.841368], [6.374445, 49.841272], [6.374636, 49.841185], [6.374876, 49.841097], [6.375246, 49.840952], [6.375624, 49.84078], [6.375841, 49.840666], [6.376131, 49.840502], [6.376413, 49.840307], [6.376738, 49.840097], [6.376917, 49.839754], [6.37715, 49.839418], [6.37726, 49.83927], [6.377527, 49.838999], [6.377737, 49.8388], [6.37797, 49.83856], [6.378298, 49.838232], [6.378591, 49.837976], [6.378855, 49.837759], [6.378962, 49.837668], [6.379293, 49.83745], [6.379572, 49.837297], [6.379652, 49.837271], [6.37977, 49.83721], [6.380033, 49.837114], [6.380152, 49.837053], [6.380426, 49.836901], [6.380579, 49.836817], [6.380865, 49.836618], [6.381132, 49.836435], [6.381258, 49.836313], [6.381418, 49.836203], [6.381685, 49.835981], [6.381849, 49.83584], [6.381998, 49.835718], [6.382155, 49.835585], [6.382193, 49.835585], [6.382269, 49.835524], [6.382216, 49.83552], [6.382364, 49.835306], [6.382448, 49.83518], [6.382639, 49.834955], [6.382769, 49.834799], [6.382875, 49.834692], [6.383036, 49.834536], [6.38315, 49.834364], [6.383368, 49.834207], [6.38352, 49.834009], [6.383684, 49.83378], [6.383772, 49.833593], [6.383791, 49.833578], [6.383894, 49.833433], [6.384035, 49.83333], [6.384184, 49.833189], [6.384222, 49.833113], [6.38439, 49.83291], [6.384436, 49.832743], [6.384474, 49.832685], [6.384504, 49.832644], [6.384592, 49.832525], [6.384699, 49.832407], [6.384989, 49.832243], [6.385256, 49.832094], [6.385382, 49.831999], [6.385569, 49.831922], [6.385717, 49.831816], [6.385885, 49.831694], [6.386377, 49.831385], [6.386583, 49.831232], [6.3869, 49.831015], [6.38727, 49.83077], [6.387556, 49.830595], [6.387819, 49.830401], [6.387926, 49.830275], [6.388056, 49.830183], [6.388075, 49.830133], [6.388094, 49.830088], [6.388246, 49.829988], [6.388376, 49.829889], [6.388475, 49.829763], [6.388643, 49.829634], [6.388742, 49.829534], [6.388807, 49.829439], [6.389139, 49.829225], [6.389479, 49.829027], [6.389765, 49.828886], [6.390055, 49.828699], [6.390367, 49.828512], [6.390673, 49.828348], [6.390913, 49.828241], [6.391108, 49.82815], [6.391317, 49.828066], [6.39168, 49.827906], [6.391977, 49.827772], [6.392183, 49.82765], [6.392363, 49.827524], [6.392664, 49.827253], [6.392988, 49.826967], [6.393167, 49.82675], [6.393442, 49.826494], [6.39364, 49.826273], [6.393839, 49.826086], [6.393942, 49.825968], [6.394072, 49.825834], [6.394194, 49.825659], [6.394484, 49.8253], [6.39464, 49.825113], [6.395037, 49.82464], [6.395365, 49.824266], [6.395536, 49.824072], [6.395689, 49.823889], [6.395849, 49.823717], [6.396021, 49.823507], [6.396193, 49.82332], [6.396364, 49.823099], [6.396513, 49.822939], [6.396662, 49.82276], [6.396799, 49.822618], [6.396875, 49.822542], [6.397184, 49.822283], [6.397348, 49.822164], [6.397493, 49.822073], [6.39778, 49.821901], [6.397837, 49.821867], [6.398012, 49.821772], [6.398294, 49.821585], [6.398581, 49.821466], [6.398786, 49.821344], [6.399088, 49.821173], [6.399305, 49.821058], [6.399527, 49.820932], [6.399752, 49.820803], [6.400007, 49.820661], [6.400259, 49.820524], [6.400534, 49.820372], [6.400789, 49.820238], [6.401049, 49.820101], [6.4013, 49.819964], [6.401468, 49.819879], [6.401716, 49.819758], [6.401941, 49.819654], [6.402178, 49.819552], [6.402288, 49.819502], [6.40243, 49.819437], [6.402582, 49.819399], [6.402826, 49.819387], [6.403227, 49.819342], [6.403513, 49.819319], [6.403822, 49.819281], [6.404074, 49.819262], [6.40452, 49.819208], [6.404795, 49.819162], [6.404856, 49.819151], [6.405058, 49.819094], [6.405127, 49.819075], [6.40539, 49.818979], [6.405642, 49.818891], [6.405943, 49.8188], [6.406485, 49.818617], [6.407347, 49.818289], [6.407591, 49.818216], [6.407843, 49.818113], [6.408205, 49.817961], [6.408525, 49.817873], [6.408835, 49.817755], [6.409162, 49.817686], [6.409517, 49.817625], [6.409834, 49.81756], [6.410112, 49.817514], [6.410463, 49.81745], [6.410868, 49.817388], [6.411547, 49.817266], [6.411802, 49.817221], [6.412218, 49.817152], [6.412481, 49.81711], [6.412508, 49.817106], [6.412867, 49.817049], [6.413237, 49.816996], [6.413504, 49.816942], [6.413916, 49.816877], [6.41432, 49.816805], [6.414606, 49.816809], [6.414637, 49.816797], [6.414991, 49.816702], [6.4154, 49.816622], [6.415911, 49.816534], [6.416304, 49.816481], [6.416765, 49.816423], [6.41733, 49.816343], [6.417738, 49.816286], [6.418154, 49.816229], [6.418676, 49.816191], [6.419168, 49.816111], [6.419538, 49.81605], [6.419821, 49.816034], [6.42005, 49.815992], [6.420446, 49.815969], [6.420973, 49.815973], [6.421507, 49.815989], [6.421892, 49.815989], [6.422365, 49.815996], [6.422827, 49.815992], [6.423918, 49.816015], [6.42441, 49.816019], [6.424734, 49.815992], [6.424932, 49.815973], [6.425196, 49.815924], [6.425428, 49.815798], [6.425615, 49.815695], [6.425718, 49.81555], [6.425783, 49.815363], [6.425695, 49.814974], [6.425734, 49.814753], [6.425757, 49.814478], [6.425791, 49.814192], [6.425825, 49.813898], [6.425867, 49.813635], [6.425901, 49.813356], [6.425966, 49.813147], [6.42618, 49.812731], [6.426229, 49.812655], [6.426413, 49.812433], [6.426573, 49.812235], [6.426729, 49.812052], [6.426867, 49.811914], [6.427065, 49.81175], [6.427305, 49.811579], [6.42761, 49.811407], [6.427721, 49.811335], [6.427851, 49.811262], [6.427904, 49.811232], [6.428266, 49.811045], [6.428472, 49.810953], [6.42869, 49.810862], [6.428961, 49.810762], [6.429247, 49.810671], [6.429434, 49.810614], [6.429464, 49.810606], [6.429644, 49.810545], [6.429888, 49.81048], [6.430002, 49.810461], [6.430273, 49.810377], [6.430304, 49.810373], [6.430593, 49.81032], [6.430895, 49.81027], [6.431066, 49.810247], [6.431295, 49.810259], [6.431517, 49.810301], [6.431669, 49.810339], [6.431845, 49.810404], [6.432253, 49.810568], [6.432463, 49.810663], [6.432737, 49.810835], [6.432974, 49.810995], [6.433157, 49.811121], [6.433466, 49.811354], [6.433763, 49.811571], [6.434023, 49.811758], [6.434202, 49.811876], [6.434408, 49.812025], [6.434668, 49.812193], [6.434713, 49.81222], [6.434896, 49.812319], [6.434912, 49.812326], [6.435141, 49.812445], [6.435812, 49.812773], [6.436113, 49.81291], [6.436518, 49.813082], [6.436899, 49.813238], [6.437246, 49.813372], [6.437643, 49.813479], [6.437902, 49.813539], [6.438349, 49.813623], [6.438738, 49.813704], [6.43891, 49.813742], [6.439375, 49.813845], [6.439825, 49.813944], [6.440268, 49.814047], [6.440508, 49.814104], [6.440855, 49.814158], [6.441137, 49.814169], [6.441355, 49.814188], [6.441568, 49.814161], [6.441721, 49.814104], [6.441843, 49.813974], [6.441885, 49.813848], [6.441919, 49.813673], [6.441961, 49.813181], [6.441965, 49.813013], [6.442018, 49.812868], [6.442118, 49.812677], [6.442228, 49.812532], [6.442312, 49.812376], [6.442461, 49.81214], [6.442663, 49.811941], [6.442862, 49.811766], [6.442987, 49.811644], [6.443163, 49.811499], [6.443403, 49.811407], [6.443575, 49.811373], [6.443945, 49.811342], [6.444159, 49.811346], [6.444487, 49.811377], [6.444693, 49.811426], [6.44486, 49.811464], [6.445112, 49.811491], [6.445383, 49.811529], [6.445654, 49.811537], [6.445849, 49.811552], [6.446173, 49.811575], [6.446451, 49.811613], [6.446829, 49.811613], [6.447199, 49.811625], [6.447527, 49.811621], [6.447786, 49.811613], [6.448244, 49.811571], [6.448515, 49.811533], [6.448553, 49.811525], [6.449057, 49.81148], [6.449408, 49.811438], [6.449865, 49.811392], [6.450426, 49.811312], [6.450949, 49.81127], [6.4513, 49.811274], [6.451677, 49.811281], [6.451777, 49.811304], [6.451918, 49.811338], [6.452009, 49.811361], [6.452948, 49.8113], [6.453569, 49.811289], [6.45363, 49.811285], [6.454069, 49.811331], [6.454332, 49.811357], [6.454569, 49.811441], [6.454756, 49.811563], [6.455053, 49.811769], [6.455358, 49.811945], [6.455614, 49.81212], [6.455957, 49.812288], [6.456259, 49.812437], [6.456495, 49.812582], [6.456804, 49.812822], [6.45701, 49.812998], [6.45714, 49.813196], [6.457411, 49.813497], [6.457586, 49.813685], [6.457762, 49.813883], [6.457888, 49.814005], [6.458094, 49.814196], [6.4587, 49.814802], [6.459028, 49.815096], [6.459162, 49.815249], [6.459333, 49.815435], [6.459562, 49.815603], [6.459795, 49.815832], [6.460024, 49.816061], [6.460245, 49.816275], [6.460611, 49.816664], [6.46076, 49.816889], [6.460932, 49.817057], [6.461161, 49.817236], [6.461382, 49.817381], [6.461679, 49.817602], [6.461927, 49.817793], [6.462141, 49.817923], [6.462469, 49.818155], [6.46282, 49.818418], [6.463102, 49.818663], [6.463434, 49.818937], [6.463984, 49.819319], [6.464117, 49.819368], [6.464392, 49.819529], [6.464907, 49.819723], [6.465166, 49.819815], [6.465262, 49.819841], [6.465609, 49.819902], [6.46591, 49.820044], [6.466211, 49.820124], [6.466375, 49.820189], [6.466669, 49.820333], [6.466837, 49.820448], [6.467024, 49.820558], [6.467413, 49.820826], [6.467653, 49.820993], [6.468096, 49.821261], [6.468344, 49.821398], [6.468588, 49.821489], [6.468782, 49.821611], [6.46911, 49.821821], [6.469378, 49.821959], [6.469625, 49.822069], [6.470072, 49.822206], [6.470377, 49.822283], [6.470633, 49.822317], [6.470987, 49.822325], [6.471296, 49.82229], [6.47172, 49.822237], [6.471918, 49.822195], [6.472567, 49.821997], [6.473036, 49.821806], [6.473417, 49.821642], [6.473585, 49.821569], [6.473944, 49.821413], [6.474287, 49.821268], [6.474756, 49.821058], [6.475046, 49.820932], [6.475336, 49.820807], [6.475645, 49.820673], [6.475923, 49.820555], [6.476217, 49.820429], [6.476412, 49.820345], [6.47674, 49.820204], [6.477446, 49.819895], [6.47798, 49.819674], [6.478331, 49.819521], [6.478785, 49.819323], [6.479116, 49.819166], [6.479517, 49.818972], [6.479849, 49.8188], [6.480166, 49.818613], [6.480455, 49.818411], [6.480722, 49.818213], [6.48102, 49.817942], [6.481298, 49.817644], [6.481554, 49.817305], [6.481829, 49.816927], [6.481993, 49.816687], [6.482092, 49.816561], [6.482279, 49.816294], [6.482462, 49.816053], [6.48279, 49.815599], [6.483, 49.815317], [6.483232, 49.815], [6.483404, 49.81476], [6.483553, 49.81452], [6.483702, 49.814302], [6.483911, 49.814009], [6.484045, 49.813848], [6.484415, 49.813532], [6.48451, 49.813452], [6.4848, 49.813326], [6.484976, 49.813253], [6.485243, 49.813128], [6.485472, 49.813017], [6.485647, 49.812952], [6.4858, 49.812887], [6.486025, 49.812784], [6.486265, 49.81267], [6.48646, 49.812578], [6.486666, 49.812483], [6.486876, 49.812384], [6.487101, 49.812284], [6.487341, 49.812162], [6.487528, 49.812094], [6.487825, 49.811968], [6.488001, 49.81188], [6.488329, 49.811735], [6.488504, 49.811667], [6.488649, 49.811613], [6.488878, 49.811575], [6.489157, 49.81151], [6.489424, 49.811457], [6.489656, 49.811422], [6.489809, 49.811396], [6.49008, 49.811342], [6.490252, 49.811304], [6.490412, 49.811277], [6.49074, 49.811232], [6.490866, 49.811216], [6.490915, 49.811209], [6.491091, 49.811182], [6.491331, 49.811152], [6.491552, 49.811129], [6.491724, 49.811113], [6.491995, 49.811094], [6.492212, 49.811098], [6.492395, 49.811087], [6.492601, 49.811087], [6.492861, 49.811102], [6.493032, 49.811125], [6.493128, 49.811148], [6.493319, 49.81119], [6.493486, 49.811247], [6.493647, 49.811354], [6.493757, 49.811438], [6.493944, 49.811583], [6.49407, 49.811689], [6.494204, 49.811781], [6.494474, 49.811892], [6.49452, 49.811911], [6.494821, 49.812063], [6.495157, 49.812185], [6.495336, 49.81222], [6.495497, 49.812242], [6.495707, 49.812235], [6.495871, 49.8122], [6.49618, 49.812086], [6.496447, 49.811964], [6.49663, 49.811888], [6.496725, 49.811827], [6.496943, 49.81172], [6.497057, 49.811667], [6.497381, 49.811514], [6.497587, 49.811422], [6.497728, 49.811354], [6.497942, 49.811232], [6.49814, 49.811144], [6.498282, 49.811083], [6.498419, 49.810991], [6.498545, 49.810934], [6.498869, 49.810774], [6.499063, 49.810698], [6.499346, 49.810617], [6.49959, 49.810537], [6.500094, 49.810373], [6.500361, 49.810282], [6.500711, 49.810144], [6.501219, 49.809969], [6.501596, 49.80987], [6.502237, 49.809748], [6.502474, 49.809725], [6.502676, 49.809698], [6.502993, 49.809648], [6.503382, 49.809595], [6.503839, 49.809538], [6.504042, 49.809515], [6.50448, 49.809462], [6.50506, 49.809309], [6.505415, 49.809137], [6.505751, 49.808901], [6.505987, 49.808676], [6.506208, 49.808424], [6.506342, 49.808252], [6.506533, 49.807981], [6.506742, 49.807665], [6.506788, 49.807596], [6.506849, 49.807512], [6.507036, 49.807203], [6.507246, 49.806852], [6.507448, 49.806505], [6.507608, 49.806272], [6.507669, 49.806212], [6.507704, 49.806162], [6.50775, 49.806093], [6.507776, 49.805925], [6.507982, 49.805506], [6.508028, 49.805422], [6.50823, 49.805017], [6.508417, 49.804636], [6.508459, 49.804552], [6.508738, 49.803961], [6.50881, 49.803747], [6.508818, 49.803698], [6.508837, 49.803656], [6.508913, 49.803492], [6.508955, 49.803492], [6.509073, 49.803221], [6.509306, 49.802713], [6.509382, 49.802557], [6.509459, 49.802446], [6.509665, 49.80221], [6.509695, 49.802172], [6.509832, 49.802046], [6.509848, 49.802031], [6.50989, 49.801989], [6.51013, 49.801767], [6.510244, 49.801664], [6.510302, 49.801611], [6.510313, 49.801607], [6.510664, 49.801481], [6.510931, 49.80142], [6.511129, 49.801378], [6.511408, 49.801371], [6.511553, 49.801367], [6.511881, 49.801386], [6.512274, 49.801458], [6.512816, 49.801634], [6.513174, 49.801813], [6.51354, 49.802042], [6.513884, 49.802298], [6.514139, 49.802511], [6.514715, 49.803045], [6.514807, 49.803114], [6.514849, 49.803225], [6.514872, 49.803282], [6.514944, 49.803381], [6.515009, 49.803442], [6.515051, 49.80348], [6.515074, 49.803507], [6.515127, 49.803556], [6.515154, 49.803579], [6.515196, 49.803618], [6.515318, 49.803724], [6.515375, 49.803755], [6.515551, 49.803945], [6.515795, 49.80422], [6.515959, 49.804388], [6.516367, 49.804846], [6.516661, 49.805208], [6.516935, 49.805574], [6.517076, 49.805849], [6.517237, 49.806074], [6.517355, 49.806295], [6.517473, 49.806482], [6.517603, 49.806692], [6.517702, 49.806887], [6.517798, 49.8071], [6.517828, 49.807169], [6.517843, 49.807295], [6.517923, 49.807417], [6.517908, 49.807531], [6.518003, 49.807535], [6.518015, 49.807608], [6.518061, 49.807699], [6.518007, 49.80773], [6.518095, 49.807795], [6.51816, 49.807928], [6.518248, 49.807981], [6.51824, 49.808107], [6.518316, 49.80818], [6.518434, 49.808485], [6.51853, 49.80863], [6.51853, 49.808859], [6.51858, 49.808992], [6.518587, 49.809099], [6.518496, 49.809267], [6.518488, 49.80942], [6.518438, 49.80961], [6.518412, 49.809904], [6.518446, 49.810232], [6.518473, 49.810389], [6.518545, 49.810522], [6.518576, 49.81064], [6.518595, 49.810766], [6.518656, 49.811048], [6.51877, 49.811262], [6.518827, 49.811384], [6.518862, 49.811468], [6.518976, 49.811705], [6.519091, 49.811953], [6.519247, 49.81217], [6.519388, 49.812307], [6.519548, 49.812483], [6.519754, 49.812647], [6.519949, 49.81278], [6.520231, 49.812906], [6.52046, 49.812967], [6.520872, 49.813101], [6.521093, 49.813108], [6.521318, 49.813112], [6.521627, 49.81304], [6.521936, 49.81291], [6.522402, 49.812742], [6.522474, 49.812731], [6.522684, 49.812674], [6.522913, 49.812586], [6.523104, 49.812536], [6.523272, 49.812452], [6.523592, 49.81238], [6.523977, 49.812208], [6.524118, 49.812204], [6.524359, 49.812067], [6.524733, 49.811914], [6.52503, 49.811811], [6.525255, 49.811712], [6.525618, 49.811579], [6.526003, 49.811438], [6.526178, 49.811373], [6.526434, 49.811258], [6.52664, 49.811167], [6.526918, 49.811018], [6.527227, 49.810823], [6.527395, 49.81069], [6.527517, 49.810587], [6.527754, 49.810373], [6.527983, 49.810217], [6.528227, 49.810068], [6.528543, 49.809862], [6.528727, 49.809736], [6.529005, 49.809553], [6.529406, 49.809244], [6.529497, 49.809088], [6.529577, 49.808916], [6.529554, 49.808737], [6.52949, 49.808794], [6.529448, 49.808771], [6.529558, 49.808378], [6.529638, 49.808245], [6.529688, 49.808096], [6.529749, 49.80789], [6.529802, 49.807634], [6.530092, 49.80699], [6.53013, 49.806948], [6.530409, 49.806662], [6.530657, 49.806364], [6.530745, 49.806116], [6.530813, 49.805998], [6.530897, 49.806009], [6.530851, 49.80583], [6.53084, 49.805674], [6.530794, 49.805567], [6.530767, 49.805349], [6.530642, 49.805151], [6.530489, 49.804998], [6.530107, 49.804606], [6.529932, 49.804434], [6.529718, 49.804224], [6.529676, 49.804125], [6.529261, 49.803862], [6.528814, 49.803583], [6.528501, 49.8034], [6.528349, 49.803297], [6.528162, 49.803179], [6.527895, 49.803034], [6.527605, 49.802889], [6.527372, 49.802778], [6.527163, 49.802687], [6.527109, 49.802652], [6.526907, 49.802557], [6.526648, 49.802416], [6.526487, 49.80232], [6.526331, 49.802198], [6.526075, 49.802042], [6.525927, 49.801886], [6.525778, 49.801783], [6.525595, 49.801615], [6.525408, 49.801451], [6.525217, 49.801302], [6.525084, 49.801195], [6.524904, 49.801043], [6.524801, 49.800882], [6.524691, 49.800756], [6.524462, 49.800535], [6.52434, 49.800386], [6.524046, 49.800123], [6.523886, 49.799963], [6.52355, 49.799673], [6.523363, 49.799524], [6.523188, 49.799406], [6.523004, 49.799253], [6.522867, 49.799093], [6.522787, 49.798956], [6.522688, 49.798842], [6.522589, 49.798704], [6.522402, 49.798483], [6.522215, 49.798277], [6.522108, 49.798132], [6.521948, 49.797911], [6.521841, 49.797773], [6.521688, 49.797583], [6.521608, 49.79748], [6.521418, 49.797293], [6.521238, 49.797148], [6.521051, 49.797014], [6.520968, 49.796965], [6.520704, 49.796766], [6.520533, 49.796656], [6.52033, 49.796553], [6.520117, 49.796411], [6.519766, 49.79627], [6.519434, 49.796114], [6.519075, 49.795977], [6.518949, 49.795935], [6.518534, 49.79579], [6.518152, 49.795652], [6.517965, 49.795599], [6.517534, 49.795534], [6.517267, 49.795439], [6.517168, 49.795389], [6.516916, 49.795267], [6.516729, 49.795191], [6.516458, 49.79508], [6.516146, 49.794935], [6.515818, 49.794733], [6.515779, 49.794706], [6.515428, 49.794539], [6.515154, 49.794439], [6.514608, 49.794176], [6.51441, 49.7941], [6.514181, 49.794012], [6.513967, 49.79394], [6.513636, 49.79384], [6.513205, 49.793703], [6.512545, 49.793535], [6.512083, 49.793447], [6.511923, 49.793421], [6.511637, 49.793371], [6.511286, 49.793306], [6.510759, 49.793188], [6.510218, 49.79302], [6.509748, 49.792871], [6.509279, 49.792738], [6.509142, 49.792688], [6.509096, 49.79265], [6.508699, 49.792444], [6.508577, 49.792395], [6.508486, 49.792349], [6.508387, 49.792299], [6.508306, 49.792292], [6.507326, 49.791944], [6.507227, 49.791849], [6.507013, 49.791616], [6.506762, 49.791357], [6.506537, 49.791124], [6.506395, 49.790991], [6.506227, 49.790808], [6.506082, 49.790617], [6.505831, 49.790255], [6.505739, 49.79006], [6.505655, 49.789823], [6.50561, 49.789637], [6.505583, 49.789442], [6.505579, 49.789305], [6.505594, 49.789095], [6.505625, 49.788938], [6.505674, 49.788721], [6.505701, 49.788679], [6.505739, 49.788546], [6.505903, 49.788244], [6.506037, 49.788061], [6.506212, 49.787844], [6.506357, 49.787691], [6.506659, 49.787439], [6.506861, 49.787294], [6.507139, 49.787111], [6.507338, 49.786993], [6.507437, 49.786943], [6.507639, 49.78684], [6.50783, 49.786737], [6.507986, 49.786646], [6.508291, 49.786516], [6.508734, 49.786322], [6.50923, 49.786131], [6.509665, 49.785936], [6.510233, 49.785726], [6.510611, 49.785574], [6.510973, 49.785467], [6.511312, 49.785391], [6.511919, 49.785261], [6.512419, 49.785151], [6.512842, 49.785051], [6.513109, 49.784979], [6.513487, 49.784857], [6.513811, 49.78472], [6.513956, 49.784651], [6.514277, 49.784529], [6.514646, 49.784399], [6.514925, 49.784281], [6.515307, 49.784098], [6.51544, 49.784033], [6.515577, 49.783964], [6.515619, 49.78393], [6.515802, 49.783838], [6.51594, 49.783747], [6.515966, 49.783712], [6.516191, 49.783594], [6.516298, 49.783392], [6.516348, 49.783293], [6.516485, 49.783205], [6.516604, 49.783125], [6.516684, 49.782972], [6.516813, 49.78277], [6.516901, 49.782579], [6.516855, 49.78245], [6.516783, 49.782282], [6.516699, 49.782125], [6.516626, 49.781992], [6.516466, 49.781794], [6.516371, 49.781668], [6.516302, 49.781618], [6.516241, 49.781553], [6.516146, 49.781466], [6.516062, 49.781397], [6.51597, 49.781271], [6.515822, 49.781153], [6.515726, 49.781069], [6.515589, 49.780935], [6.515486, 49.780867], [6.515337, 49.780756], [6.515249, 49.780664], [6.515051, 49.780497], [6.514944, 49.780371], [6.514441, 49.779978], [6.51428, 49.779848], [6.514017, 49.77965], [6.513666, 49.779402], [6.51309, 49.778974], [6.512972, 49.778868], [6.512816, 49.778742], [6.512701, 49.77865], [6.512552, 49.778536], [6.512407, 49.778421], [6.51222, 49.778284], [6.51169, 49.777903], [6.511507, 49.777777], [6.511248, 49.777624], [6.511045, 49.777452], [6.510881, 49.777304], [6.510763, 49.777205], [6.510576, 49.777006], [6.510477, 49.776861], [6.510344, 49.776697], [6.510252, 49.776495], [6.510199, 49.776339], [6.510065, 49.776045], [6.50997, 49.775774], [6.509848, 49.775545], [6.509726, 49.775217], [6.509649, 49.774939], [6.509607, 49.774691], [6.509592, 49.774458], [6.509584, 49.774279], [6.509565, 49.774115], [6.509573, 49.773798], [6.509653, 49.773623], [6.509817, 49.773447], [6.510061, 49.773298], [6.51053, 49.773077], [6.510824, 49.77297], [6.510981, 49.772898], [6.511175, 49.772833], [6.511545, 49.772695], [6.511759, 49.772604], [6.511778, 49.772558], [6.511808, 49.772509], [6.511934, 49.772448], [6.512091, 49.772409], [6.512365, 49.772295], [6.512526, 49.772257], [6.512728, 49.772158], [6.512949, 49.772062], [6.513033, 49.771967], [6.513155, 49.771913], [6.513273, 49.771856], [6.513399, 49.771769], [6.513525, 49.7717], [6.513674, 49.771593], [6.513693, 49.771582], [6.513815, 49.771524], [6.513918, 49.77144], [6.514067, 49.771353], [6.514231, 49.771254], [6.514322, 49.771204], [6.514406, 49.771139], [6.51454, 49.771059], [6.514608, 49.771021], [6.514719, 49.770952], [6.514788, 49.770895], [6.514925, 49.770822], [6.515066, 49.770723], [6.515329, 49.770517], [6.515688, 49.770262], [6.515822, 49.770151], [6.516119, 49.769903], [6.516363, 49.769705], [6.516523, 49.769552], [6.516664, 49.769404], [6.516874, 49.769194], [6.517099, 49.768949], [6.517279, 49.76874], [6.517443, 49.768534], [6.5175, 49.768393], [6.517591, 49.76824], [6.517698, 49.767996], [6.517767, 49.767691], [6.517916, 49.767515], [6.517946, 49.767347], [6.517855, 49.767149], [6.517836, 49.766901], [6.51771, 49.766706], [6.517645, 49.76655], [6.517618, 49.766161], [6.517565, 49.76597], [6.517557, 49.765856], [6.517527, 49.765799], [6.517557, 49.765711], [6.517492, 49.765638], [6.517561, 49.765581], [6.517557, 49.76544], [6.51753, 49.765367], [6.51758, 49.765318], [6.517542, 49.765226], [6.517565, 49.765181], [6.517588, 49.765009], [6.517649, 49.764795], [6.517687, 49.764616], [6.517729, 49.764395], [6.517778, 49.764231], [6.517813, 49.764101], [6.51787, 49.763903], [6.517923, 49.76372], [6.517988, 49.763437], [6.518114, 49.763029], [6.518167, 49.762785], [6.518164, 49.762518], [6.518167, 49.762457], [6.518167, 49.762354], [6.518152, 49.762106], [6.518034, 49.761797], [6.517965, 49.761602], [6.517729, 49.761209], [6.51753, 49.761019], [6.517302, 49.760832], [6.517122, 49.760683], [6.516863, 49.760454], [6.516584, 49.760248], [6.516348, 49.760061], [6.516127, 49.759878], [6.515837, 49.759653], [6.515619, 49.759485], [6.515367, 49.759287], [6.515135, 49.75913], [6.515146, 49.759111], [6.514795, 49.758852], [6.514513, 49.758696], [6.514181, 49.758535], [6.513899, 49.75839], [6.513666, 49.758272], [6.513495, 49.758184], [6.513319, 49.758097], [6.5133, 49.758085], [6.513288, 49.758062], [6.513262, 49.758062], [6.513052, 49.757959], [6.51277, 49.757826], [6.512484, 49.757746], [6.512281, 49.757666], [6.512114, 49.757639], [6.511805, 49.757524], [6.511538, 49.75741], [6.51129, 49.757341], [6.511103, 49.757299], [6.510904, 49.75725], [6.510614, 49.757189], [6.510313, 49.757105], [6.510141, 49.757097], [6.509775, 49.75704], [6.509558, 49.756971], [6.509241, 49.756906], [6.50905, 49.756868], [6.508612, 49.756746], [6.508295, 49.756659], [6.507956, 49.756567], [6.507612, 49.756495], [6.507296, 49.756388], [6.507112, 49.756338], [6.506868, 49.756269], [6.506632, 49.756178], [6.506498, 49.756117], [6.506151, 49.756052], [6.505972, 49.755991], [6.505751, 49.755918], [6.505537, 49.755842], [6.505255, 49.755773], [6.50495, 49.755671], [6.504717, 49.755598], [6.504557, 49.755522], [6.504263, 49.755434], [6.503859, 49.75527], [6.503591, 49.755136], [6.503355, 49.755045], [6.503138, 49.754938], [6.502867, 49.754789], [6.502695, 49.754694], [6.502409, 49.754522], [6.502024, 49.75424], [6.501768, 49.754072], [6.501661, 49.753969], [6.501539, 49.75379], [6.501337, 49.753637], [6.501314, 49.753599], [6.501223, 49.753576], [6.501165, 49.753466], [6.501078, 49.753355], [6.500944, 49.753176], [6.500887, 49.753088], [6.500731, 49.752928], [6.500643, 49.752867], [6.500574, 49.752756], [6.500444, 49.752569], [6.500322, 49.752382], [6.500197, 49.752123], [6.500151, 49.751978], [6.500147, 49.751932], [6.50012, 49.751776], [6.500116, 49.751661], [6.500116, 49.75144], [6.500158, 49.751211], [6.500181, 49.75107], [6.500208, 49.750925], [6.500235, 49.750681], [6.500238, 49.750494], [6.500223, 49.750265], [6.500258, 49.749979], [6.500235, 49.749712], [6.500227, 49.749552], [6.500216, 49.749411], [6.500219, 49.749273], [6.500208, 49.749124], [6.500189, 49.748991], [6.500216, 49.748827], [6.500242, 49.748655], [6.500299, 49.748495], [6.500353, 49.748308], [6.500429, 49.748137], [6.50065, 49.747866], [6.500761, 49.747717], [6.500963, 49.747496], [6.501123, 49.74729], [6.501188, 49.747187], [6.501265, 49.747049], [6.501326, 49.746962], [6.501436, 49.746862], [6.501657, 49.74666], [6.501822, 49.746466], [6.501909, 49.746363], [6.50202, 49.746267], [6.502157, 49.74605], [6.502192, 49.746008], [6.502268, 49.745962], [6.502294, 49.745909], [6.502352, 49.745787], [6.502348, 49.745653], [6.50231, 49.745523], [6.502306, 49.745508], [6.502237, 49.745382], [6.502203, 49.745314], [6.502089, 49.745119], [6.502031, 49.744986], [6.501925, 49.744787], [6.501841, 49.744631], [6.501772, 49.744501], [6.501726, 49.744398], [6.501726, 49.74428], [6.501696, 49.744215], [6.501654, 49.744078], [6.501604, 49.743895], [6.501635, 49.743635], [6.501627, 49.743387], [6.501562, 49.743155], [6.501539, 49.742952], [6.501566, 49.7428], [6.50168, 49.742594], [6.50176, 49.742464], [6.501822, 49.742327], [6.501886, 49.742174], [6.501932, 49.741995], [6.501932, 49.74164], [6.501902, 49.741484], [6.50189, 49.741255], [6.501932, 49.741049], [6.501997, 49.740816], [6.502016, 49.740614], [6.502008, 49.740477], [6.50205, 49.740232], [6.502054, 49.739992], [6.502066, 49.739786], [6.502077, 49.739573], [6.502058, 49.739515], [6.50205, 49.739187], [6.502012, 49.738985], [6.501963, 49.738813], [6.501867, 49.738489], [6.501822, 49.738298], [6.50178, 49.738127], [6.501734, 49.737913], [6.501673, 49.737696], [6.501596, 49.737448], [6.501585, 49.737249], [6.501581, 49.737226], [6.501558, 49.737024], [6.501539, 49.736826], [6.501493, 49.736616], [6.501482, 49.736368], [6.501455, 49.73612], [6.50144, 49.735815], [6.50144, 49.735647], [6.501429, 49.73543], [6.501425, 49.735289], [6.501436, 49.735003], [6.501459, 49.734839], [6.501535, 49.734629], [6.501566, 49.734488], [6.501612, 49.734178], [6.501604, 49.733999], [6.501589, 49.733759], [6.501593, 49.7334], [6.501627, 49.733271], [6.501604, 49.733156], [6.5016, 49.733126], [6.501581, 49.732985], [6.501589, 49.73295], [6.501604, 49.732878], [6.501677, 49.732656], [6.50176, 49.732435], [6.501825, 49.73229], [6.501982, 49.732069], [6.502108, 49.731909], [6.502302, 49.731703], [6.502512, 49.731524], [6.502668, 49.731352], [6.502806, 49.731245], [6.502947, 49.73115], [6.503073, 49.73105], [6.503164, 49.730982], [6.503515, 49.730738], [6.503733, 49.730562], [6.504034, 49.730345], [6.504244, 49.730181], [6.50453, 49.729982], [6.504721, 49.729834], [6.505262, 49.729479], [6.505701, 49.729204], [6.506369, 49.7288], [6.506681, 49.72864], [6.507048, 49.728453], [6.507376, 49.728296], [6.507753, 49.728132], [6.508066, 49.728018], [6.50839, 49.727938], [6.508703, 49.727842], [6.509157, 49.727674], [6.509359, 49.727617], [6.510195, 49.7274], [6.510565, 49.727301], [6.510748, 49.727243], [6.511038, 49.727129], [6.511221, 49.727049], [6.511511, 49.726927], [6.511747, 49.726767], [6.512098, 49.726576], [6.512239, 49.726538], [6.512285, 49.726484], [6.512461, 49.726377], [6.512575, 49.726297], [6.512751, 49.726214], [6.512926, 49.726133], [6.513025, 49.726088], [6.513136, 49.72603], [6.513285, 49.725958], [6.513498, 49.725828], [6.513662, 49.72574], [6.5138, 49.725664], [6.514063, 49.725496], [6.514299, 49.725405], [6.514792, 49.725233], [6.515066, 49.725161], [6.515314, 49.725088], [6.515482, 49.725042], [6.515634, 49.724989], [6.515894, 49.724882], [6.516123, 49.72476], [6.516272, 49.724665], [6.516439, 49.724565], [6.516619, 49.724443], [6.516756, 49.724314], [6.517016, 49.724035], [6.517073, 49.723818], [6.517149, 49.723471], [6.517061, 49.723364], [6.516985, 49.723272], [6.516836, 49.723131], [6.51671, 49.723002], [6.516611, 49.722898], [6.51652, 49.722792], [6.516321, 49.722681], [6.516218, 49.722582], [6.516043, 49.722467], [6.515951, 49.722376], [6.515764, 49.722242], [6.515547, 49.722082], [6.515333, 49.721956], [6.515165, 49.72188], [6.514914, 49.721731], [6.514704, 49.721651], [6.514463, 49.721548], [6.514299, 49.72151], [6.513933, 49.721487], [6.513605, 49.721472], [6.513044, 49.721449], [6.512625, 49.721376], [6.512308, 49.721342], [6.512049, 49.721312], [6.511831, 49.721292], [6.511499, 49.721235], [6.511305, 49.72125], [6.510954, 49.72127], [6.510889, 49.721323], [6.510817, 49.721384], [6.510633, 49.721453], [6.510553, 49.721567], [6.510309, 49.721754], [6.510222, 49.721842], [6.510115, 49.721891], [6.509829, 49.722158], [6.509466, 49.722536], [6.50931, 49.722708], [6.509111, 49.722895], [6.508947, 49.723059], [6.508711, 49.723261], [6.508562, 49.723421], [6.508528, 49.723448], [6.508284, 49.723627], [6.508039, 49.723791], [6.507807, 49.723978], [6.507624, 49.724115], [6.507418, 49.724306], [6.507105, 49.724554], [6.506868, 49.724699], [6.506681, 49.724863], [6.506537, 49.724989], [6.506258, 49.725298], [6.506033, 49.725504], [6.505838, 49.72571], [6.505667, 49.725843], [6.505381, 49.726023], [6.505148, 49.726141], [6.5049, 49.726233], [6.504679, 49.726297], [6.504316, 49.726381], [6.504042, 49.726473], [6.503389, 49.726721], [6.502806, 49.726915], [6.502565, 49.726969], [6.502279, 49.726999], [6.50205, 49.727026], [6.501696, 49.727037], [6.501299, 49.727057], [6.501032, 49.727072], [6.500666, 49.727087], [6.50033, 49.727076], [6.499941, 49.727064], [6.499514, 49.727045], [6.499197, 49.72703], [6.49888, 49.727011], [6.498602, 49.72698], [6.498262, 49.726934], [6.497484, 49.726854], [6.497126, 49.726808], [6.496771, 49.726706], [6.496244, 49.726454], [6.495863, 49.726286], [6.495768, 49.72621], [6.495756, 49.726202], [6.495726, 49.726187], [6.495714, 49.726179], [6.495478, 49.726084], [6.49531, 49.72595], [6.495188, 49.725824], [6.495153, 49.725794], [6.495031, 49.725653], [6.494909, 49.725439], [6.494791, 49.725214], [6.494722, 49.72502], [6.4947, 49.724787], [6.494696, 49.724569], [6.494776, 49.724337], [6.494898, 49.724062], [6.494932, 49.724001], [6.495054, 49.723803], [6.495104, 49.72373], [6.495455, 49.723276], [6.495874, 49.722841], [6.496035, 49.722692], [6.496256, 49.722521], [6.496512, 49.722357], [6.496752, 49.722227], [6.496904, 49.722139], [6.497213, 49.721945], [6.497454, 49.721773], [6.497511, 49.721731], [6.498011, 49.721369], [6.498701, 49.720858], [6.499037, 49.720594], [6.499262, 49.72043], [6.499659, 49.720152], [6.49999, 49.719923], [6.500277, 49.719729], [6.500689, 49.719454], [6.500914, 49.719316], [6.501257, 49.719099], [6.501753, 49.718794], [6.502192, 49.718527], [6.502749, 49.718214], [6.503164, 49.717978], [6.503511, 49.717783], [6.503958, 49.717535], [6.504255, 49.71739], [6.504648, 49.717184], [6.50495, 49.71702], [6.50519, 49.71689], [6.505518, 49.716707], [6.505575, 49.716677], [6.505724, 49.716581], [6.50577, 49.716547], [6.505957, 49.716429], [6.505976, 49.716413], [6.506094, 49.716314], [6.506178, 49.716208], [6.506243, 49.716108], [6.506296, 49.715948], [6.506361, 49.715715], [6.50638, 49.715593], [6.506399, 49.71546], [6.506403, 49.715406], [6.506414, 49.71525], [6.506422, 49.715082], [6.506418, 49.714941], [6.506399, 49.714739], [6.506373, 49.714651], [6.506338, 49.714399], [6.50633, 49.7143], [6.506327, 49.714247], [6.506323, 49.714212], [6.506315, 49.7139], [6.506315, 49.713812], [6.5063, 49.713705], [6.506266, 49.713503], [6.506166, 49.713507], [6.505861, 49.713518], [6.50503, 49.713549], [6.504927, 49.713549], [6.504812, 49.713602], [6.504557, 49.713594], [6.504271, 49.713579], [6.503977, 49.713556], [6.503973, 49.713491], [6.503725, 49.713461], [6.503336, 49.7134], [6.502958, 49.713335], [6.50268, 49.713282], [6.502294, 49.713201], [6.501833, 49.713095], [6.501726, 49.713068], [6.501375, 49.712984], [6.501131, 49.712927], [6.500944, 49.712874], [6.500757, 49.712812], [6.500559, 49.712748], [6.500345, 49.712671], [6.500109, 49.712584], [6.500113, 49.712568], [6.500063, 49.712549], [6.500055, 49.7125], [6.500029, 49.712465], [6.499971, 49.712442], [6.499708, 49.712343], [6.499414, 49.712236], [6.499205, 49.712141], [6.498938, 49.712023], [6.498659, 49.711882], [6.498373, 49.711729], [6.498117, 49.711576], [6.49761, 49.711248], [6.497339, 49.711054], [6.497156, 49.710924], [6.496683, 49.710585], [6.496187, 49.710253], [6.495752, 49.709955], [6.495256, 49.709604], [6.494989, 49.709417], [6.494493, 49.70907], [6.494043, 49.708757], [6.493708, 49.708506], [6.493322, 49.708223], [6.493265, 49.708181], [6.492998, 49.707983], [6.492662, 49.70772], [6.492037, 49.707205], [6.491766, 49.706934], [6.491423, 49.706514], [6.491281, 49.706366], [6.491056, 49.70616], [6.490828, 49.705961], [6.490576, 49.705744], [6.490354, 49.705545], [6.490141, 49.705381], [6.489946, 49.705225], [6.489748, 49.705072], [6.489416, 49.704828], [6.489126, 49.704603], [6.488668, 49.704298], [6.488531, 49.704199], [6.488214, 49.703989], [6.487974, 49.703814], [6.48768, 49.703619], [6.486933, 49.7031], [6.48662, 49.702875], [6.486341, 49.702661], [6.48604, 49.702417], [6.485807, 49.702223], [6.485518, 49.701967], [6.485243, 49.701715], [6.484961, 49.701448], [6.48464, 49.701155], [6.484308, 49.700853], [6.4839, 49.700483], [6.483522, 49.70019], [6.483538, 49.700163], [6.483538, 49.700151], [6.481897, 49.698664], [6.481886, 49.698656], [6.481615, 49.698477], [6.480596, 49.697802], [6.480566, 49.697782], [6.480486, 49.697683], [6.480337, 49.697603], [6.480162, 49.697496], [6.48004, 49.697432], [6.479895, 49.697367], [6.479685, 49.697252], [6.479509, 49.697184], [6.479258, 49.697058], [6.479479, 49.696696], [6.479203, 49.696494], [6.478594, 49.696273], [6.477378, 49.695907], [6.476228, 49.695644], [6.474858, 49.695281], [6.473881, 49.694977], [6.472947, 49.694626], [6.471295, 49.693913], [6.470143, 49.693462], [6.469514, 49.693268], [6.468754, 49.693073], [6.467559, 49.692863], [6.464175, 49.692451], [6.46311, 49.692283], [6.461917, 49.692062], [6.461429, 49.691948], [6.461331, 49.691921], [6.460667, 49.691713], [6.46007, 49.691429], [6.459565, 49.691135], [6.458346, 49.690323], [6.457561, 49.689594], [6.457299, 49.689296], [6.456927, 49.688735], [6.456534, 49.68806], [6.455921, 49.686965], [6.455287, 49.686008], [6.45437, 49.684971], [6.452933, 49.683597], [6.451539, 49.682461], [6.44968, 49.680778], [6.449599, 49.680706], [6.44919, 49.680297], [6.447898, 49.678851], [6.447336, 49.678165], [6.44648, 49.677447], [6.443787, 49.675602], [6.436218, 49.671173], [6.435782, 49.670978], [6.43511, 49.670757], [6.433958, 49.670574], [6.433307, 49.670421], [6.432177, 49.670032], [6.431872, 49.669864], [6.431395, 49.669513], [6.428975, 49.667225], [6.428038, 49.666214], [6.427163, 49.665161], [6.426639, 49.664417], [6.426356, 49.66399], [6.42613, 49.663498], [6.425938, 49.662967], [6.425849, 49.662433], [6.425846, 49.662082], [6.425953, 49.661689], [6.426211, 49.661334], [6.426556, 49.660983], [6.426924, 49.660701], [6.427465, 49.660419], [6.428136, 49.660236], [6.428893, 49.660117], [6.429653, 49.660075], [6.430565, 49.660129], [6.432278, 49.660293], [6.432907, 49.660392], [6.434253, 49.660472], [6.435105, 49.660423], [6.435987, 49.660274], [6.436832, 49.660072], [6.437741, 49.659747], [6.438412, 49.65945], [6.439016, 49.65911], [6.439535, 49.658744], [6.439988, 49.658306], [6.440225, 49.657898], [6.440375, 49.657444], [6.440475, 49.656879], [6.440405, 49.655967], [6.440247, 49.654869], [6.439957, 49.65324], [6.439758, 49.65248], [6.43956, 49.651946], [6.439144, 49.651061], [6.43875, 49.650386], [6.437954, 49.649269], [6.437089, 49.648056], [6.436329, 49.64693], [6.435274, 49.645202], [6.432061, 49.640274], [6.431104, 49.638859], [6.430231, 49.637806], [6.42855, 49.635585], [6.428156, 49.634941], [6.427164, 49.633147], [6.427084, 49.632999], [6.426799, 49.632424], [6.426623, 49.631962], [6.426091, 49.629993], [6.425805, 49.629219], [6.425258, 49.628135], [6.424035, 49.626453], [6.423357, 49.625427], [6.423073, 49.624877], [6.422918, 49.624416], [6.422638, 49.62233], [6.42253, 49.621727], [6.422442, 49.621528], [6.420979, 49.619701], [6.419319, 49.61737], [6.418993, 49.617118], [6.418123, 49.616714], [6.414103, 49.615272], [6.413624, 49.615047], [6.412711, 49.614575], [6.410014, 49.612709], [6.409474, 49.612285], [6.408531, 49.61129], [6.407883, 49.610733], [6.407034, 49.61021], [6.406529, 49.609874], [6.405946, 49.609428], [6.405335, 49.608852], [6.404567, 49.608077], [6.404267, 49.607688], [6.404069, 49.60728], [6.403479, 49.60617], [6.402648, 49.604934], [6.40219, 49.604488], [6.39962, 49.602577], [6.398075, 49.60168], [6.397099, 49.601219], [6.396142, 49.600841], [6.395253, 49.600563], [6.394471, 49.600353], [6.393927, 49.600242], [6.392672, 49.599998], [6.392428, 49.599952], [6.391712, 49.599853], [6.390628, 49.5998], [6.387614, 49.599906], [6.386768, 49.599906], [6.386269, 49.599826], [6.38551, 49.599575], [6.384073, 49.59893], [6.38292, 49.598369], [6.38219, 49.597957], [6.381297, 49.597343], [6.3801, 49.596466], [6.379088, 49.595589], [6.377246, 49.593918], [6.376173, 49.592853], [6.375465, 49.592056], [6.375001, 49.591392], [6.374639, 49.590717], [6.37446, 49.590122], [6.374432, 49.589816], [6.374401, 49.589484], [6.374464, 49.588515], [6.374714, 49.58752], [6.375106, 49.586689], [6.375599, 49.585976], [6.376765, 49.584839], [6.377543, 49.584243], [6.37834, 49.583755], [6.380691, 49.582439], [6.381448, 49.581939], [6.38194, 49.581516], [6.382437, 49.581001], [6.382761, 49.580512], [6.382885, 49.580089], [6.38295, 49.579585], [6.382917, 49.579112], [6.382821, 49.578716], [6.382773, 49.578541], [6.382451, 49.577835], [6.382094, 49.577213], [6.381684, 49.576828], [6.381101, 49.576526], [6.380429, 49.576404], [6.378923, 49.576343], [6.377367, 49.576443], [6.376105, 49.576717], [6.375193, 49.577023], [6.374493, 49.577286], [6.37364, 49.577705], [6.372694, 49.578246], [6.371958, 49.578601], [6.371306, 49.578876], [6.370897, 49.578956], [6.370286, 49.57898], [6.369739, 49.578952], [6.368455, 49.57875], [6.365935, 49.578095], [6.364389, 49.577599], [6.362603, 49.576935], [6.36145, 49.576404], [6.360639, 49.575924], [6.359807, 49.575351], [6.358998, 49.574688], [6.358065, 49.573837], [6.357722, 49.573402], [6.357519, 49.573001], [6.357381, 49.572486], [6.357382, 49.572143], [6.357507, 49.571769], [6.357754, 49.571414], [6.358451, 49.570781], [6.359187, 49.570266], [6.361477, 49.569027], [6.365785, 49.566906], [6.366032, 49.56678], [6.375493, 49.561786], [6.376627, 49.561183], [6.37841, 49.560177], [6.380394, 49.559013], [6.381458, 49.55825], [6.382216, 49.557483], [6.382443, 49.557087], [6.382526, 49.556808], [6.382467, 49.556503], [6.381968, 49.554817], [6.381423, 49.553252], [6.380878, 49.552284], [6.379993, 49.551064], [6.378412, 49.548999], [6.377842, 49.5485], [6.377598, 49.548313], [6.37646, 49.547729], [6.37585, 49.547386], [6.373956, 49.546153], [6.370184, 49.543314], [6.369865, 49.54304], [6.368488, 49.541321], [6.368103, 49.540897], [6.367614, 49.540458], [6.367003, 49.539993], [6.365837, 49.539344], [6.36324, 49.538001], [6.360881, 49.536533], [6.360654, 49.536365], [6.359718, 49.535358], [6.358781, 49.534222], [6.357744, 49.532894], [6.357153, 49.532062], [6.356828, 49.531662], [6.356624, 49.531254], [6.356543, 49.530884], [6.356483, 49.530182], [6.356524, 49.529769], [6.356666, 49.529174], [6.357562, 49.527347], [6.358418, 49.525718], [6.359173, 49.523441], [6.360924, 49.519489], [6.365643, 49.509925], [6.366462, 49.508281], [6.36683, 49.507419], [6.367117, 49.505799], [6.367635, 49.504351], [6.367922, 49.503282], [6.368029, 49.50164], [6.367555, 49.500157], [6.367198, 49.498404], [6.367048, 49.496475], [6.367052, 49.495746], [6.36739, 49.493671], [6.369288, 49.488998], [6.369158, 49.487022], [6.368617, 49.484787], [6.368064, 49.482276], [6.367908, 49.48099], [6.367715, 49.479276], [6.367914, 49.475884], [6.368424, 49.47159], [6.367727, 49.469418], [6.366279, 49.467784], [6.366214, 49.467398], [6.366216, 49.466549], [6.36709, 49.465764], [6.367439, 49.465362], [6.367563, 49.46506], [6.367697, 49.464252], [6.367845, 49.46352], [6.368109, 49.46249], [6.368311, 49.461617], [6.368589, 49.460854], [6.368891, 49.459872], [6.368078, 49.459805], [6.367983, 49.459797], [6.367956, 49.459795], [6.367605, 49.45977], [6.367201, 49.459766], [6.366739, 49.459682], [6.366507, 49.459663], [6.36622, 49.459644], [6.365126, 49.45958], [6.36445, 49.459503], [6.364351, 49.459576], [6.363642, 49.459923], [6.363455, 49.460075], [6.362654, 49.460354], [6.361788, 49.46078], [6.361364, 49.46101], [6.360548, 49.461422], [6.360273, 49.46164], [6.359713, 49.46206], [6.359304, 49.462345], [6.358439, 49.462925], [6.357069, 49.463875], [6.356039, 49.46462], [6.355295, 49.465256], [6.355246, 49.465298], [6.354471, 49.465935], [6.353689, 49.466564], [6.352854, 49.467316], [6.351099, 49.46704], [6.351042, 49.4671], [6.349897, 49.46691], [6.348745, 49.466167], [6.347254, 49.465878], [6.345865, 49.466534], [6.344328, 49.467655], [6.342676, 49.46908], [6.34265, 49.469105], [6.340101, 49.468227], [6.340075, 49.468235], [6.339232, 49.468502], [6.339052, 49.46855], [6.338846, 49.4686], [6.338751, 49.46862], [6.337961, 49.46845], [6.335401, 49.46749], [6.334024, 49.466938], [6.333681, 49.46745], [6.333113, 49.468742], [6.332804, 49.469593], [6.332789, 49.46963], [6.331949, 49.469788], [6.33103, 49.469944], [6.330442, 49.469994], [6.329897, 49.470062], [6.329786, 49.470142], [6.329615, 49.470367], [6.329569, 49.470573], [6.329496, 49.470875], [6.329428, 49.471058], [6.329258, 49.471395], [6.329119, 49.471672], [6.328953, 49.471916], [6.328806, 49.472134], [6.328671, 49.472312], [6.328543, 49.47248], [6.328302, 49.472733], [6.328257, 49.472713], [6.327444, 49.472366], [6.325335, 49.473812], [6.325106, 49.474003], [6.324804, 49.474304], [6.324499, 49.474678], [6.324701, 49.474762], [6.323271, 49.475647], [6.321638, 49.476673], [6.321573, 49.476675], [6.321508, 49.476677], [6.320959, 49.477184], [6.320692, 49.477386], [6.32065, 49.47742], [6.320585, 49.477417], [6.320288, 49.477455], [6.3202, 49.477455], [6.320116, 49.477463], [6.31996, 49.47748], [6.319887, 49.477493], [6.319826, 49.477493], [6.319559, 49.477585], [6.319479, 49.47766], [6.319403, 49.477676], [6.319197, 49.47774], [6.31912, 49.47779], [6.319048, 49.477825], [6.318762, 49.47794], [6.318685, 49.47802], [6.318651, 49.478024], [6.318609, 49.478012], [6.318525, 49.47791], [6.318479, 49.477848], [6.318411, 49.47782], [6.318247, 49.477787], [6.318197, 49.47777], [6.318071, 49.477734], [6.318041, 49.477745], [6.317995, 49.4778], [6.317953, 49.477844], [6.317915, 49.477913], [6.317865, 49.47796], [6.3178, 49.478024], [6.317766, 49.478046], [6.317713, 49.478054], [6.317686, 49.478046], [6.317667, 49.47803], [6.317625, 49.477993], [6.317564, 49.477966], [6.317473, 49.477947], [6.317347, 49.477943], [6.317278, 49.477947], [6.317083, 49.477943], [6.316999, 49.477936], [6.316843, 49.477898], [6.316381, 49.47784], [6.316313, 49.47783], [6.316267, 49.4778], [6.31624, 49.477795], [6.316229, 49.477783], [6.316248, 49.477726], [6.316271, 49.477688], [6.316298, 49.47763], [6.316286, 49.477592], [6.316256, 49.477524], [6.316179, 49.477386], [6.316153, 49.477375], [6.316095, 49.477364], [6.316019, 49.477325], [6.315897, 49.47731], [6.315718, 49.477287], [6.315596, 49.47724], [6.315527, 49.477234], [6.315424, 49.477207], [6.31529, 49.477203], [6.315134, 49.477177], [6.315081, 49.47716], [6.314966, 49.47714], [6.314882, 49.47713], [6.314604, 49.47707], [6.3146, 49.477123], [6.314589, 49.477375], [6.31455, 49.477474], [6.31452, 49.47757], [6.314493, 49.477623], [6.314466, 49.4777], [6.314432, 49.477745], [6.314421, 49.47781], [6.314428, 49.477848], [6.314421, 49.477886], [6.314413, 49.47791], [6.31436, 49.47796], [6.31444, 49.47797], [6.314432, 49.47803], [6.314424, 49.478045], [6.314249, 49.47836], [6.313719, 49.479168], [6.31349, 49.479572], [6.312988, 49.480362], [6.312965, 49.480396], [6.312964, 49.480398], [6.312732, 49.48033], [6.311123, 49.479852], [6.309563, 49.479387], [6.308538, 49.479101], [6.308023, 49.478926], [6.307955, 49.47887], [6.307917, 49.47878], [6.307775, 49.478607], [6.307615, 49.47848], [6.306883, 49.477962], [6.306143, 49.477432], [6.305636, 49.477173], [6.305441, 49.47714], [6.305357, 49.47733], [6.305246, 49.47752], [6.305143, 49.47767], [6.304804, 49.477966], [6.304293, 49.47832], [6.303999, 49.477936], [6.303942, 49.477882], [6.303877, 49.477875], [6.303865, 49.47791], [6.303782, 49.478004], [6.303701, 49.47809], [6.303579, 49.478165], [6.303423, 49.478306], [6.303331, 49.478363], [6.303202, 49.478413], [6.303011, 49.478462], [6.302675, 49.478596], [6.302286, 49.478714], [6.302111, 49.47886], [6.301931, 49.47896], [6.3016, 49.47908], [6.301546, 49.47912], [6.301416, 49.479153], [6.301287, 49.479145], [6.301004, 49.47918], [6.300722, 49.479233], [6.300654, 49.479237], [6.300566, 49.479275], [6.300493, 49.479336], [6.300398, 49.479427], [6.300242, 49.479507], [6.300177, 49.47953], [6.300108, 49.47954], [6.299963, 49.479534], [6.299784, 49.47956], [6.299662, 49.47955], [6.299582, 49.47956], [6.29944, 49.479595], [6.299334, 49.479626], [6.299257, 49.479652], [6.299204, 49.479683], [6.299192, 49.479725], [6.299162, 49.47981], [6.299101, 49.47989], [6.29907, 49.480026], [6.299108, 49.480167], [6.299112, 49.48022], [6.299063, 49.480274], [6.298975, 49.480316], [6.298868, 49.48034], [6.298742, 49.480354], [6.298632, 49.480347], [6.298502, 49.480335], [6.29838, 49.480347], [6.298143, 49.480354], [6.297857, 49.480328], [6.297678, 49.48035], [6.297548, 49.480335], [6.297461, 49.48031], [6.2974, 49.48028], [6.297319, 49.480213], [6.297163, 49.480125], [6.297091, 49.480103], [6.296957, 49.48008], [6.296812, 49.480045], [6.296778, 49.480045], [6.296568, 49.4801], [6.296404, 49.480125], [6.296225, 49.480194], [6.296202, 49.480232], [6.296019, 49.48049], [6.295973, 49.48054], [6.295713, 49.480732], [6.295591, 49.48085], [6.295523, 49.4809], [6.295328, 49.481106], [6.295126, 49.481358], [6.295107, 49.48139], [6.295271, 49.481792], [6.295298, 49.481907], [6.295294, 49.48197], [6.29534, 49.482014], [6.295439, 49.482162], [6.295454, 49.482265], [6.295587, 49.48243], [6.295683, 49.48256], [6.295679, 49.482685], [6.295706, 49.482758], [6.295996, 49.482845], [6.296106, 49.482933], [6.29648, 49.483173], [6.296579, 49.4834], [6.296816, 49.48375], [6.296866, 49.48386], [6.296953, 49.484005], [6.297014, 49.48412], [6.297072, 49.484318], [6.29711, 49.4845], [6.297178, 49.484615], [6.297346, 49.48482], [6.297495, 49.484978], [6.29759, 49.48508], [6.297686, 49.485252], [6.297766, 49.485367], [6.297846, 49.485474], [6.297873, 49.485546], [6.297953, 49.48563], [6.298147, 49.48588], [6.298201, 49.48597], [6.298258, 49.48609], [6.298304, 49.486332], [6.298319, 49.48648], [6.29833, 49.48655], [6.298387, 49.48666], [6.298628, 49.48684], [6.298685, 49.486897], [6.298765, 49.48701], [6.298864, 49.48722], [6.298876, 49.487293], [6.298925, 49.487423], [6.29904, 49.487537], [6.299067, 49.48761], [6.299204, 49.48766], [6.299326, 49.487682], [6.299482, 49.487797], [6.299482, 49.487926], [6.299467, 49.48801], [6.29933, 49.48816], [6.299253, 49.48823], [6.299227, 49.48825], [6.299208, 49.488266], [6.299154, 49.488308], [6.299128, 49.488426], [6.299051, 49.488503], [6.298914, 49.488583], [6.2988, 49.488632], [6.298658, 49.48865], [6.298445, 49.488655], [6.298262, 49.488605], [6.297995, 49.488495], [6.297441, 49.488205], [6.2974, 49.48817], [6.297106, 49.487854], [6.296312, 49.48741], [6.296049, 49.487286], [6.29579, 49.487232], [6.295347, 49.487125], [6.294859, 49.48711], [6.294702, 49.4871], [6.294485, 49.487057], [6.294134, 49.487133], [6.293947, 49.487514], [6.293749, 49.48772], [6.293711, 49.487747], [6.293611, 49.48777], [6.293455, 49.487732], [6.293188, 49.487583], [6.292719, 49.48752], [6.292269, 49.48749], [6.292116, 49.48744], [6.29207, 49.487408], [6.291952, 49.4873], [6.291727, 49.486973], [6.291658, 49.486843], [6.291677, 49.486546], [6.291666, 49.486183], [6.291761, 49.48583], [6.291739, 49.48567], [6.291677, 49.48553], [6.291567, 49.485336], [6.291521, 49.485226], [6.29112, 49.484955], [6.291124, 49.484806], [6.291212, 49.48469], [6.291212, 49.48468], [6.29117, 49.484653], [6.290941, 49.48461], [6.29075, 49.484592], [6.290232, 49.484615], [6.289926, 49.48466], [6.289328, 49.48478], [6.288904, 49.484814], [6.288843, 49.48482], [6.288805, 49.484844], [6.288752, 49.484886], [6.28837, 49.48529], [6.288298, 49.485435], [6.288195, 49.48561], [6.288088, 49.48571], [6.287714, 49.48594], [6.287615, 49.486], [6.287542, 49.486073], [6.287542, 49.486153], [6.28779, 49.48654], [6.287882, 49.48661], [6.28795, 49.48665], [6.288111, 49.4867], [6.288504, 49.486725], [6.288672, 49.48671], [6.288797, 49.486664], [6.288877, 49.48656], [6.289003, 49.486347], [6.289061, 49.48629], [6.289148, 49.486263], [6.289255, 49.486263], [6.289408, 49.486298], [6.289473, 49.486324], [6.289556, 49.486423], [6.289568, 49.486504], [6.289572, 49.486652], [6.289556, 49.48681], [6.28953, 49.48694], [6.289511, 49.487], [6.28948, 49.48707], [6.289392, 49.487194], [6.289007, 49.48737], [6.288843, 49.487503], [6.288721, 49.48759], [6.288599, 49.48766], [6.288481, 49.4877], [6.288347, 49.48774], [6.288153, 49.487774], [6.288008, 49.48779], [6.287672, 49.4878], [6.287458, 49.487816], [6.287283, 49.487843], [6.287073, 49.48788], [6.286802, 49.48796], [6.286421, 49.488052], [6.286223, 49.488144], [6.286104, 49.488308], [6.286009, 49.48843], [6.285894, 49.48866], [6.285734, 49.488934], [6.285665, 49.489033], [6.285585, 49.48921], [6.285513, 49.489365], [6.285406, 49.48954], [6.285273, 49.489727], [6.284849, 49.490086], [6.284754, 49.490204], [6.284639, 49.49057], [6.284559, 49.49081], [6.284506, 49.491035], [6.284388, 49.49143], [6.284388, 49.49147], [6.284452, 49.491573], [6.284609, 49.491703], [6.284769, 49.491802], [6.285154, 49.492], [6.285349, 49.49209], [6.28565, 49.492176], [6.285776, 49.49217], [6.285852, 49.492157], [6.28697, 49.49195], [6.287207, 49.491898], [6.287992, 49.491608], [6.288172, 49.49148], [6.288218, 49.491447], [6.288279, 49.491432], [6.288343, 49.49144], [6.288557, 49.49152], [6.288843, 49.491665], [6.2889, 49.49174], [6.288942, 49.491833], [6.288954, 49.491917], [6.288946, 49.49204], [6.288897, 49.49223], [6.288847, 49.492344], [6.288801, 49.49252], [6.288809, 49.492596], [6.288908, 49.492775], [6.289, 49.492855], [6.289091, 49.4929], [6.289156, 49.492928], [6.289354, 49.49298], [6.289526, 49.493008], [6.289618, 49.493042], [6.289671, 49.4931], [6.289705, 49.493225], [6.289686, 49.493286], [6.289667, 49.49332], [6.289648, 49.493393], [6.289618, 49.493713], [6.28956, 49.49383], [6.289446, 49.49394], [6.288919, 49.494324], [6.288633, 49.494434], [6.288534, 49.494457], [6.288416, 49.494473], [6.288252, 49.49446], [6.287748, 49.49438], [6.28747, 49.494297], [6.287256, 49.49417], [6.287062, 49.494022], [6.286932, 49.493916], [6.286413, 49.493626], [6.285982, 49.493397], [6.285902, 49.493366], [6.285391, 49.493214], [6.285158, 49.493137], [6.284834, 49.493095], [6.284639, 49.49308], [6.284273, 49.49303], [6.284105, 49.493], [6.283854, 49.49299], [6.283724, 49.493004], [6.283407, 49.493114], [6.283213, 49.493156], [6.283003, 49.493164], [6.282736, 49.493103], [6.282541, 49.4931], [6.282393, 49.493122], [6.282076, 49.493156], [6.281897, 49.493195], [6.281797, 49.493275], [6.281668, 49.493404], [6.281462, 49.493755], [6.281408, 49.493874], [6.281279, 49.493942], [6.280846, 49.49407], [6.280779, 49.49409], [6.280409, 49.494232], [6.280226, 49.494293], [6.279863, 49.494427], [6.279749, 49.49448], [6.279665, 49.49453], [6.279581, 49.494595], [6.279501, 49.49469], [6.279455, 49.494755], [6.279455, 49.49483], [6.279497, 49.49492], [6.279539, 49.495007], [6.279528, 49.49505], [6.279501, 49.495182], [6.279409, 49.49529], [6.279398, 49.495354], [6.279379, 49.49539], [6.279345, 49.49543], [6.279291, 49.495483], [6.279211, 49.49556], [6.279177, 49.495598], [6.279123, 49.495686], [6.279108, 49.49572], [6.279081, 49.49577], [6.279055, 49.49585], [6.279058, 49.4959], [6.279055, 49.495964], [6.27902, 49.49604], [6.279013, 49.496098], [6.278971, 49.496178], [6.278902, 49.49624], [6.278883, 49.496304], [6.278891, 49.496403], [6.278925, 49.49646], [6.278986, 49.49654], [6.279028, 49.496582], [6.279074, 49.496613], [6.279215, 49.49672], [6.279356, 49.496834], [6.279406, 49.496887], [6.279459, 49.49699], [6.279459, 49.49705], [6.279432, 49.49708], [6.279364, 49.49712], [6.279318, 49.49713], [6.27923, 49.497166], [6.279177, 49.497196], [6.279066, 49.497307], [6.279066, 49.49734], [6.279089, 49.497433], [6.279207, 49.49754], [6.279329, 49.49761], [6.279402, 49.49767], [6.279459, 49.497864], [6.279375, 49.497955], [6.279364, 49.498043], [6.279314, 49.49815], [6.279341, 49.498356], [6.279402, 49.498592], [6.279432, 49.49865], [6.27952, 49.498753], [6.279635, 49.49887], [6.279745, 49.49896], [6.279962, 49.4991], [6.280054, 49.499214], [6.280088, 49.499287], [6.280077, 49.499504], [6.280191, 49.49999], [6.280455, 49.500393], [6.280672, 49.500538], [6.280886, 49.50061], [6.280989, 49.50061], [6.281172, 49.500587], [6.281263, 49.500587], [6.281389, 49.500637], [6.281439, 49.50068], [6.281523, 49.50081], [6.28153, 49.50085], [6.28153, 49.500904], [6.281496, 49.500954], [6.281443, 49.501003], [6.281328, 49.501045], [6.281111, 49.501072], [6.280973, 49.501095], [6.280775, 49.50111], [6.280435, 49.501242], [6.280205, 49.501294], [6.279979, 49.501325], [6.279893, 49.501382], [6.279834, 49.501437], [6.279761, 49.501624], [6.279698, 49.501728], [6.279692, 49.501813], [6.279734, 49.50189], [6.27983, 49.501943], [6.279921, 49.501983], [6.280278, 49.5021], [6.280407, 49.502192], [6.280418, 49.502208], [6.280422, 49.502244], [6.280419, 49.502273], [6.280369, 49.502333], [6.280282, 49.502402], [6.280084, 49.502509], [6.279962, 49.502556], [6.279752, 49.502607], [6.279696, 49.502637], [6.279643, 49.502682], [6.279664, 49.502747], [6.279721, 49.502809], [6.279931, 49.50299], [6.279999, 49.503086], [6.279999, 49.503119], [6.279962, 49.503186], [6.279857, 49.503283], [6.279658, 49.503359], [6.279399, 49.503393], [6.27925, 49.503399], [6.279124, 49.503393], [6.279, 49.503376], [6.278788, 49.503376], [6.278499, 49.503401], [6.278308, 49.503427], [6.278188, 49.503459], [6.278056, 49.503475], [6.27798, 49.503479], [6.27762, 49.503526], [6.277426, 49.503571], [6.277313, 49.503584], [6.277273, 49.503584], [6.277226, 49.503578], [6.277143, 49.503543], [6.277024, 49.503463], [6.276934, 49.503387], [6.276857, 49.503307], [6.276819, 49.503295], [6.276775, 49.503292], [6.2767, 49.503308], [6.276289, 49.503492], [6.275932, 49.503573], [6.275569, 49.503655], [6.275424, 49.503677], [6.275337, 49.503682], [6.274853, 49.50374], [6.274794, 49.503749], [6.274642, 49.503791], [6.274572, 49.503835], [6.274512, 49.503881], [6.274493, 49.503903], [6.274467, 49.503944], [6.274406, 49.504177], [6.274384, 49.504243], [6.274342, 49.504299], [6.274265, 49.504386], [6.274151, 49.504435], [6.274064, 49.504457], [6.273943, 49.504465], [6.273662, 49.504457], [6.273357, 49.50447], [6.272985, 49.504504], [6.272817, 49.504523], [6.272407, 49.504579], [6.272235, 49.504623], [6.271992, 49.504702], [6.271921, 49.504719], [6.271857, 49.504726], [6.271787, 49.504725], [6.271717, 49.504718], [6.271568, 49.504692], [6.271365, 49.50463], [6.271201, 49.50456], [6.271066, 49.504483], [6.270954, 49.504419], [6.270643, 49.50426], [6.270529, 49.504166], [6.270498, 49.504112], [6.270369, 49.504032], [6.270151, 49.50403], [6.269938, 49.504055], [6.269808, 49.50408], [6.269472, 49.504147], [6.269186, 49.50423], [6.268938, 49.504303], [6.268789, 49.50432], [6.268511, 49.504314], [6.26819, 49.50426], [6.267736, 49.504192], [6.267519, 49.504143], [6.267168, 49.50408], [6.266668, 49.504025], [6.266577, 49.50403], [6.265985, 49.50404], [6.265673, 49.504036], [6.26507, 49.50401], [6.264719, 49.503983], [6.264261, 49.503933], [6.263758, 49.50392], [6.263617, 49.503918], [6.26343, 49.50393], [6.263296, 49.503952], [6.263056, 49.504097], [6.263052, 49.50416], [6.262785, 49.504494], [6.262526, 49.504776], [6.262396, 49.504932], [6.262354, 49.505047], [6.262308, 49.505333], [6.26232, 49.50549], [6.262369, 49.50566], [6.262449, 49.5058], [6.262747, 49.506138], [6.262835, 49.506268], [6.26285, 49.50638], [6.262819, 49.506485], [6.262713, 49.506622], [6.262632, 49.506695], [6.262503, 49.50679], [6.262445, 49.506866], [6.262301, 49.50698], [6.262137, 49.507076], [6.261946, 49.50714], [6.261541, 49.50721], [6.261274, 49.507236], [6.26111, 49.507233], [6.260889, 49.50719], [6.260672, 49.50714], [6.26034, 49.50705], [6.260145, 49.507015], [6.260019, 49.507008], [6.259939, 49.507015], [6.259661, 49.50706], [6.259092, 49.507126], [6.258883, 49.507187], [6.258558, 49.50735], [6.258272, 49.507477], [6.258051, 49.507545], [6.257971, 49.507595], [6.257868, 49.507706], [6.257723, 49.507927], [6.257662, 49.508022], [6.25757, 49.508167], [6.257422, 49.508423], [6.257364, 49.508625], [6.257319, 49.509064], [6.257219, 49.509434], [6.257135, 49.509624], [6.257063, 49.50973], [6.257006, 49.509796], [6.256926, 49.50982], [6.256586, 49.509903], [6.256281, 49.509968], [6.256006, 49.50996], [6.255529, 49.50985], [6.255331, 49.509785], [6.25506, 49.50976], [6.254694, 49.509693], [6.254389, 49.509674], [6.253942, 49.50959], [6.253488, 49.50942], [6.253099, 49.509262], [6.252684, 49.50911], [6.252459, 49.509007], [6.252371, 49.509], [6.252272, 49.508965], [6.252138, 49.508953], [6.251959, 49.508923], [6.25149, 49.50889], [6.251291, 49.508877], [6.250464, 49.50884], [6.250238, 49.50881], [6.250017, 49.508762], [6.24935, 49.508583], [6.249186, 49.508556], [6.249083, 49.50855], [6.248777, 49.508545], [6.248629, 49.508522], [6.248445, 49.508507], [6.248415, 49.50851], [6.248342, 49.508526], [6.248266, 49.508564], [6.248114, 49.508614], [6.247732, 49.508728], [6.247522, 49.508766], [6.246916, 49.508892], [6.246565, 49.509037], [6.246405, 49.509197], [6.246393, 49.50937], [6.246344, 49.50953], [6.246267, 49.509644], [6.24621, 49.509773], [6.246038, 49.51005], [6.245996, 49.510094], [6.245913, 49.510277], [6.245882, 49.51032], [6.24581, 49.510372], [6.245779, 49.510433], [6.245699, 49.51055], [6.245493, 49.510735], [6.245405, 49.510963], [6.245325, 49.511215], [6.24523, 49.511395], [6.245134, 49.51151], [6.244989, 49.511593], [6.244871, 49.511627], [6.244337, 49.511707], [6.244165, 49.51176], [6.243887, 49.511833], [6.243627, 49.511845], [6.243517, 49.511875], [6.242952, 49.51194], [6.242712, 49.51191], [6.242258, 49.511898], [6.242067, 49.511868], [6.241819, 49.511875], [6.241709, 49.511925], [6.241644, 49.511963], [6.241571, 49.512054], [6.241552, 49.51215], [6.241571, 49.512257], [6.241568, 49.51235], [6.241507, 49.512463], [6.241369, 49.512577], [6.241335, 49.51268], [6.241377, 49.512882], [6.241499, 49.51311], [6.241518, 49.513157], [6.241625, 49.513176], [6.24164, 49.513187], [6.241697, 49.51326], [6.241728, 49.51335], [6.241709, 49.513435], [6.241777, 49.51369], [6.241743, 49.51376], [6.241751, 49.513832], [6.241747, 49.5139], [6.241766, 49.514084], [6.241716, 49.51423], [6.241663, 49.514305], [6.241533, 49.51441], [6.24151, 49.514446], [6.241388, 49.514515], [6.241327, 49.514538], [6.241236, 49.5146], [6.241209, 49.514633], [6.241117, 49.514668], [6.240992, 49.514698], [6.240896, 49.51478], [6.240782, 49.514862], [6.240725, 49.514904], [6.240651, 49.514937], [6.240583, 49.515015], [6.240648, 49.515022], [6.240534, 49.51507], [6.24048, 49.515095], [6.24021, 49.51532], [6.240183, 49.51534], [6.240122, 49.51538], [6.24, 49.515587], [6.239824, 49.515717], [6.239683, 49.5158], [6.239004, 49.516285], [6.238588, 49.516567], [6.238485, 49.516724], [6.23842, 49.516808], [6.238333, 49.51686], [6.238085, 49.516945], [6.237802, 49.517006], [6.237555, 49.51702], [6.237253, 49.51701], [6.237063, 49.516983], [6.236815, 49.516922], [6.23612, 49.516796], [6.235472, 49.516663], [6.235132, 49.516613], [6.235121, 49.51664], [6.234987, 49.51693], [6.234865, 49.517067], [6.234841, 49.517098], [6.234739, 49.517326], [6.234659, 49.517487], [6.234755, 49.517506], [6.2348, 49.517517], [6.234976, 49.517555], [6.235102, 49.5176], [6.235334, 49.51769], [6.23543, 49.51775], [6.235487, 49.51781], [6.235533, 49.517883], [6.235567, 49.51796], [6.235624, 49.51811], [6.235689, 49.518276], [6.235704, 49.518303], [6.23572, 49.518337], [6.2358, 49.518448], [6.235857, 49.51852], [6.23591, 49.51859], [6.236132, 49.518867], [6.236235, 49.51902], [6.236265, 49.51907], [6.236303, 49.51914], [6.236349, 49.519264], [6.23638, 49.519398], [6.236402, 49.519527], [6.236452, 49.519714], [6.236483, 49.51979], [6.236528, 49.519867], [6.236578, 49.51994], [6.236673, 49.520046], [6.236761, 49.520138], [6.236994, 49.520405], [6.23707, 49.520515], [6.237108, 49.520596], [6.237162, 49.520714], [6.23733, 49.52114], [6.2372, 49.521183], [6.237299, 49.521286], [6.237391, 49.521385], [6.23749, 49.52147], [6.237608, 49.521576], [6.237871, 49.521793], [6.237993, 49.521896], [6.23802, 49.52193], [6.238031, 49.521965], [6.238154, 49.522293], [6.238253, 49.5225], [6.238298, 49.5226], [6.238375, 49.522717], [6.238508, 49.522907], [6.238707, 49.523163], [6.238874, 49.52341], [6.238771, 49.523438], [6.238661, 49.523464], [6.238936, 49.52396], [6.239084, 49.524246], [6.239107, 49.52428], [6.239141, 49.524326], [6.239252, 49.52444], [6.239344, 49.52453], [6.239355, 49.524536], [6.239492, 49.52467], [6.23918, 49.52489], [6.23871, 49.525223], [6.23868, 49.525246], [6.238405, 49.52546], [6.238348, 49.52551], [6.238203, 49.52564], [6.237841, 49.52598], [6.237818, 49.525997], [6.237555, 49.525887], [6.237528, 49.52591], [6.237116, 49.52624], [6.236753, 49.526505], [6.236402, 49.526737], [6.236048, 49.526962], [6.236223, 49.527077], [6.236269, 49.52711], [6.236414, 49.52721], [6.236219, 49.52735], [6.236204, 49.52736], [6.236135, 49.52741], [6.236063, 49.527454], [6.235899, 49.527573], [6.235315, 49.527992], [6.235434, 49.52806], [6.235666, 49.528187], [6.235796, 49.52826], [6.235983, 49.52836], [6.236422, 49.528587], [6.236513, 49.528637], [6.236681, 49.52873], [6.236799, 49.528793], [6.236948, 49.528877], [6.237287, 49.529083], [6.237478, 49.529198], [6.237669, 49.529312], [6.237738, 49.529346], [6.237822, 49.529392], [6.23786, 49.52941], [6.237905, 49.529438], [6.238016, 49.529495], [6.238062, 49.529522], [6.238173, 49.52958], [6.238253, 49.52962], [6.23842, 49.52971], [6.238501, 49.52975], [6.238577, 49.529793], [6.238592, 49.5298], [6.238668, 49.52984], [6.23871, 49.52986], [6.238893, 49.52996], [6.23897, 49.53], [6.239023, 49.53003], [6.239153, 49.530094], [6.239195, 49.530113], [6.239256, 49.530144], [6.23934, 49.53018], [6.239473, 49.530247], [6.239573, 49.530296], [6.23971, 49.530365], [6.239546, 49.530525], [6.239531, 49.530537], [6.239405, 49.53066], [6.239153, 49.5309], [6.239023, 49.531025], [6.238981, 49.531067], [6.238932, 49.531113], [6.238718, 49.53132], [6.238329, 49.531693], [6.238081, 49.531933], [6.237947, 49.532063], [6.23773, 49.532253], [6.237417, 49.532528], [6.237394, 49.532547], [6.237501, 49.532623], [6.237478, 49.532642], [6.237379, 49.532722], [6.237276, 49.53281], [6.237074, 49.53298], [6.236807, 49.533207], [6.236776, 49.53323], [6.236753, 49.533253], [6.236631, 49.533295], [6.236525, 49.533333], [6.23636, 49.533394], [6.236292, 49.533417], [6.236155, 49.533466], [6.236036, 49.533512], [6.235804, 49.533592], [6.235437, 49.533184], [6.234865, 49.53337], [6.23461, 49.533447], [6.234262, 49.53354], [6.234064, 49.53358], [6.233877, 49.533623], [6.233801, 49.533638], [6.233728, 49.533653], [6.233694, 49.533684], [6.233644, 49.533726], [6.233427, 49.533916], [6.232824, 49.534473], [6.232531, 49.534767], [6.23239, 49.534924], [6.232248, 49.5351], [6.232103, 49.53531], [6.231878, 49.5356], [6.231928, 49.53561], [6.231867, 49.535698], [6.231821, 49.535786], [6.231798, 49.53582], [6.231703, 49.535995], [6.231611, 49.536148], [6.231516, 49.536316], [6.231451, 49.536434], [6.23139, 49.536552], [6.231356, 49.536617], [6.231386, 49.536625], [6.231108, 49.537163], [6.230848, 49.53767], [6.230719, 49.537655], [6.230623, 49.537647], [6.230372, 49.537617], [6.229944, 49.53758], [6.229708, 49.537567], [6.229368, 49.53756], [6.228804, 49.53756], [6.228823, 49.537643], [6.228865, 49.537766], [6.228914, 49.537888], [6.228929, 49.537933], [6.229021, 49.53813], [6.229105, 49.538307], [6.229166, 49.538433], [6.228979, 49.538483], [6.228781, 49.53854], [6.228838, 49.5388], [6.228918, 49.539177], [6.228968, 49.53932], [6.229013, 49.53942], [6.229032, 49.539455], [6.229078, 49.53953], [6.229147, 49.539616], [6.229284, 49.539738], [6.22957, 49.539936], [6.22978, 49.540077], [6.229818, 49.5401], [6.229986, 49.540207], [6.230062, 49.540253], [6.230116, 49.540287], [6.229891, 49.540367], [6.229395, 49.540535], [6.228693, 49.540806], [6.22838, 49.540966], [6.228617, 49.541256], [6.228754, 49.54143], [6.228857, 49.541553], [6.2292, 49.542046], [6.229418, 49.54233], [6.229383, 49.54235], [6.229196, 49.542454], [6.229044, 49.54255], [6.22888, 49.542667], [6.228819, 49.542713], [6.228697, 49.54281], [6.228647, 49.542847], [6.22859, 49.542892], [6.228399, 49.543064], [6.228338, 49.54312], [6.228281, 49.543175], [6.228235, 49.543217], [6.228151, 49.5433], [6.228254, 49.54336], [6.228464, 49.543476], [6.228846, 49.543694], [6.229231, 49.543915], [6.229376, 49.544003], [6.229494, 49.54407], [6.229876, 49.544292], [6.230135, 49.54444], [6.23036, 49.54458], [6.230169, 49.544716], [6.229963, 49.54487], [6.229765, 49.545013], [6.229643, 49.5451], [6.229521, 49.545193], [6.229372, 49.545303], [6.229265, 49.545383], [6.229002, 49.545288], [6.228697, 49.545177], [6.228449, 49.54507], [6.228018, 49.544888], [6.227632, 49.544716], [6.227503, 49.54466], [6.227476, 49.54469], [6.226927, 49.545242], [6.22666, 49.545506], [6.226538, 49.545628], [6.226442, 49.545727], [6.226236, 49.545933], [6.226091, 49.546085], [6.226046, 49.546135], [6.226011, 49.54617], [6.225779, 49.54642], [6.225668, 49.546543], [6.225573, 49.546646], [6.225466, 49.546764], [6.225359, 49.54688], [6.22526, 49.546986], [6.225504, 49.547066], [6.225908, 49.547203], [6.226309, 49.54735], [6.226458, 49.547417], [6.226168, 49.547504], [6.22579, 49.547615], [6.225676, 49.54765], [6.225515, 49.547703], [6.22537, 49.547756], [6.225183, 49.547844], [6.225138, 49.547863], [6.22502, 49.547935], [6.224897, 49.548008], [6.22476, 49.54811], [6.224798, 49.548195], [6.224722, 49.548267], [6.224516, 49.548477], [6.224413, 49.54858], [6.22436, 49.548637], [6.224337, 49.548664], [6.224302, 49.54871], [6.224268, 49.54875], [6.224234, 49.548794], [6.224142, 49.54893], [6.224123, 49.548965], [6.2241, 49.549004], [6.224066, 49.54907], [6.224039, 49.549118], [6.22402, 49.549168], [6.223993, 49.54923], [6.223974, 49.54928], [6.223967, 49.549294], [6.223959, 49.54932], [6.223944, 49.549385], [6.223913, 49.54946], [6.22389, 49.549522], [6.223841, 49.549644], [6.223825, 49.549675], [6.223822, 49.549686], [6.223738, 49.549828], [6.223715, 49.54984], [6.223425, 49.549957], [6.223379, 49.54998], [6.223181, 49.550095], [6.222933, 49.55027], [6.222902, 49.55029], [6.222708, 49.55041], [6.222689, 49.550423], [6.222639, 49.550453], [6.222494, 49.550533], [6.222372, 49.550602], [6.222311, 49.550632], [6.222246, 49.55067], [6.222174, 49.550724], [6.222082, 49.550846], [6.222052, 49.550873], [6.221945, 49.550938], [6.221827, 49.551006], [6.2218, 49.55102], [6.221537, 49.551247], [6.221491, 49.551285], [6.221411, 49.551357], [6.221224, 49.55152], [6.221205, 49.55154], [6.220999, 49.551723], [6.220766, 49.551918], [6.220621, 49.552044], [6.220453, 49.552464], [6.220385, 49.55263], [6.220293, 49.552845], [6.220224, 49.553013], [6.220079, 49.553314], [6.219889, 49.553646], [6.219797, 49.55379], [6.219644, 49.553986], [6.21961, 49.55405], [6.219591, 49.5541], [6.219564, 49.554245], [6.219511, 49.554523], [6.219431, 49.55465], [6.219259, 49.55492], [6.219217, 49.55499], [6.219316, 49.555008]]]}}]}