{"type": "FeatureCollection", "features": [{"type": "Feature", "properties": {"name": "Clervaux"}, "geometry": {"type": "MultiPolygon", "coordinates": [[[[5.956915, 50.041073], [5.956945, 50.041115], [5.956972, 50.041153], [5.957022, 50.04122], [5.957956, 50.041386], [5.95867, 50.0415], [5.958815, 50.041527], [5.959001, 50.041584], [5.959188, 50.041653], [5.959352, 50.041733], [5.959475, 50.041813], [5.95952, 50.041832], [5.959654, 50.041832], [5.959715, 50.041843], [5.959848, 50.04189], [5.959986, 50.04193], [5.960173, 50.04198], [5.960348, 50.042053], [5.960577, 50.042152], [5.96068, 50.04219], [5.960722, 50.0422], [5.960844, 50.042233], [5.96089, 50.042248], [5.961008, 50.04228], [5.961191, 50.042328], [5.961332, 50.042362], [5.961401, 50.042374], [5.961489, 50.042377], [5.961557, 50.04238], [5.961645, 50.04241], [5.96171, 50.04244], [5.961775, 50.042458], [5.961878, 50.042477], [5.961973, 50.042492], [5.962213, 50.042526], [5.962351, 50.042545], [5.962492, 50.04256], [5.962576, 50.042572], [5.962767, 50.042614], [5.962862, 50.042625], [5.962984, 50.042633], [5.963053, 50.042645], [5.963293, 50.04268], [5.963411, 50.042686], [5.963533, 50.042706], [5.963644, 50.042717], [5.964041, 50.042763], [5.964129, 50.04277], [5.964285, 50.04277], [5.964384, 50.042755], [5.964464, 50.042755], [5.964792, 50.04278], [5.965033, 50.042797], [5.965273, 50.042805], [5.965593, 50.04281], [5.966074, 50.042805], [5.966543, 50.042793], [5.967241, 50.042774], [5.967348, 50.04277], [5.968195, 50.042744], [5.968409, 50.042736], [5.968866, 50.042725], [5.969061, 50.042732], [5.969233, 50.042747], [5.969419, 50.04278], [5.969496, 50.042797], [5.969557, 50.042816], [5.969507, 50.04288], [5.969427, 50.043003], [5.969286, 50.043243], [5.969214, 50.04337], [5.969164, 50.04347], [5.969137, 50.043556], [5.969126, 50.043667], [5.969133, 50.043774], [5.969145, 50.043846], [5.969168, 50.043907], [5.969206, 50.044003], [5.969255, 50.044083], [5.969316, 50.044155], [5.969427, 50.044266], [5.969515, 50.044346], [5.969595, 50.044407], [5.969786, 50.04456], [5.969992, 50.04472], [5.970095, 50.04479], [5.970221, 50.044865], [5.970594, 50.045055], [5.970858, 50.045197], [5.970926, 50.04524], [5.971003, 50.045315], [5.971079, 50.045414], [5.971128, 50.045513], [5.971147, 50.045555], [5.971144, 50.04561], [5.971098, 50.045727], [5.971067, 50.0458], [5.971064, 50.045837], [5.971064, 50.045887], [5.971048, 50.045914], [5.971006, 50.045944], [5.970987, 50.045963], [5.970991, 50.04599], [5.971018, 50.04603], [5.971018, 50.04606], [5.971006, 50.046078], [5.970633, 50.045937], [5.970541, 50.0459], [5.970388, 50.045895], [5.970251, 50.045887], [5.970148, 50.045868], [5.969976, 50.045834], [5.969736, 50.045773], [5.969606, 50.045742], [5.969454, 50.045715], [5.969297, 50.045704], [5.969137, 50.0457], [5.968859, 50.045708], [5.968741, 50.04572], [5.968569, 50.045734], [5.96829, 50.04577], [5.968256, 50.045864], [5.968527, 50.045883], [5.968836, 50.04591], [5.969122, 50.04595], [5.969477, 50.04601], [5.96966, 50.04604], [5.969786, 50.046066], [5.969999, 50.046112], [5.97006, 50.04613], [5.970201, 50.046207], [5.97027, 50.046227], [5.970827, 50.04634], [5.970892, 50.046356], [5.970938, 50.046375], [5.970976, 50.046413], [5.971044, 50.046497], [5.971079, 50.046543], [5.971155, 50.046608], [5.971212, 50.04667], [5.971243, 50.046715], [5.9713, 50.046803], [5.971335, 50.04688], [5.971449, 50.047035], [5.971602, 50.047222], [5.971666, 50.047287], [5.971701, 50.047318], [5.971746, 50.047367], [5.971815, 50.047432], [5.971861, 50.04746], [5.971941, 50.047478], [5.972067, 50.047504], [5.972223, 50.04754], [5.972303, 50.047558], [5.972361, 50.04758], [5.97249, 50.047646], [5.972555, 50.04769], [5.972593, 50.047714], [5.972654, 50.047756], [5.972746, 50.047832], [5.972784, 50.047867], [5.972818, 50.04792], [5.972826, 50.04796], [5.972822, 50.047985], [5.972807, 50.04801], [5.972815, 50.048035], [5.972818, 50.048054], [5.972807, 50.04807], [5.972811, 50.0481], [5.972803, 50.048115], [5.972792, 50.04816], [5.972784, 50.048203], [5.97278, 50.04822], [5.972792, 50.048237], [5.972815, 50.04825], [5.972853, 50.048244], [5.972876, 50.048237], [5.972899, 50.04825], [5.972868, 50.04829], [5.972837, 50.04832], [5.972826, 50.048344], [5.972849, 50.048363], [5.972895, 50.04838], [5.972906, 50.048386], [5.972967, 50.048405], [5.972986, 50.048428], [5.973055, 50.04849], [5.973085, 50.048496], [5.973082, 50.048653], [5.973082, 50.04892], [5.973089, 50.049023], [5.973104, 50.04912], [5.973112, 50.049152], [5.973143, 50.049255], [5.973204, 50.04938], [5.973265, 50.049477], [5.973345, 50.049576], [5.973467, 50.0497], [5.97349, 50.049725], [5.973585, 50.049816], [5.973654, 50.04987], [5.973711, 50.04991], [5.973787, 50.049965], [5.97407, 50.05013], [5.974249, 50.050217], [5.974432, 50.05033], [5.974554, 50.050426], [5.974691, 50.050556], [5.97476, 50.050606], [5.974905, 50.05069], [5.974947, 50.050716], [5.975058, 50.050808], [5.975142, 50.050907], [5.97518, 50.05096], [5.975256, 50.05109], [5.975302, 50.051193], [5.97534, 50.051296], [5.975428, 50.051537], [5.975527, 50.051758], [5.975603, 50.051975], [5.975657, 50.052116], [5.975676, 50.052162], [5.975695, 50.052223], [5.975683, 50.05234], [5.975683, 50.052387], [5.975664, 50.052647], [5.975653, 50.052902], [5.975653, 50.052944], [5.975599, 50.053036], [5.975576, 50.053093], [5.975569, 50.053177], [5.975565, 50.05321], [5.975603, 50.053303], [5.975618, 50.053352], [5.975614, 50.053448], [5.975599, 50.053574], [5.975569, 50.05378], [5.975569, 50.05386], [5.97558, 50.053967], [5.97558, 50.054028], [5.975565, 50.054104], [5.975534, 50.054188], [5.975519, 50.05425], [5.975519, 50.05432], [5.975527, 50.0544], [5.975557, 50.0545], [5.975618, 50.05462], [5.975744, 50.054844], [5.975779, 50.054897], [5.975794, 50.054916], [5.975855, 50.054996], [5.975897, 50.055035], [5.975958, 50.05509], [5.976088, 50.055187], [5.976206, 50.055332], [5.97624, 50.055367], [5.976282, 50.055397], [5.976328, 50.055416], [5.976454, 50.05545], [5.976534, 50.055477], [5.976557, 50.055496], [5.976584, 50.05552], [5.976614, 50.055595], [5.976648, 50.055626], [5.97677, 50.05567], [5.976831, 50.055706], [5.976938, 50.055775], [5.977049, 50.055843], [5.977201, 50.055943], [5.977232, 50.055943], [5.977423, 50.055847], [5.977564, 50.055805], [5.977778, 50.05577], [5.978193, 50.05574], [5.978479, 50.055717], [5.978609, 50.0557], [5.979124, 50.055614], [5.979227, 50.05556], [5.979303, 50.055473], [5.979387, 50.055355], [5.979494, 50.05526], [5.979818, 50.055046], [5.980269, 50.054775], [5.980551, 50.054626], [5.9811, 50.054413], [5.98144, 50.054276], [5.981604, 50.054203], [5.98168, 50.054153], [5.98184, 50.053947], [5.982107, 50.05359], [5.982191, 50.054146], [5.982176, 50.054424], [5.982168, 50.05455], [5.982153, 50.05466], [5.982103, 50.055046], [5.982069, 50.055206], [5.982046, 50.05539], [5.982027, 50.0555], [5.982, 50.055794], [5.982019, 50.056034], [5.982035, 50.05607], [5.98205, 50.05616], [5.982065, 50.05649], [5.982081, 50.05668], [5.982126, 50.056828], [5.982176, 50.056976], [5.982199, 50.05714], [5.98221, 50.05725], [5.982225, 50.057323], [5.982275, 50.057533], [5.982344, 50.057755], [5.98242, 50.05796], [5.982557, 50.058197], [5.982775, 50.058495], [5.983114, 50.058907], [5.983538, 50.059345], [5.983927, 50.059734], [5.984159, 50.059956], [5.984259, 50.060043], [5.984579, 50.060345], [5.984796, 50.06037], [5.985224, 50.06042], [5.986078, 50.060524], [5.986402, 50.06056], [5.986387, 50.060596], [5.986116, 50.061043], [5.986013, 50.0612], [5.98588, 50.061398], [5.985495, 50.06191], [5.985235, 50.062233], [5.985106, 50.062386], [5.985052, 50.062458], [5.985033, 50.062546], [5.984854, 50.062935], [5.984781, 50.063126], [5.98469, 50.063465], [5.984659, 50.063644], [5.984655, 50.06375], [5.984678, 50.0639], [5.9848, 50.064304], [5.984976, 50.064747], [5.985067, 50.064938], [5.985514, 50.065716], [5.985598, 50.065907], [5.985578, 50.066124], [5.985514, 50.066303], [5.985441, 50.066536], [5.985373, 50.066734], [5.985125, 50.06734], [5.985033, 50.06752], [5.984987, 50.06757], [5.984838, 50.067673], [5.984572, 50.06784], [5.984591, 50.067852], [5.984678, 50.067894], [5.984774, 50.067936], [5.984873, 50.067966], [5.984938, 50.06798], [5.985056, 50.06801], [5.985144, 50.068016], [5.985243, 50.068024], [5.98535, 50.06802], [5.985434, 50.06801], [5.985502, 50.06798], [5.985628, 50.067913], [5.985586, 50.06789], [5.985693, 50.06786], [5.986033, 50.067604], [5.986135, 50.067513], [5.986277, 50.06737], [5.986345, 50.067318], [5.98646, 50.067245], [5.986589, 50.067165], [5.986689, 50.067074], [5.986727, 50.067047], [5.986857, 50.066994], [5.987005, 50.06695], [5.98715, 50.066936], [5.987246, 50.066933], [5.987406, 50.06695], [5.987593, 50.066986], [5.987894, 50.067036], [5.988184, 50.067085], [5.98852, 50.067116], [5.988623, 50.067127], [5.988714, 50.06714], [5.988936, 50.067165], [5.989252, 50.067223], [5.989332, 50.067234], [5.989393, 50.067238], [5.989504, 50.067234], [5.989603, 50.067253], [5.98982, 50.067307], [5.990118, 50.067383], [5.990316, 50.067425], [5.990549, 50.06746], [5.990705, 50.067482], [5.990797, 50.06749], [5.990889, 50.067497], [5.991075, 50.067524], [5.991308, 50.067554], [5.991465, 50.06757], [5.99164, 50.067577], [5.991839, 50.067577], [5.991938, 50.06759], [5.99201, 50.067604], [5.992128, 50.06764], [5.99225, 50.067627], [5.992395, 50.06762], [5.992552, 50.06763], [5.992655, 50.06765], [5.992895, 50.06771], [5.993048, 50.067757], [5.99317, 50.0678], [5.993261, 50.06783], [5.993345, 50.06785], [5.993463, 50.067863], [5.993593, 50.06788], [5.99365, 50.067894], [5.993708, 50.067917], [5.993799, 50.06798], [5.994272, 50.06832], [5.994303, 50.068333], [5.994341, 50.068336], [5.994371, 50.06835], [5.994387, 50.068367], [5.994398, 50.068436], [5.994463, 50.068466], [5.994627, 50.068558], [5.994669, 50.06859], [5.994749, 50.068672], [5.995008, 50.068993], [5.995153, 50.069183], [5.995352, 50.069454], [5.995428, 50.06954], [5.995512, 50.06963], [5.995588, 50.069695], [5.995665, 50.069736], [5.995813, 50.069794], [5.996027, 50.069862], [5.996267, 50.06995], [5.996359, 50.069996], [5.996412, 50.07003], [5.99645, 50.070072], [5.996481, 50.07009], [5.996534, 50.07012], [5.996553, 50.070137], [5.99658, 50.07017], [5.996622, 50.070225], [5.996637, 50.070255], [5.996794, 50.070282], [5.996851, 50.070297], [5.996908, 50.070328], [5.997015, 50.07037], [5.997099, 50.070393], [5.997179, 50.07041], [5.997305, 50.07044], [5.997213, 50.070503], [5.997118, 50.070576], [5.996969, 50.070675], [5.997301, 50.070698], [5.997461, 50.070705], [5.997515, 50.07072], [5.997622, 50.07077], [5.997927, 50.070953], [5.998133, 50.07108], [5.998251, 50.07114], [5.998373, 50.071194], [5.99843, 50.071217], [5.998484, 50.07124], [5.998609, 50.071278], [5.998777, 50.071312], [5.998918, 50.071327], [5.999079, 50.071342], [5.999281, 50.07134], [5.99959, 50.071323], [6.000029, 50.0713], [6.000246, 50.071285], [6.00041, 50.071266], [6.000414, 50.071236], [6.00086, 50.071194], [6.001257, 50.071133], [6.001528, 50.07107], [6.001783, 50.071014], [6.00205, 50.070953], [6.002287, 50.07091], [6.002504, 50.070877], [6.002703, 50.070854], [6.002943, 50.070827], [6.003149, 50.07081], [6.003344, 50.070805], [6.003496, 50.070812], [6.003611, 50.070843], [6.003702, 50.07089], [6.004038, 50.07112], [6.004454, 50.07141], [6.004778, 50.071693], [6.004824, 50.07173], [6.004843, 50.071766], [6.0049, 50.07182], [6.005056, 50.071922], [6.00514, 50.071983], [6.005339, 50.072113], [6.005556, 50.072227], [6.005869, 50.072403], [6.005949, 50.07229], [6.006338, 50.072426], [6.006636, 50.072525], [6.006662, 50.072533], [6.006727, 50.07255], [6.006811, 50.072582], [6.006903, 50.07261], [6.006971, 50.072628], [6.007093, 50.072647], [6.00717, 50.072662], [6.007265, 50.072674], [6.007292, 50.072674], [6.007418, 50.072685], [6.007528, 50.07268], [6.007673, 50.07267], [6.007856, 50.07265], [6.007971, 50.072636], [6.008032, 50.072628], [6.00823, 50.072598], [6.008383, 50.072567], [6.008432, 50.072556], [6.008688, 50.07249], [6.008863, 50.07245], [6.009359, 50.072327], [6.009447, 50.072304], [6.009779, 50.072212], [6.010328, 50.072037], [6.010466, 50.07199], [6.010611, 50.071945], [6.010866, 50.071854], [6.011068, 50.071777], [6.011259, 50.071693], [6.011354, 50.07165], [6.011476, 50.071598], [6.011553, 50.071568], [6.011683, 50.07151], [6.011736, 50.071487], [6.011938, 50.071396], [6.012232, 50.071266], [6.012373, 50.07121], [6.012587, 50.071117], [6.012873, 50.071003], [6.013136, 50.070904], [6.013189, 50.070885], [6.013319, 50.070835], [6.013662, 50.07071], [6.013651, 50.070686], [6.01396, 50.070503], [6.01409, 50.070427], [6.014231, 50.070362], [6.014456, 50.070255], [6.014563, 50.070198], [6.014803, 50.07005], [6.014956, 50.069946], [6.01586, 50.06931], [6.015951, 50.06925], [6.016031, 50.069206], [6.016253, 50.06912], [6.016604, 50.068996], [6.01676, 50.069023], [6.017046, 50.0689], [6.017797, 50.068615], [6.018156, 50.06849], [6.018465, 50.068386], [6.018629, 50.06834], [6.018953, 50.06825], [6.019316, 50.068195], [6.019709, 50.068153], [6.020086, 50.068127], [6.020586, 50.068104], [6.021078, 50.06809], [6.021551, 50.068188], [6.021601, 50.068195], [6.021647, 50.0682], [6.021662, 50.068295], [6.021742, 50.06851], [6.021936, 50.06891], [6.02202, 50.069088], [6.022043, 50.069183], [6.022055, 50.069305], [6.022051, 50.069427], [6.022016, 50.069576], [6.021917, 50.0699], [6.021807, 50.070213], [6.021723, 50.0704], [6.021647, 50.07055], [6.021566, 50.070698], [6.021425, 50.07099], [6.021299, 50.07129], [6.02117, 50.07165], [6.021006, 50.07213], [6.020922, 50.07239], [6.020903, 50.072563], [6.020903, 50.072716], [6.020925, 50.072903], [6.020956, 50.073124], [6.020876, 50.07331], [6.020865, 50.07336], [6.020868, 50.0734], [6.02088, 50.07342], [6.02096, 50.07343], [6.021086, 50.07342], [6.02125, 50.07342], [6.022013, 50.07344], [6.022306, 50.073437], [6.02286, 50.07343], [6.022993, 50.073437], [6.023317, 50.07346], [6.023413, 50.073627], [6.023249, 50.073822], [6.023176, 50.073925], [6.02313, 50.073994], [6.023088, 50.074074], [6.023062, 50.074116], [6.022959, 50.07426], [6.02297, 50.07449], [6.022982, 50.07469], [6.023207, 50.07457], [6.023409, 50.074425], [6.023592, 50.074425], [6.0236, 50.075027], [6.023596, 50.075253], [6.02363, 50.07548], [6.023645, 50.075573], [6.023649, 50.075623], [6.023523, 50.075645], [6.023783, 50.076115], [6.023882, 50.0761], [6.024004, 50.076275], [6.024073, 50.076332], [6.02413, 50.076363], [6.024191, 50.07638], [6.024271, 50.0764], [6.02434, 50.076416], [6.024527, 50.07637], [6.024767, 50.076103], [6.025068, 50.076244], [6.025255, 50.076237], [6.025297, 50.076233], [6.025427, 50.07681], [6.025515, 50.077084], [6.025591, 50.077255], [6.025591, 50.077305], [6.025576, 50.077354], [6.025545, 50.077396], [6.025435, 50.077477], [6.025259, 50.077583], [6.025026, 50.077736], [6.024977, 50.077812], [6.024942, 50.0779], [6.024931, 50.077995], [6.024935, 50.078102], [6.02503, 50.078445], [6.025133, 50.07873], [6.025316, 50.079178], [6.025438, 50.07946], [6.025503, 50.079548], [6.025579, 50.07961], [6.02569, 50.079674], [6.025843, 50.079746], [6.026358, 50.07993], [6.026674, 50.080044], [6.027253, 50.080311], [6.027712, 50.080456], [6.028082, 50.080605], [6.028196, 50.080647], [6.02841, 50.08074], [6.028543, 50.080772], [6.028719, 50.08078], [6.028887, 50.08076], [6.029013, 50.080734], [6.029482, 50.08067], [6.029592, 50.080658], [6.029699, 50.08066], [6.029871, 50.080685], [6.030027, 50.080723], [6.030413, 50.080975], [6.030798, 50.081223], [6.03116, 50.08145], [6.031424, 50.08169], [6.031542, 50.081814], [6.031576, 50.081875], [6.031561, 50.081936], [6.031565, 50.08203], [6.031626, 50.082092], [6.031706, 50.082157], [6.031748, 50.08224], [6.031759, 50.082314], [6.031771, 50.082436], [6.031755, 50.082523], [6.031733, 50.082577], [6.031675, 50.082626], [6.031576, 50.082684], [6.031271, 50.082775], [6.031176, 50.08284], [6.031073, 50.08297], [6.030996, 50.083088], [6.030855, 50.083412], [6.030779, 50.083557], [6.030771, 50.08361], [6.030798, 50.083664], [6.030867, 50.08372], [6.030989, 50.08376], [6.031122, 50.083775], [6.031275, 50.083763], [6.031404, 50.08372], [6.031538, 50.08368], [6.031626, 50.083675], [6.031706, 50.083702], [6.031763, 50.08375], [6.031775, 50.08381], [6.031755, 50.083897], [6.031652, 50.084023], [6.031584, 50.084084], [6.031454, 50.084137], [6.031332, 50.084175], [6.031256, 50.084217], [6.031176, 50.084293], [6.031122, 50.084366], [6.031084, 50.084435], [6.031076, 50.084473], [6.031088, 50.08452], [6.031115, 50.084583], [6.031115, 50.084633], [6.031034, 50.084835], [6.030954, 50.084953], [6.030932, 50.085007], [6.030909, 50.08509], [6.030859, 50.085155], [6.030771, 50.085224], [6.03071, 50.085274], [6.03055, 50.0854], [6.030477, 50.0855], [6.030455, 50.08553], [6.030333, 50.085728], [6.030241, 50.085835], [6.030157, 50.08595], [6.029734, 50.08624], [6.029474, 50.0864], [6.029337, 50.08652], [6.029169, 50.0866], [6.028986, 50.086655], [6.028791, 50.086693], [6.028665, 50.086693], [6.028608, 50.086636], [6.028501, 50.086605], [6.028261, 50.08653], [6.02817, 50.086544], [6.027899, 50.08655], [6.027643, 50.086582], [6.027514, 50.086628], [6.027368, 50.08673], [6.027258, 50.086834], [6.027201, 50.086895], [6.027185, 50.08698], [6.027227, 50.087147], [6.027361, 50.087284], [6.027433, 50.087383], [6.027471, 50.087463], [6.027426, 50.087635], [6.027353, 50.087723], [6.027231, 50.08781], [6.027086, 50.087864], [6.026796, 50.08791], [6.026636, 50.087975], [6.026453, 50.088097], [6.026381, 50.08817], [6.026384, 50.08821], [6.026426, 50.088245], [6.026629, 50.08831], [6.026979, 50.088425], [6.027052, 50.08847], [6.027071, 50.08852], [6.027067, 50.088577], [6.026983, 50.088654], [6.026911, 50.088707], [6.026781, 50.088745], [6.026655, 50.088737], [6.02651, 50.08868], [6.026323, 50.088596], [6.026186, 50.08858], [6.026056, 50.08861], [6.026003, 50.088657], [6.025923, 50.088814], [6.025839, 50.088913], [6.025835, 50.088974], [6.025869, 50.08902], [6.026022, 50.08909], [6.026167, 50.08911], [6.026258, 50.089104], [6.026304, 50.08907], [6.026381, 50.089035], [6.02648, 50.089], [6.026632, 50.088993], [6.026754, 50.089], [6.026892, 50.089035], [6.026976, 50.0891], [6.027044, 50.08924], [6.02714, 50.089428], [6.027163, 50.089516], [6.027147, 50.089573], [6.027124, 50.089607], [6.02706, 50.089622], [6.026972, 50.0896], [6.026869, 50.08955], [6.026747, 50.089504], [6.026648, 50.089508], [6.026548, 50.089546], [6.02648, 50.08963], [6.026445, 50.089817], [6.026453, 50.089935], [6.02651, 50.09001], [6.026579, 50.090046], [6.02667, 50.090054], [6.027079, 50.08998], [6.027185, 50.08998], [6.027247, 50.089996], [6.027437, 50.090107], [6.027708, 50.090317], [6.027979, 50.090504], [6.028036, 50.09074], [6.028116, 50.091084], [6.028131, 50.09111], [6.028154, 50.091114], [6.028673, 50.091118], [6.0287, 50.09114], [6.028719, 50.091164], [6.028837, 50.091164], [6.02899, 50.09117], [6.029074, 50.09118], [6.029184, 50.0912], [6.029226, 50.091217], [6.029265, 50.09123], [6.029287, 50.091244], [6.029295, 50.091263], [6.029295, 50.091312], [6.029291, 50.091335], [6.02928, 50.09135], [6.029192, 50.09145], [6.02915, 50.091507], [6.029127, 50.09156], [6.029077, 50.091633], [6.029055, 50.0917], [6.028997, 50.091846], [6.02899, 50.091908], [6.029017, 50.092003], [6.028971, 50.09203], [6.029017, 50.092052], [6.029207, 50.092102], [6.029352, 50.09213], [6.02947, 50.09214], [6.029757, 50.09214], [6.029745, 50.0922], [6.029745, 50.092213], [6.029741, 50.09223], [6.029806, 50.09228], [6.029886, 50.09238], [6.029951, 50.092503], [6.029989, 50.092617], [6.029993, 50.09272], [6.029989, 50.092796], [6.02997, 50.092903], [6.029936, 50.092976], [6.029879, 50.093033], [6.029798, 50.093067], [6.029688, 50.093067], [6.029558, 50.093044], [6.029398, 50.09304], [6.029276, 50.093044], [6.029146, 50.093067], [6.029009, 50.093094], [6.028917, 50.09311], [6.028879, 50.093124], [6.028837, 50.093143], [6.028807, 50.093185], [6.028772, 50.09325], [6.028765, 50.09328], [6.028768, 50.093327], [6.02881, 50.093372], [6.028902, 50.09341], [6.029032, 50.093445], [6.029104, 50.09347], [6.029146, 50.0935], [6.029158, 50.093544], [6.029154, 50.09362], [6.029123, 50.093662], [6.029074, 50.09371], [6.028971, 50.093754], [6.028681, 50.09385], [6.028456, 50.093914], [6.028307, 50.093945], [6.02812, 50.093964], [6.028044, 50.093964], [6.027964, 50.093956], [6.027868, 50.09393], [6.027727, 50.093884], [6.027651, 50.09388], [6.027582, 50.093895], [6.027529, 50.093945], [6.027502, 50.09401], [6.027491, 50.09407], [6.027494, 50.09415], [6.027491, 50.094173], [6.027479, 50.094196], [6.027441, 50.094223], [6.027224, 50.09429], [6.027025, 50.09435], [6.027002, 50.094353], [6.026983, 50.094353], [6.026934, 50.09434], [6.02688, 50.09442], [6.02677, 50.094555], [6.026693, 50.094673], [6.026674, 50.094723], [6.02667, 50.094776], [6.026678, 50.09485], [6.02672, 50.095], [6.02677, 50.095158], [6.026819, 50.095287], [6.026892, 50.09545], [6.026991, 50.09566], [6.027098, 50.0959], [6.02717, 50.096058], [6.027315, 50.096363], [6.027471, 50.096684], [6.027544, 50.096836], [6.027559, 50.096832], [6.027666, 50.096817], [6.027761, 50.096798], [6.027876, 50.09677], [6.028582, 50.096542], [6.02883, 50.096478], [6.028933, 50.096447], [6.02936, 50.0964], [6.02973, 50.09638], [6.030027, 50.096367], [6.030241, 50.096367], [6.030561, 50.09637], [6.030745, 50.09637], [6.031321, 50.09632], [6.031881, 50.096127], [6.032545, 50.096222], [6.032579, 50.096226], [6.032877, 50.09624], [6.033377, 50.09625], [6.033926, 50.09624], [6.035345, 50.096245], [6.036589, 50.096256], [6.036882, 50.095795], [6.038347, 50.09602], [6.038847, 50.096092], [6.039423, 50.096165], [6.039984, 50.09622], [6.041113, 50.096306], [6.042501, 50.09645], [6.043642, 50.096565], [6.043982, 50.09662], [6.044241, 50.096676], [6.044409, 50.096725], [6.044661, 50.09683], [6.044695, 50.09687], [6.044722, 50.096905], [6.044836, 50.09687], [6.045454, 50.097046], [6.046438, 50.09725], [6.048109, 50.09759], [6.048605, 50.097713], [6.048983, 50.09781], [6.049276, 50.097897], [6.049578, 50.097996], [6.04991, 50.098145], [6.050043, 50.09823], [6.050222, 50.098366], [6.05039, 50.09855], [6.050573, 50.098778], [6.050745, 50.09905], [6.051634, 50.098896], [6.052202, 50.09876], [6.052618, 50.098625], [6.052965, 50.098427], [6.053087, 50.098377], [6.053205, 50.098286], [6.053766, 50.098694], [6.054281, 50.098946], [6.05459, 50.09889], [6.054743, 50.098915], [6.055132, 50.099], [6.055254, 50.098995], [6.055372, 50.09898], [6.055502, 50.098946], [6.05562, 50.09895], [6.056025, 50.099285], [6.056364, 50.09951], [6.057104, 50.100094], [6.057253, 50.100254], [6.057157, 50.10031], [6.057164, 50.100317], [6.057265, 50.100419], [6.057394, 50.10055], [6.057451, 50.1006], [6.057627, 50.100742], [6.057939, 50.10096], [6.058561, 50.10134], [6.058935, 50.101566], [6.059141, 50.101665], [6.059202, 50.101696], [6.058752, 50.102], [6.058653, 50.10226], [6.058634, 50.102448], [6.058577, 50.10268], [6.058569, 50.10274], [6.058554, 50.102818], [6.058516, 50.103073], [6.058512, 50.10309], [6.058588, 50.1031], [6.058687, 50.103096], [6.058786, 50.103134], [6.058916, 50.103153], [6.05953, 50.103077], [6.059629, 50.10306], [6.060011, 50.103043], [6.060152, 50.103046], [6.060247, 50.103058], [6.060476, 50.103065], [6.060842, 50.103096], [6.061087, 50.103172], [6.061297, 50.103245], [6.061403, 50.103302], [6.06151, 50.103363], [6.061556, 50.103394], [6.061754, 50.10349], [6.062036, 50.10355], [6.062269, 50.10359], [6.062441, 50.103622], [6.062635, 50.10363], [6.062857, 50.10364], [6.063105, 50.10363], [6.063211, 50.103683], [6.063459, 50.10368], [6.063471, 50.103664], [6.063662, 50.103447], [6.063822, 50.103485], [6.064085, 50.103497], [6.064188, 50.103504], [6.064337, 50.103542], [6.064665, 50.103546], [6.064543, 50.103703], [6.064348, 50.103794], [6.064287, 50.10377], [6.064402, 50.10398], [6.064737, 50.104214], [6.065035, 50.104477], [6.065443, 50.104954], [6.065596, 50.1051], [6.065783, 50.105244], [6.066114, 50.10547], [6.06642, 50.10565], [6.066797, 50.105846], [6.067076, 50.10595], [6.067656, 50.10615], [6.068377, 50.106396], [6.069624, 50.106895], [6.069914, 50.10703], [6.07086, 50.10754], [6.07221, 50.10832], [6.072313, 50.108376], [6.07379, 50.10927], [6.074076, 50.10941], [6.074846, 50.109737], [6.075525, 50.110065], [6.075685, 50.11016], [6.075914, 50.11035], [6.0763, 50.110718], [6.076586, 50.111046], [6.076925, 50.111515], [6.077292, 50.111954], [6.077665, 50.11244], [6.077761, 50.112648], [6.077944, 50.113132], [6.078241, 50.11354], [6.078459, 50.113907], [6.078672, 50.11435], [6.078749, 50.11461], [6.078764, 50.114788], [6.078726, 50.11495], [6.078695, 50.115128], [6.078772, 50.11518], [6.078993, 50.115257], [6.0791, 50.115322], [6.079122, 50.115376], [6.079069, 50.11571], [6.07913, 50.11584], [6.079233, 50.115982], [6.079363, 50.1161], [6.079752, 50.11638], [6.080137, 50.116646], [6.080339, 50.1168], [6.080767, 50.117188], [6.080885, 50.117336], [6.080988, 50.1175], [6.081076, 50.117645], [6.081133, 50.117775], [6.081186, 50.117924], [6.081232, 50.118073], [6.081278, 50.11829], [6.081316, 50.118523], [6.081453, 50.118504], [6.081591, 50.11849], [6.082388, 50.118423], [6.082655, 50.11839], [6.082834, 50.118393], [6.082979, 50.118378], [6.083334, 50.118347], [6.083849, 50.1183], [6.084032, 50.118286], [6.084135, 50.11844], [6.0842, 50.118492], [6.08425, 50.118538], [6.084352, 50.11865], [6.084364, 50.118664], [6.084498, 50.118813], [6.084509, 50.118828], [6.084795, 50.119175], [6.084894, 50.119297], [6.085066, 50.119526], [6.085093, 50.119564], [6.08539, 50.120007], [6.08552, 50.119976], [6.085627, 50.120052], [6.085711, 50.120094], [6.085829, 50.12012], [6.085939, 50.120167], [6.086096, 50.120255], [6.086237, 50.12033], [6.086409, 50.120464], [6.086451, 50.1205], [6.086626, 50.120583], [6.086698, 50.12063], [6.086748, 50.120678], [6.086748, 50.120728], [6.086741, 50.120872], [6.086767, 50.120945], [6.086786, 50.12098], [6.086893, 50.12103], [6.087004, 50.121063], [6.08708, 50.121113], [6.087145, 50.121162], [6.087233, 50.12121], [6.087294, 50.12122], [6.087374, 50.12123], [6.087439, 50.121265], [6.08748, 50.12129], [6.087561, 50.121326], [6.087694, 50.121346], [6.087839, 50.12137], [6.088057, 50.121433], [6.088301, 50.121506], [6.088373, 50.121532], [6.088507, 50.121582], [6.088564, 50.121616], [6.088655, 50.121708], [6.088777, 50.1218], [6.088816, 50.12182], [6.088888, 50.121822], [6.088942, 50.12184], [6.088961, 50.12188], [6.088961, 50.12193], [6.088972, 50.121964], [6.089025, 50.12199], [6.089109, 50.12201], [6.089224, 50.122055], [6.089315, 50.122078], [6.089376, 50.122086], [6.089449, 50.12212], [6.089472, 50.122135], [6.089544, 50.12215], [6.089594, 50.122177], [6.089601, 50.122204], [6.089613, 50.122257], [6.089651, 50.122314], [6.089724, 50.122337], [6.089781, 50.12237], [6.089823, 50.122395], [6.089899, 50.12241], [6.089987, 50.12244], [6.090071, 50.122475], [6.090113, 50.12249], [6.090155, 50.12253], [6.090208, 50.12257], [6.090258, 50.122604], [6.090372, 50.122673], [6.090601, 50.122795], [6.090654, 50.122833], [6.090776, 50.122993], [6.090933, 50.123096], [6.091215, 50.123238], [6.091375, 50.123318], [6.091486, 50.12338], [6.09173, 50.123493], [6.092135, 50.12371], [6.092409, 50.123882], [6.093142, 50.124332], [6.093191, 50.124374], [6.093397, 50.124577], [6.09363, 50.124832], [6.093863, 50.12507], [6.093893, 50.1251], [6.093977, 50.125187], [6.094088, 50.12532], [6.094141, 50.125393], [6.094198, 50.125484], [6.094271, 50.125698], [6.094336, 50.125854], [6.094461, 50.126053], [6.094561, 50.126244], [6.094622, 50.12635], [6.094626, 50.12636], [6.094648, 50.1264], [6.094709, 50.12659], [6.094824, 50.126816], [6.094881, 50.126915], [6.09495, 50.126972], [6.094961, 50.12698], [6.094999, 50.127026], [6.095041, 50.12706], [6.095179, 50.127098], [6.095255, 50.127144], [6.095335, 50.127197], [6.095411, 50.127285], [6.095472, 50.12736], [6.095549, 50.127388], [6.095617, 50.127396], [6.095758, 50.12737], [6.095877, 50.12736], [6.096067, 50.12737], [6.096304, 50.12738], [6.096594, 50.127407], [6.097219, 50.12748], [6.097383, 50.1275], [6.097471, 50.127525], [6.097529, 50.127525], [6.097761, 50.127518], [6.097856, 50.127483], [6.097895, 50.127483], [6.097975, 50.127487], [6.098063, 50.127502], [6.098089, 50.12752], [6.098139, 50.12754], [6.098226, 50.127537], [6.098288, 50.12753], [6.098398, 50.127556], [6.098669, 50.127598], [6.0987, 50.12762], [6.098818, 50.127617], [6.098879, 50.12764], [6.098932, 50.127674], [6.098974, 50.12769], [6.099043, 50.12769], [6.099089, 50.1277], [6.099123, 50.127712], [6.099161, 50.127743], [6.09923, 50.12776], [6.09926, 50.127785], [6.099237, 50.127804], [6.099203, 50.127827], [6.099226, 50.12785], [6.099253, 50.127846], [6.099276, 50.127857], [6.099276, 50.127888], [6.099302, 50.1279], [6.099333, 50.12789], [6.099379, 50.127872], [6.099417, 50.127872], [6.099432, 50.12788], [6.099451, 50.127907], [6.099482, 50.12793], [6.099531, 50.12795], [6.099592, 50.127964], [6.099733, 50.12798], [6.09976, 50.128], [6.099756, 50.128014], [6.099737, 50.128025], [6.099745, 50.128048], [6.099768, 50.128063], [6.099821, 50.128056], [6.099882, 50.12804], [6.099916, 50.12804], [6.099955, 50.128063], [6.099989, 50.12808], [6.100035, 50.12809], [6.100061, 50.128113], [6.1001, 50.128136], [6.100126, 50.128128], [6.100149, 50.128124], [6.10018, 50.12814], [6.10021, 50.12815], [6.100252, 50.12815], [6.100286, 50.128143], [6.100321, 50.128155], [6.10037, 50.12819], [6.10042, 50.1282], [6.100504, 50.128212], [6.10055, 50.128216], [6.100622, 50.128265], [6.100561, 50.12834], [6.10111, 50.12856], [6.101267, 50.12862], [6.101412, 50.128674], [6.101465, 50.128704], [6.101541, 50.128765], [6.101641, 50.128796], [6.101725, 50.12883], [6.101797, 50.12889], [6.101877, 50.128933], [6.101957, 50.128963], [6.102049, 50.12898], [6.102114, 50.129013], [6.102156, 50.12905], [6.102228, 50.129086], [6.102289, 50.129097], [6.102354, 50.129135], [6.102415, 50.12916], [6.102518, 50.129196], [6.102648, 50.12925], [6.102709, 50.129276], [6.102781, 50.12933], [6.102823, 50.129364], [6.102892, 50.12939], [6.102972, 50.12941], [6.103018, 50.129436], [6.103121, 50.129528], [6.103163, 50.12955], [6.103228, 50.129566], [6.103304, 50.12957], [6.103346, 50.129574], [6.103369, 50.129597], [6.103384, 50.129627], [6.103418, 50.12967], [6.103468, 50.129684], [6.103517, 50.12969], [6.10356, 50.129704], [6.103544, 50.12975], [6.103548, 50.129772], [6.103575, 50.129807], [6.10362, 50.129856], [6.103632, 50.129913], [6.103651, 50.129963], [6.103701, 50.13001], [6.103758, 50.130043], [6.10388, 50.1301], [6.103956, 50.130146], [6.10401, 50.13018], [6.104052, 50.130245], [6.10412, 50.130493], [6.104181, 50.130695], [6.104193, 50.13076], [6.104193, 50.130802], [6.104155, 50.13084], [6.104113, 50.13087], [6.104086, 50.130905], [6.104067, 50.130985], [6.104063, 50.13107], [6.104048, 50.131165], [6.104021, 50.131226], [6.103983, 50.13129], [6.103975, 50.131355], [6.103964, 50.131428], [6.103941, 50.131504], [6.103933, 50.131542], [6.103918, 50.131584], [6.103937, 50.131638], [6.103994, 50.131687], [6.104063, 50.131737], [6.104094, 50.13176], [6.104124, 50.131786], [6.104124, 50.131805], [6.104094, 50.131832], [6.104078, 50.131863], [6.104082, 50.131886], [6.104113, 50.131893], [6.104151, 50.131886], [6.104193, 50.1319], [6.104239, 50.13191], [6.104269, 50.13192], [6.104288, 50.131935], [6.104288, 50.131992], [6.104307, 50.13203], [6.104322, 50.13205], [6.104368, 50.132088], [6.104425, 50.132164], [6.104479, 50.132217], [6.104513, 50.132256], [6.104551, 50.13231], [6.104608, 50.13235], [6.104711, 50.132427], [6.10475, 50.132454], [6.104765, 50.13247], [6.104765, 50.132492], [6.104731, 50.132523], [6.104734, 50.132553], [6.104757, 50.132565], [6.104811, 50.13256], [6.104864, 50.13257], [6.104906, 50.132595], [6.10494, 50.132668], [6.104971, 50.13271], [6.105005, 50.13272], [6.105051, 50.13273], [6.105066, 50.13274], [6.105085, 50.132767], [6.105146, 50.13286], [6.105249, 50.13295], [6.105375, 50.13305], [6.105413, 50.13309], [6.105444, 50.133125], [6.105436, 50.133156], [6.105425, 50.133186], [6.105452, 50.133217], [6.105501, 50.133232], [6.105536, 50.133244], [6.10557, 50.133263], [6.105684, 50.133358], [6.105734, 50.1334], [6.105806, 50.133423], [6.105837, 50.13344], [6.105852, 50.13346], [6.105841, 50.133476], [6.105795, 50.133488], [6.10578, 50.133514], [6.10578, 50.133537], [6.105795, 50.133553], [6.105864, 50.133575], [6.105883, 50.133587], [6.105898, 50.13361], [6.105879, 50.133633], [6.105867, 50.133648], [6.105909, 50.13367], [6.105959, 50.1337], [6.106016, 50.133797], [6.106062, 50.133846], [6.106108, 50.133865], [6.106207, 50.13389], [6.106268, 50.133934], [6.106436, 50.134094], [6.106539, 50.134228], [6.106596, 50.13427], [6.106836, 50.134335], [6.106905, 50.134365], [6.106955, 50.13437], [6.107023, 50.134396], [6.107164, 50.13447], [6.107271, 50.134518], [6.107382, 50.13456], [6.107439, 50.134598], [6.107626, 50.13472], [6.10776, 50.134808], [6.107855, 50.134876], [6.107859, 50.134903], [6.107843, 50.13495], [6.107859, 50.134987], [6.107893, 50.135014], [6.108015, 50.13504], [6.108114, 50.135063], [6.108156, 50.135082], [6.108187, 50.13512], [6.10821, 50.135166], [6.108248, 50.135185], [6.108423, 50.135185], [6.108515, 50.13519], [6.108576, 50.13519], [6.108648, 50.135185], [6.108702, 50.13518], [6.108747, 50.135193], [6.108812, 50.135227], [6.108881, 50.135258], [6.108992, 50.135284], [6.109068, 50.1353], [6.109117, 50.135296], [6.109167, 50.135277], [6.109221, 50.13529], [6.10935, 50.135338], [6.109526, 50.135414], [6.109644, 50.13547], [6.109884, 50.135597], [6.110006, 50.13568], [6.110201, 50.135784], [6.110239, 50.13581], [6.1103, 50.13586], [6.110319, 50.135883], [6.110342, 50.135918], [6.110544, 50.13596], [6.110682, 50.135983], [6.110945, 50.13599], [6.111029, 50.136], [6.111101, 50.13602], [6.11117, 50.136024], [6.111261, 50.135994], [6.111303, 50.135994], [6.111353, 50.13601], [6.111494, 50.136032], [6.111593, 50.136036], [6.111639, 50.136024], [6.111696, 50.136], [6.11175, 50.135994], [6.111818, 50.13601], [6.111898, 50.136036], [6.111971, 50.13604], [6.112036, 50.13602], [6.11207, 50.13602], [6.112127, 50.136017], [6.112184, 50.13603], [6.11223, 50.136032], [6.11228, 50.136023], [6.11233, 50.136019], [6.112398, 50.136026], [6.112467, 50.136045], [6.112516, 50.136065], [6.112543, 50.13608], [6.112631, 50.136133], [6.112688, 50.136164], [6.112722, 50.136171], [6.112772, 50.136175], [6.112844, 50.136183], [6.112871, 50.136179], [6.112894, 50.136156], [6.112913, 50.136126], [6.112932, 50.136122], [6.112951, 50.136122], [6.112966, 50.136133], [6.11302, 50.136179], [6.113039, 50.13619], [6.113085, 50.136206], [6.113108, 50.136209], [6.113157, 50.136209], [6.113207, 50.136209], [6.113241, 50.136217], [6.113295, 50.136229], [6.113348, 50.136252], [6.113378, 50.136263], [6.113432, 50.136263], [6.113478, 50.136267], [6.113531, 50.136282], [6.113619, 50.136316], [6.113676, 50.136343], [6.113714, 50.136354], [6.113752, 50.136358], [6.11381, 50.136354], [6.11384, 50.136351], [6.113867, 50.136339], [6.113893, 50.136332], [6.11392, 50.136332], [6.114008, 50.136347], [6.114054, 50.136354], [6.114183, 50.136354], [6.114244, 50.136362], [6.114302, 50.13637], [6.114363, 50.136381], [6.114431, 50.136381], [6.114527, 50.136385], [6.114592, 50.136389], [6.114683, 50.136408], [6.11474, 50.136419], [6.114794, 50.136423], [6.114855, 50.136419], [6.114904, 50.136408], [6.114977, 50.136381], [6.115042, 50.136366], [6.115107, 50.136354], [6.115156, 50.136358], [6.11521, 50.136362], [6.115313, 50.136377], [6.115366, 50.136385], [6.115404, 50.136385], [6.115477, 50.136377], [6.115576, 50.136373], [6.115633, 50.136373], [6.115656, 50.136385], [6.11566, 50.136408], [6.115656, 50.136442], [6.115652, 50.136465], [6.11566, 50.136477], [6.115683, 50.13648], [6.115744, 50.13648], [6.115782, 50.136484], [6.115824, 50.136499], [6.115885, 50.136526], [6.115923, 50.136549], [6.11595, 50.136553], [6.11598, 50.136553], [6.116003, 50.136545], [6.116018, 50.13653], [6.116022, 50.136499], [6.116018, 50.136442], [6.116015, 50.136404], [6.116026, 50.136381], [6.116041, 50.136366], [6.116087, 50.136354], [6.116163, 50.136351], [6.116316, 50.136347], [6.116423, 50.136347], [6.116507, 50.136354], [6.116598, 50.136373], [6.116629, 50.136373], [6.116686, 50.136366], [6.116827, 50.136366], [6.116877, 50.136358], [6.116911, 50.136347], [6.116961, 50.136328], [6.116991, 50.136324], [6.117063, 50.136324], [6.117086, 50.136324], [6.117109, 50.136316], [6.117144, 50.136301], [6.117182, 50.136278], [6.117209, 50.136271], [6.117235, 50.136271], [6.117281, 50.136286], [6.117342, 50.136316], [6.117395, 50.136324], [6.117441, 50.136316], [6.11751, 50.136301], [6.117586, 50.136278], [6.117643, 50.136255], [6.117689, 50.136248], [6.117712, 50.136252], [6.117727, 50.136267], [6.11775, 50.136271], [6.117807, 50.136282], [6.117876, 50.136301], [6.117907, 50.136305], [6.117945, 50.136297], [6.117975, 50.136286], [6.11801, 50.136263], [6.118036, 50.136244], [6.118078, 50.136232], [6.118113, 50.136229], [6.118139, 50.136221], [6.118162, 50.136209], [6.118193, 50.136171], [6.118212, 50.136148], [6.118242, 50.136141], [6.118273, 50.136137], [6.118353, 50.136145], [6.118635, 50.13619], [6.118711, 50.136202], [6.118769, 50.136206], [6.118792, 50.136202], [6.118822, 50.13619], [6.118826, 50.136179], [6.118815, 50.136148], [6.118811, 50.136133], [6.118826, 50.136122], [6.11886, 50.13611], [6.118898, 50.136106], [6.118978, 50.136114], [6.118998, 50.136114], [6.119024, 50.13611], [6.119108, 50.136087], [6.119154, 50.13608], [6.119169, 50.136084], [6.119204, 50.136103], [6.119253, 50.136129], [6.119303, 50.136141], [6.11936, 50.136133], [6.119406, 50.136118], [6.119463, 50.136095], [6.119524, 50.13608], [6.119562, 50.136076], [6.119635, 50.136087], [6.119741, 50.136087], [6.11978, 50.136091], [6.119795, 50.136106], [6.119806, 50.136137], [6.119795, 50.136183], [6.119795, 50.136209], [6.119814, 50.136232], [6.119852, 50.136255], [6.119928, 50.136286], [6.119997, 50.136301], [6.12002, 50.136297], [6.120066, 50.13629], [6.120115, 50.136286], [6.120188, 50.13629], [6.120249, 50.136301], [6.120298, 50.136316], [6.120317, 50.136316], [6.12034, 50.136309], [6.120356, 50.136297], [6.120371, 50.136278], [6.12039, 50.136263], [6.120413, 50.136263], [6.120428, 50.136263], [6.120439, 50.13629], [6.120459, 50.136309], [6.120474, 50.136316], [6.120497, 50.136313], [6.120516, 50.136305], [6.120539, 50.136286], [6.12055, 50.136278], [6.120569, 50.136278], [6.120604, 50.136293], [6.120649, 50.136309], [6.120691, 50.136309], [6.120722, 50.136297], [6.120749, 50.136282], [6.120783, 50.136252], [6.120806, 50.136221], [6.12081, 50.136206], [6.120806, 50.136183], [6.120802, 50.136145], [6.120825, 50.136137], [6.120851, 50.136145], [6.120894, 50.136164], [6.120913, 50.136167], [6.120943, 50.136164], [6.120966, 50.13616], [6.120985, 50.136148], [6.121016, 50.136114], [6.121054, 50.136065], [6.121073, 50.136034], [6.121099, 50.136011], [6.121126, 50.136], [6.121164, 50.135988], [6.121267, 50.135973], [6.121321, 50.135961], [6.121378, 50.135942], [6.12142, 50.13592], [6.121443, 50.135904], [6.121458, 50.135862], [6.121466, 50.135847], [6.121496, 50.135836], [6.121569, 50.13582], [6.121679, 50.135801], [6.12171, 50.135794], [6.121824, 50.135752], [6.121962, 50.135714], [6.121996, 50.13571], [6.122038, 50.135721], [6.122084, 50.135737], [6.122126, 50.135759], [6.122148, 50.135767], [6.122187, 50.135775], [6.122232, 50.135778], [6.122278, 50.135767], [6.122312, 50.135752], [6.122339, 50.135737], [6.122343, 50.135725], [6.122339, 50.135706], [6.122324, 50.135683], [6.122278, 50.135614], [6.122263, 50.135591], [6.122263, 50.135572], [6.122278, 50.135565], [6.122335, 50.135546], [6.122385, 50.135504], [6.122435, 50.135469], [6.122549, 50.135412], [6.122606, 50.135389], [6.122625, 50.135389], [6.122648, 50.135401], [6.122683, 50.135424], [6.122702, 50.135427], [6.122732, 50.135424], [6.122751, 50.135408], [6.122816, 50.135347], [6.122831, 50.135325], [6.122831, 50.135298], [6.122854, 50.135271], [6.122889, 50.135256], [6.122961, 50.135237], [6.123003, 50.135222], [6.123026, 50.135206], [6.123121, 50.135134], [6.123171, 50.135096], [6.12324, 50.135065], [6.123266, 50.135057], [6.123289, 50.135065], [6.123312, 50.135073], [6.123342, 50.135065], [6.123381, 50.135038], [6.123404, 50.135008], [6.123442, 50.134958], [6.123465, 50.134939], [6.12351, 50.134912], [6.123541, 50.134897], [6.123579, 50.134855], [6.123598, 50.13484], [6.123922, 50.134699], [6.124014, 50.134661], [6.12409, 50.134634], [6.124124, 50.13463], [6.12417, 50.134634], [6.124239, 50.134649], [6.124319, 50.134672], [6.12443, 50.134703], [6.124495, 50.134718], [6.12454, 50.134726], [6.124582, 50.134729], [6.124655, 50.134733], [6.124742, 50.134726], [6.124769, 50.134718], [6.124792, 50.134703], [6.1248, 50.134684], [6.1248, 50.134661], [6.124807, 50.134645], [6.124826, 50.13463], [6.124857, 50.134615], [6.124968, 50.134588], [6.125135, 50.134527], [6.125345, 50.134447], [6.125597, 50.134344], [6.125788, 50.134256], [6.125944, 50.134188], [6.126055, 50.134138], [6.126131, 50.134115], [6.126215, 50.134096], [6.126261, 50.134088], [6.126329, 50.134077], [6.126402, 50.134054], [6.126478, 50.134024], [6.126528, 50.133997], [6.126555, 50.133966], [6.126581, 50.133928], [6.126589, 50.133894], [6.126593, 50.133856], [6.126604, 50.133829], [6.126623, 50.13381], [6.126665, 50.13378], [6.126783, 50.133715], [6.12686, 50.133669], [6.126909, 50.133631], [6.12694, 50.133596], [6.12697, 50.133547], [6.126986, 50.133509], [6.126982, 50.13349], [6.126955, 50.133451], [6.126928, 50.133413], [6.126936, 50.133387], [6.126974, 50.133352], [6.127027, 50.133326], [6.127123, 50.133276], [6.127176, 50.13323], [6.127279, 50.133146], [6.127459, 50.132986], [6.127554, 50.132902], [6.127588, 50.132853], [6.127619, 50.132811], [6.127665, 50.132757], [6.127726, 50.132715], [6.127825, 50.132673], [6.127951, 50.132643], [6.128035, 50.13262], [6.128088, 50.132585], [6.128222, 50.132505], [6.128283, 50.13246], [6.128305, 50.132433], [6.128344, 50.132364], [6.128374, 50.132326], [6.128416, 50.132303], [6.128458, 50.132292], [6.128538, 50.132292], [6.128588, 50.132284], [6.128614, 50.132273], [6.128637, 50.132254], [6.128637, 50.132238], [6.128634, 50.132216], [6.12863, 50.132189], [6.12863, 50.132162], [6.128637, 50.132147], [6.128683, 50.132105], [6.128779, 50.132048], [6.128839, 50.132006], [6.128878, 50.131971], [6.128931, 50.131914], [6.128984, 50.131842], [6.12903, 50.131784], [6.129103, 50.131723], [6.129164, 50.13167], [6.129183, 50.131636], [6.12919, 50.131609], [6.129183, 50.13159], [6.129156, 50.131571], [6.129141, 50.131552], [6.129145, 50.131521], [6.129171, 50.131491], [6.129213, 50.131468], [6.129244, 50.131433], [6.129301, 50.131361], [6.129362, 50.131311], [6.129427, 50.131254], [6.129442, 50.131228], [6.129454, 50.131189], [6.129465, 50.131166], [6.129484, 50.131147], [6.129545, 50.131117], [6.129564, 50.131098], [6.129572, 50.131082], [6.129572, 50.131067], [6.129568, 50.131052], [6.129557, 50.131037], [6.129561, 50.131002], [6.129572, 50.130983], [6.129625, 50.130949], [6.129633, 50.130918], [6.129644, 50.130888], [6.129667, 50.130865], [6.129705, 50.130846], [6.129751, 50.130827], [6.129793, 50.130804], [6.129847, 50.13077], [6.129931, 50.130732], [6.129995, 50.130705], [6.13006, 50.130659], [6.130098, 50.130629], [6.130171, 50.130526], [6.130224, 50.130461], [6.130259, 50.13043], [6.130289, 50.130411], [6.130354, 50.130388], [6.130438, 50.130377], [6.130495, 50.130358], [6.130522, 50.130342], [6.130529, 50.13032], [6.130526, 50.130308], [6.130507, 50.130289], [6.130495, 50.130266], [6.130507, 50.130243], [6.130533, 50.130213], [6.130583, 50.130171], [6.130632, 50.130125], [6.130655, 50.130091], [6.130667, 50.130049], [6.130667, 50.130003], [6.130667, 50.129973], [6.130682, 50.129942], [6.130724, 50.129892], [6.130785, 50.129843], [6.130835, 50.129808], [6.130861, 50.129801], [6.130899, 50.129793], [6.130949, 50.129789], [6.130979, 50.129797], [6.13101, 50.129805], [6.131029, 50.12982], [6.131056, 50.129835], [6.131079, 50.129839], [6.131098, 50.129835], [6.131117, 50.129824], [6.131193, 50.12977], [6.131231, 50.129751], [6.131277, 50.129732], [6.131327, 50.129721], [6.131353, 50.129728], [6.131376, 50.12974], [6.131395, 50.129751], [6.13143, 50.129763], [6.131456, 50.129763], [6.131491, 50.129751], [6.131529, 50.129724], [6.131552, 50.129705], [6.131586, 50.129694], [6.131769, 50.129656], [6.131941, 50.129621], [6.132013, 50.129614], [6.132067, 50.129614], [6.132124, 50.129621], [6.132216, 50.129641], [6.132311, 50.129663], [6.132368, 50.129671], [6.132418, 50.129671], [6.132505, 50.129667], [6.132597, 50.129663], [6.132654, 50.129663], [6.132727, 50.129671], [6.132776, 50.129679], [6.132833, 50.12969], [6.132883, 50.129694], [6.13294, 50.129675], [6.13299, 50.129656], [6.133074, 50.129625], [6.1332, 50.129595], [6.133253, 50.129572], [6.133306, 50.12953], [6.133364, 50.129507], [6.133421, 50.129488], [6.133451, 50.129488], [6.133497, 50.129492], [6.133585, 50.129511], [6.133669, 50.129519], [6.133722, 50.129522], [6.133787, 50.12953], [6.133856, 50.129541], [6.133921, 50.129545], [6.133993, 50.129549], [6.134035, 50.12956], [6.134062, 50.129579], [6.134085, 50.129614], [6.134111, 50.129629], [6.134146, 50.129633], [6.134176, 50.129629], [6.134192, 50.129618], [6.134195, 50.129595], [6.134184, 50.129568], [6.134192, 50.129553], [6.134218, 50.129549], [6.134268, 50.129564], [6.13431, 50.129595], [6.13439, 50.129663], [6.134401, 50.129667], [6.134462, 50.129675], [6.134508, 50.129682], [6.134531, 50.12969], [6.13455, 50.129717], [6.134565, 50.129728], [6.134596, 50.129732], [6.134626, 50.129724], [6.134668, 50.129702], [6.134703, 50.129682], [6.134737, 50.129675], [6.134771, 50.129679], [6.13481, 50.12969], [6.134832, 50.129713], [6.134897, 50.129763], [6.134901, 50.129782], [6.134863, 50.129808], [6.134829, 50.129835], [6.134821, 50.129877], [6.134806, 50.129896], [6.134783, 50.129931], [6.13479, 50.129961], [6.13481, 50.12998], [6.134832, 50.129984], [6.134882, 50.129988], [6.134909, 50.129999], [6.134962, 50.130022], [6.135004, 50.13003], [6.135077, 50.130068], [6.135134, 50.130083], [6.135176, 50.130098], [6.135195, 50.130129], [6.135202, 50.13014], [6.135222, 50.130148], [6.135248, 50.130148], [6.135279, 50.130136], [6.135313, 50.130133], [6.13534, 50.130136], [6.135385, 50.130152], [6.135454, 50.130178], [6.135508, 50.13019], [6.135565, 50.130186], [6.135645, 50.130171], [6.135748, 50.130148], [6.135824, 50.130133], [6.135927, 50.130117], [6.136026, 50.130106], [6.13608, 50.130098], [6.136126, 50.130087], [6.136152, 50.130072], [6.136167, 50.130049], [6.136183, 50.130018], [6.136225, 50.129969], [6.136244, 50.129934], [6.136278, 50.129915], [6.136316, 50.129904], [6.136374, 50.129892], [6.136419, 50.129866], [6.136465, 50.129862], [6.136522, 50.12985], [6.136564, 50.129827], [6.13661, 50.129839], [6.136648, 50.129858], [6.136679, 50.129888], [6.136694, 50.129923], [6.136698, 50.12998], [6.136705, 50.130045], [6.136732, 50.130094], [6.13677, 50.130125], [6.136808, 50.130136], [6.13685, 50.13014], [6.136889, 50.130133], [6.136946, 50.130106], [6.137007, 50.130068], [6.13706, 50.130053], [6.137163, 50.130026], [6.137198, 50.130003], [6.137247, 50.129961], [6.137297, 50.129923], [6.137369, 50.129888], [6.137464, 50.129888], [6.13764, 50.129866], [6.137857, 50.129869], [6.137854, 50.129858], [6.137808, 50.129721], [6.137777, 50.129641], [6.137766, 50.129579], [6.137762, 50.129526], [6.13777, 50.1294], [6.137789, 50.129324], [6.13785, 50.129076], [6.137918, 50.128813], [6.137945, 50.12871], [6.137953, 50.128614], [6.13796, 50.128439], [6.137957, 50.128408], [6.137953, 50.128366], [6.137937, 50.128286], [6.137903, 50.128191], [6.137823, 50.127958], [6.137724, 50.127832], [6.13769, 50.127783], [6.137491, 50.127504], [6.137453, 50.127455], [6.137361, 50.127153], [6.137339, 50.127081], [6.137297, 50.126932], [6.137278, 50.126612], [6.137228, 50.126368], [6.137239, 50.126123], [6.137239, 50.126089], [6.13719, 50.125666], [6.137011, 50.125296], [6.136801, 50.124891], [6.136747, 50.124788], [6.136694, 50.124674], [6.136663, 50.124594], [6.136629, 50.124498], [6.136587, 50.124372], [6.13656, 50.124273], [6.136515, 50.124201], [6.136316, 50.124006], [6.136061, 50.123751], [6.135588, 50.123526], [6.135469, 50.123472], [6.135393, 50.12343], [6.135302, 50.123381], [6.135176, 50.123327], [6.135004, 50.123243], [6.13476, 50.123167], [6.13452, 50.123114], [6.134165, 50.123079], [6.133776, 50.123049], [6.133425, 50.123022], [6.132986, 50.122946], [6.132627, 50.122854], [6.132269, 50.122702], [6.131537, 50.122408], [6.131136, 50.122255], [6.131002, 50.122206], [6.130739, 50.12211], [6.130449, 50.122061], [6.130358, 50.122023], [6.130274, 50.121985], [6.130209, 50.121946], [6.130125, 50.121893], [6.129953, 50.12182], [6.129614, 50.121599], [6.12919, 50.121321], [6.129198, 50.120958], [6.12919, 50.120874], [6.129187, 50.12084], [6.129168, 50.120718], [6.129133, 50.12052], [6.129129, 50.120508], [6.129106, 50.120409], [6.129042, 50.120108], [6.128984, 50.119844], [6.128908, 50.119554], [6.128866, 50.119413], [6.128859, 50.119314], [6.128828, 50.119249], [6.128759, 50.119085], [6.128664, 50.118822], [6.128675, 50.11854], [6.128672, 50.118483], [6.128588, 50.118174], [6.128553, 50.118032], [6.128542, 50.117998], [6.128519, 50.117933], [6.128477, 50.117804], [6.128469, 50.117788], [6.128405, 50.117628], [6.128294, 50.117464], [6.128225, 50.11735], [6.128141, 50.117083], [6.128103, 50.116957], [6.12808, 50.116846], [6.128077, 50.116816], [6.128038, 50.116659], [6.128016, 50.116556], [6.127996, 50.116522], [6.127905, 50.116365], [6.127836, 50.116262], [6.127851, 50.116148], [6.127867, 50.116091], [6.127916, 50.116018], [6.127954, 50.115957], [6.127966, 50.115942], [6.128065, 50.115831], [6.128199, 50.115671], [6.128336, 50.115492], [6.12845, 50.115339], [6.128531, 50.115206], [6.128611, 50.11511], [6.128752, 50.114931], [6.128851, 50.114805], [6.128935, 50.114698], [6.129003, 50.114649], [6.129171, 50.114519], [6.129206, 50.114492], [6.129347, 50.114382], [6.12937, 50.114367], [6.129393, 50.114344], [6.129515, 50.114252], [6.129785, 50.114138], [6.129881, 50.114096], [6.130133, 50.113996], [6.130201, 50.113977], [6.130377, 50.113935], [6.130571, 50.11389], [6.130815, 50.113833], [6.130972, 50.113794], [6.131342, 50.11376], [6.13167, 50.113726], [6.131788, 50.113718], [6.131975, 50.113714], [6.132425, 50.113707], [6.132894, 50.113752], [6.133268, 50.113791], [6.133799, 50.113745], [6.133905, 50.113737], [6.134432, 50.113695], [6.134748, 50.113565], [6.134867, 50.11339], [6.134897, 50.113195], [6.13476, 50.112913], [6.134733, 50.112852], [6.13471, 50.112787], [6.134588, 50.112482], [6.134409, 50.112253], [6.134272, 50.112089], [6.134142, 50.11191], [6.13394, 50.111784], [6.133829, 50.111628], [6.13381, 50.111463], [6.13373, 50.111319], [6.133638, 50.111223], [6.133448, 50.111078], [6.133245, 50.110903], [6.132719, 50.110453], [6.132509, 50.110266], [6.132391, 50.110167], [6.132181, 50.109976], [6.132086, 50.109899], [6.132013, 50.109842], [6.131876, 50.109667], [6.131762, 50.10951], [6.131613, 50.109324], [6.131468, 50.109152], [6.131308, 50.109003], [6.131098, 50.108831], [6.130949, 50.10869], [6.130907, 50.108641], [6.130877, 50.108603], [6.130655, 50.108332], [6.130659, 50.108263], [6.130674, 50.108023], [6.130686, 50.107977], [6.130712, 50.107881], [6.130732, 50.107714], [6.130732, 50.107698], [6.130766, 50.1075], [6.130785, 50.107416], [6.130819, 50.10726], [6.13088, 50.107069], [6.130911, 50.106981], [6.13096, 50.106684], [6.131029, 50.106474], [6.131056, 50.106443], [6.131208, 50.106314], [6.131373, 50.106188], [6.13138, 50.10618], [6.131582, 50.106031], [6.131845, 50.105883], [6.131861, 50.105875], [6.132166, 50.105734], [6.132681, 50.105558], [6.132978, 50.105482], [6.133253, 50.105394], [6.133371, 50.105345], [6.13344, 50.105314], [6.13352, 50.10528], [6.133757, 50.105162], [6.133863, 50.105108], [6.133886, 50.105104], [6.133909, 50.105123], [6.133936, 50.105131], [6.13397, 50.10515], [6.133997, 50.105131], [6.134218, 50.105082], [6.134447, 50.104963], [6.134569, 50.104902], [6.134745, 50.104799], [6.134855, 50.104704], [6.134935, 50.104574], [6.135187, 50.104197], [6.135332, 50.103926], [6.135366, 50.103884], [6.135401, 50.103842], [6.135454, 50.103769], [6.135569, 50.10367], [6.135565, 50.103483], [6.135538, 50.103449], [6.135424, 50.103277], [6.135172, 50.103167], [6.134851, 50.103022], [6.134615, 50.102922], [6.134336, 50.102831], [6.134062, 50.102751], [6.13373, 50.102671], [6.133696, 50.102659], [6.133657, 50.102655], [6.133482, 50.102632], [6.133345, 50.102617], [6.133074, 50.102598], [6.132921, 50.102587], [6.132521, 50.102594], [6.132273, 50.102606], [6.132147, 50.10261], [6.131876, 50.102655], [6.131529, 50.102743], [6.13117, 50.102842], [6.131128, 50.102884], [6.130827, 50.1029], [6.130808, 50.1029], [6.130686, 50.102896], [6.130617, 50.10293], [6.130278, 50.10293], [6.129965, 50.102911], [6.12961, 50.102854], [6.128744, 50.102674], [6.128344, 50.102549], [6.128008, 50.102472], [6.127729, 50.102423], [6.127699, 50.102415], [6.127241, 50.102316], [6.12681, 50.102179], [6.126509, 50.102053], [6.126146, 50.1019], [6.126036, 50.101858], [6.125822, 50.101774], [6.125765, 50.101709], [6.125669, 50.101606], [6.12557, 50.101488], [6.125532, 50.1014], [6.125414, 50.101107], [6.125402, 50.101038], [6.125368, 50.100809], [6.125399, 50.10066], [6.125433, 50.100512], [6.125433, 50.100397], [6.125425, 50.100233], [6.125418, 50.100084], [6.125402, 50.099871], [6.125429, 50.099653], [6.125441, 50.099562], [6.125456, 50.099459], [6.125536, 50.099131], [6.125593, 50.098963], [6.125696, 50.098791], [6.125734, 50.098726], [6.125902, 50.098497], [6.125971, 50.098379], [6.126089, 50.098173], [6.126288, 50.097914], [6.126299, 50.097898], [6.126577, 50.097483], [6.126902, 50.097044], [6.127001, 50.096891], [6.127173, 50.096628], [6.12718, 50.096613], [6.127344, 50.096422], [6.127581, 50.096193], [6.127707, 50.09606], [6.127882, 50.095835], [6.128233, 50.095495], [6.128386, 50.095331], [6.128618, 50.095148], [6.128801, 50.095095], [6.128965, 50.095072], [6.128988, 50.095068], [6.129343, 50.095003], [6.12966, 50.094919], [6.130011, 50.094915], [6.130312, 50.094904], [6.130423, 50.094904], [6.130667, 50.094904], [6.131037, 50.094896], [6.13125, 50.094866], [6.131338, 50.094866], [6.131388, 50.09487], [6.13154, 50.094915], [6.131811, 50.094961], [6.13204, 50.094984], [6.132208, 50.094965], [6.132399, 50.094904], [6.132521, 50.094828], [6.132769, 50.094545], [6.132929, 50.094274], [6.133017, 50.093981], [6.133066, 50.093809], [6.13307, 50.093637], [6.13299, 50.093359], [6.132894, 50.093226], [6.132711, 50.093035], [6.132513, 50.092913], [6.132196, 50.092737], [6.131971, 50.092642], [6.1317, 50.092569], [6.131453, 50.09252], [6.131182, 50.09247], [6.130922, 50.092436], [6.130659, 50.092417], [6.1304, 50.092409], [6.130133, 50.092413], [6.129911, 50.092421], [6.129446, 50.092428], [6.129278, 50.092436], [6.129019, 50.092501], [6.128767, 50.092562], [6.128748, 50.092569], [6.128488, 50.092634], [6.128275, 50.092688], [6.128145, 50.092749], [6.128054, 50.092791], [6.127947, 50.092817], [6.127832, 50.092848], [6.127604, 50.092909], [6.127199, 50.092962], [6.127153, 50.09297], [6.127123, 50.09297], [6.127088, 50.092974], [6.127047, 50.092981], [6.126768, 50.093012], [6.126276, 50.093058], [6.125967, 50.093111], [6.125677, 50.093157], [6.125551, 50.093184], [6.125502, 50.093195], [6.125219, 50.093195], [6.124746, 50.093294], [6.124407, 50.093435], [6.124178, 50.093565], [6.12409, 50.093611], [6.123724, 50.093729], [6.12369, 50.093733], [6.123652, 50.093741], [6.12343, 50.093775], [6.123373, 50.093786], [6.123121, 50.093798], [6.122911, 50.093782], [6.12274, 50.093767], [6.122606, 50.093752], [6.122499, 50.093729], [6.122255, 50.093679], [6.122057, 50.093618], [6.121943, 50.09358], [6.121664, 50.093454], [6.121401, 50.093283], [6.12137, 50.09326], [6.121195, 50.093142], [6.121092, 50.093077], [6.121008, 50.092917], [6.120851, 50.092753], [6.120806, 50.092711], [6.120707, 50.092615], [6.120596, 50.092527], [6.120504, 50.092451], [6.12039, 50.092329], [6.120241, 50.092161], [6.120218, 50.092146], [6.120119, 50.092081], [6.119993, 50.092012], [6.119982, 50.091963], [6.119955, 50.091852], [6.119947, 50.091772], [6.119951, 50.091753], [6.119936, 50.091738], [6.119917, 50.0917], [6.119852, 50.091581], [6.119745, 50.091257], [6.119707, 50.091093], [6.119703, 50.091078], [6.119654, 50.090925], [6.119593, 50.090738], [6.119574, 50.090551], [6.11952, 50.09038], [6.119471, 50.090227], [6.119356, 50.089933], [6.119352, 50.089914], [6.119295, 50.089613], [6.119345, 50.089182], [6.11939, 50.089041], [6.119413, 50.088873], [6.119387, 50.088682], [6.119394, 50.088537], [6.119387, 50.088335], [6.119387, 50.088324], [6.119375, 50.088255], [6.119349, 50.088091], [6.119375, 50.087912], [6.119371, 50.087812], [6.119364, 50.087728], [6.119471, 50.087652], [6.119543, 50.087477], [6.1196, 50.087351], [6.119638, 50.087229], [6.119654, 50.087191], [6.119696, 50.087095], [6.119665, 50.086912], [6.119654, 50.086733], [6.119554, 50.086554], [6.119551, 50.086233], [6.11952, 50.085951], [6.119513, 50.08589], [6.11957, 50.085756], [6.119585, 50.085714], [6.1196, 50.08568], [6.11973, 50.085482], [6.119821, 50.085333], [6.11997, 50.085177], [6.12015, 50.084986], [6.12031, 50.084814], [6.120474, 50.084684], [6.120607, 50.084551], [6.120791, 50.084368], [6.121031, 50.084246], [6.121187, 50.084124], [6.121241, 50.084082], [6.121469, 50.083895], [6.121794, 50.083658], [6.122049, 50.083464], [6.122095, 50.083357], [6.122148, 50.083181], [6.122114, 50.082972], [6.122061, 50.082769], [6.121965, 50.08259], [6.12195, 50.082434], [6.121946, 50.082403], [6.121901, 50.082201], [6.121881, 50.081999], [6.121874, 50.081839], [6.121874, 50.081743], [6.121874, 50.081694], [6.121874, 50.081407], [6.121805, 50.081133], [6.121798, 50.081114], [6.121736, 50.080969], [6.121695, 50.080866], [6.121565, 50.08066], [6.121458, 50.080454], [6.121374, 50.080301], [6.121283, 50.080122], [6.121145, 50.079886], [6.120993, 50.079657], [6.120913, 50.079515], [6.120909, 50.079504], [6.120756, 50.079306], [6.120642, 50.079115], [6.120542, 50.078894], [6.120409, 50.078718], [6.120272, 50.078585], [6.120165, 50.078463], [6.120146, 50.07844], [6.120012, 50.078329], [6.120001, 50.078318], [6.11981, 50.078161], [6.119799, 50.078154], [6.119497, 50.077951], [6.119432, 50.077902], [6.119257, 50.077776], [6.119162, 50.077707], [6.118986, 50.077532], [6.118834, 50.077356], [6.118673, 50.077211], [6.118586, 50.077124], [6.118399, 50.07694], [6.118368, 50.076918], [6.118101, 50.076643], [6.11796, 50.076334], [6.117971, 50.076181], [6.11796, 50.075983], [6.11796, 50.075952], [6.117945, 50.07583], [6.117773, 50.075605], [6.117685, 50.075563], [6.117136, 50.07538], [6.117071, 50.075361], [6.117041, 50.07535], [6.117002, 50.075338], [6.116934, 50.075316], [6.116762, 50.075262], [6.116549, 50.07519], [6.116289, 50.075033], [6.115999, 50.074861], [6.1159, 50.07477], [6.115774, 50.074648], [6.115789, 50.074591], [6.115812, 50.074568], [6.115912, 50.074472], [6.11622, 50.074186], [6.116297, 50.074083], [6.116377, 50.073984], [6.116613, 50.073683], [6.116632, 50.073698], [6.116884, 50.073462], [6.117189, 50.07321], [6.117258, 50.073156], [6.11743, 50.07305], [6.117651, 50.072931], [6.117819, 50.072859], [6.117952, 50.072813], [6.118376, 50.072691], [6.118719, 50.0725], [6.118921, 50.07239], [6.119303, 50.072352], [6.119833, 50.072332], [6.120321, 50.072359], [6.120535, 50.072386], [6.120764, 50.072439], [6.121195, 50.072584], [6.121347, 50.07266], [6.121542, 50.072783], [6.121569, 50.072802], [6.121611, 50.072855], [6.121691, 50.072947], [6.121809, 50.073057], [6.121847, 50.073107], [6.121904, 50.073237], [6.121874, 50.073237], [6.121901, 50.073313], [6.121912, 50.073347], [6.121965, 50.073462], [6.122053, 50.073652], [6.122045, 50.073778], [6.122042, 50.073946], [6.122049, 50.074034], [6.122118, 50.074324], [6.122141, 50.074411], [6.122263, 50.07464], [6.122419, 50.074892], [6.122671, 50.075205], [6.122713, 50.075262], [6.122885, 50.075522], [6.123049, 50.075716], [6.123121, 50.075815], [6.123182, 50.075911], [6.123224, 50.076025], [6.123266, 50.076128], [6.123381, 50.076303], [6.123419, 50.076384], [6.123495, 50.076445], [6.123869, 50.076673], [6.124174, 50.076792], [6.124624, 50.076925], [6.124792, 50.076975], [6.124846, 50.076986], [6.12488, 50.07699], [6.124929, 50.076986], [6.12496, 50.076982], [6.125021, 50.07696], [6.125051, 50.07694], [6.125174, 50.076849], [6.125334, 50.076677], [6.12541, 50.076605], [6.125475, 50.076532], [6.125521, 50.076487], [6.125555, 50.07646], [6.125876, 50.076208], [6.12623, 50.07593], [6.126329, 50.075857], [6.126436, 50.075781], [6.126715, 50.075598], [6.126917, 50.075464], [6.126955, 50.075437], [6.127077, 50.075357], [6.127474, 50.075113], [6.127558, 50.075106], [6.127817, 50.074953], [6.128008, 50.074907], [6.12826, 50.074759], [6.128302, 50.074732], [6.128519, 50.074568], [6.128561, 50.074522], [6.128599, 50.07448], [6.128607, 50.074461], [6.128637, 50.074388], [6.128672, 50.074301], [6.128694, 50.074251], [6.12887, 50.073973], [6.129026, 50.073717], [6.129149, 50.073526], [6.129137, 50.07337], [6.129114, 50.073332], [6.129091, 50.073298], [6.12908, 50.073278], [6.129042, 50.073244], [6.128954, 50.073187], [6.12882, 50.073088], [6.128687, 50.073], [6.128527, 50.072885], [6.128134, 50.072596], [6.127947, 50.072454], [6.127874, 50.072409], [6.127665, 50.072294], [6.127516, 50.07221], [6.127436, 50.072176], [6.127367, 50.072149], [6.127161, 50.072088], [6.127066, 50.072058], [6.126997, 50.072023], [6.126898, 50.071966], [6.126745, 50.071875], [6.126677, 50.071814], [6.126574, 50.071711], [6.126532, 50.071669], [6.126482, 50.071596], [6.126413, 50.071486], [6.126329, 50.071409], [6.126093, 50.071192], [6.125929, 50.071043], [6.125692, 50.070936], [6.125082, 50.070673], [6.124735, 50.070543], [6.124418, 50.07044], [6.124033, 50.070322], [6.123857, 50.070265], [6.123705, 50.070181], [6.123541, 50.070085], [6.123407, 50.070024], [6.12314, 50.069902], [6.122869, 50.06978], [6.122633, 50.069654], [6.122385, 50.069517], [6.12221, 50.069429], [6.122072, 50.069376], [6.121489, 50.069132], [6.121187, 50.069006], [6.12105, 50.068842], [6.120985, 50.068674], [6.120962, 50.068582], [6.120939, 50.068472], [6.120939, 50.068304], [6.120932, 50.068163], [6.120871, 50.067793], [6.120829, 50.067526], [6.120798, 50.067324], [6.120771, 50.067225], [6.120775, 50.066877], [6.120775, 50.066664], [6.120764, 50.066427], [6.120741, 50.066336], [6.12076, 50.066153], [6.120768, 50.066088], [6.120703, 50.065851], [6.120699, 50.065832], [6.12076, 50.065676], [6.120752, 50.065596], [6.120749, 50.065485], [6.120729, 50.065382], [6.120699, 50.065275], [6.120665, 50.065214], [6.120584, 50.065084], [6.120485, 50.064962], [6.120424, 50.064913], [6.12026, 50.064817], [6.120016, 50.06476], [6.119818, 50.06468], [6.119558, 50.064673], [6.119547, 50.064673], [6.119432, 50.06465], [6.119047, 50.064562], [6.118761, 50.06452], [6.118475, 50.064501], [6.118391, 50.064505], [6.118109, 50.064524], [6.117899, 50.064566], [6.117624, 50.064642], [6.117353, 50.064741], [6.117247, 50.064817], [6.116827, 50.065096], [6.116667, 50.065207], [6.116495, 50.065317], [6.11632, 50.06542], [6.116262, 50.065455], [6.115912, 50.065649], [6.115492, 50.065809], [6.115171, 50.065901], [6.115084, 50.065908], [6.114859, 50.065928], [6.114634, 50.06592], [6.114412, 50.065863], [6.1136, 50.065573], [6.113562, 50.065493], [6.113485, 50.065374], [6.113554, 50.065229], [6.113565, 50.065145], [6.1136, 50.064959], [6.113607, 50.064928], [6.113638, 50.064787], [6.113642, 50.06468], [6.113653, 50.0646], [6.113653, 50.064577], [6.113676, 50.064413], [6.113695, 50.064325], [6.113722, 50.064218], [6.113745, 50.064146], [6.113775, 50.064081], [6.113871, 50.063875], [6.11389, 50.063826], [6.113913, 50.063704], [6.113928, 50.06362], [6.113901, 50.063524], [6.113836, 50.063311], [6.113806, 50.063238], [6.113771, 50.063162], [6.113722, 50.063078], [6.113707, 50.063051], [6.113676, 50.063005], [6.113512, 50.062754], [6.113314, 50.06246], [6.113119, 50.062166], [6.113119, 50.062159], [6.113035, 50.062036], [6.112974, 50.06188], [6.112856, 50.061621], [6.112791, 50.061468], [6.112783, 50.061445], [6.112722, 50.061315], [6.112661, 50.06119], [6.112619, 50.061113], [6.112566, 50.061018], [6.11252, 50.060934], [6.11249, 50.060869], [6.112471, 50.060808], [6.112467, 50.060797], [6.11244, 50.06072], [6.112398, 50.060602], [6.112337, 50.060507], [6.112352, 50.060499], [6.112349, 50.060488], [6.112349, 50.060453], [6.112345, 50.060423], [6.112287, 50.06011], [6.112257, 50.059797], [6.112249, 50.059698], [6.112379, 50.0595], [6.11241, 50.059351], [6.112432, 50.059286], [6.11252, 50.059134], [6.112581, 50.059057], [6.112734, 50.058802], [6.112814, 50.05871], [6.112898, 50.058611], [6.112978, 50.05847], [6.113043, 50.058352], [6.113127, 50.058248], [6.11318, 50.058184], [6.113241, 50.058123], [6.11347, 50.057932], [6.113829, 50.057627], [6.114084, 50.05755], [6.114172, 50.057474], [6.11503, 50.057207], [6.116732, 50.056654], [6.116697, 50.056633], [6.116648, 50.056595], [6.116598, 50.056572], [6.116571, 50.056553], [6.116556, 50.056526], [6.116537, 50.05651], [6.116484, 50.056496], [6.116423, 50.05647], [6.116354, 50.05645], [6.116308, 50.05644], [6.116262, 50.05642], [6.116217, 50.056408], [6.116175, 50.056396], [6.116133, 50.05638], [6.116106, 50.056366], [6.116022, 50.056297], [6.115988, 50.056263], [6.11595, 50.056232], [6.115923, 50.056213], [6.115877, 50.056206], [6.115816, 50.056213], [6.115759, 50.056213], [6.11569, 50.056206], [6.115645, 50.056187], [6.11561, 50.05617], [6.115583, 50.05614], [6.11556, 50.05613], [6.115522, 50.056126], [6.115492, 50.05612], [6.115484, 50.056107], [6.115469, 50.05609], [6.115427, 50.05608], [6.115389, 50.056057], [6.115335, 50.056046], [6.115301, 50.056046], [6.115255, 50.056057], [6.115194, 50.05606], [6.115171, 50.05607], [6.115145, 50.0561], [6.115118, 50.05611], [6.115068, 50.056114], [6.115011, 50.056118], [6.114977, 50.056114], [6.114958, 50.056103], [6.114935, 50.05608], [6.114908, 50.05606], [6.114859, 50.056046], [6.114824, 50.056046], [6.114782, 50.05606], [6.114737, 50.05607], [6.114691, 50.056057], [6.114649, 50.05605], [6.114607, 50.056026], [6.114565, 50.05601], [6.114519, 50.056], [6.114462, 50.055996], [6.114408, 50.056], [6.114367, 50.05599], [6.114336, 50.055973], [6.11429, 50.05595], [6.114263, 50.055935], [6.114073, 50.05591], [6.114046, 50.055904], [6.114039, 50.05589], [6.114039, 50.055862], [6.114019, 50.055843], [6.113996, 50.055843], [6.113951, 50.05584], [6.113913, 50.055836], [6.113878, 50.05583], [6.11384, 50.055817], [6.11381, 50.055805], [6.113771, 50.055767], [6.113745, 50.055756], [6.113722, 50.055733], [6.113695, 50.055702], [6.113672, 50.055687], [6.113607, 50.055664], [6.113573, 50.055664], [6.113546, 50.055653], [6.113493, 50.055622], [6.113401, 50.055576], [6.113367, 50.05557], [6.113321, 50.055553], [6.113199, 50.05554], [6.113089, 50.055515], [6.112894, 50.055473], [6.11273, 50.055428], [6.112467, 50.05536], [6.112345, 50.05534], [6.112268, 50.055325], [6.112215, 50.05531], [6.112177, 50.055283], [6.112139, 50.055264], [6.112108, 50.05526], [6.11207, 50.055267], [6.112013, 50.05528], [6.111948, 50.055286], [6.111902, 50.055283], [6.111822, 50.055275], [6.111765, 50.05528], [6.111704, 50.055286], [6.111631, 50.05529], [6.111578, 50.05528], [6.111517, 50.055267], [6.111372, 50.055267], [6.111322, 50.05528], [6.111277, 50.055283], [6.111246, 50.05527], [6.111193, 50.055256], [6.111151, 50.055244], [6.11109, 50.05523], [6.11104, 50.05522], [6.110987, 50.055214], [6.110903, 50.055176], [6.110857, 50.055172], [6.110826, 50.05517], [6.110796, 50.05515], [6.110762, 50.055126], [6.110723, 50.05511], [6.110685, 50.055096], [6.110655, 50.055077], [6.110609, 50.05503], [6.110571, 50.055], [6.110552, 50.054966], [6.110495, 50.05493], [6.110441, 50.054893], [6.110403, 50.054855], [6.11035, 50.05482], [6.1103, 50.054794], [6.110254, 50.05476], [6.110216, 50.05474], [6.110167, 50.05472], [6.110121, 50.054695], [6.11009, 50.054665], [6.110079, 50.05464], [6.110056, 50.054615], [6.11001, 50.05459], [6.109976, 50.05457], [6.109899, 50.054527], [6.109846, 50.054485], [6.109804, 50.054455], [6.109713, 50.054405], [6.109674, 50.054382], [6.109636, 50.05437], [6.109549, 50.054337], [6.109469, 50.0543], [6.109396, 50.054256], [6.109308, 50.05419], [6.109213, 50.054123], [6.10919, 50.05411], [6.109117, 50.054066], [6.108954, 50.05399], [6.108816, 50.053925], [6.108728, 50.053875], [6.108683, 50.05385], [6.108648, 50.053833], [6.108583, 50.05381], [6.108461, 50.053776], [6.108389, 50.05375], [6.108278, 50.0537], [6.108213, 50.053673], [6.108126, 50.05365], [6.108034, 50.05363], [6.107878, 50.053593], [6.107782, 50.053555], [6.107714, 50.053497], [6.107515, 50.053326], [6.10742, 50.053234], [6.106256, 50.05309], [6.106215, 50.053078], [6.106115, 50.053043], [6.105852, 50.052944], [6.105623, 50.052845], [6.105547, 50.05281], [6.105497, 50.05279], [6.105394, 50.052753], [6.105333, 50.052734], [6.105284, 50.0527], [6.105226, 50.05267], [6.105162, 50.052643], [6.105009, 50.052586], [6.104807, 50.052513], [6.104631, 50.052444], [6.10459, 50.05242], [6.104536, 50.052387], [6.104387, 50.052258], [6.104299, 50.05218], [6.104216, 50.052124], [6.104105, 50.052048], [6.103914, 50.051933], [6.103846, 50.0519], [6.10364, 50.051785], [6.103525, 50.051727], [6.103365, 50.05167], [6.102793, 50.051464], [6.101759, 50.05108], [6.101503, 50.050983], [6.101484, 50.05097], [6.101587, 50.050934], [6.101706, 50.050907], [6.101503, 50.050583], [6.101439, 50.050472], [6.101419, 50.050446], [6.101343, 50.050312], [6.101179, 50.050014], [6.100962, 50.049633], [6.100924, 50.049534], [6.100832, 50.049286], [6.10079, 50.049183], [6.101038, 50.048775], [6.101168, 50.048523], [6.101225, 50.04838], [6.101278, 50.048172], [6.101309, 50.048046], [6.101252, 50.04803], [6.101179, 50.048004], [6.101133, 50.04799], [6.101049, 50.04798], [6.100962, 50.047974], [6.10092, 50.04796], [6.100862, 50.04793], [6.100817, 50.047916], [6.100729, 50.047916], [6.100607, 50.047924], [6.100542, 50.047916], [6.100485, 50.047905], [6.100424, 50.047886], [6.100367, 50.047874], [6.100313, 50.047882], [6.100241, 50.04789], [6.10018, 50.04788], [6.100065, 50.047874], [6.09971, 50.04787], [6.099668, 50.04787], [6.099558, 50.04785], [6.099424, 50.047848], [6.099356, 50.047855], [6.099295, 50.047863], [6.09926, 50.047874], [6.099215, 50.047905], [6.099188, 50.04791], [6.099127, 50.047897], [6.099077, 50.04787], [6.099035, 50.047832], [6.099001, 50.047802], [6.098902, 50.047726], [6.098826, 50.047707], [6.098764, 50.047695], [6.098665, 50.047688], [6.098581, 50.047676], [6.098509, 50.047653], [6.098475, 50.047638], [6.09844, 50.047604], [6.098406, 50.047592], [6.098314, 50.04759], [6.098276, 50.047577], [6.098238, 50.047554], [6.098226, 50.047523], [6.098207, 50.0475], [6.098177, 50.047485], [6.097849, 50.047417], [6.097727, 50.047386], [6.097662, 50.047367], [6.097586, 50.047337], [6.097525, 50.0473], [6.09749, 50.047264], [6.097475, 50.047234], [6.097464, 50.047226], [6.097437, 50.04722], [6.097399, 50.04719], [6.097357, 50.047146], [6.097338, 50.047115], [6.097349, 50.047092], [6.097338, 50.047073], [6.097223, 50.047035], [6.097162, 50.047024], [6.097082, 50.047024], [6.097002, 50.047005], [6.096891, 50.04697], [6.096842, 50.04694], [6.096716, 50.046856], [6.096655, 50.04683], [6.096571, 50.046814], [6.096384, 50.046783], [6.096338, 50.046764], [6.096292, 50.04674], [6.096239, 50.046703], [6.09617, 50.046677], [6.095961, 50.04662], [6.095877, 50.0466], [6.0958, 50.04659], [6.095728, 50.04659], [6.09569, 50.046577], [6.095663, 50.04657], [6.095621, 50.04659], [6.095564, 50.046597], [6.095499, 50.046597], [6.095423, 50.046604], [6.095365, 50.046616], [6.095308, 50.046623], [6.095236, 50.046623], [6.095007, 50.046642], [6.094953, 50.04664], [6.094927, 50.04662], [6.094908, 50.046616], [6.094877, 50.046623], [6.094686, 50.046658], [6.094591, 50.046673], [6.094564, 50.046688], [6.094542, 50.046722], [6.094473, 50.046715], [6.094439, 50.046738], [6.0944, 50.046757], [6.094347, 50.046772], [6.094263, 50.04677], [6.094221, 50.046783], [6.094171, 50.04681], [6.094126, 50.04682], [6.094057, 50.04682], [6.094015, 50.046833], [6.093904, 50.04688], [6.093859, 50.04689], [6.093832, 50.046886], [6.093809, 50.046867], [6.093759, 50.04689], [6.093741, 50.046913], [6.093718, 50.046947], [6.093679, 50.046978], [6.093596, 50.047016], [6.093508, 50.047043], [6.093447, 50.04705], [6.093382, 50.047047], [6.09318, 50.04701], [6.093115, 50.047005], [6.093058, 50.04702], [6.092955, 50.04706], [6.09284, 50.0471], [6.092806, 50.047104], [6.092737, 50.0471], [6.092707, 50.047085], [6.092661, 50.047073], [6.0926, 50.047077], [6.092524, 50.047073], [6.092356, 50.047047], [6.092226, 50.047035], [6.092092, 50.04701], [6.091978, 50.046963], [6.091925, 50.04692], [6.091871, 50.046886], [6.091837, 50.04687], [6.091707, 50.046856], [6.091635, 50.04685], [6.091574, 50.046837], [6.091505, 50.04681], [6.09141, 50.04676], [6.091326, 50.046722], [6.091238, 50.046688], [6.091139, 50.046665], [6.091051, 50.04666], [6.09099, 50.046665], [6.090864, 50.04668], [6.090754, 50.04669], [6.090704, 50.04669], [6.090658, 50.046677], [6.090582, 50.046646], [6.090548, 50.046623], [6.090486, 50.04659], [6.090445, 50.04656], [6.09038, 50.046528], [6.090063, 50.046368], [6.090036, 50.046356], [6.089895, 50.046288], [6.089815, 50.046253], [6.08975, 50.046215], [6.089682, 50.04616], [6.089609, 50.046124], [6.089437, 50.046043], [6.089373, 50.04602], [6.088972, 50.045948], [6.088942, 50.045956], [6.088877, 50.04597], [6.088827, 50.04599], [6.088774, 50.045998], [6.0884, 50.046032], [6.088301, 50.04605], [6.088221, 50.04606], [6.088125, 50.046055], [6.08803, 50.046047], [6.087908, 50.046032], [6.087851, 50.046036], [6.087736, 50.04606], [6.087565, 50.046074], [6.087381, 50.046078], [6.087282, 50.046066], [6.087213, 50.04605], [6.087133, 50.04605], [6.087057, 50.046043], [6.086477, 50.046127], [6.086451, 50.04613], [6.086325, 50.046146], [6.085703, 50.046234], [6.085001, 50.04633], [6.084967, 50.046333], [6.0842, 50.046444], [6.084154, 50.04645], [6.084097, 50.04646], [6.084066, 50.046455], [6.084059, 50.04644], [6.084036, 50.046337], [6.084017, 50.046238], [6.084005, 50.046074], [6.084013, 50.04595], [6.08404, 50.045727], [6.084021, 50.045708], [6.084005, 50.045704], [6.08388, 50.04568], [6.083727, 50.045643], [6.083464, 50.04557], [6.083273, 50.0455], [6.083166, 50.04546], [6.083075, 50.045403], [6.082846, 50.04527], [6.082724, 50.04518], [6.08267, 50.04512], [6.082548, 50.044968], [6.082399, 50.04477], [6.082304, 50.044693], [6.082186, 50.0446], [6.081942, 50.044464], [6.081602, 50.044285], [6.080828, 50.04387], [6.080389, 50.04364], [6.079897, 50.043697], [6.079001, 50.04324], [6.079248, 50.043087], [6.078958, 50.04299], [6.078825, 50.04293], [6.078672, 50.042854], [6.07855, 50.042812], [6.078283, 50.042717], [6.078134, 50.042652], [6.077936, 50.042557], [6.077517, 50.0425], [6.077497, 50.042492], [6.077463, 50.04249], [6.077139, 50.04324], [6.077063, 50.043385], [6.076784, 50.043896], [6.07662, 50.044228], [6.07649, 50.044495], [6.076464, 50.044548], [6.076399, 50.044693], [6.076368, 50.04476], [6.076319, 50.044876], [6.075827, 50.044716], [6.07554, 50.044624], [6.075235, 50.044525], [6.074907, 50.04442], [6.074541, 50.044296], [6.074243, 50.044197], [6.073919, 50.04409], [6.073675, 50.04401], [6.0734, 50.04399], [6.073141, 50.04394], [6.073034, 50.04392], [6.072924, 50.04389], [6.072748, 50.043858], [6.072481, 50.043797], [6.072401, 50.04378], [6.072378, 50.043774], [6.071886, 50.04367], [6.071541, 50.043599], [6.071116, 50.043484], [6.070833, 50.04339], [6.07052, 50.043274], [6.070368, 50.04322], [6.070116, 50.043144], [6.070009, 50.043113], [6.069658, 50.04301], [6.069223, 50.042896], [6.068991, 50.04283], [6.068964, 50.04284], [6.068899, 50.04281], [6.068785, 50.042744], [6.068663, 50.04267], [6.068235, 50.042408], [6.067473, 50.04197], [6.067484, 50.04195], [6.067667, 50.041553], [6.0678, 50.041252], [6.067854, 50.041122], [6.067919, 50.04097], [6.068239, 50.041042], [6.068518, 50.041096], [6.068979, 50.041183], [6.069162, 50.04122], [6.069536, 50.041298], [6.069818, 50.040836], [6.069986, 50.0406], [6.070063, 50.040504], [6.070086, 50.040474], [6.070154, 50.040394], [6.070192, 50.040363], [6.070398, 50.0402], [6.070486, 50.04012], [6.070639, 50.039925], [6.07078, 50.039757], [6.070921, 50.039577], [6.070948, 50.03955], [6.070898, 50.039536], [6.070822, 50.039516], [6.070646, 50.039486], [6.070562, 50.03947], [6.070391, 50.039444], [6.070208, 50.039417], [6.069964, 50.039356], [6.06975, 50.039368], [6.069723, 50.039356], [6.069647, 50.03929], [6.069605, 50.03925], [6.069509, 50.03923], [6.06941, 50.03921], [6.069304, 50.039177], [6.069204, 50.039154], [6.069094, 50.03914], [6.069014, 50.039124], [6.06896, 50.03911], [6.06877, 50.03903], [6.06872, 50.039005], [6.068571, 50.03895], [6.068514, 50.038925], [6.06846, 50.03889], [6.06838, 50.038822], [6.068354, 50.038815], [6.068266, 50.038803], [6.068178, 50.038795], [6.068106, 50.03878], [6.068026, 50.038746], [6.067762, 50.03866], [6.067419, 50.038563], [6.067161, 50.038377], [6.067068, 50.03831], [6.066992, 50.03826], [6.066954, 50.03824], [6.066935, 50.038166], [6.066912, 50.0381], [6.066839, 50.038006], [6.066702, 50.037846], [6.066679, 50.0378], [6.066679, 50.037712], [6.066664, 50.037647], [6.066633, 50.037605], [6.066595, 50.037582], [6.06653, 50.037537], [6.066408, 50.037457], [6.066282, 50.03737], [6.066194, 50.037304], [6.066103, 50.03725], [6.066015, 50.037197], [6.065908, 50.037113], [6.065836, 50.037064], [6.065718, 50.037003], [6.06563, 50.03694], [6.065523, 50.036884], [6.065351, 50.036797], [6.065214, 50.03672], [6.065016, 50.036575], [6.064978, 50.036552], [6.064913, 50.03653], [6.064882, 50.03652], [6.06481, 50.036484], [6.064653, 50.03643], [6.064485, 50.036366], [6.064333, 50.0363], [6.064218, 50.036224], [6.064142, 50.03619], [6.064093, 50.036163], [6.064035, 50.03612], [6.06391, 50.03606], [6.063776, 50.036007], [6.063684, 50.035965], [6.063585, 50.035908], [6.063448, 50.035824], [6.063116, 50.03563], [6.06304, 50.035572], [6.062979, 50.03552], [6.062925, 50.03548], [6.062864, 50.035446], [6.062807, 50.03542], [6.062757, 50.035393], [6.062658, 50.03534], [6.062601, 50.035313], [6.062567, 50.035286], [6.062555, 50.035267], [6.062418, 50.035168], [6.062365, 50.035126], [6.062338, 50.035114], [6.062307, 50.03509], [6.062292, 50.035072], [6.062086, 50.03493], [6.06172, 50.03466], [6.061605, 50.03458], [6.061575, 50.034554], [6.061552, 50.034515], [6.061521, 50.034466], [6.061476, 50.03441], [6.061396, 50.03434], [6.06122, 50.034195], [6.060957, 50.033997], [6.060877, 50.03394], [6.060808, 50.033882], [6.060671, 50.03376], [6.06056, 50.033638], [6.06043, 50.033474], [6.060305, 50.03329], [6.060202, 50.033085], [6.060137, 50.032944], [6.060099, 50.032772], [6.060095, 50.032646], [6.060103, 50.03257], [6.060114, 50.032528], [6.060148, 50.032467], [6.060286, 50.032425], [6.060335, 50.032383], [6.060389, 50.03233], [6.060556, 50.032124], [6.060663, 50.03204], [6.06077, 50.031948], [6.060881, 50.03183], [6.060949, 50.031773], [6.061026, 50.03172], [6.061155, 50.03166], [6.061224, 50.031612], [6.061285, 50.031567], [6.061407, 50.031433], [6.06148, 50.031364], [6.06151, 50.03133], [6.061613, 50.031223], [6.061655, 50.031185], [6.061689, 50.03116], [6.061575, 50.03105], [6.061605, 50.031017], [6.061518, 50.03098], [6.061338, 50.030964], [6.061262, 50.030903], [6.061243, 50.03084], [6.061247, 50.03082], [6.061136, 50.03074], [6.060919, 50.030685], [6.060835, 50.030655], [6.060759, 50.03062], [6.060659, 50.03057], [6.060564, 50.03052], [6.060286, 50.030376], [6.060217, 50.030346], [6.060183, 50.03032], [6.060137, 50.03028], [6.060049, 50.030216], [6.059969, 50.03016], [6.059904, 50.03012], [6.059816, 50.030083], [6.059748, 50.030056], [6.059683, 50.030037], [6.059607, 50.03002], [6.059492, 50.029984], [6.059385, 50.029938], [6.059141, 50.029816], [6.058447, 50.029465], [6.058355, 50.029415], [6.058233, 50.02934], [6.058039, 50.029205], [6.057959, 50.029152], [6.057669, 50.028957], [6.057478, 50.02881], [6.057497, 50.028793], [6.057455, 50.02875], [6.057424, 50.02873], [6.05726, 50.02859], [6.057077, 50.028393], [6.05689, 50.02818], [6.056765, 50.028023], [6.056437, 50.027702], [6.056257, 50.027534], [6.056223, 50.027504], [6.056127, 50.02741], [6.055731, 50.026966], [6.055765, 50.02717], [6.0558, 50.027393], [6.055811, 50.027477], [6.055918, 50.027897], [6.055998, 50.02815], [6.056127, 50.02844], [6.056265, 50.028675], [6.056574, 50.02901], [6.056898, 50.029358], [6.057016, 50.029446], [6.057047, 50.029495], [6.057051, 50.02954], [6.057051, 50.02961], [6.057058, 50.029644], [6.0571, 50.02972], [6.057131, 50.029762], [6.057268, 50.029903], [6.05736, 50.030018], [6.057417, 50.030106], [6.057486, 50.030247], [6.057554, 50.0304], [6.057642, 50.030624], [6.057669, 50.03069], [6.057669, 50.030743], [6.05765, 50.030827], [6.057619, 50.0309], [6.057577, 50.030968], [6.057502, 50.031047], [6.057455, 50.03112], [6.057375, 50.031246], [6.057325, 50.03136], [6.057306, 50.03145], [6.057287, 50.03192], [6.057287, 50.032112], [6.057329, 50.032547], [6.057325, 50.032575], [6.057371, 50.032715], [6.057424, 50.032883], [6.057478, 50.03297], [6.057604, 50.033073], [6.057692, 50.033146], [6.057749, 50.033215], [6.057829, 50.033333], [6.057899, 50.03347], [6.057993, 50.033653], [6.058031, 50.033768], [6.05805, 50.033863], [6.058074, 50.034057], [6.058084, 50.034103], [6.058123, 50.034298], [6.058161, 50.034424], [6.058226, 50.034584], [6.058268, 50.03466], [6.058348, 50.034763], [6.05874, 50.035215], [6.058905, 50.035404], [6.059019, 50.035534], [6.059114, 50.03564], [6.05921, 50.035736], [6.059259, 50.03579], [6.059362, 50.035885], [6.059656, 50.03615], [6.059889, 50.036263], [6.059923, 50.036278], [6.059935, 50.03628], [6.060114, 50.03636], [6.060152, 50.036354], [6.060335, 50.036446], [6.060534, 50.03654], [6.060637, 50.03661], [6.060881, 50.036823], [6.061384, 50.037277], [6.061694, 50.037589], [6.062286, 50.038014], [6.062334, 50.037987], [6.062311, 50.038006], [6.061899, 50.03827], [6.061735, 50.03838], [6.061327, 50.03866], [6.061274, 50.038677], [6.061152, 50.03872], [6.060984, 50.038776], [6.060335, 50.038982], [6.060087, 50.038803], [6.059797, 50.038597], [6.059347, 50.03826], [6.059324, 50.038246], [6.059229, 50.038177], [6.059084, 50.03807], [6.058809, 50.03787], [6.058664, 50.03776], [6.058516, 50.03765], [6.058798, 50.03751], [6.058641, 50.03737], [6.058546, 50.03729], [6.058275, 50.03705], [6.058218, 50.037003], [6.057985, 50.036816], [6.05784, 50.036694], [6.057699, 50.03658], [6.057619, 50.036503], [6.057428, 50.036324], [6.057283, 50.03617], [6.057238, 50.036118], [6.05707, 50.035923], [6.056749, 50.035526], [6.056536, 50.035217], [6.05649, 50.035027], [6.056528, 50.034878], [6.056658, 50.034603], [6.056784, 50.034348], [6.056757, 50.034164], [6.056711, 50.03415], [6.056616, 50.034134], [6.056429, 50.03411], [6.056059, 50.034092], [6.055815, 50.034084], [6.055605, 50.03409], [6.055456, 50.03409], [6.055265, 50.03408], [6.054933, 50.03409], [6.054567, 50.034115], [6.054079, 50.034157], [6.053812, 50.034176], [6.053625, 50.034176], [6.053511, 50.034172], [6.05348, 50.034157], [6.053358, 50.034153], [6.053415, 50.03406], [6.053434, 50.03402], [6.053446, 50.03397], [6.053442, 50.0339], [6.053427, 50.033825], [6.053396, 50.03376], [6.053362, 50.03369], [6.053274, 50.03358], [6.053175, 50.033485], [6.052984, 50.03333], [6.052969, 50.03332], [6.052946, 50.033302], [6.052916, 50.033283], [6.052893, 50.033253], [6.052847, 50.03322], [6.052687, 50.033123], [6.05263, 50.033085], [6.052595, 50.033047], [6.052565, 50.032986], [6.052542, 50.032917], [6.05253, 50.032898], [6.052504, 50.032875], [6.05245, 50.032814], [6.052397, 50.03276], [6.052381, 50.032707], [6.052347, 50.03265], [6.052332, 50.032566], [6.052324, 50.032543], [6.052305, 50.032463], [6.052294, 50.032425], [6.052305, 50.0324], [6.052298, 50.032375], [6.052309, 50.032356], [6.052324, 50.032333], [6.052332, 50.03231], [6.052317, 50.03229], [6.052328, 50.03223], [6.052347, 50.032215], [6.052359, 50.0322], [6.052362, 50.03218], [6.052416, 50.0321], [6.052469, 50.032055], [6.052549, 50.03199], [6.052649, 50.031906], [6.052698, 50.031776], [6.052828, 50.031384], [6.052881, 50.031242], [6.052973, 50.031075], [6.053003, 50.03101], [6.05303, 50.03096], [6.053083, 50.030758], [6.053144, 50.030445], [6.053194, 50.030167], [6.053209, 50.030106], [6.053247, 50.029964], [6.053263, 50.02989], [6.05327, 50.029808], [6.053255, 50.02971], [6.053213, 50.029587], [6.053041, 50.029613], [6.05303, 50.02961], [6.053057, 50.029545], [6.053053, 50.02952], [6.052828, 50.029366], [6.052759, 50.029327], [6.052698, 50.029305], [6.052557, 50.02926], [6.052549, 50.02924], [6.052553, 50.029213], [6.052553, 50.029186], [6.052534, 50.02917], [6.052481, 50.02914], [6.052393, 50.029114], [6.052214, 50.029053], [6.052061, 50.02899], [6.051981, 50.028954], [6.051908, 50.028908], [6.051752, 50.028805], [6.051588, 50.02869], [6.051432, 50.028587], [6.051367, 50.028538], [6.051271, 50.028435], [6.050714, 50.028072], [6.05065, 50.028046], [6.050509, 50.028015], [6.050444, 50.02798], [6.050333, 50.0279], [6.050135, 50.027805], [6.04994, 50.027687], [6.049727, 50.027573], [6.04952, 50.027443], [6.049341, 50.027306], [6.049147, 50.02714], [6.049112, 50.027092], [6.049097, 50.027054], [6.049078, 50.027035], [6.049055, 50.02703], [6.049005, 50.02705], [6.048979, 50.02705], [6.048922, 50.027035], [6.048876, 50.027004], [6.048838, 50.026955], [6.048815, 50.026905], [6.048811, 50.026825], [6.048811, 50.02677], [6.048788, 50.02669], [6.048754, 50.026634], [6.048586, 50.02647], [6.048399, 50.02625], [6.048334, 50.026146], [6.048319, 50.0261], [6.048304, 50.025925], [6.0483, 50.025837], [6.048304, 50.025818], [6.048304, 50.02579], [6.0483, 50.02573], [6.0483, 50.025696], [6.048315, 50.02558], [6.048319, 50.025524], [6.048307, 50.025448], [6.0483, 50.025414], [6.048273, 50.025337], [6.048227, 50.025238], [6.04817, 50.025097], [6.048105, 50.02498], [6.048033, 50.024895], [6.047953, 50.02485], [6.047964, 50.024727], [6.04793, 50.024532], [6.047907, 50.02434], [6.047884, 50.024246], [6.047853, 50.024105], [6.047838, 50.023994], [6.047785, 50.023834], [6.047705, 50.02368], [6.047625, 50.023556], [6.047503, 50.02334], [6.047453, 50.0232], [6.04743, 50.02313], [6.047422, 50.023], [6.047419, 50.022858], [6.047426, 50.022778], [6.047449, 50.02272], [6.047468, 50.022686], [6.047518, 50.02264], [6.047541, 50.022617], [6.04756, 50.022602], [6.047579, 50.022594], [6.047594, 50.022583], [6.047636, 50.02256], [6.047743, 50.02249], [6.047808, 50.02245], [6.047857, 50.0224], [6.047895, 50.022358], [6.047964, 50.02225], [6.048006, 50.022163], [6.048021, 50.02211], [6.048033, 50.022076], [6.048075, 50.021935], [6.047388, 50.02168], [6.047369, 50.021675], [6.047396, 50.021805], [6.047365, 50.021843], [6.04735, 50.021866], [6.04648, 50.021553], [6.046362, 50.021492], [6.04635, 50.02148], [6.046503, 50.02124], [6.046511, 50.021225], [6.046465, 50.021194], [6.046411, 50.02113], [6.046343, 50.02107], [6.046232, 50.021008], [6.046148, 50.020973], [6.046072, 50.02095], [6.046007, 50.020935], [6.045954, 50.020927], [6.045889, 50.020935], [6.04587, 50.020927], [6.045637, 50.020866], [6.045534, 50.02083], [6.045424, 50.020786], [6.045275, 50.020733], [6.04505, 50.02066], [6.044981, 50.020645], [6.044928, 50.02064], [6.044897, 50.020634], [6.044668, 50.02057], [6.044374, 50.020493], [6.044195, 50.02046], [6.043798, 50.0204], [6.043364, 50.020336], [6.043039, 50.020287], [6.042604, 50.0202], [6.042192, 50.02013], [6.04217, 50.02013], [6.042124, 50.020115], [6.042063, 50.0201], [6.041983, 50.020096], [6.041929, 50.020096], [6.041792, 50.020115], [6.041685, 50.020115], [6.041624, 50.020103], [6.041575, 50.02009], [6.041494, 50.02006], [6.041372, 50.02], [6.04133, 50.01999], [6.041296, 50.019985], [6.041265, 50.019993], [6.041239, 50.020016], [6.041189, 50.020058], [6.04114, 50.01999], [6.041002, 50.019794], [6.040937, 50.019684], [6.040892, 50.019573], [6.040873, 50.01948], [6.040865, 50.019424], [6.040861, 50.0193], [6.040865, 50.019245], [6.040873, 50.01919], [6.040911, 50.019093], [6.040957, 50.01897], [6.041037, 50.018787], [6.041082, 50.018707], [6.041128, 50.018623], [6.041338, 50.018288], [6.041437, 50.018147], [6.041472, 50.018078], [6.041494, 50.018005], [6.04151, 50.01794], [6.04151, 50.01787], [6.041498, 50.017693], [6.041487, 50.01764], [6.041456, 50.017544], [6.041372, 50.01733], [6.041178, 50.016872], [6.041082, 50.016865], [6.039564, 50.01674], [6.039084, 50.016853], [6.038862, 50.016895], [6.038626, 50.016926], [6.038225, 50.016953], [6.037794, 50.016975], [6.037512, 50.016987], [6.037352, 50.016987], [6.037149, 50.01698], [6.036913, 50.01696], [6.036776, 50.01694], [6.036661, 50.01692], [6.036531, 50.016888], [6.036413, 50.01686], [6.036261, 50.016823], [6.036062, 50.016758], [6.036146, 50.016605], [6.036219, 50.01648], [6.036253, 50.016415], [6.036299, 50.016335], [6.036341, 50.016254], [6.036398, 50.01615], [6.036429, 50.016106], [6.036509, 50.015965], [6.036539, 50.015915], [6.036665, 50.0157], [6.036718, 50.01561], [6.03676, 50.015537], [6.036955, 50.015244], [6.037161, 50.014957], [6.037252, 50.014824], [6.037363, 50.014683], [6.037443, 50.014557], [6.037493, 50.01449], [6.037542, 50.014412], [6.037565, 50.01436], [6.037577, 50.014324], [6.037642, 50.014168], [6.037649, 50.014145], [6.037664, 50.014103], [6.037691, 50.014034], [6.037729, 50.013927], [6.037786, 50.013783], [6.037828, 50.013645], [6.037847, 50.013573], [6.037863, 50.013493], [6.037878, 50.013298], [6.037897, 50.013004], [6.037931, 50.0125], [6.037931, 50.01248], [6.038004, 50.01249], [6.038603, 50.012585], [6.03932, 50.012714], [6.039606, 50.012764], [6.039968, 50.01281], [6.040297, 50.012844], [6.040571, 50.01287], [6.040789, 50.01289], [6.04109, 50.01291], [6.041582, 50.012928], [6.04159, 50.012897], [6.04162, 50.01281], [6.041685, 50.012634], [6.041769, 50.01249], [6.04188, 50.012295], [6.041975, 50.01207], [6.042013, 50.012012], [6.042051, 50.011955], [6.042109, 50.011883], [6.04236, 50.01161], [6.042402, 50.011566], [6.042467, 50.011505], [6.042227, 50.011467], [6.042097, 50.011436], [6.041994, 50.01141], [6.04191, 50.011383], [6.041826, 50.011337], [6.041605, 50.011204], [6.041304, 50.01103], [6.041044, 50.010883], [6.040548, 50.010612], [6.040201, 50.010426], [6.039797, 50.01022], [6.039103, 50.00987], [6.038477, 50.009544], [6.038343, 50.00947], [6.038237, 50.009388], [6.038107, 50.009266], [6.037893, 50.00904], [6.037725, 50.009186], [6.03763, 50.00927], [6.037516, 50.009354], [6.037409, 50.00943], [6.037275, 50.00951], [6.037264, 50.009518], [6.037127, 50.009583], [6.037016, 50.009632], [6.036993, 50.009644], [6.036852, 50.009693], [6.036657, 50.009758], [6.036589, 50.009758], [6.036432, 50.00976], [6.036238, 50.009754], [6.035833, 50.009743], [6.036066, 50.009686], [6.036142, 50.009655], [6.036234, 50.009605], [6.036406, 50.00952], [6.03657, 50.009434], [6.036692, 50.009346], [6.036829, 50.009224], [6.036947, 50.009113], [6.037027, 50.00903], [6.037065, 50.008976], [6.0371, 50.008904], [6.037127, 50.00882], [6.037168, 50.00861], [6.037199, 50.00839], [6.037226, 50.00809], [6.037279, 50.007534], [6.037291, 50.007454], [6.037344, 50.007236], [6.037413, 50.007065], [6.037508, 50.006824], [6.037619, 50.006554], [6.037718, 50.006523], [6.038149, 50.00634], [6.038137, 50.00632], [6.038321, 50.006252], [6.038477, 50.00619], [6.039148, 50.00593], [6.040056, 50.005585], [6.040091, 50.005573], [6.040102, 50.005543], [6.040068, 50.00541], [6.040026, 50.005177], [6.040018, 50.005028], [6.039946, 50.004723], [6.039926, 50.004562], [6.039923, 50.004482], [6.039911, 50.004436], [6.039862, 50.004368], [6.039751, 50.004284], [6.039591, 50.00417], [6.039453, 50.004063], [6.039316, 50.003952], [6.039148, 50.0038], [6.039053, 50.00373], [6.03895, 50.003677], [6.038809, 50.003624], [6.038466, 50.00349], [6.038298, 50.00341], [6.038107, 50.0033], [6.037924, 50.003185], [6.037748, 50.003063], [6.037653, 50.00299], [6.037565, 50.002903], [6.037108, 50.002293], [6.037031, 50.002163], [6.036959, 50.002083], [6.036879, 50.002014], [6.036776, 50.001938], [6.036573, 50.001797], [6.036158, 50.001537], [6.035807, 50.00132], [6.035761, 50.00128], [6.035681, 50.001217], [6.035616, 50.00115], [6.035563, 50.00111], [6.035501, 50.001072], [6.035303, 50.000984], [6.034929, 50.00085], [6.034647, 50.000755], [6.034475, 50.0007], [6.034239, 50.00066], [6.034071, 50.000618], [6.033926, 50.000565], [6.033686, 50.00046], [6.033426, 50.000343], [6.033293, 50.00027], [6.033167, 50.000183], [6.033148, 50.000195], [6.032965, 50.00036], [6.032873, 50.00044], [6.032721, 50.000576], [6.032301, 50.000362], [6.03211, 50.00025], [6.031969, 50.00016], [6.031813, 50.00005], [6.031714, 49.999966], [6.031591, 49.999847], [6.03153, 49.999794], [6.03142, 49.999706], [6.031363, 49.999672], [6.031195, 49.999577], [6.031069, 49.999516], [6.030947, 49.999462], [6.030897, 49.999454], [6.030775, 49.99944], [6.030588, 49.999413], [6.030428, 49.9994], [6.030306, 49.999397], [6.030047, 49.999405], [6.029692, 49.99942], [6.029478, 49.99944], [6.029325, 49.99946], [6.029108, 49.999496], [6.028822, 49.999565], [6.028528, 49.999634], [6.02849, 49.99964], [6.028246, 49.99958], [6.027857, 49.99949], [6.027182, 49.99933], [6.027208, 49.999275], [6.026613, 49.999218], [6.026495, 49.99959], [6.026331, 50.000095], [6.026224, 50.000477], [6.026022, 50.000435], [6.025625, 50.000336], [6.025396, 50.000275], [6.025316, 50.000248], [6.02508, 50.000164], [6.025042, 50.00015], [6.024874, 50.00009], [6.024862, 50.000088], [6.02442, 49.9999], [6.024164, 49.99978], [6.023592, 49.99951], [6.023199, 49.999332], [6.022749, 49.999146], [6.022001, 49.998863], [6.021898, 49.998985], [6.021742, 49.999165], [6.021566, 49.99937], [6.02133, 49.99925], [6.021021, 49.9995], [6.020666, 49.99978], [6.020376, 50], [6.020285, 50.000065], [6.020178, 50.000134], [6.019636, 50.000526], [6.019636, 50.000538], [6.020101, 50.000774], [6.020231, 50.000843], [6.02022, 50.000847], [6.019724, 50.00117], [6.019648, 50.001225], [6.019419, 50.00144], [6.018896, 50.00191], [6.018377, 50.001514], [6.018194, 50.001385], [6.018022, 50.00127], [6.017836, 50.001167], [6.017412, 50.00093], [6.017313, 50.001305], [6.017275, 50.00143], [6.017256, 50.001476], [6.017069, 50.00166], [6.016993, 50.00174], [6.016836, 50.001892], [6.016802, 50.00193], [6.016779, 50.00197], [6.016775, 50.00199], [6.016783, 50.002026], [6.01679, 50.002052], [6.01687, 50.002193], [6.016886, 50.002243], [6.016901, 50.00231], [6.016913, 50.002373], [6.01692, 50.002476], [6.016916, 50.002552], [6.016909, 50.00258], [6.016874, 50.00263], [6.016764, 50.00278], [6.016573, 50.00302], [6.016546, 50.00305], [6.016455, 50.003162], [6.016298, 50.003357], [6.016207, 50.003468], [6.015051, 50.003166], [6.014334, 50.003006], [6.014269, 50.00299], [6.01322, 50.002815], [6.012781, 50.002747], [6.012674, 50.00286], [6.012278, 50.003334], [6.012209, 50.003418], [6.012094, 50.003555], [6.011801, 50.003433], [6.011522, 50.00331], [6.011347, 50.00324], [6.011183, 50.00317], [6.010843, 50.00304], [6.010737, 50.003006], [6.010508, 50.00295], [6.01037, 50.002926], [6.01016, 50.002895], [6.01005, 50.002876], [6.009962, 50.002865], [6.009771, 50.002773], [6.009722, 50.002804], [6.009611, 50.0029], [6.009573, 50.00293], [6.009333, 50.003136], [6.009188, 50.003258], [6.009131, 50.003304], [6.009058, 50.003365], [6.008905, 50.003498], [6.008886, 50.003513], [6.008772, 50.00361], [6.008718, 50.003654], [6.008638, 50.00374], [6.00852, 50.00386], [6.008493, 50.003895], [6.008379, 50.00402], [6.008261, 50.004143], [6.009485, 50.0046], [6.009859, 50.00474], [6.010218, 50.004913], [6.010492, 50.00504], [6.01119, 50.00537], [6.011412, 50.005474], [6.011827, 50.005672], [6.012457, 50.005966], [6.012285, 50.006283], [6.01219, 50.00642], [6.012083, 50.00655], [6.012068, 50.00656], [6.012007, 50.006523], [6.011877, 50.006454], [6.011774, 50.006405], [6.011637, 50.00636], [6.011309, 50.00628], [6.011301, 50.006294], [6.011076, 50.00656], [6.010855, 50.006527], [6.010809, 50.00665], [6.010782, 50.006702], [6.010778, 50.006714], [6.010721, 50.006832], [6.010641, 50.00698], [6.010557, 50.00711], [6.010458, 50.00726], [6.010408, 50.007317], [6.010389, 50.007347], [6.010309, 50.007416], [6.010241, 50.007473], [6.010221, 50.007477], [6.010221, 50.007492], [6.010214, 50.007538], [6.010084, 50.00761], [6.009935, 50.00772], [6.009726, 50.007862], [6.009543, 50.008], [6.009237, 50.008], [6.009062, 50.008003], [6.009024, 50.008007], [6.009012, 50.008007], [6.008833, 50.008022], [6.008455, 50.008064], [6.008345, 50.00809], [6.008192, 50.00814], [6.008074, 50.008186], [6.00799, 50.008217], [6.00778, 50.00829], [6.007658, 50.00833], [6.007574, 50.008373], [6.007505, 50.00841], [6.007269, 50.00864], [6.007074, 50.008865], [6.006922, 50.00903], [6.006815, 50.009125], [6.006693, 50.00923], [6.006556, 50.00935], [6.00664, 50.009373], [6.006674, 50.00938], [6.006914, 50.009445], [6.00683, 50.009617], [6.006746, 50.009743], [6.006716, 50.00978], [6.00659, 50.009907], [6.006437, 50.01004], [6.006231, 50.010227], [6.006113, 50.010338], [6.006025, 50.010445], [6.005831, 50.010674], [6.00577, 50.010723], [6.006437, 50.01146], [6.006384, 50.011475], [6.006365, 50.011482], [6.005831, 50.01166], [6.005796, 50.01168], [6.005693, 50.01165], [6.005552, 50.011646], [6.00543, 50.01167], [6.005285, 50.011795], [6.005129, 50.01189], [6.004988, 50.01195], [6.004911, 50.011967], [6.004782, 50.011955], [6.004664, 50.0119], [6.004553, 50.011806], [6.004476, 50.011703], [6.00445, 50.01165], [6.004408, 50.011654], [6.004015, 50.011593], [6.003779, 50.011555], [6.003691, 50.011536], [6.003675, 50.01163], [6.003344, 50.011574], [6.002962, 50.011517], [6.002726, 50.01149], [6.00252, 50.011475], [6.002317, 50.011463], [6.002027, 50.011456], [6.001715, 50.011456], [6.001413, 50.011463], [6.001203, 50.01147], [6.000952, 50.011414], [6.000719, 50.011368], [6.000441, 50.011486], [6.00017, 50.011433], [6.000063, 50.01141], [6.000048, 50.011406], [6.000017, 50.011402], [5.999826, 50.01141], [5.999407, 50.011433], [5.999182, 50.011463], [5.999186, 50.011486], [5.999258, 50.011806], [5.999269, 50.011852], [5.999273, 50.01187], [5.999044, 50.01193], [5.998758, 50.012], [5.998632, 50.01204], [5.998243, 50.012146], [5.998079, 50.012184], [5.997892, 50.012215], [5.997702, 50.01224], [5.997488, 50.012264], [5.997377, 50.01227], [5.997236, 50.012276], [5.997148, 50.01227], [5.996981, 50.01226], [5.996786, 50.012234], [5.996569, 50.012196], [5.996542, 50.01226], [5.996504, 50.012306], [5.996473, 50.01234], [5.996427, 50.01238], [5.996336, 50.01245], [5.996172, 50.01258], [5.996073, 50.01255], [5.995798, 50.01268], [5.995432, 50.012833], [5.995298, 50.012894], [5.994963, 50.013054], [5.994684, 50.01306], [5.994722, 50.013184], [5.994482, 50.013237], [5.994348, 50.013268], [5.9942, 50.013287], [5.993967, 50.013298], [5.993807, 50.01331], [5.993692, 50.01332], [5.993658, 50.013325], [5.993532, 50.01325], [5.993486, 50.013233], [5.993364, 50.013214], [5.993223, 50.0132], [5.99304, 50.013184], [5.992929, 50.013184], [5.992781, 50.01319], [5.992533, 50.013325], [5.992243, 50.013485], [5.99214, 50.013515], [5.991751, 50.01359], [5.991671, 50.01361], [5.991568, 50.013638], [5.991381, 50.013733], [5.991217, 50.01384], [5.991159, 50.013897], [5.991114, 50.013954], [5.991087, 50.014023], [5.990972, 50.014065], [5.990602, 50.013874], [5.990553, 50.013912], [5.990351, 50.014072], [5.990156, 50.014248], [5.989958, 50.01443], [5.98984, 50.01454], [5.989729, 50.014614], [5.989695, 50.01464], [5.989554, 50.014767], [5.989008, 50.014515], [5.987749, 50.01394], [5.987902, 50.01378], [5.987974, 50.013702], [5.988047, 50.013622], [5.987829, 50.013542], [5.987444, 50.013397], [5.987135, 50.01328], [5.986784, 50.013145], [5.986662, 50.0131], [5.986463, 50.013023], [5.986261, 50.01294], [5.986113, 50.01288], [5.986017, 50.012836], [5.985445, 50.01254], [5.985083, 50.01234], [5.98506, 50.01233], [5.985029, 50.012424], [5.98501, 50.01247], [5.985067, 50.01261], [5.985132, 50.01281], [5.985174, 50.012962], [5.985197, 50.01308], [5.98522, 50.013218], [5.985235, 50.013405], [5.985228, 50.013515], [5.985228, 50.01362], [5.985224, 50.013786], [5.985205, 50.013897], [5.985159, 50.0141], [5.985147, 50.01416], [5.985174, 50.014168], [5.986055, 50.01438], [5.98646, 50.014496], [5.986822, 50.014603], [5.987032, 50.014664], [5.987425, 50.014786], [5.987734, 50.01489], [5.988127, 50.01503], [5.988474, 50.015163], [5.988226, 50.0156], [5.987963, 50.01592], [5.987627, 50.01625], [5.987459, 50.01618], [5.987257, 50.01636], [5.987177, 50.016434], [5.986979, 50.016342], [5.986868, 50.016388], [5.98675, 50.01644], [5.986654, 50.016487], [5.98657, 50.01654], [5.986528, 50.016582], [5.986479, 50.01663], [5.98641, 50.0167], [5.986349, 50.01676], [5.986288, 50.01683], [5.986231, 50.01689], [5.986139, 50.01699], [5.98609, 50.017048], [5.986025, 50.017128], [5.985987, 50.017174], [5.985907, 50.017284], [5.985853, 50.01736], [5.98514, 50.01718], [5.985083, 50.01717], [5.98501, 50.01716], [5.984846, 50.017918], [5.984804, 50.01813], [5.98477, 50.018307], [5.984705, 50.01856], [5.984594, 50.019127], [5.98451, 50.019386], [5.984446, 50.01956], [5.984221, 50.019978], [5.984198, 50.01997], [5.983969, 50.01987], [5.983984, 50.01984], [5.982973, 50.019356], [5.982863, 50.019302], [5.982485, 50.019127], [5.982191, 50.01899], [5.98081, 50.018368], [5.980738, 50.0183], [5.980703, 50.01827], [5.980585, 50.0182], [5.980402, 50.01811], [5.98031, 50.01807], [5.980188, 50.018036], [5.980066, 50.018], [5.979914, 50.01797], [5.979757, 50.017956], [5.979315, 50.01795], [5.97891, 50.01794], [5.978548, 50.017933], [5.977903, 50.017918], [5.976763, 50.017887], [5.976679, 50.017883], [5.976591, 50.017944], [5.976706, 50.018127], [5.976774, 50.018215], [5.976797, 50.01826], [5.976805, 50.018295], [5.976805, 50.018326], [5.976808, 50.018345], [5.976835, 50.018383], [5.976923, 50.018494], [5.976984, 50.018574], [5.977152, 50.01875], [5.977213, 50.01882], [5.977248, 50.01887], [5.977262, 50.01889], [5.977331, 50.018955], [5.977411, 50.019028], [5.977533, 50.01913], [5.977713, 50.01941], [5.977762, 50.019512], [5.9778, 50.019634], [5.977804, 50.019783], [5.977819, 50.019894], [5.977819, 50.01992], [5.977842, 50.02], [5.977884, 50.02014], [5.978239, 50.020363], [5.978277, 50.020397], [5.978334, 50.020557], [5.97835, 50.02066], [5.978346, 50.02074], [5.978315, 50.020943], [5.978121, 50.02135], [5.978094, 50.021366], [5.97806, 50.021393], [5.978014, 50.021473], [5.978014, 50.02151], [5.978018, 50.02157], [5.977827, 50.021793], [5.977747, 50.02194], [5.977365, 50.022404], [5.977083, 50.022617], [5.976519, 50.023045], [5.976492, 50.023067], [5.97645, 50.0231], [5.976252, 50.023174], [5.97621, 50.02324], [5.97616, 50.023384], [5.976145, 50.023438], [5.976091, 50.023582], [5.976053, 50.0237], [5.976046, 50.023758], [5.976057, 50.023857], [5.976091, 50.02397], [5.976149, 50.024136], [5.976126, 50.024143], [5.975573, 50.024178], [5.975534, 50.024178], [5.975481, 50.02418], [5.975439, 50.02418], [5.975244, 50.024193], [5.975092, 50.024204], [5.974951, 50.02422], [5.974173, 50.02432], [5.974123, 50.024323], [5.97402, 50.024353], [5.973715, 50.024426], [5.973578, 50.024437], [5.973452, 50.024456], [5.973352, 50.024475], [5.973249, 50.024487], [5.973059, 50.024487], [5.972876, 50.02449], [5.972803, 50.024487], [5.972753, 50.024483], [5.972277, 50.02436], [5.971781, 50.0242], [5.971662, 50.024796], [5.971602, 50.025013], [5.971567, 50.0251], [5.971521, 50.025185], [5.971464, 50.02526], [5.971407, 50.025326], [5.971319, 50.025394], [5.971228, 50.025448], [5.971212, 50.025455], [5.971178, 50.025475], [5.97098, 50.025578], [5.970732, 50.025684], [5.970468, 50.02578], [5.970228, 50.025864], [5.970041, 50.02594], [5.9699, 50.026005], [5.969782, 50.02607], [5.969679, 50.02614], [5.969583, 50.026215], [5.969408, 50.026363], [5.969305, 50.026443], [5.969171, 50.026535], [5.969049, 50.026596], [5.968931, 50.026646], [5.969065, 50.02669], [5.969419, 50.0268], [5.969633, 50.02686], [5.969847, 50.026905], [5.970003, 50.026943], [5.97016, 50.02699], [5.97027, 50.027027], [5.970484, 50.02711], [5.970541, 50.02715], [5.970587, 50.027184], [5.970728, 50.027225], [5.970774, 50.02724], [5.970861, 50.027287], [5.970942, 50.027336], [5.970789, 50.027443], [5.970358, 50.027733], [5.97032, 50.027714], [5.970053, 50.02791], [5.969881, 50.02804], [5.970549, 50.02833], [5.971018, 50.028522], [5.971258, 50.02863], [5.97138, 50.028694], [5.971479, 50.028755], [5.971548, 50.028805], [5.971662, 50.02892], [5.971777, 50.029057], [5.971888, 50.02924], [5.972136, 50.029636], [5.972151, 50.029667], [5.972235, 50.029808], [5.9723, 50.029884], [5.972444, 50.030083], [5.972529, 50.03022], [5.972631, 50.030396], [5.972742, 50.03059], [5.972841, 50.030807], [5.972948, 50.031044], [5.973001, 50.031185], [5.973024, 50.031303], [5.97304, 50.031475], [5.973028, 50.031578], [5.973005, 50.03165], [5.972982, 50.03171], [5.972956, 50.03176], [5.972841, 50.031925], [5.972769, 50.032013], [5.972712, 50.03209], [5.972628, 50.032185], [5.972609, 50.03221], [5.972433, 50.032234], [5.970575, 50.032], [5.969858, 50.03192], [5.969046, 50.031876], [5.96855, 50.03186], [5.96797, 50.03188], [5.967398, 50.031918], [5.966616, 50.03196], [5.966299, 50.03198], [5.966192, 50.031975], [5.966051, 50.031994], [5.965532, 50.032196], [5.965002, 50.03239], [5.964457, 50.032578], [5.964086, 50.03271], [5.963674, 50.032875], [5.962713, 50.032963], [5.962545, 50.032997], [5.962355, 50.03306], [5.962202, 50.033108], [5.961992, 50.03318], [5.961779, 50.033257], [5.961618, 50.033318], [5.961412, 50.03341], [5.961187, 50.033527], [5.960707, 50.03378], [5.960661, 50.033802], [5.960688, 50.033855], [5.960897, 50.034138], [5.961126, 50.03447], [5.961168, 50.03452], [5.961359, 50.03477], [5.961409, 50.034836], [5.961439, 50.034874], [5.961508, 50.034958], [5.961592, 50.035046], [5.962172, 50.035507], [5.962091, 50.036377], [5.962038, 50.036407], [5.961439, 50.036716], [5.961123, 50.036873], [5.961851, 50.037453], [5.961313, 50.03776], [5.961042, 50.037895], [5.960791, 50.037724], [5.960466, 50.037872], [5.959944, 50.038113], [5.959593, 50.03828], [5.959455, 50.03835], [5.959425, 50.038372], [5.959375, 50.038406], [5.959135, 50.038612], [5.958723, 50.038975], [5.958391, 50.03926], [5.958239, 50.03944], [5.958147, 50.03955], [5.958033, 50.039696], [5.957716, 50.040115], [5.957155, 50.040794], [5.957014, 50.04096], [5.956987, 50.040985], [5.956915, 50.041073]]]]}}]}