{"type": "FeatureCollection", "features": [{"type": "Feature", "properties": {"name": "Canton Capellen"}, "geometry": {"type": "MultiPolygon", "coordinates": [[[[5.847769, 49.595844], [5.847769, 49.595894], [5.84778, 49.595936], [5.847803, 49.595978], [5.847837, 49.596016], [5.847891, 49.59607], [5.847979, 49.59614], [5.848196, 49.59631], [5.848776, 49.596733], [5.848574, 49.597233], [5.848814, 49.597504], [5.849031, 49.597725], [5.849066, 49.597706], [5.849176, 49.59775], [5.849245, 49.597786], [5.849569, 49.59793], [5.849695, 49.597992], [5.849737, 49.598007], [5.849924, 49.598095], [5.849997, 49.598125], [5.85008, 49.598164], [5.850168, 49.598206], [5.850344, 49.59828], [5.850504, 49.598354], [5.850664, 49.598427], [5.850885, 49.598515], [5.851026, 49.59857], [5.851137, 49.598618], [5.85132, 49.59869], [5.851381, 49.598717], [5.851477, 49.59875], [5.851526, 49.59877], [5.851629, 49.598804], [5.851671, 49.598816], [5.851725, 49.598835], [5.85182, 49.598866], [5.851919, 49.5989], [5.851996, 49.598927], [5.85214, 49.598976], [5.852285, 49.59903], [5.852404, 49.59907], [5.852438, 49.599083], [5.85261, 49.599144], [5.852781, 49.5992], [5.852922, 49.59924], [5.852972, 49.599255], [5.85306, 49.599277], [5.853132, 49.599293], [5.853216, 49.59931], [5.853353, 49.599342], [5.853479, 49.59937], [5.853502, 49.599377], [5.853601, 49.599403], [5.853731, 49.599434], [5.853834, 49.599472], [5.853861, 49.59948], [5.853964, 49.599518], [5.854029, 49.59954], [5.854132, 49.59958], [5.854177, 49.599594], [5.854368, 49.599667], [5.854582, 49.59974], [5.854719, 49.599766], [5.854879, 49.599747], [5.854975, 49.599735], [5.855131, 49.599724], [5.855192, 49.599728], [5.855246, 49.59974], [5.855352, 49.59977], [5.8556, 49.599842], [5.855677, 49.599846], [5.855703, 49.599854], [5.855749, 49.59987], [5.85581, 49.5999], [5.85602, 49.600025], [5.856092, 49.600063], [5.856203, 49.60012], [5.856329, 49.6002], [5.856398, 49.600246], [5.856508, 49.600304], [5.856604, 49.600353], [5.856672, 49.600384], [5.856718, 49.600403], [5.856752, 49.600418], [5.856878, 49.60046], [5.856924, 49.60048], [5.857019, 49.600513], [5.857126, 49.600555], [5.857149, 49.600563], [5.857344, 49.600643], [5.857519, 49.60071], [5.857676, 49.600777], [5.857706, 49.600796], [5.857893, 49.600887], [5.858057, 49.60096], [5.85821, 49.601025], [5.858385, 49.601093], [5.858431, 49.601116], [5.858564, 49.60117], [5.858782, 49.60126], [5.859053, 49.60138], [5.859686, 49.601665], [5.860426, 49.60205], [5.860563, 49.60211], [5.860887, 49.602245], [5.861174, 49.60237], [5.86136, 49.602448], [5.861624, 49.602577], [5.863222, 49.603394], [5.863352, 49.603294], [5.863378, 49.603275], [5.863588, 49.603394], [5.863794, 49.603504], [5.864004, 49.603634], [5.864252, 49.6038], [5.864775, 49.604187], [5.864958, 49.604332], [5.865217, 49.604565], [5.865427, 49.60476], [5.865839, 49.605175], [5.866011, 49.605167], [5.866114, 49.605213], [5.866236, 49.605244], [5.866362, 49.605263], [5.866518, 49.605263], [5.866732, 49.605247], [5.866812, 49.60525], [5.866888, 49.605263], [5.86698, 49.6053], [5.866964, 49.60535], [5.866964, 49.605423], [5.867331, 49.60542], [5.867525, 49.60544], [5.8678, 49.605476], [5.868101, 49.60552], [5.868136, 49.605522], [5.86849, 49.60558], [5.868559, 49.605595], [5.868635, 49.605606], [5.868757, 49.60562], [5.869078, 49.60564], [5.869223, 49.60565], [5.869375, 49.605663], [5.869513, 49.605682], [5.869581, 49.60569], [5.869757, 49.605717], [5.869936, 49.605755], [5.870069, 49.605785], [5.870169, 49.605816], [5.870317, 49.60587], [5.870379, 49.605896], [5.870439, 49.605923], [5.870745, 49.60605], [5.870798, 49.60607], [5.871058, 49.60618], [5.871218, 49.60624], [5.871332, 49.606274], [5.871466, 49.6063], [5.871675, 49.606342], [5.871901, 49.606388], [5.871958, 49.606403], [5.872236, 49.60647], [5.872419, 49.606518], [5.872507, 49.606544], [5.872599, 49.606583], [5.87269, 49.606625], [5.872892, 49.606728], [5.872923, 49.60678], [5.872957, 49.606846], [5.872992, 49.606884], [5.87303, 49.606907], [5.87306, 49.606926], [5.873182, 49.60694], [5.87327, 49.606964], [5.873365, 49.607037], [5.873533, 49.60714], [5.873701, 49.60724], [5.874064, 49.60745], [5.874224, 49.607304], [5.874803, 49.60753], [5.875151, 49.607655], [5.875555, 49.607796], [5.875643, 49.60783], [5.875811, 49.60793], [5.875742, 49.60806], [5.875914, 49.608112], [5.876097, 49.60818], [5.876249, 49.608242], [5.876596, 49.608406], [5.876532, 49.60848], [5.876497, 49.60851], [5.876471, 49.608524], [5.876432, 49.608547], [5.876394, 49.608562], [5.876383, 49.608574], [5.876387, 49.608593], [5.876409, 49.60861], [5.876455, 49.608616], [5.876528, 49.608624], [5.876555, 49.60863], [5.876566, 49.608643], [5.87657, 49.608654], [5.876558, 49.608665], [5.876551, 49.60868], [5.876547, 49.608692], [5.876558, 49.608704], [5.876585, 49.608723], [5.876627, 49.608757], [5.876642, 49.608776], [5.876646, 49.608795], [5.876635, 49.60883], [5.876615, 49.608845], [5.876574, 49.608856], [5.876547, 49.608868], [5.876539, 49.608883], [5.876547, 49.608902], [5.876562, 49.608917], [5.876593, 49.608944], [5.876619, 49.60897], [5.876627, 49.608994], [5.876623, 49.609024], [5.876612, 49.60905], [5.876581, 49.609074], [5.876551, 49.609085], [5.876512, 49.60908], [5.876482, 49.609066], [5.876448, 49.609047], [5.876406, 49.609028], [5.876375, 49.60902], [5.876356, 49.609024], [5.876337, 49.60903], [5.876322, 49.60905], [5.876284, 49.60914], [5.876276, 49.609184], [5.876276, 49.609222], [5.876288, 49.609253], [5.876299, 49.60928], [5.876303, 49.609303], [5.876288, 49.609417], [5.876288, 49.60946], [5.876291, 49.609497], [5.876314, 49.60956], [5.876322, 49.609585], [5.876318, 49.60961], [5.876303, 49.60964], [5.876272, 49.60968], [5.87623, 49.609726], [5.876203, 49.60974], [5.876089, 49.609783], [5.876024, 49.609806], [5.875997, 49.60982], [5.875979, 49.609833], [5.875959, 49.609856], [5.875952, 49.609875], [5.875956, 49.6099], [5.875975, 49.609924], [5.876001, 49.60995], [5.87602, 49.60997], [5.876032, 49.60999], [5.87604, 49.610035], [5.876043, 49.610077], [5.876051, 49.6101], [5.87607, 49.61013], [5.876089, 49.610153], [5.876158, 49.61021], [5.876196, 49.610233], [5.876265, 49.61027], [5.876291, 49.61029], [5.87631, 49.610306], [5.876314, 49.61032], [5.876306, 49.61035], [5.876291, 49.61037], [5.876219, 49.61045], [5.876093, 49.610603], [5.876055, 49.610664], [5.87602, 49.610718], [5.875982, 49.610783], [5.875883, 49.610916], [5.875845, 49.61098], [5.875818, 49.611034], [5.875791, 49.611095], [5.875776, 49.611153], [5.875757, 49.611233], [5.87575, 49.61132], [5.87575, 49.611362], [5.875769, 49.611374], [5.875803, 49.61141], [5.876043, 49.61163], [5.876097, 49.61167], [5.876162, 49.61171], [5.876242, 49.611755], [5.876417, 49.611855], [5.876749, 49.61205], [5.876806, 49.612103], [5.87689, 49.61217], [5.877043, 49.612278], [5.877092, 49.612293], [5.87718, 49.61231], [5.877119, 49.612564], [5.877111, 49.61259], [5.877039, 49.612896], [5.876963, 49.612926], [5.876932, 49.612934], [5.876883, 49.612934], [5.876852, 49.612926], [5.876833, 49.61292], [5.877027, 49.61331], [5.876894, 49.613373], [5.876451, 49.613556], [5.876249, 49.61367], [5.876116, 49.613743], [5.876009, 49.613815], [5.875769, 49.61401], [5.87565, 49.614124], [5.875582, 49.614216], [5.875494, 49.61436], [5.875456, 49.614452], [5.875437, 49.614567], [5.875456, 49.6147], [5.875483, 49.61476], [5.875509, 49.61483], [5.875544, 49.61489], [5.875662, 49.61511], [5.875689, 49.615154], [5.875715, 49.615204], [5.875769, 49.6153], [5.875784, 49.615326], [5.875803, 49.615356], [5.875845, 49.615448], [5.875879, 49.615532], [5.875891, 49.615574], [5.875902, 49.61571], [5.87557, 49.61571], [5.875605, 49.615795], [5.875628, 49.615856], [5.875643, 49.615917], [5.875673, 49.616085], [5.875681, 49.616158], [5.875692, 49.61625], [5.8757, 49.616318], [5.875704, 49.616444], [5.875696, 49.616714], [5.875696, 49.616814], [5.875692, 49.61695], [5.875696, 49.617123], [5.875692, 49.61723], [5.875689, 49.6173], [5.875624, 49.61769], [5.875616, 49.61777], [5.875616, 49.617855], [5.87562, 49.61796], [5.875624, 49.618015], [5.87562, 49.618187], [5.875628, 49.618412], [5.875624, 49.61881], [5.875628, 49.61889], [5.875643, 49.618942], [5.875669, 49.61901], [5.8757, 49.619083], [5.875738, 49.619152], [5.875784, 49.61923], [5.875841, 49.619312], [5.875883, 49.619392], [5.875917, 49.619465], [5.875952, 49.61956], [5.875979, 49.619644], [5.876009, 49.619755], [5.876024, 49.619823], [5.876043, 49.619884], [5.876074, 49.61995], [5.876116, 49.620014], [5.876154, 49.620056], [5.876188, 49.62009], [5.876272, 49.620167], [5.876364, 49.62025], [5.876497, 49.62038], [5.876543, 49.62043], [5.87657, 49.620472], [5.876612, 49.62062], [5.876631, 49.620663], [5.876654, 49.6207], [5.876696, 49.620747], [5.87676, 49.62081], [5.876883, 49.620922], [5.877069, 49.621075], [5.877169, 49.621147], [5.877302, 49.621235], [5.877588, 49.62142], [5.877661, 49.621468], [5.877779, 49.621563], [5.878057, 49.621788], [5.878229, 49.62193], [5.878378, 49.62206], [5.878546, 49.622223], [5.878668, 49.62232], [5.878824, 49.622448], [5.878954, 49.622562], [5.879106, 49.62271], [5.87919, 49.622765], [5.879545, 49.622986], [5.879793, 49.623127], [5.880087, 49.623302], [5.880213, 49.62338], [5.880217, 49.623394], [5.880213, 49.623432], [5.880194, 49.623505], [5.880186, 49.62354], [5.880198, 49.623558], [5.88022, 49.62359], [5.880259, 49.623615], [5.880278, 49.623634], [5.880281, 49.623646], [5.880278, 49.623657], [5.880251, 49.623684], [5.880198, 49.623726], [5.880167, 49.623753], [5.880144, 49.62378], [5.880121, 49.62383], [5.88011, 49.623875], [5.88011, 49.62391], [5.880117, 49.623936], [5.88014, 49.62396], [5.880175, 49.623974], [5.88024, 49.62398], [5.8804, 49.62398], [5.88051, 49.623985], [5.880575, 49.623993], [5.880648, 49.624012], [5.880716, 49.624035], [5.880758, 49.62406], [5.8808, 49.624104], [5.880815, 49.62414], [5.880831, 49.62419], [5.880854, 49.624393], [5.880861, 49.624416], [5.880888, 49.624435], [5.880918, 49.624447], [5.880949, 49.62445], [5.880979, 49.62444], [5.881208, 49.624313], [5.881243, 49.6243], [5.881277, 49.624294], [5.881304, 49.6243], [5.881338, 49.624313], [5.881373, 49.624332], [5.881414, 49.624367], [5.881475, 49.62443], [5.881544, 49.624496], [5.881578, 49.62452], [5.881628, 49.62455], [5.881666, 49.624577], [5.881678, 49.624588], [5.881674, 49.624607], [5.881659, 49.624622], [5.881628, 49.62464], [5.881582, 49.624657], [5.881544, 49.624672], [5.881537, 49.624683], [5.88154, 49.6247], [5.881624, 49.62475], [5.88172, 49.624775], [5.881838, 49.6248], [5.881937, 49.624825], [5.882021, 49.624847], [5.882162, 49.624886], [5.882315, 49.62494], [5.882364, 49.624958], [5.88241, 49.624977], [5.882448, 49.625004], [5.882479, 49.625023], [5.882498, 49.625046], [5.882505, 49.625076], [5.882494, 49.625126], [5.882479, 49.62517], [5.882475, 49.6252], [5.882483, 49.62522], [5.882505, 49.625248], [5.882528, 49.62527], [5.882563, 49.62529], [5.882601, 49.625305], [5.882635, 49.625305], [5.882685, 49.625298], [5.882746, 49.62528], [5.882791, 49.62526], [5.882872, 49.62522], [5.882887, 49.625217], [5.882902, 49.62522], [5.882917, 49.625225], [5.882929, 49.625237], [5.88294, 49.62525], [5.882936, 49.62531], [5.88294, 49.62533], [5.882952, 49.62535], [5.882971, 49.625366], [5.883001, 49.625385], [5.88312, 49.625416], [5.883158, 49.625435], [5.883173, 49.625446], [5.883181, 49.62546], [5.883181, 49.625507], [5.883184, 49.625534], [5.883196, 49.625553], [5.883219, 49.625576], [5.883249, 49.625587], [5.883276, 49.625584], [5.883322, 49.625572], [5.883413, 49.625553], [5.88347, 49.625553], [5.883509, 49.62556], [5.883593, 49.625587], [5.883699, 49.625633], [5.883757, 49.625668], [5.883779, 49.62569], [5.883875, 49.625847], [5.883894, 49.62587], [5.883928, 49.62589], [5.883959, 49.625893], [5.884028, 49.625896], [5.884081, 49.6259], [5.884108, 49.625908], [5.884142, 49.625923], [5.884191, 49.625957], [5.884222, 49.625988], [5.884333, 49.62617], [5.884355, 49.626198], [5.884386, 49.626213], [5.884417, 49.626217], [5.884481, 49.626217], [5.884642, 49.626205], [5.884672, 49.62621], [5.884714, 49.626213], [5.884752, 49.626232], [5.884867, 49.626324], [5.884901, 49.626343], [5.885038, 49.62638], [5.885069, 49.626396], [5.885115, 49.62645], [5.885134, 49.626465], [5.885157, 49.62647], [5.885195, 49.62646], [5.885229, 49.626453], [5.88526, 49.626453], [5.885298, 49.62647], [5.885355, 49.626484], [5.885481, 49.62652], [5.885542, 49.626556], [5.885572, 49.626614], [5.885584, 49.626682], [5.885614, 49.62676], [5.885683, 49.626823], [5.886038, 49.62698], [5.88616, 49.627075], [5.886335, 49.62725], [5.886377, 49.627262], [5.88661, 49.62724], [5.886675, 49.62725], [5.886702, 49.62727], [5.886778, 49.627316], [5.886759, 49.62733], [5.886743, 49.627346], [5.886091, 49.62796], [5.886099, 49.627995], [5.885881, 49.628197], [5.885893, 49.628296], [5.885492, 49.628887], [5.885824, 49.62902], [5.885659, 49.629144], [5.885172, 49.62951], [5.884779, 49.62978], [5.884386, 49.629944], [5.884138, 49.63006], [5.883833, 49.630272], [5.883371, 49.630608], [5.882704, 49.630943], [5.883173, 49.631752], [5.883295, 49.631977], [5.883482, 49.63231], [5.883509, 49.632355], [5.883852, 49.632965], [5.883863, 49.63298], [5.884249, 49.63322], [5.884546, 49.63336], [5.88487, 49.633297], [5.885294, 49.63337], [5.885622, 49.633472], [5.885923, 49.633614], [5.88619, 49.63375], [5.88645, 49.63395], [5.886652, 49.634266], [5.886743, 49.63462], [5.886824, 49.634724], [5.886908, 49.634953], [5.88772, 49.635056], [5.887793, 49.635053], [5.887861, 49.635075], [5.887876, 49.635075], [5.888452, 49.63518], [5.889189, 49.635303], [5.889662, 49.63539], [5.889914, 49.635456], [5.890367, 49.635593], [5.890745, 49.635727], [5.891211, 49.635902], [5.891653, 49.636063], [5.891958, 49.636154], [5.892283, 49.636234], [5.89237, 49.636242], [5.892973, 49.63627], [5.893793, 49.636284], [5.893839, 49.636288], [5.894228, 49.63629], [5.89435, 49.63629], [5.895315, 49.636265], [5.895842, 49.636185], [5.896276, 49.636105], [5.897623, 49.63582], [5.898416, 49.63505], [5.898924, 49.634407], [5.898943, 49.634393], [5.898966, 49.634377], [5.899244, 49.63452], [5.901033, 49.63524], [5.903192, 49.636163], [5.90365, 49.63658], [5.903929, 49.636814], [5.904234, 49.637047], [5.904737, 49.637363], [5.905027, 49.63758], [5.905424, 49.637897], [5.905836, 49.638192], [5.905889, 49.63823], [5.906122, 49.638373], [5.906172, 49.638394], [5.906311, 49.638452], [5.906421, 49.638498], [5.906486, 49.638525], [5.906534, 49.638546], [5.90678, 49.638647], [5.906794, 49.638653], [5.907717, 49.639072], [5.907606, 49.639137], [5.907309, 49.639313], [5.906813, 49.639626], [5.906469, 49.63978], [5.905889, 49.63994], [5.905676, 49.640026], [5.905481, 49.64016], [5.905424, 49.64029], [5.905432, 49.6405], [5.905367, 49.64076], [5.90526, 49.640865], [5.904894, 49.641087], [5.904373, 49.641477], [5.904209, 49.641899], [5.904169, 49.64198], [5.904211, 49.642242], [5.904219, 49.642273], [5.904207, 49.643646], [5.904207, 49.643784], [5.904203, 49.643913], [5.904173, 49.644047], [5.904169, 49.644485], [5.904165, 49.644596], [5.904161, 49.64465], [5.904154, 49.64488], [5.904142, 49.645073], [5.90412, 49.645607], [5.903967, 49.64556], [5.903639, 49.645554], [5.903479, 49.6455], [5.903097, 49.645515], [5.903006, 49.645523], [5.90291, 49.645535], [5.90275, 49.64567], [5.902662, 49.6457], [5.902494, 49.64567], [5.902388, 49.645706], [5.90225, 49.64586], [5.902216, 49.645947], [5.902243, 49.646046], [5.902254, 49.646046], [5.902308, 49.646202], [5.902315, 49.64622], [5.902329, 49.64625], [5.902346, 49.646286], [5.902407, 49.646423], [5.902544, 49.646915], [5.902693, 49.646915], [5.902689, 49.64693], [5.902506, 49.64786], [5.90243, 49.64809], [5.902414, 49.64817], [5.90238, 49.648342], [5.902357, 49.648445], [5.902327, 49.64854], [5.902254, 49.64879], [5.902235, 49.64887], [5.902231, 49.648895], [5.902224, 49.649048], [5.90222, 49.64908], [5.902208, 49.649254], [5.902212, 49.649418], [5.902288, 49.650024], [5.90233, 49.650265], [5.902395, 49.65048], [5.90251, 49.65072], [5.90254, 49.65078], [5.902838, 49.65135], [5.90259, 49.651367], [5.902559, 49.65137], [5.902239, 49.651398], [5.901735, 49.65144], [5.901876, 49.651787], [5.90188, 49.65181], [5.902224, 49.65179], [5.902227, 49.651817], [5.902368, 49.65246], [5.902468, 49.652813], [5.902502, 49.65291], [5.902613, 49.653236], [5.902544, 49.653248], [5.902964, 49.653828], [5.903196, 49.65397], [5.90418, 49.654354], [5.904528, 49.65449], [5.905386, 49.654747], [5.905413, 49.65476], [5.905062, 49.65508], [5.904577, 49.655437], [5.904428, 49.65559], [5.904284, 49.655857], [5.904173, 49.656017], [5.903921, 49.656364], [5.903765, 49.656624], [5.903646, 49.656765], [5.903479, 49.65693], [5.903025, 49.657494], [5.902952, 49.65758], [5.903242, 49.658005], [5.903433, 49.658268], [5.903562, 49.65842], [5.903876, 49.658775], [5.903933, 49.658817], [5.904047, 49.65905], [5.904146, 49.659233], [5.904276, 49.659405], [5.904345, 49.65957], [5.90447, 49.659897], [5.904535, 49.66003], [5.904608, 49.660137], [5.90481, 49.66041], [5.904978, 49.66062], [5.905085, 49.660713], [5.905073, 49.66074], [5.904879, 49.661083], [5.905336, 49.661243], [5.905523, 49.66131], [5.905809, 49.661423], [5.906321, 49.66164], [5.906382, 49.661663], [5.906527, 49.661724], [5.906801, 49.66183], [5.907057, 49.66192], [5.907389, 49.66202], [5.907637, 49.662094], [5.907797, 49.66213], [5.907892, 49.66214], [5.908014, 49.662148], [5.908369, 49.662148], [5.908506, 49.66215], [5.90864, 49.66216], [5.90877, 49.662167], [5.908853, 49.662178], [5.909002, 49.66221], [5.909647, 49.662323], [5.910212, 49.66242], [5.910337, 49.66244], [5.910643, 49.662495], [5.910456, 49.662746], [5.910303, 49.66296], [5.910192, 49.66309], [5.910086, 49.663208], [5.910006, 49.663326], [5.90996, 49.66345], [5.909933, 49.66353], [5.909864, 49.663704], [5.909845, 49.663746], [5.90983, 49.663776], [5.909693, 49.66402], [5.909605, 49.66416], [5.909533, 49.66429], [5.909529, 49.664425], [5.909533, 49.66458], [5.909536, 49.664616], [5.909311, 49.664635], [5.909235, 49.66465], [5.909185, 49.6647], [5.909166, 49.664764], [5.90914, 49.66484], [5.909082, 49.664917], [5.909037, 49.66498], [5.909014, 49.665047], [5.90896, 49.665096], [5.90888, 49.665127], [5.908819, 49.66524], [5.908758, 49.665337], [5.908651, 49.665497], [5.908548, 49.665585], [5.908388, 49.665672], [5.90803, 49.665726], [5.907805, 49.665764], [5.907595, 49.665745], [5.907267, 49.66574], [5.906908, 49.66573], [5.906714, 49.66571], [5.906599, 49.665684], [5.906481, 49.66563], [5.906317, 49.6656], [5.906168, 49.6656], [5.906012, 49.665596], [5.905847, 49.665565], [5.905672, 49.665497], [5.905485, 49.665386], [5.905352, 49.66527], [5.905195, 49.665115], [5.905016, 49.664948], [5.904863, 49.664856], [5.90465, 49.664806], [5.904497, 49.664795], [5.904303, 49.664776], [5.904158, 49.664772], [5.904051, 49.664753], [5.903975, 49.664684], [5.903639, 49.66435], [5.903486, 49.664196], [5.903452, 49.66418], [5.903303, 49.66417], [5.90317, 49.664158], [5.903036, 49.664135], [5.902803, 49.664066], [5.902601, 49.66402], [5.902514, 49.664017], [5.902395, 49.664036], [5.902136, 49.664135], [5.901869, 49.664257], [5.901754, 49.664314], [5.901667, 49.66441], [5.90164, 49.664505], [5.901598, 49.664837], [5.901533, 49.664978], [5.901499, 49.665066], [5.901495, 49.665127], [5.901514, 49.66522], [5.901529, 49.665337], [5.901522, 49.66542], [5.901529, 49.665466], [5.901567, 49.66554], [5.901564, 49.665596], [5.901533, 49.665634], [5.901422, 49.665672], [5.901358, 49.665714], [5.901304, 49.665768], [5.901285, 49.66581], [5.901323, 49.66606], [5.901373, 49.66619], [5.901461, 49.666317], [5.901533, 49.666378], [5.901621, 49.666424], [5.90201, 49.666576], [5.902349, 49.666737], [5.902655, 49.666893], [5.903009, 49.66702], [5.903067, 49.667057], [5.903097, 49.6671], [5.903112, 49.667156], [5.903082, 49.667244], [5.903028, 49.667366], [5.902945, 49.667435], [5.902864, 49.66749], [5.902727, 49.667526], [5.902647, 49.667553], [5.902613, 49.6676], [5.902597, 49.667675], [5.902597, 49.66778], [5.902575, 49.667908], [5.902536, 49.66802], [5.90246, 49.668095], [5.902384, 49.668144], [5.902273, 49.66818], [5.902163, 49.66819], [5.901804, 49.668167], [5.901701, 49.668148], [5.901609, 49.66811], [5.901434, 49.66799], [5.901323, 49.667915], [5.901289, 49.667854], [5.901239, 49.667706], [5.901209, 49.66765], [5.901129, 49.6676], [5.900991, 49.667526], [5.900774, 49.667427], [5.900705, 49.667385], [5.900675, 49.667355], [5.900679, 49.66731], [5.900698, 49.667118], [5.900724, 49.667084], [5.90082, 49.66701], [5.900869, 49.666973], [5.900881, 49.666946], [5.900843, 49.666885], [5.900847, 49.66685], [5.900866, 49.66682], [5.900892, 49.66679], [5.900896, 49.666763], [5.900877, 49.666733], [5.900839, 49.666714], [5.900743, 49.66668], [5.900698, 49.666656], [5.900656, 49.666622], [5.900629, 49.66659], [5.900595, 49.66657], [5.900545, 49.666534], [5.900503, 49.6665], [5.900476, 49.666466], [5.900446, 49.666393], [5.900389, 49.666313], [5.900267, 49.666176], [5.900141, 49.666046], [5.900076, 49.665997], [5.899988, 49.66595], [5.899874, 49.665928], [5.899744, 49.66592], [5.89953, 49.665913], [5.899324, 49.665928], [5.899172, 49.66596], [5.899073, 49.66597], [5.898951, 49.666008], [5.898798, 49.666073], [5.898367, 49.66626], [5.898249, 49.666306], [5.898092, 49.66635], [5.897989, 49.66642], [5.897829, 49.666576], [5.897661, 49.666718], [5.897543, 49.66682], [5.897474, 49.6669], [5.897429, 49.66699], [5.897398, 49.667103], [5.897379, 49.66725], [5.897352, 49.667305], [5.89731, 49.667362], [5.897154, 49.66751], [5.896879, 49.66778], [5.896746, 49.667892], [5.896707, 49.66792], [5.896624, 49.66795], [5.896536, 49.667976], [5.896494, 49.668007], [5.89636, 49.66818], [5.896326, 49.66822], [5.896315, 49.66826], [5.896316, 49.668288], [5.896318, 49.668343], [5.896341, 49.66845], [5.896337, 49.66851], [5.896315, 49.66854], [5.896288, 49.668556], [5.896223, 49.668575], [5.896158, 49.6686], [5.896109, 49.66863], [5.896044, 49.668674], [5.895994, 49.66871], [5.895948, 49.668724], [5.895872, 49.66874], [5.895811, 49.668747], [5.895761, 49.668736], [5.89554, 49.668663], [5.895132, 49.6685], [5.895056, 49.668457], [5.894812, 49.66829], [5.894636, 49.66814], [5.894526, 49.66804], [5.894186, 49.667797], [5.894136, 49.66775], [5.89411, 49.6677], [5.894083, 49.66762], [5.894087, 49.667553], [5.894113, 49.667458], [5.894102, 49.667366], [5.894072, 49.667286], [5.894003, 49.667164], [5.893949, 49.66706], [5.89393, 49.666965], [5.893965, 49.666862], [5.893995, 49.666737], [5.893953, 49.66655], [5.8939, 49.666416], [5.893839, 49.666348], [5.89374, 49.66629], [5.893537, 49.666256], [5.893248, 49.666203], [5.893099, 49.66619], [5.892931, 49.666203], [5.892755, 49.666237], [5.892652, 49.666267], [5.892534, 49.666313], [5.892355, 49.666412], [5.892153, 49.66653], [5.892008, 49.666733], [5.891954, 49.666805], [5.891909, 49.66688], [5.891886, 49.66693], [5.891882, 49.666977], [5.891893, 49.66703], [5.891935, 49.66712], [5.891973, 49.667194], [5.892019, 49.667236], [5.892179, 49.667366], [5.892206, 49.667408], [5.89221, 49.66745], [5.892187, 49.667492], [5.892118, 49.667553], [5.891989, 49.66764], [5.891806, 49.667778], [5.891684, 49.667873], [5.891607, 49.667942], [5.891508, 49.668056], [5.891439, 49.66816], [5.891409, 49.668243], [5.891401, 49.66832], [5.891439, 49.668407], [5.891466, 49.66847], [5.891474, 49.668518], [5.891458, 49.66856], [5.891401, 49.66863], [5.891298, 49.6687], [5.891176, 49.66876], [5.891123, 49.668797], [5.891054, 49.66883], [5.890966, 49.66886], [5.89086, 49.6689], [5.89076, 49.66897], [5.890676, 49.669044], [5.890531, 49.66916], [5.890375, 49.66931], [5.890287, 49.669403], [5.89023, 49.669518], [5.890165, 49.669632], [5.890108, 49.66976], [5.890089, 49.669857], [5.890085, 49.669945], [5.8901, 49.67], [5.890123, 49.67006], [5.890116, 49.670116], [5.890116, 49.670334], [5.890154, 49.670425], [5.890154, 49.670467], [5.890097, 49.670486], [5.889997, 49.670506], [5.889814, 49.670517], [5.889688, 49.6705], [5.889467, 49.67043], [5.889246, 49.670387], [5.889135, 49.670345], [5.889067, 49.67026], [5.888971, 49.670193], [5.888834, 49.67015], [5.888479, 49.670048], [5.888338, 49.670017], [5.88809, 49.669968], [5.887915, 49.669914], [5.887804, 49.66985], [5.887693, 49.669807], [5.887579, 49.669773], [5.887476, 49.66972], [5.887381, 49.66957], [5.887346, 49.669495], [5.887358, 49.66944], [5.887396, 49.669403], [5.887449, 49.669365], [5.887415, 49.669277], [5.887194, 49.66903], [5.887079, 49.668877], [5.887045, 49.668804], [5.887026, 49.668743], [5.887045, 49.668686], [5.887297, 49.66845], [5.887331, 49.668392], [5.887327, 49.668346], [5.887301, 49.668297], [5.887266, 49.668266], [5.887205, 49.668205], [5.88722, 49.668064], [5.887167, 49.667957], [5.887106, 49.667896], [5.88703, 49.66789], [5.886889, 49.667915], [5.886774, 49.667896], [5.886644, 49.667908], [5.886572, 49.66789], [5.886499, 49.66789], [5.886427, 49.667976], [5.88632, 49.668087], [5.886221, 49.668137], [5.886084, 49.668163], [5.885893, 49.66822], [5.885797, 49.668266], [5.885702, 49.668335], [5.885592, 49.668427], [5.8855, 49.668484], [5.885366, 49.668552], [5.885233, 49.668606], [5.885092, 49.668667], [5.884974, 49.668747], [5.884829, 49.66888], [5.884726, 49.669033], [5.884687, 49.66916], [5.884653, 49.66923], [5.884642, 49.6693], [5.884626, 49.669426], [5.884703, 49.66951], [5.884767, 49.66955], [5.884821, 49.669594], [5.884844, 49.669674], [5.884893, 49.669735], [5.885008, 49.669846], [5.885042, 49.66991], [5.885069, 49.670006], [5.885122, 49.67013], [5.885141, 49.670235], [5.885149, 49.67034], [5.88513, 49.670414], [5.885065, 49.670483], [5.884939, 49.670525], [5.88471, 49.670567], [5.884539, 49.670574], [5.884317, 49.67054], [5.8841, 49.670456], [5.883932, 49.67041], [5.883772, 49.670403], [5.883734, 49.670403], [5.883612, 49.67039], [5.883451, 49.670288], [5.883326, 49.670216], [5.883238, 49.670197], [5.883169, 49.6702], [5.882986, 49.67026], [5.882922, 49.670276], [5.882723, 49.67029], [5.882509, 49.670296], [5.882395, 49.6703], [5.882288, 49.670334], [5.882242, 49.670403], [5.882238, 49.670456], [5.882257, 49.6706], [5.882273, 49.670662], [5.882372, 49.67079], [5.882437, 49.670887], [5.882437, 49.67096], [5.882391, 49.671062], [5.88233, 49.671177], [5.88233, 49.67125], [5.882379, 49.6714], [5.882402, 49.671482], [5.882406, 49.671562], [5.882406, 49.671616], [5.882418, 49.67169], [5.882341, 49.671738], [5.882177, 49.671806], [5.882074, 49.67181], [5.881903, 49.67181], [5.881788, 49.671875], [5.881678, 49.67194], [5.881468, 49.671993], [5.881243, 49.672], [5.881033, 49.672012], [5.880888, 49.67204], [5.880621, 49.672153], [5.880358, 49.672245], [5.880209, 49.672314], [5.880056, 49.672405], [5.8799, 49.672558], [5.87982, 49.672604], [5.879663, 49.672653], [5.879557, 49.672676], [5.87945, 49.67271], [5.879366, 49.672794], [5.879293, 49.67283], [5.879171, 49.672882], [5.879046, 49.672886], [5.878965, 49.67286], [5.878893, 49.672813], [5.878836, 49.672806], [5.878779, 49.672855], [5.878641, 49.67288], [5.878534, 49.672894], [5.878466, 49.672924], [5.878412, 49.672977], [5.878382, 49.67307], [5.878336, 49.67312], [5.87826, 49.67315], [5.878119, 49.673195], [5.87808, 49.673218], [5.878027, 49.67329], [5.878008, 49.673306], [5.877874, 49.67329], [5.877852, 49.67332], [5.877794, 49.673298], [5.877615, 49.673233], [5.876944, 49.673428], [5.876154, 49.673386], [5.874956, 49.67332], [5.873911, 49.673264], [5.87351, 49.67349], [5.872982, 49.673714], [5.872492, 49.67408], [5.871897, 49.674458], [5.871633, 49.67462], [5.871324, 49.674797], [5.871073, 49.67494], [5.870771, 49.67509], [5.870531, 49.675213], [5.870413, 49.67527], [5.870306, 49.675312], [5.870199, 49.67535], [5.869844, 49.6753], [5.869093, 49.67519], [5.868918, 49.67518], [5.868685, 49.675205], [5.868467, 49.67523], [5.868177, 49.675205], [5.867994, 49.675194], [5.867865, 49.67518], [5.867498, 49.675144], [5.86735, 49.675194], [5.867189, 49.67524], [5.866945, 49.675316], [5.866907, 49.67533], [5.866732, 49.67541], [5.866613, 49.675472], [5.866526, 49.675514], [5.866346, 49.675602], [5.866152, 49.6757], [5.866056, 49.67576], [5.865969, 49.6758], [5.865896, 49.675835], [5.865744, 49.67591], [5.865679, 49.675945], [5.865564, 49.676003], [5.865389, 49.67609], [5.865309, 49.676186], [5.865217, 49.6763], [5.865042, 49.676506], [5.864771, 49.676846], [5.864344, 49.677376], [5.863893, 49.67792], [5.863504, 49.6784], [5.863401, 49.678524], [5.863394, 49.678535], [5.863199, 49.67876], [5.863157, 49.67882], [5.862898, 49.679134], [5.862455, 49.67966], [5.862429, 49.67979], [5.862379, 49.67985], [5.862345, 49.679893], [5.862303, 49.679962], [5.862246, 49.680077], [5.862112, 49.680325], [5.862047, 49.68045], [5.86212, 49.68067], [5.861975, 49.68086], [5.861814, 49.681065], [5.86194, 49.68117], [5.862001, 49.68122], [5.862101, 49.68131], [5.86223, 49.681442], [5.862349, 49.681576], [5.862261, 49.68188], [5.862326, 49.681957], [5.862398, 49.68204], [5.862474, 49.682102], [5.862349, 49.682182], [5.862467, 49.68237], [5.862574, 49.682537], [5.862642, 49.682648], [5.862734, 49.6828], [5.862768, 49.682858], [5.862844, 49.683002], [5.862871, 49.683056], [5.862802, 49.683235], [5.862749, 49.68338], [5.862673, 49.68358], [5.862513, 49.68398], [5.862543, 49.684135], [5.862581, 49.68431], [5.862646, 49.684555], [5.862993, 49.68516], [5.863176, 49.685444], [5.863356, 49.685696], [5.863413, 49.685772], [5.863577, 49.685997], [5.863649, 49.686104], [5.863752, 49.686268], [5.863833, 49.686398], [5.863882, 49.68646], [5.864267, 49.686584], [5.864252, 49.686623], [5.864241, 49.686687], [5.864183, 49.68687], [5.864176, 49.686886], [5.864084, 49.687157], [5.864546, 49.687355], [5.864496, 49.687454], [5.864367, 49.687725], [5.864283, 49.687897], [5.864248, 49.687977], [5.86426, 49.688038], [5.864305, 49.688255], [5.864157, 49.68828], [5.864092, 49.68829], [5.864046, 49.688293], [5.863943, 49.688316], [5.863863, 49.68834], [5.863829, 49.688347], [5.863771, 49.688366], [5.863672, 49.688396], [5.863596, 49.688423], [5.863554, 49.68844], [5.863485, 49.688465], [5.863405, 49.6885], [5.863943, 49.688908], [5.864229, 49.68912], [5.864473, 49.689312], [5.864569, 49.68939], [5.864683, 49.689487], [5.864878, 49.689667], [5.865053, 49.68983], [5.865152, 49.68993], [5.865252, 49.690037], [5.865278, 49.690098], [5.865316, 49.690243], [5.865328, 49.69027], [5.865335, 49.690285], [5.865362, 49.69033], [5.865404, 49.690395], [5.865438, 49.69045], [5.865484, 49.690514], [5.865545, 49.690605], [5.865576, 49.690643], [5.865648, 49.69074], [5.865686, 49.690777], [5.865717, 49.6908], [5.86574, 49.690815], [5.865767, 49.690838], [5.865801, 49.690865], [5.865927, 49.690952], [5.86598, 49.690994], [5.866095, 49.691074], [5.866148, 49.691116], [5.866213, 49.691162], [5.866274, 49.691204], [5.866304, 49.691227], [5.866442, 49.691334], [5.866632, 49.69149], [5.86669, 49.691536], [5.866747, 49.69158], [5.866842, 49.691658], [5.866884, 49.69169], [5.866899, 49.691723], [5.866911, 49.691757], [5.86693, 49.69183], [5.866957, 49.69198], [5.86698, 49.692146], [5.866919, 49.692226], [5.866781, 49.69243], [5.866754, 49.692463], [5.866701, 49.69251], [5.86664, 49.692566], [5.866484, 49.69268], [5.866056, 49.692863], [5.865728, 49.693], [5.865778, 49.693066], [5.865812, 49.693115], [5.865938, 49.69329], [5.866053, 49.693455], [5.866075, 49.693485], [5.866091, 49.693504], [5.866243, 49.693707], [5.866339, 49.693832], [5.866388, 49.693817], [5.866499, 49.694004], [5.866705, 49.694363], [5.866915, 49.694332], [5.867102, 49.69431], [5.867369, 49.69442], [5.867468, 49.694458], [5.868158, 49.694397], [5.86873, 49.694405], [5.868856, 49.694542], [5.869123, 49.694744], [5.869253, 49.694866], [5.86978, 49.695663], [5.869978, 49.69593], [5.870264, 49.696224], [5.870382, 49.69666], [5.870428, 49.6968], [5.870531, 49.697], [5.870619, 49.69715], [5.870771, 49.697357], [5.870939, 49.697517], [5.871267, 49.697773], [5.871386, 49.697884], [5.871473, 49.697987], [5.871553, 49.698093], [5.871626, 49.69821], [5.871679, 49.69832], [5.87179, 49.69844], [5.871988, 49.698433], [5.872126, 49.698406], [5.872244, 49.698376], [5.872431, 49.698368], [5.872587, 49.69838], [5.872721, 49.698414], [5.873186, 49.698566], [5.873297, 49.698627], [5.873472, 49.69872], [5.873926, 49.69895], [5.874197, 49.699085], [5.874514, 49.699238], [5.87459, 49.699272], [5.87472, 49.69935], [5.875223, 49.699688], [5.875433, 49.699814], [5.875746, 49.700005], [5.875952, 49.700123], [5.876139, 49.70022], [5.876669, 49.700493], [5.877085, 49.70071], [5.877264, 49.70081], [5.877512, 49.700954], [5.877584, 49.701], [5.877878, 49.70117], [5.877909, 49.701202], [5.877989, 49.701283], [5.878225, 49.70152], [5.878488, 49.70176], [5.878511, 49.701782], [5.878591, 49.701878], [5.878717, 49.702003], [5.87895, 49.702194], [5.879187, 49.702385], [5.879347, 49.702545], [5.879549, 49.70274], [5.879683, 49.702873], [5.87985, 49.70306], [5.879995, 49.703236], [5.880045, 49.703312], [5.880136, 49.70343], [5.880205, 49.70356], [5.880255, 49.703625], [5.880472, 49.70386], [5.880548, 49.70397], [5.880621, 49.704037], [5.880705, 49.70412], [5.880758, 49.704197], [5.880903, 49.704346], [5.881071, 49.704487], [5.881155, 49.704548], [5.8813, 49.704685], [5.881407, 49.704807], [5.881563, 49.704994], [5.881731, 49.705204], [5.881907, 49.705414], [5.882071, 49.70557], [5.882242, 49.705727], [5.882578, 49.70602], [5.882731, 49.70615], [5.882887, 49.706264], [5.88315, 49.70645], [5.883421, 49.706635], [5.883589, 49.70674], [5.883944, 49.706963], [5.884298, 49.707188], [5.884489, 49.707325], [5.884764, 49.70752], [5.88489, 49.70761], [5.884993, 49.707695], [5.88521, 49.70787], [5.885366, 49.708008], [5.885504, 49.708134], [5.885725, 49.708317], [5.88595, 49.70853], [5.886061, 49.70864], [5.886343, 49.708908], [5.886431, 49.708992], [5.886686, 49.70914], [5.886904, 49.709267], [5.886934, 49.709282], [5.886946, 49.70929], [5.887289, 49.70949], [5.88764, 49.70969], [5.887873, 49.709827], [5.887918, 49.70986], [5.888288, 49.71005], [5.888529, 49.710167], [5.888655, 49.710224], [5.888796, 49.71027], [5.888993, 49.710324], [5.889364, 49.710426], [5.889578, 49.71045], [5.889803, 49.71047], [5.890078, 49.71047], [5.89031, 49.710457], [5.890486, 49.71045], [5.890715, 49.710426], [5.89102, 49.71039], [5.891294, 49.710365], [5.89147, 49.71035], [5.891668, 49.710342], [5.891729, 49.710342], [5.891897, 49.710335], [5.89213, 49.710342], [5.892447, 49.710354], [5.892771, 49.71044], [5.893217, 49.710556], [5.893522, 49.710712], [5.893923, 49.710938], [5.89427, 49.711143], [5.894598, 49.71133], [5.894693, 49.7114], [5.894892, 49.711555], [5.895063, 49.711693], [5.89517, 49.711773], [5.895304, 49.711853], [5.895422, 49.711918], [5.895571, 49.711998], [5.895777, 49.712097], [5.895929, 49.71216], [5.896135, 49.712234], [5.896357, 49.71231], [5.896532, 49.712364], [5.896898, 49.712456], [5.897627, 49.71269], [5.898279, 49.712822], [5.898645, 49.712883], [5.898985, 49.712765], [5.899298, 49.712616], [5.899553, 49.71248], [5.900141, 49.71215], [5.900335, 49.71197], [5.900358, 49.711945], [5.900282, 49.71174], [5.900202, 49.711514], [5.900125, 49.71128], [5.900053, 49.7111], [5.899992, 49.710934], [5.899946, 49.710823], [5.899973, 49.710827], [5.900435, 49.710827], [5.900442, 49.71086], [5.900969, 49.71086], [5.90119, 49.710865], [5.901499, 49.710865], [5.901758, 49.71087], [5.902208, 49.71087], [5.902357, 49.710865], [5.902548, 49.710857], [5.903028, 49.710842], [5.903349, 49.710823], [5.90399, 49.710808], [5.904402, 49.7109], [5.90489, 49.711006], [5.905237, 49.711136], [5.905611, 49.71128], [5.905916, 49.7114], [5.906538, 49.711586], [5.906862, 49.71168], [5.907232, 49.71179], [5.907789, 49.71186], [5.908239, 49.711914], [5.90827, 49.71189], [5.908441, 49.711796], [5.908705, 49.711647], [5.908865, 49.711555], [5.909037, 49.711433], [5.909338, 49.711224], [5.909525, 49.71109], [5.909697, 49.710964], [5.909822, 49.710854], [5.910063, 49.71065], [5.910395, 49.710365], [5.910395, 49.710217], [5.910437, 49.71021], [5.910376, 49.71001], [5.910219, 49.709568], [5.910089, 49.709167], [5.910044, 49.709175], [5.909983, 49.70908], [5.909918, 49.708973], [5.909861, 49.708874], [5.909822, 49.708797], [5.909792, 49.708717], [5.909777, 49.708656], [5.909761, 49.708565], [5.909754, 49.708454], [5.90975, 49.708378], [5.909754, 49.7083], [5.909811, 49.708294], [5.909738, 49.707966], [5.909716, 49.70765], [5.909723, 49.707562], [5.909754, 49.707397], [5.9098, 49.707146], [5.909868, 49.70694], [5.909941, 49.706806], [5.91012, 49.70659], [5.910917, 49.705746], [5.911264, 49.705418], [5.911741, 49.704933], [5.911978, 49.70494], [5.912069, 49.70487], [5.912184, 49.70479], [5.912222, 49.704758], [5.912302, 49.704697], [5.912344, 49.704662], [5.912359, 49.704647], [5.912481, 49.704544], [5.912611, 49.70442], [5.912687, 49.704346], [5.912836, 49.7042], [5.912924, 49.70412], [5.912981, 49.704067], [5.913153, 49.703896], [5.913446, 49.70361], [5.913732, 49.70333], [5.913927, 49.70329], [5.914526, 49.703182], [5.914648, 49.703217], [5.915133, 49.703335], [5.91527, 49.703377], [5.915483, 49.70344], [5.915918, 49.703625], [5.916178, 49.703754], [5.91646, 49.703976], [5.916594, 49.704094], [5.916616, 49.70413], [5.916723, 49.70437], [5.916929, 49.704353], [5.917231, 49.704315], [5.917646, 49.70426], [5.918005, 49.704197], [5.918058, 49.704193], [5.918448, 49.70421], [5.918844, 49.704243], [5.919268, 49.704338], [5.919393, 49.70437], [5.919645, 49.704384], [5.920191, 49.704403], [5.920656, 49.70442], [5.921194, 49.70435], [5.921648, 49.704636], [5.921736, 49.704685], [5.921808, 49.70475], [5.922163, 49.705048], [5.922426, 49.705204], [5.922483, 49.70524], [5.922556, 49.705284], [5.922598, 49.705303], [5.922648, 49.705265], [5.922689, 49.705235], [5.922762, 49.70518], [5.922815, 49.705036], [5.92285, 49.704918], [5.922789, 49.704845], [5.922667, 49.704685], [5.922655, 49.70434], [5.922594, 49.704044], [5.922579, 49.703964], [5.922659, 49.703773], [5.922758, 49.70356], [5.922762, 49.703545], [5.922861, 49.70348], [5.9233, 49.703194], [5.923445, 49.70309], [5.923723, 49.702885], [5.924135, 49.702732], [5.924486, 49.702663], [5.924623, 49.702637], [5.925035, 49.70271], [5.925478, 49.702835], [5.925779, 49.702934], [5.926054, 49.70302], [5.926573, 49.703205], [5.927175, 49.703415], [5.927206, 49.703426], [5.927469, 49.703518], [5.927519, 49.703533], [5.92779, 49.70357], [5.92787, 49.70341], [5.927992, 49.70317], [5.928099, 49.702988], [5.92816, 49.70288], [5.928217, 49.7028], [5.928637, 49.70238], [5.928965, 49.70207], [5.928976, 49.702057], [5.929064, 49.701977], [5.929155, 49.701885], [5.929167, 49.701874], [5.929327, 49.701912], [5.929789, 49.70204], [5.929831, 49.702057], [5.929979, 49.70211], [5.930544, 49.702175], [5.931078, 49.702263], [5.931616, 49.702366], [5.932203, 49.7025], [5.932424, 49.702557], [5.932646, 49.702618], [5.934046, 49.703014], [5.934557, 49.70316], [5.935625, 49.70346], [5.936094, 49.703594], [5.936659, 49.70376], [5.937021, 49.703873], [5.93759, 49.70413], [5.938047, 49.704376], [5.938681, 49.704746], [5.939619, 49.705288], [5.940309, 49.70569], [5.941286, 49.70626], [5.942167, 49.706776], [5.942873, 49.707184], [5.943281, 49.707413], [5.943945, 49.70772], [5.944502, 49.707973], [5.945112, 49.708244], [5.946253, 49.708714], [5.946535, 49.708702], [5.946867, 49.708702], [5.947317, 49.70869], [5.94792, 49.708652], [5.948378, 49.708626], [5.949038, 49.708603], [5.94935, 49.70859], [5.949637, 49.7086], [5.949839, 49.708626], [5.950029, 49.708683], [5.95009, 49.70872], [5.950197, 49.70883], [5.950197, 49.708874], [5.950316, 49.709034], [5.950544, 49.709286], [5.950853, 49.709644], [5.95104, 49.70991], [5.951216, 49.710144], [5.951368, 49.71032], [5.951521, 49.71047], [5.952131, 49.71088], [5.952719, 49.71129], [5.953505, 49.71188], [5.95421, 49.712425], [5.954313, 49.712486], [5.954405, 49.71253], [5.954569, 49.712585], [5.955278, 49.712803], [5.955576, 49.7129], [5.95616, 49.713062], [5.956778, 49.71327], [5.957174, 49.713413], [5.957643, 49.713608], [5.959616, 49.7145], [5.960051, 49.714733], [5.96097, 49.71526], [5.96129, 49.715443], [5.961279, 49.71552], [5.961458, 49.71564], [5.961801, 49.71592], [5.962439, 49.716194], [5.962568, 49.71619], [5.962908, 49.716393], [5.963381, 49.716644], [5.963755, 49.716816], [5.964212, 49.71699], [5.964285, 49.71707], [5.964567, 49.71732], [5.96464, 49.717377], [5.964685, 49.717422], [5.964708, 49.717457], [5.964754, 49.71753], [5.96493, 49.71785], [5.965124, 49.71821], [5.965147, 49.718227], [5.96517, 49.718243], [5.9652, 49.71826], [5.966165, 49.718597], [5.966772, 49.71902], [5.967295, 49.719425], [5.968512, 49.719826], [5.968805, 49.72007], [5.969133, 49.72039], [5.969397, 49.720634], [5.969534, 49.720726], [5.969923, 49.72093], [5.970175, 49.721054], [5.970259, 49.721077], [5.970175, 49.72095], [5.970285, 49.72095], [5.970572, 49.720943], [5.970865, 49.720932], [5.971033, 49.720398], [5.971335, 49.720203], [5.971491, 49.72021], [5.971682, 49.720222], [5.972147, 49.720177], [5.972158, 49.720177], [5.97262, 49.720127], [5.972868, 49.72014], [5.973146, 49.720146], [5.973379, 49.72016], [5.973875, 49.7202], [5.974096, 49.720222], [5.974325, 49.720238], [5.97444, 49.720245], [5.974756, 49.72026], [5.974878, 49.72028], [5.974993, 49.7203], [5.975244, 49.720337], [5.975466, 49.720364], [5.975664, 49.72039], [5.975859, 49.720406], [5.976248, 49.720455], [5.976442, 49.720474], [5.976778, 49.72051], [5.977041, 49.72053], [5.977346, 49.720554], [5.977583, 49.72058], [5.978128, 49.72065], [5.978353, 49.720673], [5.978468, 49.720703], [5.978746, 49.720795], [5.978868, 49.720833], [5.978926, 49.720848], [5.978998, 49.72086], [5.979132, 49.720886], [5.979223, 49.72093], [5.979326, 49.720978], [5.979422, 49.72102], [5.979544, 49.72107], [5.97965, 49.721104], [5.979849, 49.721165], [5.980051, 49.721245], [5.980226, 49.72131], [5.980322, 49.721344], [5.980421, 49.72138], [5.980528, 49.721443], [5.980784, 49.72162], [5.981192, 49.721878], [5.981321, 49.72194], [5.981741, 49.72207], [5.981893, 49.722115], [5.982046, 49.722164], [5.98234, 49.722248], [5.982649, 49.72234], [5.982798, 49.72238], [5.983068, 49.722458], [5.983221, 49.722504], [5.98353, 49.722576], [5.98382, 49.722637], [5.984217, 49.722713], [5.985167, 49.722904], [5.985098, 49.72303], [5.985067, 49.723083], [5.985208, 49.723114], [5.985453, 49.723183], [5.98564, 49.72324], [5.985819, 49.723305], [5.986059, 49.723377], [5.986265, 49.72343], [5.986513, 49.723484], [5.986845, 49.723568], [5.987131, 49.723633], [5.987333, 49.72368], [5.987482, 49.72371], [5.987604, 49.723724], [5.987707, 49.72373], [5.987833, 49.72372], [5.988119, 49.723682], [5.988123, 49.723637], [5.988489, 49.723595], [5.988722, 49.723595], [5.988882, 49.723606], [5.989119, 49.723644], [5.98942, 49.723717], [5.989458, 49.723724], [5.989744, 49.72339], [5.989836, 49.72326], [5.989992, 49.72302], [5.99008, 49.722862], [5.990175, 49.72268], [5.990313, 49.722343], [5.990332, 49.722294], [5.990339, 49.722244], [5.990335, 49.72222], [5.990332, 49.722164], [5.990271, 49.72171], [5.990252, 49.72155], [5.990225, 49.72143], [5.990152, 49.72121], [5.990026, 49.720913], [5.989916, 49.7207], [5.989908, 49.720676], [5.989912, 49.720646], [5.989958, 49.720497], [5.990278, 49.719807], [5.990343, 49.71965], [5.990397, 49.7195], [5.990423, 49.719345], [5.990419, 49.719166], [5.990404, 49.719044], [5.990389, 49.719], [5.990622, 49.71895], [5.991045, 49.71901], [5.991884, 49.71915], [5.992426, 49.719223], [5.992792, 49.71925], [5.993074, 49.7193], [5.994326, 49.719597], [5.995844, 49.719986], [5.997679, 49.720474], [5.999498, 49.720875], [5.999517, 49.720848], [5.999624, 49.72072], [5.999701, 49.720623], [5.999914, 49.72036], [5.999956, 49.720306], [6.000067, 49.720177], [6.000135, 49.720093], [6.00025, 49.71996], [6.000361, 49.71983], [6.00054, 49.719624], [6.00033, 49.71952], [6.000265, 49.719486], [5.999975, 49.71934], [5.999781, 49.719246], [5.999598, 49.719162], [5.999277, 49.71902], [5.998926, 49.718872], [5.998712, 49.718792], [5.998087, 49.718613], [5.997553, 49.71847], [5.99758, 49.71837], [5.997606, 49.718292], [5.997663, 49.718098], [5.997679, 49.718044], [5.997702, 49.717987], [5.997717, 49.717937], [5.997759, 49.717854], [5.997782, 49.71782], [5.997808, 49.717773], [5.997831, 49.71774], [5.998114, 49.717403], [5.998129, 49.71738], [5.998152, 49.717358], [5.998186, 49.71731], [5.998243, 49.71724], [5.998022, 49.717133], [5.997705, 49.716984], [5.997488, 49.716904], [5.997248, 49.71683], [5.997084, 49.71679], [5.996935, 49.71676], [5.996775, 49.716724], [5.99708, 49.71638], [5.997229, 49.716255], [5.997347, 49.71614], [5.997458, 49.716038], [5.997526, 49.715973], [5.997587, 49.71591], [5.997644, 49.71586], [5.997709, 49.715794], [5.997797, 49.715706], [5.99793, 49.715584], [5.998003, 49.715515], [5.99814, 49.715412], [5.998297, 49.7153], [5.998385, 49.71524], [5.998552, 49.71513], [5.998724, 49.715015], [5.998854, 49.714928], [5.998983, 49.71484], [5.999121, 49.71475], [5.998957, 49.714672], [5.99885, 49.714626], [5.999369, 49.71429], [5.999655, 49.714096], [5.999571, 49.713974], [5.999498, 49.71385], [5.999445, 49.71375], [5.999395, 49.71363], [5.999327, 49.71348], [5.999262, 49.713394], [5.999205, 49.71334], [5.999128, 49.713287], [5.998785, 49.71308], [5.998716, 49.71312], [5.998526, 49.712944], [5.998491, 49.712917], [5.998396, 49.712826], [5.998339, 49.712776], [5.998293, 49.71273], [5.998137, 49.712616], [5.998026, 49.71254], [5.997927, 49.712475], [5.997732, 49.712345], [5.997526, 49.71222], [5.997343, 49.71212], [5.997137, 49.712025], [5.997492, 49.711582], [5.997503, 49.71154], [5.997515, 49.711514], [5.99753, 49.71134], [5.997534, 49.711315], [5.997553, 49.71126], [5.997576, 49.711224], [5.997675, 49.7111], [5.997767, 49.711002], [5.997782, 49.710983], [5.997824, 49.710938], [5.997889, 49.71086], [5.997995, 49.710743], [5.998159, 49.71056], [5.998293, 49.710396], [5.998564, 49.710083], [5.998636, 49.710003], [5.998671, 49.70996], [5.998755, 49.70987], [5.998873, 49.709736], [5.998903, 49.7097], [5.998964, 49.709633], [5.999155, 49.70942], [5.999273, 49.709282], [5.999315, 49.70923], [5.999422, 49.7091], [5.999483, 49.709023], [5.999514, 49.70899], [5.999716, 49.708748], [5.999914, 49.708534], [5.999945, 49.708504], [6.000006, 49.70843], [6.000067, 49.708366], [6.000128, 49.70831], [6.000235, 49.708206], [6.000383, 49.70807], [6.000544, 49.70792], [6.000708, 49.70778], [6.000891, 49.707626], [6.000994, 49.707546], [6.001112, 49.70746], [6.001299, 49.707314], [6.001333, 49.70729], [6.001558, 49.707096], [6.001684, 49.706985], [6.001848, 49.70686], [6.002081, 49.70671], [6.0021, 49.7067], [6.002119, 49.706688], [6.002249, 49.706627], [6.002462, 49.706528], [6.002588, 49.70648], [6.002645, 49.706455], [6.002859, 49.70636], [6.003019, 49.706276], [6.003088, 49.706238], [6.003332, 49.706097], [6.003531, 49.705975], [6.003584, 49.70594], [6.003733, 49.705853], [6.00382, 49.7058], [6.003882, 49.70576], [6.003927, 49.705738], [6.004183, 49.70558], [6.004202, 49.70557], [6.004206, 49.70553], [6.004206, 49.70551], [6.004213, 49.705475], [6.004225, 49.705452], [6.00424, 49.705425], [6.004251, 49.705406], [6.003992, 49.705265], [6.003775, 49.70515], [6.003344, 49.70492], [6.003122, 49.7048], [6.002916, 49.704693], [6.002733, 49.704594], [6.002619, 49.704533], [6.002542, 49.70449], [6.002459, 49.70445], [6.00252, 49.704353], [6.002592, 49.70427], [6.002668, 49.70419], [6.002752, 49.704117], [6.003038, 49.703903], [6.003851, 49.703373], [6.003488, 49.70309], [6.003187, 49.702847], [6.002939, 49.70292], [6.002821, 49.702953], [6.00271, 49.702988], [6.002676, 49.703003], [6.002653, 49.70302], [6.002634, 49.70303], [6.002539, 49.703117], [6.002493, 49.703156], [6.002443, 49.7032], [6.002359, 49.70326], [6.002329, 49.703278], [6.002249, 49.70332], [6.002169, 49.703358], [6.002062, 49.703396], [6.001909, 49.70343], [6.001799, 49.703445], [6.001726, 49.703465], [6.001665, 49.703484], [6.001261, 49.70318], [6.000925, 49.702915], [6.00086, 49.70286], [6.000818, 49.702835], [6.000788, 49.702812], [6.000498, 49.70258], [6.000509, 49.70257], [5.999971, 49.702175], [5.999655, 49.70194], [5.999315, 49.7017], [5.999273, 49.701668], [5.999296, 49.701607], [5.999315, 49.701565], [5.999323, 49.701546], [5.999342, 49.701504], [5.99935, 49.701485], [5.999369, 49.701443], [5.999399, 49.701397], [5.999472, 49.7013], [5.999739, 49.70095], [5.999777, 49.700897], [5.999834, 49.70082], [5.999845, 49.700806], [5.999968, 49.700645], [5.999991, 49.700607], [6.000002, 49.700592], [6.000067, 49.700497], [5.999636, 49.70035], [5.999102, 49.70019], [5.998747, 49.70009], [5.998442, 49.700016], [5.998213, 49.69997], [5.998087, 49.69995], [5.997934, 49.69993], [5.997778, 49.699905], [5.997644, 49.699894], [5.997595, 49.699886], [5.997744, 49.699543], [5.997759, 49.69951], [5.997827, 49.69934], [5.997862, 49.699257], [5.997885, 49.699192], [5.997892, 49.699165], [5.997942, 49.699024], [5.997984, 49.698902], [5.998007, 49.69867], [5.997942, 49.698326], [5.997843, 49.69825], [5.997744, 49.698177], [5.997366, 49.697895], [5.996923, 49.697556], [5.997763, 49.697056], [5.997961, 49.69695], [5.998068, 49.6969], [5.998182, 49.696865], [5.998251, 49.696846], [5.998339, 49.696835], [5.99859, 49.69681], [5.998797, 49.6968], [5.999094, 49.696804], [5.999308, 49.69682], [5.999525, 49.69685], [5.999693, 49.69688], [5.999941, 49.696938], [5.999918, 49.69705], [5.999987, 49.69709], [6.000288, 49.69728], [6.000708, 49.697437], [6.001116, 49.697586], [6.00152, 49.697784], [6.001566, 49.697807], [6.002203, 49.69812], [6.002905, 49.698242], [6.003294, 49.69817], [6.003687, 49.698223], [6.004332, 49.69826], [6.004606, 49.698112], [6.004976, 49.69791], [6.005255, 49.69792], [6.006025, 49.697914], [6.006041, 49.697857], [6.006094, 49.697613], [6.006113, 49.69752], [6.006147, 49.697342], [6.006163, 49.697277], [6.006185, 49.697147], [6.006201, 49.69708], [6.006208, 49.697044], [6.00622, 49.696976], [6.006235, 49.6969], [6.00625, 49.696846], [6.006254, 49.696823], [6.006262, 49.696796], [6.006277, 49.696735], [6.006304, 49.69666], [6.006315, 49.696625], [6.006361, 49.696487], [6.00609, 49.69643], [6.006449, 49.695885], [6.00654, 49.695747], [6.005751, 49.695477], [6.005766, 49.695454], [6.006102, 49.695065], [6.00614, 49.69502], [6.006361, 49.69507], [6.006609, 49.695118], [6.006666, 49.695168], [6.006716, 49.695396], [6.006754, 49.69546], [6.006823, 49.695503], [6.006922, 49.69552], [6.007196, 49.695484], [6.007379, 49.695457], [6.007772, 49.69529], [6.007944, 49.69527], [6.008051, 49.6953], [6.008142, 49.69535], [6.008242, 49.695377], [6.008562, 49.695377], [6.008841, 49.69539], [6.008871, 49.695362], [6.008944, 49.695286], [6.009008, 49.69522], [6.00905, 49.695175], [6.009161, 49.695065], [6.009348, 49.69487], [6.009527, 49.69468], [6.009569, 49.694637], [6.010405, 49.69487], [6.010633, 49.69464], [6.010687, 49.694588], [6.010847, 49.694412], [6.010874, 49.69438], [6.011004, 49.69424], [6.011343, 49.69435], [6.011683, 49.694458], [6.012026, 49.69457], [6.012121, 49.694607], [6.012281, 49.69468], [6.012335, 49.694702], [6.012503, 49.694775], [6.01293, 49.694977], [6.013228, 49.695213], [6.013327, 49.695286], [6.013456, 49.69538], [6.013865, 49.69569], [6.01409, 49.695858], [6.014498, 49.696167], [6.014765, 49.696396], [6.014986, 49.696568], [6.015108, 49.69664], [6.015272, 49.696716], [6.015432, 49.696785], [6.015696, 49.6969], [6.015757, 49.696922], [6.015837, 49.69695], [6.01623, 49.697067], [6.016302, 49.69709], [6.016363, 49.697018], [6.016703, 49.697144], [6.016859, 49.697193], [6.01697, 49.69722], [6.01708, 49.69724], [6.017416, 49.69724], [6.01758, 49.69723], [6.018019, 49.69721], [6.018522, 49.697178], [6.018549, 49.697227], [6.018648, 49.69742], [6.018938, 49.69735], [6.019182, 49.69728], [6.019297, 49.69725], [6.019518, 49.697166], [6.019724, 49.697067], [6.019812, 49.69703], [6.019918, 49.69698], [6.020037, 49.696926], [6.02035, 49.69679], [6.020655, 49.696655], [6.020834, 49.696575], [6.021017, 49.696507], [6.021116, 49.696472], [6.021173, 49.696453], [6.02128, 49.69642], [6.021318, 49.696407], [6.021368, 49.696392], [6.021509, 49.696335], [6.021765, 49.696205], [6.021986, 49.69609], [6.022123, 49.69603], [6.02223, 49.695988], [6.022539, 49.69587], [6.022779, 49.6961], [6.022898, 49.69621], [6.02294, 49.69625], [6.023054, 49.69635], [6.023203, 49.696476], [6.023466, 49.696705], [6.023523, 49.69675], [6.023718, 49.696915], [6.023786, 49.696968], [6.023855, 49.697025], [6.02389, 49.69708], [6.023909, 49.6971], [6.02429, 49.697075], [6.02458, 49.697002], [6.024824, 49.696922], [6.025091, 49.696865], [6.025484, 49.69687], [6.025713, 49.69687], [6.0259, 49.696823], [6.026449, 49.696537], [6.027166, 49.69625], [6.027563, 49.696156], [6.027811, 49.696075], [6.027994, 49.696053], [6.028128, 49.696022], [6.02833, 49.69593], [6.028646, 49.695885], [6.028967, 49.69585], [6.029257, 49.695827], [6.029585, 49.695744], [6.029684, 49.69574], [6.029905, 49.695805], [6.030207, 49.695892], [6.030405, 49.69593], [6.030626, 49.695953], [6.030859, 49.695953], [6.031065, 49.69597], [6.031199, 49.696003], [6.031382, 49.69611], [6.031519, 49.6962], [6.03163, 49.696247], [6.031847, 49.69631], [6.031931, 49.696323], [6.032, 49.69632], [6.032072, 49.69628], [6.032232, 49.696175], [6.032438, 49.69613], [6.032572, 49.696117], [6.032736, 49.69617], [6.032904, 49.69622], [6.033022, 49.696278], [6.033117, 49.696373], [6.033136, 49.696384], [6.033186, 49.696323], [6.033167, 49.696304], [6.033148, 49.696274], [6.03306, 49.696148], [6.032953, 49.696007], [6.032911, 49.695946], [6.0329, 49.695927], [6.032877, 49.6959], [6.032858, 49.695873], [6.032835, 49.69583], [6.032827, 49.69581], [6.032827, 49.69577], [6.032835, 49.695736], [6.032854, 49.695694], [6.032892, 49.695625], [6.032949, 49.69553], [6.033056, 49.695374], [6.033079, 49.695343], [6.033148, 49.695244], [6.033197, 49.69518], [6.033239, 49.69511], [6.033266, 49.695026], [6.033285, 49.694942], [6.033281, 49.69489], [6.033255, 49.69481], [6.033224, 49.694748], [6.033442, 49.69481], [6.033571, 49.694843], [6.034349, 49.6951], [6.034658, 49.6952], [6.035025, 49.695328], [6.03541, 49.69546], [6.035505, 49.695496], [6.035517, 49.69548], [6.035547, 49.69545], [6.03562, 49.695377], [6.035753, 49.695244], [6.035875, 49.69512], [6.035929, 49.69507], [6.036039, 49.69496], [6.036062, 49.69494], [6.036196, 49.69481], [6.036234, 49.694775], [6.036249, 49.694756], [6.036341, 49.694668], [6.036612, 49.694397], [6.036783, 49.69423], [6.036947, 49.694065], [6.036966, 49.694042], [6.037188, 49.693825], [6.037539, 49.693462], [6.037623, 49.69338], [6.037806, 49.69319], [6.037668, 49.69311], [6.037539, 49.692932], [6.036932, 49.692627], [6.036612, 49.692467], [6.036429, 49.69237], [6.036081, 49.692204], [6.035898, 49.69211], [6.035936, 49.69208], [6.036314, 49.69182], [6.036383, 49.691772], [6.036669, 49.691586], [6.036844, 49.69146], [6.037062, 49.69131], [6.037245, 49.691414], [6.037382, 49.691483], [6.037676, 49.691624], [6.037821, 49.69169], [6.038027, 49.691765], [6.038248, 49.69184], [6.038488, 49.69192], [6.03874, 49.692005], [6.03882, 49.69203], [6.03916, 49.692154], [6.039347, 49.692223], [6.039545, 49.692303], [6.039679, 49.692352], [6.039976, 49.692474], [6.040186, 49.69255], [6.040422, 49.69264], [6.040819, 49.692802], [6.041033, 49.692894], [6.041208, 49.692966], [6.041395, 49.693058], [6.041624, 49.69317], [6.04178, 49.693237], [6.042028, 49.693344], [6.042177, 49.69341], [6.042433, 49.69352], [6.042635, 49.693592], [6.042868, 49.69368], [6.042982, 49.69371], [6.043146, 49.693752], [6.043295, 49.693787], [6.043535, 49.693817], [6.043764, 49.693844], [6.044008, 49.69387], [6.044256, 49.693893], [6.044493, 49.693916], [6.044741, 49.693943], [6.044817, 49.69395], [6.04508, 49.69398], [6.045282, 49.693996], [6.045706, 49.694027], [6.045942, 49.694065], [6.046164, 49.6941], [6.04669, 49.694157], [6.04685, 49.69391], [6.047068, 49.693565], [6.047255, 49.693623], [6.047773, 49.69377], [6.048025, 49.693844], [6.048201, 49.693893], [6.048651, 49.694016], [6.049116, 49.694138], [6.049166, 49.694084], [6.049208, 49.694042], [6.049228, 49.694052], [6.049374, 49.69412], [6.049913, 49.694374], [6.050322, 49.694572], [6.050577, 49.694706], [6.051004, 49.694927], [6.051409, 49.69514], [6.051348, 49.695183], [6.0511, 49.695347], [6.051355, 49.695515], [6.051695, 49.69575], [6.051939, 49.695915], [6.052252, 49.696125], [6.052794, 49.696478], [6.052854, 49.69655], [6.053095, 49.696743], [6.05335, 49.696964], [6.053389, 49.69695], [6.053694, 49.697193], [6.05372, 49.697216], [6.054026, 49.697437], [6.054174, 49.69753], [6.054266, 49.69759], [6.054502, 49.69765], [6.054647, 49.697685], [6.055059, 49.697666], [6.05522, 49.69745], [6.055243, 49.697422], [6.055372, 49.697243], [6.055414, 49.69719], [6.055479, 49.697098], [6.055498, 49.697075], [6.055548, 49.69701], [6.055639, 49.696915], [6.05567, 49.69688], [6.055937, 49.696608], [6.057489, 49.69708], [6.058092, 49.697258], [6.0585, 49.697384], [6.058916, 49.69751], [6.058825, 49.69768], [6.058752, 49.697826], [6.058657, 49.698044], [6.05863, 49.69811], [6.058523, 49.69836], [6.058924, 49.698425], [6.059156, 49.69846], [6.059313, 49.698483], [6.059374, 49.69849], [6.059359, 49.6985], [6.059217, 49.69865], [6.059153, 49.698715], [6.059099, 49.69877], [6.059038, 49.698837], [6.058973, 49.6989], [6.058825, 49.699055], [6.058775, 49.69914], [6.05876, 49.699165], [6.058733, 49.699215], [6.05871, 49.699253], [6.058683, 49.699306], [6.058658, 49.699344], [6.058645, 49.699364], [6.058542, 49.699562], [6.058443, 49.699738], [6.058367, 49.699883], [6.058199, 49.700188], [6.058065, 49.70044], [6.058012, 49.70053], [6.057913, 49.700714], [6.057772, 49.700962], [6.057692, 49.70112], [6.057825, 49.70118], [6.058008, 49.70126], [6.058252, 49.70137], [6.058481, 49.701412], [6.058699, 49.701447], [6.059084, 49.70147], [6.059359, 49.701427], [6.059751, 49.70142], [6.059523, 49.70156], [6.059374, 49.701653], [6.059214, 49.70182], [6.059168, 49.70187], [6.058996, 49.702053], [6.058748, 49.70223], [6.058615, 49.702324], [6.0585, 49.702557], [6.058386, 49.702805], [6.058439, 49.70281], [6.05847, 49.702812], [6.0585, 49.702824], [6.058527, 49.70284], [6.058554, 49.702866], [6.058577, 49.70289], [6.058592, 49.702896], [6.058622, 49.702904], [6.058661, 49.702904], [6.058695, 49.702896], [6.058721, 49.702892], [6.058989, 49.70295], [6.059092, 49.702976], [6.059172, 49.703], [6.059301, 49.70303], [6.059458, 49.703056], [6.059526, 49.70307], [6.059584, 49.703094], [6.059633, 49.703114], [6.059668, 49.70312], [6.059721, 49.703125], [6.059763, 49.70313], [6.05979, 49.703136], [6.059847, 49.703163], [6.059874, 49.70317], [6.059935, 49.70317], [6.060041, 49.70316], [6.060228, 49.703148], [6.060377, 49.703144], [6.060499, 49.703148], [6.060633, 49.70316], [6.060782, 49.703175], [6.06093, 49.703197], [6.06106, 49.70322], [6.061079, 49.703228], [6.061106, 49.703236], [6.061152, 49.703255], [6.061197, 49.703266], [6.061262, 49.703278], [6.061331, 49.703304], [6.061384, 49.70333], [6.061453, 49.703377], [6.061525, 49.703415], [6.061605, 49.703445], [6.061708, 49.703472], [6.061804, 49.703487], [6.061865, 49.703495], [6.061918, 49.7035], [6.062025, 49.70349], [6.062128, 49.70349], [6.062223, 49.703495], [6.062326, 49.703506], [6.062426, 49.703518], [6.062502, 49.703537], [6.062536, 49.703552], [6.062582, 49.703583], [6.062624, 49.70362], [6.062643, 49.703636], [6.06267, 49.703648], [6.062704, 49.70365], [6.062738, 49.703648], [6.062792, 49.70363], [6.062841, 49.70361], [6.062883, 49.70361], [6.062925, 49.70362], [6.062956, 49.70362], [6.063082, 49.7036], [6.063116, 49.703606], [6.063181, 49.70362], [6.063292, 49.70362], [6.063376, 49.703617], [6.063444, 49.70362], [6.063581, 49.70363], [6.063631, 49.70363], [6.063703, 49.703617], [6.063742, 49.703613], [6.063784, 49.70361], [6.063894, 49.703613], [6.063963, 49.70361], [6.064016, 49.703606], [6.064074, 49.703606], [6.064142, 49.7036], [6.064196, 49.7036], [6.064238, 49.703606], [6.064306, 49.703617], [6.06436, 49.703617], [6.06447, 49.7036], [6.064573, 49.703587], [6.064718, 49.70357], [6.064836, 49.703568], [6.064959, 49.70357], [6.06513, 49.703587], [6.065203, 49.703587], [6.065252, 49.70358], [6.065363, 49.70356], [6.065466, 49.70354], [6.065584, 49.70354], [6.065649, 49.70353], [6.065737, 49.703506], [6.065821, 49.703487], [6.065874, 49.703472], [6.065947, 49.703457], [6.066011, 49.70344], [6.066053, 49.703438], [6.066088, 49.70344], [6.066175, 49.703472], [6.066198, 49.703476], [6.06621, 49.70348], [6.066259, 49.70348], [6.066408, 49.703487], [6.066458, 49.703495], [6.066546, 49.70351], [6.066591, 49.70351], [6.066771, 49.703514], [6.066912, 49.703514], [6.067007, 49.703518], [6.067034, 49.70352], [6.067072, 49.70352], [6.067118, 49.703526], [6.067175, 49.70352], [6.067312, 49.703495], [6.067434, 49.70346], [6.067492, 49.703445], [6.06753, 49.703434], [6.067556, 49.70343], [6.067644, 49.70343], [6.067698, 49.703426], [6.067781, 49.703407], [6.067842, 49.703396], [6.067911, 49.703396], [6.067942, 49.703392], [6.067984, 49.70339], [6.068041, 49.70338], [6.068071, 49.703377], [6.068094, 49.70337], [6.068113, 49.70336], [6.068151, 49.70335], [6.068178, 49.703335], [6.068232, 49.7033], [6.068296, 49.70326], [6.068365, 49.703224], [6.068396, 49.703205], [6.068506, 49.703133], [6.068548, 49.703102], [6.068571, 49.70309], [6.068674, 49.70309], [6.068701, 49.70308], [6.06872, 49.703075], [6.068811, 49.70303], [6.069178, 49.70288], [6.069326, 49.702816], [6.069361, 49.702744], [6.069422, 49.702644], [6.069529, 49.702534], [6.069647, 49.702415], [6.069685, 49.70237], [6.069727, 49.702316], [6.069754, 49.702206], [6.069773, 49.702114], [6.06978, 49.70207], [6.069784, 49.70197], [6.069776, 49.701824], [6.069765, 49.701687], [6.06975, 49.70149], [6.069841, 49.70138], [6.069872, 49.70134], [6.069952, 49.70125], [6.069975, 49.70122], [6.070074, 49.701107], [6.070124, 49.701054], [6.070173, 49.701], [6.07033, 49.700836], [6.070379, 49.70078], [6.07044, 49.700714], [6.070593, 49.700554], [6.070623, 49.700523], [6.070806, 49.700325], [6.070833, 49.7003], [6.070986, 49.700134], [6.071081, 49.700035], [6.071169, 49.69994], [6.071455, 49.69964], [6.071539, 49.699547], [6.071642, 49.69939], [6.071871, 49.699047], [6.072012, 49.698843], [6.07202, 49.698828], [6.072485, 49.698586], [6.07279, 49.69843], [6.072836, 49.698406], [6.072809, 49.698376], [6.072348, 49.69781], [6.072226, 49.697666], [6.072096, 49.697506], [6.072081, 49.697483], [6.072092, 49.697384], [6.072355, 49.696945], [6.071989, 49.69673], [6.071741, 49.696587], [6.071787, 49.696552], [6.071867, 49.696484], [6.072107, 49.69626], [6.072355, 49.696022], [6.072584, 49.695805], [6.072653, 49.695766], [6.07276, 49.69567], [6.072863, 49.69558], [6.073065, 49.695446], [6.073362, 49.695248], [6.07366, 49.695065], [6.073862, 49.69495], [6.074049, 49.694862], [6.074335, 49.69473], [6.07469, 49.694572], [6.075041, 49.69442], [6.07522, 49.694336], [6.075323, 49.694336], [6.075369, 49.694393], [6.075422, 49.694397], [6.075632, 49.69441], [6.075823, 49.694424], [6.075907, 49.694435], [6.075975, 49.694447], [6.07609, 49.694466], [6.076174, 49.694473], [6.076345, 49.694496], [6.076391, 49.694504], [6.076452, 49.694508], [6.07651, 49.694504], [6.076563, 49.694496], [6.076593, 49.694492], [6.076616, 49.694496], [6.076658, 49.69451], [6.076761, 49.694557], [6.076952, 49.694626], [6.07712, 49.694683], [6.077253, 49.69472], [6.077555, 49.694798], [6.077723, 49.694843], [6.077787, 49.69486], [6.077883, 49.69487], [6.077951, 49.69488], [6.077982, 49.694893], [6.078005, 49.694904], [6.078062, 49.694942], [6.078096, 49.69496], [6.078146, 49.694973], [6.078203, 49.694977], [6.078291, 49.694984], [6.078356, 49.69499], [6.07839, 49.694996], [6.078436, 49.69502], [6.078489, 49.695034], [6.078546, 49.69504], [6.0786, 49.695038], [6.078745, 49.695007], [6.078791, 49.695], [6.078852, 49.694996], [6.078886, 49.695004], [6.07892, 49.695015], [6.078951, 49.695034], [6.078993, 49.695057], [6.079016, 49.69508], [6.079061, 49.695118], [6.079104, 49.695137], [6.079138, 49.695145], [6.079271, 49.695126], [6.079321, 49.69512], [6.079382, 49.695133], [6.079435, 49.695145], [6.079512, 49.695175], [6.079596, 49.69521], [6.079699, 49.69524], [6.079748, 49.69525], [6.079847, 49.69528], [6.079946, 49.695286], [6.08005, 49.695293], [6.080172, 49.695312], [6.080305, 49.69532], [6.080404, 49.69534], [6.080462, 49.69536], [6.080538, 49.695404], [6.08058, 49.695423], [6.080629, 49.695435], [6.080698, 49.69544], [6.080809, 49.695442], [6.080885, 49.69545], [6.080957, 49.695465], [6.081037, 49.695496], [6.081099, 49.695522], [6.081171, 49.695538], [6.081224, 49.695545], [6.081278, 49.695557], [6.081331, 49.69558], [6.081438, 49.69562], [6.081507, 49.695656], [6.081598, 49.695705], [6.08169, 49.69576], [6.081736, 49.695786], [6.081766, 49.695797], [6.081804, 49.695812], [6.081911, 49.69584], [6.08206, 49.69588], [6.082136, 49.695904], [6.082167, 49.69592], [6.082228, 49.69595], [6.082624, 49.69617], [6.082708, 49.696224], [6.08272, 49.69624], [6.082712, 49.696262], [6.082716, 49.696285], [6.082731, 49.696293], [6.08275, 49.696304], [6.082815, 49.696323], [6.082842, 49.696335], [6.082903, 49.696384], [6.082926, 49.6964], [6.082949, 49.696407], [6.083006, 49.69642], [6.083036, 49.696434], [6.083056, 49.69645], [6.083078, 49.696476], [6.083109, 49.69654], [6.083143, 49.6966], [6.08317, 49.696636], [6.083223, 49.69669], [6.083231, 49.69671], [6.083235, 49.69673], [6.08322, 49.69675], [6.0832, 49.69677], [6.083197, 49.696785], [6.083212, 49.6968], [6.083235, 49.69681], [6.083311, 49.696835], [6.08346, 49.69687], [6.083494, 49.69688], [6.083532, 49.6969], [6.083586, 49.696922], [6.083624, 49.69694], [6.083654, 49.69696], [6.083673, 49.69698], [6.0837, 49.697025], [6.083719, 49.697044], [6.08375, 49.697063], [6.083818, 49.697098], [6.08388, 49.697124], [6.083925, 49.69716], [6.083952, 49.69719], [6.083994, 49.69725], [6.084024, 49.697285], [6.084047, 49.69731], [6.084078, 49.69733], [6.084116, 49.697346], [6.084154, 49.69736], [6.084238, 49.697376], [6.084352, 49.697395], [6.084471, 49.69742], [6.084639, 49.697464], [6.084742, 49.69749], [6.084806, 49.697533], [6.084829, 49.697544], [6.08486, 49.69756], [6.085024, 49.69767], [6.085051, 49.697678], [6.085089, 49.69768], [6.085104, 49.697693], [6.085112, 49.69771], [6.085115, 49.697727], [6.085131, 49.69774], [6.085161, 49.697758], [6.08518, 49.697765], [6.085215, 49.697765], [6.085234, 49.69776], [6.085257, 49.69775], [6.085276, 49.697746], [6.085302, 49.697758], [6.085318, 49.697773], [6.085348, 49.6978], [6.085401, 49.69783], [6.085497, 49.697865], [6.085562, 49.69789], [6.085627, 49.69792], [6.085676, 49.697956], [6.085703, 49.697998], [6.085718, 49.698006], [6.085737, 49.69801], [6.08576, 49.69802], [6.085779, 49.698036], [6.085802, 49.698063], [6.085817, 49.69807], [6.085836, 49.69808], [6.085856, 49.69808], [6.085875, 49.69807], [6.08589, 49.69807], [6.085916, 49.698082], [6.085943, 49.698097], [6.085962, 49.698112], [6.085981, 49.69815], [6.086008, 49.698196], [6.086016, 49.698208], [6.086039, 49.698215], [6.086054, 49.698227], [6.086061, 49.698242], [6.086077, 49.698277], [6.086096, 49.698296], [6.086111, 49.698303], [6.086164, 49.698315], [6.086199, 49.698322], [6.086214, 49.698334], [6.086229, 49.69835], [6.086233, 49.69838], [6.086241, 49.698402], [6.086252, 49.698418], [6.086267, 49.698425], [6.086283, 49.698425], [6.086306, 49.698402], [6.086328, 49.6984], [6.086348, 49.69841], [6.086351, 49.698425], [6.08634, 49.698444], [6.086321, 49.698467], [6.086325, 49.698486], [6.086336, 49.6985], [6.086416, 49.69855], [6.086489, 49.698593], [6.086519, 49.698605], [6.086542, 49.69861], [6.086588, 49.698593], [6.086607, 49.698578], [6.086622, 49.698578], [6.086641, 49.69858], [6.086687, 49.698605], [6.086718, 49.69862], [6.086733, 49.698635], [6.086741, 49.698673], [6.086756, 49.698696], [6.086775, 49.69871], [6.086794, 49.698715], [6.086821, 49.69871], [6.086927, 49.6987], [6.087088, 49.698673], [6.087294, 49.698654], [6.087442, 49.698643], [6.08758, 49.698635], [6.087694, 49.69863], [6.087904, 49.698627], [6.088335, 49.69863], [6.088743, 49.69864], [6.089735, 49.69868], [6.090357, 49.698692], [6.090399, 49.698692], [6.090456, 49.69856], [6.090528, 49.69829], [6.090559, 49.69808], [6.090574, 49.697914], [6.09059, 49.69782], [6.090612, 49.697792], [6.0907, 49.697742], [6.09083, 49.697697], [6.090914, 49.69766], [6.090986, 49.69761], [6.091017, 49.69757], [6.091028, 49.69751], [6.091005, 49.697426], [6.090898, 49.69726], [6.090628, 49.69705], [6.09059, 49.69701], [6.09057, 49.696957], [6.090563, 49.696915], [6.090582, 49.69682], [6.09057, 49.696766], [6.090548, 49.696686], [6.090544, 49.696625], [6.090567, 49.696537], [6.090555, 49.69644], [6.090536, 49.696384], [6.090471, 49.69633], [6.09033, 49.69628], [6.090273, 49.69625], [6.090239, 49.696205], [6.090212, 49.696125], [6.090197, 49.696026], [6.090174, 49.69591], [6.090166, 49.69582], [6.090189, 49.69578], [6.090273, 49.69574], [6.090513, 49.6957], [6.091055, 49.695618], [6.091158, 49.69559], [6.091208, 49.695564], [6.091238, 49.695534], [6.091249, 49.695488], [6.091246, 49.69543], [6.091208, 49.695408], [6.091105, 49.695362], [6.090929, 49.695293], [6.090845, 49.69525], [6.090803, 49.695194], [6.09075, 49.695095], [6.090651, 49.694996], [6.090616, 49.69495], [6.090616, 49.694912], [6.090635, 49.694866], [6.090738, 49.69479], [6.090898, 49.694687], [6.090998, 49.69462], [6.091017, 49.69458], [6.091024, 49.694485], [6.091013, 49.69429], [6.090979, 49.69414], [6.090914, 49.693977], [6.090795, 49.693863], [6.090662, 49.69382], [6.090548, 49.69377], [6.09049, 49.693707], [6.090452, 49.693638], [6.090418, 49.693516], [6.09041, 49.693398], [6.090452, 49.693325], [6.090532, 49.69323], [6.090654, 49.693142], [6.090769, 49.6931], [6.090857, 49.69306], [6.09091, 49.693027], [6.090963, 49.692978], [6.09096, 49.692944], [6.090914, 49.692886], [6.090826, 49.692806], [6.090773, 49.69273], [6.090734, 49.692616], [6.090712, 49.692482], [6.0907, 49.69238], [6.090708, 49.69233], [6.090754, 49.692287], [6.090834, 49.692276], [6.090937, 49.692276], [6.09104, 49.692253], [6.091154, 49.69221], [6.091234, 49.692158], [6.091291, 49.6921], [6.091314, 49.692024], [6.091299, 49.69183], [6.091288, 49.6917], [6.091299, 49.691666], [6.091345, 49.691635], [6.09144, 49.69161], [6.091669, 49.69158], [6.091856, 49.691544], [6.091879, 49.691517], [6.091887, 49.691456], [6.091833, 49.691383], [6.091577, 49.69112], [6.091536, 49.69105], [6.091517, 49.69096], [6.091528, 49.690903], [6.091597, 49.690853], [6.091738, 49.690777], [6.091906, 49.690674], [6.091993, 49.69057], [6.092032, 49.69047], [6.092077, 49.690186], [6.092112, 49.69003], [6.092238, 49.689686], [6.092249, 49.689625], [6.092192, 49.68953], [6.092043, 49.689423], [6.091665, 49.68926], [6.09149, 49.68916], [6.091456, 49.689117], [6.091429, 49.689026], [6.091413, 49.68893], [6.091429, 49.68888], [6.091475, 49.688824], [6.091562, 49.68878], [6.091677, 49.688755], [6.091898, 49.68869], [6.091986, 49.688644], [6.092035, 49.6886], [6.092047, 49.688557], [6.092039, 49.68852], [6.092005, 49.688465], [6.091887, 49.688377], [6.091753, 49.688305], [6.091581, 49.688225], [6.091368, 49.688164], [6.090948, 49.688095], [6.090826, 49.68805], [6.090769, 49.688004], [6.090719, 49.687878], [6.090662, 49.68768], [6.090658, 49.68746], [6.090757, 49.687233], [6.090776, 49.687115], [6.090765, 49.68703], [6.090731, 49.686924], [6.090631, 49.68681], [6.090486, 49.686695], [6.090223, 49.686573], [6.090178, 49.686535], [6.090162, 49.686455], [6.090273, 49.686382], [6.090387, 49.686268], [6.090426, 49.686104], [6.090406, 49.68593], [6.09038, 49.68582], [6.090349, 49.685772], [6.090227, 49.68559], [6.09017, 49.68546], [6.090147, 49.685333], [6.090139, 49.68507], [6.090063, 49.68478], [6.089968, 49.68458], [6.089788, 49.684364], [6.089727, 49.684116], [6.089632, 49.68383], [6.089464, 49.68351], [6.089167, 49.68295], [6.088922, 49.682495], [6.088762, 49.682133], [6.088659, 49.681957], [6.08853, 49.681828], [6.088293, 49.68165], [6.088167, 49.68153], [6.088114, 49.68138], [6.088137, 49.681244], [6.088297, 49.68086], [6.088327, 49.680695], [6.088259, 49.680294], [6.088194, 49.680058], [6.087973, 49.679714], [6.087782, 49.679474], [6.087553, 49.679256], [6.087103, 49.67896], [6.086954, 49.678776], [6.086828, 49.678715], [6.08663, 49.67866], [6.086466, 49.67859], [6.086172, 49.67842], [6.08592, 49.67833], [6.085371, 49.678223], [6.085276, 49.678192], [6.085218, 49.678143], [6.085165, 49.677994], [6.085115, 49.67787], [6.085051, 49.67781], [6.084959, 49.677784], [6.084867, 49.677788], [6.084784, 49.67782], [6.084684, 49.67786], [6.084635, 49.67786], [6.084513, 49.677814], [6.084261, 49.677696], [6.083967, 49.677525], [6.083952, 49.677498], [6.083948, 49.677475], [6.083979, 49.677456], [6.084093, 49.67742], [6.084139, 49.6774], [6.084158, 49.67736], [6.084154, 49.677296], [6.084116, 49.67723], [6.084063, 49.67718], [6.083952, 49.677143], [6.083731, 49.677135], [6.083635, 49.677124], [6.083487, 49.67707], [6.083372, 49.677017], [6.083281, 49.67696], [6.083166, 49.6768], [6.083078, 49.676765], [6.082949, 49.676743], [6.082804, 49.676697], [6.082716, 49.67663], [6.082686, 49.67655], [6.082697, 49.676468], [6.082735, 49.676346], [6.082727, 49.676296], [6.082663, 49.676178], [6.082651, 49.67609], [6.082674, 49.676006], [6.082739, 49.675858], [6.082743, 49.67579], [6.082693, 49.67571], [6.082655, 49.67568], [6.082583, 49.675625], [6.082533, 49.67557], [6.082514, 49.67549], [6.082495, 49.675392], [6.082464, 49.675304], [6.082418, 49.67524], [6.082338, 49.675167], [6.082277, 49.675117], [6.082274, 49.675095], [6.082266, 49.675064], [6.082251, 49.675007], [6.082228, 49.674873], [6.082193, 49.67469], [6.082601, 49.674583], [6.082872, 49.674515], [6.083136, 49.674446], [6.083242, 49.674423], [6.083422, 49.674374], [6.083468, 49.674362], [6.083715, 49.6743], [6.083891, 49.674255], [6.084059, 49.674213], [6.084498, 49.6741], [6.08473, 49.674038], [6.084959, 49.67398], [6.085218, 49.673916], [6.085302, 49.673904], [6.085539, 49.673862], [6.085764, 49.67383], [6.085978, 49.673805], [6.086508, 49.67377], [6.086824, 49.67375], [6.087004, 49.673737], [6.087183, 49.67373], [6.087637, 49.673725], [6.088263, 49.67372], [6.088711, 49.673719], [6.089098, 49.673532], [6.089277, 49.673435], [6.089415, 49.67332], [6.089724, 49.67308], [6.09012, 49.672768], [6.090612, 49.672386], [6.090883, 49.67218], [6.090998, 49.672092], [6.091276, 49.67188], [6.091459, 49.671738], [6.091604, 49.671627], [6.091692, 49.671562], [6.091772, 49.671535], [6.092058, 49.671444], [6.092283, 49.67137], [6.092665, 49.67125], [6.092989, 49.671146], [6.093271, 49.67106], [6.09342, 49.67101], [6.093668, 49.670933], [6.094038, 49.67081], [6.094217, 49.670757], [6.094233, 49.67074], [6.094263, 49.67069], [6.094305, 49.67063], [6.094336, 49.67059], [6.094397, 49.670513], [6.094461, 49.67044], [6.094511, 49.67039], [6.094572, 49.67033], [6.094618, 49.6703], [6.094652, 49.670277], [6.094732, 49.670227], [6.094892, 49.67014], [6.095194, 49.669975], [6.095369, 49.669884], [6.095495, 49.669815], [6.095766, 49.66967], [6.095896, 49.66961], [6.096075, 49.669518], [6.096365, 49.66938], [6.096506, 49.669346], [6.096945, 49.669254], [6.09775, 49.669094], [6.09794, 49.66906], [6.098452, 49.66896], [6.098043, 49.66859], [6.097521, 49.668526], [6.097315, 49.668495], [6.097166, 49.668472], [6.096907, 49.66843], [6.09646, 49.668365], [6.095934, 49.668293], [6.095232, 49.66819], [6.09392, 49.66801], [6.094404, 49.66756], [6.094454, 49.667515], [6.094721, 49.66727], [6.094759, 49.66724], [6.094988, 49.667034], [6.095251, 49.6668], [6.095583, 49.666477], [6.095724, 49.666386], [6.09593, 49.666264], [6.096064, 49.666172], [6.096147, 49.666115], [6.096384, 49.665916], [6.096643, 49.6657], [6.096849, 49.66553], [6.096888, 49.6655], [6.097284, 49.665207], [6.097685, 49.664295], [6.09794, 49.664], [6.098047, 49.66388], [6.098108, 49.663807], [6.098467, 49.66337], [6.098619, 49.6632], [6.098814, 49.663], [6.098913, 49.662895], [6.099291, 49.66255], [6.099482, 49.6624], [6.099619, 49.66229], [6.099794, 49.66214], [6.100096, 49.661903], [6.10018, 49.66184], [6.100233, 49.661793], [6.100344, 49.6617], [6.100378, 49.66167], [6.100424, 49.661636], [6.100733, 49.661396], [6.100916, 49.66125], [6.101049, 49.661148], [6.101179, 49.661045], [6.101332, 49.660927], [6.101595, 49.660717], [6.101664, 49.66066], [6.101736, 49.660603], [6.101824, 49.660538], [6.102007, 49.66038], [6.102022, 49.660366], [6.102056, 49.66034], [6.102083, 49.660316], [6.102217, 49.660206], [6.102327, 49.660114], [6.102411, 49.66004], [6.102465, 49.659977], [6.102545, 49.659874], [6.102587, 49.659813], [6.102633, 49.659725], [6.102697, 49.65957], [6.103067, 49.658695], [6.103102, 49.658607], [6.103125, 49.658554], [6.103189, 49.658398], [6.103312, 49.65815], [6.103472, 49.65782], [6.10356, 49.657642], [6.103647, 49.657444], [6.103769, 49.657196], [6.103853, 49.657024], [6.103941, 49.656857], [6.103972, 49.656796], [6.104021, 49.656734], [6.104185, 49.65655], [6.103868, 49.65638], [6.10367, 49.65627], [6.103567, 49.65621], [6.103418, 49.656128], [6.10322, 49.656013], [6.103132, 49.655964], [6.102842, 49.655804], [6.10264, 49.65559], [6.102465, 49.655396], [6.102419, 49.65535], [6.102056, 49.65496], [6.101973, 49.654865], [6.101751, 49.65462], [6.101587, 49.654434], [6.101538, 49.65438], [6.101473, 49.6543], [6.101297, 49.654087], [6.10116, 49.65391], [6.100855, 49.65353], [6.100748, 49.653393], [6.100702, 49.653328], [6.100679, 49.6533], [6.10066, 49.65327], [6.100538, 49.65311], [6.100351, 49.65286], [6.100275, 49.652756], [6.100123, 49.652542], [6.10002, 49.652393], [6.099943, 49.65227], [6.099852, 49.652134], [6.099745, 49.651966], [6.099672, 49.65184], [6.099535, 49.65175], [6.099192, 49.65152], [6.098143, 49.650803], [6.098783, 49.649822], [6.099485, 49.648754], [6.100199, 49.64775], [6.100607, 49.647137], [6.100618, 49.647118], [6.100821, 49.646812], [6.101099, 49.646317], [6.101164, 49.64627], [6.100149, 49.64621], [6.100008, 49.646206], [6.099581, 49.6462], [6.099215, 49.64619], [6.097685, 49.64612], [6.096399, 49.646103], [6.095449, 49.646076], [6.09511, 49.64607], [6.093863, 49.645992], [6.0926, 49.64599], [6.091436, 49.646008], [6.090269, 49.64604], [6.089052, 49.64607], [6.088198, 49.646095], [6.087835, 49.646107], [6.086607, 49.646183], [6.086081, 49.646217], [6.085482, 49.64626], [6.085424, 49.646263], [6.085401, 49.646267], [6.085272, 49.64628], [6.085249, 49.64628], [6.084322, 49.646362], [6.083506, 49.646416], [6.083429, 49.64642], [6.083284, 49.64643], [6.082228, 49.646473], [6.080931, 49.64647], [6.07974, 49.64646], [6.079187, 49.64667], [6.078371, 49.64684], [6.078447, 49.646976], [6.078505, 49.647045], [6.07865, 49.647224], [6.078741, 49.64733], [6.078958, 49.647625], [6.079008, 49.6477], [6.079081, 49.64799], [6.079206, 49.648434], [6.079328, 49.648827], [6.079378, 49.648994], [6.079382, 49.649036], [6.079332, 49.64931], [6.079279, 49.64962], [6.079268, 49.649696], [6.079264, 49.649708], [6.079252, 49.64977], [6.079195, 49.650055], [6.079142, 49.650295], [6.079107, 49.65046], [6.079061, 49.65069], [6.079001, 49.650734], [6.078951, 49.650764], [6.078909, 49.650806], [6.0786, 49.651127], [6.078581, 49.651146], [6.078482, 49.651257], [6.078451, 49.651287], [6.078371, 49.65137], [6.078096, 49.651676], [6.077913, 49.651867], [6.077448, 49.652348], [6.077299, 49.6525], [6.077032, 49.652782], [6.076822, 49.65301], [6.07659, 49.653355], [6.076544, 49.653427], [6.076422, 49.653625], [6.076395, 49.653667], [6.076342, 49.65376], [6.076254, 49.653942], [6.07614, 49.65417], [6.07609, 49.65427], [6.076059, 49.654335], [6.075945, 49.654556], [6.075823, 49.654778], [6.075781, 49.65486], [6.075762, 49.654903], [6.075705, 49.65504], [6.075521, 49.65547], [6.07538, 49.655823], [6.074766, 49.65626], [6.074541, 49.65643], [6.074415, 49.656517], [6.074327, 49.656586], [6.074114, 49.65674], [6.073797, 49.656963], [6.073641, 49.65706], [6.073545, 49.65712], [6.073439, 49.657185], [6.07337, 49.657223], [6.072954, 49.657475], [6.072721, 49.65749], [6.072458, 49.657513], [6.072233, 49.657528], [6.071932, 49.65755], [6.071623, 49.657574], [6.071482, 49.657585], [6.071352, 49.657597], [6.071295, 49.657604], [6.071188, 49.65763], [6.071005, 49.65768], [6.070856, 49.657722], [6.070498, 49.65783], [6.07044, 49.657845], [6.070372, 49.657864], [6.070211, 49.657906], [6.070078, 49.657948], [6.06999, 49.657978], [6.069872, 49.658024], [6.06962, 49.658134], [6.069483, 49.658203], [6.069353, 49.65826], [6.069304, 49.658287], [6.069029, 49.658115], [6.068808, 49.657978], [6.068308, 49.657646], [6.068174, 49.657635], [6.068098, 49.657627], [6.067976, 49.65761], [6.067923, 49.657597], [6.067888, 49.65748], [6.067892, 49.657467], [6.067934, 49.657345], [6.067934, 49.65726], [6.067923, 49.657204], [6.067778, 49.657005], [6.06764, 49.656914], [6.067511, 49.656723], [6.067404, 49.656593], [6.06716, 49.656303], [6.067068, 49.65616], [6.066992, 49.65608], [6.066813, 49.65596], [6.06674, 49.655834], [6.06674, 49.655766], [6.066877, 49.65553], [6.066866, 49.65549], [6.066786, 49.655403], [6.066721, 49.65531], [6.066576, 49.655327], [6.06629, 49.655025], [6.06616, 49.654854], [6.066091, 49.654694], [6.065931, 49.65456], [6.065626, 49.654408], [6.065386, 49.654316], [6.065344, 49.65432], [6.065195, 49.654377], [6.065115, 49.65437], [6.064985, 49.65432], [6.064852, 49.654156], [6.064768, 49.654], [6.064661, 49.65389], [6.064501, 49.653774], [6.064386, 49.65373], [6.064264, 49.6537], [6.064012, 49.653557], [6.063833, 49.653477], [6.063528, 49.653313], [6.063211, 49.653175], [6.06299, 49.653065], [6.062906, 49.653057], [6.062845, 49.653072], [6.062796, 49.653126], [6.062548, 49.653244], [6.062464, 49.653263], [6.062345, 49.65325], [6.06196, 49.65306], [6.061842, 49.653053], [6.061708, 49.653084], [6.061384, 49.653267], [6.061243, 49.653282], [6.060945, 49.653244], [6.060774, 49.653248], [6.060621, 49.653137], [6.060476, 49.652943], [6.060377, 49.65282], [6.060251, 49.65261], [6.060202, 49.652473], [6.060141, 49.65237], [6.060034, 49.65224], [6.05995, 49.65216], [6.059839, 49.652058], [6.059725, 49.65201], [6.059645, 49.652004], [6.059607, 49.652027], [6.059538, 49.65205], [6.059435, 49.65206], [6.05932, 49.652065], [6.059076, 49.65205], [6.058966, 49.65204], [6.058878, 49.652008], [6.058767, 49.65193], [6.058714, 49.65187], [6.058672, 49.65178], [6.058653, 49.65173], [6.058641, 49.651634], [6.058649, 49.651497], [6.058664, 49.651424], [6.058695, 49.65135], [6.058622, 49.65111], [6.058508, 49.650913], [6.05839, 49.65076], [6.058168, 49.650597], [6.058096, 49.650517], [6.058058, 49.65045], [6.058031, 49.650368], [6.05802, 49.65027], [6.058027, 49.650166], [6.05802, 49.650066], [6.057978, 49.649933], [6.05789, 49.64979], [6.057825, 49.64969], [6.057775, 49.64953], [6.057802, 49.64933], [6.057836, 49.64915], [6.057848, 49.649036], [6.057833, 49.648933], [6.057783, 49.64879], [6.057715, 49.648693], [6.057585, 49.648582], [6.057451, 49.648476], [6.057329, 49.648415], [6.057207, 49.648373], [6.057074, 49.64836], [6.056898, 49.64835], [6.056791, 49.64832], [6.056429, 49.648136], [6.056025, 49.647987], [6.055666, 49.647873], [6.054884, 49.64765], [6.054846, 49.647614], [6.054831, 49.647522], [6.054769, 49.647472], [6.05467, 49.64745], [6.054552, 49.64743], [6.054407, 49.647392], [6.054319, 49.647335], [6.054285, 49.647285], [6.054289, 49.64724], [6.054388, 49.647095], [6.054411, 49.64704], [6.054392, 49.646957], [6.054312, 49.646866], [6.054125, 49.646706], [6.05406, 49.646576], [6.054064, 49.64647], [6.054144, 49.64639], [6.054262, 49.646286], [6.054392, 49.64619], [6.054476, 49.646126], [6.054506, 49.64605], [6.054487, 49.64595], [6.05448, 49.645847], [6.054487, 49.645775], [6.05459, 49.645702], [6.05472, 49.645638], [6.054827, 49.645523], [6.054846, 49.645435], [6.054846, 49.645344], [6.054827, 49.6453], [6.054754, 49.645252], [6.054625, 49.645195], [6.054399, 49.645092], [6.054285, 49.644997], [6.054171, 49.64493], [6.054048, 49.644886], [6.053961, 49.644867], [6.053865, 49.64488], [6.053739, 49.6449], [6.053606, 49.644924], [6.053446, 49.644917], [6.053339, 49.64488], [6.053286, 49.644817], [6.053225, 49.64472], [6.053236, 49.64455], [6.053286, 49.64433], [6.053282, 49.64426], [6.05324, 49.644184], [6.053156, 49.644096], [6.053034, 49.644028], [6.052866, 49.64395], [6.052557, 49.643864], [6.052282, 49.643795], [6.051813, 49.643738], [6.051523, 49.643707], [6.051371, 49.643665], [6.051268, 49.64361], [6.05118, 49.643513], [6.051084, 49.643448], [6.05097, 49.643375], [6.050871, 49.64336], [6.050684, 49.643353], [6.050455, 49.64334], [6.050344, 49.643314], [6.050302, 49.64327], [6.050295, 49.64314], [6.050261, 49.64309], [6.050188, 49.643066], [6.05002, 49.64304], [6.049795, 49.642986], [6.049684, 49.642933], [6.049585, 49.642864], [6.049471, 49.64276], [6.04941, 49.64272], [6.049124, 49.64264], [6.048929, 49.642576], [6.048841, 49.642542], [6.04875, 49.6425], [6.048661, 49.64231], [6.048605, 49.64219], [6.048521, 49.6421], [6.048422, 49.64201], [6.048315, 49.641964], [6.048143, 49.641964], [6.04804, 49.641933], [6.047865, 49.641815], [6.047621, 49.641575], [6.047544, 49.64142], [6.047552, 49.641304], [6.047564, 49.641182], [6.047506, 49.641148], [6.047228, 49.64104], [6.046969, 49.640972], [6.046789, 49.640976], [6.046633, 49.641006], [6.046549, 49.640945], [6.046534, 49.640892], [6.046564, 49.64069], [6.046598, 49.640648], [6.046637, 49.640636], [6.046762, 49.640614], [6.046843, 49.640575], [6.046957, 49.640472], [6.047049, 49.640343], [6.047079, 49.640244], [6.047083, 49.640144], [6.047045, 49.640076], [6.04706, 49.639988], [6.047159, 49.63984], [6.047361, 49.639633], [6.047525, 49.63952], [6.047789, 49.63938], [6.047991, 49.63927], [6.048216, 49.63911], [6.048246, 49.639084], [6.048372, 49.638985], [6.048574, 49.63889], [6.048792, 49.63877], [6.04891, 49.63866], [6.049051, 49.63847], [6.04912, 49.638294], [6.049158, 49.638138], [6.049128, 49.637897], [6.049074, 49.637756], [6.048986, 49.637608], [6.048857, 49.63746], [6.0487, 49.63735], [6.0483, 49.63712], [6.048201, 49.63707], [6.048071, 49.636974], [6.047995, 49.636875], [6.047968, 49.63678], [6.047956, 49.63667], [6.047907, 49.636543], [6.047571, 49.636055], [6.047415, 49.63588], [6.04719, 49.635696], [6.046843, 49.635414], [6.04661, 49.635338], [6.046431, 49.6353], [6.046316, 49.63524], [6.046202, 49.635143], [6.04611, 49.63497], [6.046137, 49.634716], [6.04619, 49.63463], [6.046255, 49.634453], [6.046274, 49.63432], [6.046236, 49.634235], [6.046125, 49.634155], [6.04608, 49.634106], [6.046061, 49.634026], [6.046042, 49.633858], [6.046011, 49.633747], [6.045973, 49.633656], [6.045896, 49.633587], [6.045835, 49.63351], [6.045835, 49.63348], [6.045851, 49.63345], [6.046057, 49.633347], [6.046274, 49.63321], [6.046606, 49.632957], [6.046682, 49.632877], [6.046743, 49.632763], [6.046781, 49.63273], [6.047102, 49.632603], [6.047152, 49.632572], [6.047144, 49.632523], [6.047098, 49.63248], [6.047098, 49.632454], [6.047144, 49.632328], [6.047205, 49.632244], [6.047361, 49.63216], [6.047495, 49.632065], [6.047552, 49.631992], [6.047583, 49.631878], [6.047495, 49.631603], [6.047457, 49.631474], [6.04748, 49.631416], [6.047518, 49.63134], [6.047514, 49.63107], [6.047537, 49.630875], [6.047567, 49.630753], [6.04759, 49.630657], [6.047674, 49.630592], [6.047777, 49.630493], [6.047823, 49.630264], [6.047853, 49.63012], [6.047785, 49.630043], [6.04756, 49.62994], [6.047426, 49.629803], [6.047281, 49.629513], [6.047171, 49.629425], [6.046896, 49.62922], [6.046678, 49.62902], [6.046507, 49.62882], [6.046362, 49.628723], [6.046072, 49.62861], [6.045893, 49.628532], [6.045542, 49.62855], [6.045351, 49.628517], [6.044985, 49.628426], [6.044752, 49.62832], [6.044558, 49.628204], [6.044493, 49.628036], [6.044397, 49.627945], [6.043676, 49.627655], [6.043585, 49.627632], [6.043383, 49.6276], [6.043222, 49.627537], [6.043089, 49.627457], [6.042917, 49.627285], [6.042868, 49.627243], [6.042784, 49.62722], [6.042677, 49.627213], [6.042627, 49.627182], [6.042536, 49.62709], [6.042452, 49.626984], [6.042414, 49.62692], [6.042406, 49.626873], [6.042429, 49.626778], [6.042429, 49.62673], [6.042391, 49.626667], [6.042334, 49.62658], [6.042314, 49.626526], [6.042284, 49.626465], [6.042208, 49.6264], [6.042055, 49.626324], [6.041975, 49.626347], [6.041883, 49.626324], [6.041826, 49.6263], [6.041754, 49.626266], [6.041681, 49.626225], [6.041616, 49.62617], [6.041578, 49.62611], [6.041552, 49.626038], [6.041532, 49.625973], [6.04151, 49.62593], [6.041445, 49.62585], [6.041307, 49.625706], [6.041265, 49.62565], [6.041273, 49.625618], [6.0413, 49.625587], [6.041338, 49.62557], [6.041391, 49.625538], [6.041494, 49.62543], [6.041517, 49.6254], [6.04141, 49.6252], [6.041254, 49.624992], [6.041094, 49.624798], [6.040907, 49.62465], [6.040655, 49.62451], [6.040361, 49.62442], [6.040205, 49.62442], [6.040075, 49.62444], [6.039965, 49.62447], [6.039892, 49.62455], [6.039804, 49.624584], [6.039732, 49.6246], [6.039648, 49.6246], [6.039568, 49.624584], [6.039362, 49.62454], [6.039122, 49.624485], [6.038824, 49.624393], [6.03842, 49.624252], [6.038137, 49.624026], [6.038153, 49.624002], [6.037691, 49.623873], [6.037533, 49.623745], [6.037454, 49.623654], [6.037408, 49.623593], [6.037392, 49.623573], [6.037358, 49.623536], [6.037329, 49.62351], [6.037286, 49.623487], [6.03718, 49.62343], [6.03708, 49.623372], [6.037058, 49.623361], [6.036985, 49.623325], [6.036928, 49.623287], [6.036886, 49.623253], [6.036829, 49.62319], [6.036764, 49.623127], [6.036703, 49.623066], [6.036669, 49.62303], [6.036589, 49.622963], [6.036512, 49.622917], [6.03636, 49.62285], [6.036264, 49.622787], [6.036219, 49.622738], [6.03615, 49.622643], [6.0361, 49.622555], [6.036055, 49.622414], [6.036032, 49.6223], [6.036028, 49.622154], [6.036047, 49.621956], [6.036074, 49.621838], [6.036085, 49.62177], [6.036097, 49.621693], [6.036104, 49.621613], [6.036089, 49.62141], [6.036078, 49.621338], [6.036062, 49.6213], [6.036005, 49.621197], [6.035883, 49.62099], [6.035753, 49.620792], [6.035708, 49.62074], [6.03554, 49.62052], [6.035501, 49.620438], [6.035242, 49.620125], [6.035273, 49.620075], [6.035299, 49.62004], [6.035326, 49.620003], [6.035196, 49.61988], [6.035116, 49.619793], [6.035048, 49.619698], [6.034975, 49.619583], [6.034925, 49.619488], [6.034903, 49.619442], [6.03488, 49.61939], [6.034834, 49.61926], [6.034765, 49.619026], [6.034742, 49.618942], [6.034697, 49.618717], [6.034643, 49.618713], [6.034487, 49.618694], [6.034422, 49.618492], [6.034296, 49.618065], [6.034086, 49.617332], [6.034048, 49.61715], [6.03401, 49.616917], [6.033991, 49.61669], [6.033987, 49.61652], [6.033983, 49.616226], [6.033983, 49.61603], [6.033991, 49.615887], [6.034056, 49.61589], [6.034102, 49.61577], [6.03414, 49.615665], [6.034262, 49.615383], [6.034433, 49.615047], [6.034555, 49.61486], [6.034231, 49.61481], [6.033888, 49.614796], [6.033682, 49.61476], [6.033468, 49.614727], [6.03351, 49.61458], [6.033525, 49.61453], [6.03356, 49.61439], [6.033575, 49.614243], [6.033587, 49.61408], [6.033579, 49.613922], [6.033552, 49.61371], [6.033544, 49.613636], [6.033522, 49.613533], [6.033483, 49.613354], [6.033453, 49.613235], [6.033403, 49.613083], [6.033281, 49.613106], [6.033136, 49.613132], [6.033003, 49.61316], [6.032927, 49.61298], [6.032808, 49.61272], [6.03306, 49.612667], [6.033327, 49.612606], [6.03343, 49.612583], [6.033457, 49.61257], [6.033537, 49.612534], [6.033621, 49.61249], [6.033525, 49.6124], [6.033415, 49.612316], [6.033129, 49.612133], [6.032865, 49.611923], [6.032701, 49.611774], [6.032572, 49.61164], [6.032469, 49.611523], [6.032305, 49.611362], [6.032064, 49.611153], [6.031988, 49.611088], [6.031931, 49.61109], [6.031626, 49.610752], [6.031389, 49.610405], [6.031347, 49.61035], [6.031126, 49.610416], [6.030806, 49.61045], [6.03026, 49.610447], [6.029223, 49.61044], [6.028631, 49.610424], [6.028124, 49.61034], [6.026457, 49.610058], [6.024897, 49.60984], [6.024263, 49.609737], [6.023394, 49.60964], [6.023356, 49.609665], [6.023058, 49.609642], [6.022696, 49.609604], [6.022383, 49.609573], [6.022119, 49.609554], [6.021906, 49.609543], [6.021757, 49.609547], [6.021566, 49.60955], [6.021391, 49.609562], [6.021006, 49.609604], [6.020853, 49.60962], [6.020788, 49.60961], [6.020159, 49.609707], [6.019735, 49.60977], [6.019556, 49.609768], [6.019239, 49.609753], [6.018621, 49.609745], [6.017996, 49.609753], [6.01742, 49.60978], [6.017244, 49.609802], [6.016806, 49.60994], [6.016375, 49.61009], [6.015322, 49.610493], [6.014753, 49.610676], [6.014139, 49.610855], [6.014105, 49.61088], [6.013887, 49.61105], [6.013647, 49.61121], [6.013357, 49.61136], [6.013174, 49.611084], [6.01309, 49.61094], [6.013075, 49.61091], [6.013037, 49.610825], [6.012941, 49.61061], [6.012808, 49.61036], [6.012697, 49.6101], [6.012587, 49.609573], [6.012674, 49.60907], [6.012121, 49.608597], [6.01182, 49.608356], [6.011519, 49.608124], [6.011118, 49.6078], [6.010801, 49.607735], [6.010363, 49.607628], [6.009993, 49.60753], [6.009813, 49.607403], [6.009573, 49.607246], [6.009512, 49.607204], [6.009462, 49.60704], [6.009287, 49.60661], [6.009111, 49.606125], [6.009008, 49.605835], [6.008863, 49.605457], [6.008825, 49.605354], [6.008795, 49.6053], [6.008593, 49.60431], [6.008554, 49.604305], [6.008299, 49.604286], [6.007986, 49.604267], [6.007616, 49.604134], [6.007147, 49.60393], [6.007093, 49.603905], [6.006823, 49.603672], [6.006384, 49.603283], [6.00633, 49.603203], [6.006308, 49.603172], [6.005796, 49.602448], [6.005777, 49.60243], [6.005705, 49.602352], [6.005579, 49.60225], [6.004808, 49.60164], [6.004782, 49.60162], [6.003622, 49.600998], [6.002596, 49.600502], [6.002302, 49.60034], [6.0016, 49.599957], [6.000952, 49.5996], [6.000166, 49.599068], [5.999754, 49.598785], [5.999563, 49.59822], [5.999334, 49.59762], [5.999136, 49.597088], [5.998755, 49.59681], [5.998701, 49.596767], [5.99864, 49.596733], [5.998625, 49.596577], [5.998613, 49.596478], [5.998613, 49.596455], [5.998609, 49.596424], [5.998606, 49.596325], [5.998609, 49.59622], [5.998621, 49.59602], [5.998625, 49.59589], [5.998629, 49.595833], [5.99864, 49.595737], [5.998655, 49.59551], [5.998671, 49.595387], [5.998686, 49.595238], [5.998522, 49.59475], [5.998503, 49.594696], [5.998434, 49.59451], [5.998972, 49.594433], [5.999712, 49.59433], [5.999666, 49.594116], [6.000082, 49.59399], [6.000795, 49.59376], [6.000887, 49.59373], [6.000971, 49.593708], [6.001139, 49.59366], [6.001295, 49.593624], [6.001856, 49.593502], [6.001913, 49.593475], [6.00202, 49.59343], [6.002264, 49.593334], [6.002375, 49.593292], [6.00247, 49.593258], [6.002585, 49.593224], [6.002649, 49.59321], [6.002714, 49.593185], [6.002958, 49.593132], [6.003065, 49.59311], [6.003218, 49.593086], [6.003553, 49.593056], [6.003889, 49.59304], [6.004335, 49.59303], [6.004763, 49.593], [6.004812, 49.592995], [6.004976, 49.592983], [6.005377, 49.59295], [6.005747, 49.59291], [6.006113, 49.592865], [6.006399, 49.592827], [6.006781, 49.592785], [6.006983, 49.592762], [6.007235, 49.592743], [6.007639, 49.592716], [6.007902, 49.5927], [6.00812, 49.592686], [6.008322, 49.592663], [6.008516, 49.592636], [6.008738, 49.5926], [6.009016, 49.59254], [6.009813, 49.592636], [6.01045, 49.5927], [6.010176, 49.592583], [6.009955, 49.59246], [6.009771, 49.59231], [6.009741, 49.59229], [6.009832, 49.592255], [6.009851, 49.592247], [6.010111, 49.59217], [6.010309, 49.592113], [6.0109, 49.591938], [6.010988, 49.591602], [6.010908, 49.591522], [6.010832, 49.59145], [6.010756, 49.59134], [6.010721, 49.591293], [6.010675, 49.591263], [6.010088, 49.590904], [6.00976, 49.590725], [6.009401, 49.59057], [6.009031, 49.5904], [6.008905, 49.590305], [6.008722, 49.590183], [6.008528, 49.590073], [6.008223, 49.58992], [6.008135, 49.589874], [6.007719, 49.58966], [6.00775, 49.589592], [6.007776, 49.5895], [6.007803, 49.589382], [6.007795, 49.58924], [6.007757, 49.588936], [6.007692, 49.5884], [6.007662, 49.588142], [6.00765, 49.588036], [6.007097, 49.5879], [6.006369, 49.587696], [6.006067, 49.58762], [6.005831, 49.58757], [6.005571, 49.587517], [6.004839, 49.58739], [6.004816, 49.587387], [6.004015, 49.58718], [6.003874, 49.58715], [6.003893, 49.587032], [6.00403, 49.58665], [6.004087, 49.5865], [6.003687, 49.586143], [6.003416, 49.585907], [6.003481, 49.585846], [6.003523, 49.585808], [6.003607, 49.585728], [6.00379, 49.585552], [6.004114, 49.585243], [6.004183, 49.58518], [6.004423, 49.585243], [6.00469, 49.585323], [6.004911, 49.585392], [6.005026, 49.585438], [6.00514, 49.58549], [6.005262, 49.585564], [6.005373, 49.58562], [6.005491, 49.58566], [6.005659, 49.585686], [6.005831, 49.585716], [6.006067, 49.585743], [6.006193, 49.585766], [6.006338, 49.585815], [6.006506, 49.585884], [6.006632, 49.585938], [6.006708, 49.585957], [6.006872, 49.58598], [6.00704, 49.586002], [6.007235, 49.586052], [6.007425, 49.586094], [6.007765, 49.586155], [6.00815, 49.586246], [6.009012, 49.58647], [6.009062, 49.586334], [6.009237, 49.585835], [6.00881, 49.585728], [6.00878, 49.58572], [6.008371, 49.585606], [6.008104, 49.585533], [6.007921, 49.585472], [6.007769, 49.585392], [6.007605, 49.58527], [6.007586, 49.585255], [6.007318, 49.585014], [6.006949, 49.5847], [6.006529, 49.584343], [6.006567, 49.584293], [6.006636, 49.5842], [6.006689, 49.584133], [6.006742, 49.584076], [6.006849, 49.58397], [6.006906, 49.583916], [6.006975, 49.583855], [6.007029, 49.583828], [6.007254, 49.58371], [6.007288, 49.58369], [6.007563, 49.58351], [6.007708, 49.583416], [6.007753, 49.58334], [6.007795, 49.58322], [6.008238, 49.583298], [6.008272, 49.583214], [6.00831, 49.583122], [6.008341, 49.583054], [6.008291, 49.58277], [6.008276, 49.582687], [6.008402, 49.5827], [6.009028, 49.58275], [6.009531, 49.582775], [6.010172, 49.582794], [6.010557, 49.582264], [6.01272, 49.582554], [6.013403, 49.582638], [6.014128, 49.582733], [6.014559, 49.5828], [6.014563, 49.582664], [6.01457, 49.582523], [6.01457, 49.582485], [6.014574, 49.58246], [6.014574, 49.58243], [6.014593, 49.58215], [6.014498, 49.581924], [6.014456, 49.581814], [6.014441, 49.581654], [6.014605, 49.58149], [6.014437, 49.58138], [6.014387, 49.581345], [6.014326, 49.581306], [6.013876, 49.58101], [6.013403, 49.58083], [6.012529, 49.5806], [6.012457, 49.58058], [6.012438, 49.580578], [6.011656, 49.580353], [6.011431, 49.58029], [6.011156, 49.580215], [6.010515, 49.580044], [6.010237, 49.579967], [6.00976, 49.57982], [6.009535, 49.57975], [6.009756, 49.579582], [6.009722, 49.57957], [6.009745, 49.57955], [6.009912, 49.579426], [6.009836, 49.579407], [6.009485, 49.579304], [6.00897, 49.57915], [6.008135, 49.578903], [6.007948, 49.57885], [6.007807, 49.57885], [6.007719, 49.57884], [6.007647, 49.578827], [6.007589, 49.578815], [6.007559, 49.5788], [6.007524, 49.578777], [6.007498, 49.578747], [6.007433, 49.578648], [6.007383, 49.57858], [6.007326, 49.57853], [6.00725, 49.57848], [6.007158, 49.578438], [6.006987, 49.57837], [6.006857, 49.578316], [6.006994, 49.578106], [6.007013, 49.578083], [6.006899, 49.57809], [6.006864, 49.578083], [6.006803, 49.578068], [6.006762, 49.578053], [6.00635, 49.577847], [6.005716, 49.577553], [6.00561, 49.577496], [6.005533, 49.577454], [6.005403, 49.577362], [6.005358, 49.577312], [6.005323, 49.577267], [6.005236, 49.577106], [6.005289, 49.577072], [6.005468, 49.57696], [6.005606, 49.57688], [6.005365, 49.57677], [6.005095, 49.57663], [6.005007, 49.57658], [6.004785, 49.57646], [6.004351, 49.576233], [6.004168, 49.57614], [6.003771, 49.575947], [6.003675, 49.57599], [6.003622, 49.57595], [6.003546, 49.57589], [6.00305, 49.57548], [6.002714, 49.575214], [6.002535, 49.575073], [6.002256, 49.574844], [6.001985, 49.574596], [6.001783, 49.574425], [6.001574, 49.574253], [6.001535, 49.574223], [6.001432, 49.57414], [6.001348, 49.574047], [6.001268, 49.573944], [6.001181, 49.57376], [6.001116, 49.57368], [6.001059, 49.573605], [6.000998, 49.57359], [6.001017, 49.573536], [6.000959, 49.57341], [6.000773, 49.573418], [6.000738, 49.573284], [6.000731, 49.573124], [6.000727, 49.57299], [6.000723, 49.57289], [6.000723, 49.572845], [6.000734, 49.572796], [6.000753, 49.572735], [6.000792, 49.57267], [6.000902, 49.57251], [6.000521, 49.572365], [6.000799, 49.571915], [6.00033, 49.571808], [6.000307, 49.571804], [6.000074, 49.57175], [6.000055, 49.57206], [5.99991, 49.572025], [5.999754, 49.57199], [5.999739, 49.571987], [5.999525, 49.571938], [5.998034, 49.57161], [5.997973, 49.57161], [5.998869, 49.570778], [5.999323, 49.570427], [5.999517, 49.570293], [5.999479, 49.570267], [5.999456, 49.570255], [5.999426, 49.570236], [5.999159, 49.57008], [5.998903, 49.569927], [5.998609, 49.569748], [5.998381, 49.56961], [5.998243, 49.569523], [5.99814, 49.569466], [5.997831, 49.569286], [5.99782, 49.569275], [5.997595, 49.569145], [5.9974, 49.569187], [5.997045, 49.569256], [5.996813, 49.569054], [5.996447, 49.56872], [5.996435, 49.56871], [5.996256, 49.56874], [5.996073, 49.568794], [5.99589, 49.568832], [5.995527, 49.568897], [5.99518, 49.56895], [5.994833, 49.568993], [5.994398, 49.569046], [5.994249, 49.56908], [5.994245, 49.56906], [5.994242, 49.56902], [5.994234, 49.568954], [5.994226, 49.56887], [5.994211, 49.568726], [5.993971, 49.56871], [5.993746, 49.568687], [5.993551, 49.56865], [5.993418, 49.56861], [5.99301, 49.56847], [5.993048, 49.56836], [5.993452, 49.56845], [5.993658, 49.568485], [5.99383, 49.56851], [5.994215, 49.568554], [5.994226, 49.56844], [5.994238, 49.56834], [5.994242, 49.568302], [5.994245, 49.568283], [5.994253, 49.56823], [5.994268, 49.56807], [5.994288, 49.567924], [5.994299, 49.567806], [5.994303, 49.567787], [5.99431, 49.56774], [5.99441, 49.56721], [5.994497, 49.566814], [5.993578, 49.56671], [5.993544, 49.566708], [5.99365, 49.56638], [5.993647, 49.566086], [5.993647, 49.565994], [5.993509, 49.565796], [5.993311, 49.565506], [5.993185, 49.56531], [5.993113, 49.565193], [5.992903, 49.56506], [5.992792, 49.564976], [5.992777, 49.564964], [5.992651, 49.564873], [5.992468, 49.56494], [5.99201, 49.565098], [5.991636, 49.565197], [5.991278, 49.565266], [5.990881, 49.565323], [5.990484, 49.56537], [5.990084, 49.5654], [5.990026, 49.56513], [5.990019, 49.56509], [5.989794, 49.565044], [5.989187, 49.564903], [5.989103, 49.564877], [5.988794, 49.56473], [5.988611, 49.564644], [5.988325, 49.564514], [5.988142, 49.56467], [5.988096, 49.56471], [5.98802, 49.564774], [5.987303, 49.564445], [5.986902, 49.56427], [5.986277, 49.564003], [5.986208, 49.56407], [5.986093, 49.56418], [5.98599, 49.564278], [5.985937, 49.564255], [5.985235, 49.56392], [5.984892, 49.563763], [5.98472, 49.563683], [5.984117, 49.563408], [5.983625, 49.56318], [5.98329, 49.563023], [5.983152, 49.56294], [5.982904, 49.56313], [5.98266, 49.563316], [5.982439, 49.563236], [5.982077, 49.5631], [5.981718, 49.562954], [5.98131, 49.562782], [5.980833, 49.562576], [5.980593, 49.562893], [5.980639, 49.56291], [5.980585, 49.562984], [5.98044, 49.56319], [5.980269, 49.56344], [5.980028, 49.563793], [5.979853, 49.564056], [5.980085, 49.56414], [5.980001, 49.564217], [5.979803, 49.564404], [5.979624, 49.56456], [5.979899, 49.564663], [5.979982, 49.564697], [5.97957, 49.564987], [5.979368, 49.565136], [5.979261, 49.565224], [5.979139, 49.56532], [5.97909, 49.565372], [5.979017, 49.56545], [5.978937, 49.56555], [5.978712, 49.565838], [5.978586, 49.565987], [5.97888, 49.566135], [5.979166, 49.56628], [5.9792, 49.5663], [5.979372, 49.566387], [5.97962, 49.566517], [5.979177, 49.56681], [5.978884, 49.56699], [5.97864, 49.56713], [5.978476, 49.56722], [5.978277, 49.567326], [5.978113, 49.56747], [5.977942, 49.567608], [5.977804, 49.56769], [5.977549, 49.56782], [5.977259, 49.567947], [5.977159, 49.56795], [5.97685, 49.56805], [5.976648, 49.56809], [5.976065, 49.56817], [5.975267, 49.568287], [5.974943, 49.568134], [5.974291, 49.56785], [5.973268, 49.567417], [5.972696, 49.567184], [5.972544, 49.567345], [5.972483, 49.567413], [5.972414, 49.567486], [5.972311, 49.567585], [5.972174, 49.5677], [5.971952, 49.567856], [5.971834, 49.56793], [5.971731, 49.567986], [5.971537, 49.5681], [5.971388, 49.568176], [5.971258, 49.56824], [5.971144, 49.567997], [5.971128, 49.567955], [5.970865, 49.568123], [5.970667, 49.568264], [5.970533, 49.568394], [5.970545, 49.568443], [5.970652, 49.568947], [5.970823, 49.56972], [5.971079, 49.57029], [5.970907, 49.570377], [5.970781, 49.570423], [5.970747, 49.570435], [5.970663, 49.57046], [5.970587, 49.570473], [5.970526, 49.570484], [5.970278, 49.570522], [5.969988, 49.570568], [5.969805, 49.57059], [5.96966, 49.5706], [5.969484, 49.570595], [5.969263, 49.57057], [5.969023, 49.570553], [5.968939, 49.570553], [5.968592, 49.570583], [5.968428, 49.570576], [5.968164, 49.570545], [5.967981, 49.570515], [5.967768, 49.570477], [5.967623, 49.570446], [5.967264, 49.570377], [5.966993, 49.57036], [5.966955, 49.57036], [5.966909, 49.570473], [5.966639, 49.57041], [5.966658, 49.57037], [5.966322, 49.57023], [5.965982, 49.570087], [5.965563, 49.569912], [5.965204, 49.56977], [5.964735, 49.56959], [5.964209, 49.569393], [5.963728, 49.569206], [5.96327, 49.569035], [5.96314, 49.56898], [5.962885, 49.56888], [5.96282, 49.568848], [5.962397, 49.568653], [5.962061, 49.568497], [5.961801, 49.568386], [5.961721, 49.568356], [5.961588, 49.5683], [5.96113, 49.5681], [5.961019, 49.568264], [5.961012, 49.56828], [5.960947, 49.56837], [5.961092, 49.568348], [5.961454, 49.568768], [5.961592, 49.568924], [5.961382, 49.568974], [5.960817, 49.5691], [5.959345, 49.569435], [5.959242, 49.56944], [5.959074, 49.569416], [5.958891, 49.569363], [5.958551, 49.569244], [5.958365, 49.56915], [5.958227, 49.56906], [5.957918, 49.56887], [5.957888, 49.56882], [5.957964, 49.56882], [5.957937, 49.5688], [5.957922, 49.568783], [5.957876, 49.568745], [5.957834, 49.568707], [5.957739, 49.568623], [5.957708, 49.568592], [5.957685, 49.568573], [5.957659, 49.568542], [5.957636, 49.56852], [5.95759, 49.56847], [5.957514, 49.568405], [5.957487, 49.56838], [5.957418, 49.56831], [5.957392, 49.568287], [5.95735, 49.56824], [5.957273, 49.56817], [5.957193, 49.5681], [5.957136, 49.568047], [5.957075, 49.567993], [5.957037, 49.56797], [5.957018, 49.56796], [5.956961, 49.56792], [5.956949, 49.567913], [5.956884, 49.56788], [5.956839, 49.56785], [5.956785, 49.567818], [5.956713, 49.567776], [5.956636, 49.56773], [5.956575, 49.567696], [5.956549, 49.567677], [5.956499, 49.567646], [5.956446, 49.567616], [5.956362, 49.56757], [5.956312, 49.56753], [5.956263, 49.5675], [5.956217, 49.567467], [5.956175, 49.56744], [5.956137, 49.5674], [5.956121, 49.56739], [5.956099, 49.56737], [5.95608, 49.567352], [5.956053, 49.56733], [5.956011, 49.567287], [5.955908, 49.567173], [5.955889, 49.567154], [5.955877, 49.56714], [5.955793, 49.56703], [5.955767, 49.567005], [5.955729, 49.56696], [5.955667, 49.56689], [5.955614, 49.566826], [5.955561, 49.566757], [5.955477, 49.56665], [5.955442, 49.5666], [5.955404, 49.56655], [5.955355, 49.56648], [5.955305, 49.566406], [5.95524, 49.5663], [5.955202, 49.566242], [5.955191, 49.566216], [5.955156, 49.566154], [5.955149, 49.566143], [5.955011, 49.565887], [5.955008, 49.565876], [5.95492, 49.56569], [5.95484, 49.56551], [5.954802, 49.56541], [5.954798, 49.565388], [5.954794, 49.565372], [5.954809, 49.565292], [5.95484, 49.565205], [5.954847, 49.56518], [5.954855, 49.565147], [5.954912, 49.564976], [5.954947, 49.56488], [5.954962, 49.56483], [5.954973, 49.56479], [5.954969, 49.56476], [5.954966, 49.564735], [5.954939, 49.56461], [5.954935, 49.564583], [5.954916, 49.564484], [5.954897, 49.564407], [5.954885, 49.564365], [5.954878, 49.56433], [5.954828, 49.56421], [5.954821, 49.564186], [5.954782, 49.564087], [5.954729, 49.563965], [5.954679, 49.563843], [5.954657, 49.563805], [5.954637, 49.563766], [5.954618, 49.563744], [5.954603, 49.56372], [5.95458, 49.563698], [5.954554, 49.56367], [5.954504, 49.56362], [5.954241, 49.56337], [5.954168, 49.5633], [5.954111, 49.563248], [5.954035, 49.563175], [5.953898, 49.563046], [5.95376, 49.562912], [5.953623, 49.56278], [5.953573, 49.56273], [5.953527, 49.562683], [5.953428, 49.56259], [5.953383, 49.56255], [5.953333, 49.562504], [5.953279, 49.56246], [5.953196, 49.562397], [5.953131, 49.562355], [5.953035, 49.562286], [5.952944, 49.562225], [5.952906, 49.562195], [5.952883, 49.56218], [5.952822, 49.562134], [5.952833, 49.562107], [5.952845, 49.562084], [5.952867, 49.56203], [5.952845, 49.562027], [5.952829, 49.562023], [5.952566, 49.561947], [5.952303, 49.561874], [5.952162, 49.561836], [5.952032, 49.561802], [5.951757, 49.561733], [5.95167, 49.56171], [5.951536, 49.561672], [5.951319, 49.561615], [5.951231, 49.5616], [5.951235, 49.561546], [5.951242, 49.561493], [5.951258, 49.56136], [5.951258, 49.561256], [5.951254, 49.561226], [5.951242, 49.561188], [5.951227, 49.561142], [5.951216, 49.561134], [5.951197, 49.56111], [5.951162, 49.561077], [5.95112, 49.561043], [5.951071, 49.561005], [5.950941, 49.560913], [5.950831, 49.560833], [5.950602, 49.560673], [5.950533, 49.560623], [5.950266, 49.560436], [5.95014, 49.56035], [5.949762, 49.560062], [5.949732, 49.560036], [5.949621, 49.55995], [5.949388, 49.559772], [5.948809, 49.559723], [5.948687, 49.55971], [5.948538, 49.5597], [5.94834, 49.55968], [5.947794, 49.5604], [5.947737, 49.560474], [5.947695, 49.560535], [5.94766, 49.56058], [5.947611, 49.56065], [5.947523, 49.56077], [5.947504, 49.56079], [5.947443, 49.560875], [5.947432, 49.56089], [5.947374, 49.560905], [5.947359, 49.56091], [5.947264, 49.560932], [5.947199, 49.560944], [5.946951, 49.560997], [5.946905, 49.56101], [5.946833, 49.561024], [5.946466, 49.5611], [5.946222, 49.56115], [5.945978, 49.561203], [5.945868, 49.56123], [5.945765, 49.561264], [5.945673, 49.561295], [5.945665, 49.5613], [5.945383, 49.56139], [5.94515, 49.561462], [5.945112, 49.561474], [5.945101, 49.561478], [5.945112, 49.561512], [5.945127, 49.56155], [5.944879, 49.56159], [5.944788, 49.561604], [5.944757, 49.561607], [5.944635, 49.561626], [5.944391, 49.561714], [5.944151, 49.5618], [5.944109, 49.561817], [5.943918, 49.561886], [5.943689, 49.561974], [5.943079, 49.562206], [5.943007, 49.562233], [5.942862, 49.56225], [5.942843, 49.56225], [5.942827, 49.562252], [5.94264, 49.562267], [5.942598, 49.562157], [5.942591, 49.56213], [5.942583, 49.562107], [5.942556, 49.562046], [5.942442, 49.56197], [5.942388, 49.56194], [5.942324, 49.56192], [5.942305, 49.561916], [5.942278, 49.561913], [5.942263, 49.56191], [5.942232, 49.5619], [5.942179, 49.56189], [5.942095, 49.56187], [5.942076, 49.56187], [5.942061, 49.561867], [5.942049, 49.561863], [5.942007, 49.561855], [5.94195, 49.56185], [5.941919, 49.561848], [5.941843, 49.561848], [5.941809, 49.561844], [5.941797, 49.561844], [5.941755, 49.561848], [5.941664, 49.561848], [5.941591, 49.56185], [5.941496, 49.561855], [5.941473, 49.56186], [5.941297, 49.561867], [5.941225, 49.561874], [5.941191, 49.56188], [5.941175, 49.56188], [5.941153, 49.561882], [5.941091, 49.561886], [5.941061, 49.56189], [5.94105, 49.561893], [5.941034, 49.561893], [5.940981, 49.561905], [5.940969, 49.56191], [5.940954, 49.561913], [5.940927, 49.561916], [5.940905, 49.561924], [5.940867, 49.56193], [5.940805, 49.561947], [5.940729, 49.56197], [5.940683, 49.56198], [5.94066, 49.56199], [5.940638, 49.56199], [5.940619, 49.561993], [5.940412, 49.561996], [5.940203, 49.562], [5.940199, 49.562057], [5.939714, 49.562046], [5.938902, 49.56199], [5.93841, 49.561935], [5.938208, 49.56191], [5.938044, 49.561886], [5.937918, 49.561867], [5.937658, 49.5618], [5.937422, 49.561718], [5.937437, 49.56167], [5.937235, 49.56159], [5.937036, 49.561504], [5.937147, 49.561077], [5.937181, 49.56095], [5.937189, 49.56093], [5.937197, 49.56092], [5.937197, 49.56091], [5.937216, 49.560867], [5.937315, 49.56057], [5.937418, 49.560276], [5.93746, 49.560158], [5.937464, 49.560143], [5.937544, 49.559933], [5.937578, 49.55985], [5.937609, 49.55976], [5.937635, 49.559692], [5.937662, 49.55962], [5.937696, 49.55954], [5.937727, 49.55946], [5.937506, 49.559372], [5.937429, 49.55934], [5.937376, 49.55932], [5.937212, 49.559254], [5.936697, 49.559044], [5.93646, 49.558956], [5.936308, 49.558895], [5.936262, 49.55888], [5.93622, 49.558865], [5.936079, 49.55881], [5.935286, 49.55853], [5.935217, 49.558502], [5.935186, 49.558495], [5.935167, 49.558487], [5.935099, 49.55846], [5.934683, 49.558315], [5.934214, 49.558147], [5.933806, 49.557957], [5.933638, 49.55788], [5.933561, 49.557846], [5.933313, 49.55774], [5.933283, 49.557728], [5.933241, 49.55771], [5.933226, 49.5577], [5.932722, 49.5575], [5.932665, 49.557476], [5.932589, 49.557446], [5.932455, 49.557392], [5.932295, 49.557323], [5.932135, 49.55726], [5.931925, 49.55717], [5.931826, 49.55713], [5.931791, 49.557117], [5.931715, 49.557083], [5.931601, 49.557056], [5.930918, 49.556877], [5.93086, 49.55686], [5.930746, 49.556835], [5.93067, 49.556816], [5.930544, 49.55679], [5.930494, 49.556778], [5.930418, 49.556763], [5.930162, 49.55671], [5.929968, 49.556667], [5.929773, 49.55663], [5.929575, 49.556583], [5.92951, 49.556572], [5.929426, 49.556553], [5.929377, 49.55654], [5.929102, 49.556484], [5.928827, 49.55643], [5.92877, 49.55642], [5.928526, 49.556366], [5.928221, 49.556305], [5.928167, 49.556282], [5.928118, 49.55626], [5.927988, 49.55621], [5.927755, 49.556114], [5.927744, 49.55611], [5.927488, 49.556034], [5.927225, 49.555958], [5.926908, 49.555862], [5.92663, 49.55578], [5.926603, 49.55577], [5.926588, 49.55577], [5.926554, 49.55576], [5.926363, 49.555702], [5.92613, 49.555634], [5.925951, 49.555584], [5.925928, 49.555576], [5.925905, 49.55557], [5.925852, 49.555553], [5.925833, 49.55555], [5.925806, 49.555542], [5.925776, 49.555534], [5.925596, 49.55551], [5.925455, 49.555496], [5.92544, 49.555492], [5.925428, 49.55549], [5.925413, 49.555485], [5.925402, 49.55548], [5.925383, 49.555477], [5.925325, 49.555466], [5.925196, 49.55543], [5.925161, 49.555424], [5.925138, 49.555416], [5.925123, 49.555412], [5.925112, 49.555412], [5.925074, 49.5554], [5.925062, 49.555397], [5.925051, 49.555397], [5.925039, 49.555393], [5.92502, 49.55539], [5.925005, 49.555386], [5.924856, 49.55535], [5.924803, 49.555336], [5.924791, 49.555336], [5.924765, 49.55533], [5.924726, 49.55532], [5.924704, 49.555313], [5.924662, 49.555305], [5.924555, 49.555283], [5.924509, 49.55527], [5.924479, 49.555267], [5.924444, 49.55526], [5.924433, 49.555256], [5.924383, 49.55525], [5.924173, 49.555202], [5.924082, 49.555187], [5.92407, 49.555187], [5.924059, 49.555183], [5.92404, 49.555183], [5.923986, 49.555172], [5.9238, 49.55514], [5.923784, 49.555176], [5.923777, 49.555187], [5.923765, 49.55521], [5.923735, 49.555206], [5.923723, 49.555206], [5.923708, 49.555202], [5.923651, 49.555195], [5.923475, 49.55518], [5.923254, 49.55516], [5.923178, 49.555157], [5.923056, 49.555145], [5.922934, 49.555134], [5.922907, 49.55513], [5.922751, 49.55512], [5.922518, 49.55509], [5.922106, 49.555046], [5.921923, 49.555027], [5.921835, 49.555016], [5.921717, 49.555], [5.921701, 49.554996], [5.921648, 49.55499], [5.921545, 49.554974], [5.921484, 49.554962], [5.921438, 49.554955], [5.921335, 49.554935], [5.921225, 49.55491], [5.921217, 49.55491], [5.921206, 49.554905], [5.921171, 49.554897], [5.921076, 49.55488], [5.921042, 49.55487], [5.921015, 49.554863], [5.920977, 49.554855], [5.920858, 49.554825], [5.92082, 49.554817], [5.920809, 49.554813], [5.920549, 49.55475], [5.920519, 49.554813], [5.920477, 49.554886], [5.920465, 49.554905], [5.920458, 49.55492], [5.920435, 49.55495], [5.920424, 49.554977], [5.920412, 49.555], [5.920404, 49.554996], [5.920382, 49.554993], [5.920298, 49.55497], [5.920183, 49.554935], [5.920065, 49.55491], [5.919947, 49.55488], [5.919729, 49.554817], [5.91963, 49.55479], [5.919386, 49.554726], [5.919355, 49.554714], [5.919306, 49.554703], [5.919252, 49.554688], [5.919161, 49.55466], [5.919066, 49.554638], [5.91905, 49.554634], [5.919043, 49.55463], [5.918966, 49.55461], [5.918863, 49.554585], [5.918684, 49.554535], [5.918673, 49.55453], [5.918646, 49.554523], [5.918611, 49.554516], [5.918451, 49.55447], [5.918318, 49.55443], [5.918295, 49.554424], [5.918139, 49.55438], [5.918043, 49.55435], [5.918001, 49.55434], [5.917852, 49.5543], [5.917761, 49.55427], [5.91773, 49.554264], [5.917719, 49.55426], [5.917711, 49.554256], [5.917696, 49.554253], [5.917562, 49.554214], [5.917406, 49.554165], [5.917181, 49.5541], [5.916952, 49.55403], [5.916918, 49.55402], [5.916754, 49.553974], [5.916555, 49.553913], [5.916521, 49.553947], [5.916449, 49.554016], [5.916353, 49.5541], [5.916098, 49.554337], [5.916071, 49.554367], [5.916044, 49.55439], [5.915194, 49.554386], [5.915102, 49.554382], [5.91501, 49.554375], [5.9149, 49.55437], [5.914877, 49.554367], [5.914831, 49.554367], [5.914625, 49.554348], [5.914595, 49.554348], [5.914526, 49.55434], [5.914515, 49.55434], [5.914488, 49.554337], [5.914465, 49.554337], [5.91432, 49.55432], [5.914297, 49.55432], [5.914289, 49.554317], [5.914106, 49.554302], [5.913843, 49.55427], [5.913786, 49.554264], [5.913771, 49.554264], [5.913744, 49.55426], [5.913729, 49.55426], [5.913717, 49.554256], [5.913694, 49.554256], [5.913584, 49.554245], [5.913321, 49.55421], [5.913061, 49.55418], [5.913004, 49.554173], [5.912912, 49.55416], [5.912817, 49.55415], [5.912756, 49.55414], [5.912744, 49.55414], [5.912691, 49.554127], [5.912619, 49.554115], [5.912611, 49.55411], [5.9126, 49.55411], [5.91255, 49.5541], [5.912481, 49.554085], [5.912466, 49.554085], [5.912424, 49.554073], [5.912397, 49.55407], [5.912382, 49.554066], [5.912371, 49.55406], [5.912355, 49.554058], [5.912321, 49.55405], [5.912268, 49.55404], [5.912233, 49.55403], [5.912203, 49.554024], [5.912195, 49.55402], [5.912157, 49.554012], [5.912142, 49.55401], [5.912119, 49.554], [5.912081, 49.55399], [5.912043, 49.553978], [5.912005, 49.553967], [5.91197, 49.553955], [5.91192, 49.55394], [5.911867, 49.55392], [5.911814, 49.553905], [5.911802, 49.553898], [5.911676, 49.553852], [5.911646, 49.553837], [5.9116, 49.55382], [5.911463, 49.55376], [5.911348, 49.553707], [5.911238, 49.553646], [5.911104, 49.553574], [5.911001, 49.55351], [5.91091, 49.55345], [5.910734, 49.553345], [5.910673, 49.553307], [5.910589, 49.553253], [5.910471, 49.553185], [5.910379, 49.553127], [5.910273, 49.55307], [5.91025, 49.553055], [5.910105, 49.552975], [5.910097, 49.55297], [5.910089, 49.552967], [5.910063, 49.55295], [5.909952, 49.552895], [5.909884, 49.55286], [5.909861, 49.55285], [5.909853, 49.552845], [5.909838, 49.552837], [5.90967, 49.552753], [5.909651, 49.552746], [5.909609, 49.552723], [5.909494, 49.55267], [5.909391, 49.55262], [5.90925, 49.552555], [5.90922, 49.55254], [5.909185, 49.552525], [5.90917, 49.552517], [5.909159, 49.552513], [5.909147, 49.552505], [5.909052, 49.552467], [5.908983, 49.552444], [5.908915, 49.55242], [5.908892, 49.552418], [5.908884, 49.552414], [5.908876, 49.552414], [5.908865, 49.55241], [5.908815, 49.552402], [5.908758, 49.552395], [5.908712, 49.55239], [5.90869, 49.55239], [5.908606, 49.552383], [5.908487, 49.55237], [5.908419, 49.55236], [5.908384, 49.55236], [5.908365, 49.552357], [5.908251, 49.552345], [5.908228, 49.55234], [5.908175, 49.552338], [5.908136, 49.552334], [5.908094, 49.552326], [5.908087, 49.552326], [5.90803, 49.552315], [5.90793, 49.5523], [5.907881, 49.552288], [5.907869, 49.552284], [5.907831, 49.55228], [5.907762, 49.552265], [5.907755, 49.552265], [5.907625, 49.552242], [5.907591, 49.55224], [5.90756, 49.55223], [5.907362, 49.5522], [5.907225, 49.552177], [5.907164, 49.55217], [5.907141, 49.552162], [5.907118, 49.552162], [5.907087, 49.552155], [5.907038, 49.55215], [5.907019, 49.552147], [5.907007, 49.552147], [5.906992, 49.552143], [5.906923, 49.552135], [5.906855, 49.552124], [5.906767, 49.552116], [5.906755, 49.552116], [5.906687, 49.55211], [5.906485, 49.55209], [5.90645, 49.552086], [5.906366, 49.552074], [5.906344, 49.552074], [5.906286, 49.552067], [5.906065, 49.552044], [5.906053, 49.55204], [5.906027, 49.55204], [5.905996, 49.552044], [5.905981, 49.552044], [5.905966, 49.552048], [5.90592, 49.552055], [5.905829, 49.552067], [5.905725, 49.552082], [5.90568, 49.55209], [5.905672, 49.55209], [5.905657, 49.552094], [5.905588, 49.5521], [5.905565, 49.552105], [5.905535, 49.55211], [5.905512, 49.552113], [5.905466, 49.55212], [5.905314, 49.55214], [5.905302, 49.552143], [5.905252, 49.55215], [5.905233, 49.55215], [5.905176, 49.552162], [5.90481, 49.55221], [5.904783, 49.552204], [5.904226, 49.552017], [5.903624, 49.55182], [5.903658, 49.551746], [5.903673, 49.55172], [5.903692, 49.551693], [5.903715, 49.55167], [5.903742, 49.551662], [5.903791, 49.55165], [5.903822, 49.55164], [5.903841, 49.551624], [5.903853, 49.551598], [5.903845, 49.5515], [5.903837, 49.551422], [5.903833, 49.55138], [5.903845, 49.55134], [5.903856, 49.551308], [5.903871, 49.55129], [5.903891, 49.551277], [5.903913, 49.551266], [5.903936, 49.551266], [5.903975, 49.55127], [5.904032, 49.551285], [5.90412, 49.55132], [5.904169, 49.551342], [5.904207, 49.551353], [5.90423, 49.551357], [5.904253, 49.551353], [5.904268, 49.551342], [5.904284, 49.551327], [5.904287, 49.551292], [5.90428, 49.551266], [5.904245, 49.55125], [5.904028, 49.55117], [5.903997, 49.55116], [5.903757, 49.551064], [5.903559, 49.550987], [5.903547, 49.550983], [5.90354, 49.550972], [5.90333, 49.550816], [5.902918, 49.550507], [5.902685, 49.550335], [5.90262, 49.550285], [5.902475, 49.55018], [5.902441, 49.55015], [5.902273, 49.55008], [5.902204, 49.55005], [5.901903, 49.549915], [5.901682, 49.54982], [5.90164, 49.5498], [5.901052, 49.549526], [5.900839, 49.549423], [5.90074, 49.549377], [5.900476, 49.549114], [5.900358, 49.548992], [5.899984, 49.548603], [5.899805, 49.548412], [5.899778, 49.54838], [5.899588, 49.548187], [5.899481, 49.548077], [5.89942, 49.548016], [5.899363, 49.547955], [5.899321, 49.547913], [5.899279, 49.54787], [5.899237, 49.54783], [5.899031, 49.547615], [5.899, 49.547585], [5.898958, 49.547535], [5.89876, 49.54732], [5.898748, 49.54731], [5.898664, 49.54722], [5.898638, 49.547188], [5.898596, 49.547146], [5.898539, 49.54708], [5.897104, 49.54691], [5.896807, 49.54687], [5.89638, 49.54682], [5.896185, 49.546795], [5.895975, 49.546776], [5.89596, 49.546776], [5.895617, 49.546753], [5.895262, 49.546738], [5.894934, 49.546715], [5.894213, 49.546673], [5.894136, 49.546665], [5.893465, 49.54659], [5.893225, 49.546562], [5.893114, 49.546547], [5.892763, 49.546505], [5.892229, 49.54644], [5.892122, 49.546425], [5.892042, 49.546417], [5.892016, 49.546413], [5.891867, 49.546406], [5.891844, 49.546402], [5.891714, 49.54639], [5.891703, 49.54639], [5.891466, 49.54636], [5.891161, 49.54632], [5.891127, 49.546318], [5.890783, 49.546276], [5.890699, 49.54627], [5.890051, 49.54619], [5.890051, 49.54621], [5.890043, 49.546246], [5.890036, 49.54631], [5.890001, 49.54653], [5.889994, 49.54657], [5.889509, 49.546535], [5.889219, 49.546513], [5.888998, 49.546494], [5.888968, 49.546494], [5.888651, 49.546467], [5.88838, 49.546448], [5.887999, 49.546432], [5.887743, 49.54642], [5.88764, 49.546425], [5.887548, 49.54643], [5.887434, 49.54644], [5.886889, 49.546516], [5.886686, 49.546547], [5.886332, 49.546616], [5.885401, 49.546787], [5.885317, 49.546803], [5.88529, 49.547], [5.885611, 49.548088], [5.885656, 49.548355], [5.885672, 49.548615], [5.885668, 49.548798], [5.885649, 49.548946], [5.885622, 49.549225], [5.885527, 49.54959], [5.885321, 49.549908], [5.885141, 49.550117], [5.885057, 49.55021], [5.885042, 49.550236], [5.885096, 49.5504], [5.885118, 49.550476], [5.885199, 49.5507], [5.885309, 49.55104], [5.885347, 49.5511], [5.885382, 49.55113], [5.885439, 49.55116], [5.885481, 49.551197], [5.885561, 49.551292], [5.885717, 49.551502], [5.885794, 49.551617], [5.885939, 49.55183], [5.886137, 49.552174], [5.886248, 49.552467], [5.886511, 49.553135], [5.886579, 49.553288], [5.88653, 49.553333], [5.886408, 49.553448], [5.886332, 49.553295], [5.886206, 49.5533], [5.88632, 49.553528], [5.886236, 49.55362], [5.886194, 49.553673], [5.886141, 49.553802], [5.886129, 49.55384], [5.886087, 49.55396], [5.886061, 49.55407], [5.886049, 49.554134], [5.886049, 49.55418], [5.886053, 49.554226], [5.886057, 49.554264], [5.886072, 49.55431], [5.886091, 49.55435], [5.886099, 49.55437], [5.886129, 49.55442], [5.886145, 49.554447], [5.886221, 49.554565], [5.886457, 49.55489], [5.886534, 49.554993], [5.886606, 49.555077], [5.886622, 49.555084], [5.886675, 49.55513], [5.886675, 49.5552], [5.886705, 49.555275], [5.886743, 49.55535], [5.886866, 49.55551], [5.886957, 49.555607], [5.88714, 49.555912], [5.887304, 49.556248], [5.887384, 49.556515], [5.887426, 49.55679], [5.887434, 49.557014], [5.887426, 49.55709], [5.887384, 49.55717], [5.887236, 49.557293], [5.887056, 49.557446], [5.886957, 49.557545], [5.886724, 49.55783], [5.886541, 49.558136], [5.886473, 49.55823], [5.886209, 49.55817], [5.885786, 49.55866], [5.885489, 49.55912], [5.885397, 49.55929], [5.885332, 49.559494], [5.885302, 49.559734], [5.885282, 49.56003], [5.885355, 49.56003], [5.885363, 49.560196], [5.88537, 49.560265], [5.885385, 49.560314], [5.885397, 49.560356], [5.885416, 49.560413], [5.885397, 49.56047], [5.885489, 49.56063], [5.885571, 49.560736], [5.885625, 49.560799], [5.885771, 49.560925], [5.885775, 49.56107], [5.885717, 49.56208], [5.885691, 49.56208], [5.885538, 49.562073], [5.885233, 49.562057], [5.884996, 49.562057], [5.884817, 49.56206], [5.884615, 49.562077], [5.884367, 49.562107], [5.884047, 49.562153], [5.88397, 49.562157], [5.883799, 49.56217], [5.883654, 49.562176], [5.883406, 49.562172], [5.883326, 49.56217], [5.883219, 49.562145], [5.883089, 49.562107], [5.883001, 49.562084], [5.88278, 49.562004], [5.882586, 49.561916], [5.882524, 49.56189], [5.882376, 49.56177], [5.88236, 49.561756], [5.882238, 49.561687], [5.882055, 49.56161], [5.882032, 49.561634], [5.881929, 49.56165], [5.881868, 49.56166], [5.881735, 49.56168], [5.881628, 49.56169], [5.881472, 49.5617], [5.881338, 49.561703], [5.881201, 49.5617], [5.881002, 49.561684], [5.880854, 49.56167], [5.880728, 49.561653], [5.880655, 49.56164], [5.880629, 49.561634], [5.88056, 49.56162], [5.880491, 49.561604], [5.880407, 49.56157], [5.880369, 49.56155], [5.880339, 49.56153], [5.880304, 49.561497], [5.880293, 49.56148], [5.880381, 49.561424], [5.880343, 49.561367], [5.880308, 49.561317], [5.880281, 49.56128], [5.880243, 49.56124], [5.880209, 49.561226], [5.880171, 49.561214], [5.88014, 49.56121], [5.880102, 49.561214], [5.880041, 49.561222], [5.879785, 49.56127], [5.879549, 49.56131], [5.879518, 49.561314], [5.879408, 49.561314], [5.879274, 49.561287], [5.879076, 49.561287], [5.8789, 49.561275], [5.878813, 49.56126], [5.878634, 49.561222], [5.878462, 49.561165], [5.878363, 49.561108], [5.878324, 49.56107], [5.878294, 49.561035], [5.878237, 49.56091], [5.878229, 49.56072], [5.878202, 49.560642], [5.878153, 49.560574], [5.878092, 49.560528], [5.878027, 49.560486], [5.877924, 49.5604], [5.877882, 49.56026], [5.877817, 49.560173], [5.877741, 49.560104], [5.877665, 49.56005], [5.877569, 49.560013], [5.877485, 49.559994], [5.877378, 49.559994], [5.877142, 49.560017], [5.876993, 49.56004], [5.876806, 49.56006], [5.876661, 49.560043], [5.876524, 49.56001], [5.876391, 49.559948], [5.876146, 49.559814], [5.876017, 49.559765], [5.875853, 49.55974], [5.87565, 49.559734], [5.875418, 49.55976], [5.875246, 49.559776], [5.875143, 49.559784], [5.875128, 49.559807], [5.875101, 49.55984], [5.874781, 49.560284], [5.874365, 49.560856], [5.874342, 49.560886], [5.874197, 49.56108], [5.874174, 49.561115], [5.874124, 49.561184], [5.87409, 49.561234], [5.87509, 49.561405], [5.875078, 49.561447], [5.874891, 49.561996], [5.874777, 49.56229], [5.874712, 49.562454], [5.874563, 49.562798], [5.874361, 49.563255], [5.87435, 49.563282], [5.874227, 49.56355], [5.874147, 49.56353], [5.873911, 49.563747], [5.873636, 49.56401], [5.873621, 49.564026], [5.873556, 49.564087], [5.873529, 49.564114], [5.873434, 49.5642], [5.873377, 49.564255], [5.873323, 49.5643], [5.873285, 49.56434], [5.87322, 49.564392], [5.873117, 49.564476], [5.873053, 49.56453], [5.872988, 49.564575], [5.872965, 49.564594], [5.872923, 49.564625], [5.87287, 49.564663], [5.872839, 49.564686], [5.872824, 49.564693], [5.872793, 49.564716], [5.872755, 49.564743], [5.872545, 49.564888], [5.872511, 49.56491], [5.872496, 49.564922], [5.872435, 49.56496], [5.872339, 49.56503], [5.872053, 49.5649], [5.871881, 49.565083], [5.871759, 49.56521], [5.871721, 49.565254], [5.871565, 49.565422], [5.871531, 49.565456], [5.871298, 49.56571], [5.871267, 49.56574], [5.871038, 49.56565], [5.871031, 49.56574], [5.871019, 49.565918], [5.871015, 49.565945], [5.870997, 49.566143], [5.870997, 49.56616], [5.870974, 49.566364], [5.870958, 49.566483], [5.870958, 49.56652], [5.870939, 49.56661], [5.870935, 49.566635], [5.870905, 49.566803], [5.870863, 49.567], [5.870855, 49.567055], [5.870836, 49.567104], [5.870806, 49.567165], [5.870832, 49.567184], [5.870657, 49.5674], [5.870501, 49.567596], [5.870447, 49.56766], [5.870409, 49.567707], [5.870359, 49.56777], [5.87031, 49.56783], [5.870275, 49.56787], [5.870249, 49.567905], [5.870213, 49.567948], [5.870172, 49.567997], [5.870146, 49.56803], [5.870127, 49.568058], [5.870161, 49.56808], [5.870054, 49.568184], [5.869974, 49.568253], [5.869955, 49.56827], [5.869928, 49.5683], [5.869867, 49.568367], [5.869806, 49.568443], [5.869783, 49.56847], [5.869738, 49.568516], [5.869722, 49.56853], [5.869604, 49.568634], [5.869345, 49.568855], [5.869215, 49.568962], [5.869123, 49.56902], [5.868982, 49.569115], [5.868895, 49.56917], [5.868868, 49.56919], [5.868776, 49.569252], [5.8687, 49.5693], [5.86857, 49.569386], [5.868471, 49.569447], [5.868296, 49.569565], [5.868185, 49.569637], [5.868059, 49.569717], [5.868002, 49.56975], [5.867983, 49.569767], [5.867941, 49.569794], [5.867926, 49.569805], [5.86788, 49.569836], [5.867853, 49.56985], [5.867788, 49.569893], [5.867624, 49.57], [5.867502, 49.570076], [5.867422, 49.57013], [5.867392, 49.570152], [5.867353, 49.57017], [5.867285, 49.570213], [5.86717, 49.570282], [5.867132, 49.57031], [5.867094, 49.570335], [5.867071, 49.570354], [5.866999, 49.570408], [5.866934, 49.570465], [5.866896, 49.57049], [5.866861, 49.57052], [5.866812, 49.57056], [5.86672, 49.570637], [5.866693, 49.570656], [5.866613, 49.57072], [5.86659, 49.57074], [5.866556, 49.570766], [5.866514, 49.5708], [5.866449, 49.570854], [5.866392, 49.570896], [5.866259, 49.571007], [5.866224, 49.571033], [5.866156, 49.57109], [5.866015, 49.571205], [5.865927, 49.571274], [5.865892, 49.5713], [5.865843, 49.57134], [5.865614, 49.571518], [5.865587, 49.571537], [5.865545, 49.571568], [5.865496, 49.571606], [5.865442, 49.571644], [5.865347, 49.571716], [5.866384, 49.57235], [5.867456, 49.573055], [5.867495, 49.573082], [5.867456, 49.573254], [5.867659, 49.573395], [5.867693, 49.573418], [5.867735, 49.57345], [5.868006, 49.573643], [5.868448, 49.57343], [5.868776, 49.57328], [5.868891, 49.57333], [5.868902, 49.573334], [5.869261, 49.57348], [5.869436, 49.57355], [5.869841, 49.573708], [5.870012, 49.573772], [5.870165, 49.57383], [5.870279, 49.573868], [5.870398, 49.5739], [5.870516, 49.57392], [5.870649, 49.573948], [5.870798, 49.573967], [5.871218, 49.57401], [5.871874, 49.57408], [5.872259, 49.574173], [5.872801, 49.574295], [5.872404, 49.57518], [5.872324, 49.575245], [5.872248, 49.575306], [5.872168, 49.57536], [5.872091, 49.57541], [5.87195, 49.575485], [5.87137, 49.575783], [5.871023, 49.575993], [5.87068, 49.576208], [5.870592, 49.576258], [5.869745, 49.57678], [5.870375, 49.577212], [5.871141, 49.577738], [5.871355, 49.578135], [5.871622, 49.578665], [5.871759, 49.57894], [5.87182, 49.579042], [5.87192, 49.5791], [5.87192, 49.579268], [5.871923, 49.57939], [5.871923, 49.57963], [5.871714, 49.579672], [5.87145, 49.579729], [5.871157, 49.579805], [5.87084, 49.579767], [5.870577, 49.579742], [5.870466, 49.579742], [5.870359, 49.579744], [5.870291, 49.579748], [5.870138, 49.579748], [5.868967, 49.579682], [5.868403, 49.579847], [5.868105, 49.579982], [5.867937, 49.580042], [5.867064, 49.580362], [5.866884, 49.580402], [5.866869, 49.580372], [5.866434, 49.580465], [5.866007, 49.580557], [5.866037, 49.58058], [5.866392, 49.580822], [5.866625, 49.580984], [5.866991, 49.581122], [5.86735, 49.581262], [5.867433, 49.581302], [5.867712, 49.581472], [5.867857, 49.581572], [5.867975, 49.581659], [5.868071, 49.58174], [5.868116, 49.581789], [5.868189, 49.581896], [5.868284, 49.582068], [5.868376, 49.582228], [5.869177, 49.582579], [5.869299, 49.582628], [5.869856, 49.582842], [5.870203, 49.582862], [5.870691, 49.582892], [5.870974, 49.582914], [5.871279, 49.582968], [5.872061, 49.583112], [5.872393, 49.583162], [5.872538, 49.583159], [5.872637, 49.583162], [5.87269, 49.583166], [5.872717, 49.583182], [5.872797, 49.583252], [5.873255, 49.583609], [5.873255, 49.583628], [5.87324, 49.583689], [5.873209, 49.583788], [5.873178, 49.583882], [5.873144, 49.583972], [5.873117, 49.584025], [5.873098, 49.584059], [5.873068, 49.584116], [5.872911, 49.584362], [5.872751, 49.584585], [5.872622, 49.584776], [5.872549, 49.584872], [5.872415, 49.585052], [5.872236, 49.585264], [5.872023, 49.585512], [5.871843, 49.585712], [5.871721, 49.585878], [5.87163, 49.586008], [5.871553, 49.586142], [5.871534, 49.586207], [5.871469, 49.586502], [5.871462, 49.586584], [5.871469, 49.586729], [5.871473, 49.586842], [5.871481, 49.586966], [5.871496, 49.587065], [5.871523, 49.587229], [5.871523, 49.587446], [5.871512, 49.587522], [5.871496, 49.587637], [5.871481, 49.587736], [5.871462, 49.587778], [5.87145, 49.587792], [5.871405, 49.587852], [5.871351, 49.587916], [5.871294, 49.587988], [5.871244, 49.588049], [5.871206, 49.588092], [5.871046, 49.588289], [5.870928, 49.588415], [5.870806, 49.588522], [5.870646, 49.588648], [5.870466, 49.588759], [5.869772, 49.589209], [5.869513, 49.589018], [5.869318, 49.588877], [5.869089, 49.588712], [5.868517, 49.589102], [5.868162, 49.589339], [5.867957, 49.589502], [5.867781, 49.589647], [5.867189, 49.589388], [5.867025, 49.58927], [5.866155, 49.588632], [5.865999, 49.588514], [5.865873, 49.588427], [5.866301, 49.588156], [5.865995, 49.587995], [5.865911, 49.587946], [5.865858, 49.587912], [5.865553, 49.587725], [5.865213, 49.587507], [5.865245, 49.587488], [5.865427, 49.587366], [5.865175, 49.587217], [5.864965, 49.587088], [5.864843, 49.587], [5.864721, 49.586908], [5.864606, 49.586809], [5.864519, 49.586718], [5.864302, 49.586477], [5.864084, 49.586588], [5.864004, 49.586622], [5.863924, 49.586649], [5.863882, 49.586661], [5.863821, 49.586672], [5.863764, 49.586672], [5.863672, 49.586668], [5.863607, 49.586656], [5.863535, 49.586641], [5.86347, 49.586622], [5.863317, 49.586622], [5.863287, 49.586607], [5.863275, 49.586599], [5.863188, 49.586538], [5.862921, 49.586279], [5.86289, 49.586294], [5.86204, 49.586836], [5.861269, 49.586482], [5.861063, 49.586599], [5.861002, 49.58663], [5.860887, 49.586588], [5.860823, 49.586569], [5.860739, 49.586557], [5.860712, 49.586546], [5.860666, 49.586516], [5.860628, 49.586492], [5.860594, 49.586477], [5.860498, 49.586439], [5.86046, 49.586422], [5.860426, 49.586397], [5.860392, 49.586374], [5.860354, 49.586359], [5.860296, 49.58634], [5.860201, 49.58631], [5.860159, 49.586294], [5.860136, 49.586282], [5.860106, 49.586256], [5.860079, 49.586237], [5.860041, 49.586229], [5.859968, 49.586222], [5.859919, 49.586207], [5.859861, 49.586192], [5.859804, 49.586172], [5.859762, 49.586165], [5.85972, 49.586157], [5.859671, 49.586142], [5.859652, 49.586122], [5.859613, 49.5861], [5.859579, 49.586077], [5.859537, 49.586052], [5.85951, 49.586035], [5.859476, 49.586027], [5.859449, 49.586027], [5.859426, 49.586035], [5.859388, 49.586046], [5.859354, 49.586054], [5.859327, 49.586058], [5.859289, 49.586054], [5.85911, 49.586027], [5.859041, 49.586022], [5.858938, 49.586022], [5.858694, 49.586027], [5.858637, 49.586035], [5.858526, 49.586062], [5.858446, 49.586084], [5.858335, 49.586107], [5.858259, 49.586122], [5.858221, 49.586126], [5.858152, 49.586126], [5.858065, 49.586119], [5.857981, 49.586115], [5.857939, 49.586119], [5.857893, 49.586122], [5.857843, 49.586134], [5.857779, 49.586138], [5.857683, 49.586138], [5.857504, 49.586134], [5.85737, 49.586123], [5.857226, 49.586111], [5.857054, 49.586104], [5.856901, 49.586096], [5.856814, 49.586092], [5.85668, 49.586092], [5.856637, 49.5861], [5.856504, 49.586138], [5.856375, 49.586172], [5.856302, 49.586199], [5.856135, 49.586256], [5.856012, 49.586294], [5.855943, 49.586313], [5.855818, 49.586344], [5.855707, 49.586382], [5.855581, 49.586428], [5.855508, 49.586451], [5.855448, 49.58647], [5.855346, 49.586492], [5.855261, 49.586512], [5.855211, 49.586531], [5.855177, 49.58655], [5.855146, 49.586565], [5.855093, 49.58658], [5.855005, 49.586592], [5.854891, 49.586615], [5.854784, 49.586638], [5.8547, 49.586657], [5.854635, 49.586661], [5.854574, 49.586668], [5.854525, 49.58668], [5.85446, 49.586691], [5.854383, 49.58671], [5.854326, 49.586718], [5.854196, 49.586741], [5.85396, 49.586782], [5.853811, 49.586817], [5.853677, 49.586851], [5.853479, 49.586905], [5.853331, 49.586935], [5.853285, 49.586954], [5.853247, 49.586962], [5.853209, 49.586966], [5.853163, 49.586962], [5.853129, 49.586951], [5.853068, 49.586928], [5.853021, 49.586908], [5.852976, 49.586889], [5.852919, 49.586878], [5.852857, 49.58687], [5.852812, 49.586874], [5.852675, 49.586889], [5.85264, 49.586893], [5.852606, 49.586897], [5.852552, 49.586893], [5.852468, 49.586885], [5.852377, 49.586882], [5.852308, 49.586882], [5.852258, 49.586886], [5.852213, 49.586897], [5.852155, 49.586912], [5.852087, 49.586923], [5.852025, 49.586931], [5.851934, 49.586939], [5.85182, 49.586943], [5.851706, 49.586954], [5.851637, 49.586966], [5.851507, 49.586985], [5.851397, 49.587004], [5.851336, 49.587008], [5.851301, 49.587004], [5.851248, 49.586992], [5.851202, 49.586988], [5.851129, 49.586996], [5.851034, 49.587008], [5.850958, 49.587015], [5.850893, 49.587019], [5.850832, 49.587019], [5.850763, 49.587011], [5.850714, 49.587], [5.850672, 49.586992], [5.850622, 49.586988], [5.850557, 49.586988], [5.8505, 49.586992], [5.850451, 49.586996], [5.850404, 49.586996], [5.850332, 49.586988], [5.850246, 49.586977], [5.850206, 49.586973], [5.850176, 49.586969], [5.850111, 49.586954], [5.850078, 49.586948], [5.850069, 49.586947], [5.850054, 49.587034], [5.850023, 49.587236], [5.850008, 49.587435], [5.850008, 49.587555], [5.850008, 49.587614], [5.850031, 49.587786], [5.85005, 49.587828], [5.850084, 49.587885], [5.850134, 49.587957], [5.850187, 49.588045], [5.850224, 49.588112], [5.850241, 49.588156], [5.850244, 49.588209], [5.850241, 49.588247], [5.849966, 49.588625], [5.849806, 49.588778], [5.849691, 49.588892], [5.849615, 49.588972], [5.849546, 49.589068], [5.84942, 49.589327], [5.849241, 49.589739], [5.849184, 49.589869], [5.849131, 49.589968], [5.848965, 49.59019], [5.848799, 49.590429], [5.848783, 49.590494], [5.848761, 49.59091], [5.848726, 49.591282], [5.848677, 49.591932], [5.848638, 49.592226], [5.848589, 49.592572], [5.848558, 49.592726], [5.848475, 49.593084], [5.848406, 49.593458], [5.848398, 49.593582], [5.848408, 49.593658], [5.84841, 49.593672], [5.848432, 49.593756], [5.848467, 49.593832], [5.848497, 49.593857], [5.848551, 49.593895], [5.8486, 49.593925], [5.848623, 49.593952], [5.848658, 49.594097], [5.848669, 49.59422], [5.848669, 49.59432], [5.84865, 49.594402], [5.848616, 49.594486], [5.848475, 49.59472], [5.848276, 49.595024], [5.84791, 49.595566], [5.847837, 49.595676], [5.847796, 49.595753], [5.847776, 49.5958], [5.847769, 49.595844]]]]}}]}